operation,target,to,where,exec_time(nanoSec)
Move_Component_New_Node,CashDeskGUI,New-Node_puuvxqzecc,,1267124400
UMLCloneNode,New-Node_puuvxqzecc,New-Node_puuvxqzecc_cfwaekvfhc,,625277977
Move_Operation_Component,getMeanTimeToDelivery,Persistence,,475374871
Move_Operation_New_Component_New_Node,getProductWithStockItem,New-Component_mbaoylwuqb,New-Node_zizrfoodqi,828484168
UMLCloneNode,CashBox,CashBox_zgzzcvkfjb,,628439405
UMLCloneNode,EnterpriseServer,EnterpriseServer_kijeryllwo,,581379115
Move_Component_New_Node,CashBoxController,New-Node_vqdtnjedcd,,534699438
Move_Operation_Component,productBarCodeScannedEvent,Enterprise,,318657508
UMLCloneNode,Printer,Printer_rmkxoagcfq,,470351782
Move_Operation_Component,getProductWithStockItem,AppStore,,364451415
Move_Operation_New_Component_New_Node,scanProduct,New-Component_kgsmalvowv,New-Node_ekvubtgbuq,940543926
Move_Component_New_Node,PrinterController,New-Node_vcjcytpkjs,,584566280
UMLCloneNode,EnterpriseServer,EnterpriseServer_yblzvuqrlc,,500064094
Move_Operation_Component,getMeanTimeToDelivery,CashDeskGUI,,340854649
UMLCloneNode,CashDeskPC,CashDeskPC_yxpulhvxns,,628361299
UMLCloneNode,LightDisplay,LightDisplay_rxpqopxsil,,405663920
Move_Component_New_Node,GUIReporting,New-Node_uazvpauauh,,479770653
UMLCloneNode,CashBox,CashBox_qrlbfmzmyc,,400557054
Move_Operation_New_Component_New_Node,enterOrderID,New-Component_jkmexunelm,New-Node_qdaatfyamv,600753933
Move_Operation_Component,scanProduct,Enterprise,,217010395
Move_Operation_Component,queryOrderById,CashDeskGUI,,263618057
UMLCloneNode,CashBox,CashBox_dzcannhyfz,,402326632
UMLCloneNode,CashBox,CashBox_pvvioivook,,407551559
Move_Operation_New_Component_New_Node,rollInReceivedOrder,New-Component_htptwtywgt,New-Node_ftkzyqpzom,557866217
Move_Component_New_Node,Reporting,New-Node_ztqnkllvjs,,485646581
Move_Operation_Component,getTransactionContext,Reporting,,269613679
Move_Operation_New_Component_New_Node,enterOrderID,New-Component_fjullchefc,New-Node_axjuhsghxm,503773300
UMLCloneNode,New-Node_yajvawmtel,New-Node_yajvawmtel_etktjkypmp,,194619010
UMLCloneNode,EnterpriseClient,EnterpriseClient_rtelztfkbi,,404864551
Move_Component_New_Node,CashDeskApplication,New-Node_dxlyghmyxb,,427518258
Move_Operation_New_Component_New_Node,rollInReceivedOrder,New-Component_qyuxpifmfe,New-Node_hboviwnmvc,603858655
Move_Operation_New_Component_New_Node,saleStartedEvent,New-Component_ztjckmlvvq,New-Node_olthurhbvs,533678814
UMLCloneNode,StoreServer,StoreServer_zmqtgxldcq,,386805238
Move_Operation_Component,enterOrderID,Reporting,,219430843
Move_Component_New_Node,ScannerController,New-Node_gfzrswiwkp,,414853601
UMLCloneNode,LightDisplay,LightDisplay_rrvxbseajf,,383318692
Move_Operation_Component,queryOrderById,GUIReporting,,232659328
UMLCloneNode,EnterpriseServer,EnterpriseServer_cazlsqitda,,370518350
UMLCloneNode,CashDeskPC,CashDeskPC_qyaiqtaevl,,419743129
Move_Component_New_Node,ScannerController,New-Node_maxcgutkmo,,483151312
UMLCloneNode,EnterpriseServer,EnterpriseServer_dtndttnfer,,329789501
Move_Operation_Component,getTransaction,DataStore,,218863961
UMLCloneNode,LightDisplay,LightDisplay_npjuudqygd,,330121845
Move_Component_New_Node,Enterprise,New-Node_vwarmgviui,,398127519
Move_Component_New_Node,Inventory,New-Node_lapzxzvbca,,408495319
Move_Operation_New_Component_New_Node,saleStartedEvent,New-Component_tfqmpingcq,New-Node_sriqndixaq,476537351
Move_Operation_New_Component_New_Node,printRunningTotal,New-Component_zhtjikjgkt,New-Node_cuurugeqhh,474737396
Move_Operation_New_Component_New_Node,queryStockItem,New-Component_zxvagbnvgj,New-Node_wabzihzmtq,489061404
Move_Component_New_Node,DataStore,New-Node_zfpwtcquzo,,457340195
UMLCloneNode,CashDeskPC,CashDeskPC_mcarilbxvz,,371051811
UMLCloneNode,LightDisplay,LightDisplay_ondwnjrnts,,326214027
UMLCloneNode,EnterpriseClient,EnterpriseClient_rmqujwagnd,,365192995
Move_Operation_Component,printRunningTotal,Reporting,,235296292
UMLCloneNode,CashDeskPC,CashDeskPC_tmswbyutzm,,340235679
UMLCloneNode,EnterpriseClient,EnterpriseClient_yyljbuzhgw,,377442012
Move_Operation_New_Component_New_Node,saleStartedEvent,New-Component_fwhdsjqskv,New-Node_pchksleznn,493245049
UMLCloneNode,BarCodeScanner,BarCodeScanner_blvokhnnfe,,398539541
UMLCloneNode,BarCodeScanner_blvokhnnfe,BarCodeScanner_blvokhnnfe_bffkqnvepx,,370321571
Move_Component_New_Node,CashDeskGUI,New-Node_taasskwwwe,,425006538
UMLCloneNode,BarCodeScanner_blvokhnnfe_bffkqnvepx,BarCodeScanner_blvokhnnfe_bffkqnvepx_pfhlfyodel,,355661783
Move_Operation_Component,createReport,CashDeskApplication,,251383987
Move_Component_New_Node,AppStore,New-Node_nyrmxlpvje,,410775885
UMLCloneNode,CashBox,CashBox_icndnfbotz,,416591229
Move_Operation_New_Component_New_Node,getTransaction,New-Component_unaillxuci,New-Node_lqaexdslko,474800634
Move_Component_New_Node,GUIReporting,New-Node_uazvpauauh,,461068416
UMLCloneNode,CashBox,CashBox_qrlbfmzmyc,,398623549
Move_Operation_New_Component_New_Node,enterOrderID,New-Component_jkmexunelm,New-Node_qdaatfyamv,594021219
Move_Operation_Component,scanProduct,Enterprise,,215724965
Move_Operation_Component,printRunningTotal,Reporting,,243483944
UMLCloneNode,CashDeskPC,CashDeskPC_tmswbyutzm,,373542150
UMLCloneNode,EnterpriseClient,EnterpriseClient_yyljbuzhgw,,352222124
Move_Operation_New_Component_New_Node,saleStartedEvent,New-Component_fwhdsjqskv,New-Node_pchksleznn,493526857
UMLCloneNode,CashBox,CashBox_zgzzcvkfjb,,334046674
UMLCloneNode,EnterpriseServer,EnterpriseServer_kijeryllwo,,349874121
Move_Component_New_Node,CashBoxController,New-Node_vqdtnjedcd,,394350817
Move_Operation_Component,productBarCodeScannedEvent,Enterprise,,253544528
Move_Operation_New_Component_New_Node,getMeanTimeToDeliveryReport,New-Component_xofoofijcw,New-Node_uslfqvihan,505834424
UMLCloneNode,CashDeskPC,CashDeskPC_mcarilbxvz,,309639389
UMLCloneNode,LightDisplay,LightDisplay_ondwnjrnts,,323542969
UMLCloneNode,EnterpriseClient,EnterpriseClient_rmqujwagnd,,312820233
Move_Component_New_Node,Reporting,New-Node_ztqnkllvjs,,403404373
Move_Operation_Component,getTransactionContext,Reporting,,198557144
Move_Operation_New_Component_New_Node,enterOrderID,New-Component_fjullchefc,New-Node_axjuhsghxm,456263817
UMLCloneNode,New-Node_yajvawmtel,New-Node_yajvawmtel_etktjkypmp,,168809546
UMLCloneNode,LightDisplay,LightDisplay_wrectnizfq,,382764131
Move_Operation_Component,getProductWithStockItem,AppStore,,273167673
Move_Operation_New_Component_New_Node,scanProduct,New-Component_kgsmalvowv,New-Node_ekvubtgbuq,558846986
Move_Component_New_Node,PrinterController,New-Node_vcjcytpkjs,,493290034
Move_Component_New_Node,CashDeskGUI,New-Node_puuvxqzecc,,437976768
UMLCloneNode,New-Node_puuvxqzecc,New-Node_puuvxqzecc_cfwaekvfhc,,364811870
Move_Operation_Component,getMeanTimeToDelivery,Persistence,,226980139
Move_Operation_New_Component_New_Node,getProductWithStockItem,New-Component_mbaoylwuqb,New-Node_zizrfoodqi,601132212
Move_Component_New_Node,DataStore,New-Node_zfpwtcquzo,,447994531
UMLCloneNode,CashDeskPC,CashDeskPC_mcarilbxvz,,413692985
UMLCloneNode,LightDisplay,LightDisplay_ondwnjrnts,,420931467
UMLCloneNode,EnterpriseClient,EnterpriseClient_rmqujwagnd,,434603163
Move_Component_New_Node,Inventory,New-Node_lapzxzvbca,,471089817
Move_Operation_New_Component_New_Node,saleStartedEvent,New-Component_tfqmpingcq,New-Node_sriqndixaq,585199337
Move_Operation_New_Component_New_Node,printRunningTotal,New-Component_zhtjikjgkt,New-Node_cuurugeqhh,541228981
Move_Operation_New_Component_New_Node,queryStockItem,New-Component_zxvagbnvgj,New-Node_wabzihzmtq,474310305
UMLCloneNode,EnterpriseServer,EnterpriseServer_yblzvuqrlc,,382739094
Move_Operation_Component,getMeanTimeToDelivery,CashDeskGUI,,189183759
UMLCloneNode,CashDeskPC,CashDeskPC_yxpulhvxns,,321912511
UMLCloneNode,LightDisplay,LightDisplay_rxpqopxsil,,353173949
UMLCloneNode,EnterpriseServer,EnterpriseServer_yblzvuqrlc,,327717967
Move_Operation_Component,getMeanTimeToDelivery,CashDeskGUI,,171394924
UMLCloneNode,CashDeskPC,CashDeskPC_yxpulhvxns,,308844068
UMLCloneNode,LightDisplay,LightDisplay_rxpqopxsil,,333456217
Move_Component_New_Node,CashDeskGUI,New-Node_puuvxqzecc,,453072052
UMLCloneNode,New-Node_puuvxqzecc,New-Node_puuvxqzecc_cfwaekvfhc,,380294882
Move_Operation_Component,getMeanTimeToDelivery,Persistence,,254005373
Move_Operation_New_Component_New_Node,getProductWithStockItem,New-Component_mbaoylwuqb,New-Node_zizrfoodqi,607956679
UMLCloneNode,BarCodeScanner,BarCodeScanner_blvokhnnfe,,455621793
UMLCloneNode,BarCodeScanner_blvokhnnfe,BarCodeScanner_blvokhnnfe_bffkqnvepx,,399267887
Move_Component_New_Node,CashDeskGUI,New-Node_taasskwwwe,,478723510
UMLCloneNode,BarCodeScanner_blvokhnnfe_bffkqnvepx,BarCodeScanner_blvokhnnfe_bffkqnvepx_pfhlfyodel,,393806426
Move_Component_New_Node,GUIReporting,New-Node_uazvpauauh,,457618587
UMLCloneNode,CashBox,CashBox_qrlbfmzmyc,,399675551
Move_Operation_New_Component_New_Node,enterOrderID,New-Component_jkmexunelm,New-Node_qdaatfyamv,477526385
Move_Operation_Component,scanProduct,Enterprise,,240240994
UMLCloneNode,EnterpriseServer,EnterpriseServer_yblzvuqrlc,,409038577
Move_Operation_Component,getMeanTimeToDelivery,CashDeskGUI,,263657009
UMLCloneNode,CashDeskPC,CashDeskPC_yxpulhvxns,,420875993
UMLCloneNode,LightDisplay,LightDisplay_rxpqopxsil,,450640774
Move_Operation_Component,queryOrderById,CashDeskGUI,,322247570
UMLCloneNode,CashBox,CashBox_dzcannhyfz,,347177595
UMLCloneNode,CashBox,CashBox_pvvioivook,,372364883
Move_Operation_New_Component_New_Node,rollInReceivedOrder,New-Component_htptwtywgt,New-Node_ftkzyqpzom,561179759
UMLCloneNode,StoreServer,StoreServer_zmqtgxldcq,,450471025
Move_Operation_Component,enterOrderID,Reporting,,304752896
Move_Component_New_Node,ScannerController,New-Node_gfzrswiwkp,,466636616
UMLCloneNode,StoreServer,StoreServer_jwltdxqgey,,388447969
UMLCloneNode,LightDisplay,LightDisplay_wrectnizfq,,412870352
Move_Operation_Component,getProductWithStockItem,AppStore,,274828457
Move_Operation_New_Component_New_Node,scanProduct,New-Component_kgsmalvowv,New-Node_ekvubtgbuq,609844889
Move_Component_New_Node,PrinterController,New-Node_vcjcytpkjs,,543865955
Move_Component_New_Node,CashDeskGUI,New-Node_puuvxqzecc,,486528315
UMLCloneNode,New-Node_puuvxqzecc,New-Node_puuvxqzecc_cfwaekvfhc,,437010166
Move_Operation_Component,getMeanTimeToDelivery,Persistence,,280424380
Move_Operation_New_Component_New_Node,getProductWithStockItem,New-Component_mbaoylwuqb,New-Node_zizrfoodqi,578403044
Move_Operation_New_Component_New_Node,getMeanTimeToDeliveryReport,New-Component_xofoofijcw,New-Node_uslfqvihan,679359092
UMLCloneNode,CashDeskPC,CashDeskPC_mcarilbxvz,,448063080
UMLCloneNode,LightDisplay,LightDisplay_ondwnjrnts,,401893219
UMLCloneNode,EnterpriseClient,EnterpriseClient_rmqujwagnd,,419997256
UMLCloneNode,EnterpriseServer,EnterpriseServer_dtndttnfer,,390503473
Move_Operation_Component,getTransaction,DataStore,,246721154
UMLCloneNode,LightDisplay,LightDisplay_npjuudqygd,,357811044
Move_Component_New_Node,Enterprise,New-Node_vwarmgviui,,379407297
UMLCloneNode,EnterpriseClient,EnterpriseClient_rtelztfkbi,,558736519
Move_Component_New_Node,CashDeskApplication,New-Node_dxlyghmyxb,,486730795
Move_Operation_New_Component_New_Node,rollInReceivedOrder,New-Component_qyuxpifmfe,New-Node_hboviwnmvc,552267058
Move_Operation_New_Component_New_Node,saleStartedEvent,New-Component_ztjckmlvvq,New-Node_olthurhbvs,611057313
Move_Operation_Component,createReport,CashDeskApplication,,377752494
Move_Component_New_Node,AppStore,New-Node_nyrmxlpvje,,469611034
UMLCloneNode,CashBox,CashBox_icndnfbotz,,378622896
Move_Operation_New_Component_New_Node,getTransaction,New-Component_unaillxuci,New-Node_lqaexdslko,598177703
Move_Operation_New_Component_New_Node,printRunningTotal,New-Component_mgdyrgbmrg,New-Node_bdnagmuleh,688819340
UMLCloneNode,New-Node_puuvxqzecc,New-Node_puuvxqzecc_cfwaekvfhc,,214025759
Move_Operation_Component,getMeanTimeToDelivery,Persistence,,288372342
Move_Operation_New_Component_New_Node,getProductWithStockItem,New-Component_mbaoylwuqb,New-Node_zizrfoodqi,532778285
UMLCloneNode,EnterpriseServer,EnterpriseServer_yblzvuqrlc,,370731900
Move_Operation_Component,getMeanTimeToDelivery,CashDeskGUI,,282945777
UMLCloneNode,CashDeskPC,CashDeskPC_yxpulhvxns,,373046090
UMLCloneNode,LightDisplay,LightDisplay_rxpqopxsil,,541247646
Move_Operation_New_Component_New_Node,getEnterpriseByID,New-Component_tlfnuptuzc,New-Node_hxielubuav,636051357
UMLCloneNode,New-Node_puuvxqzecc,New-Node_puuvxqzecc_cfwaekvfhc,,224320842
Move_Operation_Component,getMeanTimeToDelivery,Persistence,,291179285
Move_Operation_New_Component_New_Node,getProductWithStockItem,New-Component_mbaoylwuqb,New-Node_zizrfoodqi,603860659
UMLCloneNode,LightDisplay,LightDisplay_wrectnizfq,,437576607
Move_Operation_Component,getProductWithStockItem,AppStore,,281847959
Move_Operation_New_Component_New_Node,scanProduct,New-Component_kgsmalvowv,New-Node_ekvubtgbuq,566582139
Move_Component_New_Node,PrinterController,New-Node_vcjcytpkjs,,485498163
Move_Component_New_Node,DataStore,New-Node_zfpwtcquzo,,459543256
UMLCloneNode,CashDeskPC,CashDeskPC_mcarilbxvz,,388724908
UMLCloneNode,LightDisplay,LightDisplay_ondwnjrnts,,388242384
UMLCloneNode,EnterpriseClient,EnterpriseClient_rmqujwagnd,,406470493
Move_Operation_New_Component_New_Node,getMeanTimeToDelivery,New-Component_xvtjhhlike,New-Node_tiracbcmov,515696977
UMLCloneNode,New-Node_puuvxqzecc,New-Node_puuvxqzecc_cfwaekvfhc,,195089021
Move_Operation_Component,getMeanTimeToDelivery,Persistence,,233846554
Move_Operation_New_Component_New_Node,getProductWithStockItem,New-Component_mbaoylwuqb,New-Node_zizrfoodqi,562706583
Move_Component_New_Node,DataStore,New-Node_zfpwtcquzo,,485738513
UMLCloneNode,CashDeskPC,CashDeskPC_mcarilbxvz,,392931817
UMLCloneNode,LightDisplay,LightDisplay_ondwnjrnts,,389274499
UMLCloneNode,EnterpriseClient,EnterpriseClient_rmqujwagnd,,428022984
Move_Operation_New_Component_New_Node,getMeanTimeToDeliveryReport,New-Component_xofoofijcw,New-Node_uslfqvihan,739270098
UMLCloneNode,CashDeskPC,CashDeskPC_mcarilbxvz,,373297320
UMLCloneNode,LightDisplay,LightDisplay_ondwnjrnts,,372132817
UMLCloneNode,EnterpriseClient,EnterpriseClient_rmqujwagnd,,456465785
UMLCloneNode,LightDisplay,LightDisplay_wrectnizfq,,504067502
Move_Operation_Component,getProductWithStockItem,AppStore,,326263690
Move_Operation_New_Component_New_Node,scanProduct,New-Component_kgsmalvowv,New-Node_ekvubtgbuq,634028715
Move_Component_New_Node,PrinterController,New-Node_vcjcytpkjs,,494066619
UMLCloneNode,BarCodeScanner,BarCodeScanner_blvokhnnfe,,463966741
UMLCloneNode,BarCodeScanner_blvokhnnfe,BarCodeScanner_blvokhnnfe_bffkqnvepx,,433183891
Move_Component_New_Node,CashDeskGUI,New-Node_taasskwwwe,,459302655
UMLCloneNode,BarCodeScanner_blvokhnnfe_bffkqnvepx,BarCodeScanner_blvokhnnfe_bffkqnvepx_pfhlfyodel,,442410411
Move_Component_New_Node,GUIReporting,New-Node_uazvpauauh,,595644222
UMLCloneNode,CashBox,CashBox_qrlbfmzmyc,,406562074
Move_Operation_New_Component_New_Node,enterOrderID,New-Component_jkmexunelm,New-Node_qdaatfyamv,631529399
Move_Operation_Component,scanProduct,Enterprise,,287909715
Move_Operation_New_Component_New_Node,getProductWithStockItem,New-Component_lwmwgihmff,New-Node_mxlkyeeatq,663864629
UMLCloneNode,CashDeskPC,CashDeskPC_mcarilbxvz,,398216826
UMLCloneNode,LightDisplay,LightDisplay_ondwnjrnts,,450029177
UMLCloneNode,EnterpriseClient,EnterpriseClient_rmqujwagnd,,397153111
UMLCloneNode,EnterpriseClient,EnterpriseClient_rtelztfkbi,,468978167
Move_Component_New_Node,CashDeskApplication,New-Node_dxlyghmyxb,,578874358
Move_Operation_New_Component_New_Node,rollInReceivedOrder,New-Component_qyuxpifmfe,New-Node_hboviwnmvc,736086929
Move_Operation_New_Component_New_Node,saleStartedEvent,New-Component_ztjckmlvvq,New-Node_olthurhbvs,655190203
Move_Component_New_Node,Reporting,New-Node_ztqnkllvjs,,550198068
Move_Operation_Component,getTransactionContext,Reporting,,287401391
Move_Operation_New_Component_New_Node,enterOrderID,New-Component_fjullchefc,New-Node_axjuhsghxm,615880496
UMLCloneNode,New-Node_yajvawmtel,New-Node_yajvawmtel_etktjkypmp,,203469215
UMLCloneNode,StoreServer,StoreServer_zmqtgxldcq,,441496547
Move_Operation_Component,enterOrderID,Reporting,,250261893
Move_Component_New_Node,ScannerController,New-Node_gfzrswiwkp,,423553564
UMLCloneNode,LightDisplay,LightDisplay_rrvxbseajf,,348993089
Move_Operation_New_Component_New_Node,printRunningTotal,New-Component_fnqhbnctpl,New-Node_nqcfhwzuih,567888699
Move_Operation_Component,getTransactionContext,Reporting,,224232767
Move_Operation_New_Component_New_Node,enterOrderID,New-Component_fjullchefc,New-Node_axjuhsghxm,542629958
UMLCloneNode,New-Node_yajvawmtel,New-Node_yajvawmtel_etktjkypmp,,258785706
Move_Operation_New_Component_New_Node,getEnterpriseByID,New-Component_tlfnuptuzc,New-Node_hxielubuav,648391756
UMLCloneNode,New-Node_puuvxqzecc,New-Node_puuvxqzecc_cfwaekvfhc,,218912121
Move_Operation_Component,getMeanTimeToDelivery,Persistence,,273574806
Move_Operation_New_Component_New_Node,getProductWithStockItem,New-Component_mbaoylwuqb,New-Node_zizrfoodqi,570242333
Move_Operation_Component,createReport,CashDeskApplication,,300358357
Move_Component_New_Node,AppStore,New-Node_nyrmxlpvje,,524343991
UMLCloneNode,CashBox,CashBox_icndnfbotz,,451627624
Move_Operation_New_Component_New_Node,getTransaction,New-Component_unaillxuci,New-Node_lqaexdslko,635583921
Move_Operation_New_Component_New_Node,getMeanTimeToDeliveryReport,New-Component_xofoofijcw,New-Node_uslfqvihan,707338575
UMLCloneNode,CashDeskPC,CashDeskPC_mcarilbxvz,,461392824
UMLCloneNode,LightDisplay,LightDisplay_ondwnjrnts,,449528518
UMLCloneNode,EnterpriseClient,EnterpriseClient_rmqujwagnd,,433683087
UMLCloneNode,BarCodeScanner,BarCodeScanner_blvokhnnfe,,555063311
UMLCloneNode,BarCodeScanner_blvokhnnfe,BarCodeScanner_blvokhnnfe_bffkqnvepx,,408902242
Move_Component_New_Node,CashDeskGUI,New-Node_taasskwwwe,,570350144
UMLCloneNode,BarCodeScanner_blvokhnnfe_bffkqnvepx,BarCodeScanner_blvokhnnfe_bffkqnvepx_pfhlfyodel,,522062132
Move_Component_New_Node,CashBoxController,New-Node_qbyhdyxexg,,554736308
UMLCloneNode,New-Node_puuvxqzecc,New-Node_puuvxqzecc_cfwaekvfhc,,248218783
Move_Operation_Component,getMeanTimeToDelivery,Persistence,,303704010
Move_Operation_New_Component_New_Node,getProductWithStockItem,New-Component_mbaoylwuqb,New-Node_zizrfoodqi,684746874
Move_Component_New_Node,Reporting,New-Node_ztqnkllvjs,,551884150
Move_Operation_Component,getTransactionContext,Reporting,,258379194
Move_Operation_New_Component_New_Node,enterOrderID,New-Component_fjullchefc,New-Node_axjuhsghxm,644083678
UMLCloneNode,New-Node_yajvawmtel,New-Node_yajvawmtel_etktjkypmp,,211986134
Move_Operation_Component,queryOrderById,CashDeskGUI,,476575322
UMLCloneNode,CashBox,CashBox_dzcannhyfz,,424485001
UMLCloneNode,CashBox,CashBox_pvvioivook,,517479339
Move_Operation_New_Component_New_Node,rollInReceivedOrder,New-Component_htptwtywgt,New-Node_ftkzyqpzom,767031311
Move_Component_New_Node,DataStore,New-Node_zfpwtcquzo,,457367136
UMLCloneNode,CashDeskPC,CashDeskPC_mcarilbxvz,,500937843
UMLCloneNode,LightDisplay,LightDisplay_ondwnjrnts,,411593618
UMLCloneNode,EnterpriseClient,EnterpriseClient_rmqujwagnd,,415071549
UMLCloneNode,BarCodeScanner,BarCodeScanner_blvokhnnfe,,460445558
UMLCloneNode,BarCodeScanner_blvokhnnfe,BarCodeScanner_blvokhnnfe_bffkqnvepx,,412720782
Move_Component_New_Node,CashDeskGUI,New-Node_taasskwwwe,,546234075
UMLCloneNode,BarCodeScanner_blvokhnnfe_bffkqnvepx,BarCodeScanner_blvokhnnfe_bffkqnvepx_pfhlfyodel,,430587383
UMLCloneNode,EnterpriseClient,EnterpriseClient_rtelztfkbi,,478744049
Move_Component_New_Node,CashDeskApplication,New-Node_dxlyghmyxb,,563175952
Move_Operation_New_Component_New_Node,rollInReceivedOrder,New-Component_qyuxpifmfe,New-Node_hboviwnmvc,707811481
Move_Operation_New_Component_New_Node,saleStartedEvent,New-Component_ztjckmlvvq,New-Node_olthurhbvs,653080699
Move_Component_New_Node,Inventory,New-Node_lapzxzvbca,,516365501
Move_Operation_New_Component_New_Node,saleStartedEvent,New-Component_tfqmpingcq,New-Node_sriqndixaq,606776536
Move_Operation_New_Component_New_Node,printRunningTotal,New-Component_zhtjikjgkt,New-Node_cuurugeqhh,714685821
Move_Operation_New_Component_New_Node,queryStockItem,New-Component_zxvagbnvgj,New-Node_wabzihzmtq,661749042
Move_Component_New_Node,CashDeskApplication,New-Node_ydlroweuem,,590450955
UMLCloneNode,CashBox,CashBox_dzcannhyfz,,403163772
UMLCloneNode,CashBox,CashBox_pvvioivook,,466243400
Move_Operation_New_Component_New_Node,rollInReceivedOrder,New-Component_htptwtywgt,New-Node_ftkzyqpzom,663308506
Move_Operation_New_Component_New_Node,getProductWithStockItem,New-Component_lwmwgihmff,New-Node_mxlkyeeatq,711022162
UMLCloneNode,CashDeskPC,CashDeskPC_mcarilbxvz,,501173134
UMLCloneNode,LightDisplay,LightDisplay_ondwnjrnts,,432278013
UMLCloneNode,EnterpriseClient,EnterpriseClient_rmqujwagnd,,401266925
Move_Component_New_Node,Inventory,New-Node_lapzxzvbca,,596999473
Move_Operation_New_Component_New_Node,saleStartedEvent,New-Component_tfqmpingcq,New-Node_sriqndixaq,745729720
Move_Operation_New_Component_New_Node,printRunningTotal,New-Component_zhtjikjgkt,New-Node_cuurugeqhh,734502398
Move_Operation_New_Component_New_Node,queryStockItem,New-Component_zxvagbnvgj,New-Node_wabzihzmtq,772948155
UMLCloneNode,LightDisplay,LightDisplay_wrectnizfq,,564330818
Move_Operation_Component,getProductWithStockItem,AppStore,,283544750
Move_Operation_New_Component_New_Node,scanProduct,New-Component_kgsmalvowv,New-Node_ekvubtgbuq,633273459
Move_Component_New_Node,PrinterController,New-Node_vcjcytpkjs,,467296063
UMLCloneNode,StoreServer,StoreServer_zmqtgxldcq,,556794988
Move_Operation_Component,getProductWithStockItem,AppStore,,280284186
Move_Operation_New_Component_New_Node,scanProduct,New-Component_kgsmalvowv,New-Node_ekvubtgbuq,612697117
Move_Component_New_Node,Inventory,New-Node_rezhurpqke,,471309428
Move_Component_New_Node,CashBoxController,New-Node_qbyhdyxexg,,567882638
UMLCloneNode,New-Node_puuvxqzecc,New-Node_puuvxqzecc_cfwaekvfhc,,263105285
Move_Operation_Component,getMeanTimeToDelivery,Persistence,,291666018
Move_Operation_New_Component_New_Node,getProductWithStockItem,New-Component_mbaoylwuqb,New-Node_zizrfoodqi,777281591
Move_Operation_New_Component_New_Node,getProductWithStockItem,New-Component_lwmwgihmff,New-Node_mxlkyeeatq,709303729
UMLCloneNode,CashDeskPC,CashDeskPC_mcarilbxvz,,526647440
UMLCloneNode,LightDisplay,LightDisplay_ondwnjrnts,,531436390
UMLCloneNode,EnterpriseClient,EnterpriseClient_rmqujwagnd,,461409806
Move_Operation_New_Component_New_Node,getMeanTimeToDeliveryReport,New-Component_xofoofijcw,New-Node_uslfqvihan,698842724
UMLCloneNode,CashDeskPC,CashDeskPC_mcarilbxvz,,478986824
UMLCloneNode,LightDisplay,LightDisplay_ondwnjrnts,,551774184
UMLCloneNode,EnterpriseClient,EnterpriseClient_rmqujwagnd,,478478490
Move_Operation_Component,queryOrderById,CashDeskGUI,,302399864
UMLCloneNode,CashBox,CashBox_dzcannhyfz,,447408493
UMLCloneNode,CashBox,CashBox_pvvioivook,,442584828
Move_Operation_New_Component_New_Node,rollInReceivedOrder,New-Component_htptwtywgt,New-Node_ftkzyqpzom,637222193
UMLCloneNode,CashDeskPC,CashDeskPC_qnybsphnlx,,439724044
UMLCloneNode,CashDeskPC,CashDeskPC_mcarilbxvz,,409612924
UMLCloneNode,LightDisplay,LightDisplay_ondwnjrnts,,471559688
UMLCloneNode,EnterpriseClient,EnterpriseClient_rmqujwagnd,,486473843
Move_Operation_Component,createReport,CashDeskApplication,,301260228
Move_Component_New_Node,AppStore,New-Node_nyrmxlpvje,,543372600
UMLCloneNode,CashBox,CashBox_icndnfbotz,,503426219
Move_Operation_New_Component_New_Node,getTransaction,New-Component_unaillxuci,New-Node_lqaexdslko,717049293
Move_Operation_New_Component_New_Node,printRunningTotal,New-Component_fnqhbnctpl,New-Node_nqcfhwzuih,641817198
Move_Operation_Component,getTransactionContext,Reporting,,250316195
Move_Operation_New_Component_New_Node,enterOrderID,New-Component_fjullchefc,New-Node_axjuhsghxm,660807917
UMLCloneNode,New-Node_yajvawmtel,New-Node_yajvawmtel_etktjkypmp,,283224650
Move_Component_New_Node,CashBoxController,New-Node_qbyhdyxexg,,612395402
UMLCloneNode,New-Node_puuvxqzecc,New-Node_puuvxqzecc_cfwaekvfhc,,247748671
Move_Operation_Component,getMeanTimeToDelivery,Persistence,,292125730
Move_Operation_New_Component_New_Node,getProductWithStockItem,New-Component_mbaoylwuqb,New-Node_zizrfoodqi,667992509
UMLCloneNode,StoreServer,StoreServer_zmqtgxldcq,,430421431
UMLCloneNode,CashBox,CashBox_ztqyspotmb,,405306109
Move_Operation_New_Component_New_Node,scanProduct,New-Component_kgsmalvowv,New-Node_ekvubtgbuq,600574106
Move_Component_New_Node,Inventory,New-Node_rezhurpqke,,541070364
Move_Component_New_Node,DataStore,New-Node_zfpwtcquzo,,517261771
UMLCloneNode,CashDeskPC,CashDeskPC_mcarilbxvz,,502767153
UMLCloneNode,LightDisplay,LightDisplay_ondwnjrnts,,472233631
UMLCloneNode,EnterpriseClient,EnterpriseClient_rmqujwagnd,,454609535
Move_Component_New_Node,Reporting,New-Node_ztqnkllvjs,,578895969
Move_Operation_Component,getTransactionContext,Reporting,,291273683
Move_Operation_New_Component_New_Node,enterOrderID,New-Component_fjullchefc,New-Node_axjuhsghxm,636883568
UMLCloneNode,New-Node_yajvawmtel,New-Node_yajvawmtel_etktjkypmp,,221697704
Move_Component_New_Node,New-Component_gthlcrsegs,New-Node_ukojvedqau,,351569650
UMLCloneNode,CashDeskPC,CashDeskPC_mcarilbxvz,,514184841
UMLCloneNode,LightDisplay,LightDisplay_ondwnjrnts,,511630522
UMLCloneNode,EnterpriseClient,EnterpriseClient_rmqujwagnd,,497706734
UMLCloneNode,StoreServer,StoreServer_zmqtgxldcq,,451199071
Move_Operation_New_Component_New_Node,scanProduct,New-Component_vcxykintdz,New-Node_yeqcodedpv,617027758
Move_Operation_New_Component_New_Node,scanProduct,New-Component_kgsmalvowv,New-Node_ekvubtgbuq,577643270
Move_Component_New_Node,Inventory,New-Node_rezhurpqke,,439571268
Move_Component_New_Node,CashBoxController,New-Node_qbyhdyxexg,,448143782
UMLCloneNode,New-Node_puuvxqzecc,New-Node_puuvxqzecc_cfwaekvfhc,,225531373
Move_Operation_Component,getMeanTimeToDelivery,Persistence,,240729630
Move_Operation_New_Component_New_Node,getProductWithStockItem,New-Component_mbaoylwuqb,New-Node_zizrfoodqi,537511019
UMLCloneNode,StoreServer,StoreServer_zmqtgxldcq,,585640634
Move_Operation_Component,enterOrderID,Reporting,,274152550
Move_Component_New_Node,ScannerController,New-Node_gfzrswiwkp,,544572981
UMLCloneNode,LightDisplay,LightDisplay_rrvxbseajf,,470120108
Move_Component_New_Node,Reporting,New-Node_ztqnkllvjs,,602693460
Move_Operation_Component,getTransactionContext,Reporting,,276388733
Move_Operation_New_Component_New_Node,enterOrderID,New-Component_fjullchefc,New-Node_axjuhsghxm,674194187
UMLCloneNode,New-Node_yajvawmtel,New-Node_yajvawmtel_etktjkypmp,,234512442
Move_Operation_Component,createReport,Persistence,,335576151
UMLCloneNode,CashDeskPC,CashDeskPC_mcarilbxvz,,476103648
UMLCloneNode,LightDisplay,LightDisplay_ondwnjrnts,,457382124
UMLCloneNode,EnterpriseClient,EnterpriseClient_rmqujwagnd,,483153837
Move_Component_New_Node,Inventory,New-Node_lapzxzvbca,,657685172
Move_Operation_New_Component_New_Node,saleStartedEvent,New-Component_tfqmpingcq,New-Node_sriqndixaq,800615253
Move_Operation_New_Component_New_Node,printRunningTotal,New-Component_zhtjikjgkt,New-Node_cuurugeqhh,786972172
Move_Operation_New_Component_New_Node,queryStockItem,New-Component_zxvagbnvgj,New-Node_wabzihzmtq,743767160
Move_Operation_New_Component_New_Node,getProductWithStockItem,New-Component_lwmwgihmff,New-Node_mxlkyeeatq,684763836
UMLCloneNode,CashDeskPC,CashDeskPC_mcarilbxvz,,464351652
UMLCloneNode,LightDisplay,LightDisplay_ondwnjrnts,,512958823
UMLCloneNode,EnterpriseClient,EnterpriseClient_rmqujwagnd,,500035862
UMLCloneNode,EnterpriseClient,EnterpriseClient_rtelztfkbi,,437256688
Move_Component_New_Node,CashDeskApplication,New-Node_dxlyghmyxb,,457776433
Move_Operation_New_Component_New_Node,rollInReceivedOrder,New-Component_qyuxpifmfe,New-Node_hboviwnmvc,563430180
Move_Operation_New_Component_New_Node,saleStartedEvent,New-Component_ztjckmlvvq,New-Node_olthurhbvs,583857251
Move_Operation_New_Component_New_Node,printRunningTotal,New-Component_mgdyrgbmrg,New-Node_bdnagmuleh,714847404
UMLCloneNode,New-Node_puuvxqzecc,New-Node_puuvxqzecc_cfwaekvfhc,,266453273
Move_Operation_Component,getMeanTimeToDelivery,Persistence,,267265556
Move_Operation_New_Component_New_Node,getProductWithStockItem,New-Component_mbaoylwuqb,New-Node_zizrfoodqi,567783892
Move_Operation_New_Component_New_Node,getMeanTimeToDeliveryReport,New-Component_xofoofijcw,New-Node_uslfqvihan,722632291
UMLCloneNode,CashDeskPC,CashDeskPC_mcarilbxvz,,454673585
UMLCloneNode,LightDisplay,LightDisplay_ondwnjrnts,,460738057
UMLCloneNode,EnterpriseClient,EnterpriseClient_rmqujwagnd,,468817235
UMLCloneNode,StoreServer,StoreServer_zmqtgxldcq,,419573731
UMLCloneNode,CashBox,CashBox_ztqyspotmb,,373745651
Move_Operation_New_Component_New_Node,scanProduct,New-Component_kgsmalvowv,New-Node_ekvubtgbuq,571114638
Move_Component_New_Node,Inventory,New-Node_rezhurpqke,,440858802
Move_Operation_New_Component_New_Node,printRunningTotal,New-Component_mgdyrgbmrg,New-Node_bdnagmuleh,691750877
UMLCloneNode,New-Node_puuvxqzecc,New-Node_puuvxqzecc_cfwaekvfhc,,230859363
Move_Operation_Component,getMeanTimeToDelivery,Persistence,,276019771
Move_Operation_New_Component_New_Node,getProductWithStockItem,New-Component_mbaoylwuqb,New-Node_zizrfoodqi,592345377
Move_Operation_New_Component_New_Node,getMeanTimeToDeliveryReport,New-Component_xofoofijcw,New-Node_uslfqvihan,663343010
UMLCloneNode,CashDeskPC,CashDeskPC_mcarilbxvz,,463645468
UMLCloneNode,LightDisplay,LightDisplay_ondwnjrnts,,447826226
UMLCloneNode,EnterpriseClient,EnterpriseClient_rmqujwagnd,,505881944
Move_Component_New_Node,CashBoxController,New-Node_qbyhdyxexg,,594785522
UMLCloneNode,New-Node_puuvxqzecc,New-Node_puuvxqzecc_cfwaekvfhc,,595640075
UMLCloneNode,EnterpriseClient,EnterpriseClient_hbkqtspmur,,535929343
Move_Operation_New_Component_New_Node,getProductWithStockItem,New-Component_mbaoylwuqb,New-Node_zizrfoodqi,701176220
UMLCloneNode,StoreServer,StoreServer_zmqtgxldcq,,481330017
Move_Operation_New_Component_New_Node,scanProduct,New-Component_vcxykintdz,New-Node_yeqcodedpv,649358329
Move_Operation_New_Component_New_Node,scanProduct,New-Component_kgsmalvowv,New-Node_ekvubtgbuq,654850487
Move_Component_New_Node,Inventory,New-Node_rezhurpqke,,665381823
UMLCloneNode,StoreServer,StoreServer_zmqtgxldcq,,502035962
Move_Operation_Component,getProductWithStockItem,AppStore,,278119458
Move_Operation_New_Component_New_Node,scanProduct,New-Component_kgsmalvowv,New-Node_ekvubtgbuq,711600887
Move_Component_New_Node,Inventory,New-Node_rezhurpqke,,575005173
Move_Component_New_Node,Inventory,New-Node_lapzxzvbca,,581249321
Move_Operation_New_Component_New_Node,saleStartedEvent,New-Component_tfqmpingcq,New-Node_sriqndixaq,693583683
Move_Operation_New_Component_New_Node,printRunningTotal,New-Component_zhtjikjgkt,New-Node_cuurugeqhh,660712728
Move_Operation_New_Component_New_Node,queryStockItem,New-Component_zxvagbnvgj,New-Node_wabzihzmtq,597944725
UMLCloneNode,BarCodeScanner,BarCodeScanner_blvokhnnfe,,499008896
UMLCloneNode,BarCodeScanner_blvokhnnfe,BarCodeScanner_blvokhnnfe_bffkqnvepx,,474369396
Move_Component_New_Node,CashDeskGUI,New-Node_taasskwwwe,,586670646
UMLCloneNode,BarCodeScanner_blvokhnnfe_bffkqnvepx,BarCodeScanner_blvokhnnfe_bffkqnvepx_pfhlfyodel,,468659360
Move_Component_New_Node,Reporting,New-Node_ztqnkllvjs,,554816408
Move_Operation_Component,getTransactionContext,Reporting,,268713751
Move_Operation_New_Component_New_Node,enterOrderID,New-Component_fjullchefc,New-Node_axjuhsghxm,711405501
UMLCloneNode,New-Node_yajvawmtel,New-Node_yajvawmtel_etktjkypmp,,272028707
Move_Component_New_Node,New-Component_jloyizgpvz,New-Node_wyqrdxrekw,,267805118
Move_Operation_Component,getTransactionContext,Reporting,,288614085
Move_Operation_New_Component_New_Node,enterOrderID,New-Component_fjullchefc,New-Node_axjuhsghxm,697714539
UMLCloneNode,New-Node_yajvawmtel,New-Node_yajvawmtel_etktjkypmp,,273694290
Move_Component_New_Node,Reporting,New-Node_ztqnkllvjs,,521911400
Move_Operation_Component,getTransactionContext,Reporting,,297597009
Move_Operation_New_Component_New_Node,enterOrderID,New-Component_fjullchefc,New-Node_axjuhsghxm,757260661
UMLCloneNode,New-Node_yajvawmtel,New-Node_yajvawmtel_etktjkypmp,,226309611
UMLCloneNode,BarCodeScanner,BarCodeScanner_blvokhnnfe,,484149725
UMLCloneNode,BarCodeScanner_blvokhnnfe,BarCodeScanner_blvokhnnfe_bffkqnvepx,,740111024
Move_Component_New_Node,CashDeskGUI,New-Node_taasskwwwe,,684378062
UMLCloneNode,BarCodeScanner_blvokhnnfe_bffkqnvepx,BarCodeScanner_blvokhnnfe_bffkqnvepx_pfhlfyodel,,485976349
Move_Operation_New_Component_New_Node,getProductWithStockItem,New-Component_lwmwgihmff,New-Node_mxlkyeeatq,704850279
UMLCloneNode,CashDeskPC,CashDeskPC_mcarilbxvz,,507919143
UMLCloneNode,LightDisplay,LightDisplay_ondwnjrnts,,464903407
UMLCloneNode,EnterpriseClient,EnterpriseClient_rmqujwagnd,,469354122
UMLCloneNode,EnterpriseClient,EnterpriseClient_epbfrjcthv,,497022972
Move_Operation_New_Component_New_Node,saleStartedEvent,New-Component_tfqmpingcq,New-Node_sriqndixaq,748785910
Move_Operation_New_Component_New_Node,printRunningTotal,New-Component_zhtjikjgkt,New-Node_cuurugeqhh,731561464
Move_Operation_New_Component_New_Node,queryStockItem,New-Component_zxvagbnvgj,New-Node_wabzihzmtq,700845189
UMLCloneNode,StoreServer,StoreServer_zmqtgxldcq,,494805434
Move_Operation_Component,getProductWithStockItem,AppStore,,267067304
Move_Operation_New_Component_New_Node,scanProduct,New-Component_kgsmalvowv,New-Node_ekvubtgbuq,710850289
Move_Component_New_Node,Inventory,New-Node_rezhurpqke,,533919716
UMLCloneNode,StoreServer,StoreServer_zmqtgxldcq,,572672960
UMLCloneNode,CashBox,CashBox_ztqyspotmb,,476835179
Move_Operation_New_Component_New_Node,scanProduct,New-Component_kgsmalvowv,New-Node_ekvubtgbuq,717182392
Move_Component_New_Node,Inventory,New-Node_rezhurpqke,,610691587
Move_Component_New_Node,Inventory,New-Node_lapzxzvbca,,596065632
Move_Operation_New_Component_New_Node,saleStartedEvent,New-Component_tfqmpingcq,New-Node_sriqndixaq,645532526
Move_Operation_New_Component_New_Node,printRunningTotal,New-Component_zhtjikjgkt,New-Node_cuurugeqhh,680810823
Move_Operation_New_Component_New_Node,queryStockItem,New-Component_zxvagbnvgj,New-Node_wabzihzmtq,745431851
UMLCloneNode,StoreServer,StoreServer_zmqtgxldcq,,586815528
UMLCloneNode,CashBox,CashBox_ztqyspotmb,,523068469
Move_Operation_New_Component_New_Node,scanProduct,New-Component_kgsmalvowv,New-Node_ekvubtgbuq,717597912
Move_Component_New_Node,Inventory,New-Node_rezhurpqke,,609118086
Move_Component_New_Node,DataStore,New-Node_zfpwtcquzo,,579147900
UMLCloneNode,CashDeskPC,CashDeskPC_mcarilbxvz,,472811054
UMLCloneNode,LightDisplay,LightDisplay_ondwnjrnts,,489468247
UMLCloneNode,EnterpriseClient,EnterpriseClient_rmqujwagnd,,467276566
Move_Operation_Component,createReport,CashDeskApplication,,660820090
Move_Component_New_Node,AppStore,New-Node_nyrmxlpvje,,546658341
UMLCloneNode,CashBox,CashBox_icndnfbotz,,503998813
Move_Operation_New_Component_New_Node,getTransaction,New-Component_unaillxuci,New-Node_lqaexdslko,754673660
Move_Component_New_Node,CashBoxController,New-Node_qbyhdyxexg,,629834210
UMLCloneNode,New-Node_puuvxqzecc,New-Node_puuvxqzecc_cfwaekvfhc,,237684850
UMLCloneNode,EnterpriseClient,EnterpriseClient_hbkqtspmur,,491770714
Move_Operation_New_Component_New_Node,getProductWithStockItem,New-Component_mbaoylwuqb,New-Node_zizrfoodqi,735889318
Move_Component_New_Node,Reporting,New-Node_ztqnkllvjs,,627981456
Move_Operation_Component,getTransactionContext,Reporting,,300080095
Move_Operation_New_Component_New_Node,enterOrderID,New-Component_fjullchefc,New-Node_axjuhsghxm,657961390
UMLCloneNode,New-Node_yajvawmtel,New-Node_yajvawmtel_etktjkypmp,,267858758
Move_Component_New_Node,CashBoxController,New-Node_qbyhdyxexg,,612673844
UMLCloneNode,New-Node_puuvxqzecc,New-Node_puuvxqzecc_cfwaekvfhc,,265167973
UMLCloneNode,EnterpriseClient,EnterpriseClient_hbkqtspmur,,541970261
Move_Operation_New_Component_New_Node,getProductWithStockItem,New-Component_mbaoylwuqb,New-Node_zizrfoodqi,713289313
Move_Operation_Component,createReport,CashDeskApplication,,293081652
Move_Component_New_Node,AppStore,New-Node_nyrmxlpvje,,613352416
UMLCloneNode,CashBox,CashBox_icndnfbotz,,527802205
Move_Operation_New_Component_New_Node,getTransaction,New-Component_unaillxuci,New-Node_lqaexdslko,750560749
Move_Operation_New_Component_New_Node,printRunningTotal,New-Component_mgdyrgbmrg,New-Node_bdnagmuleh,749344758
UMLCloneNode,New-Node_puuvxqzecc,New-Node_puuvxqzecc_cfwaekvfhc,,230654398
Move_Operation_Component,getMeanTimeToDelivery,Persistence,,301277520
Move_Operation_New_Component_New_Node,getProductWithStockItem,New-Component_mbaoylwuqb,New-Node_zizrfoodqi,680320545
Move_Operation_New_Component_New_Node,getEnterpriseByID,New-Component_klhpiuoglp,New-Node_yxrpcjfyai,724025804
Move_Component_New_Node,AppStore,New-Node_nyrmxlpvje,,529912432
UMLCloneNode,CashBox,CashBox_icndnfbotz,,467688689
Move_Operation_New_Component_New_Node,getTransaction,New-Component_unaillxuci,New-Node_lqaexdslko,636022934
Move_Component_New_Node,CashBoxController,New-Node_qbyhdyxexg,,574438971
UMLCloneNode,New-Node_puuvxqzecc,New-Node_puuvxqzecc_cfwaekvfhc,,237108310
Move_Operation_Component,getMeanTimeToDelivery,Persistence,,289781725
Move_Operation_New_Component_New_Node,getMeanTimeToDelivery,New-Component_pryphculjb,New-Node_asqeqyqkur,687910806
Move_Component_New_Node,Inventory,New-Node_avtxagunsq,,1087004377
Move_Operation_Component,getTransactionContext,Reporting,,272652046
Move_Operation_New_Component_New_Node,enterOrderID,New-Component_fjullchefc,New-Node_axjuhsghxm,680342445
UMLCloneNode,New-Node_yajvawmtel,New-Node_yajvawmtel_etktjkypmp,,266601902
Move_Component_New_Node,CashBoxController,New-Node_qbyhdyxexg,,561616328
UMLCloneNode,New-Node_puuvxqzecc,New-Node_puuvxqzecc_cfwaekvfhc,,229099102
Move_Operation_Component,getMeanTimeToDelivery,Persistence,,347695516
Move_Operation_New_Component_New_Node,getMeanTimeToDelivery,New-Component_pryphculjb,New-Node_asqeqyqkur,771867309
Move_Component_New_Node,CashBoxController,New-Node_qbyhdyxexg,,559344438
UMLCloneNode,New-Node_puuvxqzecc,New-Node_puuvxqzecc_cfwaekvfhc,,229479986
UMLCloneNode,EnterpriseClient,EnterpriseClient_hbkqtspmur,,542248162
Move_Operation_New_Component_New_Node,getProductWithStockItem,New-Component_mbaoylwuqb,New-Node_zizrfoodqi,730187047
Move_Operation_New_Component_New_Node,queryOrderById,New-Component_ppcbmhzibu,New-Node_zqxfdgwocc,753149562
UMLCloneNode,New-Node_puuvxqzecc,New-Node_puuvxqzecc_cfwaekvfhc,,249401289
Move_Operation_Component,getMeanTimeToDelivery,Persistence,,308775550
Move_Operation_New_Component_New_Node,getProductWithStockItem,New-Component_mbaoylwuqb,New-Node_zizrfoodqi,723002825
Move_Operation_New_Component_New_Node,getEnterpriseByID,New-Component_klhpiuoglp,New-Node_yxrpcjfyai,786442198
Move_Component_New_Node,AppStore,New-Node_nyrmxlpvje,,569092016
UMLCloneNode,CashBox,CashBox_icndnfbotz,,520420384
Move_Operation_New_Component_New_Node,getTransaction,New-Component_unaillxuci,New-Node_lqaexdslko,750890126
UMLCloneNode,StoreServer,StoreServer_zmqtgxldcq,,499620213
Move_Operation_Component,getProductWithStockItem,AppStore,,282025111
Move_Operation_New_Component_New_Node,scanProduct,New-Component_kgsmalvowv,New-Node_ekvubtgbuq,744538065
Move_Component_New_Node,Inventory,New-Node_rezhurpqke,,496009732
Move_Component_New_Node,New-Component_gthlcrsegs,New-Node_ukojvedqau,,235446203
UMLCloneNode,CashDeskPC,CashDeskPC_mcarilbxvz,,450146336
UMLCloneNode,LightDisplay,LightDisplay_ondwnjrnts,,446649469
UMLCloneNode,EnterpriseClient,EnterpriseClient_rmqujwagnd,,600502121
Move_Component_New_Node,New-Component_jloyizgpvz,New-Node_wyqrdxrekw,,289071984
Move_Operation_Component,getTransactionContext,Reporting,,268442773
Move_Operation_New_Component_New_Node,enterOrderID,New-Component_fjullchefc,New-Node_axjuhsghxm,650774253
UMLCloneNode,New-Node_yajvawmtel,New-Node_yajvawmtel_etktjkypmp,,219239425
UMLCloneNode,EnterpriseClient,EnterpriseClient_epbfrjcthv,,467808524
Move_Operation_New_Component_New_Node,saleStartedEvent,New-Component_tfqmpingcq,New-Node_sriqndixaq,1153846990
Move_Operation_New_Component_New_Node,printRunningTotal,New-Component_zhtjikjgkt,New-Node_cuurugeqhh,679956773
Move_Operation_New_Component_New_Node,queryStockItem,New-Component_zxvagbnvgj,New-Node_wabzihzmtq,672246826
Move_Operation_Component,getMeanTimeToDelivery,Reporting,,294899141
Move_Component_New_Node,AppStore,New-Node_nyrmxlpvje,,531407616
UMLCloneNode,CashBox,CashBox_icndnfbotz,,551636144
Move_Operation_New_Component_New_Node,getTransaction,New-Component_unaillxuci,New-Node_lqaexdslko,769463923
Move_Component_New_Node,CashBoxController,New-Node_qbyhdyxexg,,559558059
UMLCloneNode,New-Node_puuvxqzecc,New-Node_puuvxqzecc_cfwaekvfhc,,228448602
Move_Operation_Component,getMeanTimeToDelivery,Persistence,,272912905
Move_Operation_New_Component_New_Node,getProductWithStockItem,New-Component_mbaoylwuqb,New-Node_zizrfoodqi,705741259
Move_Component_New_Node,Reporting,New-Node_ztqnkllvjs,,653324976
Move_Operation_Component,getTransactionContext,Reporting,,276727157
Move_Operation_New_Component_New_Node,enterOrderID,New-Component_fjullchefc,New-Node_axjuhsghxm,666907945
UMLCloneNode,New-Node_yajvawmtel,New-Node_yajvawmtel_etktjkypmp,,263203760
Move_Operation_New_Component_New_Node,queryOrderById,New-Component_ppcbmhzibu,New-Node_zqxfdgwocc,765672734
UMLCloneNode,New-Node_puuvxqzecc,New-Node_puuvxqzecc_cfwaekvfhc,,234853912
Move_Operation_Component,getMeanTimeToDelivery,Persistence,,276656053
Move_Operation_New_Component_New_Node,getProductWithStockItem,New-Component_mbaoylwuqb,New-Node_zizrfoodqi,655557923
Move_Operation_New_Component_New_Node,getEnterpriseByID,New-Component_klhpiuoglp,New-Node_yxrpcjfyai,695668182
Move_Component_New_Node,AppStore,New-Node_nyrmxlpvje,,547444916
UMLCloneNode,CashBox,CashBox_icndnfbotz,,451045803
Move_Operation_New_Component_New_Node,getTransaction,New-Component_unaillxuci,New-Node_lqaexdslko,661737741
Move_Operation_New_Component_New_Node,getMeanTimeToDeliveryReport,New-Component_xofoofijcw,New-Node_uslfqvihan,738224577
UMLCloneNode,CashDeskPC,CashDeskPC_mcarilbxvz,,457381863
UMLCloneNode,LightDisplay,LightDisplay_ondwnjrnts,,476927432
UMLCloneNode,EnterpriseClient,EnterpriseClient_rmqujwagnd,,473310360
Move_Component_New_Node,CashBoxController,New-Node_qbyhdyxexg,,654397928
UMLCloneNode,New-Node_puuvxqzecc,New-Node_puuvxqzecc_cfwaekvfhc,,265032779
UMLCloneNode,EnterpriseClient,EnterpriseClient_hbkqtspmur,,491617016
Move_Operation_New_Component_New_Node,getProductWithStockItem,New-Component_mbaoylwuqb,New-Node_zizrfoodqi,560068837
Move_Component_New_Node,CashBoxController,New-Node_qbyhdyxexg,,671324386
UMLCloneNode,New-Node_puuvxqzecc,New-Node_puuvxqzecc_cfwaekvfhc,,270428417
Move_Operation_Component,getMeanTimeToDelivery,Persistence,,315607049
Move_Operation_New_Component_New_Node,getProductWithStockItem,New-Component_mbaoylwuqb,New-Node_zizrfoodqi,788444021
UMLCloneNode,EnterpriseClient,EnterpriseClient_epbfrjcthv,,465804597
Move_Operation_New_Component_New_Node,saleStartedEvent,New-Component_tfqmpingcq,New-Node_sriqndixaq,604362098
Move_Operation_New_Component_New_Node,printRunningTotal,New-Component_zhtjikjgkt,New-Node_cuurugeqhh,644687150
Move_Operation_New_Component_New_Node,queryStockItem,New-Component_zxvagbnvgj,New-Node_wabzihzmtq,777939695
Move_Component_New_Node,New-Component_jloyizgpvz,New-Node_wyqrdxrekw,,291605174
Move_Operation_Component,getTransactionContext,Reporting,,307887434
Move_Operation_New_Component_New_Node,enterOrderID,New-Component_fjullchefc,New-Node_axjuhsghxm,708999369
UMLCloneNode,New-Node_yajvawmtel,New-Node_yajvawmtel_etktjkypmp,,277637204
UMLCloneNode,Printer,Printer_skrrurdyat,,474102375
UMLCloneNode,New-Node_puuvxqzecc,New-Node_puuvxqzecc_cfwaekvfhc,,219653762
Move_Operation_Component,getMeanTimeToDelivery,Persistence,,268083369
Move_Operation_New_Component_New_Node,getProductWithStockItem,New-Component_mbaoylwuqb,New-Node_zizrfoodqi,678241045
Move_Component_New_Node,Inventory,New-Node_avtxagunsq,,639066842
Move_Operation_Component,getTransactionContext,Reporting,,287748633
Move_Operation_New_Component_New_Node,enterOrderID,New-Component_fjullchefc,New-Node_axjuhsghxm,655214339
UMLCloneNode,New-Node_yajvawmtel,New-Node_yajvawmtel_etktjkypmp,,261084837
Move_Operation_New_Component_New_Node,queryStockItem,New-Component_ktvrlwxaig,New-Node_hxymzvjxpa,735633509
UMLCloneNode,New-Node_puuvxqzecc,New-Node_puuvxqzecc_cfwaekvfhc,,226697388
Move_Operation_Component,getMeanTimeToDelivery,Persistence,,295141395
Move_Operation_New_Component_New_Node,getProductWithStockItem,New-Component_mbaoylwuqb,New-Node_zizrfoodqi,673811690
Move_Operation_Component,createReport,CashDeskApplication,,356306933
Move_Component_New_Node,AppStore,New-Node_nyrmxlpvje,,623667667
UMLCloneNode,CashBox,CashBox_icndnfbotz,,544078204
Move_Operation_New_Component_New_Node,getTransaction,New-Component_unaillxuci,New-Node_lqaexdslko,778099164
UMLCloneNode,StoreServer,StoreServer_zmqtgxldcq,,481793166
UMLCloneNode,CashBox,CashBox_ztqyspotmb,,472288184
Move_Operation_New_Component_New_Node,scanProduct,New-Component_kgsmalvowv,New-Node_ekvubtgbuq,677924862
Move_Component_New_Node,Inventory,New-Node_rezhurpqke,,549611729
Move_Component_New_Node,Inventory,New-Node_lapzxzvbca,,554128888
Move_Operation_New_Component_New_Node,saleStartedEvent,New-Component_tfqmpingcq,New-Node_sriqndixaq,738736226
Move_Operation_New_Component_New_Node,printRunningTotal,New-Component_zhtjikjgkt,New-Node_cuurugeqhh,676690909
Move_Operation_New_Component_New_Node,queryStockItem,New-Component_zxvagbnvgj,New-Node_wabzihzmtq,1539939643
Move_Operation_New_Component_New_Node,queryStockItem,New-Component_ktvrlwxaig,New-Node_hxymzvjxpa,723236675
UMLCloneNode,New-Node_puuvxqzecc,New-Node_puuvxqzecc_cfwaekvfhc,,219159225
Move_Operation_Component,getMeanTimeToDelivery,Persistence,,266916161
Move_Operation_New_Component_New_Node,getProductWithStockItem,New-Component_mbaoylwuqb,New-Node_zizrfoodqi,673730858
UMLCloneNode,BarCodeScanner,BarCodeScanner_blvokhnnfe,,503679534
UMLCloneNode,BarCodeScanner_blvokhnnfe,BarCodeScanner_blvokhnnfe_bffkqnvepx,,463343762
Move_Component_New_Node,CashDeskGUI,New-Node_taasskwwwe,,567305966
UMLCloneNode,BarCodeScanner_blvokhnnfe_bffkqnvepx,BarCodeScanner_blvokhnnfe_bffkqnvepx_pfhlfyodel,,493152485
Move_Operation_Component,createReport,CashDeskApplication,,290528645
Move_Component_New_Node,AppStore,New-Node_nyrmxlpvje,,556201335
UMLCloneNode,CashBox,CashBox_icndnfbotz,,487182140
Move_Operation_New_Component_New_Node,getTransaction,New-Component_unaillxuci,New-Node_lqaexdslko,689322063
UMLCloneNode,Printer,Printer_skrrurdyat,,533380745
UMLCloneNode,New-Node_puuvxqzecc,New-Node_puuvxqzecc_cfwaekvfhc,,250276832
Move_Operation_Component,getMeanTimeToDelivery,Persistence,,295079408
Move_Operation_New_Component_New_Node,getProductWithStockItem,New-Component_mbaoylwuqb,New-Node_zizrfoodqi,774737100
Move_Operation_New_Component_New_Node,getMeanTimeToDeliveryReport,New-Component_xofoofijcw,New-Node_uslfqvihan,684974100
UMLCloneNode,CashDeskPC,CashDeskPC_mcarilbxvz,,482141769
UMLCloneNode,LightDisplay,LightDisplay_ondwnjrnts,,478704314
UMLCloneNode,EnterpriseClient,EnterpriseClient_rmqujwagnd,,453637743
Move_Operation_Component,createReport,CashDeskApplication,,319591720
Move_Component_New_Node,AppStore,New-Node_nyrmxlpvje,,705015359
UMLCloneNode,CashBox,CashBox_icndnfbotz,,475874207
Move_Operation_New_Component_New_Node,getTransaction,New-Component_unaillxuci,New-Node_lqaexdslko,650907163
UMLCloneNode,BarCodeScanner,BarCodeScanner_blvokhnnfe,,555065365
UMLCloneNode,BarCodeScanner_blvokhnnfe,BarCodeScanner_blvokhnnfe_bffkqnvepx,,465170357
Move_Component_New_Node,CashDeskGUI,New-Node_taasskwwwe,,569539555
UMLCloneNode,BarCodeScanner_blvokhnnfe_bffkqnvepx,BarCodeScanner_blvokhnnfe_bffkqnvepx_pfhlfyodel,,466828126
Move_Component_New_Node,Reporting,New-Node_ztqnkllvjs,,759086024
Move_Operation_Component,getTransactionContext,Reporting,,266202152
Move_Operation_New_Component_New_Node,enterOrderID,New-Component_fjullchefc,New-Node_axjuhsghxm,672391116
UMLCloneNode,New-Node_yajvawmtel,New-Node_yajvawmtel_etktjkypmp,,231314907
Move_Operation_New_Component_New_Node,queryStockItem,New-Component_bqayyegqta,New-Node_xsalezcpeo,710126051
Move_Operation_Component,getTransactionContext,Reporting,,313983485
Move_Operation_New_Component_New_Node,enterOrderID,New-Component_fjullchefc,New-Node_axjuhsghxm,737843332
UMLCloneNode,New-Node_yajvawmtel,New-Node_yajvawmtel_etktjkypmp,,243018973
Move_Component_New_Node,CashBoxController,New-Node_qbyhdyxexg,,451956401
UMLCloneNode,New-Node_puuvxqzecc,New-Node_puuvxqzecc_cfwaekvfhc,,182449862
UMLCloneNode,EnterpriseClient,EnterpriseClient_hbkqtspmur,,398792616
Move_Operation_New_Component_New_Node,getProductWithStockItem,New-Component_mbaoylwuqb,New-Node_zizrfoodqi,722800716
UMLCloneNode,EnterpriseClient,EnterpriseClient_epbfrjcthv,,536360472
Move_Operation_New_Component_New_Node,saleStartedEvent,New-Component_tfqmpingcq,New-Node_sriqndixaq,697365575
Move_Operation_New_Component_New_Node,printRunningTotal,New-Component_zhtjikjgkt,New-Node_cuurugeqhh,719675668
Move_Operation_New_Component_New_Node,queryStockItem,New-Component_zxvagbnvgj,New-Node_wabzihzmtq,746898201
UMLCloneNode,EnterpriseClient,EnterpriseClient_epbfrjcthv,,525252293
Move_Operation_New_Component_New_Node,saleStartedEvent,New-Component_tfqmpingcq,New-Node_sriqndixaq,675984384
Move_Operation_New_Component_New_Node,printRunningTotal,New-Component_zhtjikjgkt,New-Node_cuurugeqhh,716990172
Move_Operation_New_Component_New_Node,queryStockItem,New-Component_zxvagbnvgj,New-Node_wabzihzmtq,668897195
Move_Component_New_Node,Inventory,New-Node_lapzxzvbca,,557690617
Move_Operation_New_Component_New_Node,saleStartedEvent,New-Component_tfqmpingcq,New-Node_sriqndixaq,746210832
Move_Operation_New_Component_New_Node,printRunningTotal,New-Component_zhtjikjgkt,New-Node_cuurugeqhh,653748451
Move_Operation_New_Component_New_Node,queryStockItem,New-Component_zxvagbnvgj,New-Node_wabzihzmtq,661902310
Move_Operation_Component,createReport,CashDeskApplication,,379403380
Move_Component_New_Node,AppStore,New-Node_nyrmxlpvje,,518284719
UMLCloneNode,CashBox,CashBox_icndnfbotz,,465924622
Move_Operation_New_Component_New_Node,getTransaction,New-Component_unaillxuci,New-Node_lqaexdslko,685420246
Move_Component_New_Node,CashBoxController,New-Node_qbyhdyxexg,,582431468
UMLCloneNode,New-Node_puuvxqzecc,New-Node_puuvxqzecc_cfwaekvfhc,,228394882
UMLCloneNode,EnterpriseClient,EnterpriseClient_hbkqtspmur,,520364579
Move_Operation_New_Component_New_Node,getProductWithStockItem,New-Component_mbaoylwuqb,New-Node_zizrfoodqi,685505045
Move_Operation_New_Component_New_Node,rollInReceivedOrder,New-Component_rfnzvpklck,New-Node_thqnuokknb,673925052
UMLCloneNode,New-Node_puuvxqzecc,New-Node_puuvxqzecc_cfwaekvfhc,,216985308
Move_Operation_Component,getMeanTimeToDelivery,Persistence,,278734270
Move_Operation_New_Component_New_Node,getProductWithStockItem,New-Component_mbaoylwuqb,New-Node_zizrfoodqi,668551407
UMLCloneNode,EnterpriseClient,EnterpriseClient_epbfrjcthv,,510424361
Move_Operation_New_Component_New_Node,saleStartedEvent,New-Component_tfqmpingcq,New-Node_sriqndixaq,724197466
Move_Operation_New_Component_New_Node,printRunningTotal,New-Component_zhtjikjgkt,New-Node_cuurugeqhh,709289723
Move_Operation_New_Component_New_Node,queryStockItem,New-Component_zxvagbnvgj,New-Node_wabzihzmtq,667587670
Move_Component_New_Node,Inventory,New-Node_avtxagunsq,,580422541
Move_Operation_Component,getTransactionContext,Reporting,,273828733
Move_Operation_New_Component_New_Node,enterOrderID,New-Component_fjullchefc,New-Node_axjuhsghxm,661243965
UMLCloneNode,New-Node_yajvawmtel,New-Node_yajvawmtel_etktjkypmp,,216569669
Move_Component_New_Node,Inventory,New-Node_avtxagunsq,,579218693
Move_Operation_Component,getTransactionContext,Reporting,,300027827
Move_Operation_New_Component_New_Node,enterOrderID,New-Component_fjullchefc,New-Node_axjuhsghxm,768868276
Move_Operation_New_Component_New_Node,getProductWithStockItem,New-Component_mbaoylwuqb,New-Node_zizrfoodqi,726962150
Move_Operation_New_Component_New_Node,getEnterpriseByID,New-Component_anxxursgnr,New-Node_qaygrqksqh,782821549
Move_Operation_Component,enterOrderID,Reporting,,289599674
Move_Component_New_Node,ScannerController,New-Node_gfzrswiwkp,,568486881
UMLCloneNode,LightDisplay,LightDisplay_rrvxbseajf,,513888065
Move_Operation_New_Component_New_Node,getMeanTimeToDeliveryReport,New-Component_xofoofijcw,New-Node_uslfqvihan,704878572
UMLCloneNode,CashDeskPC,CashDeskPC_mcarilbxvz,,478591723
UMLCloneNode,LightDisplay,LightDisplay_ondwnjrnts,,456992062
UMLCloneNode,EnterpriseClient,EnterpriseClient_rmqujwagnd,,508761182
UMLCloneNode,StoreServer,StoreServer_zmqtgxldcq,,531296116
Move_Operation_Component,enterOrderID,Reporting,,302040561
Move_Component_New_Node,ScannerController,New-Node_gfzrswiwkp,,526645275
UMLCloneNode,LightDisplay,LightDisplay_rrvxbseajf,,475579976
UMLCloneNode,Printer,Printer_skrrurdyat,,468874713
UMLCloneNode,New-Node_puuvxqzecc,New-Node_puuvxqzecc_cfwaekvfhc,,224722475
Move_Operation_Component,getMeanTimeToDelivery,Persistence,,304948043
Move_Operation_New_Component_New_Node,getProductWithStockItem,New-Component_mbaoylwuqb,New-Node_zizrfoodqi,665829503
Move_Operation_New_Component_New_Node,rollInReceivedOrder,New-Component_rfnzvpklck,New-Node_thqnuokknb,652973998
UMLCloneNode,New-Node_puuvxqzecc,New-Node_puuvxqzecc_cfwaekvfhc,,218312857
Move_Operation_Component,getMeanTimeToDelivery,Persistence,,324765150
Move_Operation_New_Component_New_Node,getProductWithStockItem,New-Component_mbaoylwuqb,New-Node_zizrfoodqi,707346149
Move_Operation_New_Component_New_Node,getMeanTimeToDeliveryReport,New-Component_xofoofijcw,New-Node_uslfqvihan,691045043
UMLCloneNode,CashDeskPC,CashDeskPC_mcarilbxvz,,461760714
UMLCloneNode,LightDisplay,LightDisplay_ondwnjrnts,,464190369
UMLCloneNode,EnterpriseClient,EnterpriseClient_rmqujwagnd,,452468711
Move_Component_New_Node,Inventory,New-Node_avtxagunsq,,625896216
Move_Operation_Component,getTransactionContext,Reporting,,272564402
Move_Operation_New_Component_New_Node,enterOrderID,New-Component_fjullchefc,New-Node_axjuhsghxm,613862523
UMLCloneNode,LightDisplay,LightDisplay_shfsnxdsoo,,389632210
UMLCloneNode,StoreServer,StoreServer_zmqtgxldcq,,472346723
Move_Operation_Component,getProductWithStockItem,AppStore,,270491795
Move_Operation_New_Component_New_Node,scanProduct,New-Component_kgsmalvowv,New-Node_ekvubtgbuq,744367826
Move_Component_New_Node,Inventory,New-Node_rezhurpqke,,557332636
Move_Operation_Component,getMeanTimeToDelivery,Inventory,,338588801
Move_Component_New_Node,AppStore,New-Node_nyrmxlpvje,,519873558
UMLCloneNode,CashBox,CashBox_icndnfbotz,,555972957
Move_Operation_New_Component_New_Node,getTransaction,New-Component_unaillxuci,New-Node_lqaexdslko,738293417
UMLCloneNode,EnterpriseClient,EnterpriseClient_epbfrjcthv,,632239149
Move_Operation_New_Component_New_Node,saleStartedEvent,New-Component_tfqmpingcq,New-Node_sriqndixaq,807866319
Move_Operation_New_Component_New_Node,printRunningTotal,New-Component_zhtjikjgkt,New-Node_cuurugeqhh,660579619
UMLCloneNode,New-Node_yajvawmtel,New-Node_yajvawmtel_etktjkypmp,,236090933
UMLCloneNode,StoreServer,StoreServer_zmqtgxldcq,,534533657
Move_Operation_Component,enterOrderID,Reporting,,289626293
Move_Component_New_Node,ScannerController,New-Node_gfzrswiwkp,,537801834
UMLCloneNode,LightDisplay,LightDisplay_rrvxbseajf,,511719680
UMLCloneNode,StoreServer,StoreServer_zmqtgxldcq,,460872579
Move_Operation_Component,enterOrderID,Reporting,,297516398
Move_Component_New_Node,ScannerController,New-Node_gfzrswiwkp,,549317938
UMLCloneNode,LightDisplay,LightDisplay_rrvxbseajf,,465796261
Move_Operation_Component,createReport,CashDeskApplication,,282644312
Move_Component_New_Node,AppStore,New-Node_nyrmxlpvje,,1339888086
UMLCloneNode,CashBox,CashBox_icndnfbotz,,459876140
Move_Operation_New_Component_New_Node,getTransaction,New-Component_unaillxuci,New-Node_lqaexdslko,792737622
Move_Component_New_Node,Inventory,New-Node_avtxagunsq,,640955483
Move_Operation_Component,getTransactionContext,Reporting,,294236337
Move_Operation_New_Component_New_Node,enterOrderID,New-Component_fjullchefc,New-Node_axjuhsghxm,721750267
Move_Operation_New_Component_New_Node,getProductWithStockItem,New-Component_mbaoylwuqb,New-Node_zizrfoodqi,747637547
Move_Operation_Component,enterOrderID,Reporting,,322248782
Move_Component_New_Node,AppStore,New-Node_nyrmxlpvje,,548374289
UMLCloneNode,CashBox,CashBox_icndnfbotz,,464409030
Move_Operation_New_Component_New_Node,getTransaction,New-Component_unaillxuci,New-Node_lqaexdslko,646697359
Move_Component_New_Node,Inventory,New-Node_lapzxzvbca,,668277874
Move_Operation_New_Component_New_Node,saleStartedEvent,New-Component_tfqmpingcq,New-Node_sriqndixaq,748559005
Move_Operation_New_Component_New_Node,printRunningTotal,New-Component_zhtjikjgkt,New-Node_cuurugeqhh,727081113
Move_Operation_New_Component_New_Node,queryStockItem,New-Component_zxvagbnvgj,New-Node_wabzihzmtq,613223444
Move_Component_New_Node,Inventory,New-Node_lapzxzvbca,,530344142
Move_Operation_New_Component_New_Node,saleStartedEvent,New-Component_tfqmpingcq,New-Node_sriqndixaq,649234065
Move_Operation_New_Component_New_Node,printRunningTotal,New-Component_zhtjikjgkt,New-Node_cuurugeqhh,646243608
Move_Operation_New_Component_New_Node,queryStockItem,New-Component_zxvagbnvgj,New-Node_wabzihzmtq,673953847
Move_Component_New_Node,Inventory,New-Node_avtxagunsq,,552276375
Move_Operation_New_Component_New_Node,getMeanTimeToDelivery,New-Component_blgbssnegx,New-Node_rqljnksubo,681947966
Move_Operation_New_Component_New_Node,enterOrderID,New-Component_fjullchefc,New-Node_axjuhsghxm,723037200
UMLCloneNode,LightDisplay,LightDisplay_shfsnxdsoo,,513745889
UMLCloneNode,BarCodeScanner,BarCodeScanner_blvokhnnfe,,550792002
UMLCloneNode,BarCodeScanner_blvokhnnfe,BarCodeScanner_blvokhnnfe_bffkqnvepx,,486829739
Move_Component_New_Node,CashDeskGUI,New-Node_taasskwwwe,,541705414
UMLCloneNode,BarCodeScanner_blvokhnnfe_bffkqnvepx,BarCodeScanner_blvokhnnfe_bffkqnvepx_pfhlfyodel,,470821183
Move_Component_New_Node,Inventory,New-Node_avtxagunsq,,568261509
Move_Operation_Component,getTransactionContext,Reporting,,307760677
Move_Operation_New_Component_New_Node,enterOrderID,New-Component_fjullchefc,New-Node_axjuhsghxm,750759552
UMLCloneNode,New-Node_yajvawmtel,New-Node_yajvawmtel_etktjkypmp,,247899774
Move_Operation_New_Component_New_Node,queryStockItem,New-Component_ktvrlwxaig,New-Node_hxymzvjxpa,1247343670
UMLCloneNode,New-Node_puuvxqzecc,New-Node_puuvxqzecc_cfwaekvfhc,,232069221
Move_Operation_Component,getMeanTimeToDelivery,Persistence,,279309820
Move_Operation_New_Component_New_Node,getProductWithStockItem,New-Component_mbaoylwuqb,New-Node_zizrfoodqi,697164428
Move_Component_New_Node,Inventory,New-Node_avtxagunsq,,704147010
Move_Operation_Component,getTransactionContext,Reporting,,309627497
Move_Operation_New_Component_New_Node,enterOrderID,New-Component_fjullchefc,New-Node_axjuhsghxm,753086344
Move_Operation_New_Component_New_Node,getProductWithStockItem,New-Component_mbaoylwuqb,New-Node_zizrfoodqi,745832322
UMLCloneNode,StoreServer,StoreServer_zmqtgxldcq,,512570535
Move_Operation_Component,enterOrderID,Reporting,,331017274
Move_Component_New_Node,ScannerController,New-Node_gfzrswiwkp,,532647761
UMLCloneNode,LightDisplay,LightDisplay_rrvxbseajf,,466498508
Move_Operation_New_Component_New_Node,rollInReceivedOrder,New-Component_rfnzvpklck,New-Node_thqnuokknb,688883290
UMLCloneNode,New-Node_puuvxqzecc,New-Node_puuvxqzecc_cfwaekvfhc,,227040492
Move_Operation_Component,getMeanTimeToDelivery,Persistence,,276834438
Move_Operation_New_Component_New_Node,getProductWithStockItem,New-Component_mbaoylwuqb,New-Node_zizrfoodqi,626149350
Move_Operation_New_Component_New_Node,queryStockItem,New-Component_ktvrlwxaig,New-Node_hxymzvjxpa,776789418
UMLCloneNode,New-Node_puuvxqzecc,New-Node_puuvxqzecc_cfwaekvfhc,,241893763
Move_Operation_Component,getMeanTimeToDelivery,Persistence,,248472789
Move_Operation_New_Component_New_Node,getProductWithStockItem,New-Component_mbaoylwuqb,New-Node_zizrfoodqi,553998565
Move_Component_New_Node,CashBoxController,New-Node_qbyhdyxexg,,569644842
UMLCloneNode,New-Node_puuvxqzecc,New-Node_puuvxqzecc_cfwaekvfhc,,225647771
Move_Operation_Component,getMeanTimeToDelivery,Persistence,,285970038
Move_Operation_New_Component_New_Node,getProductWithStockItem,New-Component_mbaoylwuqb,New-Node_zizrfoodqi,638236986
UMLCloneNode,Printer,Printer_skrrurdyat,,488925208
UMLCloneNode,New-Node_puuvxqzecc,New-Node_puuvxqzecc_cfwaekvfhc,,230866276
Move_Operation_Component,getMeanTimeToDelivery,Persistence,,264776168
Move_Operation_New_Component_New_Node,getProductWithStockItem,New-Component_mbaoylwuqb,New-Node_zizrfoodqi,652348846
Move_Operation_New_Component_New_Node,queryStockItem,New-Component_ktvrlwxaig,New-Node_hxymzvjxpa,686217361
UMLCloneNode,New-Node_puuvxqzecc,New-Node_puuvxqzecc_cfwaekvfhc,,220593874
Move_Operation_Component,getMeanTimeToDelivery,Persistence,,290945006
Move_Operation_New_Component_New_Node,getProductWithStockItem,New-Component_mbaoylwuqb,New-Node_zizrfoodqi,654468751
Move_Component_New_Node,Inventory,New-Node_avtxagunsq,,1183605709
Move_Operation_New_Component_New_Node,getMeanTimeToDelivery,New-Component_blgbssnegx,New-Node_rqljnksubo,651940591
Move_Operation_New_Component_New_Node,enterOrderID,New-Component_fjullchefc,New-Node_axjuhsghxm,1490963159
UMLCloneNode,LightDisplay,LightDisplay_shfsnxdsoo,,468748136
Move_Component_New_Node,Inventory,New-Node_avtxagunsq,,589668828
Move_Operation_Component,getTransactionContext,Reporting,,271989824
Move_Operation_New_Component_New_Node,enterOrderID,New-Component_fjullchefc,New-Node_axjuhsghxm,647382364
Move_Operation_New_Component_New_Node,getProductWithStockItem,New-Component_mbaoylwuqb,New-Node_zizrfoodqi,649085848
Move_Operation_New_Component_New_Node,rollInReceivedOrder,New-Component_rfnzvpklck,New-Node_thqnuokknb,744401089
UMLCloneNode,New-Node_puuvxqzecc,New-Node_puuvxqzecc_cfwaekvfhc,,234649058
Move_Operation_Component,getMeanTimeToDelivery,Persistence,,286019501
Move_Operation_New_Component_New_Node,getProductWithStockItem,New-Component_mbaoylwuqb,New-Node_zizrfoodqi,679365604
Move_Component_New_Node,Inventory,New-Node_avtxagunsq,,612388308
Move_Operation_Component,getTransactionContext,Reporting,,289097071
Move_Operation_New_Component_New_Node,enterOrderID,New-Component_fjullchefc,New-Node_axjuhsghxm,710678357
Move_Operation_New_Component_New_Node,getProductWithStockItem,New-Component_mbaoylwuqb,New-Node_zizrfoodqi,683403455
Move_Component_New_Node,Inventory,New-Node_avtxagunsq,,535865565
Move_Operation_Component,getTransactionContext,Reporting,,277639588
Move_Operation_New_Component_New_Node,enterOrderID,New-Component_fjullchefc,New-Node_axjuhsghxm,655902730
Move_Operation_New_Component_New_Node,getProductWithStockItem,New-Component_mbaoylwuqb,New-Node_zizrfoodqi,649149177
Move_Component_New_Node,Inventory,New-Node_avtxagunsq,,490852051
Move_Operation_Component,getTransactionContext,Reporting,,244779804
Move_Operation_New_Component_New_Node,enterOrderID,New-Component_fjullchefc,New-Node_axjuhsghxm,551402918
Move_Operation_New_Component_New_Node,getProductWithStockItem,New-Component_mbaoylwuqb,New-Node_zizrfoodqi,567988256
UMLCloneNode,BarCodeScanner,BarCodeScanner_blvokhnnfe,,539168237
UMLCloneNode,BarCodeScanner_blvokhnnfe,BarCodeScanner_blvokhnnfe_bffkqnvepx,,463606805
Move_Component_New_Node,CashDeskGUI,New-Node_taasskwwwe,,515235642
UMLCloneNode,BarCodeScanner_blvokhnnfe_bffkqnvepx,BarCodeScanner_blvokhnnfe_bffkqnvepx_pfhlfyodel,,475425056
Move_Component_New_Node,Inventory,New-Node_avtxagunsq,,562600664
Move_Operation_Component,getTransactionContext,Reporting,,287836117
Move_Operation_New_Component_New_Node,enterOrderID,New-Component_fjullchefc,New-Node_axjuhsghxm,670056640
Move_Operation_New_Component_New_Node,getProductWithStockItem,New-Component_mbaoylwuqb,New-Node_zizrfoodqi,671516957
Move_Component_New_Node,Inventory,New-Node_avtxagunsq,,450360678
Move_Operation_Component,getTransactionContext,Reporting,,701282729
Move_Operation_New_Component_New_Node,enterOrderID,New-Component_fjullchefc,New-Node_axjuhsghxm,726351544
UMLCloneNode,New-Node_yajvawmtel,New-Node_yajvawmtel_etktjkypmp,,242632689
UMLCloneNode,StoreServer,StoreServer_zmqtgxldcq,,653985464
Move_Operation_Component,enterOrderID,Reporting,,301297528
Move_Component_New_Node,ScannerController,New-Node_gfzrswiwkp,,565243570
UMLCloneNode,LightDisplay,LightDisplay_rrvxbseajf,,495103273
Move_Component_New_Node,Inventory,New-Node_igbavbdhfq,,557347925
UMLCloneNode,New-Node_puuvxqzecc,New-Node_puuvxqzecc_cfwaekvfhc,,221815956
Move_Operation_Component,getMeanTimeToDelivery,Persistence,,281214751
Move_Operation_New_Component_New_Node,getProductWithStockItem,New-Component_mbaoylwuqb,New-Node_zizrfoodqi,678056048
UMLCloneNode,StoreServer,StoreServer_viorzstxmq,,508288926
Move_Operation_New_Component_New_Node,getMeanTimeToDelivery,New-Component_blgbssnegx,New-Node_rqljnksubo,615025694
Move_Operation_New_Component_New_Node,enterOrderID,New-Component_fjullchefc,New-Node_axjuhsghxm,538306892
UMLCloneNode,LightDisplay,LightDisplay_shfsnxdsoo,,364936484
Move_Operation_New_Component_New_Node,queryStockItem,New-Component_ktvrlwxaig,New-Node_hxymzvjxpa,668194477
UMLCloneNode,New-Node_puuvxqzecc,New-Node_puuvxqzecc_cfwaekvfhc,,239661808
Move_Operation_Component,getMeanTimeToDelivery,Persistence,,303284854
Move_Operation_New_Component_New_Node,getProductWithStockItem,New-Component_mbaoylwuqb,New-Node_zizrfoodqi,720727269
UMLCloneNode,EnterpriseClient,EnterpriseClient_epbfrjcthv,,496787100
Move_Operation_New_Component_New_Node,saleStartedEvent,New-Component_tfqmpingcq,New-Node_sriqndixaq,733421341
Move_Operation_New_Component_New_Node,printRunningTotal,New-Component_zhtjikjgkt,New-Node_cuurugeqhh,706499271
UMLCloneNode,New-Node_yajvawmtel,New-Node_yajvawmtel_etktjkypmp,,223610401
Move_Component_New_Node,CashBoxController,New-Node_qbyhdyxexg,,600148728
UMLCloneNode,New-Node_puuvxqzecc,New-Node_puuvxqzecc_cfwaekvfhc,,244440118
Move_Operation_Component,getMeanTimeToDelivery,Persistence,,281475220
Move_Operation_New_Component_New_Node,getProductWithStockItem,New-Component_mbaoylwuqb,New-Node_zizrfoodqi,710154435
Move_Component_New_Node,Inventory,New-Node_avtxagunsq,,629988620
Move_Operation_New_Component_New_Node,getMeanTimeToDelivery,New-Component_blgbssnegx,New-Node_rqljnksubo,729522360
Move_Operation_New_Component_New_Node,enterOrderID,New-Component_fjullchefc,New-Node_axjuhsghxm,716762976
UMLCloneNode,LightDisplay,LightDisplay_shfsnxdsoo,,588662271
UMLCloneNode,StoreServer,StoreServer_zmqtgxldcq,,487878927
UMLCloneNode,CashBox,CashBox_ztqyspotmb,,471503232
Move_Operation_New_Component_New_Node,scanProduct,New-Component_kgsmalvowv,New-Node_ekvubtgbuq,727067818
Move_Component_New_Node,Inventory,New-Node_rezhurpqke,,552866762
UMLCloneNode,BarCodeScanner,BarCodeScanner_blvokhnnfe,,512519298
UMLCloneNode,BarCodeScanner_blvokhnnfe,BarCodeScanner_blvokhnnfe_bffkqnvepx,,475160800
Move_Component_New_Node,CashDeskGUI,New-Node_taasskwwwe,,525597711
UMLCloneNode,BarCodeScanner_blvokhnnfe_bffkqnvepx,BarCodeScanner_blvokhnnfe_bffkqnvepx_pfhlfyodel,,457403884
Move_Operation_Component,createReport,CashDeskApplication,,355389373
Move_Component_New_Node,AppStore,New-Node_nyrmxlpvje,,555638239
UMLCloneNode,CashBox,CashBox_icndnfbotz,,473194923
Move_Operation_New_Component_New_Node,getTransaction,New-Component_unaillxuci,New-Node_lqaexdslko,672202803
Move_Component_New_Node,Inventory,New-Node_avtxagunsq,,668181604
Move_Operation_Component,getTransactionContext,Reporting,,338744693
Move_Operation_New_Component_New_Node,enterOrderID,New-Component_fjullchefc,New-Node_axjuhsghxm,750371253
Move_Operation_New_Component_New_Node,getProductWithStockItem,New-Component_mbaoylwuqb,New-Node_zizrfoodqi,757552037
UMLCloneNode,CashDeskPC,CashDeskPC_bvivxglmrs,,488169251
Move_Operation_Component,enterOrderID,Reporting,,314224967
Move_Component_New_Node,ScannerController,New-Node_gfzrswiwkp,,636013677
UMLCloneNode,LightDisplay,LightDisplay_rrvxbseajf,,613191975
UMLCloneNode,Printer,Printer_skrrurdyat,,482393181
UMLCloneNode,New-Node_puuvxqzecc,New-Node_puuvxqzecc_cfwaekvfhc,,234242226
Move_Operation_Component,getMeanTimeToDelivery,Persistence,,302481467
UMLCloneNode,LightDisplay,LightDisplay_shfsnxdsoo,,493781154
UMLCloneNode,StoreServer,StoreServer_viorzstxmq,,568243855
UMLCloneNode,CashDeskPC,CashDeskPC_sfwvaxzbel,,483237875
Move_Operation_New_Component_New_Node,enterOrderID,New-Component_fjullchefc,New-Node_axjuhsghxm,640821051
Move_Operation_New_Component_New_Node,getProductWithStockItem,New-Component_mbaoylwuqb,New-Node_zizrfoodqi,646530627
UMLCloneNode,Printer,Printer_skrrurdyat,,508882449
UMLCloneNode,New-Node_puuvxqzecc,New-Node_puuvxqzecc_cfwaekvfhc,,238095221
Move_Operation_Component,getMeanTimeToDelivery,Persistence,,267201156
Move_Operation_New_Component_New_Node,getProductWithStockItem,New-Component_mbaoylwuqb,New-Node_zizrfoodqi,656251334
Move_Operation_New_Component_New_Node,getMeanTimeToDelivery,New-Component_tjbbjcbayp,New-Node_uxcdltyeeo,755036260
UMLCloneNode,CashBox,CashBox_ztqyspotmb,,1167143822
Move_Operation_New_Component_New_Node,scanProduct,New-Component_kgsmalvowv,New-Node_ekvubtgbuq,707364884
Move_Component_New_Node,Inventory,New-Node_rezhurpqke,,550338852
UMLCloneNode,StoreServer,StoreServer_zmqtgxldcq,,432707358
Move_Operation_Component,enterOrderID,Reporting,,288869775
Move_Component_New_Node,ScannerController,New-Node_gfzrswiwkp,,448494699
UMLCloneNode,LightDisplay,LightDisplay_rrvxbseajf,,486620116
UMLCloneNode,CashDeskPC,CashDeskPC_bvivxglmrs,,511325400
Move_Operation_Component,enterOrderID,Reporting,,264074102
Move_Component_New_Node,ScannerController,New-Node_gfzrswiwkp,,519229420
UMLCloneNode,LightDisplay,LightDisplay_rrvxbseajf,,491357179
UMLCloneNode,CashDeskPC,CashDeskPC_bvivxglmrs,,473563375
Move_Operation_Component,enterOrderID,Reporting,,265689411
Move_Component_New_Node,ScannerController,New-Node_gfzrswiwkp,,513733035
UMLCloneNode,LightDisplay,LightDisplay_rrvxbseajf,,464190140
Move_Component_New_Node,Inventory,New-Node_avtxagunsq,,592602429
Move_Operation_Component,getTransactionContext,Reporting,,290064896
Move_Operation_New_Component_New_Node,enterOrderID,New-Component_fjullchefc,New-Node_axjuhsghxm,719885992
UMLCloneNode,New-Node_yajvawmtel,New-Node_yajvawmtel_etktjkypmp,,239053367
UMLCloneNode,StoreServer,StoreServer_zmqtgxldcq,,588864510
Move_Operation_Component,enterOrderID,Reporting,,323889679
Move_Component_New_Node,ScannerController,New-Node_gfzrswiwkp,,597171726
UMLCloneNode,LightDisplay,LightDisplay_rrvxbseajf,,507597510
Move_Component_New_Node,Inventory,New-Node_lapzxzvbca,,635014894
Move_Operation_New_Component_New_Node,saleStartedEvent,New-Component_tfqmpingcq,New-Node_sriqndixaq,769936368
Move_Operation_New_Component_New_Node,printRunningTotal,New-Component_zhtjikjgkt,New-Node_cuurugeqhh,764993320
Move_Operation_New_Component_New_Node,queryStockItem,New-Component_zxvagbnvgj,New-Node_wabzihzmtq,753055005
UMLCloneNode,EnterpriseClient,EnterpriseClient_epbfrjcthv,,492445530
Move_Operation_New_Component_New_Node,saleStartedEvent,New-Component_tfqmpingcq,New-Node_sriqndixaq,679235890
Move_Operation_New_Component_New_Node,printRunningTotal,New-Component_zhtjikjgkt,New-Node_cuurugeqhh,737014368
UMLCloneNode,LightDisplay,LightDisplay_shfsnxdsoo,,573303472
UMLCloneNode,EnterpriseClient,EnterpriseClient_epbfrjcthv,,802974417
Move_Operation_New_Component_New_Node,saleStartedEvent,New-Component_tfqmpingcq,New-Node_sriqndixaq,686102827
Move_Operation_New_Component_New_Node,printRunningTotal,New-Component_zhtjikjgkt,New-Node_cuurugeqhh,664515419
UMLCloneNode,New-Node_yajvawmtel,New-Node_yajvawmtel_etktjkypmp,,271760795
UMLCloneNode,BarCodeScanner,BarCodeScanner_blvokhnnfe,,480835190
UMLCloneNode,BarCodeScanner_blvokhnnfe,BarCodeScanner_blvokhnnfe_bffkqnvepx,,495103213
Move_Component_New_Node,CashDeskGUI,New-Node_taasskwwwe,,607947211
UMLCloneNode,BarCodeScanner_blvokhnnfe_bffkqnvepx,BarCodeScanner_blvokhnnfe_bffkqnvepx_pfhlfyodel,,566764542
Move_Operation_New_Component_New_Node,getMeanTimeToDelivery,New-Component_tjbbjcbayp,New-Node_uxcdltyeeo,767056929
UMLCloneNode,CashBox,CashBox_ztqyspotmb,,561848233
Move_Operation_New_Component_New_Node,scanProduct,New-Component_kgsmalvowv,New-Node_ekvubtgbuq,724374398
Move_Component_New_Node,Inventory,New-Node_rezhurpqke,,594052257
UMLCloneNode,EnterpriseClient,EnterpriseClient_epbfrjcthv,,498589359
Move_Operation_New_Component_New_Node,saleStartedEvent,New-Component_tfqmpingcq,New-Node_sriqndixaq,572180557
Move_Operation_New_Component_New_Node,printRunningTotal,New-Component_zhtjikjgkt,New-Node_cuurugeqhh,600050094
Move_Operation_New_Component_New_Node,saleStartedEvent,New-Component_ezwalcjefa,New-Node_ibvnwizwyu,633034571
Move_Operation_New_Component_New_Node,getMeanTimeToDelivery,New-Component_tjbbjcbayp,New-Node_uxcdltyeeo,675070310
UMLCloneNode,CashBox,CashBox_ztqyspotmb,,474179470
Move_Operation_New_Component_New_Node,scanProduct,New-Component_kgsmalvowv,New-Node_ekvubtgbuq,682919217
Move_Component_New_Node,Inventory,New-Node_rezhurpqke,,593941489
Move_Operation_New_Component_New_Node,getMeanTimeToDelivery,New-Component_tjbbjcbayp,New-Node_uxcdltyeeo,855768658
UMLCloneNode,CashBox,CashBox_ztqyspotmb,,517023956
Move_Operation_New_Component_New_Node,scanProduct,New-Component_kgsmalvowv,New-Node_ekvubtgbuq,733508985
Move_Component_New_Node,Inventory,New-Node_rezhurpqke,,591464726
Move_Component_New_Node,Inventory,New-Node_avtxagunsq,,674952619
Move_Operation_New_Component_New_Node,getMeanTimeToDelivery,New-Component_blgbssnegx,New-Node_rqljnksubo,645146631
Move_Operation_New_Component_New_Node,enterOrderID,New-Component_fjullchefc,New-Node_axjuhsghxm,578773529
UMLCloneNode,LightDisplay,LightDisplay_shfsnxdsoo,,421529018
UMLCloneNode,StoreServer,StoreServer_zmqtgxldcq,,550553765
UMLCloneNode,CashBox,CashBox_ztqyspotmb,,553087135
Move_Operation_New_Component_New_Node,scanProduct,New-Component_kgsmalvowv,New-Node_ekvubtgbuq,737103055
Move_Component_New_Node,Inventory,New-Node_rezhurpqke,,581792039
Move_Operation_New_Component_New_Node,enterOrderID,New-Component_vydenjryhm,New-Node_ldqxjwpbxl,654073259
Move_Component_New_Node,AppStore,New-Node_nyrmxlpvje,,600675546
UMLCloneNode,CashBox,CashBox_icndnfbotz,,470184699
Move_Operation_New_Component_New_Node,getTransaction,New-Component_unaillxuci,New-Node_lqaexdslko,693608290
Move_Operation_Component,createReport,CashDeskApplication,,387786799
Move_Component_New_Node,AppStore,New-Node_nyrmxlpvje,,568360714
UMLCloneNode,CashBox,CashBox_icndnfbotz,,566625731
Move_Operation_New_Component_New_Node,getTransaction,New-Component_unaillxuci,New-Node_lqaexdslko,649683729
UMLCloneNode,BarCodeScanner_uaurbyqmwd_xnmuxoppqo,BarCodeScanner_uaurbyqmwd_xnmuxoppqo_vnkabmfbir,,268568038
UMLCloneNode,BarCodeScanner_blvokhnnfe,BarCodeScanner_blvokhnnfe_bffkqnvepx,,238596129
Move_Component_New_Node,CashDeskGUI,New-Node_taasskwwwe,,547027253
UMLCloneNode,BarCodeScanner_blvokhnnfe_bffkqnvepx,BarCodeScanner_blvokhnnfe_bffkqnvepx_pfhlfyodel,,233825524
Move_Component_New_Node,Inventory,New-Node_lapzxzvbca,,549283854
Move_Operation_New_Component_New_Node,saleStartedEvent,New-Component_tfqmpingcq,New-Node_sriqndixaq,651218065
Move_Operation_New_Component_New_Node,printRunningTotal,New-Component_zhtjikjgkt,New-Node_cuurugeqhh,667359040
Move_Operation_New_Component_New_Node,queryStockItem,New-Component_zxvagbnvgj,New-Node_wabzihzmtq,641208618
Move_Operation_New_Component_New_Node,getMeanTimeToDelivery,New-Component_tjbbjcbayp,New-Node_uxcdltyeeo,773426072
UMLCloneNode,CashBox,CashBox_ztqyspotmb,,572361686
Move_Operation_New_Component_New_Node,scanProduct,New-Component_kgsmalvowv,New-Node_ekvubtgbuq,775107404
Move_Component_New_Node,Inventory,New-Node_rezhurpqke,,612785873
UMLCloneNode,BarCodeScanner,BarCodeScanner_blvokhnnfe,,500861601
UMLCloneNode,BarCodeScanner_blvokhnnfe,BarCodeScanner_blvokhnnfe_bffkqnvepx,,467399457
Move_Component_New_Node,CashDeskGUI,New-Node_taasskwwwe,,521421040
UMLCloneNode,BarCodeScanner_blvokhnnfe_bffkqnvepx,BarCodeScanner_blvokhnnfe_bffkqnvepx_pfhlfyodel,,502624465
UMLCloneNode,EnterpriseClient,EnterpriseClient_iclvzjcuya,,492584811
Move_Operation_Component,getTransactionContext,Reporting,,397117885
Move_Operation_New_Component_New_Node,enterOrderID,New-Component_fjullchefc,New-Node_axjuhsghxm,723129654
Move_Operation_New_Component_New_Node,getProductWithStockItem,New-Component_mbaoylwuqb,New-Node_zizrfoodqi,716753568
Move_Component_New_Node,Inventory,New-Node_avtxagunsq,,579589389
Move_Operation_Component,getTransactionContext,Reporting,,278363415
Move_Operation_New_Component_New_Node,enterOrderID,New-Component_fjullchefc,New-Node_axjuhsghxm,641716460
Move_Operation_New_Component_New_Node,getProductWithStockItem,New-Component_mbaoylwuqb,New-Node_zizrfoodqi,658970542
UMLCloneNode,StoreServer,StoreServer_viorzstxmq,,536259673
Move_Operation_New_Component_New_Node,getMeanTimeToDelivery,New-Component_blgbssnegx,New-Node_rqljnksubo,1097211676
Move_Operation_New_Component_New_Node,enterOrderID,New-Component_fjullchefc,New-Node_axjuhsghxm,666018528
UMLCloneNode,LightDisplay,LightDisplay_shfsnxdsoo,,1044150744
Move_Operation_New_Component_New_Node,getMeanTimeToDelivery,New-Component_tjbbjcbayp,New-Node_uxcdltyeeo,712140970
UMLCloneNode,CashBox,CashBox_ztqyspotmb,,517895640
Move_Operation_New_Component_New_Node,scanProduct,New-Component_kgsmalvowv,New-Node_ekvubtgbuq,695694521
Move_Component_New_Node,Inventory,New-Node_rezhurpqke,,558058277
Move_Operation_New_Component_New_Node,rollInReceivedOrder,New-Component_rfnzvpklck,New-Node_thqnuokknb,743065794
UMLCloneNode,New-Node_puuvxqzecc,New-Node_puuvxqzecc_cfwaekvfhc,,237029141
Move_Operation_Component,getMeanTimeToDelivery,Persistence,,289299210
Move_Operation_New_Component_New_Node,getProductWithStockItem,New-Component_mbaoylwuqb,New-Node_zizrfoodqi,687662471
Move_Operation_Component,queryStockItem,PrinterController,,324272397
Move_Component_New_Node,AppStore,New-Node_nyrmxlpvje,,635203046
UMLCloneNode,CashBox,CashBox_icndnfbotz,,580004367
Move_Operation_New_Component_New_Node,getTransaction,New-Component_unaillxuci,New-Node_lqaexdslko,762208939
UMLCloneNode,Printer,Printer_skrrurdyat,,413638973
UMLCloneNode,New-Node_puuvxqzecc,New-Node_puuvxqzecc_cfwaekvfhc,,233825685
Move_Operation_Component,getMeanTimeToDelivery,Persistence,,278999007
UMLCloneNode,LightDisplay,LightDisplay_shfsnxdsoo,,409024902
UMLCloneNode,EnterpriseServer,EnterpriseServer_woopitduns,,480024750
Move_Operation_Component,enterOrderID,Reporting,,275810207
Move_Component_New_Node,ScannerController,New-Node_gfzrswiwkp,,599584019
UMLCloneNode,LightDisplay,LightDisplay_rrvxbseajf,,475500176
UMLCloneNode,StoreServer,StoreServer_zmqtgxldcq,,551343817
Move_Operation_Component,enterOrderID,Reporting,,267937125
Move_Component_New_Node,ScannerController,New-Node_gfzrswiwkp,,522582588
UMLCloneNode,LightDisplay,LightDisplay_rrvxbseajf,,439270093
UMLCloneNode,StoreServer,StoreServer_zmqtgxldcq,,496958832
UMLCloneNode,CashBox,CashBox_ztqyspotmb,,552769169
Move_Operation_New_Component_New_Node,scanProduct,New-Component_kgsmalvowv,New-Node_ekvubtgbuq,736615390
Move_Component_New_Node,Inventory,New-Node_rezhurpqke,,516308223
Move_Operation_New_Component_New_Node,enterOrderID,New-Component_vydenjryhm,New-Node_ldqxjwpbxl,754230900
Move_Component_New_Node,AppStore,New-Node_nyrmxlpvje,,541243568
UMLCloneNode,CashBox,CashBox_icndnfbotz,,1077432339
Move_Operation_New_Component_New_Node,getTransaction,New-Component_unaillxuci,New-Node_lqaexdslko,668102214
Move_Operation_New_Component_New_Node,enterOrderID,New-Component_vydenjryhm,New-Node_ldqxjwpbxl,723679454
Move_Component_New_Node,AppStore,New-Node_nyrmxlpvje,,543091623
UMLCloneNode,CashBox,CashBox_icndnfbotz,,460916922
Move_Operation_New_Component_New_Node,getTransaction,New-Component_unaillxuci,New-Node_lqaexdslko,662006054
UMLCloneNode,Printer,Printer_skrrurdyat,,555468591
UMLCloneNode,New-Node_puuvxqzecc,New-Node_puuvxqzecc_cfwaekvfhc,,226786476
Move_Operation_Component,getMeanTimeToDelivery,Persistence,,275563365
UMLCloneNode,LightDisplay,LightDisplay_shfsnxdsoo,,546782694
Move_Operation_New_Component_New_Node,rollInReceivedOrder,New-Component_rfnzvpklck,New-Node_thqnuokknb,717565580
UMLCloneNode,New-Node_puuvxqzecc,New-Node_puuvxqzecc_cfwaekvfhc,,226502673
Move_Operation_Component,getMeanTimeToDelivery,Persistence,,270823808
Move_Operation_New_Component_New_Node,getProductWithStockItem,New-Component_mbaoylwuqb,New-Node_zizrfoodqi,666976874
Move_Operation_New_Component_New_Node,getProductWithStockItem,New-Component_nbbqbifmcy,New-Node_owlvdvwjhr,737247445
UMLCloneNode,CashBox,CashBox_ztqyspotmb,,515648727
Move_Operation_New_Component_New_Node,scanProduct,New-Component_kgsmalvowv,New-Node_ekvubtgbuq,713078007
Move_Component_New_Node,Inventory,New-Node_rezhurpqke,,673896629
Move_Operation_New_Component_New_Node,queryStockItem,New-Component_ktvrlwxaig,New-Node_hxymzvjxpa,734778456
UMLCloneNode,New-Node_puuvxqzecc,New-Node_puuvxqzecc_cfwaekvfhc,,237611152
Move_Operation_Component,getMeanTimeToDelivery,Persistence,,300953152
Move_Operation_New_Component_New_Node,getProductWithStockItem,New-Component_mbaoylwuqb,New-Node_zizrfoodqi,759238480
UMLCloneNode,EnterpriseServer,EnterpriseServer_woopitduns,,510535459
Move_Operation_Component,enterOrderID,Reporting,,318803963
Move_Component_New_Node,ScannerController,New-Node_gfzrswiwkp,,537813626
UMLCloneNode,LightDisplay,LightDisplay_rrvxbseajf,,455541784
Move_Operation_New_Component_New_Node,queryStockItem,New-Component_ktvrlwxaig,New-Node_hxymzvjxpa,725292509
UMLCloneNode,New-Node_puuvxqzecc,New-Node_puuvxqzecc_cfwaekvfhc,,233966198
Move_Operation_Component,getMeanTimeToDelivery,Persistence,,271123590
Move_Operation_New_Component_New_Node,getProductWithStockItem,New-Component_mbaoylwuqb,New-Node_zizrfoodqi,635177249
UMLCloneNode,LightDisplay,LightDisplay_bndppfrtvk,,395538183
UMLCloneNode,BarCodeScanner_blvokhnnfe,BarCodeScanner_blvokhnnfe_bffkqnvepx,,191636879
Move_Component_New_Node,CashDeskGUI,New-Node_taasskwwwe,,520084053
UMLCloneNode,BarCodeScanner_blvokhnnfe_bffkqnvepx,BarCodeScanner_blvokhnnfe_bffkqnvepx_pfhlfyodel,,237867323
UMLCloneNode,StoreServer,StoreServer_viorzstxmq,,524306159
Move_Operation_New_Component_New_Node,getMeanTimeToDelivery,New-Component_blgbssnegx,New-Node_rqljnksubo,672729190
Move_Operation_New_Component_New_Node,enterOrderID,New-Component_fjullchefc,New-Node_axjuhsghxm,765810923
UMLCloneNode,LightDisplay,LightDisplay_shfsnxdsoo,,515867838
UMLCloneNode,CashDeskPC,CashDeskPC_kjtiyoxgcc,,521773561
UMLCloneNode,New-Node_puuvxqzecc,New-Node_puuvxqzecc_cfwaekvfhc,,197406176
Move_Operation_Component,getMeanTimeToDelivery,Persistence,,296826154
Move_Operation_New_Component_New_Node,getProductWithStockItem,New-Component_mbaoylwuqb,New-Node_zizrfoodqi,749267493
UMLCloneNode,StoreServer,StoreServer_zmqtgxldcq,,563024929
UMLCloneNode,CashBox,CashBox_ztqyspotmb,,453927046
Move_Operation_New_Component_New_Node,scanProduct,New-Component_kgsmalvowv,New-Node_ekvubtgbuq,649086319
Move_Component_New_Node,Inventory,New-Node_rezhurpqke,,530419202
UMLCloneNode,BarCodeScanner_uaurbyqmwd_xnmuxoppqo,BarCodeScanner_uaurbyqmwd_xnmuxoppqo_vnkabmfbir,,314656566
UMLCloneNode,BarCodeScanner_blvokhnnfe,BarCodeScanner_blvokhnnfe_bffkqnvepx,,222147547
Move_Component_New_Node,CashDeskGUI,New-Node_taasskwwwe,,553167226
UMLCloneNode,BarCodeScanner_blvokhnnfe_bffkqnvepx,BarCodeScanner_blvokhnnfe_bffkqnvepx_pfhlfyodel,,236649489
Move_Operation_New_Component_New_Node,enterOrderID,New-Component_vydenjryhm,New-Node_ldqxjwpbxl,682965173
Move_Component_New_Node,AppStore,New-Node_nyrmxlpvje,,523160061
UMLCloneNode,CashBox,CashBox_icndnfbotz,,455218927
Move_Operation_New_Component_New_Node,getTransaction,New-Component_unaillxuci,New-Node_lqaexdslko,640002846
UMLCloneNode,BarCodeScanner_uaurbyqmwd_xnmuxoppqo,BarCodeScanner_uaurbyqmwd_xnmuxoppqo_vnkabmfbir,,272270310
UMLCloneNode,BarCodeScanner_blvokhnnfe,BarCodeScanner_blvokhnnfe_bffkqnvepx,,215102698
Move_Component_New_Node,CashDeskGUI,New-Node_taasskwwwe,,536294058
UMLCloneNode,BarCodeScanner_blvokhnnfe_bffkqnvepx,BarCodeScanner_blvokhnnfe_bffkqnvepx_pfhlfyodel,,220991680
UMLCloneNode,EnterpriseClient,EnterpriseClient_iclvzjcuya,,507502351
Move_Operation_Component,getTransactionContext,Reporting,,289369803
Move_Operation_New_Component_New_Node,enterOrderID,New-Component_fjullchefc,New-Node_axjuhsghxm,647775311
Move_Operation_New_Component_New_Node,getProductWithStockItem,New-Component_mbaoylwuqb,New-Node_zizrfoodqi,697313336
Move_Component_New_Node,Inventory,New-Node_avtxagunsq,,658948922
Move_Operation_Component,getTransactionContext,Reporting,,304875376
Move_Operation_New_Component_New_Node,enterOrderID,New-Component_fjullchefc,New-Node_axjuhsghxm,1122149556
UMLCloneNode,New-Node_yajvawmtel,New-Node_yajvawmtel_etktjkypmp,,262456920
UMLCloneNode,BarCodeScanner_uaurbyqmwd_xnmuxoppqo,BarCodeScanner_uaurbyqmwd_xnmuxoppqo_vnkabmfbir,,312901716
UMLCloneNode,BarCodeScanner_blvokhnnfe,BarCodeScanner_blvokhnnfe_bffkqnvepx,,242646544
Move_Component_New_Node,CashDeskGUI,New-Node_taasskwwwe,,549763875
UMLCloneNode,BarCodeScanner_blvokhnnfe_bffkqnvepx,BarCodeScanner_blvokhnnfe_bffkqnvepx_pfhlfyodel,,217709796
UMLCloneNode,EnterpriseClient,EnterpriseClient_epbfrjcthv,,567534826
Move_Operation_New_Component_New_Node,saleStartedEvent,New-Component_tfqmpingcq,New-Node_sriqndixaq,651333953
Move_Operation_New_Component_New_Node,printRunningTotal,New-Component_zhtjikjgkt,New-Node_cuurugeqhh,635831645
UMLCloneNode,New-Node_yajvawmtel,New-Node_yajvawmtel_etktjkypmp,,219126203
Move_Operation_New_Component_New_Node,enterOrderID,New-Component_vydenjryhm,New-Node_ldqxjwpbxl,637714686
Move_Component_New_Node,AppStore,New-Node_nyrmxlpvje,,503478166
UMLCloneNode,CashBox,CashBox_icndnfbotz,,431033859
Move_Operation_New_Component_New_Node,getTransaction,New-Component_unaillxuci,New-Node_lqaexdslko,651987528
UMLCloneNode,Printer,Printer_skrrurdyat,,526681824
UMLCloneNode,New-Node_puuvxqzecc,New-Node_puuvxqzecc_cfwaekvfhc,,224806513
Move_Operation_Component,getMeanTimeToDelivery,Persistence,,245249135
UMLCloneNode,LightDisplay,LightDisplay_shfsnxdsoo,,412132178
UMLCloneNode,CashDeskPC,CashDeskPC_pmepmrfiwg,,562918490
Move_Operation_Component,getTransactionContext,Reporting,,306033829
Move_Operation_New_Component_New_Node,enterOrderID,New-Component_fjullchefc,New-Node_axjuhsghxm,687332091
Move_Operation_New_Component_New_Node,getProductWithStockItem,New-Component_mbaoylwuqb,New-Node_zizrfoodqi,674794653
UMLCloneNode,LightDisplay,LightDisplay_tewhcwbnlp,,512941280
UMLCloneNode,CashBox,CashBox_ztqyspotmb,,472006375
Move_Operation_New_Component_New_Node,scanProduct,New-Component_kgsmalvowv,New-Node_ekvubtgbuq,647432307
Move_Component_New_Node,Inventory,New-Node_rezhurpqke,,562042397
UMLCloneNode,StoreServer,StoreServer_viorzstxmq,,674148742
Move_Operation_New_Component_New_Node,getMeanTimeToDelivery,New-Component_blgbssnegx,New-Node_rqljnksubo,683403886
Move_Operation_New_Component_New_Node,enterOrderID,New-Component_fjullchefc,New-Node_axjuhsghxm,628583325
UMLCloneNode,LightDisplay,LightDisplay_shfsnxdsoo,,487803185
UMLCloneNode,Printer,Printer_skrrurdyat,,528464717
UMLCloneNode,New-Node_puuvxqzecc,New-Node_puuvxqzecc_cfwaekvfhc,,294631278
Move_Operation_Component,getMeanTimeToDelivery,Persistence,,344912608
UMLCloneNode,LightDisplay,LightDisplay_rmrrylpwlg,,582791944
Move_Operation_New_Component_New_Node,queryStockItem,New-Component_ktvrlwxaig,New-Node_hxymzvjxpa,743239801
UMLCloneNode,New-Node_puuvxqzecc,New-Node_puuvxqzecc_cfwaekvfhc,,241603208
Move_Operation_Component,getMeanTimeToDelivery,Persistence,,285423804
Move_Operation_New_Component_New_Node,getProductWithStockItem,New-Component_mbaoylwuqb,New-Node_zizrfoodqi,666451629
UMLCloneNode,BarCodeScanner_uaurbyqmwd_xnmuxoppqo,BarCodeScanner_uaurbyqmwd_xnmuxoppqo_vnkabmfbir,,233745865
UMLCloneNode,BarCodeScanner_blvokhnnfe,BarCodeScanner_blvokhnnfe_bffkqnvepx,,221565997
Move_Component_New_Node,CashDeskGUI,New-Node_taasskwwwe,,520331837
UMLCloneNode,BarCodeScanner_blvokhnnfe_bffkqnvepx,BarCodeScanner_blvokhnnfe_bffkqnvepx_pfhlfyodel,,228057139
UMLCloneNode,StoreServer,StoreServer_zmqtgxldcq,,552008863
Move_Operation_Component,enterOrderID,Reporting,,291445114
Move_Component_New_Node,ScannerController,New-Node_gfzrswiwkp,,570377396
UMLCloneNode,LightDisplay,LightDisplay_rrvxbseajf,,488349339
UMLCloneNode,BarCodeScanner_uaurbyqmwd_xnmuxoppqo,BarCodeScanner_uaurbyqmwd_xnmuxoppqo_vnkabmfbir,,295830957
UMLCloneNode,BarCodeScanner_blvokhnnfe,BarCodeScanner_blvokhnnfe_bffkqnvepx,,221511275
Move_Component_New_Node,CashDeskGUI,New-Node_taasskwwwe,,527370295
UMLCloneNode,BarCodeScanner_blvokhnnfe_bffkqnvepx,BarCodeScanner_blvokhnnfe_bffkqnvepx_pfhlfyodel,,244911250
UMLCloneNode,EnterpriseClient,EnterpriseClient_epbfrjcthv,,526886398
Move_Operation_New_Component_New_Node,saleStartedEvent,New-Component_tfqmpingcq,New-Node_sriqndixaq,699246832
Move_Operation_New_Component_New_Node,printRunningTotal,New-Component_zhtjikjgkt,New-Node_cuurugeqhh,694593688
UMLCloneNode,New-Node_yajvawmtel,New-Node_yajvawmtel_etktjkypmp,,240597382
UMLCloneNode,LightDisplay,LightDisplay_tewhcwbnlp,,503470622
UMLCloneNode,CashBox,CashBox_ztqyspotmb,,383029439
Move_Operation_New_Component_New_Node,scanProduct,New-Component_kgsmalvowv,New-Node_ekvubtgbuq,605957561
Move_Component_New_Node,Inventory,New-Node_rezhurpqke,,445904283
UMLCloneNode,EnterpriseClient,EnterpriseClient_epbfrjcthv,,482665421
Move_Operation_New_Component_New_Node,saleStartedEvent,New-Component_tfqmpingcq,New-Node_sriqndixaq,691028372
Move_Operation_New_Component_New_Node,printRunningTotal,New-Component_zhtjikjgkt,New-Node_cuurugeqhh,681574155
UMLCloneNode,New-Node_yajvawmtel,New-Node_yajvawmtel_etktjkypmp,,272801336
UMLCloneNode,Printer,Printer_skrrurdyat,,417836304
UMLCloneNode,New-Node_puuvxqzecc,New-Node_puuvxqzecc_cfwaekvfhc,,212311204
Move_Operation_Component,getMeanTimeToDelivery,Persistence,,242166273
UMLCloneNode,LightDisplay,LightDisplay_rmrrylpwlg,,375151668
Move_Operation_New_Component_New_Node,getMeanTimeToDelivery,New-Component_tjbbjcbayp,New-Node_uxcdltyeeo,720632952
UMLCloneNode,CashBox,CashBox_ztqyspotmb,,500933255
Move_Operation_New_Component_New_Node,scanProduct,New-Component_kgsmalvowv,New-Node_ekvubtgbuq,747628239
Move_Component_New_Node,Inventory,New-Node_rezhurpqke,,537554531
Move_Component_New_Node,Inventory,New-Node_lapzxzvbca,,580921196
Move_Operation_New_Component_New_Node,saleStartedEvent,New-Component_tfqmpingcq,New-Node_sriqndixaq,655421037
Move_Operation_New_Component_New_Node,printRunningTotal,New-Component_zhtjikjgkt,New-Node_cuurugeqhh,694569703
Move_Operation_New_Component_New_Node,queryStockItem,New-Component_zxvagbnvgj,New-Node_wabzihzmtq,770081600
UMLCloneNode,BarCodeScanner_uaurbyqmwd_xnmuxoppqo,BarCodeScanner_uaurbyqmwd_xnmuxoppqo_vnkabmfbir,,224833203
UMLCloneNode,BarCodeScanner_blvokhnnfe,BarCodeScanner_blvokhnnfe_bffkqnvepx,,231132434
Move_Component_New_Node,CashDeskGUI,New-Node_taasskwwwe,,573379294
UMLCloneNode,BarCodeScanner_blvokhnnfe_bffkqnvepx,BarCodeScanner_blvokhnnfe_bffkqnvepx_pfhlfyodel,,253119461
UMLCloneNode,Printer,Printer_skrrurdyat,,606401713
UMLCloneNode,New-Node_puuvxqzecc,New-Node_puuvxqzecc_cfwaekvfhc,,229267287
Move_Operation_Component,getMeanTimeToDelivery,Persistence,,278407398
UMLCloneNode,LightDisplay,LightDisplay_rrvxbseajf,,463555188
UMLCloneNode,LightDisplay,LightDisplay_tewhcwbnlp,,475310961
UMLCloneNode,CashBox,CashBox_ztqyspotmb,,582696955
Move_Operation_New_Component_New_Node,scanProduct,New-Component_kgsmalvowv,New-Node_ekvubtgbuq,759628932
Move_Component_New_Node,Inventory,New-Node_rezhurpqke,,607578800
UMLCloneNode,BarCodeScanner_uaurbyqmwd_xnmuxoppqo,BarCodeScanner_uaurbyqmwd_xnmuxoppqo_vnkabmfbir,,242844585
UMLCloneNode,BarCodeScanner_blvokhnnfe,BarCodeScanner_blvokhnnfe_bffkqnvepx,,247861072
Move_Component_New_Node,CashDeskGUI,New-Node_taasskwwwe,,653508881
UMLCloneNode,BarCodeScanner_blvokhnnfe_bffkqnvepx,BarCodeScanner_blvokhnnfe_bffkqnvepx_pfhlfyodel,,251547724
Move_Operation_New_Component_New_Node,rollInReceivedOrder,New-Component_rfnzvpklck,New-Node_thqnuokknb,684929406
UMLCloneNode,New-Node_puuvxqzecc,New-Node_puuvxqzecc_cfwaekvfhc,,263293038
Move_Operation_Component,getMeanTimeToDelivery,Persistence,,322166608
Move_Operation_New_Component_New_Node,getProductWithStockItem,New-Component_mbaoylwuqb,New-Node_zizrfoodqi,826482024
Move_Operation_New_Component_New_Node,queryStockItem,New-Component_ktvrlwxaig,New-Node_hxymzvjxpa,1165680708
UMLCloneNode,New-Node_puuvxqzecc,New-Node_puuvxqzecc_cfwaekvfhc,,255417190
Move_Operation_Component,getMeanTimeToDelivery,Persistence,,318065759
Move_Operation_New_Component_New_Node,getProductWithStockItem,New-Component_mbaoylwuqb,New-Node_zizrfoodqi,663138898
UMLCloneNode,EnterpriseServer,EnterpriseServer_woopitduns,,521702057
Move_Operation_Component,enterOrderID,Reporting,,283769442
Move_Component_New_Node,PrinterController,New-Node_yqtemygeyz,,545623490
UMLCloneNode,LightDisplay,LightDisplay_rrvxbseajf,,461364010
UMLCloneNode,EnterpriseServer,EnterpriseServer_woopitduns,,573296309
Move_Operation_Component,enterOrderID,Reporting,,307161793
Move_Component_New_Node,ScannerController,New-Node_gfzrswiwkp,,584480270
UMLCloneNode,LightDisplay,LightDisplay_rrvxbseajf,,544174755
Move_Component_New_Node,GUIReporting,New-Node_noombnshgd,,533264277
Move_Operation_New_Component_New_Node,saleStartedEvent,New-Component_tfqmpingcq,New-Node_sriqndixaq,564414856
Move_Operation_New_Component_New_Node,printRunningTotal,New-Component_zhtjikjgkt,New-Node_cuurugeqhh,642071736
Move_Operation_New_Component_New_Node,queryStockItem,New-Component_zxvagbnvgj,New-Node_wabzihzmtq,768303697
UMLCloneNode,EnterpriseServer,EnterpriseServer_woopitduns,,508372102
Move_Operation_Component,enterOrderID,Reporting,,279970208
Move_Component_New_Node,ScannerController,New-Node_gfzrswiwkp,,553415311
UMLCloneNode,LightDisplay,LightDisplay_rrvxbseajf,,464158350
UMLCloneNode,Printer,Printer_skrrurdyat,,535427503
UMLCloneNode,New-Node_puuvxqzecc,New-Node_puuvxqzecc_cfwaekvfhc,,219814893
Move_Operation_Component,getMeanTimeToDelivery,Persistence,,269095046
UMLCloneNode,LightDisplay,LightDisplay_rrvxbseajf,,461377376
Move_Operation_New_Component_New_Node,enterOrderID,New-Component_vydenjryhm,New-Node_ldqxjwpbxl,637167480
Move_Component_New_Node,AppStore,New-Node_nyrmxlpvje,,512126182
UMLCloneNode,CashBox,CashBox_icndnfbotz,,423627041
Move_Operation_New_Component_New_Node,getTransaction,New-Component_unaillxuci,New-Node_lqaexdslko,570076652
Move_Operation_New_Component_New_Node,enterOrderID,New-Component_vydenjryhm,New-Node_ldqxjwpbxl,728384947
Move_Component_New_Node,AppStore,New-Node_nyrmxlpvje,,519073157
UMLCloneNode,CashBox,CashBox_icndnfbotz,,460062961
Move_Operation_New_Component_New_Node,getTransaction,New-Component_unaillxuci,New-Node_lqaexdslko,668162408
Move_Component_New_Node,Inventory,New-Node_lapzxzvbca,,957235523
Move_Operation_New_Component_New_Node,saleStartedEvent,New-Component_tfqmpingcq,New-Node_sriqndixaq,702639904
Move_Operation_New_Component_New_Node,printRunningTotal,New-Component_zhtjikjgkt,New-Node_cuurugeqhh,666324801
Move_Operation_New_Component_New_Node,queryStockItem,New-Component_zxvagbnvgj,New-Node_wabzihzmtq,785522182
UMLCloneNode,StoreServer,StoreServer_viorzstxmq,,500199669
Move_Operation_New_Component_New_Node,getMeanTimeToDelivery,New-Component_blgbssnegx,New-Node_rqljnksubo,755325572
Move_Operation_New_Component_New_Node,enterOrderID,New-Component_fjullchefc,New-Node_axjuhsghxm,759360268
UMLCloneNode,LightDisplay,LightDisplay_shfsnxdsoo,,576224239
Move_Component_New_Node,GUIReporting,New-Node_noombnshgd,,554112037
Move_Operation_New_Component_New_Node,saleStartedEvent,New-Component_tfqmpingcq,New-Node_sriqndixaq,691492532
Move_Operation_New_Component_New_Node,printRunningTotal,New-Component_zhtjikjgkt,New-Node_cuurugeqhh,651837187
Move_Operation_New_Component_New_Node,queryStockItem,New-Component_zxvagbnvgj,New-Node_wabzihzmtq,694480014
Move_Component_New_Node,Inventory,New-Node_avtxagunsq,,570384910
Move_Operation_Component,getTransactionContext,Reporting,,279394768
Move_Operation_New_Component_New_Node,enterOrderID,New-Component_fjullchefc,New-Node_axjuhsghxm,655426216
Move_Operation_New_Component_New_Node,getProductWithStockItem,New-Component_mbaoylwuqb,New-Node_zizrfoodqi,713557896
UMLCloneNode,Printer,Printer_skrrurdyat,,546844270
UMLCloneNode,New-Node_puuvxqzecc,New-Node_puuvxqzecc_cfwaekvfhc,,243778426
Move_Operation_Component,getMeanTimeToDelivery,Persistence,,286458234
UMLCloneNode,LightDisplay,LightDisplay_rrvxbseajf,,492257787
UMLCloneNode,EnterpriseClient,EnterpriseClient_iclvzjcuya,,494485354
Move_Operation_Component,getTransactionContext,Reporting,,306896035
Move_Operation_New_Component_New_Node,enterOrderID,New-Component_fjullchefc,New-Node_axjuhsghxm,669066212
Move_Operation_New_Component_New_Node,getProductWithStockItem,New-Component_mbaoylwuqb,New-Node_zizrfoodqi,710816936
UMLCloneNode,LightDisplay,LightDisplay_tewhcwbnlp,,498286832
Move_Operation_Component,getTransactionContext,Reporting,,292377993
Move_Operation_New_Component_New_Node,enterOrderID,New-Component_fjullchefc,New-Node_axjuhsghxm,735687009
Move_Operation_New_Component_New_Node,getProductWithStockItem,New-Component_mbaoylwuqb,New-Node_zizrfoodqi,692531931
Move_Component_New_Node,Inventory,New-Node_lapzxzvbca,,647444740
Move_Operation_New_Component_New_Node,saleStartedEvent,New-Component_tfqmpingcq,New-Node_sriqndixaq,691882374
Move_Operation_New_Component_New_Node,printRunningTotal,New-Component_zhtjikjgkt,New-Node_cuurugeqhh,803337538
Move_Operation_New_Component_New_Node,queryStockItem,New-Component_zxvagbnvgj,New-Node_wabzihzmtq,709427221
Move_Operation_New_Component_New_Node,rollInReceivedOrder,New-Component_rfnzvpklck,New-Node_thqnuokknb,670042152
UMLCloneNode,New-Node_puuvxqzecc,New-Node_puuvxqzecc_cfwaekvfhc,,263526646
Move_Operation_Component,getMeanTimeToDelivery,Persistence,,308617092
Move_Operation_New_Component_New_Node,getProductWithStockItem,New-Component_mbaoylwuqb,New-Node_zizrfoodqi,1175453443
Move_Component_New_Node,GUIReporting,New-Node_noombnshgd,,544460530
Move_Operation_New_Component_New_Node,saleStartedEvent,New-Component_tfqmpingcq,New-Node_sriqndixaq,686482889
Move_Operation_New_Component_New_Node,createReport,New-Component_dbfahgcekk,New-Node_xucnmvuqgx,736050651
Move_Operation_New_Component_New_Node,queryStockItem,New-Component_zxvagbnvgj,New-Node_wabzihzmtq,658519747
UMLCloneNode,LightDisplay,LightDisplay_tewhcwbnlp,,482727127
Move_Operation_Component,getTransactionContext,Reporting,,287965479
Move_Operation_New_Component_New_Node,enterOrderID,New-Component_fjullchefc,New-Node_axjuhsghxm,636395122
Move_Operation_New_Component_New_Node,getProductWithStockItem,New-Component_mbaoylwuqb,New-Node_zizrfoodqi,657317222
UMLCloneNode,Printer,Printer_bxltcvhylw,,502621961
Move_Operation_Component,getTransactionContext,Reporting,,283727312
Move_Operation_New_Component_New_Node,enterOrderID,New-Component_fjullchefc,New-Node_axjuhsghxm,669696053
UMLCloneNode,New-Node_yajvawmtel,New-Node_yajvawmtel_etktjkypmp,,243515293
UMLCloneNode,LightDisplay,LightDisplay_tewhcwbnlp,,554135161
UMLCloneNode,New-Node_puuvxqzecc,New-Node_puuvxqzecc_cfwaekvfhc,,242916641
Move_Operation_Component,getMeanTimeToDelivery,Persistence,,269356507
UMLCloneNode,LightDisplay,LightDisplay_rrvxbseajf,,449663621
UMLCloneNode,LightDisplay,LightDisplay_tewhcwbnlp,,513850705
Move_Operation_Component,getTransactionContext,Reporting,,263587078
Move_Operation_New_Component_New_Node,enterOrderID,New-Component_fjullchefc,New-Node_axjuhsghxm,635045862
Move_Component_New_Node,Inventory,New-Node_rezhurpqke,,543658817
UMLCloneNode,StoreServer,StoreServer_zmqtgxldcq,,516152511
Move_Operation_Component,enterOrderID,Reporting,,276414982
Move_Component_New_Node,ScannerController,New-Node_gfzrswiwkp,,510282565
UMLCloneNode,LightDisplay,LightDisplay_rrvxbseajf,,549230475
UMLCloneNode,EnterpriseServer,EnterpriseServer_woopitduns,,502833227
Move_Operation_Component,enterOrderID,Reporting,,283128860
Move_Component_New_Node,PrinterController,New-Node_yqtemygeyz,,557319421
UMLCloneNode,LightDisplay,LightDisplay_rrvxbseajf,,459175016
UMLCloneNode,EnterpriseClient,EnterpriseClient_epbfrjcthv,,491877655
Move_Operation_New_Component_New_Node,saleStartedEvent,New-Component_tfqmpingcq,New-Node_sriqndixaq,722860158
Move_Operation_New_Component_New_Node,printRunningTotal,New-Component_zhtjikjgkt,New-Node_cuurugeqhh,797877139
UMLCloneNode,New-Node_yajvawmtel,New-Node_yajvawmtel_etktjkypmp,,262603234
Move_Component_New_Node,Inventory,New-Node_avtxagunsq,,601028819
Move_Operation_Component,getTransactionContext,Reporting,,271382806
Move_Operation_New_Component_New_Node,enterOrderID,New-Component_fjullchefc,New-Node_axjuhsghxm,644797347
UMLCloneNode,New-Node_yajvawmtel,New-Node_yajvawmtel_etktjkypmp,,251858057
Move_Operation_New_Component_New_Node,enterOrderID,New-Component_vydenjryhm,New-Node_ldqxjwpbxl,701770514
Move_Component_New_Node,AppStore,New-Node_nyrmxlpvje,,582211385
UMLCloneNode,CashBox,CashBox_icndnfbotz,,540460150
Move_Operation_New_Component_New_Node,getTransaction,New-Component_unaillxuci,New-Node_lqaexdslko,746816378
UMLCloneNode,Printer,Printer_skrrurdyat,,485124402
Move_Operation_Component,getTransactionContext,Reporting,,250142720
Move_Operation_New_Component_New_Node,enterOrderID,New-Component_fjullchefc,New-Node_axjuhsghxm,609502677
UMLCloneNode,New-Node_yajvawmtel,New-Node_yajvawmtel_etktjkypmp,,217511325
Move_Component_New_Node,Inventory,New-Node_avtxagunsq,,581257547
Move_Operation_Component,getTransactionContext,Reporting,,293654527
Move_Operation_New_Component_New_Node,enterOrderID,New-Component_fjullchefc,New-Node_axjuhsghxm,739417544
UMLCloneNode,New-Node_yajvawmtel,New-Node_yajvawmtel_etktjkypmp,,256742264
Move_Operation_New_Component_New_Node,createReport,New-Component_weeruddael,New-Node_ziljmdkpxo,693431759
UMLCloneNode,BarCodeScanner_blvokhnnfe,BarCodeScanner_blvokhnnfe_bffkqnvepx,,231225970
Move_Component_New_Node,CashDeskGUI,New-Node_taasskwwwe,,565573017
UMLCloneNode,BarCodeScanner_blvokhnnfe_bffkqnvepx,BarCodeScanner_blvokhnnfe_bffkqnvepx_pfhlfyodel,,225316750
UMLCloneNode,Printer,Printer_bxltcvhylw,,535164550
Move_Operation_Component,getTransactionContext,Reporting,,261730287
Move_Operation_New_Component_New_Node,enterOrderID,New-Component_fjullchefc,New-Node_axjuhsghxm,668440158
UMLCloneNode,New-Node_yajvawmtel,New-Node_yajvawmtel_etktjkypmp,,239851723
UMLCloneNode,BarCodeScanner_uaurbyqmwd_xnmuxoppqo,BarCodeScanner_uaurbyqmwd_xnmuxoppqo_vnkabmfbir,,274116693
UMLCloneNode,BarCodeScanner_blvokhnnfe,BarCodeScanner_blvokhnnfe_bffkqnvepx,,244628220
Move_Component_New_Node,CashDeskGUI,New-Node_taasskwwwe,,519732864
UMLCloneNode,BarCodeScanner_blvokhnnfe_bffkqnvepx,BarCodeScanner_blvokhnnfe_bffkqnvepx_pfhlfyodel,,217754761
UMLCloneNode,EnterpriseServer,EnterpriseServer_gtntqlmotr,,895564858
UMLCloneNode,BarCodeScanner_blvokhnnfe,BarCodeScanner_blvokhnnfe_bffkqnvepx,,230421592
Move_Component_New_Node,CashDeskGUI,New-Node_taasskwwwe,,532340946
UMLCloneNode,BarCodeScanner_blvokhnnfe_bffkqnvepx,BarCodeScanner_blvokhnnfe_bffkqnvepx_pfhlfyodel,,223656577
UMLCloneNode,StoreServer,StoreServer_zmqtgxldcq,,529306476
Move_Operation_Component,enterOrderID,Reporting,,270002407
Move_Component_New_Node,ScannerController,New-Node_gfzrswiwkp,,530533266
UMLCloneNode,LightDisplay,LightDisplay_rrvxbseajf,,471640840
UMLCloneNode,Printer,Printer_skrrurdyat,,523673032
UMLCloneNode,New-Node_puuvxqzecc,New-Node_puuvxqzecc_cfwaekvfhc,,233701091
Move_Operation_Component,getMeanTimeToDelivery,Persistence,,304193177
UMLCloneNode,LightDisplay,LightDisplay_rrvxbseajf,,492467661
UMLCloneNode,StoreServer,StoreServer_viorzstxmq,,513676158
Move_Operation_New_Component_New_Node,getMeanTimeToDelivery,New-Component_blgbssnegx,New-Node_rqljnksubo,733490822
Move_Operation_New_Component_New_Node,enterOrderID,New-Component_fjullchefc,New-Node_axjuhsghxm,709593983
UMLCloneNode,LightDisplay,LightDisplay_shfsnxdsoo,,491425286
UMLCloneNode,StoreServer,StoreServer_zmqtgxldcq,,564289340
Move_Operation_Component,enterOrderID,Reporting,,306440632
Move_Component_New_Node,ScannerController,New-Node_gfzrswiwkp,,646254969
UMLCloneNode,LightDisplay,LightDisplay_rrvxbseajf,,544090487
UMLCloneNode,Printer,Printer_skrrurdyat,,491555461
UMLCloneNode,New-Node_puuvxqzecc,New-Node_puuvxqzecc_cfwaekvfhc,,253299109
Move_Operation_Component,getMeanTimeToDelivery,Persistence,,305744055
UMLCloneNode,LightDisplay,LightDisplay_rrvxbseajf,,464759447
Move_Operation_New_Component_New_Node,enterOrderID,New-Component_vydenjryhm,New-Node_ldqxjwpbxl,709407373
Move_Component_New_Node,AppStore,New-Node_nyrmxlpvje,,533616156
UMLCloneNode,CashBox,CashBox_icndnfbotz,,497322955
Move_Operation_New_Component_New_Node,getTransaction,New-Component_unaillxuci,New-Node_lqaexdslko,685747240
UMLCloneNode,EnterpriseClient,EnterpriseClient_epbfrjcthv,,548735276
Move_Operation_New_Component_New_Node,saleStartedEvent,New-Component_tfqmpingcq,New-Node_sriqndixaq,625780940
Move_Operation_New_Component_New_Node,printRunningTotal,New-Component_zhtjikjgkt,New-Node_cuurugeqhh,699485940
UMLCloneNode,New-Node_yajvawmtel,New-Node_yajvawmtel_etktjkypmp,,261308196
Move_Component_New_Node,Inventory,New-Node_avtxagunsq,,594011260
Move_Operation_Component,getTransactionContext,Reporting,,329558819
Move_Operation_New_Component_New_Node,enterOrderID,New-Component_fjullchefc,New-Node_axjuhsghxm,744254113
UMLCloneNode,New-Node_yajvawmtel,New-Node_yajvawmtel_etktjkypmp,,273828251
Move_Operation_New_Component_New_Node,rollInReceivedOrder,New-Component_rfnzvpklck,New-Node_thqnuokknb,778270836
UMLCloneNode,New-Node_puuvxqzecc,New-Node_puuvxqzecc_cfwaekvfhc,,269299560
Move_Operation_Component,getMeanTimeToDelivery,Persistence,,313180559
Move_Operation_New_Component_New_Node,getProductWithStockItem,New-Component_mbaoylwuqb,New-Node_zizrfoodqi,770981949
UMLCloneNode,EnterpriseServer,EnterpriseServer_gtntqlmotr,,477808114
UMLCloneNode,BarCodeScanner_blvokhnnfe,BarCodeScanner_blvokhnnfe_bffkqnvepx,,217773175
Move_Component_New_Node,CashDeskGUI,New-Node_taasskwwwe,,506187817
UMLCloneNode,BarCodeScanner_blvokhnnfe_bffkqnvepx,BarCodeScanner_blvokhnnfe_bffkqnvepx_pfhlfyodel,,225501407
UMLCloneNode,LightDisplay,LightDisplay_tewhcwbnlp,,507762580
Move_Operation_Component,enterOrderID,Reporting,,313259777
Move_Component_New_Node,PrinterController,New-Node_yqtemygeyz,,535152146
UMLCloneNode,LightDisplay,LightDisplay_rrvxbseajf,,437980705
Move_Operation_New_Component_New_Node,rollInReceivedOrder,New-Component_rfnzvpklck,New-Node_thqnuokknb,664981753
UMLCloneNode,New-Node_puuvxqzecc,New-Node_puuvxqzecc_cfwaekvfhc,,226293942
Move_Operation_Component,getMeanTimeToDelivery,Persistence,,265092702
Move_Operation_New_Component_New_Node,getProductWithStockItem,New-Component_mbaoylwuqb,New-Node_zizrfoodqi,730180555
UMLCloneNode,StoreServer,StoreServer_viorzstxmq,,480542180
Move_Operation_New_Component_New_Node,getMeanTimeToDelivery,New-Component_blgbssnegx,New-Node_rqljnksubo,683095998
Move_Operation_New_Component_New_Node,enterOrderID,New-Component_fjullchefc,New-Node_axjuhsghxm,649910134
UMLCloneNode,LightDisplay,LightDisplay_shfsnxdsoo,,460432483
UMLCloneNode,StoreServer,StoreServer_edbvvvdrwv,,522497719
UMLCloneNode,BarCodeScanner_blvokhnnfe,BarCodeScanner_blvokhnnfe_bffkqnvepx,,231573441
Move_Component_New_Node,CashDeskGUI,New-Node_taasskwwwe,,536871039
UMLCloneNode,BarCodeScanner_blvokhnnfe_bffkqnvepx,BarCodeScanner_blvokhnnfe_bffkqnvepx_pfhlfyodel,,225814644
UMLCloneNode,Printer,Printer_bxltcvhylw,,486816014
Move_Operation_Component,getTransactionContext,Reporting,,259279171
Move_Operation_New_Component_New_Node,enterOrderID,New-Component_fjullchefc,New-Node_axjuhsghxm,649406379
UMLCloneNode,New-Node_yajvawmtel,New-Node_yajvawmtel_etktjkypmp,,232074451
UMLCloneNode,StoreServer,StoreServer_viorzstxmq,,473836637
Move_Operation_New_Component_New_Node,getMeanTimeToDelivery,New-Component_blgbssnegx,New-Node_rqljnksubo,659169064
Move_Operation_New_Component_New_Node,enterOrderID,New-Component_fjullchefc,New-Node_axjuhsghxm,623098981
UMLCloneNode,LightDisplay,LightDisplay_rrvxbseajf,,489397194
Move_Component_New_Node,Inventory,New-Node_avtxagunsq,,512082450
Move_Operation_Component,getTransactionContext,Reporting,,270217561
Move_Operation_New_Component_New_Node,enterOrderID,New-Component_fjullchefc,New-Node_axjuhsghxm,584732131
UMLCloneNode,New-Node_yajvawmtel,New-Node_yajvawmtel_etktjkypmp,,191326246
UMLCloneNode,EnterpriseClient,EnterpriseClient_epbfrjcthv,,534881158
Move_Operation_New_Component_New_Node,saleStartedEvent,New-Component_tfqmpingcq,New-Node_sriqndixaq,659572441
Move_Operation_New_Component_New_Node,printRunningTotal,New-Component_zhtjikjgkt,New-Node_cuurugeqhh,649698056
UMLCloneNode,New-Node_yajvawmtel,New-Node_yajvawmtel_etktjkypmp,,226131207
UMLCloneNode,EnterpriseClient,EnterpriseClient_epbfrjcthv,,530867643
Move_Operation_New_Component_New_Node,saleStartedEvent,New-Component_tfqmpingcq,New-Node_sriqndixaq,658152488
Move_Operation_New_Component_New_Node,printRunningTotal,New-Component_zhtjikjgkt,New-Node_cuurugeqhh,648590359
UMLCloneNode,New-Node_yajvawmtel,New-Node_yajvawmtel_etktjkypmp,,230170601
UMLCloneNode,BarCodeScanner_uaurbyqmwd_xnmuxoppqo,BarCodeScanner_uaurbyqmwd_xnmuxoppqo_vnkabmfbir,,258508787
UMLCloneNode,BarCodeScanner_blvokhnnfe,BarCodeScanner_blvokhnnfe_bffkqnvepx,,215913188
Move_Component_New_Node,CashDeskGUI,New-Node_taasskwwwe,,536595723
UMLCloneNode,BarCodeScanner_blvokhnnfe_bffkqnvepx,BarCodeScanner_blvokhnnfe_bffkqnvepx_pfhlfyodel,,215300739
UMLCloneNode,LightDisplay,LightDisplay_tewhcwbnlp,,394969006
Move_Operation_Component,getTransactionContext,Reporting,,234089699
Move_Operation_New_Component_New_Node,enterOrderID,New-Component_fjullchefc,New-Node_axjuhsghxm,547719892
Move_Operation_New_Component_New_Node,getProductWithStockItem,New-Component_mbaoylwuqb,New-Node_zizrfoodqi,553433675
UMLCloneNode,EnterpriseServer,EnterpriseServer_woopitduns,,578877965
UMLCloneNode,New-Node_puuvxqzecc,New-Node_puuvxqzecc_cfwaekvfhc,,225338431
Move_Operation_Component,getMeanTimeToDelivery,Persistence,,274970654
UMLCloneNode,LightDisplay,LightDisplay_rrvxbseajf,,464564992
UMLCloneNode,CashDeskPC,CashDeskPC_qhnumgubot,,420688471
Move_Operation_Component,enterOrderID,Reporting,,272704675
Move_Component_New_Node,PrinterController,New-Node_yqtemygeyz,,468181874
UMLCloneNode,LightDisplay,LightDisplay_rrvxbseajf,,451655807
UMLCloneNode,LightDisplay,LightDisplay_tewhcwbnlp,,441069778
Move_Operation_Component,enterOrderID,Reporting,,308237210
Move_Component_New_Node,PrinterController,New-Node_yqtemygeyz,,575958431
UMLCloneNode,LightDisplay,LightDisplay_rrvxbseajf,,459745014
UMLCloneNode,StoreServer,StoreServer_zmqtgxldcq,,470662585
Move_Operation_Component,enterOrderID,Reporting,,272446070
Move_Component_New_Node,ScannerController,New-Node_gfzrswiwkp,,514044990
UMLCloneNode,LightDisplay,LightDisplay_rrvxbseajf,,460615307
UMLCloneNode,LightDisplay,LightDisplay_tewhcwbnlp,,446968999
UMLCloneNode,CashBox,CashBox_ztqyspotmb,,389564012
Move_Operation_New_Component_New_Node,scanProduct,New-Component_kgsmalvowv,New-Node_ekvubtgbuq,601364748
Move_Component_New_Node,Inventory,New-Node_rezhurpqke,,465140321
Move_Operation_New_Component_New_Node,rollInReceivedOrder,New-Component_rfnzvpklck,New-Node_thqnuokknb,636874260
UMLCloneNode,New-Node_puuvxqzecc,New-Node_puuvxqzecc_cfwaekvfhc,,195752526
Move_Operation_Component,getMeanTimeToDelivery,Persistence,,242068861
Move_Operation_New_Component_New_Node,getProductWithStockItem,New-Component_mbaoylwuqb,New-Node_zizrfoodqi,555209074
Move_Operation_New_Component_New_Node,getEnterpriseByID,New-Component_jpxbteacmj,New-Node_euztrmqbsm,750650838
Move_Operation_Component,getTransactionContext,Reporting,,307922620
Move_Operation_New_Component_New_Node,enterOrderID,New-Component_fjullchefc,New-Node_axjuhsghxm,787508287
UMLCloneNode,New-Node_yajvawmtel,New-Node_yajvawmtel_etktjkypmp,,235213356
UMLCloneNode,StoreServer,StoreServer_zmqtgxldcq,,480527313
Move_Operation_Component,enterOrderID,Reporting,,272903317
Move_Component_New_Node,ScannerController,New-Node_gfzrswiwkp,,515466285
UMLCloneNode,LightDisplay,LightDisplay_rrvxbseajf,,455125743
UMLCloneNode,BarCodeScanner_uaurbyqmwd_xnmuxoppqo,BarCodeScanner_uaurbyqmwd_xnmuxoppqo_vnkabmfbir,,258316796
UMLCloneNode,BarCodeScanner_blvokhnnfe,BarCodeScanner_blvokhnnfe_bffkqnvepx,,226760146
Move_Component_New_Node,CashDeskGUI,New-Node_taasskwwwe,,567810763
UMLCloneNode,BarCodeScanner_blvokhnnfe_bffkqnvepx,BarCodeScanner_blvokhnnfe_bffkqnvepx_pfhlfyodel,,254960373
Move_Operation_New_Component_New_Node,enterOrderID,New-Component_vydenjryhm,New-Node_ldqxjwpbxl,737315262
Move_Component_New_Node,AppStore,New-Node_nyrmxlpvje,,633319745
UMLCloneNode,CashBox,CashBox_icndnfbotz,,446944573
Move_Operation_New_Component_New_Node,getTransaction,New-Component_unaillxuci,New-Node_lqaexdslko,631574994
UMLCloneNode,LightDisplay,LightDisplay_tewhcwbnlp,,532436574
Move_Operation_Component,enterOrderID,Reporting,,356682888
Move_Component_New_Node,PrinterController,New-Node_yqtemygeyz,,636603242
UMLCloneNode,LightDisplay,LightDisplay_rrvxbseajf,,599897878
UMLCloneNode,EnterpriseClient,EnterpriseClient_epbfrjcthv,,497862637
Move_Operation_New_Component_New_Node,saleStartedEvent,New-Component_tfqmpingcq,New-Node_sriqndixaq,718376792
Move_Operation_New_Component_New_Node,printRunningTotal,New-Component_zhtjikjgkt,New-Node_cuurugeqhh,571868883
UMLCloneNode,New-Node_yajvawmtel,New-Node_yajvawmtel_etktjkypmp,,268624113
UMLCloneNode,EnterpriseServer,EnterpriseServer_woopitduns,,494413580
Move_Operation_Component,enterOrderID,Reporting,,284345682
Move_Component_New_Node,PrinterController,New-Node_yqtemygeyz,,553222379
UMLCloneNode,LightDisplay,LightDisplay_rrvxbseajf,,487463358
UMLCloneNode,BarCodeScanner_uaurbyqmwd_xnmuxoppqo,BarCodeScanner_uaurbyqmwd_xnmuxoppqo_vnkabmfbir,,267102259
UMLCloneNode,BarCodeScanner_blvokhnnfe,BarCodeScanner_blvokhnnfe_bffkqnvepx,,229899943
Move_Component_New_Node,CashDeskGUI,New-Node_taasskwwwe,,565497636
UMLCloneNode,BarCodeScanner_blvokhnnfe_bffkqnvepx,BarCodeScanner_blvokhnnfe_bffkqnvepx_pfhlfyodel,,217082701
UMLCloneNode,LightDisplay,LightDisplay_tewhcwbnlp,,500812548
Move_Operation_New_Component_New_Node,enterOrderID,New-Component_fmkyfeiike,New-Node_lpoilxxkgv,731556955
Move_Component_New_Node,PrinterController,New-Node_yqtemygeyz,,457234277
UMLCloneNode,New-Node_yajvawmtel,New-Node_yajvawmtel_etktjkypmp,,192639479
Move_Operation_New_Component_New_Node,createReport,New-Component_weeruddael,New-Node_ziljmdkpxo,570806781
UMLCloneNode,BarCodeScanner_blvokhnnfe,BarCodeScanner_blvokhnnfe_bffkqnvepx,,203635777
Move_Component_New_Node,CashDeskGUI,New-Node_taasskwwwe,,468414350
UMLCloneNode,BarCodeScanner_blvokhnnfe_bffkqnvepx,BarCodeScanner_blvokhnnfe_bffkqnvepx_pfhlfyodel,,216497554
UMLCloneNode,EnterpriseClient,EnterpriseClient_epbfrjcthv,,559679337
Move_Operation_New_Component_New_Node,saleStartedEvent,New-Component_tfqmpingcq,New-Node_sriqndixaq,711386725
Move_Operation_New_Component_New_Node,printRunningTotal,New-Component_zhtjikjgkt,New-Node_cuurugeqhh,821942192
UMLCloneNode,New-Node_yajvawmtel,New-Node_yajvawmtel_etktjkypmp,,218075282
UMLCloneNode,EnterpriseServer,EnterpriseServer_woopitduns,,568052026
Move_Operation_Component,enterOrderID,Reporting,,268958781
Move_Component_New_Node,PrinterController,New-Node_yqtemygeyz,,545770967
UMLCloneNode,LightDisplay,LightDisplay_rrvxbseajf,,464998676
UMLCloneNode,Printer,Printer_skrrurdyat,,538347057
UMLCloneNode,New-Node_puuvxqzecc,New-Node_puuvxqzecc_cfwaekvfhc,,267092482
Move_Operation_Component,getMeanTimeToDelivery,Persistence,,321341451
UMLCloneNode,LightDisplay,LightDisplay_rrvxbseajf,,1279648224
Move_Component_New_Node,Inventory,New-Node_avtxagunsq,,614738655
Move_Operation_Component,getTransactionContext,Reporting,,345288803
Move_Operation_New_Component_New_Node,enterOrderID,New-Component_fjullchefc,New-Node_axjuhsghxm,679409286
UMLCloneNode,New-Node_yajvawmtel,New-Node_yajvawmtel_etktjkypmp,,228431660
Move_Operation_New_Component_New_Node,enterOrderID,New-Component_vydenjryhm,New-Node_ldqxjwpbxl,694756934
Move_Component_New_Node,AppStore,New-Node_nyrmxlpvje,,516090555
UMLCloneNode,CashBox,CashBox_icndnfbotz,,469015998
Move_Operation_New_Component_New_Node,getTransaction,New-Component_unaillxuci,New-Node_lqaexdslko,663835935
UMLCloneNode,StoreServer,StoreServer_viorzstxmq,,523270358
Move_Operation_New_Component_New_Node,getMeanTimeToDelivery,New-Component_blgbssnegx,New-Node_rqljnksubo,704213746
Move_Operation_New_Component_New_Node,enterOrderID,New-Component_fjullchefc,New-Node_axjuhsghxm,666864524
UMLCloneNode,LightDisplay,LightDisplay_rrvxbseajf,,450682622
UMLCloneNode,StoreServer,StoreServer_viorzstxmq,,507021229
Move_Operation_New_Component_New_Node,getMeanTimeToDelivery,New-Component_blgbssnegx,New-Node_rqljnksubo,689187671
Move_Operation_New_Component_New_Node,enterOrderID,New-Component_fjullchefc,New-Node_axjuhsghxm,692400385
UMLCloneNode,EnterpriseServer,EnterpriseServer_hsyxjmiweq,,461021929
UMLCloneNode,EnterpriseServer,EnterpriseServer_cyupbfbznp,,494937452
Move_Operation_Component,enterOrderID,Reporting,,291818935
Move_Component_New_Node,ScannerController,New-Node_gfzrswiwkp,,515323907
UMLCloneNode,LightDisplay,LightDisplay_rrvxbseajf,,479012782
UMLCloneNode,EnterpriseClient,EnterpriseClient_epbfrjcthv,,420631144
Move_Operation_New_Component_New_Node,saleStartedEvent,New-Component_tfqmpingcq,New-Node_sriqndixaq,659073265
Move_Operation_New_Component_New_Node,printRunningTotal,New-Component_zhtjikjgkt,New-Node_cuurugeqhh,735843232
UMLCloneNode,New-Node_yajvawmtel,New-Node_yajvawmtel_etktjkypmp,,237507658
UMLCloneNode,StoreServer,StoreServer_zmqtgxldcq,,524840121
Move_Operation_Component,enterOrderID,Reporting,,285713146
Move_Component_New_Node,ScannerController,New-Node_gfzrswiwkp,,520128626
UMLCloneNode,LightDisplay,LightDisplay_rrvxbseajf,,471997138
UMLCloneNode,LightDisplay,LightDisplay_tewhcwbnlp,,475571149
Move_Operation_New_Component_New_Node,enterOrderID,New-Component_fmkyfeiike,New-Node_lpoilxxkgv,708555196
Move_Component_New_Node,PrinterController,New-Node_yqtemygeyz,,1130086828
UMLCloneNode,New-Node_yajvawmtel,New-Node_yajvawmtel_etktjkypmp,,234562637
Move_Component_New_Node,Inventory,New-Node_avtxagunsq,,586235740
Move_Operation_Component,getTransactionContext,Reporting,,292316768
Move_Operation_New_Component_New_Node,enterOrderID,New-Component_fjullchefc,New-Node_axjuhsghxm,754332942
UMLCloneNode,New-Node_yajvawmtel,New-Node_yajvawmtel_etktjkypmp,,240595087
Move_Operation_New_Component_New_Node,createReport,New-Component_weeruddael,New-Node_ziljmdkpxo,727964379
UMLCloneNode,BarCodeScanner_blvokhnnfe,BarCodeScanner_blvokhnnfe_bffkqnvepx,,264738879
Move_Component_New_Node,CashDeskGUI,New-Node_taasskwwwe,,590064960
UMLCloneNode,BarCodeScanner_blvokhnnfe_bffkqnvepx,BarCodeScanner_blvokhnnfe_bffkqnvepx_pfhlfyodel,,225472733
UMLCloneNode,EnterpriseClient,EnterpriseClient_epbfrjcthv,,523088056
Move_Operation_New_Component_New_Node,saleStartedEvent,New-Component_tfqmpingcq,New-Node_sriqndixaq,656586452
Move_Operation_New_Component_New_Node,printRunningTotal,New-Component_zhtjikjgkt,New-Node_cuurugeqhh,664443644
UMLCloneNode,New-Node_yajvawmtel,New-Node_yajvawmtel_etktjkypmp,,247011729
UMLCloneNode,LightDisplay,LightDisplay_drjqsuljjn,,448490251
Move_Component_New_Node,AppStore,New-Node_nyrmxlpvje,,442264227
UMLCloneNode,CashBox,CashBox_icndnfbotz,,385497376
Move_Operation_New_Component_New_Node,getTransaction,New-Component_unaillxuci,New-Node_lqaexdslko,590847969
UMLCloneNode,LightDisplay,LightDisplay_tewhcwbnlp,,458705035
UMLCloneNode,CashBox,CashBox_ztqyspotmb,,365836351
Move_Operation_New_Component_New_Node,scanProduct,New-Component_kgsmalvowv,New-Node_ekvubtgbuq,706220448
Move_Component_New_Node,Inventory,New-Node_rezhurpqke,,630261120
UMLCloneNode,EnterpriseServer,EnterpriseServer_cyupbfbznp,,525893176
Move_Operation_New_Component_New_Node,getMeanTimeToDelivery,New-Component_blgbssnegx,New-Node_rqljnksubo,646808036
Move_Operation_New_Component_New_Node,enterOrderID,New-Component_fjullchefc,New-Node_axjuhsghxm,669662260
UMLCloneNode,LightDisplay,LightDisplay_rrvxbseajf,,500215288
Move_Operation_Component,productBarCodeScannedEvent,CashBoxController,,376035555
Move_Operation_New_Component_New_Node,enterOrderID,New-Component_fmkyfeiike,New-Node_lpoilxxkgv,686251685
Move_Component_New_Node,PrinterController,New-Node_yqtemygeyz,,650079421
UMLCloneNode,New-Node_yajvawmtel,New-Node_yajvawmtel_etktjkypmp,,251543236
UMLCloneNode,StoreServer,StoreServer_viorzstxmq,,541602842
Move_Operation_New_Component_New_Node,getMeanTimeToDelivery,New-Component_blgbssnegx,New-Node_rqljnksubo,745774123
Move_Operation_New_Component_New_Node,enterOrderID,New-Component_fjullchefc,New-Node_axjuhsghxm,765856749
UMLCloneNode,LightDisplay,LightDisplay_rrvxbseajf,,545188536
Move_Operation_New_Component_New_Node,getEnterpriseByID,New-Component_jpxbteacmj,New-Node_euztrmqbsm,761493147
Move_Operation_Component,getTransactionContext,Reporting,,274378152
Move_Operation_New_Component_New_Node,enterOrderID,New-Component_fjullchefc,New-Node_axjuhsghxm,726627352
UMLCloneNode,New-Node_yajvawmtel,New-Node_yajvawmtel_etktjkypmp,,275440234
Move_Component_New_Node,Inventory,New-Node_avtxagunsq,,547833235
Move_Operation_Component,getTransactionContext,Reporting,,260417054
Move_Operation_New_Component_New_Node,enterOrderID,New-Component_fjullchefc,New-Node_axjuhsghxm,635780399
UMLCloneNode,New-Node_yajvawmtel,New-Node_yajvawmtel_etktjkypmp,,215658240
UMLCloneNode,StoreServer,StoreServer_viorzstxmq,,426705414
Move_Operation_New_Component_New_Node,getMeanTimeToDelivery,New-Component_blgbssnegx,New-Node_rqljnksubo,569056849
Move_Operation_New_Component_New_Node,enterOrderID,New-Component_fjullchefc,New-Node_axjuhsghxm,746285492
UMLCloneNode,LightDisplay,LightDisplay_rrvxbseajf,,564954638
UMLCloneNode,Printer,Printer_bxltcvhylw,,473988722
Move_Operation_Component,getTransactionContext,Reporting,,266265350
Move_Operation_New_Component_New_Node,enterOrderID,New-Component_fjullchefc,New-Node_axjuhsghxm,726327740
UMLCloneNode,New-Node_yajvawmtel,New-Node_yajvawmtel_etktjkypmp,,249639256
UMLCloneNode,BarCodeScanner_uaurbyqmwd_xnmuxoppqo,BarCodeScanner_uaurbyqmwd_xnmuxoppqo_vnkabmfbir,,266900391
UMLCloneNode,BarCodeScanner_blvokhnnfe,BarCodeScanner_blvokhnnfe_bffkqnvepx,,204065863
Move_Component_New_Node,CashDeskGUI,New-Node_taasskwwwe,,459502920
UMLCloneNode,BarCodeScanner_blvokhnnfe_bffkqnvepx,BarCodeScanner_blvokhnnfe_bffkqnvepx_pfhlfyodel,,218421872
UMLCloneNode,EnterpriseServer,EnterpriseServer_cyupbfbznp,,524539347
Move_Operation_Component,enterOrderID,Reporting,,288044718
Move_Component_New_Node,ScannerController,New-Node_gfzrswiwkp,,547698672
UMLCloneNode,LightDisplay,LightDisplay_rrvxbseajf,,463673741
Move_Component_New_Node,Inventory,New-Node_avtxagunsq,,487253855
Move_Operation_Component,getTransactionContext,Reporting,,290568360
Move_Operation_New_Component_New_Node,enterOrderID,New-Component_fjullchefc,New-Node_axjuhsghxm,575785686
UMLCloneNode,New-Node_yajvawmtel,New-Node_yajvawmtel_etktjkypmp,,196956222
UMLCloneNode,LightDisplay,LightDisplay_drjqsuljjn,,460600999
Move_Component_New_Node,AppStore,New-Node_nyrmxlpvje,,524252970
UMLCloneNode,CashBox,CashBox_icndnfbotz,,477632665
Move_Operation_New_Component_New_Node,getTransaction,New-Component_unaillxuci,New-Node_lqaexdslko,642345299
Move_Operation_New_Component_New_Node,enterOrderID,New-Component_vydenjryhm,New-Node_ldqxjwpbxl,651757988
Move_Component_New_Node,AppStore,New-Node_nyrmxlpvje,,552081209
UMLCloneNode,CashBox,CashBox_icndnfbotz,,453523128
Move_Operation_New_Component_New_Node,getTransaction,New-Component_unaillxuci,New-Node_lqaexdslko,641655205
UMLCloneNode,StoreServer,StoreServer_viorzstxmq,,493785893
Move_Operation_New_Component_New_Node,getMeanTimeToDelivery,New-Component_blgbssnegx,New-Node_rqljnksubo,673039983
Move_Operation_Component,getMeanTimeToDelivery,Persistence,,266960595
UMLCloneNode,LightDisplay,LightDisplay_rrvxbseajf,,577423738
Move_Operation_New_Component_New_Node,getEnterpriseByID,New-Component_jpxbteacmj,New-Node_euztrmqbsm,584347039
Move_Operation_Component,getTransactionContext,Reporting,,245849871
Move_Operation_New_Component_New_Node,enterOrderID,New-Component_fjullchefc,New-Node_axjuhsghxm,564691625
UMLCloneNode,New-Node_yajvawmtel,New-Node_yajvawmtel_etktjkypmp,,217277006
Move_Operation_New_Component_New_Node,enterOrderID,New-Component_vydenjryhm,New-Node_ldqxjwpbxl,757202532
Move_Component_New_Node,AppStore,New-Node_nyrmxlpvje,,562820967
UMLCloneNode,CashBox,CashBox_icndnfbotz,,496448946
Move_Operation_New_Component_New_Node,getTransaction,New-Component_unaillxuci,New-Node_lqaexdslko,647030464
UMLCloneNode,EnterpriseServer,EnterpriseServer_cyupbfbznp,,653071491
Move_Operation_Component,enterOrderID,Reporting,,297539681
Move_Component_New_Node,ScannerController,New-Node_gfzrswiwkp,,638944242
Move_Operation_New_Component_New_Node,getTransaction,New-Component_unaillxuci,New-Node_lqaexdslko,737315804
UMLCloneNode,EnterpriseServer,EnterpriseServer_woopitduns,,539088788
Move_Operation_Component,getTransactionContext,Reporting,,303366056
Move_Operation_New_Component_New_Node,enterOrderID,New-Component_fjullchefc,New-Node_axjuhsghxm,745422043
UMLCloneNode,New-Node_yajvawmtel,New-Node_yajvawmtel_etktjkypmp,,251721881
UMLCloneNode,Printer,Printer_bxltcvhylw,,478882549
Move_Operation_Component,enterOrderID,Reporting,,262430871
Move_Component_New_Node,PrinterController,New-Node_yqtemygeyz,,508370389
UMLCloneNode,LightDisplay,LightDisplay_rrvxbseajf,,476013369
UMLCloneNode,EnterpriseServer,EnterpriseServer_woopitduns,,476055066
Move_Operation_Component,getTransactionContext,Reporting,,298559874
Move_Operation_New_Component_New_Node,enterOrderID,New-Component_fjullchefc,New-Node_axjuhsghxm,744203768
UMLCloneNode,New-Node_yajvawmtel,New-Node_yajvawmtel_etktjkypmp,,248159491
UMLCloneNode,EnterpriseServer,EnterpriseServer_cyupbfbznp,,571581534
Move_Operation_Component,enterOrderID,Reporting,,274123566
Move_Component_New_Node,ScannerController,New-Node_gfzrswiwkp,,532480317
UMLCloneNode,LightDisplay,LightDisplay_rrvxbseajf,,454963008
Move_Operation_New_Component_New_Node,saleStartedEvent,New-Component_hazqlkedjt,New-Node_odohjjwvxd,763978017
Move_Operation_Component,enterOrderID,Reporting,,292789144
Move_Component_New_Node,ScannerController,New-Node_gfzrswiwkp,,535637226
Move_Operation_New_Component_New_Node,getTransaction,New-Component_unaillxuci,New-Node_lqaexdslko,660024548
UMLCloneNode,StoreServer,StoreServer_viorzstxmq,,487710241
UMLCloneNode,New-Node_puuvxqzecc,New-Node_puuvxqzecc_cfwaekvfhc,,240888558
Move_Operation_Component,getMeanTimeToDelivery,Persistence,,286027005
UMLCloneNode,LightDisplay,LightDisplay_rrvxbseajf,,539683093
UMLCloneNode,EnterpriseServer,EnterpriseServer_cyupbfbznp,,420390423
Move_Operation_Component,enterOrderID,Reporting,,273875981
Move_Component_New_Node,ScannerController,New-Node_gfzrswiwkp,,493994353
UMLCloneNode,LightDisplay,LightDisplay_rrvxbseajf,,399117735
UMLCloneNode,BarCodeScanner_uaurbyqmwd_xnmuxoppqo,BarCodeScanner_uaurbyqmwd_xnmuxoppqo_vnkabmfbir,,242908836
UMLCloneNode,BarCodeScanner_blvokhnnfe,BarCodeScanner_blvokhnnfe_bffkqnvepx,,221094022
Move_Component_New_Node,CashDeskGUI,New-Node_taasskwwwe,,523303499
UMLCloneNode,BarCodeScanner_blvokhnnfe_bffkqnvepx,BarCodeScanner_blvokhnnfe_bffkqnvepx_pfhlfyodel,,218248627
UMLCloneNode,EnterpriseServer,EnterpriseServer_woopitduns,,503969908
Move_Operation_Component,getMeanTimeToDeliveryReport,Persistence,,326023961
Move_Component_New_Node,PrinterController,New-Node_yqtemygeyz,,641184001
UMLCloneNode,LightDisplay,LightDisplay_rrvxbseajf,,589172477
UMLCloneNode,EnterpriseServer,EnterpriseServer_woopitduns,,497778479
Move_Operation_Component,getTransactionContext,Reporting,,275252312
Move_Operation_New_Component_New_Node,rollInReceivedOrder,New-Component_uvkdzbxsww,New-Node_fnyjedalvd,676697391
Move_Operation_New_Component_New_Node,getTransaction,New-Component_unaillxuci,New-Node_lqaexdslko,743034316
UMLCloneNode,EnterpriseServer,EnterpriseServer_woopitduns,,572990355
Move_Operation_Component,enterOrderID,Reporting,,308157180
Move_Component_New_Node,PrinterController,New-Node_yqtemygeyz,,639439270
UMLCloneNode,LightDisplay,LightDisplay_rrvxbseajf,,504027056
UMLCloneNode,BarCodeScanner_uaurbyqmwd_xnmuxoppqo,BarCodeScanner_uaurbyqmwd_xnmuxoppqo_vnkabmfbir,,260269408
UMLCloneNode,BarCodeScanner_blvokhnnfe,BarCodeScanner_blvokhnnfe_bffkqnvepx,,225796771
Move_Component_New_Node,CashDeskGUI,New-Node_taasskwwwe,,540691303
UMLCloneNode,BarCodeScanner_blvokhnnfe_bffkqnvepx,BarCodeScanner_blvokhnnfe_bffkqnvepx_pfhlfyodel,,224095670
Move_Operation_New_Component_New_Node,getEnterpriseByID,New-Component_jpxbteacmj,New-Node_euztrmqbsm,735363572
Move_Operation_Component,getTransactionContext,Reporting,,278396257
Move_Operation_New_Component_New_Node,enterOrderID,New-Component_fjullchefc,New-Node_axjuhsghxm,671884887
UMLCloneNode,New-Node_yajvawmtel,New-Node_yajvawmtel_etktjkypmp,,231731548
UMLCloneNode,EnterpriseServer,EnterpriseServer_woopitduns,,519105499
Move_Operation_Component,getTransactionContext,Reporting,,275016529
Move_Operation_New_Component_New_Node,rollInReceivedOrder,New-Component_uvkdzbxsww,New-Node_fnyjedalvd,770706162
Move_Operation_New_Component_New_Node,getTransaction,New-Component_unaillxuci,New-Node_lqaexdslko,738242701
Move_Operation_New_Component_New_Node,saleStartedEvent,New-Component_hazqlkedjt,New-Node_odohjjwvxd,698407889
Move_Operation_Component,enterOrderID,Reporting,,268777481
Move_Component_New_Node,ScannerController,New-Node_gfzrswiwkp,,612573205
Move_Operation_New_Component_New_Node,getTransaction,New-Component_unaillxuci,New-Node_lqaexdslko,751271380
Move_Component_New_Node,Inventory,New-Node_avtxagunsq,,560930783
Move_Operation_Component,getTransactionContext,Reporting,,290022356
Move_Operation_New_Component_New_Node,enterOrderID,New-Component_fjullchefc,New-Node_axjuhsghxm,760687697
UMLCloneNode,New-Node_yajvawmtel,New-Node_yajvawmtel_etktjkypmp,,246154923
UMLCloneNode,StoreServer,StoreServer_viorzstxmq,,487352520
Move_Operation_New_Component_New_Node,getMeanTimeToDelivery,New-Component_blgbssnegx,New-Node_rqljnksubo,673242061
Move_Operation_New_Component_New_Node,enterOrderID,New-Component_fjullchefc,New-Node_axjuhsghxm,676319312
UMLCloneNode,LightDisplay,LightDisplay_rrvxbseajf,,483119633
UMLCloneNode,EnterpriseServer,EnterpriseServer_woopitduns,,466165343
Move_Operation_Component,getTransactionContext,Reporting,,304367835
Move_Operation_New_Component_New_Node,enterOrderID,New-Component_fjullchefc,New-Node_axjuhsghxm,673383617
UMLCloneNode,New-Node_yajvawmtel,New-Node_yajvawmtel_etktjkypmp,,224103825
Move_Operation_New_Component_New_Node,createReport,New-Component_weeruddael,New-Node_ziljmdkpxo,738448467
UMLCloneNode,BarCodeScanner_blvokhnnfe,BarCodeScanner_blvokhnnfe_bffkqnvepx,,266988897
Move_Component_New_Node,CashDeskGUI,New-Node_taasskwwwe,,539674666
UMLCloneNode,BarCodeScanner_blvokhnnfe_bffkqnvepx,BarCodeScanner_blvokhnnfe_bffkqnvepx_pfhlfyodel,,249185205
UMLCloneNode,LightDisplay,LightDisplay_tewhcwbnlp,,490161366
Move_Operation_New_Component_New_Node,enterOrderID,New-Component_fmkyfeiike,New-Node_lpoilxxkgv,613232972
Move_Component_New_Node,PrinterController,New-Node_yqtemygeyz,,471190626
UMLCloneNode,New-Node_yajvawmtel,New-Node_yajvawmtel_etktjkypmp,,209521964
Move_Operation_New_Component_New_Node,createReport,New-Component_weeruddael,New-Node_ziljmdkpxo,673874808
UMLCloneNode,BarCodeScanner_blvokhnnfe,BarCodeScanner_blvokhnnfe_bffkqnvepx,,221405426
Move_Component_New_Node,CashDeskGUI,New-Node_taasskwwwe,,518492529
UMLCloneNode,BarCodeScanner_blvokhnnfe_bffkqnvepx,BarCodeScanner_blvokhnnfe_bffkqnvepx_pfhlfyodel,,219195142
Move_Operation_New_Component_New_Node,getTransaction,New-Component_plmgtimake,New-Node_ywyobundxb,702383012
UMLCloneNode,New-Node_puuvxqzecc,New-Node_puuvxqzecc_cfwaekvfhc,,230982183
Move_Operation_Component,getMeanTimeToDelivery,Persistence,,281155090
UMLCloneNode,LightDisplay,LightDisplay_rrvxbseajf,,477888414
UMLCloneNode,BarCodeScanner_uaurbyqmwd_xnmuxoppqo,BarCodeScanner_uaurbyqmwd_xnmuxoppqo_vnkabmfbir,,245287526
UMLCloneNode,BarCodeScanner_blvokhnnfe,BarCodeScanner_blvokhnnfe_bffkqnvepx,,218230904
Move_Component_New_Node,CashDeskGUI,New-Node_taasskwwwe,,527211066
UMLCloneNode,BarCodeScanner_blvokhnnfe_bffkqnvepx,BarCodeScanner_blvokhnnfe_bffkqnvepx_pfhlfyodel,,219423830
UMLCloneNode,LightDisplay,LightDisplay_tewhcwbnlp,,493637976
Move_Operation_New_Component_New_Node,enterOrderID,New-Component_fmkyfeiike,New-Node_lpoilxxkgv,668136579
Move_Component_New_Node,PrinterController,New-Node_yqtemygeyz,,700510461
UMLCloneNode,New-Node_yajvawmtel,New-Node_yajvawmtel_etktjkypmp,,294706158
UMLCloneNode,BarCodeScanner_uaurbyqmwd_xnmuxoppqo,BarCodeScanner_uaurbyqmwd_xnmuxoppqo_vnkabmfbir,,259360674
UMLCloneNode,BarCodeScanner_blvokhnnfe,BarCodeScanner_blvokhnnfe_bffkqnvepx,,195726387
Move_Component_New_Node,CashDeskGUI,New-Node_taasskwwwe,,595972688
UMLCloneNode,BarCodeScanner_blvokhnnfe_bffkqnvepx,BarCodeScanner_blvokhnnfe_bffkqnvepx_pfhlfyodel,,292036703
UMLCloneNode,Printer,Printer_bxltcvhylw,,569493257
Move_Operation_Component,getTransactionContext,Reporting,,304726226
Move_Operation_New_Component_New_Node,enterOrderID,New-Component_fjullchefc,New-Node_axjuhsghxm,702723361
UMLCloneNode,New-Node_yajvawmtel,New-Node_yajvawmtel_etktjkypmp,,222521548
Move_Operation_New_Component_New_Node,saleStartedEvent,New-Component_hazqlkedjt,New-Node_odohjjwvxd,800745397
Move_Operation_Component,enterOrderID,Reporting,,320928416
Move_Component_New_Node,ScannerController,New-Node_gfzrswiwkp,,647547714
Move_Operation_New_Component_New_Node,getTransaction,New-Component_unaillxuci,New-Node_lqaexdslko,766974635
UMLCloneNode,BarCodeScanner_uaurbyqmwd_xnmuxoppqo,BarCodeScanner_uaurbyqmwd_xnmuxoppqo_vnkabmfbir,,276113737
UMLCloneNode,BarCodeScanner_blvokhnnfe,BarCodeScanner_blvokhnnfe_bffkqnvepx,,260051169
Move_Component_New_Node,CashDeskGUI,New-Node_taasskwwwe,,569557579
UMLCloneNode,BarCodeScanner_blvokhnnfe_bffkqnvepx,BarCodeScanner_blvokhnnfe_bffkqnvepx_pfhlfyodel,,213772825
Move_Operation_New_Component_New_Node,createReport,New-Component_weeruddael,New-Node_ziljmdkpxo,798496019
UMLCloneNode,BarCodeScanner_blvokhnnfe,BarCodeScanner_blvokhnnfe_bffkqnvepx,,257627985
Move_Component_New_Node,CashDeskGUI,New-Node_taasskwwwe,,553752413
UMLCloneNode,BarCodeScanner_blvokhnnfe_bffkqnvepx,BarCodeScanner_blvokhnnfe_bffkqnvepx_pfhlfyodel,,250016022
UMLCloneNode,LightDisplay,LightDisplay_tewhcwbnlp,,531635553
Move_Operation_New_Component_New_Node,enterOrderID,New-Component_fmkyfeiike,New-Node_lpoilxxkgv,640374253
Move_Component_New_Node,PrinterController,New-Node_yqtemygeyz,,508435271
UMLCloneNode,New-Node_yajvawmtel,New-Node_yajvawmtel_etktjkypmp,,249133106
UMLCloneNode,StoreServer,StoreServer_viorzstxmq,,524794946
Move_Operation_New_Component_New_Node,getMeanTimeToDelivery,New-Component_blgbssnegx,New-Node_rqljnksubo,691917459
Move_Operation_New_Component_New_Node,enterOrderID,New-Component_fjullchefc,New-Node_axjuhsghxm,694484002
UMLCloneNode,LightDisplay,LightDisplay_rrvxbseajf,,472158821
UMLCloneNode,StoreServer,StoreServer_viorzstxmq,,539798179
Move_Operation_New_Component_New_Node,getMeanTimeToDelivery,New-Component_blgbssnegx,New-Node_rqljnksubo,669447146
Move_Operation_New_Component_New_Node,enterOrderID,New-Component_fjullchefc,New-Node_axjuhsghxm,651438409
UMLCloneNode,LightDisplay,LightDisplay_rrvxbseajf,,463888223
UMLCloneNode,LightDisplay,LightDisplay_drjqsuljjn,,471582901
Move_Component_New_Node,AppStore,New-Node_nyrmxlpvje,,500530610
Move_Operation_New_Component_New_Node,enterOrderID,New-Component_fjullchefc,New-Node_axjuhsghxm,647394957
UMLCloneNode,LightDisplay,LightDisplay_rrvxbseajf,,486516051
UMLCloneNode,EnterpriseServer,EnterpriseServer_cyupbfbznp,,568448870
Move_Component_New_Node,Persistence,New-Node_uyhlnshbag,,520744271
Move_Operation_New_Component_New_Node,enterOrderID,New-Component_fjullchefc,New-Node_axjuhsghxm,705791163
UMLCloneNode,LightDisplay,LightDisplay_rrvxbseajf,,474882558
UMLCloneNode,EnterpriseServer,EnterpriseServer_woopitduns,,461241079
UMLCloneNode,New-Node_puuvxqzecc,New-Node_puuvxqzecc_cfwaekvfhc,,221835603
Move_Operation_Component,getMeanTimeToDelivery,Persistence,,270906192
UMLCloneNode,LightDisplay,LightDisplay_rrvxbseajf,,474098468
UMLCloneNode,BarCodeScanner_uaurbyqmwd_xnmuxoppqo,BarCodeScanner_uaurbyqmwd_xnmuxoppqo_vnkabmfbir,,267250247
UMLCloneNode,BarCodeScanner_blvokhnnfe,BarCodeScanner_blvokhnnfe_bffkqnvepx,,219623174
Move_Component_New_Node,CashDeskGUI,New-Node_taasskwwwe,,539252946
UMLCloneNode,BarCodeScanner_blvokhnnfe_bffkqnvepx,BarCodeScanner_blvokhnnfe_bffkqnvepx_pfhlfyodel,,259559547
UMLCloneNode,StoreServer,StoreServer_zmqtgxldcq,,515184145
Move_Operation_Component,enterOrderID,Reporting,,270608364
Move_Component_New_Node,ScannerController,New-Node_gfzrswiwkp,,522451091
UMLCloneNode,LightDisplay,LightDisplay_rrvxbseajf,,491850934
UMLCloneNode,Printer,Printer_skrrurdyat,,439705409
UMLCloneNode,New-Node_puuvxqzecc,New-Node_puuvxqzecc_cfwaekvfhc,,194934031
Move_Operation_Component,getMeanTimeToDelivery,Persistence,,253515805
Move_Component_New_Node,DataStore,New-Node_hrliuopdad,,529372389
UMLCloneNode,EnterpriseServer,EnterpriseServer_cyupbfbznp,,569695717
Move_Operation_New_Component_New_Node,getMeanTimeToDelivery,New-Component_blgbssnegx,New-Node_rqljnksubo,660507895
Move_Operation_New_Component_New_Node,enterOrderID,New-Component_fjullchefc,New-Node_axjuhsghxm,665527977
UMLCloneNode,LightDisplay,LightDisplay_rrvxbseajf,,415114741
Move_Operation_New_Component_New_Node,getEnterpriseByID,New-Component_jpxbteacmj,New-Node_euztrmqbsm,576243695
Move_Operation_Component,getTransactionContext,Reporting,,251560829
Move_Operation_New_Component_New_Node,enterOrderID,New-Component_fjullchefc,New-Node_axjuhsghxm,557737134
UMLCloneNode,New-Node_yajvawmtel,New-Node_yajvawmtel_etktjkypmp,,197421354
Move_Operation_New_Component_New_Node,saleStartedEvent,New-Component_hazqlkedjt,New-Node_odohjjwvxd,726331097
Move_Operation_Component,enterOrderID,Reporting,,291907421
Move_Component_New_Node,ScannerController,New-Node_gfzrswiwkp,,639018010
Move_Operation_New_Component_New_Node,getTransaction,New-Component_unaillxuci,New-Node_lqaexdslko,774200914
UMLCloneNode,StoreServer,StoreServer_viorzstxmq,,494021956
Move_Operation_New_Component_New_Node,getMeanTimeToDelivery,New-Component_blgbssnegx,New-Node_rqljnksubo,694081978
Move_Operation_New_Component_New_Node,enterOrderID,New-Component_fjullchefc,New-Node_axjuhsghxm,658860085
UMLCloneNode,LightDisplay,LightDisplay_rrvxbseajf,,459073625
UMLCloneNode,LightDisplay,LightDisplay_tewhcwbnlp,,549090732
Move_Operation_New_Component_New_Node,enterOrderID,New-Component_fmkyfeiike,New-Node_lpoilxxkgv,749785485
Move_Component_New_Node,PrinterController,New-Node_yqtemygeyz,,620181070
UMLCloneNode,New-Node_yajvawmtel,New-Node_yajvawmtel_etktjkypmp,,266269138
UMLCloneNode,LightDisplay,LightDisplay_drjqsuljjn,,518324444
Move_Component_New_Node,AppStore,New-Node_nyrmxlpvje,,462704033
UMLCloneNode,CashBox,CashBox_icndnfbotz,,361885072
Move_Operation_New_Component_New_Node,getTransaction,New-Component_unaillxuci,New-Node_lqaexdslko,551588135
UMLCloneNode,EnterpriseServer,EnterpriseServer_cyupbfbznp,,499966652
Move_Operation_New_Component_New_Node,getMeanTimeToDelivery,New-Component_blgbssnegx,New-Node_rqljnksubo,693313557
Move_Operation_New_Component_New_Node,enterOrderID,New-Component_fjullchefc,New-Node_axjuhsghxm,896353787
UMLCloneNode,LightDisplay,LightDisplay_rrvxbseajf,,582571360
UMLCloneNode,LightDisplay,LightDisplay_tewhcwbnlp,,519403728
Move_Operation_New_Component_New_Node,enterOrderID,New-Component_fmkyfeiike,New-Node_lpoilxxkgv,711749134
Move_Component_New_Node,PrinterController,New-Node_yqtemygeyz,,520158693
UMLCloneNode,New-Node_yajvawmtel,New-Node_yajvawmtel_etktjkypmp,,205625758
UMLCloneNode,StoreServer,StoreServer_zmqtgxldcq,,514634124
Move_Operation_Component,enterOrderID,Reporting,,268522683
Move_Component_New_Node,ScannerController,New-Node_gfzrswiwkp,,523276479
UMLCloneNode,LightDisplay,LightDisplay_rrvxbseajf,,461516205
UMLCloneNode,Printer,Printer_bxltcvhylw,,518608426
Move_Operation_Component,getTransactionContext,Reporting,,320246167
Move_Operation_New_Component_New_Node,enterOrderID,New-Component_fjullchefc,New-Node_axjuhsghxm,748231090
UMLCloneNode,New-Node_yajvawmtel,New-Node_yajvawmtel_etktjkypmp,,253477283
UMLCloneNode,Printer,Printer_bxltcvhylw,,510612714
Move_Operation_Component,getTransactionContext,Reporting,,293841307
Move_Operation_New_Component_New_Node,enterOrderID,New-Component_fjullchefc,New-Node_axjuhsghxm,764582921
UMLCloneNode,EnterpriseClient,EnterpriseClient_sruejutxkl,,496844097
UMLCloneNode,EnterpriseServer,EnterpriseServer_woopitduns,,480526531
Move_Operation_Component,getTransactionContext,Reporting,,267885819
Move_Operation_New_Component_New_Node,rollInReceivedOrder,New-Component_uvkdzbxsww,New-Node_fnyjedalvd,683560680
Move_Operation_New_Component_New_Node,getTransaction,New-Component_unaillxuci,New-Node_lqaexdslko,780088594
UMLCloneNode,LightDisplay,LightDisplay_tewhcwbnlp,,462576945
Move_Operation_New_Component_New_Node,enterOrderID,New-Component_fmkyfeiike,New-Node_lpoilxxkgv,660359486
Move_Component_New_Node,PrinterController,New-Node_yqtemygeyz,,657731900
UMLCloneNode,New-Node_yajvawmtel,New-Node_yajvawmtel_etktjkypmp,,248026151
UMLCloneNode,EnterpriseServer,EnterpriseServer_woopitduns,,519708038
UMLCloneNode,New-Node_puuvxqzecc,New-Node_puuvxqzecc_cfwaekvfhc,,236112062
Move_Operation_Component,getMeanTimeToDelivery,Persistence,,275169617
UMLCloneNode,LightDisplay,LightDisplay_rrvxbseajf,,477380001
UMLCloneNode,EnterpriseServer,EnterpriseServer_cyupbfbznp,,499043451
Move_Operation_New_Component_New_Node,getMeanTimeToDelivery,New-Component_blgbssnegx,New-Node_rqljnksubo,699270707
Move_Operation_New_Component_New_Node,enterOrderID,New-Component_fjullchefc,New-Node_axjuhsghxm,651605482
Move_Operation_New_Component_New_Node,enterOrderID,New-Component_rljqrnyvio,New-Node_whtssvookl,642262183
Move_Operation_New_Component_New_Node,createReport,New-Component_weeruddael,New-Node_ziljmdkpxo,640447801
UMLCloneNode,BarCodeScanner_blvokhnnfe,BarCodeScanner_blvokhnnfe_bffkqnvepx,,216370085
Move_Component_New_Node,CashDeskGUI,New-Node_taasskwwwe,,513112902
UMLCloneNode,BarCodeScanner_blvokhnnfe_bffkqnvepx,BarCodeScanner_blvokhnnfe_bffkqnvepx_pfhlfyodel,,241114652
UMLCloneNode,StoreServer,StoreServer_zmqtgxldcq,,493050564
Move_Operation_Component,enterOrderID,Reporting,,331322035
Move_Component_New_Node,ScannerController,New-Node_gfzrswiwkp,,600761558
UMLCloneNode,LightDisplay,LightDisplay_rrvxbseajf,,498078232
UMLCloneNode,EnterpriseServer,EnterpriseServer_woopitduns,,572262741
UMLCloneNode,New-Node_puuvxqzecc,New-Node_puuvxqzecc_cfwaekvfhc,,221709777
Move_Operation_Component,getMeanTimeToDelivery,Persistence,,278348206
UMLCloneNode,LightDisplay,LightDisplay_rrvxbseajf,,456060616
Move_Operation_Component,productBarCodeScannedEvent,PrinterController,,329250632
Move_Operation_New_Component_New_Node,getMeanTimeToDelivery,New-Component_blgbssnegx,New-Node_rqljnksubo,655789728
Move_Operation_New_Component_New_Node,enterOrderID,New-Component_fjullchefc,New-Node_axjuhsghxm,748657680
UMLCloneNode,LightDisplay,LightDisplay_rrvxbseajf,,484712890
Move_Operation_New_Component_New_Node,createReport,New-Component_weeruddael,New-Node_ziljmdkpxo,663179544
UMLCloneNode,BarCodeScanner_blvokhnnfe,BarCodeScanner_blvokhnnfe_bffkqnvepx,,214529213
Move_Component_New_Node,CashDeskGUI,New-Node_taasskwwwe,,568680985
UMLCloneNode,BarCodeScanner_blvokhnnfe_bffkqnvepx,BarCodeScanner_blvokhnnfe_bffkqnvepx_pfhlfyodel,,267516567
UMLCloneNode,Printer,Printer_vazzalzqax,,476919007
Move_Operation_Component,enterOrderID,Reporting,,273414365
Move_Component_New_Node,ScannerController,New-Node_gfzrswiwkp,,518355633
Move_Operation_New_Component_New_Node,getTransaction,New-Component_unaillxuci,New-Node_lqaexdslko,3390451453
UMLCloneNode,EnterpriseServer,EnterpriseServer_woopitduns,,497021871
UMLCloneNode,New-Node_puuvxqzecc,New-Node_puuvxqzecc_cfwaekvfhc,,246524255
Move_Operation_Component,getMeanTimeToDelivery,Persistence,,297924102
UMLCloneNode,LightDisplay,LightDisplay_rrvxbseajf,,491294662
UMLCloneNode,LightDisplay,LightDisplay_drjqsuljjn,,582538518
Move_Component_New_Node,AppStore,New-Node_nyrmxlpvje,,528907427
UMLCloneNode,CashBox,CashBox_icndnfbotz,,507508484
Move_Operation_New_Component_New_Node,getTransaction,New-Component_unaillxuci,New-Node_lqaexdslko,729485120
UMLCloneNode,Printer,Printer_skrrurdyat,,524123257
UMLCloneNode,New-Node_puuvxqzecc,New-Node_puuvxqzecc_cfwaekvfhc,,244341322
Move_Operation_Component,getMeanTimeToDelivery,Persistence,,304577317
UMLCloneNode,LightDisplay,LightDisplay_rrvxbseajf,,551799661
Move_Operation_New_Component_New_Node,getTransactionContext,New-Component_jhnaiccbej,New-Node_dnvejvbmsu,645097559
Move_Operation_Component,enterOrderID,Reporting,,245660405
Move_Component_New_Node,ScannerController,New-Node_gfzrswiwkp,,463468105
Move_Operation_New_Component_New_Node,getTransaction,New-Component_unaillxuci,New-Node_lqaexdslko,671174085
UMLCloneNode,EnterpriseServer,EnterpriseServer_woopitduns,,504995722
UMLCloneNode,New-Node_puuvxqzecc,New-Node_puuvxqzecc_cfwaekvfhc,,266935237
Move_Operation_Component,getMeanTimeToDelivery,Persistence,,295841096
UMLCloneNode,LightDisplay,LightDisplay_rrvxbseajf,,542138075
UMLCloneNode,Printer,Printer_bxltcvhylw,,498946669
Move_Operation_Component,getTransactionContext,Reporting,,285099336
Move_Operation_New_Component_New_Node,enterOrderID,New-Component_fjullchefc,New-Node_axjuhsghxm,724549966
UMLCloneNode,EnterpriseClient,EnterpriseClient_sruejutxkl,,457018932
Move_Operation_Component,productBarCodeScannedEvent,PrinterController,,349732516
Move_Operation_New_Component_New_Node,getMeanTimeToDelivery,New-Component_blgbssnegx,New-Node_rqljnksubo,657969075
Move_Operation_New_Component_New_Node,enterOrderID,New-Component_fjullchefc,New-Node_axjuhsghxm,643619268
Move_Operation_New_Component_New_Node,getTransaction,New-Component_unaillxuci,New-Node_lqaexdslko,676899921
UMLCloneNode,StoreServer,StoreServer_zmqtgxldcq,,372820126
Move_Operation_Component,enterOrderID,Reporting,,254662304
Move_Component_New_Node,ScannerController,New-Node_gfzrswiwkp,,1398151052
UMLCloneNode,LightDisplay,LightDisplay_rrvxbseajf,,370870841
Move_Operation_New_Component_New_Node,startSale,New-Component_mqwigfapml,New-Node_kjovkfluhh,770725789
UMLCloneNode,New-Node_puuvxqzecc,New-Node_puuvxqzecc_cfwaekvfhc,,245197217
Move_Operation_Component,getMeanTimeToDelivery,Persistence,,278033005
UMLCloneNode,LightDisplay,LightDisplay_rrvxbseajf,,444615766
UMLCloneNode,StoreServer,StoreServer_viorzstxmq,,497882444
Move_Operation_New_Component_New_Node,getMeanTimeToDelivery,New-Component_blgbssnegx,New-Node_rqljnksubo,650886995
Move_Operation_New_Component_New_Node,enterOrderID,New-Component_fjullchefc,New-Node_axjuhsghxm,765038716
UMLCloneNode,LightDisplay,LightDisplay_rrvxbseajf,,620185849
UMLCloneNode,LightDisplay,LightDisplay_tewhcwbnlp,,529046277
Move_Operation_New_Component_New_Node,enterOrderID,New-Component_fmkyfeiike,New-Node_lpoilxxkgv,706447193
Move_Component_New_Node,PrinterController,New-Node_yqtemygeyz,,517683382
UMLCloneNode,New-Node_yajvawmtel,New-Node_yajvawmtel_etktjkypmp,,244361630
UMLCloneNode,EnterpriseServer,EnterpriseServer_woopitduns,,520729394
Move_Operation_Component,getTransactionContext,Reporting,,324044079
Move_Operation_New_Component_New_Node,enterOrderID,New-Component_fjullchefc,New-Node_axjuhsghxm,763388230
UMLCloneNode,New-Node_yajvawmtel,New-Node_yajvawmtel_etktjkypmp,,278554062
UMLCloneNode,EnterpriseServer,EnterpriseServer_woopitduns,,489373870
Move_Operation_Component,getTransactionContext,Reporting,,300050449
Move_Operation_New_Component_New_Node,enterOrderID,New-Component_fjullchefc,New-Node_axjuhsghxm,740477622
UMLCloneNode,New-Node_yajvawmtel,New-Node_yajvawmtel_etktjkypmp,,224676499
UMLCloneNode,LightDisplay,LightDisplay_tewhcwbnlp,,552692946
Move_Operation_New_Component_New_Node,enterOrderID,New-Component_fmkyfeiike,New-Node_lpoilxxkgv,726169444
Move_Component_New_Node,PrinterController,New-Node_yqtemygeyz,,551385996
UMLCloneNode,New-Node_yajvawmtel,New-Node_yajvawmtel_etktjkypmp,,233293487
Move_Operation_New_Component_New_Node,getTransactionContext,New-Component_jhnaiccbej,New-Node_dnvejvbmsu,704429901
Move_Operation_Component,enterOrderID,Reporting,,298734913
Move_Component_New_Node,ScannerController,New-Node_gfzrswiwkp,,573305757
Move_Operation_New_Component_New_Node,getTransaction,New-Component_unaillxuci,New-Node_lqaexdslko,665353540
UMLCloneNode,LightDisplay,LightDisplay_drjqsuljjn,,476142080
Move_Component_New_Node,AppStore,New-Node_nyrmxlpvje,,551171504
UMLCloneNode,CashBox,CashBox_icndnfbotz,,457563103
Move_Operation_New_Component_New_Node,getTransaction,New-Component_unaillxuci,New-Node_lqaexdslko,575013859
UMLCloneNode,EnterpriseServer,EnterpriseServer_cyupbfbznp,,488184470
Move_Operation_New_Component_New_Node,getMeanTimeToDelivery,New-Component_blgbssnegx,New-Node_rqljnksubo,676142571
Move_Operation_New_Component_New_Node,enterOrderID,New-Component_fjullchefc,New-Node_axjuhsghxm,651913189
UMLCloneNode,LightDisplay,LightDisplay_rrvxbseajf,,487245189
UMLCloneNode,EnterpriseServer,EnterpriseServer_woopitduns,,508067231
UMLCloneNode,New-Node_puuvxqzecc,New-Node_puuvxqzecc_cfwaekvfhc,,222054513
Move_Operation_Component,getMeanTimeToDelivery,Persistence,,273115896
UMLCloneNode,LightDisplay,LightDisplay_rrvxbseajf,,493719088
Move_Component_New_Node,Inventory,New-Node_avtxagunsq,,561612251
Move_Operation_Component,getTransactionContext,Reporting,,292003521
Move_Operation_New_Component_New_Node,enterOrderID,New-Component_fjullchefc,New-Node_axjuhsghxm,877596166
UMLCloneNode,New-Node_yajvawmtel,New-Node_yajvawmtel_etktjkypmp,,250432073
Move_Operation_Component,productBarCodeScannedEvent,PrinterController,,349892125
Move_Operation_New_Component_New_Node,getMeanTimeToDelivery,New-Component_blgbssnegx,New-Node_rqljnksubo,640715914
Move_Operation_New_Component_New_Node,enterOrderID,New-Component_fjullchefc,New-Node_axjuhsghxm,701665347
UMLCloneNode,LightDisplay,LightDisplay_rrvxbseajf,,476465737
Move_Operation_New_Component_New_Node,saleStartedEvent,New-Component_hazqlkedjt,New-Node_odohjjwvxd,734596775
Move_Operation_Component,enterOrderID,Reporting,,326335355
Move_Component_New_Node,ScannerController,New-Node_gfzrswiwkp,,673759753
Move_Operation_New_Component_New_Node,getTransaction,New-Component_unaillxuci,New-Node_lqaexdslko,779975913
Move_Operation_New_Component_New_Node,createReport,New-Component_weeruddael,New-Node_ziljmdkpxo,739351470
UMLCloneNode,BarCodeScanner_blvokhnnfe,BarCodeScanner_blvokhnnfe_bffkqnvepx,,227753570
Move_Component_New_Node,CashDeskGUI,New-Node_taasskwwwe,,553642276
UMLCloneNode,BarCodeScanner_blvokhnnfe_bffkqnvepx,BarCodeScanner_blvokhnnfe_bffkqnvepx_pfhlfyodel,,250465976
UMLCloneNode,EnterpriseServer,EnterpriseServer_cyupbfbznp,,509097603
Move_Operation_New_Component_New_Node,getMeanTimeToDelivery,New-Component_blgbssnegx,New-Node_rqljnksubo,686503497
Move_Operation_New_Component_New_Node,enterOrderID,New-Component_fjullchefc,New-Node_axjuhsghxm,684144265
UMLCloneNode,LightDisplay,LightDisplay_rrvxbseajf,,463203780
UMLCloneNode,LightDisplay,LightDisplay_drjqsuljjn,,475945491
Move_Component_New_Node,AppStore,New-Node_nyrmxlpvje,,636759144
UMLCloneNode,CashBox,CashBox_icndnfbotz,,567826823
UMLCloneNode,LightDisplay,LightDisplay_rrvxbseajf,,467293949
UMLCloneNode,BarCodeScanner_uaurbyqmwd_xnmuxoppqo,BarCodeScanner_uaurbyqmwd_xnmuxoppqo_vnkabmfbir,,265931124
UMLCloneNode,BarCodeScanner_blvokhnnfe,BarCodeScanner_blvokhnnfe_bffkqnvepx,,224907363
Move_Component_New_Node,CashDeskGUI,New-Node_taasskwwwe,,520932474
UMLCloneNode,BarCodeScanner_blvokhnnfe_bffkqnvepx,BarCodeScanner_blvokhnnfe_bffkqnvepx_pfhlfyodel,,219486397
Move_Operation_Component,productBarCodeScannedEvent,PrinterController,,278071077
Move_Operation_New_Component_New_Node,getMeanTimeToDelivery,New-Component_blgbssnegx,New-Node_rqljnksubo,640180139
Move_Operation_New_Component_New_Node,enterOrderID,New-Component_fjullchefc,New-Node_axjuhsghxm,634230814
UMLCloneNode,LightDisplay,LightDisplay_rrvxbseajf,,430030669
UMLCloneNode,LightDisplay,LightDisplay_tewhcwbnlp,,567752494
Move_Operation_New_Component_New_Node,enterOrderID,New-Component_fmkyfeiike,New-Node_lpoilxxkgv,693735708
Move_Component_New_Node,PrinterController,New-Node_yqtemygeyz,,604153978
UMLCloneNode,New-Node_yajvawmtel,New-Node_yajvawmtel_etktjkypmp,,251855522
Move_Operation_New_Component_New_Node,scanProduct,New-Component_ebsvamvfcq,New-Node_tarpbhbqzy,685624319
Move_Operation_Component,getTransactionContext,Reporting,,272542671
Move_Operation_New_Component_New_Node,enterOrderID,New-Component_fjullchefc,New-Node_axjuhsghxm,691061214
UMLCloneNode,New-Node_yajvawmtel,New-Node_yajvawmtel_etktjkypmp,,227802290
UMLCloneNode,LightDisplay,LightDisplay_drjqsuljjn,,528645716
Move_Component_New_Node,AppStore,New-Node_nyrmxlpvje,,541672012
UMLCloneNode,CashBox,CashBox_icndnfbotz,,477331230
Move_Operation_New_Component_New_Node,getTransaction,New-Component_unaillxuci,New-Node_lqaexdslko,668919317
Move_Operation_New_Component_New_Node,createReport,New-Component_weeruddael,New-Node_ziljmdkpxo,753426912
UMLCloneNode,BarCodeScanner_blvokhnnfe,BarCodeScanner_blvokhnnfe_bffkqnvepx,,236734348
Move_Component_New_Node,CashDeskGUI,New-Node_taasskwwwe,,639933026
UMLCloneNode,BarCodeScanner_blvokhnnfe_bffkqnvepx,BarCodeScanner_blvokhnnfe_bffkqnvepx_pfhlfyodel,,263734475
UMLCloneNode,StoreServer,StoreServer_viorzstxmq,,445311251
Move_Operation_New_Component_New_Node,getMeanTimeToDelivery,New-Component_blgbssnegx,New-Node_rqljnksubo,650894850
Move_Operation_New_Component_New_Node,enterOrderID,New-Component_fjullchefc,New-Node_axjuhsghxm,647919581
UMLCloneNode,LightDisplay,LightDisplay_rrvxbseajf,,487050945
Move_Operation_New_Component_New_Node,saleStartedEvent,New-Component_hazqlkedjt,New-Node_odohjjwvxd,1183402087
Move_Operation_Component,enterOrderID,Reporting,,311339978
Move_Component_New_Node,ScannerController,New-Node_gfzrswiwkp,,562379018
Move_Operation_New_Component_New_Node,getTransaction,New-Component_unaillxuci,New-Node_lqaexdslko,643917667
UMLCloneNode,StoreServer,StoreServer_viorzstxmq,,495409618
Move_Operation_New_Component_New_Node,getMeanTimeToDelivery,New-Component_blgbssnegx,New-Node_rqljnksubo,734780780
Move_Operation_New_Component_New_Node,enterOrderID,New-Component_fjullchefc,New-Node_axjuhsghxm,672386327
UMLCloneNode,LightDisplay,LightDisplay_rrvxbseajf,,463353030
Move_Operation_New_Component_New_Node,getTransactionContext,New-Component_jhnaiccbej,New-Node_dnvejvbmsu,706500263
Move_Operation_Component,enterOrderID,Reporting,,294414852
Move_Component_New_Node,ScannerController,New-Node_gfzrswiwkp,,542302584
Move_Operation_New_Component_New_Node,getTransaction,New-Component_unaillxuci,New-Node_lqaexdslko,702454306
UMLCloneNode,EnterpriseClient,EnterpriseClient_mktxjowoiw,,485897602
Move_Operation_Component,getTransactionContext,Reporting,,302202204
Move_Operation_New_Component_New_Node,enterOrderID,New-Component_fjullchefc,New-Node_axjuhsghxm,685551021
UMLCloneNode,New-Node_yajvawmtel,New-Node_yajvawmtel_etktjkypmp,,223665955
UMLCloneNode,New-Node_tagnmglgmt_cgrnuulgeh,New-Node_tagnmglgmt_cgrnuulgeh_ajmvgddmmw,,276482368
Move_Operation_Component,enterOrderID,Reporting,,282508467
Move_Component_New_Node,ScannerController,New-Node_gfzrswiwkp,,533061987
Move_Operation_New_Component_New_Node,getTransaction,New-Component_unaillxuci,New-Node_lqaexdslko,664426673
UMLCloneNode,EnterpriseServer,EnterpriseServer_woopitduns,,395601663
UMLCloneNode,New-Node_puuvxqzecc,New-Node_puuvxqzecc_cfwaekvfhc,,213123597
Move_Operation_Component,getMeanTimeToDelivery,Persistence,,232360146
UMLCloneNode,LightDisplay,LightDisplay_rrvxbseajf,,363165103
Move_Operation_Component,productBarCodeScannedEvent,PrinterController,,302207594
Move_Operation_New_Component_New_Node,enterOrderID,New-Component_qhfqhuyspg,New-Node_vwuhmssvif,722742187
Move_Operation_New_Component_New_Node,enterOrderID,New-Component_fjullchefc,New-Node_axjuhsghxm,652293833
Move_Operation_New_Component_New_Node,getTransaction,New-Component_unaillxuci,New-Node_lqaexdslko,648134784
UMLCloneNode,EnterpriseServer,EnterpriseServer_woopitduns,,473482183
UMLCloneNode,New-Node_puuvxqzecc,New-Node_puuvxqzecc_cfwaekvfhc,,221483663
Move_Operation_Component,getMeanTimeToDelivery,Persistence,,273156121
UMLCloneNode,LightDisplay,LightDisplay_rrvxbseajf,,489174446
UMLCloneNode,EnterpriseServer,EnterpriseServer_cyupbfbznp,,368463086
Move_Operation_New_Component_New_Node,getMeanTimeToDelivery,New-Component_blgbssnegx,New-Node_rqljnksubo,589453624
Move_Operation_New_Component_New_Node,enterOrderID,New-Component_fjullchefc,New-Node_axjuhsghxm,1468895341
UMLCloneNode,LightDisplay,LightDisplay_rrvxbseajf,,546449259
Move_Operation_New_Component_New_Node,scanProduct,New-Component_ebsvamvfcq,New-Node_tarpbhbqzy,684265912
Move_Operation_Component,getTransactionContext,Reporting,,290331656
Move_Operation_New_Component_New_Node,enterOrderID,New-Component_fjullchefc,New-Node_axjuhsghxm,761489491
UMLCloneNode,New-Node_yajvawmtel,New-Node_yajvawmtel_etktjkypmp,,252224743
Move_Operation_New_Component_New_Node,getEnterpriseByID,New-Component_jpxbteacmj,New-Node_euztrmqbsm,609834580
Move_Operation_Component,getTransactionContext,Reporting,,339287491
Move_Operation_New_Component_New_Node,enterOrderID,New-Component_fjullchefc,New-Node_axjuhsghxm,793022055
UMLCloneNode,New-Node_yajvawmtel,New-Node_yajvawmtel_etktjkypmp,,273897681
UMLCloneNode,EnterpriseServer,EnterpriseServer_woopitduns,,423146209
Move_Operation_Component,getTransactionContext,Reporting,,257912709
Move_Operation_New_Component_New_Node,enterOrderID,New-Component_fjullchefc,New-Node_axjuhsghxm,613040511
UMLCloneNode,New-Node_yajvawmtel,New-Node_yajvawmtel_etktjkypmp,,241156781
Move_Operation_New_Component_New_Node,saleStartedEvent,New-Component_hazqlkedjt,New-Node_odohjjwvxd,702143213
Move_Operation_Component,enterOrderID,Reporting,,344358800
Move_Component_New_Node,ScannerController,New-Node_gfzrswiwkp,,627142864
Move_Operation_New_Component_New_Node,getTransaction,New-Component_unaillxuci,New-Node_lqaexdslko,660337826
Move_Component_New_Node,Inventory,New-Node_avtxagunsq,,602347581
Move_Operation_Component,getTransactionContext,Reporting,,299222297
Move_Operation_New_Component_New_Node,enterOrderID,New-Component_fjullchefc,New-Node_axjuhsghxm,747661522
UMLCloneNode,New-Node_yajvawmtel,New-Node_yajvawmtel_etktjkypmp,,248854765
UMLCloneNode,EnterpriseServer,EnterpriseServer_woopitduns,,561869803
Move_Operation_Component,getTransactionContext,Reporting,,317239129
Move_Operation_New_Component_New_Node,enterOrderID,New-Component_fjullchefc,New-Node_axjuhsghxm,712260433
UMLCloneNode,New-Node_yajvawmtel,New-Node_yajvawmtel_etktjkypmp,,236961254
Move_Operation_New_Component_New_Node,scanProduct,New-Component_ebsvamvfcq,New-Node_tarpbhbqzy,693654346
Move_Operation_Component,getTransactionContext,Reporting,,296937803
Move_Operation_New_Component_New_Node,enterOrderID,New-Component_fjullchefc,New-Node_axjuhsghxm,714942282
UMLCloneNode,New-Node_yajvawmtel,New-Node_yajvawmtel_etktjkypmp,,221201914
UMLCloneNode,LightDisplay,LightDisplay_drjqsuljjn,,475719096
Move_Component_New_Node,AppStore,New-Node_nyrmxlpvje,,512583590
UMLCloneNode,CashBox,CashBox_icndnfbotz,,453473866
Move_Operation_New_Component_New_Node,getTransaction,New-Component_unaillxuci,New-Node_lqaexdslko,648559190
UMLCloneNode,EnterpriseClient,EnterpriseClient_mktxjowoiw,,550077502
Move_Operation_Component,getTransactionContext,Reporting,,275083215
Move_Operation_New_Component_New_Node,enterOrderID,New-Component_fjullchefc,New-Node_axjuhsghxm,669717092
UMLCloneNode,New-Node_yajvawmtel,New-Node_yajvawmtel_etktjkypmp,,234304723
Move_Operation_New_Component_New_Node,startSale,New-Component_mqwigfapml,New-Node_kjovkfluhh,792913321
UMLCloneNode,New-Node_puuvxqzecc,New-Node_puuvxqzecc_cfwaekvfhc,,261649486
Move_Operation_Component,getMeanTimeToDelivery,Persistence,,272962598
UMLCloneNode,LightDisplay,LightDisplay_rrvxbseajf,,461038330
UMLCloneNode,EnterpriseServer,EnterpriseServer_woopitduns,,497991208
Move_Operation_Component,getTransactionContext,Reporting,,297225573
Move_Operation_New_Component_New_Node,enterOrderID,New-Component_fjullchefc,New-Node_axjuhsghxm,680495893
UMLCloneNode,New-Node_yajvawmtel,New-Node_yajvawmtel_etktjkypmp,,219765301
Move_Operation_New_Component_New_Node,saleStartedEvent,New-Component_hazqlkedjt,New-Node_odohjjwvxd,741099668
Move_Operation_Component,enterOrderID,Reporting,,343156395
Move_Component_New_Node,ScannerController,New-Node_gfzrswiwkp,,653992258
Move_Operation_New_Component_New_Node,getTransaction,New-Component_unaillxuci,New-Node_lqaexdslko,788089977
UMLCloneNode,EnterpriseServer,EnterpriseServer_woopitduns,,533444054
Move_Operation_Component,getTransactionContext,Reporting,,272515300
Move_Operation_New_Component_New_Node,enterOrderID,New-Component_fjullchefc,New-Node_axjuhsghxm,674719663
UMLCloneNode,New-Node_yajvawmtel,New-Node_yajvawmtel_etktjkypmp,,264119167
UMLCloneNode,LightDisplay,LightDisplay_tewhcwbnlp,,514771201
Move_Operation_New_Component_New_Node,enterOrderID,New-Component_fmkyfeiike,New-Node_lpoilxxkgv,642006915
Move_Component_New_Node,PrinterController,New-Node_yqtemygeyz,,545300786
UMLCloneNode,New-Node_yajvawmtel,New-Node_yajvawmtel_etktjkypmp,,237819934
Move_Operation_Component,productBarCodeScannedEvent,PrinterController,,342398234
Move_Operation_New_Component_New_Node,getMeanTimeToDelivery,New-Component_blgbssnegx,New-Node_rqljnksubo,670329300
Move_Operation_New_Component_New_Node,enterOrderID,New-Component_fjullchefc,New-Node_axjuhsghxm,672805784
Move_Operation_New_Component_New_Node,getTransaction,New-Component_unaillxuci,New-Node_lqaexdslko,670283104
Move_Operation_New_Component_New_Node,getEnterpriseByID,New-Component_jpxbteacmj,New-Node_euztrmqbsm,797861559
Move_Operation_Component,getTransactionContext,Reporting,,323817113
Move_Operation_New_Component_New_Node,enterOrderID,New-Component_fjullchefc,New-Node_axjuhsghxm,751956846
UMLCloneNode,New-Node_yajvawmtel,New-Node_yajvawmtel_etktjkypmp,,271416359
Move_Operation_New_Component_New_Node,startSale,New-Component_mqwigfapml,New-Node_kjovkfluhh,667788356
UMLCloneNode,New-Node_puuvxqzecc,New-Node_puuvxqzecc_cfwaekvfhc,,226212179
Move_Operation_Component,getMeanTimeToDelivery,Persistence,,263192870
UMLCloneNode,LightDisplay,LightDisplay_rrvxbseajf,,494465227
UMLCloneNode,EnterpriseServer,EnterpriseServer_woopitduns,,521955893
Move_Operation_Component,getTransactionContext,Reporting,,296067842
Move_Operation_New_Component_New_Node,enterOrderID,New-Component_fjullchefc,New-Node_axjuhsghxm,685796543
UMLCloneNode,New-Node_yajvawmtel,New-Node_yajvawmtel_etktjkypmp,,224358853
UMLCloneNode,New-Node_tagnmglgmt_cgrnuulgeh,New-Node_tagnmglgmt_cgrnuulgeh_ajmvgddmmw,,243629858
Move_Operation_Component,enterOrderID,Reporting,,272216259
Move_Component_New_Node,ScannerController,New-Node_gfzrswiwkp,,523498796
Move_Operation_New_Component_New_Node,getTransaction,New-Component_unaillxuci,New-Node_lqaexdslko,662946798
Move_Operation_New_Component_New_Node,getEnterpriseByID,New-Component_jpxbteacmj,New-Node_euztrmqbsm,759607621
Move_Operation_Component,getTransactionContext,Reporting,,312097317
Move_Operation_New_Component_New_Node,enterOrderID,New-Component_fjullchefc,New-Node_axjuhsghxm,733485882
UMLCloneNode,New-Node_yajvawmtel,New-Node_yajvawmtel_etktjkypmp,,252243749
Move_Operation_New_Component_New_Node,saleStartedEvent,New-Component_hazqlkedjt,New-Node_odohjjwvxd,692938493
Move_Operation_Component,enterOrderID,Reporting,,306480405
Move_Component_New_Node,ScannerController,New-Node_gfzrswiwkp,,600273773
Move_Operation_New_Component_New_Node,getTransaction,New-Component_unaillxuci,New-Node_lqaexdslko,667221072
Move_Operation_New_Component_New_Node,startSale,New-Component_mqwigfapml,New-Node_kjovkfluhh,718598397
UMLCloneNode,New-Node_puuvxqzecc,New-Node_puuvxqzecc_cfwaekvfhc,,230902514
Move_Operation_Component,getMeanTimeToDelivery,Persistence,,294910863
UMLCloneNode,LightDisplay,LightDisplay_rrvxbseajf,,471280985
Move_Operation_New_Component_New_Node,startSale,New-Component_mqwigfapml,New-Node_kjovkfluhh,725776907
UMLCloneNode,New-Node_puuvxqzecc,New-Node_puuvxqzecc_cfwaekvfhc,,247378657
Move_Operation_Component,getMeanTimeToDelivery,Persistence,,289925505
UMLCloneNode,LightDisplay,LightDisplay_rrvxbseajf,,573959742
UMLCloneNode,EnterpriseServer,EnterpriseServer_woopitduns,,368301333
UMLCloneNode,New-Node_puuvxqzecc,New-Node_puuvxqzecc_cfwaekvfhc,,220032291
Move_Operation_Component,getMeanTimeToDelivery,Persistence,,297840365
UMLCloneNode,LightDisplay,LightDisplay_rrvxbseajf,,1033898841
Move_Operation_New_Component_New_Node,saleStartedEvent,New-Component_hazqlkedjt,New-Node_odohjjwvxd,751885823
Move_Operation_Component,enterOrderID,Reporting,,297922469
Move_Component_New_Node,ScannerController,New-Node_gfzrswiwkp,,597622632
Move_Operation_New_Component_New_Node,getTransaction,New-Component_unaillxuci,New-Node_lqaexdslko,729866515
UMLCloneNode,EnterpriseServer,EnterpriseServer_cyupbfbznp,,464890091
Move_Operation_New_Component_New_Node,getMeanTimeToDelivery,New-Component_blgbssnegx,New-Node_rqljnksubo,658134103
Move_Operation_New_Component_New_Node,enterOrderID,New-Component_fjullchefc,New-Node_axjuhsghxm,679397013
UMLCloneNode,LightDisplay,LightDisplay_rrvxbseajf,,477478375
UMLCloneNode,EnterpriseServer,EnterpriseServer_woopitduns,,549217089
Move_Operation_Component,getTransactionContext,Reporting,,304843888
Move_Operation_New_Component_New_Node,enterOrderID,New-Component_fjullchefc,New-Node_axjuhsghxm,662160634
UMLCloneNode,New-Node_yajvawmtel,New-Node_yajvawmtel_etktjkypmp,,237113169
UMLCloneNode,BarCodeScanner_uaurbyqmwd_xnmuxoppqo,BarCodeScanner_uaurbyqmwd_xnmuxoppqo_vnkabmfbir,,244013627
UMLCloneNode,BarCodeScanner_blvokhnnfe,BarCodeScanner_blvokhnnfe_bffkqnvepx,,230750779
Move_Component_New_Node,CashDeskGUI,New-Node_taasskwwwe,,664078219
UMLCloneNode,BarCodeScanner_blvokhnnfe_bffkqnvepx,BarCodeScanner_blvokhnnfe_bffkqnvepx_pfhlfyodel,,280089982
UMLCloneNode,BarCodeScanner_uaurbyqmwd_xnmuxoppqo,BarCodeScanner_uaurbyqmwd_xnmuxoppqo_vnkabmfbir,,253224349
UMLCloneNode,BarCodeScanner_blvokhnnfe,BarCodeScanner_blvokhnnfe_bffkqnvepx,,229065599
Move_Component_New_Node,CashDeskGUI,New-Node_taasskwwwe,,475521987
UMLCloneNode,BarCodeScanner_blvokhnnfe_bffkqnvepx,BarCodeScanner_blvokhnnfe_bffkqnvepx_pfhlfyodel,,238455746
Move_Operation_New_Component_New_Node,scanProduct,New-Component_ebsvamvfcq,New-Node_tarpbhbqzy,796831107
Move_Operation_Component,getTransactionContext,Reporting,,321272723
Move_Operation_New_Component_New_Node,enterOrderID,New-Component_fjullchefc,New-Node_axjuhsghxm,732239044
UMLCloneNode,New-Node_yajvawmtel,New-Node_yajvawmtel_etktjkypmp,,252116311
Move_Operation_New_Component_New_Node,getProductWithStockItem,New-Component_vrpazkaohb,New-Node_wylnumumuw,727127830
Move_Operation_Component,getTransactionContext,Reporting,,297860362
Move_Operation_New_Component_New_Node,enterOrderID,New-Component_fjullchefc,New-Node_axjuhsghxm,663249606
UMLCloneNode,New-Node_yajvawmtel,New-Node_yajvawmtel_etktjkypmp,,216601358
UMLCloneNode,EnterpriseServer,EnterpriseServer_woopitduns,,453794907
Move_Operation_Component,getTransactionContext,Reporting,,288795737
Move_Operation_New_Component_New_Node,enterOrderID,New-Component_fjullchefc,New-Node_axjuhsghxm,704416986
UMLCloneNode,New-Node_yajvawmtel,New-Node_yajvawmtel_etktjkypmp,,232642756
Move_Operation_New_Component_New_Node,getProductWithStockItem,New-Component_vrpazkaohb,New-Node_wylnumumuw,677167182
Move_Operation_Component,getTransactionContext,Reporting,,263401932
Move_Operation_New_Component_New_Node,enterOrderID,New-Component_fjullchefc,New-Node_axjuhsghxm,640732455
UMLCloneNode,New-Node_yajvawmtel,New-Node_yajvawmtel_etktjkypmp,,216588564
UMLCloneNode,LightDisplay,LightDisplay_tewhcwbnlp,,582946614
Move_Operation_New_Component_New_Node,enterOrderID,New-Component_fmkyfeiike,New-Node_lpoilxxkgv,776986217
Move_Component_New_Node,PrinterController,New-Node_yqtemygeyz,,632370967
UMLCloneNode,New-Node_yajvawmtel,New-Node_yajvawmtel_etktjkypmp,,255718204
UMLCloneNode,EnterpriseServer,EnterpriseServer_woopitduns,,571966846
Move_Operation_Component,getTransactionContext,Reporting,,337788430
Move_Operation_New_Component_New_Node,enterOrderID,New-Component_fjullchefc,New-Node_axjuhsghxm,769214656
UMLCloneNode,New-Node_yajvawmtel,New-Node_yajvawmtel_etktjkypmp,,254971334
UMLCloneNode,EnterpriseServer,EnterpriseServer_cyupbfbznp,,656993255
Move_Operation_New_Component_New_Node,getMeanTimeToDelivery,New-Component_blgbssnegx,New-Node_rqljnksubo,748191927
Move_Operation_New_Component_New_Node,enterOrderID,New-Component_fjullchefc,New-Node_axjuhsghxm,753063852
UMLCloneNode,LightDisplay,LightDisplay_rrvxbseajf,,591631668
Move_Operation_New_Component_New_Node,getEnterpriseByID,New-Component_jpxbteacmj,New-Node_euztrmqbsm,602962865
Move_Operation_Component,getTransactionContext,Reporting,,240369815
Move_Operation_New_Component_New_Node,enterOrderID,New-Component_fjullchefc,New-Node_axjuhsghxm,561251324
UMLCloneNode,New-Node_yajvawmtel,New-Node_yajvawmtel_etktjkypmp,,194698589
UMLCloneNode,EnterpriseServer,EnterpriseServer_woopitduns,,507202801
Move_Operation_Component,getTransactionContext,Reporting,,289509304
Move_Operation_New_Component_New_Node,enterOrderID,New-Component_fjullchefc,New-Node_axjuhsghxm,619806838
UMLCloneNode,New-Node_yajvawmtel,New-Node_yajvawmtel_etktjkypmp,,256901463
Move_Operation_New_Component_New_Node,getEnterpriseByID,New-Component_jpxbteacmj,New-Node_euztrmqbsm,737940104
Move_Operation_Component,getTransactionContext,Reporting,,298463854
Move_Operation_New_Component_New_Node,enterOrderID,New-Component_fjullchefc,New-Node_axjuhsghxm,808536025
UMLCloneNode,New-Node_yajvawmtel,New-Node_yajvawmtel_etktjkypmp,,294041523
UMLCloneNode,LightDisplay,LightDisplay_tewhcwbnlp,,520400426
Move_Operation_New_Component_New_Node,enterOrderID,New-Component_fmkyfeiike,New-Node_lpoilxxkgv,794602359
Move_Component_New_Node,PrinterController,New-Node_yqtemygeyz,,614807103
UMLCloneNode,New-Node_yajvawmtel,New-Node_yajvawmtel_etktjkypmp,,237871621
UMLCloneNode,LightDisplay,LightDisplay_tewhcwbnlp,,568470901
Move_Operation_New_Component_New_Node,enterOrderID,New-Component_fmkyfeiike,New-Node_lpoilxxkgv,669227384
Move_Component_New_Node,PrinterController,New-Node_yqtemygeyz,,540834822
UMLCloneNode,New-Node_yajvawmtel,New-Node_yajvawmtel_etktjkypmp,,233409044
UMLCloneNode,LightDisplay,LightDisplay_tewhcwbnlp,,524245626
Move_Operation_New_Component_New_Node,enterOrderID,New-Component_fmkyfeiike,New-Node_lpoilxxkgv,649452074
Move_Component_New_Node,PrinterController,New-Node_yqtemygeyz,,510826094
UMLCloneNode,New-Node_yajvawmtel,New-Node_yajvawmtel_etktjkypmp,,219668409
UMLCloneNode,EnterpriseClient,EnterpriseClient_mktxjowoiw,,577899440
Move_Operation_Component,getTransactionContext,Reporting,,298958632
Move_Operation_New_Component_New_Node,enterOrderID,New-Component_fjullchefc,New-Node_axjuhsghxm,742487380
UMLCloneNode,New-Node_yajvawmtel,New-Node_yajvawmtel_etktjkypmp,,255447436
UMLCloneNode,LightDisplay,LightDisplay_tewhcwbnlp,,514206182
Move_Operation_New_Component_New_Node,enterOrderID,New-Component_fmkyfeiike,New-Node_lpoilxxkgv,760788606
Move_Component_New_Node,PrinterController,New-Node_yqtemygeyz,,632882245
UMLCloneNode,New-Node_yajvawmtel,New-Node_yajvawmtel_etktjkypmp,,227414193
Move_Operation_New_Component_New_Node,getProductWithStockItem,New-Component_vrpazkaohb,New-Node_wylnumumuw,714235847
Move_Operation_Component,getTransactionContext,Reporting,,359320804
Move_Operation_New_Component_New_Node,enterOrderID,New-Component_fjullchefc,New-Node_axjuhsghxm,720505353
UMLCloneNode,New-Node_yajvawmtel,New-Node_yajvawmtel_etktjkypmp,,230790934
Move_Operation_New_Component_New_Node,getMeanTimeToDelivery,New-Component_nuvzvvpbjg,New-Node_mmdrldgovf,618538811
UMLCloneNode,New-Node_puuvxqzecc,New-Node_puuvxqzecc_cfwaekvfhc,,194576310
Move_Operation_Component,getMeanTimeToDelivery,Persistence,,237639045
UMLCloneNode,LightDisplay,LightDisplay_rrvxbseajf,,392183664
UMLCloneNode,EnterpriseClient,EnterpriseClient_mktxjowoiw,,560989573
Move_Operation_Component,getTransactionContext,Reporting,,298869595
Move_Component_New_Node,PrinterController,New-Node_zhjpewzfuu,,673962874
UMLCloneNode,New-Node_yajvawmtel,New-Node_yajvawmtel_etktjkypmp,,276808801
UMLCloneNode,EnterpriseServer,EnterpriseServer_cyupbfbznp,,461681596
Move_Operation_New_Component_New_Node,getMeanTimeToDelivery,New-Component_blgbssnegx,New-Node_rqljnksubo,652255992
Move_Operation_New_Component_New_Node,enterOrderID,New-Component_fjullchefc,New-Node_axjuhsghxm,672072609
UMLCloneNode,LightDisplay,LightDisplay_rrvxbseajf,,1107389260
UMLCloneNode,LightDisplay,LightDisplay_drjqsuljjn,,501519834
Move_Component_New_Node,AppStore,New-Node_nyrmxlpvje,,625626410
UMLCloneNode,CashBox,CashBox_icndnfbotz,,505326993
Move_Operation_New_Component_New_Node,getTransaction,New-Component_unaillxuci,New-Node_lqaexdslko,648496453
Move_Operation_New_Component_New_Node,getProductWithStockItem,New-Component_vrpazkaohb,New-Node_wylnumumuw,732517296
Move_Operation_Component,getTransactionContext,Reporting,,286821704
Move_Operation_New_Component_New_Node,enterOrderID,New-Component_fjullchefc,New-Node_axjuhsghxm,670909197
UMLCloneNode,New-Node_yajvawmtel,New-Node_yajvawmtel_etktjkypmp,,238967807
Move_Operation_New_Component_New_Node,startSale,New-Component_mqwigfapml,New-Node_kjovkfluhh,729457408
UMLCloneNode,New-Node_puuvxqzecc,New-Node_puuvxqzecc_cfwaekvfhc,,229067613
Move_Operation_Component,getMeanTimeToDelivery,Persistence,,297127399
UMLCloneNode,LightDisplay,LightDisplay_rrvxbseajf,,512683607
UMLCloneNode,New-Node_tagnmglgmt_cgrnuulgeh,New-Node_tagnmglgmt_cgrnuulgeh_ajmvgddmmw,,289068698
Move_Operation_Component,enterOrderID,Reporting,,263404497
Move_Component_New_Node,ScannerController,New-Node_gfzrswiwkp,,523995677
Move_Operation_New_Component_New_Node,getTransaction,New-Component_unaillxuci,New-Node_lqaexdslko,647430053
Move_Operation_New_Component_New_Node,scanProduct,New-Component_ebsvamvfcq,New-Node_tarpbhbqzy,723774392
Move_Operation_Component,getTransactionContext,Reporting,,265695272
Move_Operation_New_Component_New_Node,enterOrderID,New-Component_fjullchefc,New-Node_axjuhsghxm,643179272
UMLCloneNode,New-Node_yajvawmtel,New-Node_yajvawmtel_etktjkypmp,,216713829
UMLCloneNode,LightDisplay,LightDisplay_drjqsuljjn,,439219278
Move_Component_New_Node,AppStore,New-Node_nyrmxlpvje,,408083767
UMLCloneNode,CashBox,CashBox_icndnfbotz,,396879168
Move_Operation_New_Component_New_Node,getTransaction,New-Component_unaillxuci,New-Node_lqaexdslko,584594915
Move_Operation_New_Component_New_Node,startSale,New-Component_mqwigfapml,New-Node_kjovkfluhh,705653605
UMLCloneNode,New-Node_puuvxqzecc,New-Node_puuvxqzecc_cfwaekvfhc,,256864643
Move_Operation_Component,getMeanTimeToDelivery,Persistence,,371464775
UMLCloneNode,LightDisplay,LightDisplay_rrvxbseajf,,544586035
UMLCloneNode,EnterpriseServer,EnterpriseServer_ydhnjvvjse,,493311453
Move_Operation_Component,getTransactionContext,Reporting,,673205183
Move_Operation_New_Component_New_Node,enterOrderID,New-Component_fjullchefc,New-Node_axjuhsghxm,640030318
UMLCloneNode,New-Node_yajvawmtel,New-Node_yajvawmtel_etktjkypmp,,220596640
Move_Operation_New_Component_New_Node,getEnterpriseByID,New-Component_jpxbteacmj,New-Node_euztrmqbsm,672717528
Move_Operation_Component,getTransactionContext,Reporting,,313994475
Move_Operation_New_Component_New_Node,enterOrderID,New-Component_fjullchefc,New-Node_axjuhsghxm,787508467
UMLCloneNode,New-Node_yajvawmtel,New-Node_yajvawmtel_etktjkypmp,,293223969
Move_Operation_Component,productBarCodeScannedEvent,PrinterController,,342706341
Move_Operation_New_Component_New_Node,getMeanTimeToDelivery,New-Component_blgbssnegx,New-Node_rqljnksubo,673068687
Move_Operation_New_Component_New_Node,enterOrderID,New-Component_fjullchefc,New-Node_axjuhsghxm,707558376
Move_Operation_New_Component_New_Node,getTransaction,New-Component_unaillxuci,New-Node_lqaexdslko,820972714
UMLCloneNode,EnterpriseServer,EnterpriseServer_woopitduns,,578140332
Move_Operation_Component,getTransactionContext,Reporting,,327581101
Move_Operation_New_Component_New_Node,enterOrderID,New-Component_fjullchefc,New-Node_axjuhsghxm,765932110
UMLCloneNode,New-Node_yajvawmtel,New-Node_yajvawmtel_etktjkypmp,,250712208
Move_Operation_New_Component_New_Node,getProductWithStockItem,New-Component_vrpazkaohb,New-Node_wylnumumuw,674776489
Move_Operation_Component,getTransactionContext,Reporting,,278616890
Move_Operation_New_Component_New_Node,enterOrderID,New-Component_fjullchefc,New-Node_axjuhsghxm,666287722
UMLCloneNode,New-Node_yajvawmtel,New-Node_yajvawmtel_etktjkypmp,,233956150
UMLCloneNode,BarCodeScanner_uaurbyqmwd_xnmuxoppqo,BarCodeScanner_uaurbyqmwd_xnmuxoppqo_vnkabmfbir,,321209032
UMLCloneNode,BarCodeScanner_blvokhnnfe,BarCodeScanner_blvokhnnfe_bffkqnvepx,,227697734
Move_Component_New_Node,CashDeskGUI,New-Node_taasskwwwe,,529353203
UMLCloneNode,BarCodeScanner_blvokhnnfe_bffkqnvepx,BarCodeScanner_blvokhnnfe_bffkqnvepx_pfhlfyodel,,233380199
UMLCloneNode,LightDisplay,LightDisplay_drjqsuljjn,,512728631
Move_Component_New_Node,AppStore,New-Node_nyrmxlpvje,,509179366
UMLCloneNode,CashBox,CashBox_icndnfbotz,,458055737
Move_Operation_New_Component_New_Node,getTransaction,New-Component_unaillxuci,New-Node_lqaexdslko,661388015
UMLCloneNode,LightDisplay,LightDisplay_tewhcwbnlp,,486749910
Move_Operation_New_Component_New_Node,enterOrderID,New-Component_fmkyfeiike,New-Node_lpoilxxkgv,697441617
Move_Component_New_Node,PrinterController,New-Node_yqtemygeyz,,553577244
UMLCloneNode,New-Node_yajvawmtel,New-Node_yajvawmtel_etktjkypmp,,269243896
UMLCloneNode,New-Node_tagnmglgmt_cgrnuulgeh,New-Node_tagnmglgmt_cgrnuulgeh_ajmvgddmmw,,267363771
Move_Operation_Component,enterOrderID,Reporting,,305481964
Move_Component_New_Node,ScannerController,New-Node_gfzrswiwkp,,559286420
Move_Operation_New_Component_New_Node,getTransaction,New-Component_unaillxuci,New-Node_lqaexdslko,660338848
Move_Operation_New_Component_New_Node,getEnterpriseByID,New-Component_jpxbteacmj,New-Node_euztrmqbsm,712014593
Move_Operation_Component,getTransactionContext,Reporting,,241763318
Move_Operation_New_Component_New_Node,enterOrderID,New-Component_fjullchefc,New-Node_axjuhsghxm,616903535
UMLCloneNode,New-Node_yajvawmtel,New-Node_yajvawmtel_etktjkypmp,,214357201
UMLCloneNode,EnterpriseClient,EnterpriseClient_mktxjowoiw,,453784538
UMLCloneNode,CashDeskPC,CashDeskPC_oocfdohsho,,466534074
Move_Operation_New_Component_New_Node,enterOrderID,New-Component_fjullchefc,New-Node_axjuhsghxm,687945041
UMLCloneNode,New-Node_yajvawmtel,New-Node_yajvawmtel_etktjkypmp,,234478909
Move_Operation_New_Component_New_Node,getProductWithStockItem,New-Component_vrpazkaohb,New-Node_wylnumumuw,576340046
Move_Operation_Component,getTransactionContext,Reporting,,229877292
Move_Operation_New_Component_New_Node,enterOrderID,New-Component_fjullchefc,New-Node_axjuhsghxm,653368908
UMLCloneNode,New-Node_yajvawmtel,New-Node_yajvawmtel_etktjkypmp,,218109145
UMLCloneNode,EnterpriseClient,EnterpriseClient_mktxjowoiw,,505159870
Move_Operation_Component,getTransactionContext,Reporting,,267031998
Move_Operation_New_Component_New_Node,enterOrderID,New-Component_fjullchefc,New-Node_axjuhsghxm,650585149
Move_Operation_New_Component_New_Node,getTransaction,New-Component_unaillxuci,New-Node_lqaexdslko,634883187
UMLCloneNode,EnterpriseClient,EnterpriseClient_mktxjowoiw,,567368564
Move_Operation_Component,getTransactionContext,Reporting,,309718567
Move_Operation_New_Component_New_Node,enterOrderID,New-Component_fjullchefc,New-Node_axjuhsghxm,716382272
UMLCloneNode,New-Node_yajvawmtel,New-Node_yajvawmtel_etktjkypmp,,242274737
Move_Operation_New_Component_New_Node,saleStartedEvent,New-Component_hazqlkedjt,New-Node_odohjjwvxd,747829577
Move_Operation_Component,enterOrderID,Reporting,,280610709
Move_Component_New_Node,ScannerController,New-Node_gfzrswiwkp,,527789151
Move_Operation_New_Component_New_Node,getTransaction,New-Component_unaillxuci,New-Node_lqaexdslko,645046474
Move_Operation_Component,productBarCodeScannedEvent,PrinterController,,350029101
Move_Operation_New_Component_New_Node,getMeanTimeToDelivery,New-Component_blgbssnegx,New-Node_rqljnksubo,671476261
Move_Operation_New_Component_New_Node,enterOrderID,New-Component_fjullchefc,New-Node_axjuhsghxm,665782314
Move_Operation_New_Component_New_Node,getTransaction,New-Component_unaillxuci,New-Node_lqaexdslko,649166699
UMLCloneNode,BarCodeScanner_uaurbyqmwd_xnmuxoppqo,BarCodeScanner_uaurbyqmwd_xnmuxoppqo_vnkabmfbir,,220446418
UMLCloneNode,BarCodeScanner_blvokhnnfe,BarCodeScanner_blvokhnnfe_bffkqnvepx,,773229764
Move_Component_New_Node,CashDeskGUI,New-Node_taasskwwwe,,555203083
UMLCloneNode,BarCodeScanner_blvokhnnfe_bffkqnvepx,BarCodeScanner_blvokhnnfe_bffkqnvepx_pfhlfyodel,,209173150
UMLCloneNode,LightDisplay,LightDisplay_tewhcwbnlp,,525875623
Move_Operation_New_Component_New_Node,enterOrderID,New-Component_fmkyfeiike,New-Node_lpoilxxkgv,738870258
Move_Component_New_Node,PrinterController,New-Node_yqtemygeyz,,610091482
UMLCloneNode,New-Node_yajvawmtel,New-Node_yajvawmtel_etktjkypmp,,258082537
UMLCloneNode,EnterpriseServer,EnterpriseServer_woopitduns,,545597863
UMLCloneNode,New-Node_puuvxqzecc,New-Node_puuvxqzecc_cfwaekvfhc,,263050663
Move_Operation_Component,getMeanTimeToDelivery,Persistence,,337178727
UMLCloneNode,LightDisplay,LightDisplay_rrvxbseajf,,537994066
UMLCloneNode,LightDisplay,LightDisplay_drjqsuljjn,,519533601
Move_Component_New_Node,AppStore,New-Node_nyrmxlpvje,,527240532
Move_Operation_Component,queryOrderById,CashDeskApplication,,315357911
Move_Operation_New_Component_New_Node,getTransaction,New-Component_unaillxuci,New-Node_lqaexdslko,756446975
UMLCloneNode,LightDisplay,LightDisplay_drjqsuljjn,,533470032
Move_Component_New_Node,AppStore,New-Node_nyrmxlpvje,,544881700
UMLCloneNode,CashBox,CashBox_icndnfbotz,,477885779
Move_Operation_New_Component_New_Node,getTransaction,New-Component_unaillxuci,New-Node_lqaexdslko,695585998
UMLCloneNode,EnterpriseServer,EnterpriseServer_woopitduns,,496330434
UMLCloneNode,New-Node_puuvxqzecc,New-Node_puuvxqzecc_cfwaekvfhc,,227389507
Move_Operation_Component,getMeanTimeToDelivery,Persistence,,264302239
UMLCloneNode,LightDisplay,LightDisplay_rrvxbseajf,,447949378
Move_Operation_New_Component_New_Node,getEnterpriseByID,New-Component_jpxbteacmj,New-Node_euztrmqbsm,728045391
Move_Operation_Component,getTransactionContext,Reporting,,283813594
Move_Operation_New_Component_New_Node,enterOrderID,New-Component_fjullchefc,New-Node_axjuhsghxm,648338336
UMLCloneNode,New-Node_yajvawmtel,New-Node_yajvawmtel_etktjkypmp,,226183365
Move_Operation_New_Component_New_Node,scanProduct,New-Component_ebsvamvfcq,New-Node_tarpbhbqzy,724416056
Move_Operation_Component,getTransactionContext,Reporting,,270567097
Move_Operation_New_Component_New_Node,enterOrderID,New-Component_fjullchefc,New-Node_axjuhsghxm,635763758
UMLCloneNode,New-Node_yajvawmtel,New-Node_yajvawmtel_etktjkypmp,,260154402
Move_Operation_New_Component_New_Node,saleStartedEvent,New-Component_hazqlkedjt,New-Node_odohjjwvxd,923544942
Move_Operation_Component,enterOrderID,Reporting,,282961076
Move_Component_New_Node,ScannerController,New-Node_gfzrswiwkp,,600054342
Move_Operation_New_Component_New_Node,getTransaction,New-Component_unaillxuci,New-Node_lqaexdslko,800563206
UMLCloneNode,EnterpriseServer,EnterpriseServer_woopitduns,,484843054
UMLCloneNode,New-Node_puuvxqzecc,New-Node_puuvxqzecc_cfwaekvfhc,,261681596
Move_Operation_Component,getMeanTimeToDelivery,Persistence,,314968892
UMLCloneNode,LightDisplay,LightDisplay_rrvxbseajf,,482733820
Move_Operation_New_Component_New_Node,saleStartedEvent,New-Component_hazqlkedjt,New-Node_odohjjwvxd,692958461
Move_Operation_Component,enterOrderID,Reporting,,271526906
Move_Component_New_Node,ScannerController,New-Node_gfzrswiwkp,,520086788
Move_Operation_New_Component_New_Node,getTransaction,New-Component_unaillxuci,New-Node_lqaexdslko,746143115
UMLCloneNode,EnterpriseClient,EnterpriseClient_mktxjowoiw,,497130373
Move_Operation_Component,getTransactionContext,Reporting,,278976344
Move_Operation_New_Component_New_Node,enterOrderID,New-Component_vlacofuqrw,New-Node_khdxybvzcz,700644653
UMLCloneNode,New-Node_yajvawmtel,New-Node_yajvawmtel_etktjkypmp,,224811883
Move_Operation_New_Component_New_Node,getTransactionContext,New-Component_xcaxcdbnfs,New-Node_lsgnaaioht,740873815
Move_Operation_Component,getTransactionContext,Reporting,,295221255
Move_Operation_New_Component_New_Node,enterOrderID,New-Component_fjullchefc,New-Node_axjuhsghxm,688185482
UMLCloneNode,New-Node_yajvawmtel,New-Node_yajvawmtel_etktjkypmp,,231370431
Move_Operation_New_Component_New_Node,getTransactionContext,New-Component_vkaefkzsli,New-Node_uqmqegsivg,681854721
Move_Operation_Component,enterOrderID,Reporting,,289235501
Move_Component_New_Node,ScannerController,New-Node_gfzrswiwkp,,572472985
Move_Operation_New_Component_New_Node,getTransaction,New-Component_unaillxuci,New-Node_lqaexdslko,704014171
UMLCloneNode,LightDisplay,LightDisplay_tewhcwbnlp,,565672133
Move_Operation_New_Component_New_Node,enterOrderID,New-Component_fmkyfeiike,New-Node_lpoilxxkgv,739615756
Move_Component_New_Node,PrinterController,New-Node_yqtemygeyz,,564384458
UMLCloneNode,New-Node_yajvawmtel,New-Node_yajvawmtel_etktjkypmp,,243258251
UMLCloneNode,EnterpriseServer,EnterpriseServer_woopitduns,,567706217
Move_Operation_Component,getTransactionContext,Reporting,,269368680
Move_Operation_New_Component_New_Node,enterOrderID,New-Component_fjullchefc,New-Node_axjuhsghxm,722763577
UMLCloneNode,New-Node_yajvawmtel,New-Node_yajvawmtel_etktjkypmp,,235393865
UMLCloneNode,LightDisplay,LightDisplay_drjqsuljjn,,467059690
Move_Component_New_Node,AppStore,New-Node_nyrmxlpvje,,534917366
UMLCloneNode,CashBox,CashBox_icndnfbotz,,460772030
Move_Operation_New_Component_New_Node,getTransaction,New-Component_unaillxuci,New-Node_lqaexdslko,1071466383
UMLCloneNode,EnterpriseServer,EnterpriseServer_woopitduns,,462845848
UMLCloneNode,New-Node_puuvxqzecc,New-Node_puuvxqzecc_cfwaekvfhc,,275084497
Move_Operation_Component,getMeanTimeToDelivery,Persistence,,304928416
UMLCloneNode,LightDisplay,LightDisplay_rrvxbseajf,,654454144
Move_Operation_New_Component_New_Node,startSale,New-Component_mqwigfapml,New-Node_kjovkfluhh,758560037
UMLCloneNode,New-Node_puuvxqzecc,New-Node_puuvxqzecc_cfwaekvfhc,,253700290
Move_Operation_Component,getMeanTimeToDelivery,Persistence,,310940058
UMLCloneNode,LightDisplay,LightDisplay_rrvxbseajf,,558446414
Move_Operation_New_Component_New_Node,getEnterpriseByID,New-Component_jpxbteacmj,New-Node_euztrmqbsm,739742884
Move_Operation_Component,getTransactionContext,Reporting,,293368811
Move_Operation_New_Component_New_Node,enterOrderID,New-Component_fjullchefc,New-Node_axjuhsghxm,754408754
UMLCloneNode,New-Node_yajvawmtel,New-Node_yajvawmtel_etktjkypmp,,256041991
Move_Operation_New_Component_New_Node,startSale,New-Component_mqwigfapml,New-Node_kjovkfluhh,662126970
UMLCloneNode,New-Node_puuvxqzecc,New-Node_puuvxqzecc_cfwaekvfhc,,217144547
Move_Operation_Component,getMeanTimeToDelivery,Persistence,,261858658
UMLCloneNode,LightDisplay,LightDisplay_rrvxbseajf,,451496839
UMLCloneNode,EnterpriseClient,EnterpriseClient_mktxjowoiw,,535729078
Move_Operation_Component,getTransactionContext,Reporting,,299452388
Move_Component_New_Node,PrinterController,New-Node_zhjpewzfuu,,629385138
UMLCloneNode,New-Node_yajvawmtel,New-Node_yajvawmtel_etktjkypmp,,271357949
UMLCloneNode,New-Node_tagnmglgmt_cgrnuulgeh,New-Node_tagnmglgmt_cgrnuulgeh_ajmvgddmmw,,254055767
Move_Operation_Component,enterOrderID,Reporting,,301141736
Move_Component_New_Node,ScannerController,New-Node_gfzrswiwkp,,505733545
Move_Operation_New_Component_New_Node,getTransaction,New-Component_unaillxuci,New-Node_lqaexdslko,589722398
Move_Component_New_Node,CashDeskApplication,New-Node_sojmozeuwt,,546117928
UMLCloneNode,New-Node_puuvxqzecc,New-Node_puuvxqzecc_cfwaekvfhc,,219760141
Move_Operation_Component,getMeanTimeToDelivery,Persistence,,305619011
UMLCloneNode,LightDisplay,LightDisplay_rrvxbseajf,,563924816
Move_Operation_New_Component_New_Node,getEnterpriseByID,New-Component_jpxbteacmj,New-Node_euztrmqbsm,683859971
Move_Operation_Component,getTransactionContext,Reporting,,303791003
Move_Operation_New_Component_New_Node,enterOrderID,New-Component_fjullchefc,New-Node_axjuhsghxm,750688168
UMLCloneNode,New-Node_yajvawmtel,New-Node_yajvawmtel_etktjkypmp,,258697400
UMLCloneNode,EnterpriseServer,EnterpriseServer_woopitduns,,491814486
UMLCloneNode,New-Node_puuvxqzecc,New-Node_puuvxqzecc_cfwaekvfhc,,218524224
Move_Operation_Component,getMeanTimeToDelivery,Persistence,,265547033
UMLCloneNode,LightDisplay,LightDisplay_rrvxbseajf,,471526525
UMLCloneNode,BarCodeScanner_uaurbyqmwd_xnmuxoppqo,BarCodeScanner_uaurbyqmwd_xnmuxoppqo_vnkabmfbir,,246825099
UMLCloneNode,BarCodeScanner_blvokhnnfe,BarCodeScanner_blvokhnnfe_bffkqnvepx,,233096487
Move_Component_New_Node,CashDeskGUI,New-Node_taasskwwwe,,551856007
UMLCloneNode,BarCodeScanner_blvokhnnfe_bffkqnvepx,BarCodeScanner_blvokhnnfe_bffkqnvepx_pfhlfyodel,,232782399
Move_Operation_New_Component_New_Node,rollInReceivedOrder,New-Component_xbaedshlpi,New-Node_blnlvedrqq,645935461
Move_Operation_New_Component_New_Node,getMeanTimeToDelivery,New-Component_blgbssnegx,New-Node_rqljnksubo,634043092
Move_Operation_New_Component_New_Node,enterOrderID,New-Component_fjullchefc,New-Node_axjuhsghxm,642418416
UMLCloneNode,LightDisplay,LightDisplay_rrvxbseajf,,529417213
UMLCloneNode,BarCodeScanner_uaurbyqmwd_xnmuxoppqo,BarCodeScanner_uaurbyqmwd_xnmuxoppqo_vnkabmfbir,,289214571
UMLCloneNode,BarCodeScanner_blvokhnnfe,BarCodeScanner_blvokhnnfe_bffkqnvepx,,226025389
Move_Component_New_Node,CashDeskGUI,New-Node_taasskwwwe,,527762411
UMLCloneNode,BarCodeScanner_blvokhnnfe_bffkqnvepx,BarCodeScanner_blvokhnnfe_bffkqnvepx_pfhlfyodel,,217891718
UMLCloneNode,EnterpriseServer,EnterpriseServer_woopitduns,,490613454
UMLCloneNode,New-Node_puuvxqzecc,New-Node_puuvxqzecc_cfwaekvfhc,,247350976
Move_Operation_Component,getMeanTimeToDelivery,Persistence,,299483125
UMLCloneNode,LightDisplay,LightDisplay_rrvxbseajf,,488914870
UMLCloneNode,EnterpriseServer,EnterpriseServer_woopitduns,,484885574
UMLCloneNode,New-Node_puuvxqzecc,New-Node_puuvxqzecc_cfwaekvfhc,,241634186
Move_Operation_Component,getMeanTimeToDelivery,Persistence,,283866815
UMLCloneNode,LightDisplay,LightDisplay_rrvxbseajf,,466814841
Move_Operation_New_Component_New_Node,startSale,New-Component_mqwigfapml,New-Node_kjovkfluhh,736830113
UMLCloneNode,New-Node_puuvxqzecc,New-Node_puuvxqzecc_cfwaekvfhc,,238559741
Move_Operation_Component,getMeanTimeToDelivery,Persistence,,314213817
UMLCloneNode,LightDisplay,LightDisplay_rrvxbseajf,,514475988
Move_Component_New_Node,Enterprise,New-Node_ndsfafwnzo,,638349226
Move_Operation_Component,getTransactionContext,Reporting,,312335635
Move_Operation_New_Component_New_Node,enterOrderID,New-Component_fjullchefc,New-Node_axjuhsghxm,729940574
Move_Operation_New_Component_New_Node,getTransaction,New-Component_unaillxuci,New-Node_lqaexdslko,656624934
UMLCloneNode,EnterpriseServer,EnterpriseServer_woopitduns,,517728416
UMLCloneNode,New-Node_puuvxqzecc,New-Node_puuvxqzecc_cfwaekvfhc,,233225760
Move_Operation_Component,getMeanTimeToDelivery,Persistence,,332810977
UMLCloneNode,LightDisplay,LightDisplay_rrvxbseajf,,492734080
UMLCloneNode,EnterpriseServer,EnterpriseServer_woopitduns,,539321805
UMLCloneNode,New-Node_puuvxqzecc,New-Node_puuvxqzecc_cfwaekvfhc,,238636966
Move_Operation_Component,getMeanTimeToDelivery,Persistence,,278783884
UMLCloneNode,LightDisplay,LightDisplay_rrvxbseajf,,479268352
Move_Operation_New_Component_New_Node,rollInReceivedOrder,New-Component_xbaedshlpi,New-Node_blnlvedrqq,709689021
Move_Operation_New_Component_New_Node,getMeanTimeToDelivery,New-Component_blgbssnegx,New-Node_rqljnksubo,661776463
Move_Operation_New_Component_New_Node,enterOrderID,New-Component_fjullchefc,New-Node_axjuhsghxm,638301947
UMLCloneNode,LightDisplay,LightDisplay_rrvxbseajf,,470143512
UMLCloneNode,StoreServer,StoreServer_viorzstxmq,,531524595
Move_Operation_New_Component_New_Node,getMeanTimeToDelivery,New-Component_blgbssnegx,New-Node_rqljnksubo,656823626
Move_Operation_New_Component_New_Node,enterOrderID,New-Component_fjullchefc,New-Node_axjuhsghxm,646855245
UMLCloneNode,LightDisplay,LightDisplay_rrvxbseajf,,460987504
UMLCloneNode,EnterpriseServer,EnterpriseServer_woopitduns,,497633968
UMLCloneNode,New-Node_puuvxqzecc,New-Node_puuvxqzecc_cfwaekvfhc,,226426009
Move_Operation_Component,getMeanTimeToDelivery,Persistence,,274138243
UMLCloneNode,LightDisplay,LightDisplay_rrvxbseajf,,502596343
Move_Operation_New_Component_New_Node,scanProduct,New-Component_ebsvamvfcq,New-Node_tarpbhbqzy,717112912
Move_Operation_Component,getTransactionContext,Reporting,,281539731
Move_Operation_New_Component_New_Node,enterOrderID,New-Component_fjullchefc,New-Node_axjuhsghxm,678196492
UMLCloneNode,New-Node_yajvawmtel,New-Node_yajvawmtel_etktjkypmp,,232871286
UMLCloneNode,StoreServer,StoreServer_knpiiszpfo,,472709874
UMLCloneNode,BarCodeScanner_blvokhnnfe,BarCodeScanner_blvokhnnfe_bffkqnvepx,,226477887
Move_Component_New_Node,CashDeskGUI,New-Node_taasskwwwe,,526013922
UMLCloneNode,BarCodeScanner_blvokhnnfe_bffkqnvepx,BarCodeScanner_blvokhnnfe_bffkqnvepx_pfhlfyodel,,222728887
Move_Operation_New_Component_New_Node,rollInReceivedOrder,New-Component_xbaedshlpi,New-Node_blnlvedrqq,663098291
Move_Operation_New_Component_New_Node,getMeanTimeToDelivery,New-Component_blgbssnegx,New-Node_rqljnksubo,656837603
Move_Operation_New_Component_New_Node,enterOrderID,New-Component_fjullchefc,New-Node_axjuhsghxm,700729973
UMLCloneNode,LightDisplay,LightDisplay_rrvxbseajf,,519510648
UMLCloneNode,LightDisplay,LightDisplay_phjvddtpea,,503610865
Move_Operation_Component,enterOrderID,Reporting,,274549964
Move_Component_New_Node,ScannerController,New-Node_gfzrswiwkp,,515531848
Move_Operation_New_Component_New_Node,getTransaction,New-Component_unaillxuci,New-Node_lqaexdslko,674794223
Move_Operation_New_Component_New_Node,scanProduct,New-Component_nynoewdxtc,New-Node_ywdsiidwij,669025115
Move_Operation_New_Component_New_Node,getMeanTimeToDelivery,New-Component_blgbssnegx,New-Node_rqljnksubo,624684885
Move_Operation_New_Component_New_Node,enterOrderID,New-Component_fjullchefc,New-Node_axjuhsghxm,649757577
UMLCloneNode,LightDisplay,LightDisplay_rrvxbseajf,,453137094
Move_Component_New_Node,Enterprise,New-Node_ndsfafwnzo,,580151122
Move_Operation_Component,getTransactionContext,Reporting,,338804044
Move_Operation_New_Component_New_Node,enterOrderID,New-Component_fjullchefc,New-Node_axjuhsghxm,782123109
Move_Operation_New_Component_New_Node,rollInReceivedOrder,New-Component_tgovqaxpyb,New-Node_abmgsgoyfh,766721440
UMLCloneNode,LightDisplay,LightDisplay_drjqsuljjn,,494462912
Move_Component_New_Node,AppStore,New-Node_nyrmxlpvje,,528881209
UMLCloneNode,CashBox,CashBox_icndnfbotz,,556257080
Move_Operation_New_Component_New_Node,getTransaction,New-Component_unaillxuci,New-Node_lqaexdslko,811194239
Move_Operation_Component,productBarCodeScannedEvent,PrinterController,,298447113
Move_Operation_New_Component_New_Node,getMeanTimeToDelivery,New-Component_blgbssnegx,New-Node_rqljnksubo,629974914
Move_Operation_New_Component_New_Node,enterOrderID,New-Component_fjullchefc,New-Node_axjuhsghxm,630055155
Move_Operation_New_Component_New_Node,getTransaction,New-Component_unaillxuci,New-Node_lqaexdslko,647353089
Move_Operation_New_Component_New_Node,getEnterpriseByID,New-Component_jpxbteacmj,New-Node_euztrmqbsm,686059645
Move_Operation_Component,getTransactionContext,Reporting,,272437644
Move_Operation_New_Component_New_Node,enterOrderID,New-Component_fjullchefc,New-Node_axjuhsghxm,665500506
UMLCloneNode,New-Node_yajvawmtel,New-Node_yajvawmtel_etktjkypmp,,228676650
Move_Operation_New_Component_New_Node,rollInReceivedOrder,New-Component_xbaedshlpi,New-Node_blnlvedrqq,744426737
Move_Operation_New_Component_New_Node,getMeanTimeToDelivery,New-Component_blgbssnegx,New-Node_rqljnksubo,656996050
Move_Operation_New_Component_New_Node,enterOrderID,New-Component_fjullchefc,New-Node_axjuhsghxm,668558711
UMLCloneNode,LightDisplay,LightDisplay_rrvxbseajf,,455643945
Move_Operation_New_Component_New_Node,getMeanTimeToDelivery,New-Component_sswbgxskcm,New-Node_mbbirqvnpl,647695702
Move_Operation_Component,enterOrderID,Reporting,,276829910
Move_Component_New_Node,ScannerController,New-Node_gfzrswiwkp,,526181155
Move_Operation_New_Component_New_Node,getTransaction,New-Component_unaillxuci,New-Node_lqaexdslko,666969981
Move_Operation_New_Component_New_Node,saleStartedEvent,New-Component_hazqlkedjt,New-Node_odohjjwvxd,770816289
Move_Operation_Component,enterOrderID,Reporting,,332681134
Move_Component_New_Node,ScannerController,New-Node_gfzrswiwkp,,601054216
Move_Operation_New_Component_New_Node,getTransaction,New-Component_unaillxuci,New-Node_lqaexdslko,669085528
Move_Operation_Component,productBarCodeScannedEvent,PrinterController,,393668348
Move_Operation_New_Component_New_Node,getMeanTimeToDelivery,New-Component_blgbssnegx,New-Node_rqljnksubo,646928433
Move_Operation_New_Component_New_Node,enterOrderID,New-Component_fjullchefc,New-Node_axjuhsghxm,642415360
Move_Operation_New_Component_New_Node,getTransaction,New-Component_unaillxuci,New-Node_lqaexdslko,648271111
UMLCloneNode,StoreServer,StoreServer_viorzstxmq,,441908270
Move_Operation_New_Component_New_Node,getMeanTimeToDelivery,New-Component_blgbssnegx,New-Node_rqljnksubo,558734865
Move_Operation_New_Component_New_Node,enterOrderID,New-Component_fjullchefc,New-Node_axjuhsghxm,644217249
UMLCloneNode,LightDisplay,LightDisplay_rrvxbseajf,,581158902
Move_Component_New_Node,ScannerController,New-Node_dqeckwsuns,,592043210
Move_Operation_New_Component_New_Node,getMeanTimeToDelivery,New-Component_blgbssnegx,New-Node_rqljnksubo,690449507
Move_Operation_New_Component_New_Node,enterOrderID,New-Component_fjullchefc,New-Node_axjuhsghxm,650797066
UMLCloneNode,LightDisplay,LightDisplay_rrvxbseajf,,474556286
Move_Operation_New_Component_New_Node,scanProduct,New-Component_ebsvamvfcq,New-Node_tarpbhbqzy,804956303
Move_Operation_Component,getTransactionContext,Reporting,,305649097
Move_Operation_New_Component_New_Node,enterOrderID,New-Component_fjullchefc,New-Node_axjuhsghxm,787264469
UMLCloneNode,New-Node_yajvawmtel,New-Node_yajvawmtel_etktjkypmp,,264357684
UMLCloneNode,LightDisplay,LightDisplay_spjdpdojpw,,473760294
Move_Operation_New_Component_New_Node,enterOrderID,New-Component_fmkyfeiike,New-Node_lpoilxxkgv,631784097
Move_Component_New_Node,PrinterController,New-Node_yqtemygeyz,,566198310
UMLCloneNode,New-Node_yajvawmtel,New-Node_yajvawmtel_etktjkypmp,,245396160
Move_Operation_New_Component_New_Node,getMeanTimeToDelivery,New-Component_acppqhqlwu,New-Node_qhsfjbrgoo,711871825
Move_Operation_Component,getTransactionContext,Reporting,,266939605
Move_Operation_New_Component_New_Node,enterOrderID,New-Component_fjullchefc,New-Node_axjuhsghxm,646557227
UMLCloneNode,New-Node_yajvawmtel,New-Node_yajvawmtel_etktjkypmp,,222330410
Move_Operation_New_Component_New_Node,scanProduct,New-Component_nynoewdxtc,New-Node_ywdsiidwij,1900492497
Move_Operation_New_Component_New_Node,getMeanTimeToDelivery,New-Component_blgbssnegx,New-Node_rqljnksubo,3146272666
Move_Operation_New_Component_New_Node,enterOrderID,New-Component_fjullchefc,New-Node_axjuhsghxm,4134882297
UMLCloneNode,LightDisplay,LightDisplay_rrvxbseajf,,2436551193
UMLCloneNode,EnterpriseClient,EnterpriseClient_mktxjowoiw,,445561921
Move_Operation_Component,getTransactionContext,Reporting,,286552049
Move_Operation_New_Component_New_Node,enterOrderID,New-Component_fjullchefc,New-Node_axjuhsghxm,682587215
Move_Operation_New_Component_New_Node,getTransaction,New-Component_unaillxuci,New-Node_lqaexdslko,682398631
Move_Operation_New_Component_New_Node,scanProduct,New-Component_nynoewdxtc,New-Node_ywdsiidwij,763845748
Move_Operation_New_Component_New_Node,getMeanTimeToDelivery,New-Component_blgbssnegx,New-Node_rqljnksubo,675044201
Move_Operation_New_Component_New_Node,enterOrderID,New-Component_fjullchefc,New-Node_axjuhsghxm,708467722
UMLCloneNode,LightDisplay,LightDisplay_rrvxbseajf,,613223795
UMLCloneNode,EnterpriseClient,EnterpriseClient_mktxjowoiw,,499696716
Move_Operation_Component,getTransactionContext,Reporting,,264695346
Move_Operation_New_Component_New_Node,enterOrderID,New-Component_fjullchefc,New-Node_axjuhsghxm,636555864
Move_Operation_New_Component_New_Node,getTransaction,New-Component_unaillxuci,New-Node_lqaexdslko,655873986
UMLCloneNode,LightDisplay,LightDisplay_drjqsuljjn,,566002533
Move_Component_New_Node,AppStore,New-Node_nyrmxlpvje,,511518773
UMLCloneNode,CashBox,CashBox_icndnfbotz,,447724435
Move_Operation_New_Component_New_Node,getTransaction,New-Component_unaillxuci,New-Node_lqaexdslko,659258883
Move_Operation_New_Component_New_Node,scanProduct,New-Component_ebsvamvfcq,New-Node_tarpbhbqzy,752726660
Move_Operation_Component,getTransactionContext,Reporting,,301245691
Move_Operation_New_Component_New_Node,enterOrderID,New-Component_fjullchefc,New-Node_axjuhsghxm,651659684
UMLCloneNode,New-Node_yajvawmtel,New-Node_yajvawmtel_etktjkypmp,,222106772
Move_Operation_New_Component_New_Node,scanProduct,New-Component_nynoewdxtc,New-Node_ywdsiidwij,801374156
Move_Operation_New_Component_New_Node,getMeanTimeToDelivery,New-Component_blgbssnegx,New-Node_rqljnksubo,742493963
Move_Operation_New_Component_New_Node,enterOrderID,New-Component_fjullchefc,New-Node_axjuhsghxm,735256302
UMLCloneNode,LightDisplay,LightDisplay_rrvxbseajf,,574173223
UMLCloneNode,EnterpriseClient,EnterpriseClient_mktxjowoiw,,523907372
Move_Operation_Component,getTransactionContext,Reporting,,307645660
Move_Operation_New_Component_New_Node,enterOrderID,New-Component_fjullchefc,New-Node_axjuhsghxm,770953506
Move_Operation_New_Component_New_Node,getTransaction,New-Component_unaillxuci,New-Node_lqaexdslko,688248920
Move_Operation_New_Component_New_Node,getEnterpriseByID,New-Component_uibmdhkgna,New-Node_qnlohpcigs,653054109
Move_Operation_Component,getTransactionContext,Reporting,,276452292
Move_Operation_New_Component_New_Node,enterOrderID,New-Component_fjullchefc,New-Node_axjuhsghxm,660309303
UMLCloneNode,New-Node_yajvawmtel,New-Node_yajvawmtel_etktjkypmp,,219075718
Move_Operation_New_Component_New_Node,scanProduct,New-Component_ebsvamvfcq,New-Node_tarpbhbqzy,608104917
Move_Operation_Component,getTransactionContext,Reporting,,277448570
Move_Operation_New_Component_New_Node,enterOrderID,New-Component_fjullchefc,New-Node_axjuhsghxm,716176215
UMLCloneNode,New-Node_yajvawmtel,New-Node_yajvawmtel_etktjkypmp,,224077757
UMLCloneNode,StoreServer,StoreServer_viorzstxmq,,549933612
Move_Operation_New_Component_New_Node,getMeanTimeToDelivery,New-Component_blgbssnegx,New-Node_rqljnksubo,806645049
Move_Operation_New_Component_New_Node,enterOrderID,New-Component_fjullchefc,New-Node_axjuhsghxm,786163936
UMLCloneNode,LightDisplay,LightDisplay_rrvxbseajf,,578656209
Move_Operation_New_Component_New_Node,getTransactionContext,New-Component_vkaefkzsli,New-Node_uqmqegsivg,775805614
Move_Operation_Component,enterOrderID,Reporting,,272633742
Move_Component_New_Node,ScannerController,New-Node_gfzrswiwkp,,516951600
Move_Operation_New_Component_New_Node,getTransaction,New-Component_unaillxuci,New-Node_lqaexdslko,705576511
Move_Operation_New_Component_New_Node,scanProduct,New-Component_nynoewdxtc,New-Node_ywdsiidwij,698487899
Move_Operation_New_Component_New_Node,getMeanTimeToDelivery,New-Component_blgbssnegx,New-Node_rqljnksubo,731242115
Move_Operation_New_Component_New_Node,enterOrderID,New-Component_fjullchefc,New-Node_axjuhsghxm,738205482
UMLCloneNode,LightDisplay,LightDisplay_rrvxbseajf,,576466133
Move_Operation_New_Component_New_Node,getTransactionContext,New-Component_vkaefkzsli,New-Node_uqmqegsivg,709263183
Move_Operation_Component,enterOrderID,Reporting,,303724227
Move_Component_New_Node,ScannerController,New-Node_gfzrswiwkp,,596674694
Move_Operation_New_Component_New_Node,getTransaction,New-Component_unaillxuci,New-Node_lqaexdslko,668600960
Move_Operation_New_Component_New_Node,rollInReceivedOrder,New-Component_xbaedshlpi,New-Node_blnlvedrqq,738997847
Move_Operation_New_Component_New_Node,getMeanTimeToDelivery,New-Component_blgbssnegx,New-Node_rqljnksubo,670731885
Move_Operation_New_Component_New_Node,enterOrderID,New-Component_fjullchefc,New-Node_axjuhsghxm,640765637
UMLCloneNode,LightDisplay,LightDisplay_rrvxbseajf,,460513416
Move_Operation_New_Component_New_Node,scanProduct,New-Component_nynoewdxtc,New-Node_ywdsiidwij,725161573
Move_Operation_New_Component_New_Node,getMeanTimeToDelivery,New-Component_blgbssnegx,New-Node_rqljnksubo,775418137
Move_Operation_New_Component_New_Node,enterOrderID,New-Component_fjullchefc,New-Node_axjuhsghxm,741709482
UMLCloneNode,LightDisplay,LightDisplay_rrvxbseajf,,575071447
Move_Operation_New_Component_New_Node,getTransactionContext,New-Component_vkaefkzsli,New-Node_uqmqegsivg,670015702
Move_Operation_Component,enterOrderID,Reporting,,313685446
Move_Component_New_Node,ScannerController,New-Node_gfzrswiwkp,,524267397
Move_Operation_New_Component_New_Node,getTransaction,New-Component_unaillxuci,New-Node_lqaexdslko,603663428
UMLCloneNode,EnterpriseServer,EnterpriseServer_woopitduns,,600866114
UMLCloneNode,New-Node_puuvxqzecc,New-Node_puuvxqzecc_cfwaekvfhc,,267475059
Move_Operation_Component,getMeanTimeToDelivery,Persistence,,293778449
UMLCloneNode,LightDisplay,LightDisplay_rrvxbseajf,,566050803
Move_Operation_New_Component_New_Node,createReport,New-Component_xegbetrcyq,New-Node_wwqnjvqjaw,730027989
Move_Operation_Component,getTransactionContext,Reporting,,296042744
Move_Operation_New_Component_New_Node,enterOrderID,New-Component_fjullchefc,New-Node_axjuhsghxm,653990525
Move_Operation_New_Component_New_Node,getTransaction,New-Component_unaillxuci,New-Node_lqaexdslko,655046755
UMLCloneNode,EnterpriseServer,EnterpriseServer_woopitduns,,523274956
UMLCloneNode,New-Node_puuvxqzecc,New-Node_puuvxqzecc_cfwaekvfhc,,220352482
Move_Operation_Component,getMeanTimeToDelivery,Persistence,,270836341
UMLCloneNode,LightDisplay,LightDisplay_rrvxbseajf,,457071481
UMLCloneNode,EnterpriseServer,EnterpriseServer_woopitduns,,502504310
UMLCloneNode,New-Node_puuvxqzecc,New-Node_puuvxqzecc_cfwaekvfhc,,220918403
Move_Operation_Component,getMeanTimeToDelivery,Persistence,,267810238
UMLCloneNode,LightDisplay,LightDisplay_rrvxbseajf,,488540417
Move_Operation_New_Component_New_Node,saleStartedEvent,New-Component_hazqlkedjt,New-Node_odohjjwvxd,686603295
Move_Operation_Component,enterOrderID,Reporting,,309834215
Move_Component_New_Node,ScannerController,New-Node_gfzrswiwkp,,561958690
Move_Operation_New_Component_New_Node,getTransaction,New-Component_unaillxuci,New-Node_lqaexdslko,634743596
UMLCloneNode,EnterpriseServer,EnterpriseServer_woopitduns,,474059054
Move_Operation_Component,getTransactionContext,Reporting,,275254867
Move_Operation_New_Component_New_Node,enterOrderID,New-Component_fjullchefc,New-Node_axjuhsghxm,567701718
UMLCloneNode,New-Node_yajvawmtel,New-Node_yajvawmtel_etktjkypmp,,196819165
Move_Component_New_Node,ScannerController,New-Node_dqeckwsuns,,543662103
Move_Operation_New_Component_New_Node,getMeanTimeToDelivery,New-Component_blgbssnegx,New-Node_rqljnksubo,664777801
Move_Operation_New_Component_New_Node,enterOrderID,New-Component_fjullchefc,New-Node_axjuhsghxm,667475560
UMLCloneNode,LightDisplay,LightDisplay_rrvxbseajf,,491843480
Move_Operation_New_Component_New_Node,getEnterpriseByID,New-Component_jpxbteacmj,New-Node_euztrmqbsm,1158912297
Move_Operation_Component,getTransactionContext,Reporting,,265269123
Move_Operation_New_Component_New_Node,enterOrderID,New-Component_fjullchefc,New-Node_axjuhsghxm,646413036
UMLCloneNode,New-Node_yajvawmtel,New-Node_yajvawmtel_etktjkypmp,,229927154
UMLCloneNode,BarCodeScanner,BarCodeScanner_fedzqldovn,,396187240
Move_Operation_Component,getTransactionContext,Reporting,,252017344
Move_Operation_New_Component_New_Node,enterOrderID,New-Component_fjullchefc,New-Node_axjuhsghxm,602417963
Move_Operation_New_Component_New_Node,getTransaction,New-Component_unaillxuci,New-Node_lqaexdslko,674803038
Move_Component_New_Node,ScannerController,New-Node_nsjxcybprp,,542673159
Move_Operation_Component,getTransactionContext,Reporting,,262316457
Move_Operation_New_Component_New_Node,enterOrderID,New-Component_fjullchefc,New-Node_axjuhsghxm,738545609
Move_Operation_New_Component_New_Node,getTransaction,New-Component_unaillxuci,New-Node_lqaexdslko,717706775
UMLCloneNode,StoreServer,StoreServer_viorzstxmq,,488034108
Move_Operation_New_Component_New_Node,saleStartedEvent,New-Component_zjasoeoppx,New-Node_klykfxsyni,663657591
Move_Operation_New_Component_New_Node,enterOrderID,New-Component_fjullchefc,New-Node_axjuhsghxm,648246434
UMLCloneNode,New-Node_yajvawmtel,New-Node_yajvawmtel_etktjkypmp,,282626969
Move_Operation_New_Component_New_Node,createReport,New-Component_xegbetrcyq,New-Node_wwqnjvqjaw,690018298
Move_Operation_Component,getTransactionContext,Reporting,,278490413
Move_Operation_New_Component_New_Node,enterOrderID,New-Component_fjullchefc,New-Node_axjuhsghxm,747405171
Move_Operation_New_Component_New_Node,getTransaction,New-Component_unaillxuci,New-Node_lqaexdslko,754248974
UMLCloneNode,LightDisplay,LightDisplay_drjqsuljjn,,571069293
Move_Component_New_Node,AppStore,New-Node_nyrmxlpvje,,546121174
UMLCloneNode,CashBox,CashBox_icndnfbotz,,460215557
Move_Operation_New_Component_New_Node,getTransaction,New-Component_unaillxuci,New-Node_lqaexdslko,686491856
Move_Operation_New_Component_New_Node,scanProduct,New-Component_nynoewdxtc,New-Node_ywdsiidwij,656455416
Move_Operation_New_Component_New_Node,getMeanTimeToDelivery,New-Component_blgbssnegx,New-Node_rqljnksubo,649471261
Move_Operation_New_Component_New_Node,enterOrderID,New-Component_fjullchefc,New-Node_axjuhsghxm,668146328
UMLCloneNode,LightDisplay,LightDisplay_rrvxbseajf,,521432852
Move_Operation_New_Component_New_Node,getTransactionContext,New-Component_vkaefkzsli,New-Node_uqmqegsivg,683451385
Move_Operation_Component,enterOrderID,Reporting,,289001281
Move_Component_New_Node,ScannerController,New-Node_gfzrswiwkp,,574326150
Move_Operation_New_Component_New_Node,getTransaction,New-Component_unaillxuci,New-Node_lqaexdslko,767004041
UMLCloneNode,StoreServer,StoreServer_viorzstxmq,,421656867
Move_Operation_New_Component_New_Node,getMeanTimeToDelivery,New-Component_blgbssnegx,New-Node_rqljnksubo,2059263290
Move_Operation_New_Component_New_Node,enterOrderID,New-Component_fjullchefc,New-Node_axjuhsghxm,884785206
UMLCloneNode,LightDisplay,LightDisplay_rrvxbseajf,,547316986
Move_Operation_New_Component_New_Node,createReport,New-Component_xegbetrcyq,New-Node_wwqnjvqjaw,726074986
Move_Operation_Component,getTransactionContext,Reporting,,295831699
Move_Operation_New_Component_New_Node,enterOrderID,New-Component_fjullchefc,New-Node_axjuhsghxm,734969915
Move_Operation_New_Component_New_Node,getTransaction,New-Component_unaillxuci,New-Node_lqaexdslko,766528158
Move_Operation_New_Component_New_Node,rollInReceivedOrder,New-Component_xbaedshlpi,New-Node_blnlvedrqq,738900034
Move_Operation_New_Component_New_Node,getMeanTimeToDelivery,New-Component_blgbssnegx,New-Node_rqljnksubo,791478421
Move_Operation_New_Component_New_Node,enterOrderID,New-Component_fjullchefc,New-Node_axjuhsghxm,729945604
UMLCloneNode,LightDisplay,LightDisplay_rrvxbseajf,,508678517
Move_Component_New_Node,ScannerController,New-Node_dqeckwsuns,,586946233
Move_Operation_New_Component_New_Node,getMeanTimeToDelivery,New-Component_blgbssnegx,New-Node_rqljnksubo,650405342
Move_Operation_New_Component_New_Node,enterOrderID,New-Component_fjullchefc,New-Node_axjuhsghxm,676103607
UMLCloneNode,LightDisplay,LightDisplay_rrvxbseajf,,495389059
UMLCloneNode,CashBox,CashBox_lxgmbrimuk,,476057441
Move_Operation_Component,getTransactionContext,Reporting,,267893353
Move_Operation_New_Component_New_Node,enterOrderID,New-Component_fjullchefc,New-Node_axjuhsghxm,623301932
Move_Operation_New_Component_New_Node,getTransaction,New-Component_unaillxuci,New-Node_lqaexdslko,631797121
UMLCloneNode,CashDeskPC,CashDeskPC_wjiqjssvel,,560260506
Move_Operation_Component,getTransactionContext,Reporting,,291831728
Move_Operation_New_Component_New_Node,enterOrderID,New-Component_fjullchefc,New-Node_axjuhsghxm,696487649
UMLCloneNode,New-Node_yajvawmtel,New-Node_yajvawmtel_etktjkypmp,,220258986
Move_Component_New_Node,Enterprise,New-Node_ndsfafwnzo,,556608057
Move_Operation_Component,getTransactionContext,Reporting,,261955690
Move_Operation_New_Component_New_Node,enterOrderID,New-Component_fjullchefc,New-Node_axjuhsghxm,681100838
Move_Operation_New_Component_New_Node,getTransaction,New-Component_unaillxuci,New-Node_lqaexdslko,638394752
Move_Component_New_Node,ScannerController,New-Node_dqeckwsuns,,605066670
Move_Operation_New_Component_New_Node,getMeanTimeToDelivery,New-Component_blgbssnegx,New-Node_rqljnksubo,671305070
Move_Operation_New_Component_New_Node,enterOrderID,New-Component_fjullchefc,New-Node_axjuhsghxm,705193923
UMLCloneNode,LightDisplay,LightDisplay_rrvxbseajf,,568338753
UMLCloneNode,LightDisplay,LightDisplay_spjdpdojpw,,466566255
Move_Operation_New_Component_New_Node,enterOrderID,New-Component_fmkyfeiike,New-Node_lpoilxxkgv,648583025
Move_Component_New_Node,PrinterController,New-Node_yqtemygeyz,,596728816
UMLCloneNode,New-Node_yajvawmtel,New-Node_yajvawmtel_etktjkypmp,,1162112097
Move_Operation_New_Component_New_Node,rollInReceivedOrder,New-Component_xbaedshlpi,New-Node_blnlvedrqq,693130313
Move_Operation_New_Component_New_Node,getMeanTimeToDelivery,New-Component_blgbssnegx,New-Node_rqljnksubo,650110449
Move_Operation_New_Component_New_Node,enterOrderID,New-Component_fjullchefc,New-Node_axjuhsghxm,674513987
UMLCloneNode,LightDisplay,LightDisplay_rrvxbseajf,,510274089
Move_Operation_New_Component_New_Node,createReport,New-Component_xegbetrcyq,New-Node_wwqnjvqjaw,690574271
Move_Operation_Component,getTransactionContext,Reporting,,266655823
Move_Operation_New_Component_New_Node,enterOrderID,New-Component_fjullchefc,New-Node_axjuhsghxm,644462469
Move_Operation_New_Component_New_Node,getTransaction,New-Component_unaillxuci,New-Node_lqaexdslko,677246300
UMLCloneNode,LightDisplay,LightDisplay_drjqsuljjn,,505842289
Move_Component_New_Node,AppStore,New-Node_nyrmxlpvje,,482167808
UMLCloneNode,CashBox,CashBox_icndnfbotz,,394769682
Move_Operation_New_Component_New_Node,getTransaction,New-Component_unaillxuci,New-Node_lqaexdslko,612509736
UMLCloneNode,EnterpriseClient,EnterpriseClient_mktxjowoiw,,461299359
Move_Operation_Component,getTransactionContext,Reporting,,289384981
Move_Operation_New_Component_New_Node,enterOrderID,New-Component_fjullchefc,New-Node_axjuhsghxm,668722948
Move_Operation_New_Component_New_Node,getTransaction,New-Component_unaillxuci,New-Node_lqaexdslko,676648168
UMLCloneNode,LightDisplay,LightDisplay_spjdpdojpw,,498221921
Move_Operation_New_Component_New_Node,enterOrderID,New-Component_fmkyfeiike,New-Node_lpoilxxkgv,669088273
Move_Component_New_Node,PrinterController,New-Node_yqtemygeyz,,534665454
UMLCloneNode,New-Node_yajvawmtel,New-Node_yajvawmtel_etktjkypmp,,225711891
Move_Component_New_Node,ScannerController,New-Node_dqeckwsuns,,604993041
Move_Operation_New_Component_New_Node,getMeanTimeToDelivery,New-Component_blgbssnegx,New-Node_rqljnksubo,738981817
UMLCloneNode,CashDeskPC,CashDeskPC_lingyhjnmn,,532364730
UMLCloneNode,LightDisplay,LightDisplay_rrvxbseajf,,523553859
UMLCloneNode,LightDisplay,LightDisplay_drjqsuljjn,,531215726
Move_Component_New_Node,AppStore,New-Node_nyrmxlpvje,,518285350
UMLCloneNode,CashBox,CashBox_icndnfbotz,,457764711
Move_Operation_New_Component_New_Node,getTransaction,New-Component_unaillxuci,New-Node_lqaexdslko,669974034
UMLCloneNode,EnterpriseServer,EnterpriseServer_woopitduns,,465853258
Move_Operation_Component,getTransactionContext,Reporting,,294155746
Move_Operation_New_Component_New_Node,enterOrderID,New-Component_fjullchefc,New-Node_axjuhsghxm,676481325
UMLCloneNode,New-Node_yajvawmtel,New-Node_yajvawmtel_etktjkypmp,,247493883
Move_Component_New_Node,ScannerController,New-Node_dqeckwsuns,,592262641
Move_Operation_New_Component_New_Node,getMeanTimeToDelivery,New-Component_blgbssnegx,New-Node_rqljnksubo,735437632
Move_Operation_New_Component_New_Node,enterOrderID,New-Component_fjullchefc,New-Node_axjuhsghxm,719527099
UMLCloneNode,LightDisplay,LightDisplay_rrvxbseajf,,553485422
Move_Operation_New_Component_New_Node,createReport,New-Component_xegbetrcyq,New-Node_wwqnjvqjaw,668453122
Move_Operation_Component,getTransactionContext,Reporting,,319367750
Move_Operation_New_Component_New_Node,enterOrderID,New-Component_fjullchefc,New-Node_axjuhsghxm,651467033
Move_Operation_New_Component_New_Node,getTransaction,New-Component_unaillxuci,New-Node_lqaexdslko,669600353
Move_Operation_New_Component_New_Node,getEnterpriseByID,New-Component_jpxbteacmj,New-Node_euztrmqbsm,580819496
Move_Operation_Component,getTransactionContext,Reporting,,273253654
Move_Operation_New_Component_New_Node,enterOrderID,New-Component_fjullchefc,New-Node_axjuhsghxm,627427027
UMLCloneNode,New-Node_yajvawmtel,New-Node_yajvawmtel_etktjkypmp,,197597966
UMLCloneNode,BarCodeScanner_uaurbyqmwd_xnmuxoppqo,BarCodeScanner_uaurbyqmwd_xnmuxoppqo_vnkabmfbir,,268697210
UMLCloneNode,BarCodeScanner_blvokhnnfe,BarCodeScanner_blvokhnnfe_bffkqnvepx,,219239054
Move_Component_New_Node,CashDeskGUI,New-Node_taasskwwwe,,596250249
UMLCloneNode,BarCodeScanner_blvokhnnfe_bffkqnvepx,BarCodeScanner_blvokhnnfe_bffkqnvepx_pfhlfyodel,,251610943
UMLCloneNode,CashBox,CashBox_lxgmbrimuk,,473946173
Move_Operation_New_Component_New_Node,rollInReceivedOrder,New-Component_tsohsxxuzh,New-Node_bjcuzxzqlz,659324416
Move_Operation_New_Component_New_Node,enterOrderID,New-Component_fjullchefc,New-Node_axjuhsghxm,644067008
Move_Operation_New_Component_New_Node,getTransaction,New-Component_unaillxuci,New-Node_lqaexdslko,663529220
UMLCloneNode,New-Node_bkqbzqdzkw,New-Node_bkqbzqdzkw_lqhhrzedxd,,239737129
Move_Operation_Component,getTransactionContext,Reporting,,284852703
Move_Operation_New_Component_New_Node,enterOrderID,New-Component_fjullchefc,New-Node_axjuhsghxm,672564391
UMLCloneNode,New-Node_yajvawmtel,New-Node_yajvawmtel_etktjkypmp,,224282941
Move_Operation_New_Component_New_Node,getTransactionContext,New-Component_vkaefkzsli,New-Node_uqmqegsivg,583696159
Move_Operation_Component,enterOrderID,Reporting,,281744184
Move_Component_New_Node,ScannerController,New-Node_gfzrswiwkp,,584007192
Move_Operation_New_Component_New_Node,getTransaction,New-Component_unaillxuci,New-Node_lqaexdslko,655857315
Move_Component_New_Node,ScannerController,New-Node_dqeckwsuns,,1151690577
Move_Operation_New_Component_New_Node,getMeanTimeToDelivery,New-Component_blgbssnegx,New-Node_rqljnksubo,643876830
Move_Operation_New_Component_New_Node,enterOrderID,New-Component_fjullchefc,New-Node_axjuhsghxm,698521753
Move_Operation_New_Component_New_Node,getTransaction,New-Component_unaillxuci,New-Node_lqaexdslko,667769080
Move_Operation_New_Component_New_Node,getEnterpriseByID,New-Component_jpxbteacmj,New-Node_euztrmqbsm,689456114
Move_Operation_Component,getTransactionContext,Reporting,,292618534
Move_Operation_New_Component_New_Node,enterOrderID,New-Component_fjullchefc,New-Node_axjuhsghxm,685392434
UMLCloneNode,New-Node_yajvawmtel,New-Node_yajvawmtel_etktjkypmp,,222934794
Move_Component_New_Node,GUIReporting,New-Node_otqduigsye,,593292663
Move_Operation_Component,getTransactionContext,Reporting,,294255664
Move_Operation_New_Component_New_Node,enterOrderID,New-Component_fjullchefc,New-Node_axjuhsghxm,652844114
UMLCloneNode,New-Node_yajvawmtel,New-Node_yajvawmtel_etktjkypmp,,229029171
Move_Operation_New_Component_New_Node,rollInReceivedOrder,New-Component_xbaedshlpi,New-Node_blnlvedrqq,688226709
Move_Operation_New_Component_New_Node,getMeanTimeToDelivery,New-Component_blgbssnegx,New-Node_rqljnksubo,684766010
Move_Operation_New_Component_New_Node,enterOrderID,New-Component_fjullchefc,New-Node_axjuhsghxm,738089825
UMLCloneNode,LightDisplay,LightDisplay_rrvxbseajf,,577430330
UMLCloneNode,LightDisplay,LightDisplay_twfnotqhpz,,429925642
Move_Operation_Component,getTransactionContext,Reporting,,268080374
Move_Operation_New_Component_New_Node,enterOrderID,New-Component_fjullchefc,New-Node_axjuhsghxm,684889752
UMLCloneNode,New-Node_yajvawmtel,New-Node_yajvawmtel_etktjkypmp,,296784456
Move_Operation_New_Component_New_Node,rollInReceivedOrder,New-Component_xbaedshlpi,New-Node_blnlvedrqq,698813169
Move_Operation_New_Component_New_Node,getMeanTimeToDelivery,New-Component_blgbssnegx,New-Node_rqljnksubo,693087653
Move_Operation_New_Component_New_Node,enterOrderID,New-Component_fjullchefc,New-Node_axjuhsghxm,655386542
UMLCloneNode,LightDisplay,LightDisplay_rrvxbseajf,,456535206
UMLCloneNode,BarCodeScanner_uaurbyqmwd_xnmuxoppqo,BarCodeScanner_uaurbyqmwd_xnmuxoppqo_vnkabmfbir,,256067790
UMLCloneNode,BarCodeScanner_blvokhnnfe,BarCodeScanner_blvokhnnfe_bffkqnvepx,,218201288
Move_Component_New_Node,CashDeskGUI,New-Node_taasskwwwe,,504814422
UMLCloneNode,BarCodeScanner_blvokhnnfe_bffkqnvepx,BarCodeScanner_blvokhnnfe_bffkqnvepx_pfhlfyodel,,238392477
UMLCloneNode,EnterpriseClient,EnterpriseClient_mktxjowoiw,,510180363
Move_Operation_Component,getTransactionContext,Reporting,,263323284
Move_Operation_New_Component_New_Node,enterOrderID,New-Component_fjullchefc,New-Node_axjuhsghxm,635303976
Move_Operation_New_Component_New_Node,getTransaction,New-Component_unaillxuci,New-Node_lqaexdslko,631528808
Move_Component_New_Node,ScannerController,New-Node_dqeckwsuns,,653966449
Move_Operation_New_Component_New_Node,getMeanTimeToDelivery,New-Component_blgbssnegx,New-Node_rqljnksubo,757959040
Move_Operation_New_Component_New_Node,enterOrderID,New-Component_fjullchefc,New-Node_axjuhsghxm,1444852379
Move_Operation_New_Component_New_Node,getTransaction,New-Component_unaillxuci,New-Node_lqaexdslko,763365788
UMLCloneNode,Printer,Printer_iiiqincbds,,500874104
Move_Operation_New_Component_New_Node,getMeanTimeToDelivery,New-Component_blgbssnegx,New-Node_rqljnksubo,671129611
Move_Operation_New_Component_New_Node,enterOrderID,New-Component_fjullchefc,New-Node_axjuhsghxm,636661582
Move_Operation_New_Component_New_Node,getTransaction,New-Component_unaillxuci,New-Node_lqaexdslko,794905497
UMLCloneNode,BarCodeScanner_uaurbyqmwd_xnmuxoppqo,BarCodeScanner_uaurbyqmwd_xnmuxoppqo_vnkabmfbir,,285524773
UMLCloneNode,BarCodeScanner_blvokhnnfe,BarCodeScanner_blvokhnnfe_bffkqnvepx,,220578776
Move_Component_New_Node,CashDeskGUI,New-Node_taasskwwwe,,517489499
UMLCloneNode,BarCodeScanner_blvokhnnfe_bffkqnvepx,BarCodeScanner_blvokhnnfe_bffkqnvepx_pfhlfyodel,,219859808
UMLCloneNode,LightDisplay,LightDisplay_drjqsuljjn,,522756194
Move_Component_New_Node,AppStore,New-Node_nyrmxlpvje,,510335013
UMLCloneNode,CashBox,CashBox_icndnfbotz,,452503466
Move_Operation_New_Component_New_Node,getTransaction,New-Component_unaillxuci,New-Node_lqaexdslko,633672076
UMLCloneNode,EnterpriseServer,EnterpriseServer_woopitduns,,494048496
Move_Operation_Component,getTransactionContext,Reporting,,265552434
Move_Operation_New_Component_New_Node,enterOrderID,New-Component_fjullchefc,New-Node_axjuhsghxm,644184257
UMLCloneNode,New-Node_yajvawmtel,New-Node_yajvawmtel_etktjkypmp,,235538426
Move_Operation_New_Component_New_Node,productBarCodeScannedEvent,New-Component_oadasfnpri,New-Node_wvstfppyaz,650572275
Move_Operation_Component,getTransactionContext,Reporting,,235281664
Move_Operation_New_Component_New_Node,enterOrderID,New-Component_fjullchefc,New-Node_axjuhsghxm,614241934
UMLCloneNode,New-Node_yajvawmtel,New-Node_yajvawmtel_etktjkypmp,,222837612
Move_Component_New_Node,ScannerController,New-Node_dqeckwsuns,,504860348
Move_Operation_New_Component_New_Node,getMeanTimeToDelivery,New-Component_blgbssnegx,New-Node_rqljnksubo,591755210
Move_Operation_New_Component_New_Node,enterOrderID,New-Component_fjullchefc,New-Node_axjuhsghxm,686841231
UMLCloneNode,LightDisplay,LightDisplay_rrvxbseajf,,500061109
UMLCloneNode,New-Node_bkqbzqdzkw,New-Node_bkqbzqdzkw_lqhhrzedxd,,311121338
Move_Operation_Component,getTransactionContext,Reporting,,325238959
Move_Operation_New_Component_New_Node,enterOrderID,New-Component_fjullchefc,New-Node_axjuhsghxm,742975095
UMLCloneNode,New-Node_yajvawmtel,New-Node_yajvawmtel_etktjkypmp,,240164741
UMLCloneNode,New-Node_bkqbzqdzkw,New-Node_bkqbzqdzkw_lqhhrzedxd,,974933989
Move_Operation_Component,getTransactionContext,Reporting,,270711658
Move_Operation_New_Component_New_Node,enterOrderID,New-Component_fjullchefc,New-Node_axjuhsghxm,691561351
UMLCloneNode,New-Node_yajvawmtel,New-Node_yajvawmtel_etktjkypmp,,264244632
UMLCloneNode,EnterpriseClient,EnterpriseClient_mktxjowoiw,,485864119
Move_Operation_Component,getTransactionContext,Reporting,,299115877
Move_Operation_New_Component_New_Node,enterOrderID,New-Component_fjullchefc,New-Node_axjuhsghxm,656901823
Move_Operation_New_Component_New_Node,getTransaction,New-Component_unaillxuci,New-Node_lqaexdslko,640920768
Move_Component_New_Node,ScannerController,New-Node_dqeckwsuns,,577221269
Move_Operation_New_Component_New_Node,getMeanTimeToDelivery,New-Component_blgbssnegx,New-Node_rqljnksubo,713604684
Move_Operation_New_Component_New_Node,enterOrderID,New-Component_fjullchefc,New-Node_axjuhsghxm,730815976
UMLCloneNode,LightDisplay,LightDisplay_rrvxbseajf,,519527379
Move_Component_New_Node,GUIReporting,New-Node_msesyebxtk,,673272730
Move_Operation_New_Component_New_Node,rollInReceivedOrder,New-Component_tsohsxxuzh,New-Node_bjcuzxzqlz,735175470
Move_Operation_New_Component_New_Node,enterOrderID,New-Component_fjullchefc,New-Node_axjuhsghxm,692721527
Move_Operation_New_Component_New_Node,getTransaction,New-Component_unaillxuci,New-Node_lqaexdslko,643712803
UMLCloneNode,Printer,Printer_iiiqincbds,,542777063
Move_Operation_New_Component_New_Node,getMeanTimeToDelivery,New-Component_blgbssnegx,New-Node_rqljnksubo,672485443
Move_Operation_New_Component_New_Node,enterOrderID,New-Component_fjullchefc,New-Node_axjuhsghxm,676312429
Move_Operation_New_Component_New_Node,getTransaction,New-Component_unaillxuci,New-Node_lqaexdslko,704329622
Move_Operation_New_Component_New_Node,createReport,New-Component_xegbetrcyq,New-Node_wwqnjvqjaw,624130596
Move_Operation_Component,getTransactionContext,Reporting,,263390470
Move_Operation_New_Component_New_Node,enterOrderID,New-Component_fjullchefc,New-Node_axjuhsghxm,610128731
Move_Operation_New_Component_New_Node,getTransaction,New-Component_unaillxuci,New-Node_lqaexdslko,728331888
Move_Operation_New_Component_New_Node,getEnterpriseByID,New-Component_jpxbteacmj,New-Node_euztrmqbsm,699940894
Move_Operation_Component,getTransactionContext,Reporting,,290249462
Move_Operation_New_Component_New_Node,enterOrderID,New-Component_fjullchefc,New-Node_axjuhsghxm,663656238
UMLCloneNode,New-Node_yajvawmtel,New-Node_yajvawmtel_etktjkypmp,,232735921
Move_Operation_New_Component_New_Node,scanProduct,New-Component_ebsvamvfcq,New-Node_tarpbhbqzy,645573873
Move_Operation_Component,getTransactionContext,Reporting,,282625718
Move_Operation_New_Component_New_Node,enterOrderID,New-Component_fjullchefc,New-Node_axjuhsghxm,685674173
UMLCloneNode,New-Node_yajvawmtel,New-Node_yajvawmtel_etktjkypmp,,240840988
UMLCloneNode,BarCodeScanner_uaurbyqmwd_xnmuxoppqo,BarCodeScanner_uaurbyqmwd_xnmuxoppqo_vnkabmfbir,,190328265
UMLCloneNode,BarCodeScanner_blvokhnnfe,BarCodeScanner_blvokhnnfe_bffkqnvepx,,337828095
Move_Component_New_Node,CashDeskGUI,New-Node_taasskwwwe,,617534918
UMLCloneNode,BarCodeScanner_blvokhnnfe_bffkqnvepx,BarCodeScanner_blvokhnnfe_bffkqnvepx_pfhlfyodel,,265234368
Move_Operation_New_Component_New_Node,rollInReceivedOrder,New-Component_xbaedshlpi,New-Node_blnlvedrqq,669980897
Move_Operation_New_Component_New_Node,getMeanTimeToDelivery,New-Component_blgbssnegx,New-Node_rqljnksubo,643555317
Move_Operation_New_Component_New_Node,enterOrderID,New-Component_fjullchefc,New-Node_axjuhsghxm,776168564
UMLCloneNode,LightDisplay,LightDisplay_rrvxbseajf,,548415286
Move_Component_New_Node,ScannerController,New-Node_dqeckwsuns,,641008182
Move_Operation_New_Component_New_Node,getMeanTimeToDelivery,New-Component_blgbssnegx,New-Node_rqljnksubo,670513827
UMLCloneNode,CashDeskPC,CashDeskPC_lingyhjnmn,,481736149
Move_Operation_New_Component_New_Node,getTransaction,New-Component_unaillxuci,New-Node_lqaexdslko,676869855
UMLCloneNode,Printer,Printer_iiiqincbds,,505228849
Move_Operation_New_Component_New_Node,getMeanTimeToDelivery,New-Component_blgbssnegx,New-Node_rqljnksubo,769014069
Move_Operation_New_Component_New_Node,enterOrderID,New-Component_fjullchefc,New-Node_axjuhsghxm,756322502
Move_Operation_New_Component_New_Node,getTransaction,New-Component_unaillxuci,New-Node_lqaexdslko,761971614
UMLCloneNode,EnterpriseServer,EnterpriseServer_woopitduns,,484511102
Move_Operation_Component,getTransactionContext,Reporting,,275644788
Move_Operation_New_Component_New_Node,enterOrderID,New-Component_fjullchefc,New-Node_axjuhsghxm,753630955
UMLCloneNode,New-Node_yajvawmtel,New-Node_yajvawmtel_etktjkypmp,,253692165
UMLCloneNode,LightDisplay,LightDisplay_drjqsuljjn,,479386083
Move_Component_New_Node,AppStore,New-Node_nyrmxlpvje,,580839643
Move_Operation_New_Component_New_Node,enterOrderID,New-Component_fjullchefc,New-Node_axjuhsghxm,706158552
Move_Operation_New_Component_New_Node,getTransaction,New-Component_unaillxuci,New-Node_lqaexdslko,695247423
Move_Operation_New_Component_New_Node,scanProduct,New-Component_nynoewdxtc,New-Node_ywdsiidwij,719578395
Move_Operation_New_Component_New_Node,getMeanTimeToDelivery,New-Component_blgbssnegx,New-Node_rqljnksubo,715181110
Move_Operation_New_Component_New_Node,enterOrderID,New-Component_fjullchefc,New-Node_axjuhsghxm,688622461
UMLCloneNode,LightDisplay,LightDisplay_rrvxbseajf,,481934931
Move_Component_New_Node,ScannerController,New-Node_dqeckwsuns,,650622479
Move_Operation_New_Component_New_Node,getMeanTimeToDelivery,New-Component_blgbssnegx,New-Node_rqljnksubo,713693660
Move_Operation_New_Component_New_Node,enterOrderID,New-Component_fjullchefc,New-Node_axjuhsghxm,716869515
UMLCloneNode,LightDisplay,LightDisplay_rrvxbseajf,,474856229
Move_Component_New_Node,ScannerController,New-Node_dqeckwsuns,,1192907620
Move_Operation_New_Component_New_Node,getMeanTimeToDelivery,New-Component_blgbssnegx,New-Node_rqljnksubo,652199957
UMLCloneNode,CashDeskPC,CashDeskPC_lingyhjnmn,,459987219
Move_Operation_New_Component_New_Node,getTransaction,New-Component_unaillxuci,New-Node_lqaexdslko,644265739
UMLCloneNode,BarCodeScanner_uaurbyqmwd_xnmuxoppqo,BarCodeScanner_uaurbyqmwd_xnmuxoppqo_vnkabmfbir,,255522798
UMLCloneNode,BarCodeScanner_blvokhnnfe,BarCodeScanner_blvokhnnfe_bffkqnvepx,,221458065
Move_Component_New_Node,CashDeskGUI,New-Node_taasskwwwe,,608891982
UMLCloneNode,BarCodeScanner_blvokhnnfe_bffkqnvepx,BarCodeScanner_blvokhnnfe_bffkqnvepx_pfhlfyodel,,256794763
Move_Component_New_Node,ScannerController,New-Node_dqeckwsuns,,648325622
Move_Operation_New_Component_New_Node,getMeanTimeToDelivery,New-Component_blgbssnegx,New-Node_rqljnksubo,565800644
UMLCloneNode,CashDeskPC,CashDeskPC_lingyhjnmn,,387917905
UMLCloneNode,LightDisplay,LightDisplay_rrvxbseajf,,437445231
UMLCloneNode,New-Node_fpijdsaqpj_simjzmwymo,New-Node_fpijdsaqpj_simjzmwymo_qbxtzdkqqx,,304224225
Move_Operation_Component,getTransactionContext,Reporting,,265625220
Move_Operation_New_Component_New_Node,enterOrderID,New-Component_fjullchefc,New-Node_axjuhsghxm,739087676
UMLCloneNode,New-Node_yajvawmtel,New-Node_yajvawmtel_etktjkypmp,,230698581
UMLCloneNode,EnterpriseServer,EnterpriseServer_woopitduns,,507920806
Move_Operation_Component,getTransactionContext,Reporting,,304527634
Move_Operation_New_Component_New_Node,enterOrderID,New-Component_fjullchefc,New-Node_axjuhsghxm,706337798
UMLCloneNode,New-Node_yajvawmtel,New-Node_yajvawmtel_etktjkypmp,,223832277
UMLCloneNode,CashBox,CashBox_lxgmbrimuk,,538247481
Move_Operation_Component,getTransactionContext,Reporting,,290001798
Move_Operation_New_Component_New_Node,enterOrderID,New-Component_fjullchefc,New-Node_axjuhsghxm,723339907
Move_Operation_New_Component_New_Node,getTransaction,New-Component_unaillxuci,New-Node_lqaexdslko,673990135
Move_Operation_New_Component_New_Node,scanProduct,New-Component_ebsvamvfcq,New-Node_tarpbhbqzy,711166152
Move_Operation_Component,getTransactionContext,Reporting,,278510370
Move_Operation_New_Component_New_Node,enterOrderID,New-Component_fjullchefc,New-Node_axjuhsghxm,673794798
UMLCloneNode,New-Node_yajvawmtel,New-Node_yajvawmtel_etktjkypmp,,224765697
Move_Operation_New_Component_New_Node,scanProduct,New-Component_ebsvamvfcq,New-Node_tarpbhbqzy,687875050
Move_Operation_Component,getTransactionContext,Reporting,,263129972
Move_Operation_New_Component_New_Node,enterOrderID,New-Component_fjullchefc,New-Node_axjuhsghxm,632605526
UMLCloneNode,New-Node_yajvawmtel,New-Node_yajvawmtel_etktjkypmp,,213826575
UMLCloneNode,LightDisplay,LightDisplay_drjqsuljjn,,468063111
Move_Component_New_Node,AppStore,New-Node_nyrmxlpvje,,525103846
UMLCloneNode,CashBox,CashBox_icndnfbotz,,456948060
Move_Operation_New_Component_New_Node,getTransaction,New-Component_unaillxuci,New-Node_lqaexdslko,657106307
Move_Component_New_Node,GUIReporting,New-Node_msesyebxtk,,591467621
Move_Operation_New_Component_New_Node,rollInReceivedOrder,New-Component_tsohsxxuzh,New-Node_bjcuzxzqlz,698355401
Move_Operation_New_Component_New_Node,enterOrderID,New-Component_fjullchefc,New-Node_axjuhsghxm,714326207
Move_Operation_New_Component_New_Node,getTransaction,New-Component_unaillxuci,New-Node_lqaexdslko,745000152
UMLCloneNode,CashBox,CashBox_lxgmbrimuk,,544846043
Move_Operation_New_Component_New_Node,rollInReceivedOrder,New-Component_tsohsxxuzh,New-Node_bjcuzxzqlz,679791803
Move_Operation_New_Component_New_Node,enterOrderID,New-Component_fjullchefc,New-Node_axjuhsghxm,642960262
Move_Operation_New_Component_New_Node,getTransaction,New-Component_unaillxuci,New-Node_lqaexdslko,634043322
Move_Component_New_Node,ScannerController,New-Node_dqeckwsuns,,591912725
Move_Operation_New_Component_New_Node,getMeanTimeToDelivery,New-Component_blgbssnegx,New-Node_rqljnksubo,672558850
Move_Operation_New_Component_New_Node,enterOrderID,New-Component_fjullchefc,New-Node_axjuhsghxm,648324961
UMLCloneNode,LightDisplay,LightDisplay_rrvxbseajf,,465511797
UMLCloneNode,CashBox,CashBox_lxgmbrimuk,,485746027
Move_Operation_New_Component_New_Node,rollInReceivedOrder,New-Component_tsohsxxuzh,New-Node_bjcuzxzqlz,771128413
Move_Operation_New_Component_New_Node,enterOrderID,New-Component_fjullchefc,New-Node_axjuhsghxm,752947193
Move_Operation_New_Component_New_Node,getTransaction,New-Component_unaillxuci,New-Node_lqaexdslko,762709698
UMLCloneNode,LightDisplay,LightDisplay_tbgwkpfrkc,,404807744
Move_Operation_New_Component_New_Node,rollInReceivedOrder,New-Component_tsohsxxuzh,New-Node_bjcuzxzqlz,568922037
Move_Operation_New_Component_New_Node,enterOrderID,New-Component_fjullchefc,New-Node_axjuhsghxm,584662821
Move_Operation_New_Component_New_Node,getTransaction,New-Component_unaillxuci,New-Node_lqaexdslko,576357278
UMLCloneNode,New-Node_fpijdsaqpj_simjzmwymo,New-Node_fpijdsaqpj_simjzmwymo_qbxtzdkqqx,,242393200
Move_Operation_Component,getTransactionContext,Reporting,,282399193
Move_Operation_New_Component_New_Node,enterOrderID,New-Component_fjullchefc,New-Node_axjuhsghxm,722174071
UMLCloneNode,New-Node_yajvawmtel,New-Node_yajvawmtel_etktjkypmp,,238349087
UMLCloneNode,CashBox,CashBox_lxgmbrimuk,,523869731
Move_Operation_Component,getTransactionContext,Reporting,,263505105
Move_Operation_New_Component_New_Node,enterOrderID,New-Component_fjullchefc,New-Node_axjuhsghxm,634435909
Move_Operation_New_Component_New_Node,getTransaction,New-Component_unaillxuci,New-Node_lqaexdslko,635383405
UMLCloneNode,BarCodeScanner_uaurbyqmwd_xnmuxoppqo,BarCodeScanner_uaurbyqmwd_xnmuxoppqo_vnkabmfbir,,222098024
UMLCloneNode,BarCodeScanner_blvokhnnfe,BarCodeScanner_blvokhnnfe_bffkqnvepx,,229842286
Move_Component_New_Node,CashDeskGUI,New-Node_taasskwwwe,,920406497
UMLCloneNode,BarCodeScanner_blvokhnnfe_bffkqnvepx,BarCodeScanner_blvokhnnfe_bffkqnvepx_pfhlfyodel,,232423425
Move_Component_New_Node,ScannerController,New-Node_dqeckwsuns,,556362197
Move_Operation_New_Component_New_Node,rollInReceivedOrder,New-Component_tsohsxxuzh,New-Node_bjcuzxzqlz,682968500
Move_Operation_New_Component_New_Node,enterOrderID,New-Component_fjullchefc,New-Node_axjuhsghxm,678191783
Move_Operation_New_Component_New_Node,getTransaction,New-Component_unaillxuci,New-Node_lqaexdslko,659041786
UMLCloneNode,LightDisplay,LightDisplay_drjqsuljjn,,459513160
UMLCloneNode,BarCodeScanner,BarCodeScanner_wcikwoymdj,,540515493
UMLCloneNode,CashBox,CashBox_icndnfbotz,,571080033
Move_Operation_New_Component_New_Node,getTransaction,New-Component_unaillxuci,New-Node_lqaexdslko,600223478
UMLCloneNode,Printer,Printer_iiiqincbds,,479158285
Move_Component_New_Node,Inventory,New-Node_tvmyvwkarr,,509036769
Move_Operation_New_Component_New_Node,enterOrderID,New-Component_fjullchefc,New-Node_axjuhsghxm,632045516
Move_Operation_New_Component_New_Node,getTransaction,New-Component_unaillxuci,New-Node_lqaexdslko,630622318
Move_Operation_New_Component_New_Node,getEnterpriseByID,New-Component_jpxbteacmj,New-Node_euztrmqbsm,840194446
Move_Operation_Component,getTransactionContext,Reporting,,348465760
Move_Operation_New_Component_New_Node,enterOrderID,New-Component_fjullchefc,New-Node_axjuhsghxm,660232288
UMLCloneNode,New-Node_yajvawmtel,New-Node_yajvawmtel_etktjkypmp,,221327300
Move_Component_New_Node,ScannerController,New-Node_dqeckwsuns,,607648090
Move_Operation_New_Component_New_Node,getMeanTimeToDelivery,New-Component_oadnsisnbv,New-Node_xyvbfvuzrd,730297694
UMLCloneNode,CashDeskPC,CashDeskPC_lingyhjnmn,,503095289
UMLCloneNode,LightDisplay,LightDisplay_rrvxbseajf,,491651551
Move_Operation_Component,queryStockItem,PrinterController,,326070428
Move_Operation_New_Component_New_Node,rollInReceivedOrder,New-Component_tsohsxxuzh,New-Node_bjcuzxzqlz,771161145
Move_Operation_New_Component_New_Node,enterOrderID,New-Component_fjullchefc,New-Node_axjuhsghxm,760509603
Move_Operation_New_Component_New_Node,getTransaction,New-Component_unaillxuci,New-Node_lqaexdslko,712479003
Move_Operation_New_Component_New_Node,scanProduct,New-Component_ebsvamvfcq,New-Node_tarpbhbqzy,794959318
Move_Operation_Component,getTransactionContext,Reporting,,253069878
Move_Operation_New_Component_New_Node,enterOrderID,New-Component_fjullchefc,New-Node_axjuhsghxm,674095783
UMLCloneNode,New-Node_yajvawmtel,New-Node_yajvawmtel_etktjkypmp,,236935436
UMLCloneNode,Printer,Printer_iiiqincbds,,561244320
Move_Component_New_Node,Inventory,New-Node_tvmyvwkarr,,1123022031
Move_Operation_New_Component_New_Node,enterOrderID,New-Component_fjullchefc,New-Node_axjuhsghxm,694212032
Move_Operation_New_Component_New_Node,getTransaction,New-Component_unaillxuci,New-Node_lqaexdslko,650854003
UMLCloneNode,CashBox,CashBox_lxgmbrimuk,,532441343
Move_Operation_Component,getTransactionContext,Reporting,,264972045
Move_Operation_New_Component_New_Node,enterOrderID,New-Component_fjullchefc,New-Node_axjuhsghxm,661075479
Move_Operation_New_Component_New_Node,getTransaction,New-Component_unaillxuci,New-Node_lqaexdslko,672669549
UMLCloneNode,CashBox,CashBox_lxgmbrimuk,,504102457
Move_Operation_New_Component_New_Node,rollInReceivedOrder,New-Component_tsohsxxuzh,New-Node_bjcuzxzqlz,711540994
Move_Operation_New_Component_New_Node,enterOrderID,New-Component_fjullchefc,New-Node_axjuhsghxm,666756531
Move_Operation_New_Component_New_Node,getTransaction,New-Component_unaillxuci,New-Node_lqaexdslko,658163950
UMLCloneNode,LightDisplay,LightDisplay_drjqsuljjn,,526500985
UMLCloneNode,CashBox,CashBox_dmjjurqmsx,,451776303
UMLCloneNode,CashBox,CashBox_icndnfbotz,,517336912
Move_Operation_New_Component_New_Node,getTransaction,New-Component_unaillxuci,New-Node_lqaexdslko,696979812
Move_Component_New_Node,AppStore,New-Node_bjmivdltva,,591978078
Move_Operation_New_Component_New_Node,getMeanTimeToDelivery,New-Component_blgbssnegx,New-Node_rqljnksubo,698321117
Move_Operation_New_Component_New_Node,enterOrderID,New-Component_fjullchefc,New-Node_axjuhsghxm,671013864
UMLCloneNode,LightDisplay,LightDisplay_rrvxbseajf,,491414757
UMLCloneNode,LightDisplay,LightDisplay_drjqsuljjn,,546077352
Move_Component_New_Node,AppStore,New-Node_nyrmxlpvje,,521476504
UMLCloneNode,CashBox,CashBox_icndnfbotz,,467332561
Move_Operation_New_Component_New_Node,getTransaction,New-Component_unaillxuci,New-Node_lqaexdslko,697237915
Move_Component_New_Node,ScannerController,New-Node_dqeckwsuns,,624087645
Move_Operation_New_Component_New_Node,getMeanTimeToDelivery,New-Component_blgbssnegx,New-Node_rqljnksubo,720538034
UMLCloneNode,CashDeskPC,CashDeskPC_lingyhjnmn,,481094446
Move_Operation_New_Component_New_Node,getTransaction,New-Component_unaillxuci,New-Node_lqaexdslko,669764752
Move_Operation_New_Component_New_Node,createReport,New-Component_xegbetrcyq,New-Node_wwqnjvqjaw,739442121
Move_Operation_Component,getTransactionContext,Reporting,,281182431
Move_Operation_New_Component_New_Node,enterOrderID,New-Component_fjullchefc,New-Node_axjuhsghxm,700765500
Move_Operation_New_Component_New_Node,getTransaction,New-Component_unaillxuci,New-Node_lqaexdslko,645858446
UMLCloneNode,EnterpriseServer,EnterpriseServer_woopitduns,,413385238
Move_Operation_Component,getTransactionContext,Reporting,,259601425
Move_Operation_New_Component_New_Node,enterOrderID,New-Component_fjullchefc,New-Node_axjuhsghxm,945393499
UMLCloneNode,New-Node_yajvawmtel,New-Node_yajvawmtel_etktjkypmp,,214879650
UMLCloneNode,LightDisplay,LightDisplay_drjqsuljjn,,495927659
Move_Component_New_Node,AppStore,New-Node_nyrmxlpvje,,570765363
UMLCloneNode,CashBox,CashBox_icndnfbotz,,556994592
Move_Operation_New_Component_New_Node,getTransaction,New-Component_unaillxuci,New-Node_lqaexdslko,725083397
UMLCloneNode,CashBox,CashBox_lxgmbrimuk,,524841543
Move_Operation_Component,getTransactionContext,Reporting,,266236196
Move_Operation_New_Component_New_Node,enterOrderID,New-Component_fjullchefc,New-Node_axjuhsghxm,676374867
Move_Operation_New_Component_New_Node,getTransaction,New-Component_unaillxuci,New-Node_lqaexdslko,657814654
UMLCloneNode,Printer,Printer_iiiqincbds,,502408330
UMLCloneNode,BarCodeScanner,BarCodeScanner_wcikwoymdj,,501090008
UMLCloneNode,CashBox,CashBox_icndnfbotz,,454088087
Move_Operation_New_Component_New_Node,getTransaction,New-Component_unaillxuci,New-Node_lqaexdslko,645770631
UMLCloneNode,Printer,Printer_iiiqincbds,,537210336
Move_Operation_New_Component_New_Node,getMeanTimeToDelivery,New-Component_blgbssnegx,New-Node_rqljnksubo,634181381
Move_Operation_New_Component_New_Node,enterOrderID,New-Component_fjullchefc,New-Node_axjuhsghxm,647402231
Move_Operation_New_Component_New_Node,getTransaction,New-Component_unaillxuci,New-Node_lqaexdslko,682815854
Move_Component_New_Node,GUIReporting,New-Node_msesyebxtk,,543578637
Move_Operation_New_Component_New_Node,rollInReceivedOrder,New-Component_tsohsxxuzh,New-Node_bjcuzxzqlz,656933182
Move_Operation_New_Component_New_Node,enterOrderID,New-Component_fjullchefc,New-Node_axjuhsghxm,629504782
Move_Operation_New_Component_New_Node,getTransaction,New-Component_unaillxuci,New-Node_lqaexdslko,742467774
UMLCloneNode,CashBox,CashBox_lxgmbrimuk,,417735955
Move_Operation_Component,getTransactionContext,Reporting,,265786102
Move_Operation_New_Component_New_Node,enterOrderID,New-Component_fjullchefc,New-Node_axjuhsghxm,544275393
Move_Operation_New_Component_New_Node,getTransaction,New-Component_unaillxuci,New-Node_lqaexdslko,531854884
Move_Component_New_Node,ScannerController,New-Node_dqeckwsuns,,571576785
Move_Operation_New_Component_New_Node,getMeanTimeToDelivery,New-Component_oadnsisnbv,New-Node_xyvbfvuzrd,655033310
UMLCloneNode,CashDeskPC,CashDeskPC_lingyhjnmn,,502338599
UMLCloneNode,LightDisplay,LightDisplay_rrvxbseajf,,470580130
UMLCloneNode,Printer,Printer_iiiqincbds,,463493804
UMLCloneNode,BarCodeScanner,BarCodeScanner_wcikwoymdj,,483819265
UMLCloneNode,CashBox,CashBox_icndnfbotz,,758804967
Move_Operation_New_Component_New_Node,getTransaction,New-Component_unaillxuci,New-Node_lqaexdslko,745232798
Move_Operation_New_Component_New_Node,getEnterpriseByID,New-Component_aszghcqhrp,New-Node_mcqwxgresg,737508956
Move_Operation_New_Component_New_Node,getMeanTimeToDelivery,New-Component_blgbssnegx,New-Node_rqljnksubo,744694208
Move_Operation_New_Component_New_Node,enterOrderID,New-Component_fjullchefc,New-Node_axjuhsghxm,756115524
UMLCloneNode,LightDisplay,LightDisplay_rrvxbseajf,,539301497
UMLCloneNode,LightDisplay,LightDisplay_drjqsuljjn,,517195436
Move_Component_New_Node,AppStore,New-Node_nyrmxlpvje,,549331514
UMLCloneNode,CashBox,CashBox_icndnfbotz,,555992513
UMLCloneNode,EnterpriseServer,EnterpriseServer_pamrsotlrc,,500075526
UMLCloneNode,Printer,Printer_iiiqincbds,,508353908
Move_Component_New_Node,Inventory,New-Node_tvmyvwkarr,,512729102
Move_Operation_New_Component_New_Node,enterOrderID,New-Component_fjullchefc,New-Node_axjuhsghxm,638549301
Move_Operation_New_Component_New_Node,getTransaction,New-Component_unaillxuci,New-Node_lqaexdslko,643333392
UMLCloneNode,New-Node_fpijdsaqpj_simjzmwymo,New-Node_fpijdsaqpj_simjzmwymo_qbxtzdkqqx,,266826342
Move_Operation_Component,getTransactionContext,Reporting,,263451996
Move_Operation_New_Component_New_Node,enterOrderID,New-Component_fjullchefc,New-Node_axjuhsghxm,720325516
UMLCloneNode,New-Node_yajvawmtel,New-Node_yajvawmtel_etktjkypmp,,240060365
UMLCloneNode,Printer,Printer_iiiqincbds,,399963200
UMLCloneNode,BarCodeScanner,BarCodeScanner_wcikwoymdj,,373095071
UMLCloneNode,CashBox,CashBox_icndnfbotz,,512431665
Move_Operation_New_Component_New_Node,getTransaction,New-Component_unaillxuci,New-Node_lqaexdslko,608805450
UMLCloneNode,Printer,Printer_iiiqincbds,,554893663
Move_Component_New_Node,Inventory,New-Node_tvmyvwkarr,,526822107
Move_Operation_New_Component_New_Node,enterOrderID,New-Component_fjullchefc,New-Node_axjuhsghxm,725695154
Move_Operation_New_Component_New_Node,getTransaction,New-Component_unaillxuci,New-Node_lqaexdslko,658030900
Move_Operation_New_Component_New_Node,saleStartedEvent,New-Component_nnozazbynk,New-Node_tjtldmfmiz,712304907
Move_Operation_Component,getTransactionContext,Reporting,,285034984
Move_Operation_New_Component_New_Node,enterOrderID,New-Component_fjullchefc,New-Node_axjuhsghxm,689869930
Move_Operation_New_Component_New_Node,getTransaction,New-Component_unaillxuci,New-Node_lqaexdslko,738564434
UMLCloneNode,CashBox,CashBox_lxgmbrimuk,,466499480
Move_Operation_New_Component_New_Node,rollInReceivedOrder,New-Component_tsohsxxuzh,New-Node_bjcuzxzqlz,641545749
Move_Operation_New_Component_New_Node,enterOrderID,New-Component_fjullchefc,New-Node_axjuhsghxm,1010870241
Move_Operation_New_Component_New_Node,getTransaction,New-Component_unaillxuci,New-Node_lqaexdslko,641150549
Move_Component_New_Node,Reporting,New-Node_valkmevclf,,547761750
Move_Operation_Component,getTransactionContext,Reporting,,258099289
Move_Operation_New_Component_New_Node,enterOrderID,New-Component_fjullchefc,New-Node_axjuhsghxm,681340156
Move_Operation_New_Component_New_Node,getTransaction,New-Component_unaillxuci,New-Node_lqaexdslko,655871230
UMLCloneNode,EnterpriseServer,EnterpriseServer_woopitduns,,473659675
Move_Operation_Component,getTransactionContext,Reporting,,265441576
Move_Operation_New_Component_New_Node,enterOrderID,New-Component_fjullchefc,New-Node_axjuhsghxm,634992031
UMLCloneNode,New-Node_yajvawmtel,New-Node_yajvawmtel_etktjkypmp,,247076921
Move_Operation_New_Component_New_Node,getTransaction,New-Component_qyzxfqniol,New-Node_yqyjqdqtrk,563547450
Move_Operation_New_Component_New_Node,getMeanTimeToDelivery,New-Component_blgbssnegx,New-Node_rqljnksubo,545911240
Move_Operation_New_Component_New_Node,enterOrderID,New-Component_fjullchefc,New-Node_axjuhsghxm,541388530
UMLCloneNode,LightDisplay,LightDisplay_rrvxbseajf,,369639412
UMLCloneNode,CashBox,CashBox_lxgmbrimuk,,509658575
Move_Operation_Component,getTransactionContext,Reporting,,310205661
Move_Operation_New_Component_New_Node,enterOrderID,New-Component_fjullchefc,New-Node_axjuhsghxm,735002386
Move_Operation_New_Component_New_Node,getTransaction,New-Component_unaillxuci,New-Node_lqaexdslko,750051884
UMLCloneNode,Printer,Printer_iiiqincbds,,475503572
Move_Component_New_Node,Inventory,New-Node_tvmyvwkarr,,603349009
Move_Operation_New_Component_New_Node,enterOrderID,New-Component_fjullchefc,New-Node_axjuhsghxm,769605227
Move_Operation_New_Component_New_Node,getTransaction,New-Component_unaillxuci,New-Node_lqaexdslko,764033741
UMLCloneNode,BarCodeScanner,BarCodeScanner_vgmwwygfdf,,502764979
Move_Operation_Component,getTransactionContext,Reporting,,263254656
Move_Operation_New_Component_New_Node,enterOrderID,New-Component_fjullchefc,New-Node_axjuhsghxm,634606439
UMLCloneNode,New-Node_yajvawmtel,New-Node_yajvawmtel_etktjkypmp,,246925498
UMLCloneNode,LightDisplay,LightDisplay_drjqsuljjn,,542478083
Move_Component_New_Node,AppStore,New-Node_nyrmxlpvje,,594981189
UMLCloneNode,Printer,Printer_qogmpwtpan,,539579629
UMLCloneNode,EnterpriseServer,EnterpriseServer_pamrsotlrc,,558006760
Move_Operation_New_Component_New_Node,scanProduct,New-Component_wwzbttvcev,New-Node_pdmceqymiv,647568522
Move_Operation_Component,getTransactionContext,Reporting,,277100246
Move_Operation_New_Component_New_Node,enterOrderID,New-Component_fjullchefc,New-Node_axjuhsghxm,661977110
UMLCloneNode,New-Node_yajvawmtel,New-Node_yajvawmtel_etktjkypmp,,224218942
UMLCloneNode,LightDisplay,LightDisplay_drjqsuljjn,,539271150
Move_Component_New_Node,AppStore,New-Node_nyrmxlpvje,,616818766
UMLCloneNode,CashBox,CashBox_icndnfbotz,,540171127
UMLCloneNode,EnterpriseServer,EnterpriseServer_pamrsotlrc,,557230985
Move_Operation_New_Component_New_Node,scanProduct,New-Component_nynoewdxtc,New-Node_ywdsiidwij,688549905
Move_Operation_New_Component_New_Node,getMeanTimeToDelivery,New-Component_blgbssnegx,New-Node_rqljnksubo,638096843
Move_Operation_New_Component_New_Node,enterOrderID,New-Component_fjullchefc,New-Node_axjuhsghxm,753472588
UMLCloneNode,LightDisplay,LightDisplay_rrvxbseajf,,548113580
UMLCloneNode,LightDisplay,LightDisplay_drjqsuljjn,,546731559
Move_Component_New_Node,AppStore,New-Node_nyrmxlpvje,,556021528
UMLCloneNode,CashBox,CashBox_icndnfbotz,,497442259
UMLCloneNode,EnterpriseServer,EnterpriseServer_pamrsotlrc,,524143655
Move_Operation_New_Component_New_Node,createReport,New-Component_xegbetrcyq,New-Node_wwqnjvqjaw,674000574
Move_Operation_Component,getTransactionContext,Reporting,,293914594
Move_Operation_New_Component_New_Node,enterOrderID,New-Component_fjullchefc,New-Node_axjuhsghxm,661912458
Move_Operation_New_Component_New_Node,getTransaction,New-Component_unaillxuci,New-Node_lqaexdslko,640713279
Move_Component_New_Node,CashBoxController,New-Node_xrrertardx,,563000524
Move_Operation_New_Component_New_Node,getMeanTimeToDelivery,New-Component_oadnsisnbv,New-Node_xyvbfvuzrd,647718955
UMLCloneNode,CashDeskPC,CashDeskPC_lingyhjnmn,,419349952
UMLCloneNode,LightDisplay,LightDisplay_rrvxbseajf,,543678244
UMLCloneNode,Printer,Printer_qvhmjibfyt,,539401735
Move_Operation_Component,getTransactionContext,Reporting,,286503348
Move_Operation_New_Component_New_Node,enterOrderID,New-Component_fjullchefc,New-Node_axjuhsghxm,673860993
UMLCloneNode,New-Node_yajvawmtel,New-Node_yajvawmtel_etktjkypmp,,233799666
Move_Operation_New_Component_New_Node,saleStartedEvent,New-Component_nnozazbynk,New-Node_tjtldmfmiz,718838869
Move_Operation_Component,getTransactionContext,Reporting,,297690103
Move_Operation_New_Component_New_Node,enterOrderID,New-Component_fjullchefc,New-Node_axjuhsghxm,722058175
Move_Operation_New_Component_New_Node,getTransaction,New-Component_unaillxuci,New-Node_lqaexdslko,734255956
Move_Operation_New_Component_New_Node,scanProduct,New-Component_nynoewdxtc,New-Node_ywdsiidwij,745636255
Move_Operation_New_Component_New_Node,getMeanTimeToDelivery,New-Component_blgbssnegx,New-Node_rqljnksubo,767727927
Move_Operation_New_Component_New_Node,enterOrderID,New-Component_fjullchefc,New-Node_axjuhsghxm,719102763
UMLCloneNode,LightDisplay,LightDisplay_rrvxbseajf,,1112404403
Move_Operation_New_Component_New_Node,createReport,New-Component_yknoecasey,New-Node_kumkljeupq,642418636
Move_Operation_New_Component_New_Node,getMeanTimeToDelivery,New-Component_blgbssnegx,New-Node_rqljnksubo,724703946
UMLCloneNode,CashDeskPC,CashDeskPC_lingyhjnmn,,406614913
Move_Operation_New_Component_New_Node,getTransaction,New-Component_unaillxuci,New-Node_lqaexdslko,554383447
Move_Operation_New_Component_New_Node,getTransaction,New-Component_qyzxfqniol,New-Node_yqyjqdqtrk,582726861
Move_Operation_New_Component_New_Node,getMeanTimeToDelivery,New-Component_blgbssnegx,New-Node_rqljnksubo,719863098
Move_Operation_New_Component_New_Node,enterOrderID,New-Component_fjullchefc,New-Node_axjuhsghxm,741656322
UMLCloneNode,LightDisplay,LightDisplay_rrvxbseajf,,574382746
UMLCloneNode,New-Node_fpijdsaqpj_simjzmwymo,New-Node_fpijdsaqpj_simjzmwymo_qbxtzdkqqx,,251654634
Move_Operation_Component,getTransactionContext,Reporting,,262590680
Move_Operation_New_Component_New_Node,enterOrderID,New-Component_fjullchefc,New-Node_axjuhsghxm,661101437
UMLCloneNode,New-Node_yajvawmtel,New-Node_yajvawmtel_etktjkypmp,,262947249
Move_Component_New_Node,GUIReporting,New-Node_msesyebxtk,,532995683
Move_Operation_New_Component_New_Node,rollInReceivedOrder,New-Component_tsohsxxuzh,New-Node_bjcuzxzqlz,574978954
Move_Operation_New_Component_New_Node,enterOrderID,New-Component_fjullchefc,New-Node_axjuhsghxm,629770952
Move_Operation_New_Component_New_Node,getTransaction,New-Component_unaillxuci,New-Node_lqaexdslko,652365858
UMLCloneNode,LightDisplay,LightDisplay_drjqsuljjn,,461127346
Move_Component_New_Node,AppStore,New-Node_nyrmxlpvje,,509695294
UMLCloneNode,CashBox,CashBox_icndnfbotz,,454919667
Move_Operation_New_Component_New_Node,getTransaction,New-Component_unaillxuci,New-Node_lqaexdslko,628752953
UMLCloneNode,LightDisplay,LightDisplay_drjqsuljjn,,662060035
Move_Component_New_Node,AppStore,New-Node_nyrmxlpvje,,722066169
UMLCloneNode,CashBox,CashBox_icndnfbotz,,580414335
UMLCloneNode,EnterpriseServer,EnterpriseServer_pamrsotlrc,,396522940
Move_Operation_New_Component_New_Node,scanProduct,New-Component_nynoewdxtc,New-Node_ywdsiidwij,753053522
Move_Operation_New_Component_New_Node,getMeanTimeToDelivery,New-Component_blgbssnegx,New-Node_rqljnksubo,765544454
Move_Operation_New_Component_New_Node,enterOrderID,New-Component_fjullchefc,New-Node_axjuhsghxm,758452315
UMLCloneNode,LightDisplay,LightDisplay_rrvxbseajf,,559518805
Move_Component_New_Node,Reporting,New-Node_valkmevclf,,959161485
Move_Operation_Component,getTransactionContext,Reporting,,309536997
Move_Operation_New_Component_New_Node,enterOrderID,New-Component_fjullchefc,New-Node_axjuhsghxm,721670237
Move_Operation_New_Component_New_Node,getTransaction,New-Component_unaillxuci,New-Node_lqaexdslko,765241846
Move_Component_New_Node,CashBoxController,New-Node_xrrertardx,,567504389
Move_Operation_New_Component_New_Node,getMeanTimeToDelivery,New-Component_oadnsisnbv,New-Node_xyvbfvuzrd,766265726
UMLCloneNode,CashDeskPC,CashDeskPC_lingyhjnmn,,475638004
UMLCloneNode,LightDisplay,LightDisplay_rrvxbseajf,,495959368
Move_Operation_New_Component_New_Node,getTransaction,New-Component_qyzxfqniol,New-Node_yqyjqdqtrk,573296720
Move_Operation_New_Component_New_Node,getMeanTimeToDelivery,New-Component_blgbssnegx,New-Node_rqljnksubo,692397539
Move_Operation_New_Component_New_Node,enterOrderID,New-Component_fjullchefc,New-Node_axjuhsghxm,655875008
UMLCloneNode,LightDisplay,LightDisplay_rrvxbseajf,,387203786
Move_Operation_New_Component_New_Node,scanProduct,New-Component_wwzbttvcev,New-Node_pdmceqymiv,719626666
Move_Operation_Component,getTransactionContext,Reporting,,288785958
Move_Operation_New_Component_New_Node,enterOrderID,New-Component_fjullchefc,New-Node_axjuhsghxm,623768706
UMLCloneNode,New-Node_yajvawmtel,New-Node_yajvawmtel_etktjkypmp,,213753789
UMLCloneNode,LightDisplay,LightDisplay_drjqsuljjn,,442862318
Move_Component_New_Node,Inventory,New-Node_tvmyvwkarr,,434381537
Move_Operation_New_Component_New_Node,enterOrderID,New-Component_fjullchefc,New-Node_axjuhsghxm,550760704
Move_Operation_New_Component_New_Node,getTransaction,New-Component_unaillxuci,New-Node_lqaexdslko,573893168
Move_Component_New_Node,GUIReporting,New-Node_msesyebxtk,,551216128
Move_Operation_New_Component_New_Node,rollInReceivedOrder,New-Component_tsohsxxuzh,New-Node_bjcuzxzqlz,657537114
Move_Operation_New_Component_New_Node,enterOrderID,New-Component_fjullchefc,New-Node_axjuhsghxm,662865345
Move_Operation_New_Component_New_Node,getTransaction,New-Component_unaillxuci,New-Node_lqaexdslko,641307784
Move_Operation_New_Component_New_Node,getTransaction,New-Component_qyzxfqniol,New-Node_yqyjqdqtrk,698619877
Move_Operation_New_Component_New_Node,getMeanTimeToDelivery,New-Component_blgbssnegx,New-Node_rqljnksubo,747593154
Move_Operation_New_Component_New_Node,enterOrderID,New-Component_fjullchefc,New-Node_axjuhsghxm,945449905
UMLCloneNode,LightDisplay,LightDisplay_rrvxbseajf,,567075875
Move_Component_New_Node,ScannerController,New-Node_dqeckwsuns,,564603078
Move_Operation_New_Component_New_Node,getMeanTimeToDelivery,New-Component_blgbssnegx,New-Node_rqljnksubo,639942073
UMLCloneNode,CashDeskPC,CashDeskPC_lingyhjnmn,,458274086
Move_Operation_New_Component_New_Node,getTransaction,New-Component_unaillxuci,New-Node_lqaexdslko,683785762
UMLCloneNode,LightDisplay,LightDisplay_drjqsuljjn,,484165895
Move_Operation_New_Component_New_Node,enterOrderID,New-Component_kbdmnmsmbp,New-Node_slexemvrja,688409070
UMLCloneNode,CashBox,CashBox_icndnfbotz,,490030461
UMLCloneNode,EnterpriseServer,EnterpriseServer_pamrsotlrc,,490202965
Move_Operation_New_Component_New_Node,createReport,New-Component_rvifwrupyz,New-Node_ebyewuvayl,714803562
Move_Component_New_Node,AppStore,New-Node_nyrmxlpvje,,512626611
UMLCloneNode,CashBox,CashBox_icndnfbotz,,454155263
UMLCloneNode,EnterpriseServer,EnterpriseServer_pamrsotlrc,,544391591
UMLCloneNode,New-Node_fpijdsaqpj_simjzmwymo,New-Node_fpijdsaqpj_simjzmwymo_qbxtzdkqqx,,254388551
Move_Operation_Component,getTransactionContext,Reporting,,272870004
Move_Operation_New_Component_New_Node,enterOrderID,New-Component_fjullchefc,New-Node_axjuhsghxm,697248185
UMLCloneNode,New-Node_yajvawmtel,New-Node_yajvawmtel_etktjkypmp,,253903352
Move_Operation_New_Component_New_Node,scanProduct,New-Component_wwzbttvcev,New-Node_pdmceqymiv,671462384
Move_Operation_Component,getTransactionContext,Reporting,,267187660
Move_Operation_New_Component_New_Node,enterOrderID,New-Component_fjullchefc,New-Node_axjuhsghxm,658494830
UMLCloneNode,New-Node_yajvawmtel,New-Node_yajvawmtel_etktjkypmp,,233192728
UMLCloneNode,CashDeskPC,CashDeskPC_uqhabvdvuc,,495018104
Move_Operation_Component,getTransactionContext,Reporting,,272558500
Move_Operation_New_Component_New_Node,enterOrderID,New-Component_fjullchefc,New-Node_axjuhsghxm,709851416
UMLCloneNode,New-Node_yajvawmtel,New-Node_yajvawmtel_etktjkypmp,,261426217
Move_Component_New_Node,Reporting,New-Node_valkmevclf,,630644961
Move_Operation_Component,getTransactionContext,Reporting,,307883537
Move_Operation_New_Component_New_Node,enterOrderID,New-Component_fjullchefc,New-Node_axjuhsghxm,763858903
Move_Operation_New_Component_New_Node,getTransaction,New-Component_unaillxuci,New-Node_lqaexdslko,715749786
Move_Operation_New_Component_New_Node,saleStartedEvent,New-Component_nnozazbynk,New-Node_tjtldmfmiz,673493383
Move_Operation_Component,getTransactionContext,Reporting,,268054686
Move_Operation_New_Component_New_Node,enterOrderID,New-Component_fjullchefc,New-Node_axjuhsghxm,676172176
Move_Operation_New_Component_New_Node,getTransaction,New-Component_unaillxuci,New-Node_lqaexdslko,764327712
Move_Component_New_Node,Reporting,New-Node_valkmevclf,,584087593
Move_Operation_Component,getTransactionContext,Reporting,,343502294
Move_Operation_New_Component_New_Node,enterOrderID,New-Component_fjullchefc,New-Node_axjuhsghxm,723216516
Move_Operation_New_Component_New_Node,getTransaction,New-Component_unaillxuci,New-Node_lqaexdslko,643293577
UMLCloneNode,EnterpriseServer,EnterpriseServer_woopitduns,,385295197
Move_Operation_Component,getTransactionContext,Reporting,,257176018
Move_Operation_New_Component_New_Node,enterOrderID,New-Component_fjullchefc,New-Node_axjuhsghxm,745056257
UMLCloneNode,New-Node_yajvawmtel,New-Node_yajvawmtel_etktjkypmp,,371283574
Move_Operation_New_Component_New_Node,scanProduct,New-Component_wwzbttvcev,New-Node_pdmceqymiv,788416670
Move_Operation_Component,getTransactionContext,Reporting,,296972819
Move_Operation_New_Component_New_Node,enterOrderID,New-Component_fjullchefc,New-Node_axjuhsghxm,705235201
UMLCloneNode,New-Node_yajvawmtel,New-Node_yajvawmtel_etktjkypmp,,246942279
Move_Component_New_Node,ScannerController,New-Node_dqeckwsuns,,642327055
Move_Operation_New_Component_New_Node,getMeanTimeToDelivery,New-Component_blgbssnegx,New-Node_rqljnksubo,660803209
UMLCloneNode,CashDeskPC,CashDeskPC_lingyhjnmn,,448285948
Move_Operation_New_Component_New_Node,getTransaction,New-Component_unaillxuci,New-Node_lqaexdslko,630442070
Move_Operation_New_Component_New_Node,printRunningTotal,New-Component_ovwofksojs,New-Node_zqiriufdyl,743749317
Move_Component_New_Node,AppStore,New-Node_nyrmxlpvje,,520096487
UMLCloneNode,CashBox,CashBox_icndnfbotz,,551397137
Move_Operation_New_Component_New_Node,getTransaction,New-Component_unaillxuci,New-Node_lqaexdslko,649884506
Move_Component_New_Node,GUIReporting,New-Node_msesyebxtk,,699943208
Move_Operation_Component,getTransactionContext,Reporting,,258582575
Move_Operation_New_Component_New_Node,enterOrderID,New-Component_fjullchefc,New-Node_axjuhsghxm,669379679
Move_Operation_New_Component_New_Node,getTransaction,New-Component_unaillxuci,New-Node_lqaexdslko,641374699
UMLCloneNode,LightDisplay,LightDisplay_drjqsuljjn,,486632710
Move_Component_New_Node,AppStore,New-Node_nyrmxlpvje,,535075673
UMLCloneNode,CashBox,CashBox_icndnfbotz,,488080565
UMLCloneNode,EnterpriseServer,EnterpriseServer_pamrsotlrc,,542706361
Move_Component_New_Node,ScannerController,New-Node_dqeckwsuns,,547180500
Move_Operation_New_Component_New_Node,getMeanTimeToDelivery,New-Component_blgbssnegx,New-Node_rqljnksubo,648552498
UMLCloneNode,CashDeskPC,CashDeskPC_lingyhjnmn,,487732132
Move_Operation_New_Component_New_Node,getTransaction,New-Component_unaillxuci,New-Node_lqaexdslko,680825392
UMLCloneNode,LightDisplay,LightDisplay_vuweglfcaf,,469844732
Move_Component_New_Node,AppStore,New-Node_nyrmxlpvje,,554465741
UMLCloneNode,CashBox,CashBox_icndnfbotz,,466168108
UMLCloneNode,EnterpriseServer,EnterpriseServer_pamrsotlrc,,445835334
UMLCloneNode,Printer,Printer_iiiqincbds,,470228411
Move_Component_New_Node,DataStore,New-Node_otnxabfktz,,531224022
UMLCloneNode,CashBox,CashBox_icndnfbotz,,472884512
Move_Operation_New_Component_New_Node,getTransaction,New-Component_unaillxuci,New-Node_lqaexdslko,759264128
UMLCloneNode,LightDisplay,LightDisplay_drjqsuljjn,,412667582
Move_Component_New_Node,Inventory,New-Node_tvmyvwkarr,,417785539
Move_Operation_New_Component_New_Node,enterOrderID,New-Component_fjullchefc,New-Node_axjuhsghxm,614275036
Move_Operation_New_Component_New_Node,getTransaction,New-Component_unaillxuci,New-Node_lqaexdslko,705662142
UMLCloneNode,LightDisplay,LightDisplay_drjqsuljjn,,415566066
Move_Operation_New_Component_New_Node,enterOrderID,New-Component_kbdmnmsmbp,New-Node_slexemvrja,583024830
UMLCloneNode,CashBox,CashBox_icndnfbotz,,423822748
UMLCloneNode,EnterpriseServer,EnterpriseServer_pamrsotlrc,,445569355
UMLCloneNode,New-Node_fpijdsaqpj_simjzmwymo,New-Node_fpijdsaqpj_simjzmwymo_qbxtzdkqqx,,253244546
Move_Operation_Component,getTransactionContext,Reporting,,357788401
Move_Operation_New_Component_New_Node,enterOrderID,New-Component_fjullchefc,New-Node_axjuhsghxm,666014951
UMLCloneNode,New-Node_yajvawmtel,New-Node_yajvawmtel_etktjkypmp,,222103475
UMLCloneNode,LightDisplay,LightDisplay_drjqsuljjn,,389521823
Move_Operation_New_Component_New_Node,enterOrderID,New-Component_kbdmnmsmbp,New-Node_slexemvrja,532564174
UMLCloneNode,CashBox,CashBox_icndnfbotz,,364338994
UMLCloneNode,EnterpriseServer,EnterpriseServer_pamrsotlrc,,391295949
UMLCloneNode,Printer,Printer_iiiqincbds,,471658713
Move_Component_New_Node,PrinterController,New-Node_qhszlzhcit,,644989467
UMLCloneNode,CashBox,CashBox_icndnfbotz,,571231187
Move_Operation_New_Component_New_Node,getTransaction,New-Component_unaillxuci,New-Node_lqaexdslko,796387856
Move_Component_New_Node,GUIReporting,New-Node_msesyebxtk,,713333786
Move_Operation_New_Component_New_Node,rollInReceivedOrder,New-Component_tsohsxxuzh,New-Node_bjcuzxzqlz,573405844
Move_Operation_New_Component_New_Node,enterOrderID,New-Component_fjullchefc,New-Node_axjuhsghxm,849172020
Move_Operation_New_Component_New_Node,getTransaction,New-Component_unaillxuci,New-Node_lqaexdslko,641956060
UMLCloneNode,LightDisplay,LightDisplay_hlaxfrxyvn,,483082503
Move_Component_New_Node,Inventory,New-Node_tvmyvwkarr,,507431700
Move_Operation_New_Component_New_Node,enterOrderID,New-Component_fjullchefc,New-Node_axjuhsghxm,694805495
Move_Operation_New_Component_New_Node,getTransaction,New-Component_unaillxuci,New-Node_lqaexdslko,557147348
UMLCloneNode,LightDisplay,LightDisplay_drjqsuljjn,,372419846
Move_Component_New_Node,AppStore,New-Node_nyrmxlpvje,,548102960
UMLCloneNode,CashBox,CashBox_icndnfbotz,,414238257
Move_Operation_New_Component_New_Node,getTransaction,New-Component_unaillxuci,New-Node_lqaexdslko,551913224
Move_Component_New_Node,GUIReporting,New-Node_msesyebxtk,,538549116
Move_Operation_Component,getTransactionContext,Reporting,,260375066
Move_Operation_New_Component_New_Node,enterOrderID,New-Component_fjullchefc,New-Node_axjuhsghxm,542186517
Move_Operation_New_Component_New_Node,getTransaction,New-Component_unaillxuci,New-Node_lqaexdslko,759362893
Move_Component_New_Node,GUIReporting,New-Node_msesyebxtk,,539703370
Move_Operation_Component,getTransactionContext,Reporting,,253511266
Move_Operation_New_Component_New_Node,enterOrderID,New-Component_fjullchefc,New-Node_axjuhsghxm,613979391
Move_Operation_New_Component_New_Node,getTransaction,New-Component_unaillxuci,New-Node_lqaexdslko,671200574
UMLCloneNode,LightDisplay,LightDisplay_drjqsuljjn,,402121027
Move_Operation_New_Component_New_Node,enterOrderID,New-Component_kbdmnmsmbp,New-Node_slexemvrja,533375896
UMLCloneNode,CashBox,CashBox_icndnfbotz,,473219039
UMLCloneNode,EnterpriseServer,EnterpriseServer_pamrsotlrc,,433319044
UMLCloneNode,New-Node_fpijdsaqpj_simjzmwymo,New-Node_fpijdsaqpj_simjzmwymo_qbxtzdkqqx,,248290226
Move_Operation_Component,getTransactionContext,Reporting,,448201941
Move_Operation_New_Component_New_Node,enterOrderID,New-Component_fjullchefc,New-Node_axjuhsghxm,634290465
UMLCloneNode,New-Node_yajvawmtel,New-Node_yajvawmtel_etktjkypmp,,190864320
UMLCloneNode,Printer_jolpszpqvb,Printer_jolpszpqvb_nptepdztpu,,273921537
Move_Component_New_Node,AppStore,New-Node_nyrmxlpvje,,468115449
UMLCloneNode,CashBox,CashBox_icndnfbotz,,452526890
Move_Operation_New_Component_New_Node,getTransaction,New-Component_unaillxuci,New-Node_lqaexdslko,713771186
Move_Operation_New_Component_New_Node,getTransaction,New-Component_qyzxfqniol,New-Node_yqyjqdqtrk,706812508
Move_Operation_New_Component_New_Node,getMeanTimeToDelivery,New-Component_blgbssnegx,New-Node_rqljnksubo,657795809
Move_Operation_New_Component_New_Node,enterOrderID,New-Component_fjullchefc,New-Node_axjuhsghxm,703606397
UMLCloneNode,LightDisplay,LightDisplay_rrvxbseajf,,469090738
Move_Operation_New_Component_New_Node,scanProduct,New-Component_wwzbttvcev,New-Node_pdmceqymiv,537275859
Move_Operation_Component,getTransactionContext,Reporting,,232689344
Move_Operation_New_Component_New_Node,enterOrderID,New-Component_fjullchefc,New-Node_axjuhsghxm,581892507
UMLCloneNode,New-Node_yajvawmtel,New-Node_yajvawmtel_etktjkypmp,,189012568
Move_Component_New_Node,GUIReporting,New-Node_msesyebxtk,,538703846
Move_Operation_Component,getTransactionContext,Reporting,,356358449
Move_Operation_New_Component_New_Node,enterOrderID,New-Component_fjullchefc,New-Node_axjuhsghxm,667480589
Move_Operation_New_Component_New_Node,getTransaction,New-Component_unaillxuci,New-Node_lqaexdslko,692445660
Move_Component_New_Node,GUIReporting,New-Node_msesyebxtk,,440433905
Move_Operation_New_Component_New_Node,rollInReceivedOrder,New-Component_tsohsxxuzh,New-Node_bjcuzxzqlz,548210842
Move_Operation_New_Component_New_Node,enterOrderID,New-Component_fjullchefc,New-Node_axjuhsghxm,586761236
Move_Operation_New_Component_New_Node,getTransaction,New-Component_unaillxuci,New-Node_lqaexdslko,658832733
Move_Component_New_Node,GUIReporting,New-Node_msesyebxtk,,557469272
Move_Operation_Component,getTransactionContext,Reporting,,281561822
Move_Operation_New_Component_New_Node,enterOrderID,New-Component_fjullchefc,New-Node_axjuhsghxm,661670295
Move_Operation_New_Component_New_Node,getTransaction,New-Component_unaillxuci,New-Node_lqaexdslko,528268068
Move_Component_New_Node,GUIReporting,New-Node_msesyebxtk,,502404684
Move_Operation_New_Component_New_Node,rollInReceivedOrder,New-Component_tsohsxxuzh,New-Node_bjcuzxzqlz,779760420
Move_Operation_New_Component_New_Node,enterOrderID,New-Component_fjullchefc,New-Node_axjuhsghxm,549620696
Move_Operation_New_Component_New_Node,getTransaction,New-Component_unaillxuci,New-Node_lqaexdslko,682614426
UMLCloneNode,LightDisplay,LightDisplay_drjqsuljjn,,532853677
Move_Operation_New_Component_New_Node,enterOrderID,New-Component_kbdmnmsmbp,New-Node_slexemvrja,644255090
UMLCloneNode,CashBox,CashBox_icndnfbotz,,379536700
UMLCloneNode,EnterpriseServer,EnterpriseServer_pamrsotlrc,,350705900
Move_Component_New_Node,GUIReporting,New-Node_msesyebxtk,,416324539
Move_Operation_New_Component_New_Node,rollInReceivedOrder,New-Component_tsohsxxuzh,New-Node_bjcuzxzqlz,414455334
Move_Operation_New_Component_New_Node,enterOrderID,New-Component_fjullchefc,New-Node_axjuhsghxm,538950388
Move_Operation_New_Component_New_Node,getTransaction,New-Component_unaillxuci,New-Node_lqaexdslko,553048042
Move_Operation_New_Component_New_Node,printRunningTotal,New-Component_ovwofksojs,New-Node_zqiriufdyl,648437582
Move_Component_New_Node,AppStore,New-Node_nyrmxlpvje,,456976874
UMLCloneNode,CashBox,CashBox_icndnfbotz,,353473961
Move_Operation_New_Component_New_Node,getTransaction,New-Component_unaillxuci,New-Node_lqaexdslko,531503786
Move_Component_New_Node,GUIReporting,New-Node_msesyebxtk,,554484977
Move_Operation_New_Component_New_Node,rollInReceivedOrder,New-Component_tsohsxxuzh,New-Node_bjcuzxzqlz,685189374
Move_Operation_New_Component_New_Node,enterOrderID,New-Component_fjullchefc,New-Node_axjuhsghxm,757384082
Move_Operation_New_Component_New_Node,getTransaction,New-Component_unaillxuci,New-Node_lqaexdslko,679391202
