operation,target,to,where,exec_time(nanoSec)
Move_Operation_New_Component_New_Node,login,New-Component_rionedfpzk,New-Node_ufiqlkgxxo,2545952696
Move_Operation_Component,findAll,Login,,862480062
Move_Component_New_Node,Seat,New-Node_kqvgxybgtz,,906840380
UMLCloneNode,container-sso,container-sso_vqyljapfkm,,639593810
Move_Operation_Component,verify,Seat,,595490424
UMLCloneNode,container-rebook,container-rebook_gjgxchtdio,,715502392
Move_Operation_New_Component_New_Node,verify,New-Component_dvsnaocdhq,New-Node_uyfffmosls,1078709393
UMLCloneNode,container-sso,container-sso_tofjwnycki,,552547424
Move_Component_New_Node,Ticket-info,New-Node_zyqdhyiqnb,,554715709
UMLCloneNode,container-order-other,container-order-other_hoaespqaee,,485174266
Move_Operation_New_Component_New_Node,rebook,New-Component_vioswbvjsy,New-Node_xsyrtdqesb,706715316
Move_Operation_Component,findAll,Ticket-info,,298402229
UMLCloneNode,container-verification,container-verification_txokmiarot,,426439144
Move_Operation_Component,rebook,Route-plan,,253832739
Move_Component_New_Node,Seat,New-Node_ncszjjftpt,,527877386
UMLCloneNode,New-Node_ncszjjftpt,New-Node_ncszjjftpt_wzootjzlsc,,398734987
UMLCloneNode,container-seat,container-seat_kxuivlvzpk,,400221715
Move_Operation_Component,updateUser,Seat,,226589437
UMLCloneNode,container-rebook,container-rebook_imysbngbdu,,398100287
UMLCloneNode,container-ticket-info,container-ticket-info_ayacdmxgoz,,490861329
Move_Operation_Component,getByID,Ticket-info,,185070216
UMLCloneNode,container-verification,container-verification_xisxvfzewq,,418000862
Move_Operation_New_Component_New_Node,findAll,New-Component_pyadhwqafe,New-Node_gtqjkhreco,550197578
UMLCloneNode,container-admin-user,container-admin-user_ynajyjgazi,,416684083
Move_Operation_Component,updateUser,Sso,,248112833
Move_Operation_New_Component_New_Node,generate,New-Component_uajkndeebs,New-Node_hmejqrljix,532333141
Move_Operation_New_Component_New_Node,getByID,New-Component_mufzlynxqi,New-Node_dbjnjhgipu,592274063
Move_Component_New_Node,Rebook,New-Node_gcmuljbdyt,,452094539
UMLCloneNode,container-ticket-info,container-ticket-info_sloiuujqcw,,446589488
Move_Operation_Component,modify,Rebook,,206198773
Move_Component_New_Node,Login,New-Node_gcrffjiptf,,499984395
UMLCloneNode,continer-route-plan,continer-route-plan_vlopiedxsk,,368892051
Move_Operation_Component,findAll,Verification,,237170426
Move_Operation_New_Component_New_Node,rebook,New-Component_yhgoyszteo,New-Node_yknshzpqlq,552712243
Move_Operation_New_Component_New_Node,login,New-Component_mxmnlhpwdg,New-Node_osdikzjxhg,652531749
UMLCloneNode,container-station,container-station_khhqgjykcr,,424093807
Move_Operation_Component,verify,Sso,,223285852
Move_Operation_New_Component_New_Node,findAll,New-Component_vqhgkvcqsk,New-Node_cqusubhtsl,561397919
Move_Component_New_Node,Ticket-info,New-Node_kmmqxsmrij,,454925157
UMLCloneNode,continer-route-plan,continer-route-plan_tdnjcgbobq,,388077825
Move_Operation_Component,updateUser,Order-other,,197600551
Move_Component_New_Node,Admin-user,New-Node_jayvikkejy,,388392135
Move_Operation_New_Component_New_Node,login,New-Component_jwetyfetst,New-Node_hdupspmbdd,650905479
UMLCloneNode,container-login,container-login_xbxvoueokj,,324477462
Move_Operation_New_Component_New_Node,login,New-Component_ubzyqclulo,New-Node_lahbsmlrce,590224680
Move_Operation_New_Component_New_Node,modify,New-Component_nuepvlftnp,New-Node_uithqvuzue,486748477
Move_Operation_New_Component_New_Node,getByID,New-Component_dibdhgzvgs,New-Node_sbpwhblyfh,501865452
Move_Operation_New_Component_New_Node,findAll,New-Component_rbsgmuppko,New-Node_elamtypwtp,503204814
Move_Component_New_Node,Travel-plan,New-Node_ffwqmisgki,,448611198
UMLCloneNode,container-rebook,container-rebook_ycpnwbgdqv,,331253096
UMLCloneNode,container-order-other,container-order-other_pkzbduaikq,,399800977
Move_Operation_New_Component_New_Node,verify,New-Component_qezhyhijbr,New-Node_lzxrxuorzz,528366894
Move_Operation_Component,getByID,Route-plan,,198476123
Move_Component_New_Node,Admin-user,New-Node_rpkuoyqyat,,400512781
Move_Operation_New_Component_New_Node,login,New-Component_mscfjjlntq,New-Node_oshyogdprs,705401182
Move_Operation_New_Component_New_Node,findAll,New-Component_lfhrmkskkv,New-Node_lkuiojqxwc,596760966
UMLCloneNode,continer-route-plan,continer-route-plan_liuyudguvc,,357881606
UMLCloneNode,container-order-other,container-order-other_mvdturdlff,,323236524
Move_Operation_New_Component_New_Node,updateUser,New-Component_okfzunikfc,New-Node_cgdytjuxwi,549897304
Move_Operation_Component,generate,New-Component_okfzunikfc,,200621866
Move_Operation_New_Component_New_Node,modify,New-Component_xtusurgmjv,New-Node_txgiaxzyor,496316187
UMLCloneNode,container-order-other,container-order-other_ohanygoexo,,328908800
Move_Operation_New_Component_New_Node,rebook,New-Component_djiyrcstcw,New-Node_hfewzhwcud,501392495
Move_Component_New_Node,Station,New-Node_iysxjtovab,,388974957
Move_Operation_Component,getByID,Ticket-info,,319665238
UMLCloneNode,container-verification,container-verification_xisxvfzewq,,781052632
Move_Operation_New_Component_New_Node,findAll,New-Component_pyadhwqafe,New-Node_gtqjkhreco,616329338
UMLCloneNode,container-admin-user,container-admin-user_ynajyjgazi,,428447490
Move_Operation_New_Component_New_Node,modify,New-Component_xtusurgmjv,New-Node_txgiaxzyor,625342498
UMLCloneNode,container-order-other,container-order-other_ohanygoexo,,381687443
Move_Operation_New_Component_New_Node,rebook,New-Component_djiyrcstcw,New-Node_hfewzhwcud,611195662
Move_Component_New_Node,Station,New-Node_iysxjtovab,,472238611
UMLCloneNode,container-login,container-login_hjckivyirv,,480501073
UMLCloneNode,container-order-other,container-order-other_hoaespqaee,,399789575
Move_Operation_New_Component_New_Node,rebook,New-Component_vioswbvjsy,New-Node_xsyrtdqesb,673817210
Move_Operation_Component,findAll,Ticket-info,,236916550
UMLCloneNode,container-station,container-station_ymtfzjcdqa,,533618441
UMLCloneNode,container-verification,container-verification_xisxvfzewq,,380301003
Move_Operation_New_Component_New_Node,findAll,New-Component_pyadhwqafe,New-Node_gtqjkhreco,609869435
UMLCloneNode,container-admin-user,container-admin-user_ynajyjgazi,,410761498
Move_Operation_New_Component_New_Node,modify,New-Component_xtusurgmjv,New-Node_txgiaxzyor,658937430
UMLCloneNode,container-order-other,container-order-other_ohanygoexo,,417187617
Move_Operation_New_Component_New_Node,rebook,New-Component_djiyrcstcw,New-Node_hfewzhwcud,620254538
Move_Component_New_Node,Station,New-Node_iysxjtovab,,494203807
Move_Operation_New_Component_New_Node,modify,New-Component_xtusurgmjv,New-Node_txgiaxzyor,504668619
UMLCloneNode,container-order-other,container-order-other_ohanygoexo,,413945849
Move_Operation_New_Component_New_Node,rebook,New-Component_djiyrcstcw,New-Node_hfewzhwcud,610879459
Move_Component_New_Node,Station,New-Node_iysxjtovab,,559076596
Move_Operation_New_Component_New_Node,modify,New-Component_xtusurgmjv,New-Node_txgiaxzyor,669430796
UMLCloneNode,container-order-other,container-order-other_ohanygoexo,,479993291
Move_Operation_New_Component_New_Node,rebook,New-Component_djiyrcstcw,New-Node_hfewzhwcud,596826269
Move_Component_New_Node,Station,New-Node_iysxjtovab,,447375972
Move_Component_New_Node,Ticket-info,New-Node_zyqdhyiqnb,,413228965
UMLCloneNode,container-order-other,container-order-other_hoaespqaee,,380355435
Move_Operation_New_Component_New_Node,rebook,New-Component_vioswbvjsy,New-Node_xsyrtdqesb,631172650
Move_Operation_Component,findAll,Ticket-info,,257511146
UMLCloneNode,continer-route-plan,continer-route-plan_liuyudguvc,,407881468
UMLCloneNode,container-order-other,container-order-other_mvdturdlff,,751412275
Move_Operation_New_Component_New_Node,updateUser,New-Component_okfzunikfc,New-Node_cgdytjuxwi,669435084
Move_Operation_Component,generate,New-Component_okfzunikfc,,269960410
Move_Component_New_Node,Ticket-info,New-Node_zyqdhyiqnb,,613387421
UMLCloneNode,container-order-other,container-order-other_hoaespqaee,,443451734
Move_Operation_New_Component_New_Node,rebook,New-Component_vioswbvjsy,New-Node_xsyrtdqesb,686093289
Move_Operation_Component,findAll,Ticket-info,,234364004
Move_Operation_New_Component_New_Node,login,New-Component_ubzyqclulo,New-Node_lahbsmlrce,720508629
Move_Operation_New_Component_New_Node,modify,New-Component_nuepvlftnp,New-Node_uithqvuzue,698760059
Move_Operation_New_Component_New_Node,getByID,New-Component_dibdhgzvgs,New-Node_sbpwhblyfh,725340128
Move_Operation_New_Component_New_Node,findAll,New-Component_rbsgmuppko,New-Node_elamtypwtp,627946861
UMLCloneNode,container-station,container-station_ymtfzjcdqa,,517610806
UMLCloneNode,container-verification,container-verification_xisxvfzewq,,412808787
Move_Operation_New_Component_New_Node,findAll,New-Component_pyadhwqafe,New-Node_gtqjkhreco,655642211
UMLCloneNode,container-admin-user,container-admin-user_ynajyjgazi,,414104086
Move_Operation_New_Component_New_Node,login,New-Component_ubzyqclulo,New-Node_lahbsmlrce,771688604
Move_Operation_New_Component_New_Node,modify,New-Component_nuepvlftnp,New-Node_uithqvuzue,672708872
Move_Operation_New_Component_New_Node,getByID,New-Component_dibdhgzvgs,New-Node_sbpwhblyfh,604735699
Move_Operation_New_Component_New_Node,findAll,New-Component_rbsgmuppko,New-Node_elamtypwtp,581388142
UMLCloneNode,continer-route-plan,continer-route-plan_liuyudguvc,,427118247
UMLCloneNode,container-order-other,container-order-other_mvdturdlff,,374946052
Move_Operation_New_Component_New_Node,updateUser,New-Component_okfzunikfc,New-Node_cgdytjuxwi,524184351
Move_Operation_Component,generate,New-Component_okfzunikfc,,210386234
Move_Operation_New_Component_New_Node,login,New-Component_ubzyqclulo,New-Node_lahbsmlrce,652536619
Move_Operation_New_Component_New_Node,modify,New-Component_nuepvlftnp,New-Node_uithqvuzue,584196217
Move_Operation_New_Component_New_Node,getByID,New-Component_dibdhgzvgs,New-Node_sbpwhblyfh,545419748
Move_Operation_New_Component_New_Node,findAll,New-Component_rbsgmuppko,New-Node_elamtypwtp,537653968
Move_Component_New_Node,Ticket-info,New-Node_yofuaaqhyw,,436731433
UMLCloneNode,container-verification,container-verification_xisxvfzewq,,431190674
Move_Operation_New_Component_New_Node,findAll,New-Component_pyadhwqafe,New-Node_gtqjkhreco,576609251
UMLCloneNode,container-admin-user,container-admin-user_ynajyjgazi,,414660929
UMLCloneNode,container-travel-plan,container-travel-plan_sqkohqlmlu,,484689226
UMLCloneNode,container-order-other,container-order-other_mvdturdlff,,498235205
Move_Operation_New_Component_New_Node,updateUser,New-Component_okfzunikfc,New-Node_cgdytjuxwi,641395098
Move_Operation_Component,generate,New-Component_okfzunikfc,,224038002
UMLCloneNode,container-station,container-station_ymtfzjcdqa,,458853673
UMLCloneNode,container-verification,container-verification_xisxvfzewq,,401704757
Move_Operation_New_Component_New_Node,findAll,New-Component_pyadhwqafe,New-Node_gtqjkhreco,618861175
UMLCloneNode,container-admin-user,container-admin-user_ynajyjgazi,,441288327
UMLCloneNode,container-station,container-station_ymtfzjcdqa,,506621770
UMLCloneNode,container-verification,container-verification_xisxvfzewq,,530523547
Move_Operation_New_Component_New_Node,findAll,New-Component_pyadhwqafe,New-Node_gtqjkhreco,582647011
UMLCloneNode,container-admin-user,container-admin-user_ynajyjgazi,,414155863
Move_Operation_New_Component_New_Node,modify,New-Component_eqqgddzdwj,New-Node_sngqpneghd,661972792
UMLCloneNode,container-order-other,container-order-other_hoaespqaee,,494064486
Move_Operation_New_Component_New_Node,rebook,New-Component_vioswbvjsy,New-Node_xsyrtdqesb,690293694
Move_Operation_Component,findAll,Ticket-info,,249777505
UMLCloneNode,container-admin-user,container-admin-user_txwzvsspla,,467166700
UMLCloneNode,container-verification,container-verification_xisxvfzewq,,445899884
Move_Operation_New_Component_New_Node,findAll,New-Component_pyadhwqafe,New-Node_gtqjkhreco,622920346
UMLCloneNode,container-admin-user,container-admin-user_ynajyjgazi,,543234031
UMLCloneNode,container-station,container-station_ymtfzjcdqa,,402166752
UMLCloneNode,container-verification,container-verification_xisxvfzewq,,359781388
Move_Operation_New_Component_New_Node,findAll,New-Component_pyadhwqafe,New-Node_gtqjkhreco,550655927
UMLCloneNode,container-admin-user,container-admin-user_ynajyjgazi,,446531458
Move_Component_New_Node,Admin-user,New-Node_nyyfwjmpqp,,608239519
Move_Operation_New_Component_New_Node,modify,New-Component_nuepvlftnp,New-Node_uithqvuzue,700002779
Move_Operation_New_Component_New_Node,getByID,New-Component_dibdhgzvgs,New-Node_sbpwhblyfh,672023928
Move_Operation_New_Component_New_Node,findAll,New-Component_rbsgmuppko,New-Node_elamtypwtp,739871896
Move_Operation_Component,getByID,Ticket-info,,382440434
UMLCloneNode,container-verification,container-verification_xisxvfzewq,,450367671
Move_Operation_New_Component_New_Node,findAll,New-Component_pyadhwqafe,New-Node_gtqjkhreco,617007038
UMLCloneNode,container-admin-user,container-admin-user_ynajyjgazi,,460599737
Move_Component_New_Node,Admin-user,New-Node_nyyfwjmpqp,,533401875
Move_Operation_New_Component_New_Node,modify,New-Component_nuepvlftnp,New-Node_uithqvuzue,634342323
Move_Operation_New_Component_New_Node,getByID,New-Component_dibdhgzvgs,New-Node_sbpwhblyfh,890425492
Move_Operation_New_Component_New_Node,findAll,New-Component_rbsgmuppko,New-Node_elamtypwtp,715189366
Move_Operation_New_Component_New_Node,modify,New-Component_xtusurgmjv,New-Node_txgiaxzyor,743066466
UMLCloneNode,container-order-other,container-order-other_ohanygoexo,,444077106
Move_Operation_New_Component_New_Node,rebook,New-Component_djiyrcstcw,New-Node_hfewzhwcud,647786431
Move_Component_New_Node,Station,New-Node_iysxjtovab,,435845241
Move_Component_New_Node,Ticket-info,New-Node_zyqdhyiqnb,,597341174
UMLCloneNode,container-order-other,container-order-other_hoaespqaee,,376552233
Move_Operation_New_Component_New_Node,rebook,New-Component_vioswbvjsy,New-Node_xsyrtdqesb,742814314
Move_Operation_Component,findAll,Ticket-info,,250231686
UMLCloneNode,container-admin-user,container-admin-user_txwzvsspla,,464452160
UMLCloneNode,container-verification,container-verification_xisxvfzewq,,448623802
Move_Operation_New_Component_New_Node,findAll,New-Component_pyadhwqafe,New-Node_gtqjkhreco,756257250
UMLCloneNode,container-admin-user,container-admin-user_ynajyjgazi,,436979959
Move_Component_New_Node,Login,New-Node_ckdsudprna,,595753627
UMLCloneNode,container-order-other,container-order-other_hoaespqaee,,554466322
Move_Operation_New_Component_New_Node,rebook,New-Component_vioswbvjsy,New-Node_xsyrtdqesb,719808796
Move_Operation_Component,findAll,Ticket-info,,262540176
Move_Operation_New_Component_New_Node,modify,New-Component_eqqgddzdwj,New-Node_sngqpneghd,762377365
UMLCloneNode,container-order-other,container-order-other_hoaespqaee,,497590877
Move_Operation_New_Component_New_Node,rebook,New-Component_vioswbvjsy,New-Node_xsyrtdqesb,780637003
Move_Operation_Component,findAll,Ticket-info,,289792345
Move_Operation_New_Component_New_Node,modify,New-Component_pounyrmwwq,New-Node_zhhcoqlial,717731862
Move_Operation_New_Component_New_Node,modify,New-Component_nuepvlftnp,New-Node_uithqvuzue,675287117
Move_Operation_New_Component_New_Node,getByID,New-Component_dibdhgzvgs,New-Node_sbpwhblyfh,756928438
Move_Operation_New_Component_New_Node,findAll,New-Component_rbsgmuppko,New-Node_elamtypwtp,706511103
UMLCloneNode,container-station,container-station_ymtfzjcdqa,,549437682
UMLCloneNode,container-verification,container-verification_xisxvfzewq,,566718425
Move_Operation_New_Component_New_Node,findAll,New-Component_pyadhwqafe,New-Node_gtqjkhreco,705159298
UMLCloneNode,container-admin-user,container-admin-user_ynajyjgazi,,470445558
UMLCloneNode,container-admin-user,container-admin-user_txwzvsspla,,429244064
UMLCloneNode,container-verification,container-verification_xisxvfzewq,,501838031
Move_Operation_New_Component_New_Node,findAll,New-Component_pyadhwqafe,New-Node_gtqjkhreco,570798816
UMLCloneNode,container-admin-user,container-admin-user_ynajyjgazi,,474382440
UMLCloneNode,container-admin-user,container-admin-user_txwzvsspla,,470499119
UMLCloneNode,container-verification,container-verification_xisxvfzewq,,394589515
Move_Operation_New_Component_New_Node,findAll,New-Component_pyadhwqafe,New-Node_gtqjkhreco,474441371
UMLCloneNode,container-admin-user,container-admin-user_ynajyjgazi,,590552845
UMLCloneNode,container-seat,container-seat_lhwalnpgsl,,429289179
UMLCloneNode,container-order-other,container-order-other_mvdturdlff,,379900873
Move_Operation_New_Component_New_Node,updateUser,New-Component_okfzunikfc,New-Node_cgdytjuxwi,605886607
Move_Operation_Component,generate,New-Component_okfzunikfc,,235295761
Move_Operation_New_Component_New_Node,modify,New-Component_pounyrmwwq,New-Node_zhhcoqlial,740624477
Move_Operation_New_Component_New_Node,modify,New-Component_nuepvlftnp,New-Node_uithqvuzue,663473125
Move_Operation_New_Component_New_Node,getByID,New-Component_dibdhgzvgs,New-Node_sbpwhblyfh,512223364
Move_Operation_New_Component_New_Node,findAll,New-Component_rbsgmuppko,New-Node_elamtypwtp,582560289
UMLCloneNode,container-station,container-station_ymtfzjcdqa,,584016560
UMLCloneNode,container-verification,container-verification_xisxvfzewq,,508728000
Move_Operation_New_Component_New_Node,findAll,New-Component_pyadhwqafe,New-Node_gtqjkhreco,649434582
UMLCloneNode,container-admin-user,container-admin-user_ynajyjgazi,,405602043
Move_Component_New_Node,Ticket-info,New-Node_zyqdhyiqnb,,567142921
UMLCloneNode,container-order-other,container-order-other_hoaespqaee,,472311087
Move_Operation_New_Component_New_Node,rebook,New-Component_vioswbvjsy,New-Node_xsyrtdqesb,815358397
Move_Operation_Component,findAll,Ticket-info,,294164763
Move_Operation_New_Component_New_Node,modify,New-Component_pounyrmwwq,New-Node_zhhcoqlial,721328216
Move_Operation_New_Component_New_Node,modify,New-Component_nuepvlftnp,New-Node_uithqvuzue,672573088
Move_Operation_New_Component_New_Node,getByID,New-Component_dibdhgzvgs,New-Node_sbpwhblyfh,715614622
Move_Operation_New_Component_New_Node,findAll,New-Component_rbsgmuppko,New-Node_elamtypwtp,575428576
UMLCloneNode,container-ticket-info,container-ticket-info_otpfudbdnm,,505806311
Move_Operation_New_Component_New_Node,modify,New-Component_nuepvlftnp,New-Node_uithqvuzue,679864730
Move_Operation_New_Component_New_Node,getByID,New-Component_dibdhgzvgs,New-Node_sbpwhblyfh,669657411
Move_Operation_New_Component_New_Node,findAll,New-Component_rbsgmuppko,New-Node_elamtypwtp,658203193
UMLCloneNode,container-station,container-station_ymtfzjcdqa,,486899690
UMLCloneNode,container-verification,container-verification_xisxvfzewq,,473364592
Move_Operation_New_Component_New_Node,findAll,New-Component_pyadhwqafe,New-Node_gtqjkhreco,648081305
UMLCloneNode,container-admin-user,container-admin-user_ynajyjgazi,,535990348
UMLCloneNode,container-admin-user,container-admin-user_txwzvsspla,,616316193
UMLCloneNode,container-verification,container-verification_xisxvfzewq,,414146415
Move_Operation_New_Component_New_Node,findAll,New-Component_pyadhwqafe,New-Node_gtqjkhreco,687038862
UMLCloneNode,container-admin-user,container-admin-user_ynajyjgazi,,526677346
UMLCloneNode,container-seat,container-seat_lhwalnpgsl,,502350682
UMLCloneNode,container-order-other,container-order-other_mvdturdlff,,556231812
Move_Operation_New_Component_New_Node,updateUser,New-Component_okfzunikfc,New-Node_cgdytjuxwi,789298754
Move_Operation_Component,generate,New-Component_okfzunikfc,,301241382
Move_Operation_New_Component_New_Node,modify,New-Component_pounyrmwwq,New-Node_zhhcoqlial,706713071
Move_Operation_New_Component_New_Node,modify,New-Component_nuepvlftnp,New-Node_uithqvuzue,660888679
Move_Operation_New_Component_New_Node,getByID,New-Component_dibdhgzvgs,New-Node_sbpwhblyfh,586255378
Move_Operation_New_Component_New_Node,findAll,New-Component_rbsgmuppko,New-Node_elamtypwtp,632155282
UMLCloneNode,container-seat,container-seat_lhwalnpgsl,,542548055
UMLCloneNode,container-order-other,container-order-other_mvdturdlff,,492865046
Move_Operation_New_Component_New_Node,updateUser,New-Component_okfzunikfc,New-Node_cgdytjuxwi,681755205
Move_Operation_Component,generate,New-Component_okfzunikfc,,304150076
Move_Operation_Component,getByID,Ticket-info,,301005510
UMLCloneNode,container-verification,container-verification_xisxvfzewq,,463647102
Move_Operation_New_Component_New_Node,findAll,New-Component_pyadhwqafe,New-Node_gtqjkhreco,662719471
UMLCloneNode,container-admin-user,container-admin-user_ynajyjgazi,,466648559
UMLCloneNode,container-station,container-station_ymtfzjcdqa,,619040361
UMLCloneNode,container-verification,container-verification_xisxvfzewq,,533884520
Move_Operation_New_Component_New_Node,findAll,New-Component_pyadhwqafe,New-Node_gtqjkhreco,770340877
Move_Operation_Component,generate,Station,,277995976
Move_Operation_Component,getByID,Ticket-info,,289463989
UMLCloneNode,container-verification,container-verification_xisxvfzewq,,517853471
Move_Operation_New_Component_New_Node,findAll,New-Component_pyadhwqafe,New-Node_gtqjkhreco,569809861
UMLCloneNode,container-admin-user,container-admin-user_ynajyjgazi,,470967347
UMLCloneNode,container-admin-user,container-admin-user_txwzvsspla,,570311823
UMLCloneNode,container-verification,container-verification_xisxvfzewq,,509005821
Move_Operation_New_Component_New_Node,verify,New-Component_fcfzgdqmhs,New-Node_lhrnqmaqle,673503883
UMLCloneNode,container-admin-user,container-admin-user_ynajyjgazi,,484178018
UMLCloneNode,container-station,container-station_ymtfzjcdqa,,606661730
UMLCloneNode,container-verification,container-verification_xisxvfzewq,,420527029
Move_Operation_New_Component_New_Node,generate,New-Component_biceidsvqk,New-Node_nsyvdzaswr,703413625
UMLCloneNode,container-admin-user,container-admin-user_ynajyjgazi,,533987954
Move_Component_New_Node,Ticket-info,New-Node_zyqdhyiqnb,,474472750
UMLCloneNode,container-order-other,container-order-other_hoaespqaee,,389572408
Move_Operation_New_Component_New_Node,rebook,New-Component_vioswbvjsy,New-Node_xsyrtdqesb,598724378
Move_Operation_Component,findAll,Ticket-info,,227920993
Move_Component_New_Node,Ticket-info,New-Node_zyqdhyiqnb,,591208656
UMLCloneNode,container-order-other,container-order-other_hoaespqaee,,464664910
Move_Operation_New_Component_New_Node,rebook,New-Component_vioswbvjsy,New-Node_xsyrtdqesb,676090594
Move_Operation_Component,findAll,Ticket-info,,271844061
UMLCloneNode,container-station,container-station_ymtfzjcdqa,,517288571
UMLCloneNode,container-verification,container-verification_xisxvfzewq,,493530174
Move_Operation_New_Component_New_Node,findAll,New-Component_pyadhwqafe,New-Node_gtqjkhreco,650208082
UMLCloneNode,container-admin-user,container-admin-user_ynajyjgazi,,461443429
UMLCloneNode,container-admin-user,container-admin-user_txwzvsspla,,492636428
UMLCloneNode,container-verification,container-verification_xisxvfzewq,,473098372
Move_Operation_New_Component_New_Node,findAll,New-Component_pyadhwqafe,New-Node_gtqjkhreco,671207437
UMLCloneNode,container-admin-user,container-admin-user_ynajyjgazi,,525263856
UMLCloneNode,New-Node_hkdqajdcvh,New-Node_hkdqajdcvh_gfiuewtklw,,419592567
UMLCloneNode,container-verification,container-verification_xisxvfzewq,,458761781
Move_Operation_New_Component_New_Node,findAll,New-Component_pyadhwqafe,New-Node_gtqjkhreco,720062062
UMLCloneNode,container-admin-user,container-admin-user_ynajyjgazi,,478861208
UMLCloneNode,container-admin-user,container-admin-user_txwzvsspla,,485704851
UMLCloneNode,container-verification,container-verification_xisxvfzewq,,470552108
Move_Operation_New_Component_New_Node,findAll,New-Component_pyadhwqafe,New-Node_gtqjkhreco,629219999
UMLCloneNode,container-admin-user,container-admin-user_ynajyjgazi,,466449205
Move_Component_New_Node,Admin-user,New-Node_nyyfwjmpqp,,638544673
Move_Operation_New_Component_New_Node,modify,New-Component_nuepvlftnp,New-Node_uithqvuzue,751735651
Move_Operation_New_Component_New_Node,getByID,New-Component_dibdhgzvgs,New-Node_sbpwhblyfh,711050995
Move_Operation_New_Component_New_Node,findAll,New-Component_rbsgmuppko,New-Node_elamtypwtp,701400560
Move_Operation_New_Component_New_Node,modify,New-Component_pounyrmwwq,New-Node_zhhcoqlial,671517949
Move_Operation_New_Component_New_Node,modify,New-Component_nuepvlftnp,New-Node_uithqvuzue,649651028
Move_Operation_New_Component_New_Node,getByID,New-Component_dibdhgzvgs,New-Node_sbpwhblyfh,650121951
Move_Operation_New_Component_New_Node,findAll,New-Component_rbsgmuppko,New-Node_elamtypwtp,650542429
UMLCloneNode,container-seat,container-seat_lhwalnpgsl,,496581615
UMLCloneNode,container-order-other,container-order-other_mvdturdlff,,464875754
Move_Operation_New_Component_New_Node,updateUser,New-Component_okfzunikfc,New-Node_cgdytjuxwi,692869264
Move_Operation_Component,generate,New-Component_okfzunikfc,,287548087
UMLCloneNode,container-seat,container-seat_lhwalnpgsl,,501740298
UMLCloneNode,container-order-other,container-order-other_mvdturdlff,,506075747
Move_Operation_New_Component_New_Node,updateUser,New-Component_okfzunikfc,New-Node_cgdytjuxwi,745345289
Move_Operation_Component,generate,New-Component_okfzunikfc,,284918867
Move_Operation_New_Component_New_Node,modify,New-Component_eqqgddzdwj,New-Node_sngqpneghd,766266677
UMLCloneNode,container-order-other,container-order-other_hoaespqaee,,515026991
Move_Operation_New_Component_New_Node,rebook,New-Component_vioswbvjsy,New-Node_xsyrtdqesb,914420042
Move_Operation_Component,findAll,Ticket-info,,347914086
Move_Component_New_Node,Admin-user,New-Node_nyyfwjmpqp,,591335062
Move_Operation_New_Component_New_Node,modify,New-Component_nuepvlftnp,New-Node_uithqvuzue,687516507
Move_Operation_New_Component_New_Node,getByID,New-Component_dibdhgzvgs,New-Node_sbpwhblyfh,698543263
Move_Operation_New_Component_New_Node,findAll,New-Component_rbsgmuppko,New-Node_elamtypwtp,608347011
Move_Operation_New_Component_New_Node,modify,New-Component_pounyrmwwq,New-Node_zhhcoqlial,690943172
Move_Operation_New_Component_New_Node,modify,New-Component_nuepvlftnp,New-Node_uithqvuzue,654502194
Move_Operation_New_Component_New_Node,getByID,New-Component_dibdhgzvgs,New-Node_sbpwhblyfh,651964225
Move_Operation_New_Component_New_Node,findAll,New-Component_rbsgmuppko,New-Node_elamtypwtp,657691263
Move_Component_New_Node,Ticket-info,New-Node_zyqdhyiqnb,,598414857
UMLCloneNode,container-order-other,container-order-other_hoaespqaee,,467231862
Move_Operation_New_Component_New_Node,rebook,New-Component_vioswbvjsy,New-Node_xsyrtdqesb,696048455
Move_Operation_Component,findAll,Ticket-info,,301237956
Move_Component_New_Node,Order-other,New-Node_oxlpfxbayy,,591863002
UMLCloneNode,container-verification,container-verification_xisxvfzewq,,1138630168
Move_Operation_New_Component_New_Node,findAll,New-Component_pyadhwqafe,New-Node_gtqjkhreco,1123314610
UMLCloneNode,container-admin-user,container-admin-user_ynajyjgazi,,488247809
UMLCloneNode,container-admin-user,container-admin-user_txwzvsspla,,499702667
UMLCloneNode,container-verification,container-verification_xisxvfzewq,,455503702
Move_Operation_New_Component_New_Node,findAll,New-Component_pyadhwqafe,New-Node_gtqjkhreco,627584622
UMLCloneNode,container-admin-user,container-admin-user_ynajyjgazi,,475966491
UMLCloneNode,New-Node_hkdqajdcvh,New-Node_hkdqajdcvh_gfiuewtklw,,249331779
UMLCloneNode,container-verification,container-verification_xisxvfzewq,,477786904
Move_Operation_New_Component_New_Node,findAll,New-Component_pyadhwqafe,New-Node_gtqjkhreco,659000449
UMLCloneNode,container-admin-user,container-admin-user_ynajyjgazi,,486802428
Move_Component_New_Node,Ticket-info,New-Node_zyqdhyiqnb,,452464233
UMLCloneNode,container-order-other,container-order-other_hoaespqaee,,399955236
Move_Operation_New_Component_New_Node,rebook,New-Component_vioswbvjsy,New-Node_xsyrtdqesb,751248978
Move_Operation_Component,findAll,Ticket-info,,283332082
UMLCloneNode,container-admin-user,container-admin-user_txwzvsspla,,554092530
UMLCloneNode,container-verification,container-verification_xisxvfzewq,,515249007
Move_Operation_New_Component_New_Node,findAll,New-Component_pyadhwqafe,New-Node_gtqjkhreco,673415297
UMLCloneNode,container-admin-user,container-admin-user_ynajyjgazi,,411020022
Move_Component_New_Node,Admin-user,New-Node_nyyfwjmpqp,,623338470
Move_Operation_New_Component_New_Node,modify,New-Component_nuepvlftnp,New-Node_uithqvuzue,714206241
Move_Operation_New_Component_New_Node,getByID,New-Component_dibdhgzvgs,New-Node_sbpwhblyfh,674573999
Move_Operation_New_Component_New_Node,findAll,New-Component_rbsgmuppko,New-Node_elamtypwtp,706016606
UMLCloneNode,New-Node_hkdqajdcvh,New-Node_hkdqajdcvh_gfiuewtklw,,222848692
UMLCloneNode,container-verification,container-verification_xisxvfzewq,,486468102
Move_Operation_New_Component_New_Node,findAll,New-Component_pyadhwqafe,New-Node_gtqjkhreco,671203460
UMLCloneNode,container-admin-user,container-admin-user_ynajyjgazi,,509834815
Move_Component_New_Node,Admin-user,New-Node_nyyfwjmpqp,,592517349
Move_Operation_New_Component_New_Node,modify,New-Component_nuepvlftnp,New-Node_uithqvuzue,680923525
Move_Operation_New_Component_New_Node,getByID,New-Component_dibdhgzvgs,New-Node_sbpwhblyfh,682478480
Move_Operation_New_Component_New_Node,findAll,New-Component_rbsgmuppko,New-Node_elamtypwtp,563306207
Move_Operation_Component,getByID,Station,,277000750
Move_Operation_New_Component_New_Node,modify,New-Component_nuepvlftnp,New-Node_uithqvuzue,1009941309
Move_Operation_New_Component_New_Node,getByID,New-Component_dibdhgzvgs,New-Node_sbpwhblyfh,589978959
Move_Operation_New_Component_New_Node,findAll,New-Component_rbsgmuppko,New-Node_elamtypwtp,676620557
Move_Operation_New_Component_New_Node,getByID,New-Component_rcccdkszus,New-Node_lzxixbpprg,750946942
UMLCloneNode,container-order-other,container-order-other_hoaespqaee,,415396999
Move_Operation_New_Component_New_Node,rebook,New-Component_vioswbvjsy,New-Node_xsyrtdqesb,696314885
Move_Operation_Component,findAll,Ticket-info,,279761025
UMLCloneNode,container-sso,container-sso_ozplolrlxf,,553768413
Move_Operation_New_Component_New_Node,modify,New-Component_nuepvlftnp,New-Node_uithqvuzue,648086043
Move_Operation_New_Component_New_Node,getByID,New-Component_dibdhgzvgs,New-Node_sbpwhblyfh,690593156
Move_Operation_New_Component_New_Node,findAll,New-Component_rbsgmuppko,New-Node_elamtypwtp,666313681
Move_Component_New_Node,Ticket-info,New-Node_zyqdhyiqnb,,550287516
UMLCloneNode,container-order-other,container-order-other_hoaespqaee,,468489601
Move_Operation_New_Component_New_Node,rebook,New-Component_vioswbvjsy,New-Node_xsyrtdqesb,686391408
Move_Operation_Component,findAll,Ticket-info,,306243993
UMLCloneNode,container-seat,container-seat_lhwalnpgsl,,579098548
UMLCloneNode,container-order-other,container-order-other_mvdturdlff,,465713426
Move_Operation_New_Component_New_Node,updateUser,New-Component_okfzunikfc,New-Node_cgdytjuxwi,732108860
Move_Operation_Component,generate,New-Component_okfzunikfc,,305897763
Move_Component_New_Node,Order-other,New-Node_oxlpfxbayy,,602075010
UMLCloneNode,container-verification,container-verification_xisxvfzewq,,467668652
Move_Operation_New_Component_New_Node,rebook,New-Component_vqtbqyakcz,New-Node_xndpoejxqw,705420047
UMLCloneNode,container-admin-user,container-admin-user_ynajyjgazi,,459687877
UMLCloneNode,container-seat,container-seat_lhwalnpgsl,,599026815
UMLCloneNode,container-order-other,container-order-other_mvdturdlff,,502001587
Move_Operation_New_Component_New_Node,updateUser,New-Component_okfzunikfc,New-Node_cgdytjuxwi,696906484
Move_Operation_Component,generate,New-Component_okfzunikfc,,263554788
Move_Component_New_Node,Ticket-info,New-Node_zyqdhyiqnb,,611497047
UMLCloneNode,container-order-other,container-order-other_hoaespqaee,,462375577
Move_Operation_New_Component_New_Node,rebook,New-Component_vioswbvjsy,New-Node_xsyrtdqesb,732239145
Move_Operation_Component,findAll,Ticket-info,,325965562
Move_Operation_New_Component_New_Node,rebook,New-Component_sxovtqyhtq,New-Node_ykegnttmqm,678883039
Move_Operation_New_Component_New_Node,modify,New-Component_nuepvlftnp,New-Node_uithqvuzue,756038950
Move_Operation_New_Component_New_Node,getByID,New-Component_dibdhgzvgs,New-Node_sbpwhblyfh,925578555
Move_Operation_New_Component_New_Node,findAll,New-Component_rbsgmuppko,New-Node_elamtypwtp,593156407
Move_Component_New_Node,Admin-user,New-Node_nyyfwjmpqp,,607056892
Move_Operation_New_Component_New_Node,modify,New-Component_nuepvlftnp,New-Node_uithqvuzue,640252255
Move_Operation_New_Component_New_Node,getByID,New-Component_dibdhgzvgs,New-Node_sbpwhblyfh,679019324
Move_Operation_New_Component_New_Node,findAll,New-Component_rbsgmuppko,New-Node_elamtypwtp,648744448
Move_Operation_New_Component_New_Node,login,New-Component_vbkdvezntq,New-Node_fnoxdaftaz,760503672
UMLCloneNode,container-order-other,container-order-other_hoaespqaee,,497551854
Move_Operation_New_Component_New_Node,rebook,New-Component_vioswbvjsy,New-Node_xsyrtdqesb,731049474
Move_Operation_Component,findAll,Ticket-info,,278554393
UMLCloneNode,New-Node_hkdqajdcvh,New-Node_hkdqajdcvh_gfiuewtklw,,316973651
UMLCloneNode,container-verification,container-verification_xisxvfzewq,,494801687
Move_Operation_New_Component_New_Node,findAll,New-Component_pyadhwqafe,New-Node_gtqjkhreco,718518527
UMLCloneNode,container-admin-user,container-admin-user_ynajyjgazi,,464220727
Move_Component_New_Node,Order-other,New-Node_oxlpfxbayy,,482045028
UMLCloneNode,container-verification,container-verification_xisxvfzewq,,396388698
Move_Operation_New_Component_New_Node,rebook,New-Component_vqtbqyakcz,New-Node_xndpoejxqw,753849515
UMLCloneNode,container-admin-user,container-admin-user_ynajyjgazi,,519753724
Move_Operation_New_Component_New_Node,modify,New-Component_pounyrmwwq,New-Node_zhhcoqlial,781895553
Move_Operation_New_Component_New_Node,modify,New-Component_nuepvlftnp,New-Node_uithqvuzue,878960935
Move_Operation_New_Component_New_Node,getByID,New-Component_dibdhgzvgs,New-Node_sbpwhblyfh,761385325
Move_Operation_New_Component_New_Node,findAll,New-Component_rbsgmuppko,New-Node_elamtypwtp,650011664
Move_Operation_New_Component_New_Node,login,New-Component_ubzyqclulo,New-Node_lahbsmlrce,888876437
Move_Operation_New_Component_New_Node,modify,New-Component_nuepvlftnp,New-Node_uithqvuzue,848241654
Move_Operation_New_Component_New_Node,getByID,New-Component_dibdhgzvgs,New-Node_sbpwhblyfh,863593871
Move_Operation_New_Component_New_Node,findAll,New-Component_rbsgmuppko,New-Node_elamtypwtp,833582589
Move_Operation_New_Component_New_Node,login,New-Component_ubzyqclulo,New-Node_lahbsmlrce,732392803
Move_Operation_New_Component_New_Node,modify,New-Component_nuepvlftnp,New-Node_uithqvuzue,663761295
Move_Operation_New_Component_New_Node,getByID,New-Component_dibdhgzvgs,New-Node_sbpwhblyfh,633465348
Move_Operation_New_Component_New_Node,findAll,New-Component_rbsgmuppko,New-Node_elamtypwtp,689101980
Move_Operation_New_Component_New_Node,rebook,New-Component_sxovtqyhtq,New-Node_ykegnttmqm,1395120699
Move_Operation_New_Component_New_Node,modify,New-Component_nuepvlftnp,New-Node_uithqvuzue,963772902
Move_Operation_New_Component_New_Node,getByID,New-Component_dibdhgzvgs,New-Node_sbpwhblyfh,674079181
Move_Operation_New_Component_New_Node,findAll,New-Component_rbsgmuppko,New-Node_elamtypwtp,624630984
Move_Component_New_Node,Station,New-Node_vufozvxrvo,,573171926
Move_Operation_New_Component_New_Node,modify,New-Component_nuepvlftnp,New-Node_uithqvuzue,625537173
Move_Operation_New_Component_New_Node,getByID,New-Component_dibdhgzvgs,New-Node_sbpwhblyfh,810402204
Move_Operation_New_Component_New_Node,findAll,New-Component_rbsgmuppko,New-Node_elamtypwtp,773475014
UMLCloneNode,container-order-other,container-order-other_dwsscreydy,,520431514
UMLCloneNode,container-verification,container-verification_xisxvfzewq,,471363169
Move_Operation_New_Component_New_Node,rebook,New-Component_vqtbqyakcz,New-Node_xndpoejxqw,749110298
UMLCloneNode,container-admin-user,container-admin-user_ynajyjgazi,,463721300
Move_Operation_New_Component_New_Node,rebook,New-Component_sxovtqyhtq,New-Node_ykegnttmqm,805045519
Move_Operation_New_Component_New_Node,modify,New-Component_nuepvlftnp,New-Node_uithqvuzue,618204153
Move_Operation_New_Component_New_Node,getByID,New-Component_dibdhgzvgs,New-Node_sbpwhblyfh,739705805
Move_Operation_New_Component_New_Node,findAll,New-Component_rbsgmuppko,New-Node_elamtypwtp,635615731
Move_Component_New_Node,Admin-user,New-Node_fgszzguoye,,488834730
UMLCloneNode,container-verification,container-verification_xisxvfzewq,,452437513
Move_Operation_New_Component_New_Node,findAll,New-Component_pyadhwqafe,New-Node_gtqjkhreco,685970869
UMLCloneNode,container-admin-user,container-admin-user_ynajyjgazi,,523422653
Move_Operation_New_Component_New_Node,rebook,New-Component_sxovtqyhtq,New-Node_ykegnttmqm,779086455
Move_Operation_New_Component_New_Node,modify,New-Component_nuepvlftnp,New-Node_uithqvuzue,705373340
Move_Operation_New_Component_New_Node,getByID,New-Component_dibdhgzvgs,New-Node_sbpwhblyfh,664248819
Move_Operation_New_Component_New_Node,findAll,New-Component_rbsgmuppko,New-Node_elamtypwtp,694358396
UMLCloneNode,container-admin-user,container-admin-user_txwzvsspla,,537823927
UMLCloneNode,container-verification,container-verification_xisxvfzewq,,428592632
Move_Operation_New_Component_New_Node,findAll,New-Component_pyadhwqafe,New-Node_gtqjkhreco,670845559
UMLCloneNode,container-admin-user,container-admin-user_ynajyjgazi,,481168544
Move_Operation_New_Component_New_Node,rebook,New-Component_sxovtqyhtq,New-Node_ykegnttmqm,733600216
Move_Operation_New_Component_New_Node,modify,New-Component_nuepvlftnp,New-Node_uithqvuzue,734123869
Move_Operation_New_Component_New_Node,getByID,New-Component_dibdhgzvgs,New-Node_sbpwhblyfh,750133547
Move_Operation_New_Component_New_Node,findAll,New-Component_rbsgmuppko,New-Node_elamtypwtp,695416580
UMLCloneNode,container-order-other,container-order-other_dwsscreydy,,470347565
UMLCloneNode,container-verification,container-verification_xisxvfzewq,,558840954
Move_Operation_New_Component_New_Node,getByID,New-Component_qblcnzqiqx,New-Node_urvkemmxka,840727485
UMLCloneNode,container-admin-user,container-admin-user_ynajyjgazi,,535626776
UMLCloneNode,New-Node_hkdqajdcvh,New-Node_hkdqajdcvh_gfiuewtklw,,298598688
UMLCloneNode,container-verification,container-verification_xisxvfzewq,,455696924
Move_Operation_New_Component_New_Node,findAll,New-Component_pyadhwqafe,New-Node_gtqjkhreco,675643164
UMLCloneNode,container-admin-user,container-admin-user_ynajyjgazi,,485734567
UMLCloneNode,container-admin-user,container-admin-user_txwzvsspla,,485718346
UMLCloneNode,container-verification,container-verification_xisxvfzewq,,458726825
Move_Operation_New_Component_New_Node,findAll,New-Component_pyadhwqafe,New-Node_gtqjkhreco,693087543
UMLCloneNode,container-admin-user,container-admin-user_ynajyjgazi,,450365858
UMLCloneNode,container-admin-user,container-admin-user_txwzvsspla,,538600713
UMLCloneNode,container-verification,container-verification_xisxvfzewq,,478893850
Move_Operation_New_Component_New_Node,findAll,New-Component_pyadhwqafe,New-Node_gtqjkhreco,563030780
UMLCloneNode,container-admin-user,container-admin-user_ynajyjgazi,,378215493
UMLCloneNode,container-admin-user,container-admin-user_txwzvsspla,,566136503
UMLCloneNode,container-verification,container-verification_xisxvfzewq,,514140469
Move_Operation_New_Component_New_Node,findAll,New-Component_pyadhwqafe,New-Node_gtqjkhreco,662431251
UMLCloneNode,container-admin-user,container-admin-user_ynajyjgazi,,517433784
UMLCloneNode,container-order-other,container-order-other_dwsscreydy,,468878571
UMLCloneNode,container-verification,container-verification_xisxvfzewq,,472158180
Move_Operation_New_Component_New_Node,rebook,New-Component_vqtbqyakcz,New-Node_xndpoejxqw,729950063
UMLCloneNode,container-admin-user,container-admin-user_ynajyjgazi,,500996753
Move_Operation_New_Component_New_Node,rebook,New-Component_sxovtqyhtq,New-Node_ykegnttmqm,707316463
Move_Operation_New_Component_New_Node,modify,New-Component_nuepvlftnp,New-Node_uithqvuzue,648291909
Move_Operation_New_Component_New_Node,getByID,New-Component_dibdhgzvgs,New-Node_sbpwhblyfh,675942996
Move_Operation_New_Component_New_Node,findAll,New-Component_rbsgmuppko,New-Node_elamtypwtp,641213116
UMLCloneNode,container-order-other,container-order-other_dwsscreydy,,557782941
UMLCloneNode,container-verification,container-verification_xisxvfzewq,,463805408
Move_Operation_New_Component_New_Node,rebook,New-Component_vqtbqyakcz,New-Node_xndpoejxqw,667313466
UMLCloneNode,container-admin-user,container-admin-user_ynajyjgazi,,478842042
UMLCloneNode,container-order-other,container-order-other_dwsscreydy,,830757461
UMLCloneNode,container-verification,container-verification_xisxvfzewq,,592305121
Move_Operation_New_Component_New_Node,getByID,New-Component_qblcnzqiqx,New-Node_urvkemmxka,799288485
UMLCloneNode,container-admin-user,container-admin-user_ynajyjgazi,,579626669
UMLCloneNode,New-Node_zkxkbouyck,New-Node_zkxkbouyck_gvagmsokdp,,306028458
UMLCloneNode,container-verification,container-verification_xisxvfzewq,,469421599
Move_Operation_New_Component_New_Node,getByID,New-Component_qblcnzqiqx,New-Node_urvkemmxka,684660311
UMLCloneNode,container-admin-user,container-admin-user_ynajyjgazi,,472734310
UMLCloneNode,container-order-other,container-order-other_dwsscreydy,,598871764
UMLCloneNode,container-verification,container-verification_xisxvfzewq,,615623494
Move_Operation_New_Component_New_Node,rebook,New-Component_vqtbqyakcz,New-Node_xndpoejxqw,781639813
UMLCloneNode,container-admin-user,container-admin-user_ynajyjgazi,,506579160
UMLCloneNode,container-order-other,container-order-other_dwsscreydy,,503326361
UMLCloneNode,container-verification,container-verification_xisxvfzewq,,574848830
Move_Operation_New_Component_New_Node,rebook,New-Component_vqtbqyakcz,New-Node_xndpoejxqw,815346405
UMLCloneNode,container-admin-user,container-admin-user_ynajyjgazi,,529579087
UMLCloneNode,container-order-other,container-order-other_dwsscreydy,,544368768
UMLCloneNode,container-verification,container-verification_xisxvfzewq,,417453426
Move_Operation_New_Component_New_Node,getByID,New-Component_qblcnzqiqx,New-Node_urvkemmxka,724846382
UMLCloneNode,container-admin-user,container-admin-user_ynajyjgazi,,544261216
UMLCloneNode,container-order-other,container-order-other_dwsscreydy,,569746523
UMLCloneNode,container-verification,container-verification_xisxvfzewq,,573072399
Move_Operation_New_Component_New_Node,rebook,New-Component_vqtbqyakcz,New-Node_xndpoejxqw,662561365
UMLCloneNode,container-admin-user,container-admin-user_ynajyjgazi,,393264690
UMLCloneNode,container-order-other,container-order-other_dwsscreydy,,499638827
UMLCloneNode,container-verification,container-verification_xisxvfzewq,,489129532
Move_Operation_New_Component_New_Node,getByID,New-Component_qblcnzqiqx,New-Node_urvkemmxka,672683615
UMLCloneNode,container-admin-user,container-admin-user_ynajyjgazi,,469776023
UMLCloneNode,container-order-other,container-order-other_dwsscreydy,,490217602
UMLCloneNode,container-verification,container-verification_xisxvfzewq,,384723265
Move_Operation_New_Component_New_Node,rebook,New-Component_vqtbqyakcz,New-Node_xndpoejxqw,594662231
UMLCloneNode,container-admin-user,container-admin-user_ynajyjgazi,,381457291
UMLCloneNode,New-Node_hkdqajdcvh,New-Node_hkdqajdcvh_gfiuewtklw,,225271635
UMLCloneNode,container-verification,container-verification_xisxvfzewq,,1048390984
Move_Operation_New_Component_New_Node,findAll,New-Component_pyadhwqafe,New-Node_gtqjkhreco,708010615
UMLCloneNode,container-admin-user,container-admin-user_ynajyjgazi,,502563411
UMLCloneNode,New-Node_hkdqajdcvh,New-Node_hkdqajdcvh_gfiuewtklw,,305719509
UMLCloneNode,container-verification,container-verification_xisxvfzewq,,474458794
Move_Operation_New_Component_New_Node,findAll,New-Component_pyadhwqafe,New-Node_gtqjkhreco,648607842
UMLCloneNode,container-admin-user,container-admin-user_ynajyjgazi,,453811058
UMLCloneNode,New-Node_hkdqajdcvh,New-Node_hkdqajdcvh_gfiuewtklw,,281264184
UMLCloneNode,container-verification,container-verification_xisxvfzewq,,511863169
Move_Operation_New_Component_New_Node,findAll,New-Component_pyadhwqafe,New-Node_gtqjkhreco,731850485
UMLCloneNode,container-admin-user,container-admin-user_ynajyjgazi,,529915397
UMLCloneNode,New-Node_zkxkbouyck,New-Node_zkxkbouyck_gvagmsokdp,,268295898
UMLCloneNode,container-verification,container-verification_xisxvfzewq,,548950540
Move_Operation_New_Component_New_Node,getByID,New-Component_qblcnzqiqx,New-Node_urvkemmxka,754330596
UMLCloneNode,container-admin-user,container-admin-user_ynajyjgazi,,525286318
UMLCloneNode,container-admin-user,container-admin-user_txwzvsspla,,459678009
UMLCloneNode,container-verification,container-verification_xisxvfzewq,,502463573
Move_Operation_New_Component_New_Node,findAll,New-Component_pyadhwqafe,New-Node_gtqjkhreco,650969670
UMLCloneNode,container-admin-user,container-admin-user_ynajyjgazi,,487211916
UMLCloneNode,New-Node_zkxkbouyck,New-Node_zkxkbouyck_gvagmsokdp,,305016100
UMLCloneNode,container-verification,container-verification_xisxvfzewq,,511976982
Move_Operation_New_Component_New_Node,getByID,New-Component_qblcnzqiqx,New-Node_urvkemmxka,778135112
UMLCloneNode,container-admin-user,container-admin-user_ynajyjgazi,,574867936
Move_Operation_New_Component_New_Node,rebook,New-Component_sxovtqyhtq,New-Node_ykegnttmqm,782192549
Move_Operation_New_Component_New_Node,modify,New-Component_nuepvlftnp,New-Node_uithqvuzue,695510596
Move_Operation_New_Component_New_Node,getByID,New-Component_dibdhgzvgs,New-Node_sbpwhblyfh,684979190
Move_Operation_New_Component_New_Node,findAll,New-Component_rbsgmuppko,New-Node_elamtypwtp,654768263
Move_Operation_New_Component_New_Node,rebook,New-Component_sxovtqyhtq,New-Node_ykegnttmqm,818293921
Move_Operation_New_Component_New_Node,modify,New-Component_nuepvlftnp,New-Node_uithqvuzue,648063661
Move_Operation_New_Component_New_Node,getByID,New-Component_dibdhgzvgs,New-Node_sbpwhblyfh,651295301
Move_Operation_New_Component_New_Node,findAll,New-Component_rbsgmuppko,New-Node_elamtypwtp,662588436
UMLCloneNode,New-Node_hkdqajdcvh,New-Node_hkdqajdcvh_gfiuewtklw,,201140238
UMLCloneNode,container-verification,container-verification_xisxvfzewq,,502156739
Move_Operation_New_Component_New_Node,findAll,New-Component_pyadhwqafe,New-Node_gtqjkhreco,992299571
UMLCloneNode,container-admin-user,container-admin-user_ynajyjgazi,,474114909
UMLCloneNode,container-admin-user,container-admin-user_txwzvsspla,,569450498
UMLCloneNode,container-verification,container-verification_xisxvfzewq,,471828090
Move_Operation_New_Component_New_Node,findAll,New-Component_pyadhwqafe,New-Node_gtqjkhreco,671495187
UMLCloneNode,container-admin-user,container-admin-user_ynajyjgazi,,587542992
UMLCloneNode,New-Node_zkxkbouyck,New-Node_zkxkbouyck_gvagmsokdp,,287871683
UMLCloneNode,container-verification,container-verification_xisxvfzewq,,464148531
Move_Operation_New_Component_New_Node,getByID,New-Component_qblcnzqiqx,New-Node_urvkemmxka,733456357
UMLCloneNode,container-admin-user,container-admin-user_ynajyjgazi,,460434848
UMLCloneNode,container-admin-user,container-admin-user_txwzvsspla,,566966239
UMLCloneNode,container-verification,container-verification_xisxvfzewq,,519539462
Move_Operation_New_Component_New_Node,findAll,New-Component_pyadhwqafe,New-Node_gtqjkhreco,719382257
UMLCloneNode,container-admin-user,container-admin-user_ynajyjgazi,,556761635
UMLCloneNode,container-admin-user,container-admin-user_txwzvsspla,,543145444
UMLCloneNode,container-verification,container-verification_xisxvfzewq,,495434103
Move_Operation_New_Component_New_Node,findAll,New-Component_pyadhwqafe,New-Node_gtqjkhreco,671840303
UMLCloneNode,container-admin-user,container-admin-user_ynajyjgazi,,491740607
UMLCloneNode,container-order-other,container-order-other_dwsscreydy,,506322920
UMLCloneNode,container-verification,container-verification_xisxvfzewq,,455671075
Move_Operation_New_Component_New_Node,rebook,New-Component_vqtbqyakcz,New-Node_xndpoejxqw,685106207
UMLCloneNode,container-admin-user,container-admin-user_ynajyjgazi,,457464198
UMLCloneNode,New-Node_hkdqajdcvh,New-Node_hkdqajdcvh_gfiuewtklw,,273053178
UMLCloneNode,container-verification,container-verification_xisxvfzewq,,464532612
Move_Operation_New_Component_New_Node,findAll,New-Component_pyadhwqafe,New-Node_gtqjkhreco,659340235
UMLCloneNode,container-admin-user,container-admin-user_ynajyjgazi,,461423572
UMLCloneNode,container-order-other,container-order-other_dwsscreydy,,499851496
UMLCloneNode,container-verification,container-verification_xisxvfzewq,,441058887
Move_Operation_New_Component_New_Node,rebook,New-Component_vqtbqyakcz,New-Node_xndpoejxqw,698418650
UMLCloneNode,container-admin-user,container-admin-user_ynajyjgazi,,467957443
UMLCloneNode,New-Node_zkxkbouyck,New-Node_zkxkbouyck_gvagmsokdp,,585387350
UMLCloneNode,container-verification,container-verification_xisxvfzewq,,493376856
Move_Operation_New_Component_New_Node,getByID,New-Component_qblcnzqiqx,New-Node_urvkemmxka,703516047
UMLCloneNode,container-admin-user,container-admin-user_ynajyjgazi,,508773405
UMLCloneNode,New-Node_hkdqajdcvh,New-Node_hkdqajdcvh_gfiuewtklw,,210064351
UMLCloneNode,container-verification,container-verification_xisxvfzewq,,551450637
Move_Operation_New_Component_New_Node,findAll,New-Component_pyadhwqafe,New-Node_gtqjkhreco,754635308
UMLCloneNode,container-admin-user,container-admin-user_ynajyjgazi,,536326448
Move_Operation_New_Component_New_Node,rebook,New-Component_sxovtqyhtq,New-Node_ykegnttmqm,749667483
Move_Operation_New_Component_New_Node,modify,New-Component_nuepvlftnp,New-Node_uithqvuzue,670143251
Move_Operation_New_Component_New_Node,getByID,New-Component_dibdhgzvgs,New-Node_sbpwhblyfh,694916903
Move_Operation_New_Component_New_Node,findAll,New-Component_rbsgmuppko,New-Node_elamtypwtp,593055078
UMLCloneNode,New-Node_hkdqajdcvh,New-Node_hkdqajdcvh_gfiuewtklw,,275607308
UMLCloneNode,container-verification,container-verification_xisxvfzewq,,524472291
Move_Operation_New_Component_New_Node,findAll,New-Component_pyadhwqafe,New-Node_gtqjkhreco,753346772
UMLCloneNode,container-admin-user,container-admin-user_ynajyjgazi,,435830865
UMLCloneNode,New-Node_hkdqajdcvh,New-Node_hkdqajdcvh_gfiuewtklw,,272687262
UMLCloneNode,container-verification,container-verification_xisxvfzewq,,466240063
Move_Operation_New_Component_New_Node,findAll,New-Component_pyadhwqafe,New-Node_gtqjkhreco,635639967
UMLCloneNode,container-admin-user,container-admin-user_ynajyjgazi,,475461283
UMLCloneNode,container-seat,container-seat_jfxrclerxf,,403575003
Move_Operation_New_Component_New_Node,modify,New-Component_nuepvlftnp,New-Node_uithqvuzue,640626386
Move_Operation_New_Component_New_Node,getByID,New-Component_dibdhgzvgs,New-Node_sbpwhblyfh,643986707
Move_Operation_New_Component_New_Node,findAll,New-Component_rbsgmuppko,New-Node_elamtypwtp,663134019
UMLCloneNode,container-admin-user,container-admin-user_txwzvsspla,,472581944
UMLCloneNode,container-verification,container-verification_xisxvfzewq,,568262931
Move_Operation_New_Component_New_Node,findAll,New-Component_pyadhwqafe,New-Node_gtqjkhreco,804081432
UMLCloneNode,container-admin-user,container-admin-user_ynajyjgazi,,512625167
Move_Operation_New_Component_New_Node,rebook,New-Component_sxovtqyhtq,New-Node_ykegnttmqm,792470331
Move_Operation_New_Component_New_Node,modify,New-Component_nuepvlftnp,New-Node_uithqvuzue,649808824
Move_Operation_New_Component_New_Node,getByID,New-Component_dibdhgzvgs,New-Node_sbpwhblyfh,728967630
Move_Operation_New_Component_New_Node,findAll,New-Component_rbsgmuppko,New-Node_elamtypwtp,699352260
UMLCloneNode,container-order-other,container-order-other_dwsscreydy,,473727562
UMLCloneNode,container-verification,container-verification_xisxvfzewq,,461674672
Move_Operation_New_Component_New_Node,rebook,New-Component_vqtbqyakcz,New-Node_xndpoejxqw,780993552
UMLCloneNode,container-admin-user,container-admin-user_ynajyjgazi,,453310699
UMLCloneNode,New-Node_hkdqajdcvh,New-Node_hkdqajdcvh_gfiuewtklw,,349055036
UMLCloneNode,container-verification,container-verification_xisxvfzewq,,514904611
Move_Operation_New_Component_New_Node,findAll,New-Component_pyadhwqafe,New-Node_gtqjkhreco,644992723
UMLCloneNode,container-admin-user,container-admin-user_ynajyjgazi,,473141964
Move_Operation_New_Component_New_Node,generate,New-Component_hcmqlqhxad,New-Node_cbdkllclmm,797495804
UMLCloneNode,container-verification,container-verification_xisxvfzewq,,524957200
Move_Operation_New_Component_New_Node,getByID,New-Component_qblcnzqiqx,New-Node_urvkemmxka,765725132
UMLCloneNode,container-admin-user,container-admin-user_ynajyjgazi,,480616189
UMLCloneNode,container-order-other,container-order-other_dwsscreydy,,510237430
UMLCloneNode,container-verification,container-verification_xisxvfzewq,,523286648
Move_Operation_New_Component_New_Node,rebook,New-Component_vqtbqyakcz,New-Node_xndpoejxqw,717756108
UMLCloneNode,container-admin-user,container-admin-user_ynajyjgazi,,461763990
UMLCloneNode,container-admin-user,container-admin-user_txwzvsspla,,518847394
UMLCloneNode,container-verification,container-verification_xisxvfzewq,,444593274
Move_Operation_New_Component_New_Node,findAll,New-Component_pyadhwqafe,New-Node_gtqjkhreco,665066071
UMLCloneNode,container-admin-user,container-admin-user_ynajyjgazi,,479156181
Move_Component_New_Node,New-Component_snxmsymovn,New-Node_omyjnefjlw,,287124933
UMLCloneNode,container-verification,container-verification_xisxvfzewq,,543904188
Move_Operation_New_Component_New_Node,findAll,New-Component_pyadhwqafe,New-Node_gtqjkhreco,749252004
UMLCloneNode,container-admin-user,container-admin-user_ynajyjgazi,,531865755
UMLCloneNode,container-order-other,container-order-other_dwsscreydy,,478062581
UMLCloneNode,container-verification,container-verification_xisxvfzewq,,471220111
Move_Operation_New_Component_New_Node,rebook,New-Component_vqtbqyakcz,New-Node_xndpoejxqw,761952899
UMLCloneNode,container-admin-user,container-admin-user_ynajyjgazi,,489625201
UMLCloneNode,container-admin-user,container-admin-user_txwzvsspla,,624556254
UMLCloneNode,container-verification,container-verification_xisxvfzewq,,486822767
Move_Operation_New_Component_New_Node,findAll,New-Component_pyadhwqafe,New-Node_gtqjkhreco,682259771
UMLCloneNode,container-admin-user,container-admin-user_ynajyjgazi,,475935141
Move_Component_New_Node,Seat,New-Node_yxdhfqvxhy,,572690673
UMLCloneNode,container-verification,container-verification_xisxvfzewq,,483232604
Move_Operation_New_Component_New_Node,findAll,New-Component_pyadhwqafe,New-Node_gtqjkhreco,884954944
UMLCloneNode,container-admin-user,container-admin-user_ynajyjgazi,,551198314
UMLCloneNode,container-order-other,container-order-other_dwsscreydy,,555735481
UMLCloneNode,container-verification,container-verification_xisxvfzewq,,495608330
Move_Operation_New_Component_New_Node,rebook,New-Component_vqtbqyakcz,New-Node_xndpoejxqw,708447223
UMLCloneNode,container-admin-user,container-admin-user_ynajyjgazi,,548615631
UMLCloneNode,container-order-other,container-order-other_dwsscreydy,,539125346
UMLCloneNode,container-verification,container-verification_xisxvfzewq,,451422319
Move_Operation_New_Component_New_Node,rebook,New-Component_vqtbqyakcz,New-Node_xndpoejxqw,781657757
UMLCloneNode,container-admin-user,container-admin-user_ynajyjgazi,,598961843
UMLCloneNode,New-Node_zkxkbouyck,New-Node_zkxkbouyck_gvagmsokdp,,256119126
UMLCloneNode,container-verification,container-verification_xisxvfzewq,,488019320
Move_Operation_New_Component_New_Node,getByID,New-Component_qblcnzqiqx,New-Node_urvkemmxka,712844218
UMLCloneNode,container-admin-user,container-admin-user_ynajyjgazi,,587415774
Move_Operation_New_Component_New_Node,rebook,New-Component_sxovtqyhtq,New-Node_ykegnttmqm,765191171
Move_Operation_New_Component_New_Node,modify,New-Component_nuepvlftnp,New-Node_uithqvuzue,642042732
Move_Operation_New_Component_New_Node,getByID,New-Component_dibdhgzvgs,New-Node_sbpwhblyfh,690983568
Move_Operation_New_Component_New_Node,findAll,New-Component_rbsgmuppko,New-Node_elamtypwtp,640866576
UMLCloneNode,New-Node_hkdqajdcvh,New-Node_hkdqajdcvh_gfiuewtklw,,300570955
UMLCloneNode,container-verification,container-verification_xisxvfzewq,,554650336
Move_Operation_New_Component_New_Node,findAll,New-Component_pyadhwqafe,New-Node_gtqjkhreco,652987794
UMLCloneNode,container-admin-user,container-admin-user_ynajyjgazi,,461246660
Move_Operation_New_Component_New_Node,rebook,New-Component_sxovtqyhtq,New-Node_ykegnttmqm,764963675
Move_Operation_New_Component_New_Node,modify,New-Component_nuepvlftnp,New-Node_uithqvuzue,666577265
Move_Operation_New_Component_New_Node,getByID,New-Component_dibdhgzvgs,New-Node_sbpwhblyfh,663429222
Move_Operation_New_Component_New_Node,findAll,New-Component_rbsgmuppko,New-Node_elamtypwtp,632943059
Move_Operation_New_Component_New_Node,generate,New-Component_pcrphhpvgd,New-Node_ixwchxglzi,676595530
UMLCloneNode,container-verification,container-verification_xisxvfzewq,,481433211
Move_Operation_New_Component_New_Node,findAll,New-Component_pyadhwqafe,New-Node_gtqjkhreco,701135473
UMLCloneNode,container-admin-user,container-admin-user_ynajyjgazi,,457858236
Move_Operation_New_Component_New_Node,rebook,New-Component_sxovtqyhtq,New-Node_ykegnttmqm,1353548369
Move_Operation_New_Component_New_Node,modify,New-Component_nuepvlftnp,New-Node_uithqvuzue,570402273
Move_Operation_New_Component_New_Node,getByID,New-Component_dibdhgzvgs,New-Node_sbpwhblyfh,1005330124
Move_Operation_New_Component_New_Node,findAll,New-Component_rbsgmuppko,New-Node_elamtypwtp,716746405
UMLCloneNode,container-admin-user,container-admin-user_txwzvsspla,,618705554
UMLCloneNode,container-verification,container-verification_xisxvfzewq,,526924179
Move_Operation_New_Component_New_Node,findAll,New-Component_pyadhwqafe,New-Node_gtqjkhreco,791005113
UMLCloneNode,container-admin-user,container-admin-user_ynajyjgazi,,544809895
UMLCloneNode,New-Node_hkdqajdcvh,New-Node_hkdqajdcvh_gfiuewtklw,,267441717
UMLCloneNode,container-verification,container-verification_xisxvfzewq,,466068652
Move_Operation_New_Component_New_Node,findAll,New-Component_pyadhwqafe,New-Node_gtqjkhreco,740765722
UMLCloneNode,container-admin-user,container-admin-user_ynajyjgazi,,475596968
UMLCloneNode,New-Node_hkdqajdcvh,New-Node_hkdqajdcvh_gfiuewtklw,,271876602
UMLCloneNode,container-verification,container-verification_xisxvfzewq,,545006434
Move_Operation_New_Component_New_Node,findAll,New-Component_pyadhwqafe,New-Node_gtqjkhreco,665167050
UMLCloneNode,container-admin-user,container-admin-user_ynajyjgazi,,458612451
UMLCloneNode,container-order-other,container-order-other_dwsscreydy,,535523613
UMLCloneNode,container-verification,container-verification_xisxvfzewq,,457065610
Move_Operation_New_Component_New_Node,rebook,New-Component_vqtbqyakcz,New-Node_xndpoejxqw,693659836
UMLCloneNode,container-admin-user,container-admin-user_ynajyjgazi,,459645037
UMLCloneNode,container-admin-user,container-admin-user_txwzvsspla,,534260695
UMLCloneNode,container-verification,container-verification_xisxvfzewq,,498672476
Move_Operation_New_Component_New_Node,findAll,New-Component_pyadhwqafe,New-Node_gtqjkhreco,750917557
UMLCloneNode,container-admin-user,container-admin-user_ynajyjgazi,,502171967
Move_Operation_New_Component_New_Node,getByID,New-Component_ukqonuqwba,New-Node_ktivxltruh,717317134
UMLCloneNode,container-verification,container-verification_xisxvfzewq,,455800418
Move_Operation_New_Component_New_Node,findAll,New-Component_pyadhwqafe,New-Node_gtqjkhreco,680391267
UMLCloneNode,container-admin-user,container-admin-user_ynajyjgazi,,468328209
UMLCloneNode,New-Node_zkxkbouyck,New-Node_zkxkbouyck_gvagmsokdp,,265044281
UMLCloneNode,container-verification,container-verification_xisxvfzewq,,450897485
Move_Operation_New_Component_New_Node,getByID,New-Component_qblcnzqiqx,New-Node_urvkemmxka,647118038
UMLCloneNode,container-admin-user,container-admin-user_ynajyjgazi,,496402049
Move_Operation_New_Component_New_Node,getByID,New-Component_ukqonuqwba,New-Node_ktivxltruh,766784218
UMLCloneNode,container-verification,container-verification_xisxvfzewq,,583551578
Move_Operation_New_Component_New_Node,findAll,New-Component_pyadhwqafe,New-Node_gtqjkhreco,755487215
UMLCloneNode,container-admin-user,container-admin-user_ynajyjgazi,,915233237
UMLCloneNode,container-admin-user,container-admin-user_txwzvsspla,,530286073
UMLCloneNode,container-verification,container-verification_xisxvfzewq,,468473191
Move_Operation_New_Component_New_Node,findAll,New-Component_pyadhwqafe,New-Node_gtqjkhreco,637323683
UMLCloneNode,container-admin-user,container-admin-user_ynajyjgazi,,472691269
Move_Operation_New_Component_New_Node,findAll,New-Component_gdbfouqpea,New-Node_flkhcvmyid,739509537
UMLCloneNode,container-verification,container-verification_xisxvfzewq,,567624674
Move_Operation_New_Component_New_Node,rebook,New-Component_vqtbqyakcz,New-Node_xndpoejxqw,839340675
UMLCloneNode,container-admin-user,container-admin-user_ynajyjgazi,,595204628
Move_Operation_New_Component_New_Node,rebook,New-Component_sxovtqyhtq,New-Node_ykegnttmqm,802618549
Move_Operation_New_Component_New_Node,modify,New-Component_nuepvlftnp,New-Node_uithqvuzue,736520472
Move_Operation_New_Component_New_Node,getByID,New-Component_dibdhgzvgs,New-Node_sbpwhblyfh,816142437
Move_Operation_New_Component_New_Node,findAll,New-Component_rbsgmuppko,New-Node_elamtypwtp,755593836
Move_Operation_Component,rebook,Sso,,302735003
UMLCloneNode,container-verification,container-verification_xisxvfzewq,,383367933
Move_Operation_New_Component_New_Node,findAll,New-Component_pyadhwqafe,New-Node_gtqjkhreco,575052451
UMLCloneNode,container-admin-user,container-admin-user_ynajyjgazi,,369300597
Move_Operation_New_Component_New_Node,getByID,New-Component_ukqonuqwba,New-Node_ktivxltruh,761650392
UMLCloneNode,container-verification,container-verification_xisxvfzewq,,543715583
Move_Operation_New_Component_New_Node,findAll,New-Component_pyadhwqafe,New-Node_gtqjkhreco,725392627
UMLCloneNode,container-admin-user,container-admin-user_ynajyjgazi,,487049962
Move_Operation_New_Component_New_Node,getByID,New-Component_ukqonuqwba,New-Node_ktivxltruh,874154713
UMLCloneNode,container-verification,container-verification_xisxvfzewq,,538663641
Move_Operation_New_Component_New_Node,findAll,New-Component_pyadhwqafe,New-Node_gtqjkhreco,731068008
UMLCloneNode,container-admin-user,container-admin-user_ynajyjgazi,,585808180
Move_Operation_New_Component_New_Node,getByID,New-Component_ukqonuqwba,New-Node_ktivxltruh,831663329
UMLCloneNode,container-verification,container-verification_xisxvfzewq,,482730653
Move_Operation_New_Component_New_Node,findAll,New-Component_pyadhwqafe,New-Node_gtqjkhreco,638116790
UMLCloneNode,container-admin-user,container-admin-user_ynajyjgazi,,380581779
UMLCloneNode,New-Node_zkxkbouyck,New-Node_zkxkbouyck_gvagmsokdp,,249390128
UMLCloneNode,container-verification,container-verification_xisxvfzewq,,506849297
Move_Operation_New_Component_New_Node,getByID,New-Component_qblcnzqiqx,New-Node_urvkemmxka,670195499
UMLCloneNode,container-admin-user,container-admin-user_ynajyjgazi,,465750044
Move_Operation_New_Component_New_Node,login,New-Component_dgtfjkevmw,New-Node_cddkmxfydi,772154087
Move_Operation_New_Component_New_Node,modify,New-Component_nuepvlftnp,New-Node_uithqvuzue,646679886
Move_Operation_New_Component_New_Node,getByID,New-Component_dibdhgzvgs,New-Node_sbpwhblyfh,639963593
Move_Operation_New_Component_New_Node,findAll,New-Component_rbsgmuppko,New-Node_elamtypwtp,656937921
UMLCloneNode,container-sso,container-sso_zawdrqozjb,,548481419
UMLCloneNode,container-verification,container-verification_xisxvfzewq,,581272404
Move_Operation_New_Component_New_Node,findAll,New-Component_pyadhwqafe,New-Node_gtqjkhreco,750767506
UMLCloneNode,container-admin-user,container-admin-user_ynajyjgazi,,575442022
Move_Operation_New_Component_New_Node,findAll,New-Component_gdbfouqpea,New-Node_flkhcvmyid,735814218
UMLCloneNode,container-verification,container-verification_xisxvfzewq,,416556635
Move_Operation_New_Component_New_Node,rebook,New-Component_vqtbqyakcz,New-Node_xndpoejxqw,731102353
UMLCloneNode,container-admin-user,container-admin-user_ynajyjgazi,,467410498
Move_Operation_New_Component_New_Node,getByID,New-Component_cszssnmdhy,New-Node_jpukkknivp,740932495
UMLCloneNode,container-verification,container-verification_xisxvfzewq,,462847852
Move_Operation_New_Component_New_Node,findAll,New-Component_pyadhwqafe,New-Node_gtqjkhreco,672694896
UMLCloneNode,container-admin-user,container-admin-user_ynajyjgazi,,482873922
Move_Component_New_Node,Ticket-info,New-Node_jizskwohte,,652226106
UMLCloneNode,container-verification,container-verification_xisxvfzewq,,605249513
Move_Operation_New_Component_New_Node,getByID,New-Component_qblcnzqiqx,New-Node_urvkemmxka,736712993
UMLCloneNode,container-admin-user,container-admin-user_ynajyjgazi,,507133350
UMLCloneNode,New-Node_hkdqajdcvh,New-Node_hkdqajdcvh_gfiuewtklw,,332062584
UMLCloneNode,container-verification,container-verification_xisxvfzewq,,453163042
Move_Operation_New_Component_New_Node,findAll,New-Component_pyadhwqafe,New-Node_gtqjkhreco,647118319
UMLCloneNode,container-admin-user,container-admin-user_ynajyjgazi,,476611560
UMLCloneNode,New-Node_zkxkbouyck,New-Node_zkxkbouyck_gvagmsokdp,,268846791
UMLCloneNode,container-verification,container-verification_xisxvfzewq,,423421085
Move_Operation_New_Component_New_Node,getByID,New-Component_qblcnzqiqx,New-Node_urvkemmxka,715695685
UMLCloneNode,container-admin-user,container-admin-user_ynajyjgazi,,545106742
UMLCloneNode,New-Node_hkdqajdcvh,New-Node_hkdqajdcvh_gfiuewtklw,,785950986
UMLCloneNode,container-verification,container-verification_xisxvfzewq,,560434352
Move_Operation_New_Component_New_Node,findAll,New-Component_pyadhwqafe,New-Node_gtqjkhreco,726480246
UMLCloneNode,container-admin-user,container-admin-user_ynajyjgazi,,856672824
UMLCloneNode,container-order-other,container-order-other_dwsscreydy,,571163439
UMLCloneNode,container-verification,container-verification_xisxvfzewq,,491786354
Move_Operation_New_Component_New_Node,rebook,New-Component_vqtbqyakcz,New-Node_xndpoejxqw,701092212
UMLCloneNode,container-admin-user,container-admin-user_ynajyjgazi,,463514082
Move_Operation_New_Component_New_Node,findAll,New-Component_gdbfouqpea,New-Node_flkhcvmyid,670870746
UMLCloneNode,container-verification,container-verification_xisxvfzewq,,486397860
Move_Operation_New_Component_New_Node,rebook,New-Component_vqtbqyakcz,New-Node_xndpoejxqw,683808084
UMLCloneNode,container-admin-user,container-admin-user_ynajyjgazi,,473698458
Move_Operation_New_Component_New_Node,findAll,New-Component_gdbfouqpea,New-Node_flkhcvmyid,739099158
UMLCloneNode,container-verification,container-verification_xisxvfzewq,,470231527
Move_Operation_New_Component_New_Node,rebook,New-Component_vqtbqyakcz,New-Node_xndpoejxqw,727641073
UMLCloneNode,container-admin-user,container-admin-user_ynajyjgazi,,496786179
UMLCloneNode,container-station,container-station_ilkxiyrhgt,,545521730
UMLCloneNode,container-verification,container-verification_xisxvfzewq,,468382070
Move_Operation_New_Component_New_Node,findAll,New-Component_pyadhwqafe,New-Node_gtqjkhreco,629733952
UMLCloneNode,container-admin-user,container-admin-user_ynajyjgazi,,502215970
UMLCloneNode,container-order-other,container-order-other_dwsscreydy,,559655692
UMLCloneNode,container-verification,container-verification_xisxvfzewq,,466044226
Move_Operation_New_Component_New_Node,rebook,New-Component_vqtbqyakcz,New-Node_xndpoejxqw,690349069
UMLCloneNode,container-admin-user,container-admin-user_ynajyjgazi,,463499204
Move_Operation_New_Component_New_Node,findAll,New-Component_gdbfouqpea,New-Node_flkhcvmyid,691225863
UMLCloneNode,container-verification,container-verification_xisxvfzewq,,475057927
Move_Operation_New_Component_New_Node,rebook,New-Component_vqtbqyakcz,New-Node_xndpoejxqw,751183626
UMLCloneNode,container-admin-user,container-admin-user_ynajyjgazi,,511607600
UMLCloneNode,container-sso,container-sso_zawdrqozjb,,574289832
UMLCloneNode,container-verification,container-verification_xisxvfzewq,,509188834
Move_Operation_New_Component_New_Node,findAll,New-Component_pyadhwqafe,New-Node_gtqjkhreco,792055884
UMLCloneNode,container-admin-user,container-admin-user_ynajyjgazi,,573822866
Move_Operation_New_Component_New_Node,rebook,New-Component_sxovtqyhtq,New-Node_ykegnttmqm,713891151
Move_Operation_New_Component_New_Node,modify,New-Component_nuepvlftnp,New-Node_uithqvuzue,1254996430
Move_Operation_New_Component_New_Node,getByID,New-Component_dibdhgzvgs,New-Node_sbpwhblyfh,648751010
Move_Operation_New_Component_New_Node,findAll,New-Component_rbsgmuppko,New-Node_elamtypwtp,745533111
Move_Operation_New_Component_New_Node,rebook,New-Component_sxovtqyhtq,New-Node_ykegnttmqm,971549002
Move_Operation_New_Component_New_Node,modify,New-Component_nuepvlftnp,New-Node_uithqvuzue,767022044
Move_Operation_New_Component_New_Node,getByID,New-Component_dibdhgzvgs,New-Node_sbpwhblyfh,749367992
Move_Operation_New_Component_New_Node,findAll,New-Component_rbsgmuppko,New-Node_elamtypwtp,651717442
Move_Operation_New_Component_New_Node,rebook,New-Component_sxovtqyhtq,New-Node_ykegnttmqm,834125978
Move_Operation_New_Component_New_Node,modify,New-Component_nuepvlftnp,New-Node_uithqvuzue,700063053
Move_Operation_New_Component_New_Node,getByID,New-Component_dibdhgzvgs,New-Node_sbpwhblyfh,658359266
Move_Operation_New_Component_New_Node,findAll,New-Component_rbsgmuppko,New-Node_elamtypwtp,615265834
Move_Operation_New_Component_New_Node,findAll,New-Component_gdbfouqpea,New-Node_flkhcvmyid,750144578
UMLCloneNode,container-verification,container-verification_xisxvfzewq,,473472293
Move_Operation_New_Component_New_Node,rebook,New-Component_vqtbqyakcz,New-Node_xndpoejxqw,760777455
UMLCloneNode,container-admin-user,container-admin-user_ynajyjgazi,,460856088
UMLCloneNode,container-sso,container-sso_zawdrqozjb,,487189594
UMLCloneNode,container-verification,container-verification_xisxvfzewq,,469280394
Move_Operation_New_Component_New_Node,findAll,New-Component_pyadhwqafe,New-Node_gtqjkhreco,701225633
UMLCloneNode,container-admin-user,container-admin-user_ynajyjgazi,,578776415
UMLCloneNode,New-Node_zkxkbouyck,New-Node_zkxkbouyck_gvagmsokdp,,250456829
UMLCloneNode,container-verification,container-verification_xisxvfzewq,,457859569
Move_Operation_New_Component_New_Node,getByID,New-Component_qblcnzqiqx,New-Node_urvkemmxka,674269939
UMLCloneNode,container-admin-user,container-admin-user_ynajyjgazi,,531027022
UMLCloneNode,New-Node_zkxkbouyck,New-Node_zkxkbouyck_gvagmsokdp,,255639005
UMLCloneNode,container-verification,container-verification_xisxvfzewq,,465965479
Move_Operation_New_Component_New_Node,getByID,New-Component_qblcnzqiqx,New-Node_urvkemmxka,684705907
UMLCloneNode,container-admin-user,container-admin-user_ynajyjgazi,,471352710
UMLCloneNode,New-Node_zkxkbouyck,New-Node_zkxkbouyck_gvagmsokdp,,272425000
UMLCloneNode,container-verification,container-verification_xisxvfzewq,,521370596
Move_Operation_New_Component_New_Node,getByID,New-Component_qblcnzqiqx,New-Node_urvkemmxka,720712321
UMLCloneNode,container-admin-user,container-admin-user_ynajyjgazi,,646254960
UMLCloneNode,New-Node_hkdqajdcvh,New-Node_hkdqajdcvh_gfiuewtklw,,615882420
UMLCloneNode,container-verification,container-verification_xisxvfzewq,,511695274
Move_Operation_New_Component_New_Node,findAll,New-Component_pyadhwqafe,New-Node_gtqjkhreco,714242570
UMLCloneNode,container-admin-user,container-admin-user_ynajyjgazi,,495921988
Move_Component_New_Node,Rebook,New-Node_mmrkcsphut,,658309222
UMLCloneNode,container-verification,container-verification_xisxvfzewq,,494866789
Move_Operation_New_Component_New_Node,findAll,New-Component_pyadhwqafe,New-Node_gtqjkhreco,710787171
UMLCloneNode,container-admin-user,container-admin-user_ynajyjgazi,,488441612
UMLCloneNode,container-order-other,container-order-other_dwsscreydy,,543531559
UMLCloneNode,container-verification,container-verification_xisxvfzewq,,481804698
Move_Operation_New_Component_New_Node,rebook,New-Component_vqtbqyakcz,New-Node_xndpoejxqw,695846016
UMLCloneNode,container-admin-user,container-admin-user_ynajyjgazi,,482309865
Move_Operation_New_Component_New_Node,findAll,New-Component_gdbfouqpea,New-Node_flkhcvmyid,748033059
UMLCloneNode,container-verification,container-verification_xisxvfzewq,,516075096
Move_Operation_New_Component_New_Node,rebook,New-Component_vqtbqyakcz,New-Node_xndpoejxqw,700495073
UMLCloneNode,container-admin-user,container-admin-user_ynajyjgazi,,474780597
Move_Operation_New_Component_New_Node,getByID,New-Component_ukqonuqwba,New-Node_ktivxltruh,747652696
UMLCloneNode,container-verification,container-verification_xisxvfzewq,,577986463
Move_Operation_New_Component_New_Node,findAll,New-Component_pyadhwqafe,New-Node_gtqjkhreco,742507839
UMLCloneNode,container-admin-user,container-admin-user_ynajyjgazi,,585196632
Move_Operation_New_Component_New_Node,findAll,New-Component_gdbfouqpea,New-Node_flkhcvmyid,767121220
UMLCloneNode,container-verification,container-verification_xisxvfzewq,,471258984
Move_Operation_New_Component_New_Node,rebook,New-Component_vqtbqyakcz,New-Node_xndpoejxqw,729709471
UMLCloneNode,container-admin-user,container-admin-user_ynajyjgazi,,523222497
UMLCloneNode,container-admin-user,container-admin-user_txwzvsspla,,577488689
UMLCloneNode,container-verification,container-verification_xisxvfzewq,,573381338
Move_Operation_New_Component_New_Node,findAll,New-Component_pyadhwqafe,New-Node_gtqjkhreco,759269848
UMLCloneNode,container-admin-user,container-admin-user_ynajyjgazi,,565124846
UMLCloneNode,New-Node_hkdqajdcvh,New-Node_hkdqajdcvh_gfiuewtklw,,292837856
UMLCloneNode,container-verification,container-verification_xisxvfzewq,,515258485
Move_Operation_New_Component_New_Node,findAll,New-Component_pyadhwqafe,New-Node_gtqjkhreco,704234144
UMLCloneNode,container-admin-user,container-admin-user_ynajyjgazi,,526955428
Move_Operation_New_Component_New_Node,rebook,New-Component_sxovtqyhtq,New-Node_ykegnttmqm,832981751
Move_Operation_New_Component_New_Node,modify,New-Component_nuepvlftnp,New-Node_uithqvuzue,1106346804
Move_Operation_New_Component_New_Node,getByID,New-Component_dibdhgzvgs,New-Node_sbpwhblyfh,679193582
Move_Operation_New_Component_New_Node,findAll,New-Component_rbsgmuppko,New-Node_elamtypwtp,728123958
UMLCloneNode,container-rebook,container-rebook_nplatvnjla,,544853196
UMLCloneNode,container-verification,container-verification_xisxvfzewq,,495081672
Move_Operation_New_Component_New_Node,findAll,New-Component_pyadhwqafe,New-Node_gtqjkhreco,662755329
UMLCloneNode,container-admin-user,container-admin-user_ynajyjgazi,,486934837
Move_Operation_New_Component_New_Node,login,New-Component_tsnbhugyho,New-Node_bblcmrvaik,867727952
UMLCloneNode,container-verification,container-verification_xisxvfzewq,,506777412
Move_Operation_New_Component_New_Node,findAll,New-Component_pyadhwqafe,New-Node_gtqjkhreco,732203097
UMLCloneNode,container-admin-user,container-admin-user_ynajyjgazi,,528581346
UMLCloneNode,New-Node_zkxkbouyck,New-Node_zkxkbouyck_gvagmsokdp,,332830653
UMLCloneNode,container-verification,container-verification_xisxvfzewq,,508423399
Move_Operation_New_Component_New_Node,getByID,New-Component_qblcnzqiqx,New-Node_urvkemmxka,748317592
UMLCloneNode,container-admin-user,container-admin-user_ynajyjgazi,,514097147
UMLCloneNode,container-sso,container-sso_zawdrqozjb,,528475989
UMLCloneNode,container-verification,container-verification_xisxvfzewq,,464032554
Move_Operation_New_Component_New_Node,findAll,New-Component_pyadhwqafe,New-Node_gtqjkhreco,660262715
UMLCloneNode,container-admin-user,container-admin-user_ynajyjgazi,,496282294
UMLCloneNode,New-Node_zkxkbouyck,New-Node_zkxkbouyck_gvagmsokdp,,319483127
UMLCloneNode,container-verification,container-verification_xisxvfzewq,,505642815
Move_Operation_New_Component_New_Node,getByID,New-Component_qblcnzqiqx,New-Node_urvkemmxka,725697308
UMLCloneNode,container-admin-user,container-admin-user_ynajyjgazi,,503296415
Move_Component_New_Node,Admin-user,New-Node_rkutwkxjhd,,497074720
UMLCloneNode,container-verification,container-verification_xisxvfzewq,,382166641
Move_Operation_New_Component_New_Node,rebook,New-Component_vqtbqyakcz,New-Node_xndpoejxqw,689980086
UMLCloneNode,container-admin-user,container-admin-user_ynajyjgazi,,508954905
Move_Operation_New_Component_New_Node,rebook,New-Component_sxovtqyhtq,New-Node_ykegnttmqm,780786113
Move_Operation_New_Component_New_Node,modify,New-Component_nuepvlftnp,New-Node_uithqvuzue,643657980
Move_Operation_New_Component_New_Node,getByID,New-Component_dibdhgzvgs,New-Node_sbpwhblyfh,658440519
Move_Operation_New_Component_New_Node,findAll,New-Component_rbsgmuppko,New-Node_elamtypwtp,698202153
UMLCloneNode,container-order-other,container-order-other_dwsscreydy,,568024033
UMLCloneNode,container-verification,container-verification_xisxvfzewq,,998024595
Move_Operation_New_Component_New_Node,rebook,New-Component_vqtbqyakcz,New-Node_xndpoejxqw,634888266
UMLCloneNode,container-admin-user,container-admin-user_ynajyjgazi,,500740784
Move_Operation_Component,modify,Seat,,296951989
UMLCloneNode,container-verification,container-verification_xisxvfzewq,,458619985
Move_Operation_New_Component_New_Node,findAll,New-Component_pyadhwqafe,New-Node_gtqjkhreco,623711139
UMLCloneNode,container-admin-user,container-admin-user_ynajyjgazi,,357876025
UMLCloneNode,continer-route-plan,continer-route-plan_silajejjch,,507068819
Move_Operation_New_Component_New_Node,modify,New-Component_nuepvlftnp,New-Node_uithqvuzue,691330969
Move_Operation_New_Component_New_Node,getByID,New-Component_dibdhgzvgs,New-Node_sbpwhblyfh,655279000
Move_Operation_New_Component_New_Node,findAll,New-Component_rbsgmuppko,New-Node_elamtypwtp,684082548
Move_Component_New_Node,Sso,New-Node_rnppfixxzd,,601660684
UMLCloneNode,container-verification,container-verification_xisxvfzewq,,544875959
Move_Operation_New_Component_New_Node,getByID,New-Component_qblcnzqiqx,New-Node_urvkemmxka,734072161
UMLCloneNode,container-admin-user,container-admin-user_ynajyjgazi,,508021325
UMLCloneNode,New-Node_hkdqajdcvh,New-Node_hkdqajdcvh_gfiuewtklw,,270969821
UMLCloneNode,container-verification,container-verification_xisxvfzewq,,484258809
Move_Operation_New_Component_New_Node,findAll,New-Component_pyadhwqafe,New-Node_gtqjkhreco,688782531
UMLCloneNode,container-admin-user,container-admin-user_ynajyjgazi,,457236110
UMLCloneNode,New-Node_hkdqajdcvh,New-Node_hkdqajdcvh_gfiuewtklw,,301083727
UMLCloneNode,container-verification,container-verification_xisxvfzewq,,513176241
Move_Operation_New_Component_New_Node,findAll,New-Component_pyadhwqafe,New-Node_gtqjkhreco,647594612
UMLCloneNode,container-admin-user,container-admin-user_ynajyjgazi,,474935548
UMLCloneNode,New-Node_hkdqajdcvh,New-Node_hkdqajdcvh_gfiuewtklw,,274186153
UMLCloneNode,container-verification,container-verification_xisxvfzewq,,533186691
Move_Operation_New_Component_New_Node,findAll,New-Component_pyadhwqafe,New-Node_gtqjkhreco,671493033
UMLCloneNode,container-admin-user,container-admin-user_ynajyjgazi,,414540724
UMLCloneNode,container-order-other,container-order-other_dwsscreydy,,558586537
UMLCloneNode,container-verification,container-verification_xisxvfzewq,,557427955
Move_Operation_New_Component_New_Node,rebook,New-Component_vqtbqyakcz,New-Node_xndpoejxqw,728708604
UMLCloneNode,container-admin-user,container-admin-user_ynajyjgazi,,589737988
Move_Operation_New_Component_New_Node,login,New-Component_tsnbhugyho,New-Node_bblcmrvaik,1253985865
UMLCloneNode,container-verification,container-verification_xisxvfzewq,,473376394
Move_Operation_New_Component_New_Node,findAll,New-Component_pyadhwqafe,New-Node_gtqjkhreco,705322895
UMLCloneNode,container-admin-user,container-admin-user_ynajyjgazi,,485865893
Move_Operation_New_Component_New_Node,login,New-Component_tsnbhugyho,New-Node_bblcmrvaik,784579084
UMLCloneNode,container-verification,container-verification_xisxvfzewq,,465636280
Move_Operation_New_Component_New_Node,findAll,New-Component_pyadhwqafe,New-Node_gtqjkhreco,654372801
UMLCloneNode,container-admin-user,container-admin-user_ynajyjgazi,,510159133
Move_Operation_Component,modify,Seat,,292470487
UMLCloneNode,container-verification,container-verification_xisxvfzewq,,470907394
Move_Operation_New_Component_New_Node,findAll,New-Component_pyadhwqafe,New-Node_gtqjkhreco,674853934
UMLCloneNode,container-admin-user,container-admin-user_ynajyjgazi,,557428917
Move_Operation_Component,modify,Seat,,327392697
UMLCloneNode,container-verification,container-verification_xisxvfzewq,,492194459
Move_Operation_New_Component_New_Node,findAll,New-Component_pyadhwqafe,New-Node_gtqjkhreco,643091418
UMLCloneNode,container-admin-user,container-admin-user_ynajyjgazi,,485540583
UMLCloneNode,New-Node_hkdqajdcvh,New-Node_hkdqajdcvh_gfiuewtklw,,299786004
UMLCloneNode,container-verification,container-verification_xisxvfzewq,,503128611
Move_Operation_New_Component_New_Node,findAll,New-Component_pyadhwqafe,New-Node_gtqjkhreco,650937910
UMLCloneNode,container-admin-user,container-admin-user_ynajyjgazi,,468086055
Move_Operation_New_Component_New_Node,login,New-Component_tsnbhugyho,New-Node_bblcmrvaik,794400219
UMLCloneNode,container-verification,container-verification_xisxvfzewq,,458110680
Move_Operation_New_Component_New_Node,findAll,New-Component_pyadhwqafe,New-Node_gtqjkhreco,676951948
UMLCloneNode,container-admin-user,container-admin-user_ynajyjgazi,,488660713
Move_Operation_New_Component_New_Node,login,New-Component_tsnbhugyho,New-Node_bblcmrvaik,814497874
UMLCloneNode,container-verification,container-verification_xisxvfzewq,,528890446
Move_Operation_New_Component_New_Node,findAll,New-Component_pyadhwqafe,New-Node_gtqjkhreco,731345479
UMLCloneNode,container-admin-user,container-admin-user_ynajyjgazi,,538954786
Move_Operation_Component,login,Order-other,,287418463
UMLCloneNode,container-verification,container-verification_xisxvfzewq,,578045274
Move_Operation_New_Component_New_Node,rebook,New-Component_vqtbqyakcz,New-Node_xndpoejxqw,724768697
UMLCloneNode,container-admin-user,container-admin-user_ynajyjgazi,,548082521
Move_Operation_New_Component_New_Node,rebook,New-Component_itdopivzwp,New-Node_khqmfuqyqa,1006135804
UMLCloneNode,container-verification,container-verification_xisxvfzewq,,496740402
Move_Operation_New_Component_New_Node,rebook,New-Component_vqtbqyakcz,New-Node_xndpoejxqw,818877175
UMLCloneNode,container-admin-user,container-admin-user_ynajyjgazi,,592097281
Move_Operation_Component,findAll,Admin-user,,260468541
UMLCloneNode,container-verification,container-verification_xisxvfzewq,,525265178
Move_Operation_New_Component_New_Node,rebook,New-Component_vqtbqyakcz,New-Node_xndpoejxqw,768673721
UMLCloneNode,container-admin-user,container-admin-user_ynajyjgazi,,503909636
UMLCloneNode,container-rebook,container-rebook_nplatvnjla,,518910483
UMLCloneNode,container-verification,container-verification_xisxvfzewq,,570723344
Move_Operation_New_Component_New_Node,findAll,New-Component_pyadhwqafe,New-Node_gtqjkhreco,739501562
UMLCloneNode,container-admin-user,container-admin-user_ynajyjgazi,,609048045
UMLCloneNode,container-sso,container-sso_zawdrqozjb,,526499603
UMLCloneNode,container-verification,container-verification_xisxvfzewq,,554370291
Move_Operation_New_Component_New_Node,findAll,New-Component_pyadhwqafe,New-Node_gtqjkhreco,724409213
UMLCloneNode,container-admin-user,container-admin-user_ynajyjgazi,,525025890
UMLCloneNode,container-sso,container-sso_zawdrqozjb,,541488297
UMLCloneNode,container-verification,container-verification_xisxvfzewq,,530974213
Move_Operation_New_Component_New_Node,findAll,New-Component_pyadhwqafe,New-Node_gtqjkhreco,700676072
UMLCloneNode,container-admin-user,container-admin-user_ynajyjgazi,,525114365
UMLCloneNode,New-Node_hkdqajdcvh,New-Node_hkdqajdcvh_gfiuewtklw,,278416093
UMLCloneNode,container-verification,container-verification_xisxvfzewq,,488184029
Move_Operation_New_Component_New_Node,findAll,New-Component_pyadhwqafe,New-Node_gtqjkhreco,672405043
UMLCloneNode,container-admin-user,container-admin-user_ynajyjgazi,,478461829
UMLCloneNode,container-order-other,container-order-other_dwsscreydy,,511033422
UMLCloneNode,container-verification,container-verification_xisxvfzewq,,466190921
Move_Operation_New_Component_New_Node,rebook,New-Component_vqtbqyakcz,New-Node_xndpoejxqw,699725119
UMLCloneNode,container-admin-user,container-admin-user_ynajyjgazi,,464656253
UMLCloneNode,New-Node_hkdqajdcvh,New-Node_hkdqajdcvh_gfiuewtklw,,277450914
UMLCloneNode,container-verification,container-verification_xisxvfzewq,,446712929
Move_Operation_New_Component_New_Node,findAll,New-Component_pyadhwqafe,New-Node_gtqjkhreco,688264219
UMLCloneNode,container-admin-user,container-admin-user_ynajyjgazi,,458596531
Move_Operation_Component,modify,Seat,,279822631
Move_Operation_New_Component_New_Node,rebook,New-Component_zfzekhywfw,New-Node_mhalmjujpz,758594322
Move_Operation_New_Component_New_Node,findAll,New-Component_pyadhwqafe,New-Node_gtqjkhreco,837064266
UMLCloneNode,container-admin-user,container-admin-user_ynajyjgazi,,575251615
UMLCloneNode,New-Node_hkdqajdcvh,New-Node_hkdqajdcvh_gfiuewtklw,,316599059
UMLCloneNode,container-verification,container-verification_xisxvfzewq,,460413467
Move_Operation_New_Component_New_Node,findAll,New-Component_pyadhwqafe,New-Node_gtqjkhreco,705508833
UMLCloneNode,container-admin-user,container-admin-user_ynajyjgazi,,436097353
UMLCloneNode,container-sso,container-sso_zawdrqozjb,,525189977
UMLCloneNode,container-verification,container-verification_xisxvfzewq,,479222826
Move_Operation_New_Component_New_Node,findAll,New-Component_pyadhwqafe,New-Node_gtqjkhreco,654348446
UMLCloneNode,container-admin-user,container-admin-user_ynajyjgazi,,477142897
Move_Component_New_Node,Travel-plan,New-Node_rwnxgasxuf,,515687099
UMLCloneNode,container-verification,container-verification_xisxvfzewq,,367670680
Move_Operation_New_Component_New_Node,findAll,New-Component_pyadhwqafe,New-Node_gtqjkhreco,539452090
UMLCloneNode,container-admin-user,container-admin-user_ynajyjgazi,,386212808
Move_Operation_New_Component_New_Node,login,New-Component_tsnbhugyho,New-Node_bblcmrvaik,772917118
UMLCloneNode,container-verification,container-verification_xisxvfzewq,,554453527
Move_Operation_New_Component_New_Node,findAll,New-Component_pyadhwqafe,New-Node_gtqjkhreco,736799355
UMLCloneNode,container-admin-user,container-admin-user_ynajyjgazi,,583818429
Move_Operation_Component,modify,Seat,,336971649
UMLCloneNode,container-verification,container-verification_xisxvfzewq,,469799637
Move_Operation_New_Component_New_Node,findAll,New-Component_pyadhwqafe,New-Node_gtqjkhreco,719332524
UMLCloneNode,container-admin-user,container-admin-user_ynajyjgazi,,589341204
UMLCloneNode,container-sso,container-sso_zawdrqozjb,,635964455
UMLCloneNode,container-verification,container-verification_xisxvfzewq,,473537185
Move_Operation_New_Component_New_Node,findAll,New-Component_pyadhwqafe,New-Node_gtqjkhreco,629204659
UMLCloneNode,container-admin-user,container-admin-user_ynajyjgazi,,457579474
UMLCloneNode,container-sso,container-sso_zawdrqozjb,,513107792
UMLCloneNode,container-verification,container-verification_xisxvfzewq,,508448516
Move_Operation_New_Component_New_Node,findAll,New-Component_pyadhwqafe,New-Node_gtqjkhreco,741537730
UMLCloneNode,container-admin-user,container-admin-user_ynajyjgazi,,502399063
Move_Operation_New_Component_New_Node,verify,New-Component_knmnjaoejn,New-Node_xdcpwgdezm,1146612625
Move_Operation_New_Component_New_Node,modify,New-Component_nuepvlftnp,New-Node_uithqvuzue,681781994
Move_Operation_New_Component_New_Node,getByID,New-Component_dibdhgzvgs,New-Node_sbpwhblyfh,680785716
Move_Operation_New_Component_New_Node,findAll,New-Component_rbsgmuppko,New-Node_elamtypwtp,666106122
Move_Operation_Component,modify,Seat,,363182816
UMLCloneNode,container-verification,container-verification_xisxvfzewq,,457414525
Move_Operation_New_Component_New_Node,findAll,New-Component_pyadhwqafe,New-Node_gtqjkhreco,674111973
UMLCloneNode,container-admin-user,container-admin-user_ynajyjgazi,,477446366
Move_Operation_Component,modify,Seat,,316983951
UMLCloneNode,container-verification,container-verification_xisxvfzewq,,486765700
Move_Operation_New_Component_New_Node,findAll,New-Component_pyadhwqafe,New-Node_gtqjkhreco,685035835
UMLCloneNode,container-admin-user,container-admin-user_ynajyjgazi,,462820772
Move_Operation_New_Component_New_Node,rebook,New-Component_sxovtqyhtq,New-Node_ykegnttmqm,826396875
Move_Operation_New_Component_New_Node,modify,New-Component_nuepvlftnp,New-Node_uithqvuzue,730176857
Move_Operation_New_Component_New_Node,getByID,New-Component_dibdhgzvgs,New-Node_sbpwhblyfh,649482472
Move_Operation_New_Component_New_Node,findAll,New-Component_rbsgmuppko,New-Node_elamtypwtp,644916701
UMLCloneNode,New-Node_hkdqajdcvh,New-Node_hkdqajdcvh_gfiuewtklw,,266905982
UMLCloneNode,container-verification,container-verification_xisxvfzewq,,474423207
Move_Operation_New_Component_New_Node,findAll,New-Component_pyadhwqafe,New-Node_gtqjkhreco,627411528
UMLCloneNode,container-admin-user,container-admin-user_ynajyjgazi,,474005163
Move_Operation_New_Component_New_Node,login,New-Component_tsnbhugyho,New-Node_bblcmrvaik,875554067
UMLCloneNode,container-verification,container-verification_xisxvfzewq,,509565280
Move_Operation_New_Component_New_Node,findAll,New-Component_pyadhwqafe,New-Node_gtqjkhreco,634636404
UMLCloneNode,container-admin-user,container-admin-user_ynajyjgazi,,467352599
Move_Operation_New_Component_New_Node,rebook,New-Component_sxovtqyhtq,New-Node_ykegnttmqm,766016128
Move_Operation_New_Component_New_Node,modify,New-Component_nuepvlftnp,New-Node_uithqvuzue,654761139
Move_Operation_New_Component_New_Node,getByID,New-Component_dibdhgzvgs,New-Node_sbpwhblyfh,640030929
Move_Operation_New_Component_New_Node,findAll,New-Component_rbsgmuppko,New-Node_elamtypwtp,677901629
UMLCloneNode,New-Node_hkdqajdcvh,New-Node_hkdqajdcvh_gfiuewtklw,,214536566
UMLCloneNode,container-verification,container-verification_xisxvfzewq,,483933689
Move_Operation_New_Component_New_Node,findAll,New-Component_pyadhwqafe,New-Node_gtqjkhreco,679393636
UMLCloneNode,container-admin-user,container-admin-user_ynajyjgazi,,459301943
Move_Operation_New_Component_New_Node,findAll,New-Component_gdbfouqpea,New-Node_flkhcvmyid,693173624
UMLCloneNode,container-verification,container-verification_xisxvfzewq,,1166452746
Move_Operation_New_Component_New_Node,rebook,New-Component_vqtbqyakcz,New-Node_xndpoejxqw,738015816
UMLCloneNode,container-admin-user,container-admin-user_ynajyjgazi,,467580456
UMLCloneNode,container-sso,container-sso_zawdrqozjb,,554679842
Move_Operation_Component,generate,Ticket-info,,298911143
Move_Operation_New_Component_New_Node,findAll,New-Component_pyadhwqafe,New-Node_gtqjkhreco,678120269
UMLCloneNode,container-admin-user,container-admin-user_ynajyjgazi,,495797825
Move_Operation_Component,modify,Seat,,313032812
UMLCloneNode,container-verification,container-verification_xisxvfzewq,,453552524
Move_Operation_New_Component_New_Node,findAll,New-Component_pyadhwqafe,New-Node_gtqjkhreco,631750664
UMLCloneNode,container-admin-user,container-admin-user_ynajyjgazi,,461537715
UMLCloneNode,container-sso,container-sso_zawdrqozjb,,495513312
UMLCloneNode,container-verification,container-verification_xisxvfzewq,,478581444
UMLCloneNode,container-order-other,container-order-other_brhyjqixjv,,512243752
UMLCloneNode,container-admin-user,container-admin-user_ynajyjgazi,,498122334
Move_Operation_New_Component_New_Node,login,New-Component_tsnbhugyho,New-Node_bblcmrvaik,752476410
UMLCloneNode,container-verification,container-verification_xisxvfzewq,,476864995
Move_Operation_New_Component_New_Node,findAll,New-Component_pyadhwqafe,New-Node_gtqjkhreco,640419187
UMLCloneNode,container-admin-user,container-admin-user_ynajyjgazi,,522192246
Move_Operation_New_Component_New_Node,findAll,New-Component_gdbfouqpea,New-Node_flkhcvmyid,652744939
UMLCloneNode,container-verification,container-verification_xisxvfzewq,,473048430
Move_Operation_New_Component_New_Node,rebook,New-Component_vqtbqyakcz,New-Node_xndpoejxqw,700656285
UMLCloneNode,container-admin-user,container-admin-user_ynajyjgazi,,481298368
Move_Operation_Component,modify,Seat,,338106526
UMLCloneNode,container-verification,container-verification_xisxvfzewq,,520912096
Move_Operation_New_Component_New_Node,findAll,New-Component_pyadhwqafe,New-Node_gtqjkhreco,652531579
UMLCloneNode,container-admin-user,container-admin-user_ynajyjgazi,,486553211
Move_Operation_New_Component_New_Node,findAll,New-Component_gdbfouqpea,New-Node_flkhcvmyid,681181208
UMLCloneNode,container-verification,container-verification_xisxvfzewq,,471762267
Move_Operation_New_Component_New_Node,rebook,New-Component_vqtbqyakcz,New-Node_xndpoejxqw,708377453
UMLCloneNode,container-admin-user,container-admin-user_ynajyjgazi,,462656714
Move_Operation_New_Component_New_Node,rebook,New-Component_sxovtqyhtq,New-Node_ykegnttmqm,1194693810
Move_Operation_New_Component_New_Node,modify,New-Component_nuepvlftnp,New-Node_uithqvuzue,688899250
Move_Operation_New_Component_New_Node,getByID,New-Component_dibdhgzvgs,New-Node_sbpwhblyfh,673055001
Move_Operation_New_Component_New_Node,findAll,New-Component_rbsgmuppko,New-Node_elamtypwtp,654023476
UMLCloneNode,container-login,container-login_nknavipnfa,,505592671
UMLCloneNode,container-verification,container-verification_xisxvfzewq,,484426644
Move_Operation_New_Component_New_Node,findAll,New-Component_pyadhwqafe,New-Node_gtqjkhreco,672307279
UMLCloneNode,container-admin-user,container-admin-user_ynajyjgazi,,462274768
Move_Operation_Component,modify,Seat,,276253289
UMLCloneNode,container-verification,container-verification_xisxvfzewq,,460159582
Move_Operation_New_Component_New_Node,findAll,New-Component_pyadhwqafe,New-Node_gtqjkhreco,654747994
UMLCloneNode,container-admin-user,container-admin-user_ynajyjgazi,,477411089
Move_Operation_New_Component_New_Node,rebook,New-Component_sxovtqyhtq,New-Node_ykegnttmqm,745070654
Move_Operation_New_Component_New_Node,modify,New-Component_nuepvlftnp,New-Node_uithqvuzue,723011192
Move_Operation_New_Component_New_Node,getByID,New-Component_dibdhgzvgs,New-Node_sbpwhblyfh,820501911
Move_Operation_New_Component_New_Node,findAll,New-Component_rbsgmuppko,New-Node_elamtypwtp,759367131
UMLCloneNode,New-Node_lwhapgqbwk,New-Node_lwhapgqbwk_eiwxaypvuz,,289231784
UMLCloneNode,container-verification,container-verification_xisxvfzewq,,485447858
Move_Operation_New_Component_New_Node,findAll,New-Component_pyadhwqafe,New-Node_gtqjkhreco,650802517
UMLCloneNode,container-admin-user,container-admin-user_ynajyjgazi,,550136373
UMLCloneNode,container-rebook,container-rebook_miokhhtafw,,546529379
UMLCloneNode,container-verification,container-verification_xisxvfzewq,,455419103
Move_Operation_New_Component_New_Node,findAll,New-Component_pyadhwqafe,New-Node_gtqjkhreco,646640272
UMLCloneNode,container-admin-user,container-admin-user_ynajyjgazi,,458185991
UMLCloneNode,container-rebook,container-rebook_nplatvnjla,,403077750
UMLCloneNode,container-verification,container-verification_xisxvfzewq,,393671052
Move_Operation_New_Component_New_Node,findAll,New-Component_pyadhwqafe,New-Node_gtqjkhreco,636291408
UMLCloneNode,container-admin-user,container-admin-user_ynajyjgazi,,424299883
UMLCloneNode,container-sso,container-sso_zawdrqozjb,,578543958
UMLCloneNode,container-verification,container-verification_xisxvfzewq,,557903847
Move_Operation_New_Component_New_Node,findAll,New-Component_ybnmspeekb,New-Node_fezkxfyfib,704153763
UMLCloneNode,container-admin-user,container-admin-user_ynajyjgazi,,455843419
UMLCloneNode,container-login,container-login_nknavipnfa,,457876831
UMLCloneNode,container-verification,container-verification_xisxvfzewq,,566043549
Move_Operation_New_Component_New_Node,findAll,New-Component_pyadhwqafe,New-Node_gtqjkhreco,1093727332
Move_Operation_New_Component_New_Node,updateUser,New-Component_foivlvpxgz,New-Node_kwdbgninmz,732592668
Move_Operation_New_Component_New_Node,rebook,New-Component_sxovtqyhtq,New-Node_ykegnttmqm,815925350
Move_Operation_New_Component_New_Node,modify,New-Component_nuepvlftnp,New-Node_uithqvuzue,657687306
Move_Operation_New_Component_New_Node,getByID,New-Component_dibdhgzvgs,New-Node_sbpwhblyfh,672820611
Move_Operation_New_Component_New_Node,findAll,New-Component_rbsgmuppko,New-Node_elamtypwtp,744553164
UMLCloneNode,container-login,container-login_nknavipnfa,,507124634
UMLCloneNode,container-verification,container-verification_xisxvfzewq,,650397086
Move_Operation_New_Component_New_Node,findAll,New-Component_pyadhwqafe,New-Node_gtqjkhreco,730241679
UMLCloneNode,container-admin-user,container-admin-user_ynajyjgazi,,496935328
UMLCloneNode,New-Node_hkdqajdcvh,New-Node_hkdqajdcvh_gfiuewtklw,,266705706
UMLCloneNode,container-verification,container-verification_xisxvfzewq,,470638861
Move_Operation_New_Component_New_Node,findAll,New-Component_pyadhwqafe,New-Node_gtqjkhreco,653968994
UMLCloneNode,container-admin-user,container-admin-user_ynajyjgazi,,491538980
Move_Operation_Component,modify,Seat,,282350922
UMLCloneNode,container-verification,container-verification_xisxvfzewq,,464633471
Move_Operation_New_Component_New_Node,findAll,New-Component_pyadhwqafe,New-Node_gtqjkhreco,673816679
UMLCloneNode,container-admin-user,container-admin-user_ynajyjgazi,,474328379
Move_Operation_New_Component_New_Node,getByID,New-Component_ixgppgmttr,New-Node_fmgvztraks,705711534
UMLCloneNode,container-verification,container-verification_xisxvfzewq,,537792838
Move_Operation_New_Component_New_Node,getByID,New-Component_qblcnzqiqx,New-Node_urvkemmxka,774193952
UMLCloneNode,container-admin-user,container-admin-user_ynajyjgazi,,582270155
UMLCloneNode,container-login,container-login_nknavipnfa,,610906099
UMLCloneNode,container-verification,container-verification_xisxvfzewq,,471732702
Move_Operation_New_Component_New_Node,findAll,New-Component_pyadhwqafe,New-Node_gtqjkhreco,662608303
UMLCloneNode,container-admin-user,container-admin-user_ynajyjgazi,,465699860
Move_Operation_Component,login,Ticket-info,,336738762
UMLCloneNode,container-verification,container-verification_xisxvfzewq,,471101889
Move_Operation_New_Component_New_Node,findAll,New-Component_pyadhwqafe,New-Node_gtqjkhreco,667510825
UMLCloneNode,container-admin-user,container-admin-user_ynajyjgazi,,456852741
Move_Operation_Component,modify,Seat,,269777456
UMLCloneNode,container-verification,container-verification_xisxvfzewq,,564750685
Move_Operation_New_Component_New_Node,findAll,New-Component_pyadhwqafe,New-Node_gtqjkhreco,681015768
UMLCloneNode,container-admin-user,container-admin-user_ynajyjgazi,,733999855
UMLCloneNode,container-login,container-login_nknavipnfa,,517702859
UMLCloneNode,container-verification,container-verification_xisxvfzewq,,580829904
Move_Operation_New_Component_New_Node,findAll,New-Component_pyadhwqafe,New-Node_gtqjkhreco,767387339
Move_Operation_New_Component_New_Node,updateUser,New-Component_foivlvpxgz,New-Node_kwdbgninmz,774057546
Move_Operation_Component,modify,Travel-plan,,258272433
UMLCloneNode,container-verification,container-verification_xisxvfzewq,,455571298
Move_Operation_New_Component_New_Node,findAll,New-Component_pyadhwqafe,New-Node_gtqjkhreco,717811481
UMLCloneNode,container-admin-user,container-admin-user_ynajyjgazi,,633864327
UMLCloneNode,container-login,container-login_nknavipnfa,,539249640
UMLCloneNode,container-verification,container-verification_xisxvfzewq,,453111967
Move_Operation_New_Component_New_Node,findAll,New-Component_pyadhwqafe,New-Node_gtqjkhreco,653163914
Move_Operation_New_Component_New_Node,updateUser,New-Component_foivlvpxgz,New-Node_kwdbgninmz,796048069
UMLCloneNode,container-rebook,container-rebook_miokhhtafw,,560516576
UMLCloneNode,container-verification,container-verification_xisxvfzewq,,483492071
Move_Operation_New_Component_New_Node,findAll,New-Component_pyadhwqafe,New-Node_gtqjkhreco,659407872
UMLCloneNode,container-admin-user,container-admin-user_ynajyjgazi,,467638124
Move_Component_New_Node,Admin-user,New-Node_jlpkshtszv,,621343610
UMLCloneNode,container-verification,container-verification_xisxvfzewq,,518587087
Move_Operation_New_Component_New_Node,findAll,New-Component_pyadhwqafe,New-Node_gtqjkhreco,677062165
UMLCloneNode,container-admin-user,container-admin-user_ynajyjgazi,,471867465
UMLCloneNode,container-rebook,container-rebook_miokhhtafw,,567640674
UMLCloneNode,container-verification,container-verification_xisxvfzewq,,489874419
Move_Operation_New_Component_New_Node,findAll,New-Component_pyadhwqafe,New-Node_gtqjkhreco,679992289
UMLCloneNode,container-admin-user,container-admin-user_ynajyjgazi,,485097441
UMLCloneNode,container-rebook,container-rebook_miokhhtafw,,460871196
UMLCloneNode,container-verification,container-verification_xisxvfzewq,,460894841
Move_Operation_New_Component_New_Node,findAll,New-Component_pyadhwqafe,New-Node_gtqjkhreco,617480646
UMLCloneNode,container-admin-user,container-admin-user_ynajyjgazi,,379022215
UMLCloneNode,container-login,container-login_nknavipnfa,,529491292
UMLCloneNode,container-verification,container-verification_xisxvfzewq,,507202289
Move_Operation_New_Component_New_Node,findAll,New-Component_pyadhwqafe,New-Node_gtqjkhreco,745932931
Move_Operation_New_Component_New_Node,updateUser,New-Component_foivlvpxgz,New-Node_kwdbgninmz,752015165
Move_Operation_New_Component_New_Node,rebook,New-Component_sxovtqyhtq,New-Node_ykegnttmqm,861389938
Move_Operation_New_Component_New_Node,modify,New-Component_nuepvlftnp,New-Node_uithqvuzue,588933970
Move_Operation_New_Component_New_Node,getByID,New-Component_dibdhgzvgs,New-Node_sbpwhblyfh,690857452
Move_Operation_New_Component_New_Node,findAll,New-Component_rbsgmuppko,New-Node_elamtypwtp,641387564
UMLCloneNode,container-login,container-login_nknavipnfa,,601422267
UMLCloneNode,container-verification,container-verification_xisxvfzewq,,527071615
Move_Operation_New_Component_New_Node,findAll,New-Component_pyadhwqafe,New-Node_gtqjkhreco,727299643
Move_Operation_New_Component_New_Node,updateUser,New-Component_foivlvpxgz,New-Node_kwdbgninmz,697025847
UMLCloneNode,New-Node_zkxkbouyck,New-Node_zkxkbouyck_gvagmsokdp,,295271599
UMLCloneNode,container-verification,container-verification_xisxvfzewq,,488876908
Move_Operation_New_Component_New_Node,getByID,New-Component_qblcnzqiqx,New-Node_urvkemmxka,720057382
UMLCloneNode,container-admin-user,container-admin-user_ynajyjgazi,,561973658
UMLCloneNode,container-login,container-login_nknavipnfa,,577889000
UMLCloneNode,container-verification,container-verification_xisxvfzewq,,468338327
Move_Operation_New_Component_New_Node,findAll,New-Component_pyadhwqafe,New-Node_gtqjkhreco,659473235
Move_Operation_New_Component_New_Node,updateUser,New-Component_foivlvpxgz,New-Node_kwdbgninmz,724811868
Move_Operation_New_Component_New_Node,login,New-Component_tsnbhugyho,New-Node_bblcmrvaik,813193027
UMLCloneNode,container-verification,container-verification_xisxvfzewq,,485421318
Move_Operation_New_Component_New_Node,findAll,New-Component_pyadhwqafe,New-Node_gtqjkhreco,681678391
UMLCloneNode,container-admin-user,container-admin-user_ynajyjgazi,,577306327
Move_Operation_New_Component_New_Node,findAll,New-Component_gdbfouqpea,New-Node_flkhcvmyid,712554775
UMLCloneNode,container-verification,container-verification_xisxvfzewq,,471858016
Move_Operation_New_Component_New_Node,rebook,New-Component_vqtbqyakcz,New-Node_xndpoejxqw,731598964
UMLCloneNode,container-admin-user,container-admin-user_ynajyjgazi,,489222947
Move_Operation_New_Component_New_Node,generate,New-Component_gtggibyhrz,New-Node_ajbeyhrlgv,761485162
UMLCloneNode,container-verification,container-verification_xisxvfzewq,,467077573
Move_Operation_New_Component_New_Node,findAll,New-Component_pyadhwqafe,New-Node_gtqjkhreco,657384297
UMLCloneNode,container-admin-user,container-admin-user_ynajyjgazi,,526364459
UMLCloneNode,container-order-other,container-order-other_dwsscreydy,,448702730
UMLCloneNode,container-verification,container-verification_xisxvfzewq,,574945101
Move_Operation_New_Component_New_Node,rebook,New-Component_vqtbqyakcz,New-Node_xndpoejxqw,903625943
UMLCloneNode,container-admin-user,container-admin-user_ynajyjgazi,,573025521
Move_Operation_New_Component_New_Node,rebook,New-Component_sxovtqyhtq,New-Node_ykegnttmqm,816382928
Move_Operation_New_Component_New_Node,modify,New-Component_nuepvlftnp,New-Node_uithqvuzue,756001750
Move_Operation_New_Component_New_Node,getByID,New-Component_dibdhgzvgs,New-Node_sbpwhblyfh,771638279
Move_Operation_New_Component_New_Node,findAll,New-Component_rbsgmuppko,New-Node_elamtypwtp,761683625
UMLCloneNode,New-Node_hkdqajdcvh,New-Node_hkdqajdcvh_gfiuewtklw,,296979191
UMLCloneNode,container-verification,container-verification_xisxvfzewq,,476324091
Move_Operation_New_Component_New_Node,findAll,New-Component_pyadhwqafe,New-Node_gtqjkhreco,685408104
UMLCloneNode,container-admin-user,container-admin-user_ynajyjgazi,,488759368
Move_Operation_Component,modify,Seat,,332719595
UMLCloneNode,container-verification,container-verification_xisxvfzewq,,455508571
Move_Operation_New_Component_New_Node,findAll,New-Component_pyadhwqafe,New-Node_gtqjkhreco,633944597
UMLCloneNode,container-admin-user,container-admin-user_ynajyjgazi,,466113836
Move_Operation_New_Component_New_Node,rebook,New-Component_sxovtqyhtq,New-Node_ykegnttmqm,846464503
Move_Operation_New_Component_New_Node,modify,New-Component_nuepvlftnp,New-Node_uithqvuzue,771253769
Move_Operation_New_Component_New_Node,getByID,New-Component_dibdhgzvgs,New-Node_sbpwhblyfh,762776183
Move_Operation_New_Component_New_Node,findAll,New-Component_rbsgmuppko,New-Node_elamtypwtp,715511559
Move_Operation_Component,generate,Admin-user,,323246443
Move_Operation_New_Component_New_Node,modify,New-Component_nuepvlftnp,New-Node_uithqvuzue,654723358
Move_Operation_New_Component_New_Node,getByID,New-Component_dibdhgzvgs,New-Node_sbpwhblyfh,687982892
Move_Operation_New_Component_New_Node,findAll,New-Component_rbsgmuppko,New-Node_elamtypwtp,655611193
UMLCloneNode,container-rebook,container-rebook_miokhhtafw,,519840777
UMLCloneNode,container-verification,container-verification_xisxvfzewq,,461302185
Move_Operation_New_Component_New_Node,findAll,New-Component_pyadhwqafe,New-Node_gtqjkhreco,649000428
UMLCloneNode,container-admin-user,container-admin-user_ynajyjgazi,,473781834
Move_Operation_New_Component_New_Node,rebook,New-Component_sxovtqyhtq,New-Node_ykegnttmqm,826297669
Move_Operation_New_Component_New_Node,modify,New-Component_nuepvlftnp,New-Node_uithqvuzue,679395400
Move_Operation_New_Component_New_Node,getByID,New-Component_dibdhgzvgs,New-Node_sbpwhblyfh,676495773
Move_Operation_New_Component_New_Node,findAll,New-Component_rbsgmuppko,New-Node_elamtypwtp,678255262
UMLCloneNode,container-order-other,container-order-other_dwsscreydy,,396419736
UMLCloneNode,container-verification,container-verification_xisxvfzewq,,398224290
Move_Operation_New_Component_New_Node,rebook,New-Component_vqtbqyakcz,New-Node_xndpoejxqw,1103384671
UMLCloneNode,container-admin-user,container-admin-user_ynajyjgazi,,488712840
Move_Operation_Component,modify,Seat,,342877051
UMLCloneNode,container-verification,container-verification_xisxvfzewq,,490914929
Move_Operation_New_Component_New_Node,findAll,New-Component_pyadhwqafe,New-Node_gtqjkhreco,657372125
UMLCloneNode,container-admin-user,container-admin-user_ynajyjgazi,,469532206
UMLCloneNode,container-login,container-login_nknavipnfa,,574568394
UMLCloneNode,container-verification,container-verification_xisxvfzewq,,494358727
Move_Operation_New_Component_New_Node,findAll,New-Component_pyadhwqafe,New-Node_gtqjkhreco,644577935
UMLCloneNode,container-admin-user,container-admin-user_ynajyjgazi,,472318331
UMLCloneNode,New-Node_hkdqajdcvh,New-Node_hkdqajdcvh_gfiuewtklw,,291053219
UMLCloneNode,container-verification,container-verification_xisxvfzewq,,465474658
Move_Operation_New_Component_New_Node,findAll,New-Component_pyadhwqafe,New-Node_gtqjkhreco,745897414
UMLCloneNode,container-admin-user,container-admin-user_ynajyjgazi,,524045211
Move_Component_New_Node,Seat,New-Node_oztrvghnqy,,558203108
Move_Operation_New_Component_New_Node,modify,New-Component_nuepvlftnp,New-Node_uithqvuzue,702109631
Move_Operation_New_Component_New_Node,getByID,New-Component_dibdhgzvgs,New-Node_sbpwhblyfh,661783567
Move_Operation_New_Component_New_Node,findAll,New-Component_rbsgmuppko,New-Node_elamtypwtp,719092233
Move_Operation_New_Component_New_Node,findAll,New-Component_svvjiqituh,New-Node_itkdtxfxki,757716626
Move_Operation_New_Component_New_Node,modify,New-Component_nuepvlftnp,New-Node_uithqvuzue,711712406
Move_Operation_New_Component_New_Node,getByID,New-Component_dibdhgzvgs,New-Node_sbpwhblyfh,797026223
Move_Operation_New_Component_New_Node,findAll,New-Component_rbsgmuppko,New-Node_elamtypwtp,773367993
UMLCloneNode,New-Node_hkdqajdcvh,New-Node_hkdqajdcvh_gfiuewtklw,,317653757
UMLCloneNode,container-verification,container-verification_xisxvfzewq,,467451896
Move_Operation_New_Component_New_Node,findAll,New-Component_pyadhwqafe,New-Node_gtqjkhreco,787765770
UMLCloneNode,container-admin-user,container-admin-user_ynajyjgazi,,552610342
Move_Component_New_Node,New-Component_fhxiapdrgj,New-Node_snmdweybrx,,333800743
UMLCloneNode,container-verification,container-verification_xisxvfzewq,,459245998
Move_Operation_New_Component_New_Node,findAll,New-Component_pyadhwqafe,New-Node_gtqjkhreco,676373684
Move_Operation_New_Component_New_Node,updateUser,New-Component_foivlvpxgz,New-Node_kwdbgninmz,747143942
Move_Operation_New_Component_New_Node,rebook,New-Component_sxovtqyhtq,New-Node_ykegnttmqm,830118132
Move_Operation_New_Component_New_Node,modify,New-Component_nuepvlftnp,New-Node_uithqvuzue,928233153
Move_Operation_New_Component_New_Node,getByID,New-Component_dibdhgzvgs,New-Node_sbpwhblyfh,661860891
Move_Operation_New_Component_New_Node,findAll,New-Component_rbsgmuppko,New-Node_elamtypwtp,697309761
UMLCloneNode,container-login,container-login_nknavipnfa,,593600891
UMLCloneNode,container-verification,container-verification_xisxvfzewq,,523645471
Move_Operation_New_Component_New_Node,findAll,New-Component_pyadhwqafe,New-Node_gtqjkhreco,753038724
UMLCloneNode,container-admin-user,container-admin-user_ynajyjgazi,,554342079
Move_Component_New_Node,New-Component_fhxiapdrgj,New-Node_snmdweybrx,,276585391
UMLCloneNode,container-verification,container-verification_xisxvfzewq,,486023798
Move_Operation_New_Component_New_Node,findAll,New-Component_pyadhwqafe,New-Node_gtqjkhreco,697576190
Move_Operation_New_Component_New_Node,updateUser,New-Component_foivlvpxgz,New-Node_kwdbgninmz,667948756
Move_Operation_Component,modify,Login,,377399232
UMLCloneNode,container-verification,container-verification_xisxvfzewq,,551014659
Move_Operation_New_Component_New_Node,rebook,New-Component_vqtbqyakcz,New-Node_xndpoejxqw,819094322
UMLCloneNode,container-admin-user,container-admin-user_ynajyjgazi,,566667810
Move_Operation_Component,modify,Seat,,296708062
UMLCloneNode,container-verification,container-verification_xisxvfzewq,,466569591
Move_Operation_New_Component_New_Node,findAll,New-Component_pyadhwqafe,New-Node_gtqjkhreco,712879404
UMLCloneNode,container-admin-user,container-admin-user_ynajyjgazi,,600367419
UMLCloneNode,New-Node_zkxkbouyck,New-Node_zkxkbouyck_gvagmsokdp,,269618318
UMLCloneNode,container-verification,container-verification_xisxvfzewq,,457400058
Move_Operation_New_Component_New_Node,getByID,New-Component_qblcnzqiqx,New-Node_urvkemmxka,670500011
UMLCloneNode,container-admin-user,container-admin-user_ynajyjgazi,,455050111
UMLCloneNode,container-rebook,container-rebook_miokhhtafw,,455203829
UMLCloneNode,container-verification,container-verification_xisxvfzewq,,575104890
Move_Operation_New_Component_New_Node,findAll,New-Component_pyadhwqafe,New-Node_gtqjkhreco,652705365
UMLCloneNode,container-admin-user,container-admin-user_ynajyjgazi,,498594900
Move_Operation_New_Component_New_Node,rebook,New-Component_sxovtqyhtq,New-Node_ykegnttmqm,783017006
Move_Operation_New_Component_New_Node,modify,New-Component_nuepvlftnp,New-Node_uithqvuzue,679987420
Move_Operation_New_Component_New_Node,getByID,New-Component_dibdhgzvgs,New-Node_sbpwhblyfh,676448935
Move_Operation_New_Component_New_Node,findAll,New-Component_rbsgmuppko,New-Node_elamtypwtp,727611257
UMLCloneNode,container-login,container-login_nknavipnfa,,540991806
UMLCloneNode,container-verification,container-verification_xisxvfzewq,,519918844
Move_Operation_New_Component_New_Node,findAll,New-Component_pyadhwqafe,New-Node_gtqjkhreco,784680815
Move_Operation_New_Component_New_Node,updateUser,New-Component_foivlvpxgz,New-Node_kwdbgninmz,763721144
Move_Operation_New_Component_New_Node,login,New-Component_bilrhurfxc,New-Node_nznmlbjvfp,801651957
UMLCloneNode,container-verification,container-verification_xisxvfzewq,,498316187
Move_Operation_New_Component_New_Node,findAll,New-Component_pyadhwqafe,New-Node_gtqjkhreco,807863524
Move_Operation_New_Component_New_Node,updateUser,New-Component_foivlvpxgz,New-Node_kwdbgninmz,689961953
UMLCloneNode,container-login,container-login_nknavipnfa,,502942652
UMLCloneNode,container-verification,container-verification_xisxvfzewq,,465498603
Move_Operation_New_Component_New_Node,findAll,New-Component_pyadhwqafe,New-Node_gtqjkhreco,646740631
Move_Operation_New_Component_New_Node,updateUser,New-Component_foivlvpxgz,New-Node_kwdbgninmz,685948697
UMLCloneNode,New-Node_zkxkbouyck,New-Node_zkxkbouyck_gvagmsokdp,,270800805
UMLCloneNode,container-verification,container-verification_xisxvfzewq,,533061707
Move_Operation_New_Component_New_Node,getByID,New-Component_qblcnzqiqx,New-Node_urvkemmxka,735985639
UMLCloneNode,container-admin-user,container-admin-user_ynajyjgazi,,520820043
UMLCloneNode,container-rebook,container-rebook_miokhhtafw,,583674709
Move_Operation_New_Component_New_Node,rebook,New-Component_dpwbofnltu,New-Node_zsheervalt,711732143
Move_Operation_New_Component_New_Node,findAll,New-Component_pyadhwqafe,New-Node_gtqjkhreco,659285913
UMLCloneNode,container-admin-user,container-admin-user_ynajyjgazi,,492864014
Move_Operation_Component,findAll,Station,,360564466
UMLCloneNode,container-verification,container-verification_xisxvfzewq,,468568309
Move_Operation_New_Component_New_Node,findAll,New-Component_pyadhwqafe,New-Node_gtqjkhreco,651071310
UMLCloneNode,container-admin-user,container-admin-user_ynajyjgazi,,559829368
UMLCloneNode,container-login,container-login_nknavipnfa,,465200604
UMLCloneNode,container-verification,container-verification_xisxvfzewq,,396890729
Move_Operation_New_Component_New_Node,findAll,New-Component_pyadhwqafe,New-Node_gtqjkhreco,658473800
Move_Operation_New_Component_New_Node,updateUser,New-Component_foivlvpxgz,New-Node_kwdbgninmz,770885959
Move_Operation_New_Component_New_Node,rebook,New-Component_sxovtqyhtq,New-Node_ykegnttmqm,778730618
Move_Operation_New_Component_New_Node,modify,New-Component_nuepvlftnp,New-Node_uithqvuzue,774076582
Move_Operation_New_Component_New_Node,getByID,New-Component_dibdhgzvgs,New-Node_sbpwhblyfh,772118340
Move_Operation_New_Component_New_Node,findAll,New-Component_rbsgmuppko,New-Node_elamtypwtp,791949183
UMLCloneNode,container-rebook,container-rebook_miokhhtafw,,499859481
UMLCloneNode,container-verification,container-verification_xisxvfzewq,,538807771
Move_Operation_New_Component_New_Node,findAll,New-Component_pyadhwqafe,New-Node_gtqjkhreco,761320643
UMLCloneNode,container-admin-user,container-admin-user_ynajyjgazi,,590665246
Move_Operation_New_Component_New_Node,login,New-Component_tsnbhugyho,New-Node_bblcmrvaik,712165736
UMLCloneNode,container-verification,container-verification_xisxvfzewq,,532072331
Move_Operation_New_Component_New_Node,findAll,New-Component_pyadhwqafe,New-Node_gtqjkhreco,719386545
UMLCloneNode,container-admin-user,container-admin-user_ynajyjgazi,,583510811
Move_Operation_New_Component_New_Node,findAll,New-Component_uutbdqpaqn,New-Node_tfomwgidui,623369498
UMLCloneNode,container-verification,container-verification_xisxvfzewq,,365293363
Move_Operation_New_Component_New_Node,findAll,New-Component_pyadhwqafe,New-Node_gtqjkhreco,637037236
UMLCloneNode,container-admin-user,container-admin-user_ynajyjgazi,,502870266
Move_Component_New_Node,Travel-plan,New-Node_jvcostwzml,,602528571
UMLCloneNode,container-verification,container-verification_xisxvfzewq,,472649170
Move_Operation_New_Component_New_Node,rebook,New-Component_vqtbqyakcz,New-Node_xndpoejxqw,811106985
UMLCloneNode,container-admin-user,container-admin-user_ynajyjgazi,,536382163
Move_Operation_New_Component_New_Node,findAll,New-Component_gdbfouqpea,New-Node_flkhcvmyid,720646107
UMLCloneNode,container-verification,container-verification_xisxvfzewq,,475440955
Move_Operation_New_Component_New_Node,rebook,New-Component_vqtbqyakcz,New-Node_xndpoejxqw,719628519
UMLCloneNode,container-admin-user,container-admin-user_ynajyjgazi,,500614667
UMLCloneNode,container-login,container-login_nknavipnfa,,533486513
UMLCloneNode,container-verification,container-verification_xisxvfzewq,,458306668
Move_Operation_New_Component_New_Node,findAll,New-Component_pyadhwqafe,New-Node_gtqjkhreco,581055147
UMLCloneNode,container-admin-user,container-admin-user_ynajyjgazi,,373638651
Move_Component_New_Node,Verification,New-Node_ymmgcsdnda,,526035232
UMLCloneNode,container-verification,container-verification_xisxvfzewq,,375040109
Move_Operation_New_Component_New_Node,rebook,New-Component_vqtbqyakcz,New-Node_xndpoejxqw,603795637
UMLCloneNode,container-admin-user,container-admin-user_ynajyjgazi,,375785346
Move_Operation_New_Component_New_Node,rebook,New-Component_sxovtqyhtq,New-Node_ykegnttmqm,838446468
Move_Operation_New_Component_New_Node,modify,New-Component_nuepvlftnp,New-Node_uithqvuzue,712374387
Move_Operation_New_Component_New_Node,getByID,New-Component_dibdhgzvgs,New-Node_sbpwhblyfh,727804660
Move_Operation_New_Component_New_Node,findAll,New-Component_rbsgmuppko,New-Node_elamtypwtp,686204326
Move_Component_New_Node,New-Component_fhxiapdrgj,New-Node_snmdweybrx,,229074927
UMLCloneNode,container-verification,container-verification_xisxvfzewq,,483222255
Move_Operation_New_Component_New_Node,findAll,New-Component_pyadhwqafe,New-Node_gtqjkhreco,733144081
Move_Operation_New_Component_New_Node,updateUser,New-Component_foivlvpxgz,New-Node_kwdbgninmz,715386745
UMLCloneNode,New-Node_zkxkbouyck,New-Node_zkxkbouyck_gvagmsokdp,,266295888
UMLCloneNode,container-verification,container-verification_xisxvfzewq,,467980266
Move_Operation_New_Component_New_Node,getByID,New-Component_qblcnzqiqx,New-Node_urvkemmxka,686397569
UMLCloneNode,container-admin-user,container-admin-user_ynajyjgazi,,481331009
UMLCloneNode,container-login,container-login_nknavipnfa,,483059981
UMLCloneNode,container-verification,container-verification_xisxvfzewq,,426527970
Move_Operation_New_Component_New_Node,findAll,New-Component_pyadhwqafe,New-Node_gtqjkhreco,740539859
UMLCloneNode,container-admin-user,container-admin-user_ynajyjgazi,,577319793
Move_Operation_New_Component_New_Node,login,New-Component_bilrhurfxc,New-Node_nznmlbjvfp,702362394
UMLCloneNode,container-verification,container-verification_xisxvfzewq,,450337756
Move_Operation_New_Component_New_Node,findAll,New-Component_pyadhwqafe,New-Node_gtqjkhreco,663780811
Move_Operation_New_Component_New_Node,updateUser,New-Component_foivlvpxgz,New-Node_kwdbgninmz,666618342
Move_Component_New_Node,Ticket-info,New-Node_mvrmppoezm,,662962077
UMLCloneNode,container-verification,container-verification_xisxvfzewq,,498428218
Move_Operation_New_Component_New_Node,rebook,New-Component_vqtbqyakcz,New-Node_xndpoejxqw,715810940
UMLCloneNode,container-admin-user,container-admin-user_ynajyjgazi,,484280540
UMLCloneNode,New-Node_hkdqajdcvh,New-Node_hkdqajdcvh_gfiuewtklw,,279670957
UMLCloneNode,container-verification,container-verification_xisxvfzewq,,474372362
Move_Operation_New_Component_New_Node,findAll,New-Component_pyadhwqafe,New-Node_gtqjkhreco,655062223
UMLCloneNode,container-admin-user,container-admin-user_ynajyjgazi,,485369251
Move_Operation_New_Component_New_Node,login,New-Component_tsnbhugyho,New-Node_bblcmrvaik,738612705
UMLCloneNode,container-verification,container-verification_xisxvfzewq,,481077414
Move_Operation_New_Component_New_Node,findAll,New-Component_pyadhwqafe,New-Node_gtqjkhreco,651093663
UMLCloneNode,container-admin-user,container-admin-user_ynajyjgazi,,513152185
UMLCloneNode,New-Node_hkdqajdcvh,New-Node_hkdqajdcvh_gfiuewtklw,,271553977
UMLCloneNode,container-verification,container-verification_xisxvfzewq,,487358881
Move_Operation_New_Component_New_Node,findAll,New-Component_pyadhwqafe,New-Node_gtqjkhreco,646337584
UMLCloneNode,container-admin-user,container-admin-user_ynajyjgazi,,466711938
UMLCloneNode,New-Node_zkxkbouyck,New-Node_zkxkbouyck_gvagmsokdp,,218496141
UMLCloneNode,container-verification,container-verification_xisxvfzewq,,460895672
Move_Operation_New_Component_New_Node,getByID,New-Component_qblcnzqiqx,New-Node_urvkemmxka,1047776352
UMLCloneNode,container-admin-user,container-admin-user_ynajyjgazi,,477967572
UMLCloneNode,container-rebook,container-rebook_miokhhtafw,,560388907
UMLCloneNode,container-verification,container-verification_xisxvfzewq,,490766862
Move_Operation_New_Component_New_Node,findAll,New-Component_pyadhwqafe,New-Node_gtqjkhreco,747993274
UMLCloneNode,container-admin-user,container-admin-user_ynajyjgazi,,524568271
UMLCloneNode,container-login,container-login_nknavipnfa,,510695729
UMLCloneNode,container-verification,container-verification_xisxvfzewq,,491867255
Move_Operation_New_Component_New_Node,findAll,New-Component_pyadhwqafe,New-Node_gtqjkhreco,695649718
Move_Operation_New_Component_New_Node,updateUser,New-Component_foivlvpxgz,New-Node_kwdbgninmz,710293065
Move_Operation_New_Component_New_Node,findAll,New-Component_gdbfouqpea,New-Node_flkhcvmyid,648842101
UMLCloneNode,container-verification,container-verification_xisxvfzewq,,394053610
Move_Operation_New_Component_New_Node,rebook,New-Component_vqtbqyakcz,New-Node_xndpoejxqw,633632252
UMLCloneNode,container-admin-user,container-admin-user_ynajyjgazi,,384347411
Move_Operation_New_Component_New_Node,rebook,New-Component_sxovtqyhtq,New-Node_ykegnttmqm,817163732
Move_Operation_New_Component_New_Node,modify,New-Component_nuepvlftnp,New-Node_uithqvuzue,704923757
Move_Operation_New_Component_New_Node,getByID,New-Component_dibdhgzvgs,New-Node_sbpwhblyfh,717846677
Move_Operation_New_Component_New_Node,findAll,New-Component_rbsgmuppko,New-Node_elamtypwtp,705400401
UMLCloneNode,container-rebook,container-rebook_miokhhtafw,,566973954
UMLCloneNode,container-verification,container-verification_xisxvfzewq,,458821103
Move_Operation_New_Component_New_Node,findAll,New-Component_pyadhwqafe,New-Node_gtqjkhreco,660804220
UMLCloneNode,container-admin-user,container-admin-user_ynajyjgazi,,467134370
UMLCloneNode,container-verification,container-verification_hllzkgmubt,,599742026
Move_Operation_New_Component_New_Node,modify,New-Component_nuepvlftnp,New-Node_uithqvuzue,765374184
Move_Operation_New_Component_New_Node,getByID,New-Component_dibdhgzvgs,New-Node_sbpwhblyfh,755986782
Move_Operation_New_Component_New_Node,findAll,New-Component_rbsgmuppko,New-Node_elamtypwtp,803591043
Move_Operation_New_Component_New_Node,rebook,New-Component_sxovtqyhtq,New-Node_ykegnttmqm,829472441
Move_Operation_New_Component_New_Node,modify,New-Component_nuepvlftnp,New-Node_uithqvuzue,678671382
Move_Operation_New_Component_New_Node,getByID,New-Component_dibdhgzvgs,New-Node_sbpwhblyfh,687941704
Move_Operation_New_Component_New_Node,findAll,New-Component_rbsgmuppko,New-Node_elamtypwtp,649108139
UMLCloneNode,container-station,container-station_uxlxapjfam,,457747349
UMLCloneNode,container-verification,container-verification_xisxvfzewq,,1003800295
Move_Operation_New_Component_New_Node,findAll,New-Component_pyadhwqafe,New-Node_gtqjkhreco,667370974
Move_Operation_New_Component_New_Node,updateUser,New-Component_foivlvpxgz,New-Node_kwdbgninmz,699940102
UMLCloneNode,container-login,container-login_nknavipnfa,,534618957
UMLCloneNode,container-verification,container-verification_xisxvfzewq,,496938233
Move_Operation_New_Component_New_Node,findAll,New-Component_pyadhwqafe,New-Node_gtqjkhreco,737329790
Move_Operation_New_Component_New_Node,updateUser,New-Component_foivlvpxgz,New-Node_kwdbgninmz,796805169
UMLCloneNode,container-login,container-login_nknavipnfa,,543329209
UMLCloneNode,container-verification,container-verification_xisxvfzewq,,475121666
Move_Operation_New_Component_New_Node,findAll,New-Component_pyadhwqafe,New-Node_gtqjkhreco,657275353
UMLCloneNode,container-admin-user,container-admin-user_ynajyjgazi,,474236056
Move_Component_New_Node,New-Component_fhxiapdrgj,New-Node_snmdweybrx,,314870617
UMLCloneNode,container-verification,container-verification_xisxvfzewq,,461199111
Move_Operation_New_Component_New_Node,findAll,New-Component_pyadhwqafe,New-Node_gtqjkhreco,655345124
Move_Operation_New_Component_New_Node,updateUser,New-Component_foivlvpxgz,New-Node_kwdbgninmz,766460581
UMLCloneNode,New-Node_zkxkbouyck,New-Node_zkxkbouyck_gvagmsokdp,,302143564
UMLCloneNode,container-verification,container-verification_xisxvfzewq,,459970156
Move_Operation_New_Component_New_Node,getByID,New-Component_qblcnzqiqx,New-Node_urvkemmxka,641347909
UMLCloneNode,container-admin-user,container-admin-user_ynajyjgazi,,461811450
Move_Operation_New_Component_New_Node,login,New-Component_ynehghvlgk,New-Node_ymtmlahpbm,777685659
UMLCloneNode,container-verification,container-verification_xisxvfzewq,,484375037
Move_Operation_New_Component_New_Node,findAll,New-Component_pyadhwqafe,New-Node_gtqjkhreco,681841065
Move_Operation_New_Component_New_Node,updateUser,New-Component_foivlvpxgz,New-Node_kwdbgninmz,667573694
Move_Operation_New_Component_New_Node,findAll,New-Component_gdbfouqpea,New-Node_flkhcvmyid,729082866
UMLCloneNode,container-verification,container-verification_xisxvfzewq,,511561122
Move_Operation_New_Component_New_Node,rebook,New-Component_vqtbqyakcz,New-Node_xndpoejxqw,794724247
UMLCloneNode,container-admin-user,container-admin-user_ynajyjgazi,,496974632
Move_Component_New_Node,New-Component_fhxiapdrgj,New-Node_snmdweybrx,,247127797
UMLCloneNode,container-verification,container-verification_xisxvfzewq,,468311858
Move_Operation_New_Component_New_Node,findAll,New-Component_pyadhwqafe,New-Node_gtqjkhreco,635123818
Move_Operation_New_Component_New_Node,updateUser,New-Component_foivlvpxgz,New-Node_kwdbgninmz,714368907
UMLCloneNode,New-Node_hkdqajdcvh,New-Node_hkdqajdcvh_gfiuewtklw,,204970450
UMLCloneNode,container-verification,container-verification_xisxvfzewq,,476971936
Move_Operation_New_Component_New_Node,findAll,New-Component_pyadhwqafe,New-Node_gtqjkhreco,735364034
UMLCloneNode,container-admin-user,container-admin-user_ynajyjgazi,,917244398
UMLCloneNode,container-login,container-login_nknavipnfa,,500882369
UMLCloneNode,container-verification,container-verification_xisxvfzewq,,478082238
Move_Operation_New_Component_New_Node,findAll,New-Component_pyadhwqafe,New-Node_gtqjkhreco,652299904
UMLCloneNode,container-admin-user,container-admin-user_ynajyjgazi,,578815868
UMLCloneNode,container-login,container-login_nknavipnfa,,559823466
UMLCloneNode,container-verification,container-verification_xisxvfzewq,,533924816
Move_Operation_New_Component_New_Node,findAll,New-Component_pyadhwqafe,New-Node_gtqjkhreco,718485676
UMLCloneNode,container-admin-user,container-admin-user_ynajyjgazi,,517854362
UMLCloneNode,container-order-other,container-order-other_dwsscreydy,,479876592
UMLCloneNode,container-verification,container-verification_xisxvfzewq,,493177131
Move_Operation_New_Component_New_Node,rebook,New-Component_vqtbqyakcz,New-Node_xndpoejxqw,753328718
UMLCloneNode,container-admin-user,container-admin-user_ynajyjgazi,,459154036
UMLCloneNode,container-login,container-login_nknavipnfa,,556991065
UMLCloneNode,container-verification,container-verification_xisxvfzewq,,454330412
Move_Operation_New_Component_New_Node,findAll,New-Component_pyadhwqafe,New-Node_gtqjkhreco,721115296
Move_Operation_New_Component_New_Node,updateUser,New-Component_foivlvpxgz,New-Node_kwdbgninmz,662424679
Move_Operation_New_Component_New_Node,login,New-Component_tsnbhugyho,New-Node_bblcmrvaik,714364659
UMLCloneNode,container-verification,container-verification_xisxvfzewq,,462888259
Move_Operation_New_Component_New_Node,findAll,New-Component_pyadhwqafe,New-Node_gtqjkhreco,665303687
UMLCloneNode,container-admin-user,container-admin-user_ynajyjgazi,,465227063
Move_Operation_New_Component_New_Node,login,New-Component_zxhnnhnrhf,New-Node_vsdtqabwqx,668582986
UMLCloneNode,container-verification,container-verification_xisxvfzewq,,381194889
Move_Operation_New_Component_New_Node,findAll,New-Component_pyadhwqafe,New-Node_gtqjkhreco,615127744
UMLCloneNode,container-admin-user,container-admin-user_ynajyjgazi,,491156823
Move_Operation_New_Component_New_Node,login,New-Component_tsnbhugyho,New-Node_bblcmrvaik,695980437
UMLCloneNode,container-verification,container-verification_xisxvfzewq,,571951057
Move_Operation_New_Component_New_Node,findAll,New-Component_pyadhwqafe,New-Node_gtqjkhreco,805680421
UMLCloneNode,container-admin-user,container-admin-user_ynajyjgazi,,586861434
Move_Operation_Component,modify,Seat,,340057054
UMLCloneNode,container-verification,container-verification_xisxvfzewq,,1033077121
Move_Operation_New_Component_New_Node,findAll,New-Component_pyadhwqafe,New-Node_gtqjkhreco,673384990
UMLCloneNode,container-admin-user,container-admin-user_ynajyjgazi,,469680203
UMLCloneNode,container-order-other,container-order-other_dwsscreydy,,501210514
UMLCloneNode,container-verification,container-verification_xisxvfzewq,,466087167
Move_Operation_New_Component_New_Node,rebook,New-Component_vqtbqyakcz,New-Node_xndpoejxqw,763428606
UMLCloneNode,container-admin-user,container-admin-user_ynajyjgazi,,462200058
UMLCloneNode,container-order-other,container-order-other_dwsscreydy,,573274057
UMLCloneNode,container-verification,container-verification_xisxvfzewq,,548393195
Move_Operation_New_Component_New_Node,rebook,New-Component_vqtbqyakcz,New-Node_xndpoejxqw,620727734
UMLCloneNode,container-admin-user,container-admin-user_ynajyjgazi,,417093220
Move_Operation_Component,generate,Travel-plan,,287535082
UMLCloneNode,container-verification,container-verification_xisxvfzewq,,538620710
Move_Operation_New_Component_New_Node,rebook,New-Component_vqtbqyakcz,New-Node_xndpoejxqw,773000394
UMLCloneNode,container-admin-user,container-admin-user_ynajyjgazi,,556540009
Move_Operation_Component,login,Route-plan,,273116777
UMLCloneNode,container-verification,container-verification_xisxvfzewq,,458572235
Move_Operation_New_Component_New_Node,findAll,New-Component_pyadhwqafe,New-Node_gtqjkhreco,664669187
Move_Operation_New_Component_New_Node,updateUser,New-Component_foivlvpxgz,New-Node_kwdbgninmz,652201480
UMLCloneNode,container-rebook,container-rebook_miokhhtafw,,417712922
UMLCloneNode,container-verification,container-verification_xisxvfzewq,,447418311
Move_Operation_New_Component_New_Node,findAll,New-Component_pyadhwqafe,New-Node_gtqjkhreco,637327551
UMLCloneNode,container-admin-user,container-admin-user_ynajyjgazi,,460324992
UMLCloneNode,container-login,container-login_nknavipnfa,,495641232
UMLCloneNode,container-verification,container-verification_xisxvfzewq,,477907170
Move_Operation_New_Component_New_Node,findAll,New-Component_pyadhwqafe,New-Node_gtqjkhreco,754967982
Move_Operation_New_Component_New_Node,updateUser,New-Component_foivlvpxgz,New-Node_kwdbgninmz,757101703
UMLCloneNode,New-Node_zkxkbouyck,New-Node_zkxkbouyck_gvagmsokdp,,263254896
UMLCloneNode,container-verification,container-verification_xisxvfzewq,,455070640
Move_Operation_New_Component_New_Node,getByID,New-Component_qblcnzqiqx,New-Node_urvkemmxka,601047795
UMLCloneNode,container-admin-user,container-admin-user_ynajyjgazi,,373956116
Move_Component_New_Node,Route-plan,New-Node_krgkeybpjn,,471850332
UMLCloneNode,container-verification,container-verification_xisxvfzewq,,441008843
Move_Operation_New_Component_New_Node,findAll,New-Component_pyadhwqafe,New-Node_gtqjkhreco,756828300
Move_Operation_New_Component_New_Node,updateUser,New-Component_foivlvpxgz,New-Node_kwdbgninmz,1404402504
UMLCloneNode,container-travel-plan,container-travel-plan_hovhwjcxdc,,549073901
UMLCloneNode,container-verification,container-verification_xisxvfzewq,,491571881
Move_Operation_New_Component_New_Node,findAll,New-Component_pyadhwqafe,New-Node_gtqjkhreco,728222103
UMLCloneNode,container-admin-user,container-admin-user_ynajyjgazi,,479163305
Move_Operation_New_Component_New_Node,rebook,New-Component_sxovtqyhtq,New-Node_ykegnttmqm,849659123
Move_Operation_New_Component_New_Node,modify,New-Component_nuepvlftnp,New-Node_uithqvuzue,744774269
Move_Operation_New_Component_New_Node,getByID,New-Component_dibdhgzvgs,New-Node_sbpwhblyfh,649114742
Move_Operation_New_Component_New_Node,findAll,New-Component_rbsgmuppko,New-Node_elamtypwtp,642150794
Move_Component_New_Node,Verification,New-Node_jtaxwhctgq,,658702189
UMLCloneNode,container-verification,container-verification_xisxvfzewq,,503243185
Move_Operation_New_Component_New_Node,findAll,New-Component_pyadhwqafe,New-Node_gtqjkhreco,765237919
UMLCloneNode,container-admin-user,container-admin-user_ynajyjgazi,,574094706
UMLCloneNode,container-rebook,container-rebook_miokhhtafw,,503498975
UMLCloneNode,container-verification,container-verification_xisxvfzewq,,496311578
Move_Operation_New_Component_New_Node,findAll,New-Component_pyadhwqafe,New-Node_gtqjkhreco,773323299
UMLCloneNode,container-admin-user,container-admin-user_ynajyjgazi,,513603201
Move_Operation_New_Component_New_Node,login,New-Component_ynehghvlgk,New-Node_ymtmlahpbm,741401223
UMLCloneNode,container-verification,container-verification_xisxvfzewq,,459378737
Move_Operation_New_Component_New_Node,findAll,New-Component_pyadhwqafe,New-Node_gtqjkhreco,678455808
Move_Operation_New_Component_New_Node,updateUser,New-Component_foivlvpxgz,New-Node_kwdbgninmz,730494222
UMLCloneNode,container-order-other,container-order-other_dwsscreydy,,539462288
UMLCloneNode,container-verification,container-verification_xisxvfzewq,,502639774
Move_Operation_New_Component_New_Node,rebook,New-Component_vqtbqyakcz,New-Node_xndpoejxqw,744677156
UMLCloneNode,container-admin-user,container-admin-user_ynajyjgazi,,539885833
Move_Operation_New_Component_New_Node,login,New-Component_zxhnnhnrhf,New-Node_vsdtqabwqx,737754035
UMLCloneNode,container-verification,container-verification_xisxvfzewq,,519395302
Move_Operation_New_Component_New_Node,findAll,New-Component_pyadhwqafe,New-Node_gtqjkhreco,814348333
UMLCloneNode,container-admin-user,container-admin-user_ynajyjgazi,,561095332
Move_Operation_Component,findAll,New-Component_nnxowlaofx,,271920734
UMLCloneNode,container-verification,container-verification_xisxvfzewq,,867227534
Move_Operation_New_Component_New_Node,findAll,New-Component_pyadhwqafe,New-Node_gtqjkhreco,608088687
Move_Operation_New_Component_New_Node,updateUser,New-Component_foivlvpxgz,New-Node_kwdbgninmz,596861335
Move_Operation_Component,modify,Seat,,286870205
UMLCloneNode,container-verification,container-verification_xisxvfzewq,,479350446
Move_Operation_New_Component_New_Node,findAll,New-Component_pyadhwqafe,New-Node_gtqjkhreco,657109773
UMLCloneNode,container-admin-user,container-admin-user_ynajyjgazi,,458114758
UMLCloneNode,container-login,container-login_nknavipnfa,,587738398
UMLCloneNode,container-verification,container-verification_xisxvfzewq,,537347182
Move_Operation_New_Component_New_Node,findAll,New-Component_pyadhwqafe,New-Node_gtqjkhreco,726540159
UMLCloneNode,container-admin-user,container-admin-user_ynajyjgazi,,514591594
UMLCloneNode,container-rebook,container-rebook_miokhhtafw,,483377497
UMLCloneNode,container-verification,container-verification_xisxvfzewq,,457070109
Move_Operation_New_Component_New_Node,findAll,New-Component_pyadhwqafe,New-Node_gtqjkhreco,637462603
UMLCloneNode,container-admin-user,container-admin-user_ynajyjgazi,,509490630
UMLCloneNode,New-Node_hkdqajdcvh,New-Node_hkdqajdcvh_gfiuewtklw,,260394793
UMLCloneNode,container-verification,container-verification_xisxvfzewq,,462795605
Move_Operation_New_Component_New_Node,findAll,New-Component_pyadhwqafe,New-Node_gtqjkhreco,749490051
UMLCloneNode,container-admin-user,container-admin-user_ynajyjgazi,,496469054
UMLCloneNode,container-order-other,container-order-other_vcmbfpwsoa,,375265241
UMLCloneNode,container-verification,container-verification_xisxvfzewq,,406216757
Move_Operation_New_Component_New_Node,findAll,New-Component_pyadhwqafe,New-Node_gtqjkhreco,579686580
UMLCloneNode,container-admin-user,container-admin-user_ynajyjgazi,,367871607
UMLCloneNode,container-rebook,container-rebook_miokhhtafw,,508174803
UMLCloneNode,container-verification,container-verification_xisxvfzewq,,445940380
Move_Operation_New_Component_New_Node,findAll,New-Component_pyadhwqafe,New-Node_gtqjkhreco,645243213
UMLCloneNode,container-admin-user,container-admin-user_ynajyjgazi,,463372686
UMLCloneNode,New-Node_hkdqajdcvh,New-Node_hkdqajdcvh_gfiuewtklw,,314719515
UMLCloneNode,container-verification,container-verification_xisxvfzewq,,469197809
Move_Operation_New_Component_New_Node,findAll,New-Component_pyadhwqafe,New-Node_gtqjkhreco,671266658
UMLCloneNode,container-admin-user,container-admin-user_ynajyjgazi,,492513497
Move_Operation_New_Component_New_Node,rebook,New-Component_sxovtqyhtq,New-Node_ykegnttmqm,1015420343
Move_Operation_New_Component_New_Node,modify,New-Component_nuepvlftnp,New-Node_uithqvuzue,684022004
Move_Operation_New_Component_New_Node,getByID,New-Component_dibdhgzvgs,New-Node_sbpwhblyfh,678307299
Move_Operation_New_Component_New_Node,findAll,New-Component_rbsgmuppko,New-Node_elamtypwtp,994238045
Move_Operation_New_Component_New_Node,rebook,New-Component_sxovtqyhtq,New-Node_ykegnttmqm,701583213
Move_Operation_New_Component_New_Node,modify,New-Component_nuepvlftnp,New-Node_uithqvuzue,630044144
Move_Operation_New_Component_New_Node,getByID,New-Component_dibdhgzvgs,New-Node_sbpwhblyfh,651395829
Move_Operation_New_Component_New_Node,findAll,New-Component_rbsgmuppko,New-Node_elamtypwtp,632973306
Move_Operation_New_Component_New_Node,findAll,New-Component_gdbfouqpea,New-Node_flkhcvmyid,731855284
UMLCloneNode,container-verification,container-verification_xisxvfzewq,,499543218
Move_Operation_New_Component_New_Node,rebook,New-Component_vqtbqyakcz,New-Node_xndpoejxqw,807452313
UMLCloneNode,container-admin-user,container-admin-user_ynajyjgazi,,569634653
Move_Operation_New_Component_New_Node,rebook,New-Component_sxovtqyhtq,New-Node_ykegnttmqm,793648069
Move_Operation_New_Component_New_Node,modify,New-Component_nuepvlftnp,New-Node_uithqvuzue,670973077
Move_Operation_New_Component_New_Node,getByID,New-Component_dibdhgzvgs,New-Node_sbpwhblyfh,707075481
Move_Operation_New_Component_New_Node,findAll,New-Component_rbsgmuppko,New-Node_elamtypwtp,670314693
Move_Component_New_Node,New-Component_fhxiapdrgj,New-Node_snmdweybrx,,262132170
UMLCloneNode,container-verification,container-verification_xisxvfzewq,,463261538
Move_Operation_New_Component_New_Node,findAll,New-Component_pyadhwqafe,New-Node_gtqjkhreco,654023176
Move_Operation_New_Component_New_Node,updateUser,New-Component_foivlvpxgz,New-Node_kwdbgninmz,764761185
Move_Operation_New_Component_New_Node,login,New-Component_ynehghvlgk,New-Node_ymtmlahpbm,727145774
UMLCloneNode,container-verification,container-verification_xisxvfzewq,,541204645
Move_Operation_New_Component_New_Node,findAll,New-Component_pyadhwqafe,New-Node_gtqjkhreco,705797264
Move_Operation_New_Component_New_Node,updateUser,New-Component_foivlvpxgz,New-Node_kwdbgninmz,767941668
UMLCloneNode,container-login,container-login_nknavipnfa,,565779624
UMLCloneNode,container-verification,container-verification_xisxvfzewq,,483195114
Move_Operation_New_Component_New_Node,findAll,New-Component_pyadhwqafe,New-Node_gtqjkhreco,641984373
Move_Operation_New_Component_New_Node,updateUser,New-Component_foivlvpxgz,New-Node_kwdbgninmz,665720669
Move_Component_New_Node,New-Component_fhxiapdrgj,New-Node_snmdweybrx,,274388482
UMLCloneNode,container-verification,container-verification_xisxvfzewq,,474574750
Move_Operation_New_Component_New_Node,findAll,New-Component_pyadhwqafe,New-Node_gtqjkhreco,652528443
Move_Operation_New_Component_New_Node,updateUser,New-Component_foivlvpxgz,New-Node_kwdbgninmz,683864950
Move_Operation_New_Component_New_Node,findAll,New-Component_gdbfouqpea,New-Node_flkhcvmyid,1125284714
UMLCloneNode,container-verification,container-verification_xisxvfzewq,,552952333
Move_Operation_New_Component_New_Node,rebook,New-Component_vqtbqyakcz,New-Node_xndpoejxqw,835776251
UMLCloneNode,container-admin-user,container-admin-user_ynajyjgazi,,560760533
Move_Operation_New_Component_New_Node,login,New-Component_ynehghvlgk,New-Node_ymtmlahpbm,673411730
UMLCloneNode,container-verification,container-verification_xisxvfzewq,,461463758
Move_Operation_New_Component_New_Node,findAll,New-Component_pyadhwqafe,New-Node_gtqjkhreco,709278522
Move_Operation_New_Component_New_Node,updateUser,New-Component_foivlvpxgz,New-Node_kwdbgninmz,780958045
Move_Operation_New_Component_New_Node,login,New-Component_zxhnnhnrhf,New-Node_vsdtqabwqx,758584753
UMLCloneNode,container-verification,container-verification_xisxvfzewq,,461308976
Move_Operation_New_Component_New_Node,findAll,New-Component_pyadhwqafe,New-Node_gtqjkhreco,634998684
UMLCloneNode,container-admin-user,container-admin-user_ynajyjgazi,,510493510
UMLCloneNode,container-order-other,container-order-other_vcmbfpwsoa,,541477377
UMLCloneNode,container-verification,container-verification_xisxvfzewq,,458710645
Move_Operation_New_Component_New_Node,findAll,New-Component_pyadhwqafe,New-Node_gtqjkhreco,652379544
UMLCloneNode,container-admin-user,container-admin-user_ynajyjgazi,,469808444
Move_Operation_New_Component_New_Node,rebook,New-Component_sxovtqyhtq,New-Node_ykegnttmqm,755503977
Move_Operation_New_Component_New_Node,modify,New-Component_nuepvlftnp,New-Node_uithqvuzue,646385214
Move_Operation_New_Component_New_Node,getByID,New-Component_dibdhgzvgs,New-Node_sbpwhblyfh,673631552
Move_Operation_New_Component_New_Node,findAll,New-Component_rbsgmuppko,New-Node_elamtypwtp,638467067
Move_Operation_Component,modify,Seat,,311628148
UMLCloneNode,container-verification,container-verification_xisxvfzewq,,458119536
Move_Operation_New_Component_New_Node,findAll,New-Component_pyadhwqafe,New-Node_gtqjkhreco,651324595
UMLCloneNode,container-admin-user,container-admin-user_ynajyjgazi,,466166996
Move_Operation_Component,modify,Admin-user,,309748023
UMLCloneNode,container-verification,container-verification_xisxvfzewq,,357861538
Move_Operation_New_Component_New_Node,findAll,New-Component_pyadhwqafe,New-Node_gtqjkhreco,613548674
Move_Operation_New_Component_New_Node,updateUser,New-Component_foivlvpxgz,New-Node_kwdbgninmz,683985206
UMLCloneNode,container-rebook,container-rebook_miokhhtafw,,587133263
UMLCloneNode,container-verification,container-verification_xisxvfzewq,,511343555
Move_Operation_New_Component_New_Node,findAll,New-Component_pyadhwqafe,New-Node_gtqjkhreco,655822129
UMLCloneNode,container-admin-user,container-admin-user_ynajyjgazi,,454996410
Move_Component_New_Node,Route-plan,New-Node_pnsxzgsgzh,,523627878
Move_Operation_New_Component_New_Node,modify,New-Component_nuepvlftnp,New-Node_uithqvuzue,651457084
Move_Operation_New_Component_New_Node,getByID,New-Component_dibdhgzvgs,New-Node_sbpwhblyfh,684796267
Move_Operation_New_Component_New_Node,findAll,New-Component_rbsgmuppko,New-Node_elamtypwtp,660541097
Move_Operation_New_Component_New_Node,rebook,New-Component_sxovtqyhtq,New-Node_ykegnttmqm,819306880
Move_Operation_New_Component_New_Node,modify,New-Component_nuepvlftnp,New-Node_uithqvuzue,711684443
Move_Operation_New_Component_New_Node,getByID,New-Component_dibdhgzvgs,New-Node_sbpwhblyfh,708207324
Move_Operation_New_Component_New_Node,findAll,New-Component_rbsgmuppko,New-Node_elamtypwtp,780117298
Move_Component_New_Node,New-Component_fhxiapdrgj,New-Node_snmdweybrx,,307479820
UMLCloneNode,container-verification,container-verification_xisxvfzewq,,578307495
Move_Operation_New_Component_New_Node,findAll,New-Component_pyadhwqafe,New-Node_gtqjkhreco,720108769
Move_Operation_New_Component_New_Node,updateUser,New-Component_foivlvpxgz,New-Node_kwdbgninmz,682425542
UMLCloneNode,container-login,container-login_nknavipnfa,,565574450
UMLCloneNode,container-verification,container-verification_xisxvfzewq,,501919243
Move_Operation_New_Component_New_Node,findAll,New-Component_pyadhwqafe,New-Node_gtqjkhreco,663759251
Move_Operation_New_Component_New_Node,updateUser,New-Component_foivlvpxgz,New-Node_kwdbgninmz,707724538
Move_Operation_New_Component_New_Node,rebook,New-Component_sxovtqyhtq,New-Node_ykegnttmqm,706386680
Move_Operation_New_Component_New_Node,modify,New-Component_nuepvlftnp,New-Node_uithqvuzue,685629890
Move_Operation_New_Component_New_Node,getByID,New-Component_dibdhgzvgs,New-Node_sbpwhblyfh,655255476
Move_Operation_New_Component_New_Node,findAll,New-Component_rbsgmuppko,New-Node_elamtypwtp,650832834
Move_Operation_Component,modify,Admin-user,,344012741
UMLCloneNode,container-verification,container-verification_xisxvfzewq,,370359553
Move_Operation_New_Component_New_Node,findAll,New-Component_pyadhwqafe,New-Node_gtqjkhreco,626474861
Move_Operation_New_Component_New_Node,updateUser,New-Component_foivlvpxgz,New-Node_kwdbgninmz,722948534
UMLCloneNode,New-Node_hkdqajdcvh,New-Node_hkdqajdcvh_gfiuewtklw,,269317503
UMLCloneNode,container-verification,container-verification_xisxvfzewq,,461523860
Move_Operation_New_Component_New_Node,findAll,New-Component_pyadhwqafe,New-Node_gtqjkhreco,642732895
UMLCloneNode,container-admin-user,container-admin-user_ynajyjgazi,,471867896
Move_Operation_New_Component_New_Node,findAll,New-Component_gdbfouqpea,New-Node_flkhcvmyid,692680140
UMLCloneNode,container-verification,container-verification_xisxvfzewq,,483285043
Move_Operation_New_Component_New_Node,rebook,New-Component_vqtbqyakcz,New-Node_xndpoejxqw,748522557
UMLCloneNode,container-admin-user,container-admin-user_ynajyjgazi,,485922308
UMLCloneNode,New-Node_zkxkbouyck,New-Node_zkxkbouyck_gvagmsokdp,,880777491
UMLCloneNode,container-verification,container-verification_xisxvfzewq,,582702807
Move_Operation_New_Component_New_Node,getByID,New-Component_qblcnzqiqx,New-Node_urvkemmxka,762408644
UMLCloneNode,container-admin-user,container-admin-user_ynajyjgazi,,579517143
Move_Operation_Component,modify,Seat,,389775499
UMLCloneNode,container-verification,container-verification_xisxvfzewq,,472614255
Move_Operation_New_Component_New_Node,findAll,New-Component_pyadhwqafe,New-Node_gtqjkhreco,690056810
UMLCloneNode,container-admin-user,container-admin-user_ynajyjgazi,,489095088
Move_Operation_Component,modify,Admin-user,,306835461
UMLCloneNode,container-verification,container-verification_xisxvfzewq,,473373589
Move_Operation_New_Component_New_Node,findAll,New-Component_pyadhwqafe,New-Node_gtqjkhreco,624673233
Move_Operation_New_Component_New_Node,updateUser,New-Component_foivlvpxgz,New-Node_kwdbgninmz,672085754
UMLCloneNode,container-rebook,container-rebook_miokhhtafw,,585735804
UMLCloneNode,container-verification,container-verification_xisxvfzewq,,515178575
Move_Operation_New_Component_New_Node,findAll,New-Component_pyadhwqafe,New-Node_gtqjkhreco,709354154
UMLCloneNode,container-admin-user,container-admin-user_ynajyjgazi,,470395955
Move_Operation_Component,rebook,Station,,317953809
UMLCloneNode,container-verification,container-verification_xisxvfzewq,,460488098
Move_Operation_New_Component_New_Node,findAll,New-Component_pyadhwqafe,New-Node_gtqjkhreco,630957847
UMLCloneNode,container-admin-user,container-admin-user_ynajyjgazi,,460318250
UMLCloneNode,container-rebook,container-rebook_miokhhtafw,,499017563
UMLCloneNode,container-verification,container-verification_xisxvfzewq,,467891339
Move_Operation_New_Component_New_Node,findAll,New-Component_pyadhwqafe,New-Node_gtqjkhreco,672693884
UMLCloneNode,container-admin-user,container-admin-user_ynajyjgazi,,569642618
Move_Operation_Component,modify,Seat,,347505720
UMLCloneNode,container-verification,container-verification_xisxvfzewq,,448632278
Move_Operation_New_Component_New_Node,findAll,New-Component_pyadhwqafe,New-Node_gtqjkhreco,670531760
UMLCloneNode,container-admin-user,container-admin-user_ynajyjgazi,,466367091
Move_Operation_New_Component_New_Node,login,New-Component_zxhnnhnrhf,New-Node_vsdtqabwqx,726915843
UMLCloneNode,container-verification,container-verification_xisxvfzewq,,496411275
Move_Operation_New_Component_New_Node,findAll,New-Component_pyadhwqafe,New-Node_gtqjkhreco,728206373
UMLCloneNode,container-admin-user,container-admin-user_ynajyjgazi,,535299463
Move_Operation_Component,modify,Admin-user,,296764608
UMLCloneNode,container-verification,container-verification_xisxvfzewq,,903588894
Move_Operation_New_Component_New_Node,findAll,New-Component_pyadhwqafe,New-Node_gtqjkhreco,687427510
Move_Operation_New_Component_New_Node,updateUser,New-Component_foivlvpxgz,New-Node_kwdbgninmz,699891411
UMLCloneNode,container-login,container-login_nknavipnfa,,522022207
UMLCloneNode,container-verification,container-verification_xisxvfzewq,,462195539
Move_Operation_New_Component_New_Node,findAll,New-Component_pyadhwqafe,New-Node_gtqjkhreco,651393895
Move_Operation_New_Component_New_Node,updateUser,New-Component_foivlvpxgz,New-Node_kwdbgninmz,698376581
UMLCloneNode,New-Node_hkdqajdcvh,New-Node_hkdqajdcvh_gfiuewtklw,,321810981
UMLCloneNode,container-verification,container-verification_xisxvfzewq,,440412806
Move_Operation_New_Component_New_Node,findAll,New-Component_pyadhwqafe,New-Node_gtqjkhreco,670608504
UMLCloneNode,container-admin-user,container-admin-user_ynajyjgazi,,467002953
Move_Operation_Component,modify,Admin-user,,356277017
UMLCloneNode,container-verification,container-verification_xisxvfzewq,,483727142
Move_Operation_New_Component_New_Node,findAll,New-Component_pyadhwqafe,New-Node_gtqjkhreco,678540016
Move_Operation_New_Component_New_Node,updateUser,New-Component_foivlvpxgz,New-Node_kwdbgninmz,713683863
Move_Operation_New_Component_New_Node,getByID,New-Component_pdqttwxgdh,New-Node_jndaistzlk,685092351
UMLCloneNode,container-verification,container-verification_xisxvfzewq,,484529176
Move_Operation_New_Component_New_Node,rebook,New-Component_vqtbqyakcz,New-Node_xndpoejxqw,693824185
UMLCloneNode,container-admin-user,container-admin-user_ynajyjgazi,,456627329
UMLCloneNode,New-Node_zkxkbouyck,New-Node_zkxkbouyck_gvagmsokdp,,345355258
UMLCloneNode,container-verification,container-verification_xisxvfzewq,,545094729
Move_Operation_New_Component_New_Node,getByID,New-Component_qblcnzqiqx,New-Node_urvkemmxka,758473185
UMLCloneNode,container-admin-user,container-admin-user_ynajyjgazi,,571321206
UMLCloneNode,container-login,container-login_nknavipnfa,,588548347
UMLCloneNode,container-verification,container-verification_xisxvfzewq,,475122749
Move_Operation_New_Component_New_Node,findAll,New-Component_pyadhwqafe,New-Node_gtqjkhreco,689650398
Move_Operation_New_Component_New_Node,updateUser,New-Component_foivlvpxgz,New-Node_kwdbgninmz,692926621
UMLCloneNode,container-admin-user,container-admin-user_bxjvvpuxgn,,479845915
UMLCloneNode,container-verification,container-verification_xisxvfzewq,,463498252
Move_Operation_New_Component_New_Node,findAll,New-Component_pyadhwqafe,New-Node_gtqjkhreco,611379086
UMLCloneNode,container-admin-user,container-admin-user_ynajyjgazi,,598909464
Move_Operation_New_Component_New_Node,findAll,New-Component_gdbfouqpea,New-Node_flkhcvmyid,689326982
UMLCloneNode,container-verification,container-verification_xisxvfzewq,,463728695
Move_Operation_New_Component_New_Node,rebook,New-Component_vqtbqyakcz,New-Node_xndpoejxqw,690278015
UMLCloneNode,container-admin-user,container-admin-user_ynajyjgazi,,923736882
Move_Operation_Component,modify,Admin-user,,333685587
UMLCloneNode,container-verification,container-verification_xisxvfzewq,,466476075
UMLCloneNode,container-ticket-info,container-ticket-info_wmepndgzog,,464788652
Move_Operation_New_Component_New_Node,updateUser,New-Component_foivlvpxgz,New-Node_kwdbgninmz,683863287
Move_Component_New_Node,New-Component_fhxiapdrgj,New-Node_snmdweybrx,,262766470
UMLCloneNode,container-verification,container-verification_xisxvfzewq,,464737295
Move_Operation_New_Component_New_Node,findAll,New-Component_pyadhwqafe,New-Node_gtqjkhreco,675249145
Move_Operation_New_Component_New_Node,updateUser,New-Component_foivlvpxgz,New-Node_kwdbgninmz,680941438
Move_Operation_Component,modify,Admin-user,,298386830
UMLCloneNode,container-verification,container-verification_xisxvfzewq,,535822774
Move_Component_New_Node,Route-plan,New-Node_jzntpzotis,,596800209
Move_Operation_New_Component_New_Node,updateUser,New-Component_foivlvpxgz,New-Node_kwdbgninmz,760290613
Move_Component_New_Node,Station,New-Node_hxfnttaaib,,597793492
UMLCloneNode,container-verification,container-verification_xisxvfzewq,,377336224
Move_Operation_New_Component_New_Node,findAll,New-Component_pyadhwqafe,New-Node_gtqjkhreco,720560295
UMLCloneNode,container-admin-user,container-admin-user_ynajyjgazi,,576196627
Move_Component_New_Node,New-Component_fhxiapdrgj,New-Node_snmdweybrx,,268122062
UMLCloneNode,container-verification,container-verification_xisxvfzewq,,469445232
Move_Operation_New_Component_New_Node,findAll,New-Component_pyadhwqafe,New-Node_gtqjkhreco,639605041
Move_Operation_New_Component_New_Node,updateUser,New-Component_foivlvpxgz,New-Node_kwdbgninmz,661943426
Move_Operation_New_Component_New_Node,findAll,New-Component_gdbfouqpea,New-Node_flkhcvmyid,726404634
UMLCloneNode,container-verification,container-verification_xisxvfzewq,,508926622
Move_Operation_New_Component_New_Node,rebook,New-Component_vqtbqyakcz,New-Node_xndpoejxqw,750968663
UMLCloneNode,container-admin-user,container-admin-user_ynajyjgazi,,504002720
Move_Operation_Component,modify,Admin-user,,331574669
UMLCloneNode,container-verification,container-verification_xisxvfzewq,,463271317
Move_Operation_New_Component_New_Node,findAll,New-Component_pyadhwqafe,New-Node_gtqjkhreco,690393081
Move_Operation_New_Component_New_Node,updateUser,New-Component_foivlvpxgz,New-Node_kwdbgninmz,692935237
Move_Component_New_Node,Route-plan,New-Node_kxksttcrqy,,564621012
Move_Operation_New_Component_New_Node,modify,New-Component_nuepvlftnp,New-Node_uithqvuzue,1260583836
Move_Operation_New_Component_New_Node,getByID,New-Component_dibdhgzvgs,New-Node_sbpwhblyfh,660520438
Move_Operation_New_Component_New_Node,findAll,New-Component_rbsgmuppko,New-Node_elamtypwtp,703617908
Move_Component_New_Node,New-Component_fhxiapdrgj,New-Node_snmdweybrx,,308974332
UMLCloneNode,container-verification,container-verification_xisxvfzewq,,471822911
Move_Operation_New_Component_New_Node,findAll,New-Component_pyadhwqafe,New-Node_gtqjkhreco,765954503
Move_Operation_New_Component_New_Node,updateUser,New-Component_foivlvpxgz,New-Node_kwdbgninmz,798219211
UMLCloneNode,New-Node_hkdqajdcvh,New-Node_hkdqajdcvh_gfiuewtklw,,268592044
UMLCloneNode,container-verification,container-verification_xisxvfzewq,,464447462
Move_Operation_New_Component_New_Node,findAll,New-Component_pyadhwqafe,New-Node_gtqjkhreco,645433449
UMLCloneNode,container-admin-user,container-admin-user_ynajyjgazi,,459939490
UMLCloneNode,container-order-other,container-order-other_vcmbfpwsoa,,591037945
UMLCloneNode,container-verification,container-verification_xisxvfzewq,,547374955
Move_Operation_New_Component_New_Node,findAll,New-Component_pyadhwqafe,New-Node_gtqjkhreco,746903711
UMLCloneNode,container-admin-user,container-admin-user_ynajyjgazi,,532757066
Move_Operation_New_Component_New_Node,rebook,New-Component_sxovtqyhtq,New-Node_ykegnttmqm,838163277
Move_Operation_New_Component_New_Node,modify,New-Component_nuepvlftnp,New-Node_uithqvuzue,755831901
Move_Operation_New_Component_New_Node,getByID,New-Component_dibdhgzvgs,New-Node_sbpwhblyfh,810008085
Move_Operation_New_Component_New_Node,findAll,New-Component_rbsgmuppko,New-Node_elamtypwtp,759813016
Move_Operation_New_Component_New_Node,getByID,New-Component_pdqttwxgdh,New-Node_jndaistzlk,758408704
UMLCloneNode,container-verification,container-verification_xisxvfzewq,,566732270
Move_Operation_New_Component_New_Node,rebook,New-Component_vqtbqyakcz,New-Node_xndpoejxqw,806992190
UMLCloneNode,container-admin-user,container-admin-user_ynajyjgazi,,522828930
UMLCloneNode,container-login,container-login_nknavipnfa,,495526817
UMLCloneNode,container-verification,container-verification_xisxvfzewq,,462755570
Move_Operation_New_Component_New_Node,findAll,New-Component_pyadhwqafe,New-Node_gtqjkhreco,687802253
Move_Operation_New_Component_New_Node,updateUser,New-Component_foivlvpxgz,New-Node_kwdbgninmz,749010311
Move_Operation_New_Component_New_Node,rebook,New-Component_sxovtqyhtq,New-Node_ykegnttmqm,765301268
Move_Operation_New_Component_New_Node,modify,New-Component_nuepvlftnp,New-Node_uithqvuzue,651287706
Move_Operation_New_Component_New_Node,getByID,New-Component_dibdhgzvgs,New-Node_sbpwhblyfh,658962146
Move_Operation_New_Component_New_Node,findAll,New-Component_rbsgmuppko,New-Node_elamtypwtp,695794007
Move_Operation_New_Component_New_Node,getByID,New-Component_pdqttwxgdh,New-Node_jndaistzlk,928861000
UMLCloneNode,container-verification,container-verification_xisxvfzewq,,460998765
Move_Operation_New_Component_New_Node,rebook,New-Component_vqtbqyakcz,New-Node_xndpoejxqw,742148245
UMLCloneNode,container-admin-user,container-admin-user_ynajyjgazi,,468892136
UMLCloneNode,container-rebook,container-rebook_miokhhtafw,,558491138
UMLCloneNode,container-verification,container-verification_xisxvfzewq,,567135868
Move_Operation_New_Component_New_Node,findAll,New-Component_pyadhwqafe,New-Node_gtqjkhreco,811717711
UMLCloneNode,container-admin-user,container-admin-user_ynajyjgazi,,538047406
UMLCloneNode,New-Node_zkxkbouyck,New-Node_zkxkbouyck_gvagmsokdp,,283841767
UMLCloneNode,container-verification,container-verification_xisxvfzewq,,472635324
Move_Operation_New_Component_New_Node,getByID,New-Component_qblcnzqiqx,New-Node_urvkemmxka,659468395
UMLCloneNode,container-admin-user,container-admin-user_ynajyjgazi,,466979129
UMLCloneNode,New-Node_hkdqajdcvh,New-Node_hkdqajdcvh_gfiuewtklw,,235537024
UMLCloneNode,container-verification,container-verification_xisxvfzewq,,460401776
Move_Operation_New_Component_New_Node,findAll,New-Component_pyadhwqafe,New-Node_gtqjkhreco,656561886
UMLCloneNode,container-admin-user,container-admin-user_ynajyjgazi,,466587003
Move_Component_New_Node,Route-plan,New-Node_mzaqlkiqxv,,563339199
UMLCloneNode,container-verification,container-verification_xisxvfzewq,,499142647
Move_Operation_New_Component_New_Node,findAll,New-Component_pyadhwqafe,New-Node_gtqjkhreco,685942155
Move_Operation_New_Component_New_Node,updateUser,New-Component_foivlvpxgz,New-Node_kwdbgninmz,676816925
Move_Operation_Component,modify,Admin-user,,276854967
UMLCloneNode,container-verification,container-verification_xisxvfzewq,,476408018
Move_Operation_New_Component_New_Node,findAll,New-Component_pyadhwqafe,New-Node_gtqjkhreco,650111220
Move_Operation_New_Component_New_Node,updateUser,New-Component_foivlvpxgz,New-Node_kwdbgninmz,665191317
Move_Operation_New_Component_New_Node,updateUser,New-Component_ybvvdikmjr,New-Node_cmgwzxgzjs,620867226
UMLCloneNode,container-verification,container-verification_xisxvfzewq,,400312585
Move_Operation_New_Component_New_Node,findAll,New-Component_pyadhwqafe,New-Node_gtqjkhreco,558429403
Move_Operation_New_Component_New_Node,updateUser,New-Component_foivlvpxgz,New-Node_kwdbgninmz,558330086
Move_Operation_New_Component_New_Node,rebook,New-Component_sxovtqyhtq,New-Node_ykegnttmqm,816974056
Move_Operation_New_Component_New_Node,modify,New-Component_nuepvlftnp,New-Node_uithqvuzue,692558672
Move_Operation_New_Component_New_Node,getByID,New-Component_dibdhgzvgs,New-Node_sbpwhblyfh,664510200
Move_Operation_New_Component_New_Node,findAll,New-Component_rbsgmuppko,New-Node_elamtypwtp,659100867
Move_Operation_New_Component_New_Node,getByID,New-Component_pdqttwxgdh,New-Node_jndaistzlk,766430125
UMLCloneNode,container-verification,container-verification_xisxvfzewq,,977880173
Move_Operation_New_Component_New_Node,rebook,New-Component_vqtbqyakcz,New-Node_xndpoejxqw,720588719
UMLCloneNode,container-admin-user,container-admin-user_ynajyjgazi,,471228907
Move_Operation_Component,modify,Seat,,318333250
UMLCloneNode,container-verification,container-verification_xisxvfzewq,,497539972
Move_Operation_New_Component_New_Node,findAll,New-Component_pyadhwqafe,New-Node_gtqjkhreco,678823538
UMLCloneNode,container-admin-user,container-admin-user_ynajyjgazi,,467121556
UMLCloneNode,container-order-other,container-order-other_vcmbfpwsoa,,523246182
UMLCloneNode,container-verification,container-verification_xisxvfzewq,,454566624
Move_Operation_New_Component_New_Node,findAll,New-Component_pyadhwqafe,New-Node_gtqjkhreco,642457860
UMLCloneNode,container-admin-user,container-admin-user_ynajyjgazi,,527608442
UMLCloneNode,container-order-other,container-order-other_vcmbfpwsoa,,568430836
UMLCloneNode,container-verification,container-verification_xisxvfzewq,,472341533
Move_Operation_New_Component_New_Node,findAll,New-Component_pyadhwqafe,New-Node_gtqjkhreco,641837918
UMLCloneNode,container-admin-user,container-admin-user_ynajyjgazi,,468581543
UMLCloneNode,New-Node_hkdqajdcvh,New-Node_hkdqajdcvh_gfiuewtklw,,248757252
UMLCloneNode,container-verification,container-verification_xisxvfzewq,,461011078
Move_Operation_New_Component_New_Node,findAll,New-Component_pyadhwqafe,New-Node_gtqjkhreco,658254028
UMLCloneNode,container-admin-user,container-admin-user_ynajyjgazi,,460543732
Move_Operation_Component,verify,Rebook,,328491037
UMLCloneNode,container-verification,container-verification_xisxvfzewq,,456232017
Move_Operation_New_Component_New_Node,findAll,New-Component_pyadhwqafe,New-Node_gtqjkhreco,650078960
Move_Operation_New_Component_New_Node,updateUser,New-Component_foivlvpxgz,New-Node_kwdbgninmz,724745072
Move_Operation_New_Component_New_Node,login,New-Component_ynehghvlgk,New-Node_ymtmlahpbm,738581477
UMLCloneNode,container-verification,container-verification_xisxvfzewq,,547447651
Move_Operation_New_Component_New_Node,findAll,New-Component_pyadhwqafe,New-Node_gtqjkhreco,761176774
Move_Operation_New_Component_New_Node,updateUser,New-Component_foivlvpxgz,New-Node_kwdbgninmz,732155137
Move_Operation_Component,rebook,Verification,,324791821
UMLCloneNode,container-verification,container-verification_xisxvfzewq,,539626847
Move_Operation_New_Component_New_Node,rebook,New-Component_vqtbqyakcz,New-Node_xndpoejxqw,604028914
UMLCloneNode,container-admin-user,container-admin-user_ynajyjgazi,,379617091
Move_Operation_Component,rebook,Travel-plan,,245547323
UMLCloneNode,container-verification,container-verification_xisxvfzewq,,464994598
Move_Operation_New_Component_New_Node,findAll,New-Component_pyadhwqafe,New-Node_gtqjkhreco,756429442
Move_Operation_New_Component_New_Node,updateUser,New-Component_foivlvpxgz,New-Node_kwdbgninmz,1180123530
Move_Operation_Component,modify,Admin-user,,362006851
UMLCloneNode,container-verification,container-verification_xisxvfzewq,,584573484
Move_Operation_New_Component_New_Node,findAll,New-Component_pyadhwqafe,New-Node_gtqjkhreco,766757127
Move_Operation_New_Component_New_Node,updateUser,New-Component_foivlvpxgz,New-Node_kwdbgninmz,835911656
Move_Operation_Component,modify,Seat,,339862058
UMLCloneNode,container-verification,container-verification_xisxvfzewq,,506162960
Move_Operation_New_Component_New_Node,findAll,New-Component_pyadhwqafe,New-Node_gtqjkhreco,655007742
UMLCloneNode,container-admin-user,container-admin-user_ynajyjgazi,,525608051
UMLCloneNode,container-rebook,container-rebook_miokhhtafw,,627313413
UMLCloneNode,container-verification,container-verification_xisxvfzewq,,593531661
Move_Operation_New_Component_New_Node,findAll,New-Component_pyadhwqafe,New-Node_gtqjkhreco,776047247
UMLCloneNode,container-admin-user,container-admin-user_ynajyjgazi,,481599603
UMLCloneNode,container-login,container-login_nknavipnfa,,525199665
UMLCloneNode,container-verification,container-verification_xisxvfzewq,,509813455
Move_Operation_New_Component_New_Node,findAll,New-Component_pyadhwqafe,New-Node_gtqjkhreco,688163019
Move_Operation_New_Component_New_Node,updateUser,New-Component_foivlvpxgz,New-Node_kwdbgninmz,775229693
Move_Operation_New_Component_New_Node,generate,New-Component_ejaxucjura,New-Node_khxzciteep,754681434
UMLCloneNode,container-verification,container-verification_xisxvfzewq,,491581089
Move_Operation_New_Component_New_Node,findAll,New-Component_pyadhwqafe,New-Node_gtqjkhreco,688673787
UMLCloneNode,container-admin-user,container-admin-user_ynajyjgazi,,556036576
Move_Operation_New_Component_New_Node,rebook,New-Component_sxovtqyhtq,New-Node_ykegnttmqm,797389574
Move_Operation_New_Component_New_Node,modify,New-Component_nuepvlftnp,New-Node_uithqvuzue,748290351
Move_Operation_New_Component_New_Node,getByID,New-Component_dibdhgzvgs,New-Node_sbpwhblyfh,849183762
Move_Operation_New_Component_New_Node,findAll,New-Component_rbsgmuppko,New-Node_elamtypwtp,660882617
Move_Operation_Component,modify,Admin-user,,357433696
UMLCloneNode,container-verification,container-verification_xisxvfzewq,,471111587
Move_Operation_New_Component_New_Node,findAll,New-Component_pyadhwqafe,New-Node_gtqjkhreco,762823392
Move_Operation_New_Component_New_Node,updateUser,New-Component_foivlvpxgz,New-Node_kwdbgninmz,800530985
UMLCloneNode,container-rebook,container-rebook_miokhhtafw,,840723769
UMLCloneNode,container-verification,container-verification_xisxvfzewq,,510915171
Move_Operation_New_Component_New_Node,findAll,New-Component_pyadhwqafe,New-Node_gtqjkhreco,684887478
UMLCloneNode,container-admin-user,container-admin-user_ynajyjgazi,,484484181
Move_Operation_Component,modify,Seat,,270629874
UMLCloneNode,container-verification,container-verification_xisxvfzewq,,383306178
Move_Operation_New_Component_New_Node,findAll,New-Component_pyadhwqafe,New-Node_gtqjkhreco,562154507
UMLCloneNode,container-admin-user,container-admin-user_ynajyjgazi,,365971975
Move_Operation_New_Component_New_Node,login,New-Component_zxhnnhnrhf,New-Node_vsdtqabwqx,800033221
UMLCloneNode,container-verification,container-verification_xisxvfzewq,,548073574
Move_Operation_New_Component_New_Node,findAll,New-Component_pyadhwqafe,New-Node_gtqjkhreco,772559377
UMLCloneNode,container-admin-user,container-admin-user_ynajyjgazi,,599241197
UMLCloneNode,New-Node_zkxkbouyck,New-Node_zkxkbouyck_gvagmsokdp,,279151442
UMLCloneNode,container-verification,container-verification_xisxvfzewq,,467454440
Move_Operation_New_Component_New_Node,getByID,New-Component_qblcnzqiqx,New-Node_urvkemmxka,767603845
UMLCloneNode,container-admin-user,container-admin-user_ynajyjgazi,,571078200
UMLCloneNode,container-login,container-login_nknavipnfa,,528770611
UMLCloneNode,container-verification,container-verification_xisxvfzewq,,529552076
Move_Operation_New_Component_New_Node,findAll,New-Component_pyadhwqafe,New-Node_gtqjkhreco,742554556
Move_Operation_New_Component_New_Node,updateUser,New-Component_foivlvpxgz,New-Node_kwdbgninmz,812752271
Move_Operation_New_Component_New_Node,login,New-Component_ynehghvlgk,New-Node_ymtmlahpbm,789004642
UMLCloneNode,container-verification,container-verification_xisxvfzewq,,468190360
Move_Operation_New_Component_New_Node,findAll,New-Component_pyadhwqafe,New-Node_gtqjkhreco,691910566
Move_Operation_New_Component_New_Node,updateUser,New-Component_foivlvpxgz,New-Node_kwdbgninmz,667251189
Move_Operation_New_Component_New_Node,login,New-Component_zxhnnhnrhf,New-Node_vsdtqabwqx,752493663
UMLCloneNode,container-verification,container-verification_xisxvfzewq,,456972746
Move_Operation_New_Component_New_Node,findAll,New-Component_pyadhwqafe,New-Node_gtqjkhreco,645125863
UMLCloneNode,container-admin-user,container-admin-user_ynajyjgazi,,472758516
UMLCloneNode,container-login,container-login_nknavipnfa,,593836121
UMLCloneNode,container-verification,container-verification_xisxvfzewq,,461921907
Move_Operation_New_Component_New_Node,findAll,New-Component_pyadhwqafe,New-Node_gtqjkhreco,593655534
Move_Operation_New_Component_New_Node,updateUser,New-Component_foivlvpxgz,New-Node_kwdbgninmz,737024927
Move_Component_New_Node,New-Component_fhxiapdrgj,New-Node_snmdweybrx,,255647592
UMLCloneNode,container-verification,container-verification_xisxvfzewq,,492320726
Move_Operation_New_Component_New_Node,findAll,New-Component_pyadhwqafe,New-Node_gtqjkhreco,907064160
Move_Operation_New_Component_New_Node,updateUser,New-Component_foivlvpxgz,New-Node_kwdbgninmz,672210468
UMLCloneNode,New-Node_hkdqajdcvh,New-Node_hkdqajdcvh_gfiuewtklw,,318888611
UMLCloneNode,container-verification,container-verification_xisxvfzewq,,495933680
Move_Operation_New_Component_New_Node,findAll,New-Component_pyadhwqafe,New-Node_gtqjkhreco,707223398
UMLCloneNode,container-admin-user,container-admin-user_ynajyjgazi,,571040259
Move_Operation_New_Component_New_Node,getByID,New-Component_pdqttwxgdh,New-Node_jndaistzlk,757280729
UMLCloneNode,container-verification,container-verification_xisxvfzewq,,483765744
Move_Operation_New_Component_New_Node,rebook,New-Component_vqtbqyakcz,New-Node_xndpoejxqw,712907967
UMLCloneNode,container-admin-user,container-admin-user_ynajyjgazi,,478014901
Move_Operation_Component,modify,Seat,,275750816
UMLCloneNode,container-verification,container-verification_xisxvfzewq,,466602613
Move_Operation_New_Component_New_Node,findAll,New-Component_pyadhwqafe,New-Node_gtqjkhreco,645006238
UMLCloneNode,container-admin-user,container-admin-user_ynajyjgazi,,475606385
Move_Operation_New_Component_New_Node,login,New-Component_blumskinlq,New-Node_alnvpolxed,721822783
UMLCloneNode,container-verification,container-verification_xisxvfzewq,,484997965
Move_Operation_New_Component_New_Node,findAll,New-Component_pyadhwqafe,New-Node_gtqjkhreco,692039768
UMLCloneNode,container-admin-user,container-admin-user_ynajyjgazi,,476042663
UMLCloneNode,New-Node_hkdqajdcvh,New-Node_hkdqajdcvh_gfiuewtklw,,263548316
UMLCloneNode,container-verification,container-verification_xisxvfzewq,,511175699
Move_Operation_New_Component_New_Node,findAll,New-Component_pyadhwqafe,New-Node_gtqjkhreco,640594817
UMLCloneNode,container-admin-user,container-admin-user_ynajyjgazi,,391121351
Move_Operation_New_Component_New_Node,getByID,New-Component_pdqttwxgdh,New-Node_jndaistzlk,758671266
UMLCloneNode,container-verification,container-verification_xisxvfzewq,,479341218
Move_Operation_New_Component_New_Node,rebook,New-Component_vqtbqyakcz,New-Node_xndpoejxqw,730236389
UMLCloneNode,container-admin-user,container-admin-user_ynajyjgazi,,582445704
Move_Component_New_Node,Verification,New-Node_uoksplmtbc,,466744459
UMLCloneNode,container-verification,container-verification_xisxvfzewq,,365409921
Move_Operation_New_Component_New_Node,rebook,New-Component_vqtbqyakcz,New-Node_xndpoejxqw,698389575
UMLCloneNode,container-admin-user,container-admin-user_ynajyjgazi,,456039676
Move_Component_New_Node,New-Component_fhxiapdrgj,New-Node_snmdweybrx,,239710899
UMLCloneNode,container-verification,container-verification_xisxvfzewq,,469367767
Move_Operation_New_Component_New_Node,findAll,New-Component_pyadhwqafe,New-Node_gtqjkhreco,680050278
Move_Operation_New_Component_New_Node,updateUser,New-Component_foivlvpxgz,New-Node_kwdbgninmz,662634673
Move_Operation_Component,modify,Verification,,335985880
UMLCloneNode,container-verification,container-verification_xisxvfzewq,,471471713
Move_Operation_New_Component_New_Node,findAll,New-Component_pyadhwqafe,New-Node_gtqjkhreco,645829562
UMLCloneNode,container-admin-user,container-admin-user_ynajyjgazi,,469894335
Move_Operation_Component,login,Seat,,289723666
UMLCloneNode,container-verification,container-verification_xisxvfzewq,,468340762
Move_Operation_New_Component_New_Node,findAll,New-Component_pyadhwqafe,New-Node_gtqjkhreco,688778003
UMLCloneNode,container-admin-user,container-admin-user_ynajyjgazi,,489502501
Move_Operation_New_Component_New_Node,rebook,New-Component_sxovtqyhtq,New-Node_ykegnttmqm,680425531
Move_Operation_New_Component_New_Node,modify,New-Component_nuepvlftnp,New-Node_uithqvuzue,650835669
Move_Operation_New_Component_New_Node,getByID,New-Component_dibdhgzvgs,New-Node_sbpwhblyfh,644147508
Move_Operation_New_Component_New_Node,findAll,New-Component_rbsgmuppko,New-Node_elamtypwtp,596238486
UMLCloneNode,New-Node_hkdqajdcvh,New-Node_hkdqajdcvh_gfiuewtklw,,349087186
UMLCloneNode,container-verification,container-verification_xisxvfzewq,,493477384
Move_Operation_New_Component_New_Node,findAll,New-Component_pyadhwqafe,New-Node_gtqjkhreco,658251774
UMLCloneNode,container-admin-user,container-admin-user_ynajyjgazi,,472636777
UMLCloneNode,container-login,container-login_nknavipnfa,,570652882
UMLCloneNode,container-verification,container-verification_xisxvfzewq,,469459770
Move_Operation_New_Component_New_Node,findAll,New-Component_pyadhwqafe,New-Node_gtqjkhreco,667163745
Move_Operation_New_Component_New_Node,updateUser,New-Component_foivlvpxgz,New-Node_kwdbgninmz,754233816
Move_Operation_New_Component_New_Node,findAll,New-Component_gdbfouqpea,New-Node_flkhcvmyid,711020689
UMLCloneNode,container-verification,container-verification_xisxvfzewq,,540030744
Move_Operation_New_Component_New_Node,rebook,New-Component_vqtbqyakcz,New-Node_xndpoejxqw,740178842
UMLCloneNode,container-admin-user,container-admin-user_ynajyjgazi,,487600916
UMLCloneNode,container-order-other,container-order-other_vcmbfpwsoa,,484310756
UMLCloneNode,container-verification,container-verification_xisxvfzewq,,471445463
Move_Operation_New_Component_New_Node,findAll,New-Component_pyadhwqafe,New-Node_gtqjkhreco,711606327
UMLCloneNode,container-admin-user,container-admin-user_ynajyjgazi,,519432601
UMLCloneNode,container-login,container-login_nknavipnfa,,593279248
UMLCloneNode,container-verification,container-verification_xisxvfzewq,,563502795
Move_Operation_New_Component_New_Node,findAll,New-Component_pyadhwqafe,New-Node_gtqjkhreco,1106693144
Move_Operation_New_Component_New_Node,updateUser,New-Component_foivlvpxgz,New-Node_kwdbgninmz,715859492
UMLCloneNode,container-login,container-login_nknavipnfa,,613078903
UMLCloneNode,container-verification,container-verification_xisxvfzewq,,525082346
Move_Operation_New_Component_New_Node,findAll,New-Component_pyadhwqafe,New-Node_gtqjkhreco,713619762
Move_Operation_New_Component_New_Node,updateUser,New-Component_foivlvpxgz,New-Node_kwdbgninmz,788730779
Move_Operation_New_Component_New_Node,rebook,New-Component_sxovtqyhtq,New-Node_ykegnttmqm,796278762
Move_Operation_New_Component_New_Node,modify,New-Component_nuepvlftnp,New-Node_uithqvuzue,685861534
Move_Operation_New_Component_New_Node,getByID,New-Component_dibdhgzvgs,New-Node_sbpwhblyfh,672576574
Move_Operation_New_Component_New_Node,findAll,New-Component_rbsgmuppko,New-Node_elamtypwtp,642868590
Move_Operation_Component,modify,Seat,,359747334
UMLCloneNode,container-verification,container-verification_xisxvfzewq,,459027059
Move_Operation_New_Component_New_Node,findAll,New-Component_pyadhwqafe,New-Node_gtqjkhreco,646640042
UMLCloneNode,container-admin-user,container-admin-user_ynajyjgazi,,458442412
Move_Operation_Component,modify,Seat,,361050367
UMLCloneNode,container-verification,container-verification_xisxvfzewq,,432117481
Move_Operation_New_Component_New_Node,findAll,New-Component_pyadhwqafe,New-Node_gtqjkhreco,632892074
UMLCloneNode,container-admin-user,container-admin-user_ynajyjgazi,,496034169
Move_Operation_New_Component_New_Node,getByID,New-Component_pdqttwxgdh,New-Node_jndaistzlk,736542743
UMLCloneNode,container-verification,container-verification_xisxvfzewq,,467408474
Move_Operation_New_Component_New_Node,rebook,New-Component_vqtbqyakcz,New-Node_xndpoejxqw,698214566
UMLCloneNode,container-admin-user,container-admin-user_ynajyjgazi,,455395659
Move_Operation_Component,modify,Seat,,322261997
UMLCloneNode,container-verification,container-verification_xisxvfzewq,,462943732
Move_Operation_New_Component_New_Node,findAll,New-Component_pyadhwqafe,New-Node_gtqjkhreco,752576408
UMLCloneNode,container-admin-user,container-admin-user_ynajyjgazi,,599842424
Move_Operation_New_Component_New_Node,rebook,New-Component_sxovtqyhtq,New-Node_ykegnttmqm,696447032
Move_Operation_New_Component_New_Node,modify,New-Component_nuepvlftnp,New-Node_uithqvuzue,564329906
Move_Operation_New_Component_New_Node,getByID,New-Component_dibdhgzvgs,New-Node_sbpwhblyfh,600774091
Move_Operation_New_Component_New_Node,findAll,New-Component_rbsgmuppko,New-Node_elamtypwtp,657011138
Move_Operation_Component,modify,Admin-user,,285935203
UMLCloneNode,container-verification,container-verification_xisxvfzewq,,491322244
Move_Operation_New_Component_New_Node,findAll,New-Component_pyadhwqafe,New-Node_gtqjkhreco,953276490
Move_Operation_New_Component_New_Node,updateUser,New-Component_foivlvpxgz,New-Node_kwdbgninmz,664197172
Move_Operation_Component,modify,Seat,,337592583
UMLCloneNode,container-verification,container-verification_xisxvfzewq,,462094339
Move_Operation_New_Component_New_Node,findAll,New-Component_pyadhwqafe,New-Node_gtqjkhreco,642687240
UMLCloneNode,container-admin-user,container-admin-user_ynajyjgazi,,498266965
Move_Operation_New_Component_New_Node,findAll,New-Component_gdbfouqpea,New-Node_flkhcvmyid,744568753
UMLCloneNode,container-verification,container-verification_xisxvfzewq,,487393316
Move_Operation_New_Component_New_Node,rebook,New-Component_vqtbqyakcz,New-Node_xndpoejxqw,692918917
UMLCloneNode,container-admin-user,container-admin-user_ynajyjgazi,,627829421
UMLCloneNode,container-admin-user,container-admin-user_tatojxcwzy,,481641972
UMLCloneNode,container-verification,container-verification_xisxvfzewq,,591326546
Move_Operation_New_Component_New_Node,findAll,New-Component_pyadhwqafe,New-Node_gtqjkhreco,774415106
Move_Operation_New_Component_New_Node,updateUser,New-Component_foivlvpxgz,New-Node_kwdbgninmz,816801482
Move_Operation_New_Component_New_Node,findAll,New-Component_gdbfouqpea,New-Node_flkhcvmyid,826728186
UMLCloneNode,container-verification,container-verification_xisxvfzewq,,512360110
Move_Operation_New_Component_New_Node,rebook,New-Component_vqtbqyakcz,New-Node_xndpoejxqw,835429791
UMLCloneNode,container-admin-user,container-admin-user_ynajyjgazi,,628593463
Move_Operation_New_Component_New_Node,findAll,New-Component_gdbfouqpea,New-Node_flkhcvmyid,740843608
UMLCloneNode,container-verification,container-verification_xisxvfzewq,,467404898
Move_Operation_New_Component_New_Node,rebook,New-Component_vqtbqyakcz,New-Node_xndpoejxqw,718006537
UMLCloneNode,container-admin-user,container-admin-user_ynajyjgazi,,481170188
Move_Operation_New_Component_New_Node,login,New-Component_blumskinlq,New-Node_alnvpolxed,766352628
UMLCloneNode,container-verification,container-verification_xisxvfzewq,,460456729
Move_Operation_New_Component_New_Node,findAll,New-Component_pyadhwqafe,New-Node_gtqjkhreco,660567767
UMLCloneNode,container-admin-user,container-admin-user_ynajyjgazi,,497112851
Move_Operation_New_Component_New_Node,login,New-Component_ynehghvlgk,New-Node_ymtmlahpbm,860734680
UMLCloneNode,container-verification,container-verification_xisxvfzewq,,520294497
Move_Operation_New_Component_New_Node,findAll,New-Component_pyadhwqafe,New-Node_gtqjkhreco,750412109
Move_Operation_New_Component_New_Node,updateUser,New-Component_foivlvpxgz,New-Node_kwdbgninmz,761678645
Move_Operation_New_Component_New_Node,rebook,New-Component_sxovtqyhtq,New-Node_ykegnttmqm,1212206206
Move_Operation_New_Component_New_Node,modify,New-Component_nuepvlftnp,New-Node_uithqvuzue,721986571
Move_Operation_New_Component_New_Node,getByID,New-Component_dibdhgzvgs,New-Node_sbpwhblyfh,647557282
Move_Operation_New_Component_New_Node,findAll,New-Component_rbsgmuppko,New-Node_elamtypwtp,641454689
UMLCloneNode,container-order-other,container-order-other_vcmbfpwsoa,,499320922
UMLCloneNode,container-verification,container-verification_xisxvfzewq,,474389814
Move_Operation_New_Component_New_Node,findAll,New-Component_pyadhwqafe,New-Node_gtqjkhreco,757091133
UMLCloneNode,container-admin-user,container-admin-user_ynajyjgazi,,573432073
Move_Component_New_Node,Rebook,New-Node_auodcpzlvx,,614708008
UMLCloneNode,container-verification,container-verification_xisxvfzewq,,474151147
Move_Operation_New_Component_New_Node,findAll,New-Component_pyadhwqafe,New-Node_gtqjkhreco,735788810
UMLCloneNode,container-admin-user,container-admin-user_ynajyjgazi,,520181656
UMLCloneNode,container-login,container-login_nknavipnfa,,501646952
UMLCloneNode,container-verification,container-verification_xisxvfzewq,,453516256
Move_Operation_New_Component_New_Node,findAll,New-Component_pyadhwqafe,New-Node_gtqjkhreco,804325099
Move_Operation_New_Component_New_Node,updateUser,New-Component_foivlvpxgz,New-Node_kwdbgninmz,802637104
UMLCloneNode,container-rebook,container-rebook_miokhhtafw,,570357007
UMLCloneNode,container-verification,container-verification_xisxvfzewq,,500400055
Move_Operation_New_Component_New_Node,findAll,New-Component_pyadhwqafe,New-Node_gtqjkhreco,702216180
UMLCloneNode,container-admin-user,container-admin-user_ynajyjgazi,,438901291
UMLCloneNode,container-rebook,container-rebook_miokhhtafw,,562759742
UMLCloneNode,container-verification,container-verification_xisxvfzewq,,476179099
Move_Operation_New_Component_New_Node,findAll,New-Component_pyadhwqafe,New-Node_gtqjkhreco,646086514
UMLCloneNode,container-admin-user,container-admin-user_ynajyjgazi,,516084343
Move_Operation_New_Component_New_Node,login,New-Component_blumskinlq,New-Node_alnvpolxed,719233718
UMLCloneNode,container-verification,container-verification_xisxvfzewq,,479454290
Move_Operation_New_Component_New_Node,findAll,New-Component_pyadhwqafe,New-Node_gtqjkhreco,734083873
UMLCloneNode,container-admin-user,container-admin-user_ynajyjgazi,,602870361
Move_Operation_Component,rebook,Travel-plan,,371564713
UMLCloneNode,container-verification,container-verification_xisxvfzewq,,395979070
Move_Operation_New_Component_New_Node,findAll,New-Component_pyadhwqafe,New-Node_gtqjkhreco,586264034
Move_Operation_New_Component_New_Node,updateUser,New-Component_foivlvpxgz,New-Node_kwdbgninmz,691234548
Move_Operation_Component,modify,Seat,,270978127
UMLCloneNode,container-verification,container-verification_xisxvfzewq,,509590397
Move_Operation_New_Component_New_Node,findAll,New-Component_pyadhwqafe,New-Node_gtqjkhreco,726382162
UMLCloneNode,container-admin-user,container-admin-user_ynajyjgazi,,539607410
Move_Component_New_Node,Admin-user,New-Node_tstnyrzlik,,584497001
UMLCloneNode,container-verification,container-verification_xisxvfzewq,,466932842
Move_Operation_New_Component_New_Node,findAll,New-Component_pyadhwqafe,New-Node_gtqjkhreco,669185696
UMLCloneNode,container-admin-user,container-admin-user_ynajyjgazi,,595251816
UMLCloneNode,container-order-other,container-order-other_vcmbfpwsoa,,413671625
UMLCloneNode,container-verification,container-verification_xisxvfzewq,,471683099
Move_Operation_New_Component_New_Node,findAll,New-Component_pyadhwqafe,New-Node_gtqjkhreco,654178947
UMLCloneNode,container-admin-user,container-admin-user_ynajyjgazi,,487850293
UMLCloneNode,container-login,container-login_nknavipnfa,,454961375
UMLCloneNode,container-verification,container-verification_xisxvfzewq,,526049489
Move_Operation_New_Component_New_Node,findAll,New-Component_pyadhwqafe,New-Node_gtqjkhreco,693883526
Move_Operation_New_Component_New_Node,updateUser,New-Component_foivlvpxgz,New-Node_kwdbgninmz,791414371
UMLCloneNode,container-order-other,container-order-other_vcmbfpwsoa,,574306122
UMLCloneNode,container-verification,container-verification_xisxvfzewq,,579325664
Move_Operation_New_Component_New_Node,findAll,New-Component_pyadhwqafe,New-Node_gtqjkhreco,807692273
Move_Operation_New_Component_New_Node,updateUser,New-Component_foivlvpxgz,New-Node_kwdbgninmz,817937142
Move_Operation_Component,modify,Verification,,310927624
UMLCloneNode,container-verification,container-verification_xisxvfzewq,,472213433
Move_Operation_New_Component_New_Node,findAll,New-Component_pyadhwqafe,New-Node_gtqjkhreco,691857798
Move_Operation_New_Component_New_Node,updateUser,New-Component_foivlvpxgz,New-Node_kwdbgninmz,786578524
Move_Operation_Component,getByID,Verification,,276419079
UMLCloneNode,container-verification,container-verification_xisxvfzewq,,460501523
Move_Operation_New_Component_New_Node,getByID,New-Component_qblcnzqiqx,New-Node_urvkemmxka,677987490
UMLCloneNode,container-admin-user,container-admin-user_ynajyjgazi,,452342064
UMLCloneNode,New-Node_zkxkbouyck,New-Node_zkxkbouyck_gvagmsokdp,,240775075
UMLCloneNode,container-verification,container-verification_xisxvfzewq,,478802218
Move_Operation_New_Component_New_Node,getByID,New-Component_qblcnzqiqx,New-Node_urvkemmxka,662348876
UMLCloneNode,container-admin-user,container-admin-user_ynajyjgazi,,487836587
UMLCloneNode,container-order-other,container-order-other_vcmbfpwsoa,,1023043778
UMLCloneNode,container-verification,container-verification_xisxvfzewq,,529987472
Move_Operation_New_Component_New_Node,findAll,New-Component_pyadhwqafe,New-Node_gtqjkhreco,779818408
UMLCloneNode,container-admin-user,container-admin-user_ynajyjgazi,,582527548
Move_Operation_New_Component_New_Node,generate,New-Component_cezqrsopor,New-Node_okmtdgubul,749262053
UMLCloneNode,container-verification,container-verification_xisxvfzewq,,567507875
Move_Operation_New_Component_New_Node,findAll,New-Component_pyadhwqafe,New-Node_gtqjkhreco,748577270
UMLCloneNode,container-admin-user,container-admin-user_ynajyjgazi,,529743756
Move_Operation_Component,modify,Verification,,310453836
UMLCloneNode,container-verification,container-verification_xisxvfzewq,,456616208
Move_Operation_New_Component_New_Node,findAll,New-Component_pyadhwqafe,New-Node_gtqjkhreco,675915245
UMLCloneNode,container-admin-user,container-admin-user_ynajyjgazi,,477811761
Move_Operation_New_Component_New_Node,getByID,New-Component_pdqttwxgdh,New-Node_jndaistzlk,665578152
UMLCloneNode,container-verification,container-verification_xisxvfzewq,,481706473
Move_Operation_New_Component_New_Node,rebook,New-Component_vqtbqyakcz,New-Node_xndpoejxqw,702014712
UMLCloneNode,container-admin-user,container-admin-user_ynajyjgazi,,537557647
Move_Component_New_Node,Station,New-Node_zqrgowcjpo,,590394739
UMLCloneNode,container-verification,container-verification_xisxvfzewq,,576701965
Move_Operation_New_Component_New_Node,findAll,New-Component_pyadhwqafe,New-Node_gtqjkhreco,759187554
Move_Operation_New_Component_New_Node,updateUser,New-Component_foivlvpxgz,New-Node_kwdbgninmz,814274024
Move_Component_New_Node,Login,New-Node_ydxayhfwzy,,594582822
UMLCloneNode,container-verification,container-verification_xisxvfzewq,,474174060
Move_Operation_New_Component_New_Node,rebook,New-Component_vqtbqyakcz,New-Node_xndpoejxqw,696306559
UMLCloneNode,container-admin-user,container-admin-user_ynajyjgazi,,429748500
Move_Component_New_Node,New-Component_fhxiapdrgj,New-Node_snmdweybrx,,291573254
UMLCloneNode,container-verification,container-verification_xisxvfzewq,,465910876
Move_Operation_New_Component_New_Node,findAll,New-Component_pyadhwqafe,New-Node_gtqjkhreco,676323720
Move_Operation_New_Component_New_Node,updateUser,New-Component_foivlvpxgz,New-Node_kwdbgninmz,717030136
Move_Component_New_Node,New-Component_fhxiapdrgj,New-Node_snmdweybrx,,250045468
UMLCloneNode,container-verification,container-verification_xisxvfzewq,,502958773
Move_Operation_New_Component_New_Node,findAll,New-Component_pyadhwqafe,New-Node_gtqjkhreco,704202835
Move_Operation_New_Component_New_Node,updateUser,New-Component_foivlvpxgz,New-Node_kwdbgninmz,730363217
Move_Operation_Component,modify,Verification,,847030584
UMLCloneNode,container-verification,container-verification_xisxvfzewq,,510064155
Move_Operation_New_Component_New_Node,verify,New-Component_ckiynvejju,New-Node_yqzsedhotm,665320048
UMLCloneNode,container-admin-user,container-admin-user_ynajyjgazi,,464378863
Move_Operation_New_Component_New_Node,rebook,New-Component_sxovtqyhtq,New-Node_ykegnttmqm,758243674
Move_Operation_New_Component_New_Node,modify,New-Component_nuepvlftnp,New-Node_uithqvuzue,650575612
Move_Operation_New_Component_New_Node,getByID,New-Component_dibdhgzvgs,New-Node_sbpwhblyfh,667000148
Move_Operation_New_Component_New_Node,findAll,New-Component_rbsgmuppko,New-Node_elamtypwtp,642578065
Move_Operation_New_Component_New_Node,rebook,New-Component_sxovtqyhtq,New-Node_ykegnttmqm,752446654
Move_Operation_New_Component_New_Node,modify,New-Component_nuepvlftnp,New-Node_uithqvuzue,674385335
Move_Operation_New_Component_New_Node,getByID,New-Component_dibdhgzvgs,New-Node_sbpwhblyfh,649146201
Move_Operation_New_Component_New_Node,findAll,New-Component_rbsgmuppko,New-Node_elamtypwtp,641414333
UMLCloneNode,container-rebook,container-rebook_miokhhtafw,,580939229
UMLCloneNode,container-verification,container-verification_xisxvfzewq,,581876477
Move_Operation_New_Component_New_Node,findAll,New-Component_pyadhwqafe,New-Node_gtqjkhreco,744566128
UMLCloneNode,container-admin-user,container-admin-user_ynajyjgazi,,539380545
Move_Operation_New_Component_New_Node,updateUser,New-Component_nljrwyijlw,New-Node_vviddmanrs,757317517
UMLCloneNode,container-verification,container-verification_xisxvfzewq,,482646757
Move_Operation_New_Component_New_Node,rebook,New-Component_vqtbqyakcz,New-Node_xndpoejxqw,731063851
UMLCloneNode,container-admin-user,container-admin-user_ynajyjgazi,,488225076
UMLCloneNode,container-order-other,container-order-other_vcmbfpwsoa,,553401575
UMLCloneNode,container-verification,container-verification_xisxvfzewq,,478241155
Move_Operation_New_Component_New_Node,findAll,New-Component_pyadhwqafe,New-Node_gtqjkhreco,674496033
Move_Operation_New_Component_New_Node,updateUser,New-Component_foivlvpxgz,New-Node_kwdbgninmz,691291045
Move_Operation_New_Component_New_Node,rebook,New-Component_ifsfhliqwe,New-Node_ovqpinbktw,751316846
Move_Operation_New_Component_New_Node,modify,New-Component_nuepvlftnp,New-Node_uithqvuzue,697263664
Move_Operation_New_Component_New_Node,getByID,New-Component_dibdhgzvgs,New-Node_sbpwhblyfh,738789526
Move_Operation_New_Component_New_Node,findAll,New-Component_rbsgmuppko,New-Node_elamtypwtp,828136987
UMLCloneNode,container-order-other,container-order-other_vcmbfpwsoa,,534579152
UMLCloneNode,container-verification,container-verification_xisxvfzewq,,469692277
Move_Operation_New_Component_New_Node,findAll,New-Component_pyadhwqafe,New-Node_gtqjkhreco,696364568
UMLCloneNode,container-admin-user,container-admin-user_ynajyjgazi,,472975703
Move_Operation_Component,findAll,New-Component_eulxbdpovz,,252396245
UMLCloneNode,container-verification,container-verification_xisxvfzewq,,601194569
Move_Operation_New_Component_New_Node,findAll,New-Component_pyadhwqafe,New-Node_gtqjkhreco,792128851
Move_Operation_New_Component_New_Node,updateUser,New-Component_foivlvpxgz,New-Node_kwdbgninmz,781201902
Move_Operation_Component,modify,Verification,,320940008
UMLCloneNode,container-verification,container-verification_xisxvfzewq,,492289317
Move_Operation_New_Component_New_Node,findAll,New-Component_pyadhwqafe,New-Node_gtqjkhreco,637652730
Move_Operation_New_Component_New_Node,updateUser,New-Component_foivlvpxgz,New-Node_kwdbgninmz,661009245
Move_Operation_Component,modify,Verification,,338745865
UMLCloneNode,container-verification,container-verification_xisxvfzewq,,479843280
Move_Operation_New_Component_New_Node,findAll,New-Component_pyadhwqafe,New-Node_gtqjkhreco,709196619
UMLCloneNode,container-admin-user,container-admin-user_ynajyjgazi,,561382960
Move_Operation_Component,modify,Verification,,361413638
UMLCloneNode,container-verification,container-verification_xisxvfzewq,,404947165
Move_Operation_New_Component_New_Node,findAll,New-Component_pyadhwqafe,New-Node_gtqjkhreco,641231230
UMLCloneNode,container-admin-user,container-admin-user_ynajyjgazi,,458095441
Move_Operation_New_Component_New_Node,rebook,New-Component_xnrrtllmdb,New-Node_tpyqitoxhn,792794047
UMLCloneNode,container-verification,container-verification_xisxvfzewq,,472999958
Move_Operation_New_Component_New_Node,findAll,New-Component_pyadhwqafe,New-Node_gtqjkhreco,668362533
UMLCloneNode,container-admin-user,container-admin-user_ynajyjgazi,,462767592
Move_Operation_Component,modify,Verification,,334967020
UMLCloneNode,container-verification,container-verification_xisxvfzewq,,475242112
Move_Operation_New_Component_New_Node,findAll,New-Component_pyadhwqafe,New-Node_gtqjkhreco,645879335
UMLCloneNode,container-admin-user,container-admin-user_ynajyjgazi,,452097906
UMLCloneNode,New-Node_hkdqajdcvh,New-Node_hkdqajdcvh_gfiuewtklw,,257039662
UMLCloneNode,container-verification,container-verification_xisxvfzewq,,370214280
Move_Operation_New_Component_New_Node,findAll,New-Component_pyadhwqafe,New-Node_gtqjkhreco,555124305
UMLCloneNode,container-admin-user,container-admin-user_ynajyjgazi,,396155491
Move_Operation_New_Component_New_Node,rebook,New-Component_ifsfhliqwe,New-Node_ovqpinbktw,744653882
Move_Operation_New_Component_New_Node,modify,New-Component_nuepvlftnp,New-Node_uithqvuzue,636886293
Move_Operation_New_Component_New_Node,getByID,New-Component_dibdhgzvgs,New-Node_sbpwhblyfh,796565690
Move_Operation_New_Component_New_Node,findAll,New-Component_rbsgmuppko,New-Node_elamtypwtp,713746510
UMLCloneNode,container-rebook,container-rebook_miokhhtafw,,891090889
UMLCloneNode,container-verification,container-verification_xisxvfzewq,,544727922
Move_Operation_New_Component_New_Node,findAll,New-Component_pyadhwqafe,New-Node_gtqjkhreco,693327523
UMLCloneNode,container-admin-user,container-admin-user_ynajyjgazi,,470211740
Move_Component_New_Node,Verification,New-Node_eisfojrklg,,522939558
UMLCloneNode,container-verification,container-verification_xisxvfzewq,,405385969
Move_Operation_New_Component_New_Node,findAll,New-Component_pyadhwqafe,New-Node_gtqjkhreco,641791661
UMLCloneNode,container-admin-user,container-admin-user_ynajyjgazi,,481856013
UMLCloneNode,container-order-other,container-order-other_vcmbfpwsoa,,430635041
UMLCloneNode,container-verification,container-verification_xisxvfzewq,,372287657
Move_Component_New_Node,Login,New-Node_xzmiospvtz,,447575365
UMLCloneNode,container-admin-user,container-admin-user_ynajyjgazi,,399995491
Move_Operation_New_Component_New_Node,getByID,New-Component_pdqttwxgdh,New-Node_jndaistzlk,751046148
UMLCloneNode,container-verification,container-verification_xisxvfzewq,,470729991
Move_Operation_New_Component_New_Node,rebook,New-Component_vqtbqyakcz,New-Node_xndpoejxqw,719400882
UMLCloneNode,container-admin-user,container-admin-user_ynajyjgazi,,497236172
Move_Operation_Component,modify,Seat,,325814679
UMLCloneNode,container-verification,container-verification_xisxvfzewq,,520931272
Move_Operation_New_Component_New_Node,findAll,New-Component_pyadhwqafe,New-Node_gtqjkhreco,688370289
UMLCloneNode,container-admin-user,container-admin-user_ynajyjgazi,,460066647
Move_Operation_New_Component_New_Node,rebook,New-Component_xnrrtllmdb,New-Node_tpyqitoxhn,737025289
UMLCloneNode,container-verification,container-verification_xisxvfzewq,,481462035
Move_Operation_New_Component_New_Node,findAll,New-Component_pyadhwqafe,New-Node_gtqjkhreco,638821431
UMLCloneNode,container-admin-user,container-admin-user_ynajyjgazi,,594523691
UMLCloneNode,New-Node_zkxkbouyck,New-Node_zkxkbouyck_gvagmsokdp,,272079532
UMLCloneNode,container-verification,container-verification_xisxvfzewq,,506926001
Move_Operation_New_Component_New_Node,getByID,New-Component_qblcnzqiqx,New-Node_urvkemmxka,740724394
UMLCloneNode,container-admin-user,container-admin-user_ynajyjgazi,,600012854
Move_Component_New_Node,Login,New-Node_qwfsqvhsms,,574154959
UMLCloneNode,container-verification,container-verification_xisxvfzewq,,468220226
Move_Operation_New_Component_New_Node,findAll,New-Component_pyadhwqafe,New-Node_gtqjkhreco,654565011
UMLCloneNode,container-admin-user,container-admin-user_ynajyjgazi,,475178974
Move_Operation_Component,modify,Verification,,677596106
UMLCloneNode,container-verification,container-verification_xisxvfzewq,,491273272
Move_Operation_New_Component_New_Node,findAll,New-Component_pyadhwqafe,New-Node_gtqjkhreco,821319866
Move_Operation_New_Component_New_Node,updateUser,New-Component_foivlvpxgz,New-Node_kwdbgninmz,731078478
Move_Operation_Component,modify,Verification,,379031643
UMLCloneNode,container-verification,container-verification_xisxvfzewq,,479620712
Move_Operation_New_Component_New_Node,findAll,New-Component_pyadhwqafe,New-Node_gtqjkhreco,662087566
UMLCloneNode,container-admin-user,container-admin-user_ynajyjgazi,,460858633
Move_Operation_Component,modify,Seat,,298679559
UMLCloneNode,container-verification,container-verification_xisxvfzewq,,457545050
Move_Operation_New_Component_New_Node,findAll,New-Component_pyadhwqafe,New-Node_gtqjkhreco,637261115
UMLCloneNode,container-admin-user,container-admin-user_ynajyjgazi,,462600027
UMLCloneNode,container-order-other,container-order-other_vcmbfpwsoa,,539509517
UMLCloneNode,container-verification,container-verification_xisxvfzewq,,510227061
Move_Operation_New_Component_New_Node,findAll,New-Component_pyadhwqafe,New-Node_gtqjkhreco,699621856
Move_Operation_New_Component_New_Node,updateUser,New-Component_foivlvpxgz,New-Node_kwdbgninmz,736478654
Move_Operation_New_Component_New_Node,login,New-Component_blumskinlq,New-Node_alnvpolxed,735464141
UMLCloneNode,container-verification,container-verification_xisxvfzewq,,475498293
Move_Operation_New_Component_New_Node,findAll,New-Component_pyadhwqafe,New-Node_gtqjkhreco,773366981
UMLCloneNode,container-admin-user,container-admin-user_ynajyjgazi,,497937748
UMLCloneNode,container-order-other,container-order-other_vcmbfpwsoa,,521949861
UMLCloneNode,container-verification,container-verification_xisxvfzewq,,526217143
Move_Operation_New_Component_New_Node,findAll,New-Component_pyadhwqafe,New-Node_gtqjkhreco,711955322
UMLCloneNode,container-admin-user,container-admin-user_ynajyjgazi,,525763152
Move_Operation_Component,modify,Verification,,312211041
UMLCloneNode,container-verification,container-verification_xisxvfzewq,,482414832
Move_Operation_New_Component_New_Node,findAll,New-Component_pyadhwqafe,New-Node_gtqjkhreco,640572595
Move_Operation_New_Component_New_Node,updateUser,New-Component_foivlvpxgz,New-Node_kwdbgninmz,685032430
Move_Operation_New_Component_New_Node,rebook,New-Component_ifsfhliqwe,New-Node_ovqpinbktw,673226974
Move_Operation_New_Component_New_Node,modify,New-Component_nuepvlftnp,New-Node_uithqvuzue,592692056
Move_Operation_New_Component_New_Node,getByID,New-Component_dibdhgzvgs,New-Node_sbpwhblyfh,692164993
Move_Operation_New_Component_New_Node,findAll,New-Component_rbsgmuppko,New-Node_elamtypwtp,676191983
Move_Component_New_Node,New-Component_fhxiapdrgj,New-Node_snmdweybrx,,257442407
UMLCloneNode,container-verification,container-verification_xisxvfzewq,,592422161
Move_Operation_New_Component_New_Node,findAll,New-Component_pyadhwqafe,New-Node_gtqjkhreco,781250844
Move_Operation_New_Component_New_Node,updateUser,New-Component_foivlvpxgz,New-Node_kwdbgninmz,1143543690
UMLCloneNode,container-order-other,container-order-other_vcmbfpwsoa,,542698336
UMLCloneNode,container-verification,container-verification_xisxvfzewq,,483569016
Move_Operation_New_Component_New_Node,findAll,New-Component_pyadhwqafe,New-Node_gtqjkhreco,653879476
UMLCloneNode,container-admin-user,container-admin-user_ynajyjgazi,,462295948
UMLCloneNode,container-order-other,container-order-other_tknxumcaoj,,529804209
UMLCloneNode,container-verification,container-verification_xisxvfzewq,,476258408
Move_Operation_New_Component_New_Node,findAll,New-Component_pyadhwqafe,New-Node_gtqjkhreco,670827775
Move_Operation_New_Component_New_Node,updateUser,New-Component_foivlvpxgz,New-Node_kwdbgninmz,697609903
Move_Component_New_Node,New-Component_fhxiapdrgj,New-Node_snmdweybrx,,311552315
UMLCloneNode,container-verification,container-verification_xisxvfzewq,,486984700
Move_Operation_New_Component_New_Node,findAll,New-Component_pyadhwqafe,New-Node_gtqjkhreco,682364607
Move_Operation_New_Component_New_Node,updateUser,New-Component_foivlvpxgz,New-Node_kwdbgninmz,799576826
UMLCloneNode,New-Node_zkxkbouyck,New-Node_zkxkbouyck_gvagmsokdp,,279812252
UMLCloneNode,container-verification,container-verification_xisxvfzewq,,470360248
Move_Operation_New_Component_New_Node,getByID,New-Component_qblcnzqiqx,New-Node_urvkemmxka,666689435
UMLCloneNode,container-admin-user,container-admin-user_ynajyjgazi,,465406540
UMLCloneNode,container-station,container-station_zkpqtpudwf,,567694705
UMLCloneNode,container-verification,container-verification_xisxvfzewq,,541384132
Move_Operation_New_Component_New_Node,findAll,New-Component_pyadhwqafe,New-Node_gtqjkhreco,730087951
UMLCloneNode,container-admin-user,container-admin-user_ynajyjgazi,,524714455
Move_Component_New_Node,New-Component_fhxiapdrgj,New-Node_snmdweybrx,,254728318
UMLCloneNode,container-verification,container-verification_xisxvfzewq,,456263246
Move_Operation_New_Component_New_Node,findAll,New-Component_pyadhwqafe,New-Node_gtqjkhreco,649857124
Move_Operation_New_Component_New_Node,updateUser,New-Component_foivlvpxgz,New-Node_kwdbgninmz,721712336
UMLCloneNode,New-Node_hkdqajdcvh,New-Node_hkdqajdcvh_gfiuewtklw,,283232726
UMLCloneNode,container-verification,container-verification_xisxvfzewq,,462764586
Move_Operation_New_Component_New_Node,findAll,New-Component_pyadhwqafe,New-Node_gtqjkhreco,564029323
UMLCloneNode,container-admin-user,container-admin-user_ynajyjgazi,,491241341
UMLCloneNode,container-order-other,container-order-other_tknxumcaoj,,737475954
UMLCloneNode,container-verification,container-verification_xisxvfzewq,,481024204
Move_Operation_New_Component_New_Node,findAll,New-Component_pyadhwqafe,New-Node_gtqjkhreco,676601561
Move_Operation_New_Component_New_Node,updateUser,New-Component_foivlvpxgz,New-Node_kwdbgninmz,704127564
Move_Operation_New_Component_New_Node,login,New-Component_ynehghvlgk,New-Node_ymtmlahpbm,747482997
UMLCloneNode,container-verification,container-verification_xisxvfzewq,,460543030
Move_Operation_New_Component_New_Node,findAll,New-Component_pyadhwqafe,New-Node_gtqjkhreco,632069130
Move_Operation_New_Component_New_Node,updateUser,New-Component_foivlvpxgz,New-Node_kwdbgninmz,666498657
UMLCloneNode,container-order-other,container-order-other_vcmbfpwsoa,,539546346
UMLCloneNode,container-verification,container-verification_xisxvfzewq,,483633165
Move_Operation_New_Component_New_Node,findAll,New-Component_pyadhwqafe,New-Node_gtqjkhreco,704309185
UMLCloneNode,container-admin-user,container-admin-user_ynajyjgazi,,522040031
Move_Component_New_Node,Verification,New-Node_tevdimmmhd,,646437823
UMLCloneNode,container-verification,container-verification_xisxvfzewq,,462773032
Move_Operation_New_Component_New_Node,findAll,New-Component_pyadhwqafe,New-Node_gtqjkhreco,731386986
Move_Operation_New_Component_New_Node,updateUser,New-Component_foivlvpxgz,New-Node_kwdbgninmz,767899579
Move_Operation_Component,modify,Verification,,310262898
UMLCloneNode,container-verification,container-verification_xisxvfzewq,,488594849
Move_Operation_New_Component_New_Node,findAll,New-Component_pyadhwqafe,New-Node_gtqjkhreco,635359079
UMLCloneNode,container-admin-user,container-admin-user_ynajyjgazi,,488632931
Move_Operation_New_Component_New_Node,rebook,New-Component_ifsfhliqwe,New-Node_ovqpinbktw,711890500
Move_Operation_New_Component_New_Node,modify,New-Component_nuepvlftnp,New-Node_uithqvuzue,673641902
Move_Operation_New_Component_New_Node,getByID,New-Component_dibdhgzvgs,New-Node_sbpwhblyfh,691805088
Move_Operation_New_Component_New_Node,findAll,New-Component_rbsgmuppko,New-Node_elamtypwtp,749582644
Move_Operation_Component,modify,Verification,,279210503
UMLCloneNode,container-verification,container-verification_xisxvfzewq,,366444501
Move_Operation_New_Component_New_Node,findAll,New-Component_pyadhwqafe,New-Node_gtqjkhreco,598884738
Move_Operation_New_Component_New_Node,updateUser,New-Component_foivlvpxgz,New-Node_kwdbgninmz,698613214
UMLCloneNode,container-rebook,container-rebook_miokhhtafw,,560427769
UMLCloneNode,container-verification,container-verification_xisxvfzewq,,472998696
Move_Operation_New_Component_New_Node,findAll,New-Component_pyadhwqafe,New-Node_gtqjkhreco,671876531
UMLCloneNode,container-admin-user,container-admin-user_ynajyjgazi,,462540988
Move_Operation_New_Component_New_Node,rebook,New-Component_xnrrtllmdb,New-Node_tpyqitoxhn,770570848
UMLCloneNode,container-verification,container-verification_xisxvfzewq,,865272058
Move_Operation_New_Component_New_Node,findAll,New-Component_pyadhwqafe,New-Node_gtqjkhreco,726558112
UMLCloneNode,container-admin-user,container-admin-user_ynajyjgazi,,467797613
UMLCloneNode,container-order-other,container-order-other_vcmbfpwsoa,,511370355
UMLCloneNode,container-verification,container-verification_xisxvfzewq,,459779529
Move_Operation_New_Component_New_Node,findAll,New-Component_pyadhwqafe,New-Node_gtqjkhreco,685354453
UMLCloneNode,container-admin-user,container-admin-user_ynajyjgazi,,494312941
Move_Operation_New_Component_New_Node,login,New-Component_ynehghvlgk,New-Node_ymtmlahpbm,866600789
UMLCloneNode,container-verification,container-verification_xisxvfzewq,,467353511
Move_Operation_New_Component_New_Node,findAll,New-Component_pyadhwqafe,New-Node_gtqjkhreco,602127038
Move_Operation_New_Component_New_Node,updateUser,New-Component_foivlvpxgz,New-Node_kwdbgninmz,612401843
UMLCloneNode,container-order-other,container-order-other_tknxumcaoj,,619083973
UMLCloneNode,container-verification,container-verification_xisxvfzewq,,529023535
Move_Operation_New_Component_New_Node,findAll,New-Component_pyadhwqafe,New-Node_gtqjkhreco,650411263
Move_Operation_New_Component_New_Node,updateUser,New-Component_foivlvpxgz,New-Node_kwdbgninmz,690656846
Move_Component_New_Node,New-Component_fhxiapdrgj,New-Node_snmdweybrx,,284467551
UMLCloneNode,container-verification,container-verification_xisxvfzewq,,467629197
Move_Operation_New_Component_New_Node,findAll,New-Component_pyadhwqafe,New-Node_gtqjkhreco,657588431
Move_Operation_New_Component_New_Node,updateUser,New-Component_foivlvpxgz,New-Node_kwdbgninmz,731409007
Move_Component_New_Node,New-Component_fhxiapdrgj,New-Node_snmdweybrx,,319438523
UMLCloneNode,container-verification,container-verification_xisxvfzewq,,494347446
Move_Operation_New_Component_New_Node,findAll,New-Component_pyadhwqafe,New-Node_gtqjkhreco,671637172
Move_Operation_New_Component_New_Node,updateUser,New-Component_foivlvpxgz,New-Node_kwdbgninmz,633143445
Move_Operation_New_Component_New_Node,getByID,New-Component_pdqttwxgdh,New-Node_jndaistzlk,754399225
UMLCloneNode,container-verification,container-verification_xisxvfzewq,,524049769
Move_Operation_New_Component_New_Node,rebook,New-Component_vqtbqyakcz,New-Node_xndpoejxqw,788684211
UMLCloneNode,container-admin-user,container-admin-user_ynajyjgazi,,497403907
Move_Operation_Component,modify,Verification,,342331478
UMLCloneNode,container-verification,container-verification_xisxvfzewq,,491534311
Move_Operation_New_Component_New_Node,findAll,New-Component_pyadhwqafe,New-Node_gtqjkhreco,666092115
UMLCloneNode,container-admin-user,container-admin-user_ynajyjgazi,,462858893
Move_Operation_New_Component_New_Node,login,New-Component_ynehghvlgk,New-Node_ymtmlahpbm,680258728
UMLCloneNode,container-verification,container-verification_xisxvfzewq,,460909899
Move_Operation_New_Component_New_Node,findAll,New-Component_pyadhwqafe,New-Node_gtqjkhreco,658388641
Move_Operation_New_Component_New_Node,updateUser,New-Component_foivlvpxgz,New-Node_kwdbgninmz,1100184610
UMLCloneNode,container-order-other,container-order-other_vcmbfpwsoa,,489762720
UMLCloneNode,container-verification,container-verification_xisxvfzewq,,466953291
Move_Operation_New_Component_New_Node,findAll,New-Component_pyadhwqafe,New-Node_gtqjkhreco,680339590
UMLCloneNode,container-admin-user,container-admin-user_ynajyjgazi,,574696885
Move_Operation_New_Component_New_Node,rebook,New-Component_ifsfhliqwe,New-Node_ovqpinbktw,709521407
Move_Operation_New_Component_New_Node,modify,New-Component_nuepvlftnp,New-Node_uithqvuzue,777268526
Move_Operation_New_Component_New_Node,getByID,New-Component_dibdhgzvgs,New-Node_sbpwhblyfh,700419190
Move_Operation_New_Component_New_Node,findAll,New-Component_rbsgmuppko,New-Node_elamtypwtp,658862109
UMLCloneNode,container-order-other,container-order-other_tknxumcaoj,,552046585
UMLCloneNode,container-verification,container-verification_xisxvfzewq,,552987999
Move_Operation_New_Component_New_Node,findAll,New-Component_pyadhwqafe,New-Node_gtqjkhreco,668623782
Move_Operation_New_Component_New_Node,updateUser,New-Component_foivlvpxgz,New-Node_kwdbgninmz,677876352
Move_Operation_New_Component_New_Node,findAll,New-Component_ceprslrciv,New-Node_ragpeqcrhb,729779743
Move_Operation_New_Component_New_Node,modify,New-Component_nuepvlftnp,New-Node_uithqvuzue,642355989
Move_Operation_New_Component_New_Node,getByID,New-Component_dibdhgzvgs,New-Node_sbpwhblyfh,624929954
Move_Operation_New_Component_New_Node,findAll,New-Component_rbsgmuppko,New-Node_elamtypwtp,802484958
UMLCloneNode,container-order-other,container-order-other_tknxumcaoj,,495783528
UMLCloneNode,container-verification,container-verification_xisxvfzewq,,463226082
Move_Operation_New_Component_New_Node,findAll,New-Component_pyadhwqafe,New-Node_gtqjkhreco,715206848
Move_Operation_New_Component_New_Node,updateUser,New-Component_foivlvpxgz,New-Node_kwdbgninmz,721451006
Move_Operation_New_Component_New_Node,rebook,New-Component_xnrrtllmdb,New-Node_tpyqitoxhn,792246501
UMLCloneNode,container-verification,container-verification_xisxvfzewq,,464591922
Move_Operation_New_Component_New_Node,findAll,New-Component_pyadhwqafe,New-Node_gtqjkhreco,629534819
UMLCloneNode,container-admin-user,container-admin-user_ynajyjgazi,,430264898
Move_Operation_New_Component_New_Node,login,New-Component_ynehghvlgk,New-Node_ymtmlahpbm,750310089
UMLCloneNode,container-verification,container-verification_xisxvfzewq,,480473451
Move_Operation_New_Component_New_Node,findAll,New-Component_pyadhwqafe,New-Node_gtqjkhreco,713988003
Move_Operation_New_Component_New_Node,updateUser,New-Component_foivlvpxgz,New-Node_kwdbgninmz,667000769
UMLCloneNode,container-verification,container-verification_jujwwnfwup,,494383212
UMLCloneNode,container-verification,container-verification_xisxvfzewq,,472063503
Move_Operation_New_Component_New_Node,findAll,New-Component_pyadhwqafe,New-Node_gtqjkhreco,660635905
UMLCloneNode,container-admin-user,container-admin-user_ynajyjgazi,,678946077
Move_Operation_New_Component_New_Node,rebook,New-Component_ifsfhliqwe,New-Node_ovqpinbktw,795680039
Move_Operation_New_Component_New_Node,modify,New-Component_nuepvlftnp,New-Node_uithqvuzue,794813163
Move_Operation_New_Component_New_Node,getByID,New-Component_dibdhgzvgs,New-Node_sbpwhblyfh,774327862
Move_Operation_New_Component_New_Node,findAll,New-Component_rbsgmuppko,New-Node_elamtypwtp,787554503
Move_Operation_New_Component_New_Node,modify,New-Component_fghtbfioge,New-Node_lcqazpxcyv,722507697
UMLCloneNode,container-verification,container-verification_xisxvfzewq,,470394953
Move_Operation_New_Component_New_Node,findAll,New-Component_pyadhwqafe,New-Node_gtqjkhreco,778914603
UMLCloneNode,container-admin-user,container-admin-user_ynajyjgazi,,569424920
UMLCloneNode,container-rebook,container-rebook_miokhhtafw,,470280729
UMLCloneNode,container-verification,container-verification_xisxvfzewq,,470486325
Move_Operation_New_Component_New_Node,findAll,New-Component_pyadhwqafe,New-Node_gtqjkhreco,677181579
UMLCloneNode,container-admin-user,container-admin-user_ynajyjgazi,,478706518
UMLCloneNode,container-order-other,container-order-other_tknxumcaoj,,471912279
UMLCloneNode,container-verification,container-verification_xisxvfzewq,,387023417
Move_Operation_New_Component_New_Node,findAll,New-Component_pyadhwqafe,New-Node_gtqjkhreco,629454868
Move_Operation_New_Component_New_Node,updateUser,New-Component_foivlvpxgz,New-Node_kwdbgninmz,589442794
UMLCloneNode,container-order-other,container-order-other_tknxumcaoj,,528577569
UMLCloneNode,container-verification,container-verification_xisxvfzewq,,491319128
Move_Operation_New_Component_New_Node,findAll,New-Component_pyadhwqafe,New-Node_gtqjkhreco,646037593
Move_Operation_New_Component_New_Node,updateUser,New-Component_foivlvpxgz,New-Node_kwdbgninmz,693817001
UMLCloneNode,container-rebook,container-rebook_miokhhtafw,,498126352
UMLCloneNode,container-verification,container-verification_xisxvfzewq,,477173584
Move_Operation_New_Component_New_Node,findAll,New-Component_pyadhwqafe,New-Node_gtqjkhreco,640957557
UMLCloneNode,container-admin-user,container-admin-user_ynajyjgazi,,455387263
Move_Component_New_Node,New-Component_fhxiapdrgj,New-Node_snmdweybrx,,298528997
UMLCloneNode,container-verification,container-verification_xisxvfzewq,,494591764
Move_Operation_New_Component_New_Node,findAll,New-Component_pyadhwqafe,New-Node_gtqjkhreco,734444821
Move_Operation_New_Component_New_Node,updateUser,New-Component_foivlvpxgz,New-Node_kwdbgninmz,707167915
Move_Operation_New_Component_New_Node,rebook,New-Component_xnrrtllmdb,New-Node_tpyqitoxhn,703110096
UMLCloneNode,container-verification,container-verification_xisxvfzewq,,464707339
Move_Operation_New_Component_New_Node,findAll,New-Component_pyadhwqafe,New-Node_gtqjkhreco,1069758771
UMLCloneNode,container-admin-user,container-admin-user_ynajyjgazi,,613829731
Move_Operation_New_Component_New_Node,modify,New-Component_mbsmyhkazn,New-Node_xlmcougjfu,743724450
UMLCloneNode,container-verification,container-verification_xisxvfzewq,,478736034
Move_Operation_New_Component_New_Node,findAll,New-Component_pyadhwqafe,New-Node_gtqjkhreco,673716131
Move_Operation_New_Component_New_Node,updateUser,New-Component_foivlvpxgz,New-Node_kwdbgninmz,703558787
UMLCloneNode,New-Node_zkxkbouyck,New-Node_zkxkbouyck_gvagmsokdp,,250926630
UMLCloneNode,container-verification,container-verification_xisxvfzewq,,452630304
Move_Operation_New_Component_New_Node,getByID,New-Component_qblcnzqiqx,New-Node_urvkemmxka,643125051
UMLCloneNode,container-admin-user,container-admin-user_ynajyjgazi,,457128469
UMLCloneNode,container-order-other,container-order-other_tknxumcaoj,,546052395
UMLCloneNode,container-verification,container-verification_xisxvfzewq,,486760119
Move_Operation_New_Component_New_Node,findAll,New-Component_pyadhwqafe,New-Node_gtqjkhreco,667333103
Move_Operation_New_Component_New_Node,updateUser,New-Component_foivlvpxgz,New-Node_kwdbgninmz,697359764
Move_Operation_New_Component_New_Node,rebook,New-Component_xnrrtllmdb,New-Node_tpyqitoxhn,863923739
UMLCloneNode,container-verification,container-verification_xisxvfzewq,,558383106
Move_Operation_New_Component_New_Node,findAll,New-Component_pyadhwqafe,New-Node_gtqjkhreco,742480828
UMLCloneNode,container-admin-user,container-admin-user_ynajyjgazi,,460237197
UMLCloneNode,New-Node_hkdqajdcvh,New-Node_hkdqajdcvh_gfiuewtklw,,277919843
UMLCloneNode,container-verification,container-verification_xisxvfzewq,,450589127
Move_Operation_New_Component_New_Node,findAll,New-Component_pyadhwqafe,New-Node_gtqjkhreco,626667863
UMLCloneNode,container-admin-user,container-admin-user_ynajyjgazi,,472988277
UMLCloneNode,New-Node_zkxkbouyck,New-Node_zkxkbouyck_gvagmsokdp,,295068168
UMLCloneNode,container-verification,container-verification_xisxvfzewq,,465261057
Move_Operation_New_Component_New_Node,getByID,New-Component_qblcnzqiqx,New-Node_urvkemmxka,667714237
UMLCloneNode,container-admin-user,container-admin-user_ynajyjgazi,,497024425
Move_Operation_New_Component_New_Node,findAll,New-Component_ltuxdzjutm,New-Node_yjicvisftt,661028460
UMLCloneNode,container-verification,container-verification_xisxvfzewq,,510961619
Move_Operation_New_Component_New_Node,rebook,New-Component_vqtbqyakcz,New-Node_xndpoejxqw,757298191
UMLCloneNode,container-admin-user,container-admin-user_ynajyjgazi,,493628417
Move_Operation_New_Component_New_Node,login,New-Component_blumskinlq,New-Node_alnvpolxed,690082178
UMLCloneNode,container-verification,container-verification_xisxvfzewq,,464940226
Move_Operation_New_Component_New_Node,findAll,New-Component_pyadhwqafe,New-Node_gtqjkhreco,679354733
UMLCloneNode,container-admin-user,container-admin-user_ynajyjgazi,,573870335
Move_Operation_New_Component_New_Node,rebook,New-Component_ifsfhliqwe,New-Node_ovqpinbktw,825708203
Move_Operation_New_Component_New_Node,modify,New-Component_nuepvlftnp,New-Node_uithqvuzue,669703747
Move_Operation_New_Component_New_Node,getByID,New-Component_dibdhgzvgs,New-Node_sbpwhblyfh,663733383
Move_Operation_New_Component_New_Node,findAll,New-Component_rbsgmuppko,New-Node_elamtypwtp,651701272
UMLCloneNode,New-Node_hkdqajdcvh,New-Node_hkdqajdcvh_gfiuewtklw,,278535768
UMLCloneNode,container-verification,container-verification_xisxvfzewq,,492591904
Move_Operation_New_Component_New_Node,findAll,New-Component_pyadhwqafe,New-Node_gtqjkhreco,632475573
UMLCloneNode,container-admin-user,container-admin-user_ynajyjgazi,,454842573
UMLCloneNode,container-order-other,container-order-other_tknxumcaoj,,543800803
UMLCloneNode,container-verification,container-verification_xisxvfzewq,,536374459
Move_Operation_New_Component_New_Node,findAll,New-Component_pyadhwqafe,New-Node_gtqjkhreco,578067595
Move_Operation_New_Component_New_Node,updateUser,New-Component_foivlvpxgz,New-Node_kwdbgninmz,676664459
UMLCloneNode,container-order-other,container-order-other_tknxumcaoj,,519236704
UMLCloneNode,container-verification,container-verification_xisxvfzewq,,470266283
Move_Operation_New_Component_New_Node,findAll,New-Component_pyadhwqafe,New-Node_gtqjkhreco,658345670
Move_Operation_New_Component_New_Node,updateUser,New-Component_foivlvpxgz,New-Node_kwdbgninmz,724229837
UMLCloneNode,container-order-other,container-order-other_vcmbfpwsoa,,540715197
UMLCloneNode,container-verification,container-verification_xisxvfzewq,,471757628
Move_Operation_New_Component_New_Node,findAll,New-Component_pyadhwqafe,New-Node_gtqjkhreco,655854690
UMLCloneNode,container-admin-user,container-admin-user_ynajyjgazi,,483933229
Move_Operation_New_Component_New_Node,getByID,New-Component_pdqttwxgdh,New-Node_jndaistzlk,747153570
UMLCloneNode,container-verification,container-verification_xisxvfzewq,,529674736
Move_Operation_New_Component_New_Node,rebook,New-Component_vqtbqyakcz,New-Node_xndpoejxqw,701048320
UMLCloneNode,container-admin-user,container-admin-user_ynajyjgazi,,499378079
Move_Operation_New_Component_New_Node,getByID,New-Component_pdqttwxgdh,New-Node_jndaistzlk,808298730
UMLCloneNode,container-verification,container-verification_xisxvfzewq,,585222521
Move_Operation_New_Component_New_Node,rebook,New-Component_vqtbqyakcz,New-Node_xndpoejxqw,807812849
UMLCloneNode,container-admin-user,container-admin-user_ynajyjgazi,,573537582
UMLCloneNode,container-order-other,container-order-other_dtfqrpdmrr,,559056448
UMLCloneNode,container-verification,container-verification_xisxvfzewq,,582443470
Move_Operation_New_Component_New_Node,findAll,New-Component_pyadhwqafe,New-Node_gtqjkhreco,1139050095
UMLCloneNode,container-admin-user,container-admin-user_ynajyjgazi,,509955301
Move_Operation_New_Component_New_Node,getByID,New-Component_lubgzhrjmz,New-Node_oraaijtzdx,759190329
UMLCloneNode,container-verification,container-verification_xisxvfzewq,,565649812
Move_Operation_New_Component_New_Node,findAll,New-Component_pyadhwqafe,New-Node_gtqjkhreco,719155572
Move_Operation_New_Component_New_Node,updateUser,New-Component_foivlvpxgz,New-Node_kwdbgninmz,781160424
Move_Operation_New_Component_New_Node,modify,New-Component_fghtbfioge,New-Node_lcqazpxcyv,698154805
UMLCloneNode,container-verification,container-verification_xisxvfzewq,,457013593
Move_Operation_New_Component_New_Node,findAll,New-Component_pyadhwqafe,New-Node_gtqjkhreco,639783135
UMLCloneNode,container-admin-user,container-admin-user_ynajyjgazi,,469391082
UMLCloneNode,container-order-other,container-order-other_tknxumcaoj,,592751137
UMLCloneNode,container-verification,container-verification_xisxvfzewq,,465593311
Move_Operation_New_Component_New_Node,findAll,New-Component_pyadhwqafe,New-Node_gtqjkhreco,652235855
Move_Operation_New_Component_New_Node,updateUser,New-Component_foivlvpxgz,New-Node_kwdbgninmz,763351942
UMLCloneNode,container-travel-plan,container-travel-plan_tfucedszrs,,521890751
UMLCloneNode,container-verification,container-verification_xisxvfzewq,,465341698
Move_Operation_New_Component_New_Node,getByID,New-Component_qblcnzqiqx,New-Node_urvkemmxka,666802056
UMLCloneNode,container-admin-user,container-admin-user_ynajyjgazi,,491069209
Move_Component_New_Node,Route-plan,New-Node_ksgzvlylbm,,591218984
UMLCloneNode,container-verification,container-verification_xisxvfzewq,,466750139
Move_Operation_New_Component_New_Node,findAll,New-Component_pyadhwqafe,New-Node_gtqjkhreco,665035304
UMLCloneNode,container-admin-user,container-admin-user_ynajyjgazi,,473203069
Move_Component_New_Node,New-Component_fhxiapdrgj,New-Node_snmdweybrx,,294510001
UMLCloneNode,container-verification,container-verification_xisxvfzewq,,467520575
Move_Operation_New_Component_New_Node,findAll,New-Component_pyadhwqafe,New-Node_gtqjkhreco,702242048
Move_Operation_New_Component_New_Node,updateUser,New-Component_foivlvpxgz,New-Node_kwdbgninmz,659358038
UMLCloneNode,container-rebook,container-rebook_miokhhtafw,,542357436
UMLCloneNode,container-verification,container-verification_xisxvfzewq,,488681061
Move_Operation_New_Component_New_Node,findAll,New-Component_pyadhwqafe,New-Node_gtqjkhreco,699614402
UMLCloneNode,container-admin-user,container-admin-user_ynajyjgazi,,517605826
Move_Operation_New_Component_New_Node,modify,New-Component_fghtbfioge,New-Node_lcqazpxcyv,1234531958
UMLCloneNode,container-verification,container-verification_xisxvfzewq,,519429776
Move_Operation_New_Component_New_Node,findAll,New-Component_pyadhwqafe,New-Node_gtqjkhreco,776431777
UMLCloneNode,container-admin-user,container-admin-user_ynajyjgazi,,552501448
UMLCloneNode,New-Node_hkdqajdcvh,New-Node_hkdqajdcvh_gfiuewtklw,,306737418
UMLCloneNode,container-verification,container-verification_xisxvfzewq,,469868927
Move_Operation_New_Component_New_Node,findAll,New-Component_pyadhwqafe,New-Node_gtqjkhreco,776679573
UMLCloneNode,container-admin-user,container-admin-user_ynajyjgazi,,584251069
Move_Operation_New_Component_New_Node,getByID,New-Component_pdqttwxgdh,New-Node_jndaistzlk,667036917
UMLCloneNode,container-verification,container-verification_xisxvfzewq,,529686869
Move_Operation_New_Component_New_Node,rebook,New-Component_vqtbqyakcz,New-Node_xndpoejxqw,795949564
UMLCloneNode,container-admin-user,container-admin-user_ynajyjgazi,,525380835
UMLCloneNode,New-Node_zkxkbouyck,New-Node_zkxkbouyck_gvagmsokdp,,302441513
UMLCloneNode,container-verification,container-verification_xisxvfzewq,,422956574
Move_Operation_New_Component_New_Node,getByID,New-Component_qblcnzqiqx,New-Node_urvkemmxka,785208104
UMLCloneNode,container-admin-user,container-admin-user_ynajyjgazi,,563338007
Move_Operation_New_Component_New_Node,findAll,New-Component_ltuxdzjutm,New-Node_yjicvisftt,715201177
UMLCloneNode,container-verification,container-verification_xisxvfzewq,,466733499
Move_Operation_New_Component_New_Node,rebook,New-Component_vqtbqyakcz,New-Node_xndpoejxqw,730408461
UMLCloneNode,container-admin-user,container-admin-user_ynajyjgazi,,496824340
UMLCloneNode,container-seat,container-seat_lfzrrdotoi,,572480329
UMLCloneNode,container-verification,container-verification_xisxvfzewq,,576115064
Move_Operation_New_Component_New_Node,findAll,New-Component_pyadhwqafe,New-Node_gtqjkhreco,778228547
UMLCloneNode,container-admin-user,container-admin-user_ynajyjgazi,,440311827
Move_Operation_Component,modify,Verification,,291320260
UMLCloneNode,container-verification,container-verification_xisxvfzewq,,476235245
Move_Operation_New_Component_New_Node,findAll,New-Component_pyadhwqafe,New-Node_gtqjkhreco,694820562
UMLCloneNode,container-admin-user,container-admin-user_ynajyjgazi,,474635986
Move_Operation_New_Component_New_Node,login,New-Component_ynehghvlgk,New-Node_ymtmlahpbm,733717657
UMLCloneNode,container-verification,container-verification_xisxvfzewq,,492044387
Move_Operation_New_Component_New_Node,findAll,New-Component_pyadhwqafe,New-Node_gtqjkhreco,670361972
Move_Operation_New_Component_New_Node,updateUser,New-Component_foivlvpxgz,New-Node_kwdbgninmz,719413034
UMLCloneNode,New-Node_zkxkbouyck,New-Node_zkxkbouyck_gvagmsokdp,,241567501
UMLCloneNode,container-verification,container-verification_xisxvfzewq,,512645245
Move_Operation_New_Component_New_Node,getByID,New-Component_qblcnzqiqx,New-Node_urvkemmxka,1203579290
UMLCloneNode,container-admin-user,container-admin-user_ynajyjgazi,,521391154
Move_Operation_New_Component_New_Node,findAll,New-Component_ltuxdzjutm,New-Node_yjicvisftt,742362736
UMLCloneNode,container-verification,container-verification_xisxvfzewq,,459985295
Move_Operation_New_Component_New_Node,rebook,New-Component_vqtbqyakcz,New-Node_xndpoejxqw,705463078
UMLCloneNode,container-admin-user,container-admin-user_ynajyjgazi,,548184072
Move_Operation_Component,modify,Verification,,332259843
UMLCloneNode,container-verification,container-verification_xisxvfzewq,,461150189
Move_Operation_New_Component_New_Node,findAll,New-Component_pyadhwqafe,New-Node_gtqjkhreco,637171107
UMLCloneNode,container-admin-user,container-admin-user_ynajyjgazi,,462727957
UMLCloneNode,container-order-other,container-order-other_dtfqrpdmrr,,411211421
UMLCloneNode,container-verification,container-verification_xisxvfzewq,,356765252
Move_Operation_New_Component_New_Node,findAll,New-Component_pyadhwqafe,New-Node_gtqjkhreco,537863551
UMLCloneNode,container-admin-user,container-admin-user_ynajyjgazi,,361414580
UMLCloneNode,New-Node_hkdqajdcvh,New-Node_hkdqajdcvh_gfiuewtklw,,281003114
UMLCloneNode,container-verification,container-verification_xisxvfzewq,,457641140
Move_Operation_New_Component_New_Node,findAll,New-Component_pyadhwqafe,New-Node_gtqjkhreco,656377069
UMLCloneNode,container-admin-user,container-admin-user_ynajyjgazi,,441271917
UMLCloneNode,New-Node_hkdqajdcvh,New-Node_hkdqajdcvh_gfiuewtklw,,253873385
UMLCloneNode,container-verification,container-verification_xisxvfzewq,,467636231
Move_Operation_New_Component_New_Node,findAll,New-Component_pyadhwqafe,New-Node_gtqjkhreco,679823111
UMLCloneNode,container-admin-user,container-admin-user_ynajyjgazi,,486645404
Move_Operation_New_Component_New_Node,getByID,New-Component_pdqttwxgdh,New-Node_jndaistzlk,754605924
UMLCloneNode,container-verification,container-verification_xisxvfzewq,,480678025
Move_Operation_New_Component_New_Node,rebook,New-Component_vqtbqyakcz,New-Node_xndpoejxqw,717735510
UMLCloneNode,container-admin-user,container-admin-user_ynajyjgazi,,464178267
Move_Operation_New_Component_New_Node,findAll,New-Component_ltuxdzjutm,New-Node_yjicvisftt,694001216
UMLCloneNode,container-verification,container-verification_xisxvfzewq,,511716865
Move_Operation_New_Component_New_Node,rebook,New-Component_vqtbqyakcz,New-Node_xndpoejxqw,847015506
UMLCloneNode,container-admin-user,container-admin-user_ynajyjgazi,,611929708
Move_Operation_New_Component_New_Node,login,New-Component_blumskinlq,New-Node_alnvpolxed,751745780
UMLCloneNode,container-verification,container-verification_xisxvfzewq,,504943214
Move_Operation_New_Component_New_Node,findAll,New-Component_pyadhwqafe,New-Node_gtqjkhreco,673664114
UMLCloneNode,container-admin-user,container-admin-user_ynajyjgazi,,492204969
Move_Operation_Component,rebook,Ticket-info,,344574845
Move_Operation_New_Component_New_Node,modify,New-Component_nuepvlftnp,New-Node_uithqvuzue,705388248
Move_Operation_New_Component_New_Node,getByID,New-Component_dibdhgzvgs,New-Node_sbpwhblyfh,768454089
Move_Operation_New_Component_New_Node,findAll,New-Component_rbsgmuppko,New-Node_elamtypwtp,671948116
UMLCloneNode,New-Node_hkdqajdcvh,New-Node_hkdqajdcvh_gfiuewtklw,,259859399
UMLCloneNode,container-verification,container-verification_xisxvfzewq,,457577149
Move_Operation_New_Component_New_Node,findAll,New-Component_pyadhwqafe,New-Node_gtqjkhreco,664498738
UMLCloneNode,container-admin-user,container-admin-user_ynajyjgazi,,477528930
UMLCloneNode,New-Node_zkxkbouyck,New-Node_zkxkbouyck_gvagmsokdp,,281940822
UMLCloneNode,container-verification,container-verification_xisxvfzewq,,462992443
Move_Operation_New_Component_New_Node,getByID,New-Component_qblcnzqiqx,New-Node_urvkemmxka,661169856
UMLCloneNode,container-admin-user,container-admin-user_ynajyjgazi,,461225170
UMLCloneNode,New-Node_hkdqajdcvh,New-Node_hkdqajdcvh_gfiuewtklw,,248381247
UMLCloneNode,container-verification,container-verification_xisxvfzewq,,526726268
Move_Operation_New_Component_New_Node,findAll,New-Component_pyadhwqafe,New-Node_gtqjkhreco,721443002
UMLCloneNode,container-admin-user,container-admin-user_ynajyjgazi,,536941862
Move_Operation_New_Component_New_Node,login,New-Component_ynehghvlgk,New-Node_ymtmlahpbm,817565506
UMLCloneNode,container-verification,container-verification_xisxvfzewq,,520726017
Move_Operation_New_Component_New_Node,findAll,New-Component_pyadhwqafe,New-Node_gtqjkhreco,698062602
Move_Operation_New_Component_New_Node,updateUser,New-Component_foivlvpxgz,New-Node_kwdbgninmz,692759899
UMLCloneNode,New-Node_zkxkbouyck,New-Node_zkxkbouyck_gvagmsokdp,,249591597
UMLCloneNode,container-verification,container-verification_xisxvfzewq,,479118822
Move_Operation_New_Component_New_Node,getByID,New-Component_qblcnzqiqx,New-Node_urvkemmxka,724397701
UMLCloneNode,container-admin-user,container-admin-user_ynajyjgazi,,461669663
UMLCloneNode,continer-route-plan,continer-route-plan_rmgigmyssi,,564633826
UMLCloneNode,container-verification,container-verification_xisxvfzewq,,460466667
Move_Operation_New_Component_New_Node,findAll,New-Component_pyadhwqafe,New-Node_gtqjkhreco,772689140
UMLCloneNode,container-admin-user,container-admin-user_ynajyjgazi,,544681405
Move_Operation_New_Component_New_Node,getByID,New-Component_pdqttwxgdh,New-Node_jndaistzlk,680604878
UMLCloneNode,container-verification,container-verification_xisxvfzewq,,495290534
Move_Operation_New_Component_New_Node,rebook,New-Component_vqtbqyakcz,New-Node_xndpoejxqw,777563450
UMLCloneNode,container-admin-user,container-admin-user_ynajyjgazi,,897484918
Move_Operation_New_Component_New_Node,getByID,New-Component_pdqttwxgdh,New-Node_jndaistzlk,740102479
UMLCloneNode,container-verification,container-verification_xisxvfzewq,,497317144
Move_Operation_New_Component_New_Node,rebook,New-Component_vqtbqyakcz,New-Node_xndpoejxqw,708938625
UMLCloneNode,container-admin-user,container-admin-user_ynajyjgazi,,461159707
Move_Operation_New_Component_New_Node,modify,New-Component_fghtbfioge,New-Node_lcqazpxcyv,793511753
UMLCloneNode,container-verification,container-verification_xisxvfzewq,,576930924
Move_Operation_New_Component_New_Node,findAll,New-Component_pyadhwqafe,New-Node_gtqjkhreco,742104192
UMLCloneNode,container-admin-user,container-admin-user_ynajyjgazi,,578144159
Move_Operation_New_Component_New_Node,modify,New-Component_mbsmyhkazn,New-Node_xlmcougjfu,730878523
UMLCloneNode,container-verification,container-verification_xisxvfzewq,,468306848
Move_Operation_New_Component_New_Node,findAll,New-Component_pyadhwqafe,New-Node_gtqjkhreco,686672845
Move_Operation_New_Component_New_Node,updateUser,New-Component_foivlvpxgz,New-Node_kwdbgninmz,681363470
UMLCloneNode,container-rebook,container-rebook_miokhhtafw,,580043410
UMLCloneNode,container-verification,container-verification_xisxvfzewq,,465530373
Move_Operation_New_Component_New_Node,findAll,New-Component_pyadhwqafe,New-Node_gtqjkhreco,638636174
UMLCloneNode,container-admin-user,container-admin-user_ynajyjgazi,,462494189
Move_Operation_New_Component_New_Node,rebook,New-Component_ifsfhliqwe,New-Node_ovqpinbktw,751412465
Move_Operation_New_Component_New_Node,modify,New-Component_nuepvlftnp,New-Node_uithqvuzue,663824152
Move_Operation_New_Component_New_Node,getByID,New-Component_dibdhgzvgs,New-Node_sbpwhblyfh,678201601
Move_Operation_New_Component_New_Node,findAll,New-Component_rbsgmuppko,New-Node_elamtypwtp,664708040
Move_Operation_New_Component_New_Node,modify,New-Component_fghtbfioge,New-Node_lcqazpxcyv,685815158
UMLCloneNode,container-verification,container-verification_xisxvfzewq,,504003020
Move_Operation_New_Component_New_Node,findAll,New-Component_pyadhwqafe,New-Node_gtqjkhreco,668982295
UMLCloneNode,container-admin-user,container-admin-user_ynajyjgazi,,467872884
Move_Operation_Component,modify,Verification,,360718024
UMLCloneNode,container-verification,container-verification_xisxvfzewq,,470005754
Move_Operation_New_Component_New_Node,findAll,New-Component_pyadhwqafe,New-Node_gtqjkhreco,657357518
UMLCloneNode,container-admin-user,container-admin-user_ynajyjgazi,,459596275
Move_Operation_New_Component_New_Node,rebook,New-Component_lzplydxmhn,New-Node_jtugzmwsoa,665760183
UMLCloneNode,container-verification,container-verification_xisxvfzewq,,477802944
Move_Operation_New_Component_New_Node,findAll,New-Component_pyadhwqafe,New-Node_gtqjkhreco,658795163
Move_Operation_New_Component_New_Node,updateUser,New-Component_foivlvpxgz,New-Node_kwdbgninmz,680966095
Move_Operation_New_Component_New_Node,findAll,New-Component_ltuxdzjutm,New-Node_yjicvisftt,709796152
UMLCloneNode,container-verification,container-verification_xisxvfzewq,,603589620
Move_Operation_New_Component_New_Node,rebook,New-Component_vqtbqyakcz,New-Node_xndpoejxqw,809145989
UMLCloneNode,container-admin-user,container-admin-user_ynajyjgazi,,666235725
Move_Operation_Component,rebook,Sso,,296363697
UMLCloneNode,container-verification,container-verification_xisxvfzewq,,479832299
Move_Operation_New_Component_New_Node,findAll,New-Component_pyadhwqafe,New-Node_gtqjkhreco,638036280
Move_Operation_New_Component_New_Node,updateUser,New-Component_foivlvpxgz,New-Node_kwdbgninmz,670673856
UMLCloneNode,New-Node_zkxkbouyck,New-Node_zkxkbouyck_gvagmsokdp,,297704752
UMLCloneNode,container-verification,container-verification_xisxvfzewq,,540514561
Move_Operation_New_Component_New_Node,getByID,New-Component_qblcnzqiqx,New-Node_urvkemmxka,671944960
UMLCloneNode,container-admin-user,container-admin-user_ynajyjgazi,,449050732
Move_Operation_New_Component_New_Node,login,New-Component_blumskinlq,New-Node_alnvpolxed,804250429
UMLCloneNode,container-verification,container-verification_xisxvfzewq,,572478675
Move_Operation_New_Component_New_Node,findAll,New-Component_pyadhwqafe,New-Node_gtqjkhreco,723645681
UMLCloneNode,container-admin-user,container-admin-user_ynajyjgazi,,566505696
UMLCloneNode,container-order-other,container-order-other_dtfqrpdmrr,,512629816
UMLCloneNode,container-verification,container-verification_xisxvfzewq,,620265789
Move_Operation_New_Component_New_Node,findAll,New-Component_pyadhwqafe,New-Node_gtqjkhreco,786211705
UMLCloneNode,container-admin-user,container-admin-user_ynajyjgazi,,504213505
UMLCloneNode,container-order-other,container-order-other_dtfqrpdmrr,,508431064
UMLCloneNode,container-verification,container-verification_xisxvfzewq,,470024940
Move_Operation_Component,modify,Login,,259871372
UMLCloneNode,container-admin-user,container-admin-user_ynajyjgazi,,455932766
UMLCloneNode,container-rebook,container-rebook_miokhhtafw,,652589547
UMLCloneNode,container-verification,container-verification_xisxvfzewq,,535706026
Move_Operation_New_Component_New_Node,findAll,New-Component_pyadhwqafe,New-Node_gtqjkhreco,870415492
UMLCloneNode,container-admin-user,container-admin-user_ynajyjgazi,,636113795
Move_Operation_New_Component_New_Node,getByID,New-Component_pdqttwxgdh,New-Node_jndaistzlk,660033324
UMLCloneNode,container-verification,container-verification_xisxvfzewq,,467945340
Move_Operation_New_Component_New_Node,rebook,New-Component_vqtbqyakcz,New-Node_xndpoejxqw,778109273
UMLCloneNode,container-admin-user,container-admin-user_ynajyjgazi,,852175981
Move_Operation_New_Component_New_Node,modify,New-Component_mbsmyhkazn,New-Node_xlmcougjfu,752925953
UMLCloneNode,container-verification,container-verification_xisxvfzewq,,474282583
Move_Operation_New_Component_New_Node,findAll,New-Component_pyadhwqafe,New-Node_gtqjkhreco,636850626
Move_Operation_New_Component_New_Node,updateUser,New-Component_foivlvpxgz,New-Node_kwdbgninmz,701807724
UMLCloneNode,container-order-other,container-order-other_tknxumcaoj,,552941473
UMLCloneNode,container-verification,container-verification_xisxvfzewq,,475999052
Move_Operation_New_Component_New_Node,findAll,New-Component_pyadhwqafe,New-Node_gtqjkhreco,702814081
UMLCloneNode,container-admin-user,container-admin-user_ynajyjgazi,,480061229
UMLCloneNode,container-order-other,container-order-other_dtfqrpdmrr,,518874094
UMLCloneNode,container-verification,container-verification_xisxvfzewq,,396174025
Move_Operation_New_Component_New_Node,findAll,New-Component_pyadhwqafe,New-Node_gtqjkhreco,641445211
UMLCloneNode,container-admin-user,container-admin-user_ynajyjgazi,,554328423
UMLCloneNode,container-order-other,container-order-other_tknxumcaoj,,544273249
UMLCloneNode,container-verification,container-verification_xisxvfzewq,,450574659
Move_Operation_New_Component_New_Node,findAll,New-Component_pyadhwqafe,New-Node_gtqjkhreco,628931657
Move_Operation_New_Component_New_Node,updateUser,New-Component_foivlvpxgz,New-Node_kwdbgninmz,662392829
Move_Operation_New_Component_New_Node,rebook,New-Component_lzplydxmhn,New-Node_jtugzmwsoa,781069834
UMLCloneNode,container-verification,container-verification_xisxvfzewq,,466656243
Move_Operation_New_Component_New_Node,findAll,New-Component_pyadhwqafe,New-Node_gtqjkhreco,667269443
Move_Operation_New_Component_New_Node,updateUser,New-Component_foivlvpxgz,New-Node_kwdbgninmz,667304869
Move_Component_New_Node,Travel-plan,New-Node_zrpxskfwph,,504458004
UMLCloneNode,container-verification,container-verification_xisxvfzewq,,398664104
Move_Operation_New_Component_New_Node,rebook,New-Component_vqtbqyakcz,New-Node_xndpoejxqw,636819538
UMLCloneNode,container-admin-user,container-admin-user_ynajyjgazi,,417717741
UMLCloneNode,New-Node_hkdqajdcvh,New-Node_hkdqajdcvh_gfiuewtklw,,252510089
UMLCloneNode,container-verification,container-verification_xisxvfzewq,,381853724
Move_Operation_New_Component_New_Node,findAll,New-Component_pyadhwqafe,New-Node_gtqjkhreco,602825728
UMLCloneNode,container-admin-user,container-admin-user_ynajyjgazi,,602662983
UMLCloneNode,container-order-other,container-order-other_tknxumcaoj,,612625633
UMLCloneNode,container-verification,container-verification_xisxvfzewq,,456171374
Move_Operation_New_Component_New_Node,findAll,New-Component_pyadhwqafe,New-Node_gtqjkhreco,671994423
UMLCloneNode,container-admin-user,container-admin-user_ynajyjgazi,,481317243
Move_Operation_New_Component_New_Node,rebook,New-Component_ifsfhliqwe,New-Node_ovqpinbktw,737636174
Move_Operation_New_Component_New_Node,modify,New-Component_nuepvlftnp,New-Node_uithqvuzue,670061328
Move_Operation_New_Component_New_Node,getByID,New-Component_dibdhgzvgs,New-Node_sbpwhblyfh,650862599
Move_Operation_New_Component_New_Node,findAll,New-Component_rbsgmuppko,New-Node_elamtypwtp,748889144
Move_Operation_New_Component_New_Node,login,New-Component_blumskinlq,New-Node_alnvpolxed,829482691
UMLCloneNode,container-verification,container-verification_xisxvfzewq,,461941363
Move_Operation_New_Component_New_Node,findAll,New-Component_pyadhwqafe,New-Node_gtqjkhreco,652009069
UMLCloneNode,container-admin-user,container-admin-user_ynajyjgazi,,460777511
Move_Operation_Component,rebook,Sso,,287746318
UMLCloneNode,container-verification,container-verification_xisxvfzewq,,473490989
Move_Component_New_Node,Sso,New-Node_mmlfkmwlov,,531850786
Move_Operation_New_Component_New_Node,updateUser,New-Component_foivlvpxgz,New-Node_kwdbgninmz,690052202
Move_Operation_Component,modify,Verification,,336795919
UMLCloneNode,container-verification,container-verification_xisxvfzewq,,475857807
Move_Operation_New_Component_New_Node,findAll,New-Component_pyadhwqafe,New-Node_gtqjkhreco,651496828
UMLCloneNode,container-admin-user,container-admin-user_ynajyjgazi,,463927887
UMLCloneNode,container-order-other,container-order-other_tknxumcaoj,,520209177
UMLCloneNode,container-verification,container-verification_xisxvfzewq,,498473252
Move_Operation_New_Component_New_Node,findAll,New-Component_pyadhwqafe,New-Node_gtqjkhreco,654324461
Move_Operation_New_Component_New_Node,updateUser,New-Component_foivlvpxgz,New-Node_kwdbgninmz,797658949
UMLCloneNode,container-rebook,container-rebook_miokhhtafw,,575657937
UMLCloneNode,container-verification,container-verification_xisxvfzewq,,551374995
Move_Operation_New_Component_New_Node,findAll,New-Component_pyadhwqafe,New-Node_gtqjkhreco,732146982
UMLCloneNode,container-admin-user,container-admin-user_ynajyjgazi,,543178036
UMLCloneNode,container-login,container-login_yysfjzsfqg,,470223542
UMLCloneNode,container-verification,container-verification_xisxvfzewq,,368514874
Move_Operation_New_Component_New_Node,rebook,New-Component_vqtbqyakcz,New-Node_xndpoejxqw,780666107
UMLCloneNode,container-admin-user,container-admin-user_ynajyjgazi,,548579804
Move_Operation_Component,modify,Verification,,268611991
UMLCloneNode,container-verification,container-verification_xisxvfzewq,,476980201
Move_Operation_New_Component_New_Node,findAll,New-Component_pyadhwqafe,New-Node_gtqjkhreco,635863245
UMLCloneNode,container-admin-user,container-admin-user_ynajyjgazi,,725194525
Move_Operation_Component,modify,Verification,,306639885
UMLCloneNode,container-verification,container-verification_xisxvfzewq,,529344717
Move_Operation_New_Component_New_Node,findAll,New-Component_pyadhwqafe,New-Node_gtqjkhreco,775938413
UMLCloneNode,container-admin-user,container-admin-user_ynajyjgazi,,578001381
Move_Operation_New_Component_New_Node,modify,New-Component_mbsmyhkazn,New-Node_xlmcougjfu,685434363
UMLCloneNode,container-verification,container-verification_xisxvfzewq,,475626082
Move_Operation_New_Component_New_Node,findAll,New-Component_pyadhwqafe,New-Node_gtqjkhreco,676650894
Move_Operation_New_Component_New_Node,updateUser,New-Component_foivlvpxgz,New-Node_kwdbgninmz,664198665
Move_Operation_New_Component_New_Node,rebook,New-Component_lzplydxmhn,New-Node_jtugzmwsoa,725558748
UMLCloneNode,container-verification,container-verification_xisxvfzewq,,479707886
Move_Operation_New_Component_New_Node,findAll,New-Component_pyadhwqafe,New-Node_gtqjkhreco,803392831
Move_Operation_New_Component_New_Node,updateUser,New-Component_foivlvpxgz,New-Node_kwdbgninmz,738709466
Move_Operation_New_Component_New_Node,login,New-Component_blumskinlq,New-Node_alnvpolxed,731379863
UMLCloneNode,container-verification,container-verification_xisxvfzewq,,466744930
Move_Operation_New_Component_New_Node,findAll,New-Component_pyadhwqafe,New-Node_gtqjkhreco,696500403
UMLCloneNode,container-admin-user,container-admin-user_ynajyjgazi,,475473196
Move_Operation_New_Component_New_Node,rebook,New-Component_lzplydxmhn,New-Node_jtugzmwsoa,744672147
UMLCloneNode,container-verification,container-verification_xisxvfzewq,,491235721
Move_Operation_New_Component_New_Node,findAll,New-Component_pyadhwqafe,New-Node_gtqjkhreco,662045258
Move_Operation_New_Component_New_Node,updateUser,New-Component_foivlvpxgz,New-Node_kwdbgninmz,707719068
Move_Operation_New_Component_New_Node,rebook,New-Component_lzplydxmhn,New-Node_jtugzmwsoa,800356508
UMLCloneNode,container-verification,container-verification_xisxvfzewq,,492779646
Move_Operation_New_Component_New_Node,findAll,New-Component_pyadhwqafe,New-Node_gtqjkhreco,658519205
Move_Operation_New_Component_New_Node,updateUser,New-Component_foivlvpxgz,New-Node_kwdbgninmz,678235545
Move_Operation_New_Component_New_Node,modify,New-Component_mbsmyhkazn,New-Node_xlmcougjfu,686025552
UMLCloneNode,container-verification,container-verification_xisxvfzewq,,472947711
Move_Operation_New_Component_New_Node,findAll,New-Component_pyadhwqafe,New-Node_gtqjkhreco,665155740
Move_Operation_New_Component_New_Node,updateUser,New-Component_foivlvpxgz,New-Node_kwdbgninmz,710312350
UMLCloneNode,New-Node_hkdqajdcvh,New-Node_hkdqajdcvh_gfiuewtklw,,218518122
UMLCloneNode,container-verification,container-verification_xisxvfzewq,,486540196
Move_Operation_New_Component_New_Node,findAll,New-Component_pyadhwqafe,New-Node_gtqjkhreco,860227278
UMLCloneNode,container-admin-user,container-admin-user_ynajyjgazi,,464310015
UMLCloneNode,New-Node_hkdqajdcvh,New-Node_hkdqajdcvh_gfiuewtklw,,265162513
UMLCloneNode,container-verification,container-verification_xisxvfzewq,,361786257
Move_Operation_New_Component_New_Node,findAll,New-Component_pyadhwqafe,New-Node_gtqjkhreco,614027362
UMLCloneNode,container-admin-user,container-admin-user_ynajyjgazi,,447540591
Move_Operation_New_Component_New_Node,getByID,New-Component_pdqttwxgdh,New-Node_jndaistzlk,724507006
UMLCloneNode,container-verification,container-verification_xisxvfzewq,,488882829
Move_Operation_New_Component_New_Node,rebook,New-Component_vqtbqyakcz,New-Node_xndpoejxqw,729160973
UMLCloneNode,container-admin-user,container-admin-user_ynajyjgazi,,465919121
Move_Operation_New_Component_New_Node,login,New-Component_ynehghvlgk,New-Node_ymtmlahpbm,739271881
UMLCloneNode,container-verification,container-verification_xisxvfzewq,,453725458
Move_Operation_New_Component_New_Node,findAll,New-Component_pyadhwqafe,New-Node_gtqjkhreco,634831079
Move_Operation_New_Component_New_Node,updateUser,New-Component_foivlvpxgz,New-Node_kwdbgninmz,653505675
Move_Operation_New_Component_New_Node,getByID,New-Component_pdqttwxgdh,New-Node_jndaistzlk,833570966
UMLCloneNode,container-verification,container-verification_xisxvfzewq,,521242325
Move_Operation_New_Component_New_Node,rebook,New-Component_vqtbqyakcz,New-Node_xndpoejxqw,729211337
UMLCloneNode,container-admin-user,container-admin-user_ynajyjgazi,,469771805
UMLCloneNode,container-order-other,container-order-other_tknxumcaoj,,532605471
UMLCloneNode,container-verification,container-verification_xisxvfzewq,,459404446
Move_Operation_New_Component_New_Node,findAll,New-Component_pyadhwqafe,New-Node_gtqjkhreco,641858115
UMLCloneNode,container-admin-user,container-admin-user_ynajyjgazi,,492163210
Move_Operation_New_Component_New_Node,rebook,New-Component_lzplydxmhn,New-Node_jtugzmwsoa,759181572
UMLCloneNode,container-verification,container-verification_xisxvfzewq,,525091342
Move_Operation_New_Component_New_Node,findAll,New-Component_pyadhwqafe,New-Node_gtqjkhreco,665251129
Move_Operation_New_Component_New_Node,updateUser,New-Component_foivlvpxgz,New-Node_kwdbgninmz,737577143
Move_Operation_Component,modify,Verification,,338663460
UMLCloneNode,container-verification,container-verification_xisxvfzewq,,402215353
Move_Operation_New_Component_New_Node,findAll,New-Component_pyadhwqafe,New-Node_gtqjkhreco,570049550
UMLCloneNode,container-admin-user,container-admin-user_ynajyjgazi,,361573307
UMLCloneNode,container-order-other,container-order-other_tknxumcaoj,,468079172
UMLCloneNode,container-verification,container-verification_xisxvfzewq,,487223128
Move_Operation_New_Component_New_Node,findAll,New-Component_pyadhwqafe,New-Node_gtqjkhreco,713473929
UMLCloneNode,container-admin-user,container-admin-user_ynajyjgazi,,510819782
Move_Operation_New_Component_New_Node,modify,New-Component_fghtbfioge,New-Node_lcqazpxcyv,879648094
UMLCloneNode,container-verification,container-verification_xisxvfzewq,,563305306
Move_Operation_New_Component_New_Node,findAll,New-Component_pyadhwqafe,New-Node_gtqjkhreco,628783289
UMLCloneNode,container-admin-user,container-admin-user_ynajyjgazi,,457221663
Move_Operation_New_Component_New_Node,getByID,New-Component_pdqttwxgdh,New-Node_jndaistzlk,676350651
UMLCloneNode,container-verification,container-verification_xisxvfzewq,,569589778
Move_Operation_New_Component_New_Node,rebook,New-Component_vqtbqyakcz,New-Node_xndpoejxqw,868064885
UMLCloneNode,container-admin-user,container-admin-user_ynajyjgazi,,557730973
UMLCloneNode,container-order-other,container-order-other_tknxumcaoj,,573914798
UMLCloneNode,container-station,container-station_okgotqpmuq,,465261829
Move_Operation_New_Component_New_Node,findAll,New-Component_pyadhwqafe,New-Node_gtqjkhreco,772981167
Move_Operation_New_Component_New_Node,updateUser,New-Component_foivlvpxgz,New-Node_kwdbgninmz,715364955
UMLCloneNode,container-order-other,container-order-other_tknxumcaoj,,539630774
UMLCloneNode,container-verification,container-verification_xisxvfzewq,,511665708
Move_Operation_New_Component_New_Node,findAll,New-Component_pyadhwqafe,New-Node_gtqjkhreco,813932974
UMLCloneNode,container-admin-user,container-admin-user_ynajyjgazi,,635963282
Move_Operation_Component,rebook,Sso,,329739588
UMLCloneNode,container-verification,container-verification_xisxvfzewq,,460036821
Move_Operation_New_Component_New_Node,findAll,New-Component_pyadhwqafe,New-Node_gtqjkhreco,732360612
Move_Operation_New_Component_New_Node,updateUser,New-Component_foivlvpxgz,New-Node_kwdbgninmz,829068694
Move_Component_New_Node,New-Component_fhxiapdrgj,New-Node_snmdweybrx,,256234953
UMLCloneNode,container-verification,container-verification_xisxvfzewq,,466932592
Move_Operation_New_Component_New_Node,findAll,New-Component_pyadhwqafe,New-Node_gtqjkhreco,687486210
Move_Operation_New_Component_New_Node,updateUser,New-Component_foivlvpxgz,New-Node_kwdbgninmz,674640444
Move_Operation_New_Component_New_Node,modify,New-Component_mbsmyhkazn,New-Node_xlmcougjfu,769308181
UMLCloneNode,container-verification,container-verification_xisxvfzewq,,476050338
Move_Operation_New_Component_New_Node,findAll,New-Component_pyadhwqafe,New-Node_gtqjkhreco,602873186
Move_Operation_New_Component_New_Node,updateUser,New-Component_foivlvpxgz,New-Node_kwdbgninmz,801126241
Move_Operation_New_Component_New_Node,login,New-Component_blumskinlq,New-Node_alnvpolxed,676762713
UMLCloneNode,container-verification,container-verification_xisxvfzewq,,472422445
Move_Operation_New_Component_New_Node,findAll,New-Component_pyadhwqafe,New-Node_gtqjkhreco,870198004
UMLCloneNode,container-admin-user,container-admin-user_ynajyjgazi,,539845066
Move_Operation_New_Component_New_Node,rebook,New-Component_lzplydxmhn,New-Node_jtugzmwsoa,741050657
UMLCloneNode,container-verification,container-verification_xisxvfzewq,,491551773
Move_Operation_New_Component_New_Node,findAll,New-Component_pyadhwqafe,New-Node_gtqjkhreco,652807346
Move_Operation_New_Component_New_Node,updateUser,New-Component_foivlvpxgz,New-Node_kwdbgninmz,684505020
UMLCloneNode,container-order-other,container-order-other_tknxumcaoj,,506979782
UMLCloneNode,container-verification,container-verification_xisxvfzewq,,469874468
Move_Operation_New_Component_New_Node,findAll,New-Component_pyadhwqafe,New-Node_gtqjkhreco,697123381
UMLCloneNode,container-admin-user,container-admin-user_ynajyjgazi,,575215518
Move_Operation_Component,rebook,Ticket-info,,323269787
UMLCloneNode,container-verification,container-verification_xisxvfzewq,,467787334
Move_Operation_New_Component_New_Node,findAll,New-Component_pyadhwqafe,New-Node_gtqjkhreco,637557321
UMLCloneNode,container-admin-user,container-admin-user_ynajyjgazi,,495649507
UMLCloneNode,New-Node_hkdqajdcvh,New-Node_hkdqajdcvh_gfiuewtklw,,314288306
UMLCloneNode,container-verification,container-verification_xisxvfzewq,,453308726
Move_Operation_New_Component_New_Node,findAll,New-Component_pyadhwqafe,New-Node_gtqjkhreco,632354556
UMLCloneNode,container-admin-user,container-admin-user_ynajyjgazi,,463162252
Move_Operation_New_Component_New_Node,login,New-Component_ynehghvlgk,New-Node_ymtmlahpbm,637090105
UMLCloneNode,container-verification,container-verification_xisxvfzewq,,360288749
Move_Operation_New_Component_New_Node,findAll,New-Component_pyadhwqafe,New-Node_gtqjkhreco,556564055
Move_Operation_New_Component_New_Node,updateUser,New-Component_foivlvpxgz,New-Node_kwdbgninmz,614739727
UMLCloneNode,New-Node_zkxkbouyck,New-Node_zkxkbouyck_gvagmsokdp,,303328105
UMLCloneNode,container-verification,container-verification_xisxvfzewq,,493499917
Move_Operation_New_Component_New_Node,getByID,New-Component_qblcnzqiqx,New-Node_urvkemmxka,753336052
UMLCloneNode,container-admin-user,container-admin-user_ynajyjgazi,,467439142
Move_Operation_New_Component_New_Node,login,New-Component_blumskinlq,New-Node_alnvpolxed,668474743
UMLCloneNode,container-verification,container-verification_xisxvfzewq,,480409541
Move_Operation_New_Component_New_Node,findAll,New-Component_pyadhwqafe,New-Node_gtqjkhreco,633389827
UMLCloneNode,container-admin-user,container-admin-user_ynajyjgazi,,463760013
Move_Operation_New_Component_New_Node,modify,New-Component_fghtbfioge,New-Node_lcqazpxcyv,682399743
UMLCloneNode,container-verification,container-verification_xisxvfzewq,,910477320
Move_Operation_New_Component_New_Node,findAll,New-Component_pyadhwqafe,New-Node_gtqjkhreco,654196040
UMLCloneNode,container-admin-user,container-admin-user_ynajyjgazi,,517221506
Move_Operation_New_Component_New_Node,rebook,New-Component_lzplydxmhn,New-Node_jtugzmwsoa,767204576
UMLCloneNode,container-verification,container-verification_xisxvfzewq,,556334564
Move_Operation_New_Component_New_Node,findAll,New-Component_pyadhwqafe,New-Node_gtqjkhreco,730442435
Move_Operation_New_Component_New_Node,updateUser,New-Component_foivlvpxgz,New-Node_kwdbgninmz,799321608
UMLCloneNode,New-Node_hkdqajdcvh,New-Node_hkdqajdcvh_gfiuewtklw,,256450347
UMLCloneNode,container-verification,container-verification_xisxvfzewq,,484032605
Move_Operation_New_Component_New_Node,findAll,New-Component_pyadhwqafe,New-Node_gtqjkhreco,628526709
UMLCloneNode,container-admin-user,container-admin-user_ynajyjgazi,,588741810
UMLCloneNode,container-order-other,container-order-other_tknxumcaoj,,500543323
UMLCloneNode,container-verification,container-verification_xisxvfzewq,,506475716
Move_Operation_New_Component_New_Node,findAll,New-Component_pyadhwqafe,New-Node_gtqjkhreco,647394927
UMLCloneNode,container-admin-user,container-admin-user_ynajyjgazi,,457177550
Move_Operation_New_Component_New_Node,login,New-Component_ynehghvlgk,New-Node_ymtmlahpbm,789694376
UMLCloneNode,container-verification,container-verification_xisxvfzewq,,532920573
Move_Operation_New_Component_New_Node,findAll,New-Component_pyadhwqafe,New-Node_gtqjkhreco,646404901
Move_Operation_New_Component_New_Node,updateUser,New-Component_foivlvpxgz,New-Node_kwdbgninmz,777815161
Move_Component_New_Node,Verification,New-Node_qllncceinf,,523394099
UMLCloneNode,container-verification,container-verification_xisxvfzewq,,459864889
Move_Operation_New_Component_New_Node,findAll,New-Component_pyadhwqafe,New-Node_gtqjkhreco,695883816
Move_Operation_New_Component_New_Node,updateUser,New-Component_foivlvpxgz,New-Node_kwdbgninmz,724653191
UMLCloneNode,New-Node_zkxkbouyck,New-Node_zkxkbouyck_gvagmsokdp,,266075315
UMLCloneNode,container-verification,container-verification_xisxvfzewq,,482985842
Move_Operation_New_Component_New_Node,getByID,New-Component_qblcnzqiqx,New-Node_urvkemmxka,700658088
UMLCloneNode,container-admin-user,container-admin-user_ynajyjgazi,,508626460
Move_Operation_New_Component_New_Node,modify,New-Component_fghtbfioge,New-Node_lcqazpxcyv,722590994
UMLCloneNode,container-verification,container-verification_xisxvfzewq,,581891505
Move_Operation_New_Component_New_Node,findAll,New-Component_pyadhwqafe,New-Node_gtqjkhreco,777514347
UMLCloneNode,container-admin-user,container-admin-user_ynajyjgazi,,593064054
UMLCloneNode,container-rebook,container-rebook_miokhhtafw,,556536804
UMLCloneNode,container-verification,container-verification_xisxvfzewq,,563473210
Move_Operation_New_Component_New_Node,findAll,New-Component_pyadhwqafe,New-Node_gtqjkhreco,1140554867
UMLCloneNode,container-admin-user,container-admin-user_ynajyjgazi,,558906678
Move_Component_New_Node,Seat,New-Node_lwenqkylme,,600071533
UMLCloneNode,container-verification,container-verification_xisxvfzewq,,513987882
Move_Operation_New_Component_New_Node,findAll,New-Component_pyadhwqafe,New-Node_gtqjkhreco,710555336
UMLCloneNode,container-admin-user,container-admin-user_ynajyjgazi,,487417211
Move_Component_New_Node,Sso,New-Node_rrfwwetdbx,,449673139
UMLCloneNode,container-verification,container-verification_xisxvfzewq,,368242894
Move_Operation_New_Component_New_Node,getByID,New-Component_qblcnzqiqx,New-Node_urvkemmxka,562385400
UMLCloneNode,container-admin-user,container-admin-user_ynajyjgazi,,401333820
Move_Operation_New_Component_New_Node,getByID,New-Component_pdqttwxgdh,New-Node_jndaistzlk,781416394
UMLCloneNode,container-verification,container-verification_xisxvfzewq,,469760834
Move_Operation_New_Component_New_Node,rebook,New-Component_vqtbqyakcz,New-Node_xndpoejxqw,669878886
UMLCloneNode,container-admin-user,container-admin-user_ynajyjgazi,,377485634
Move_Operation_New_Component_New_Node,login,New-Component_ynehghvlgk,New-Node_ymtmlahpbm,650428225
UMLCloneNode,container-verification,container-verification_xisxvfzewq,,387782861
Move_Operation_New_Component_New_Node,findAll,New-Component_pyadhwqafe,New-Node_gtqjkhreco,718228794
Move_Operation_New_Component_New_Node,updateUser,New-Component_foivlvpxgz,New-Node_kwdbgninmz,681516567
Move_Operation_New_Component_New_Node,getByID,New-Component_pdqttwxgdh,New-Node_jndaistzlk,766586497
UMLCloneNode,container-verification,container-verification_xisxvfzewq,,461784558
Move_Operation_New_Component_New_Node,rebook,New-Component_vqtbqyakcz,New-Node_xndpoejxqw,711400030
UMLCloneNode,container-admin-user,container-admin-user_ynajyjgazi,,464662635
UMLCloneNode,container-rebook,container-rebook_mhjfmaepiq,,505587712
UMLCloneNode,container-verification,container-verification_xisxvfzewq,,455863807
Move_Operation_New_Component_New_Node,findAll,New-Component_pyadhwqafe,New-Node_gtqjkhreco,653076691
Move_Operation_New_Component_New_Node,updateUser,New-Component_foivlvpxgz,New-Node_kwdbgninmz,730095024
UMLCloneNode,container-travel-plan,container-travel-plan_gtymenxboc,,521702839
UMLCloneNode,container-verification,container-verification_xisxvfzewq,,469179354
Move_Operation_New_Component_New_Node,getByID,New-Component_qblcnzqiqx,New-Node_urvkemmxka,652553610
UMLCloneNode,container-admin-user,container-admin-user_ynajyjgazi,,459484245
Move_Component_New_Node,Order-other,New-Node_wxtawlhmrp,,1007556798
UMLCloneNode,container-verification,container-verification_xisxvfzewq,,664672694
Move_Operation_New_Component_New_Node,findAll,New-Component_pyadhwqafe,New-Node_gtqjkhreco,912655473
Move_Operation_New_Component_New_Node,updateUser,New-Component_foivlvpxgz,New-Node_kwdbgninmz,781884642
Move_Operation_New_Component_New_Node,modify,New-Component_fghtbfioge,New-Node_lcqazpxcyv,869498192
UMLCloneNode,container-verification,container-verification_xisxvfzewq,,510939407
Move_Operation_New_Component_New_Node,findAll,New-Component_pyadhwqafe,New-Node_gtqjkhreco,728264482
UMLCloneNode,container-admin-user,container-admin-user_ynajyjgazi,,522270863
Move_Operation_Component,rebook,Sso,,299066445
UMLCloneNode,container-rebook,container-rebook_vhtryaqahc,,525315923
Move_Operation_New_Component_New_Node,findAll,New-Component_pyadhwqafe,New-Node_gtqjkhreco,744190453
Move_Operation_New_Component_New_Node,updateUser,New-Component_foivlvpxgz,New-Node_kwdbgninmz,773368704
Move_Component_New_Node,New-Component_fhxiapdrgj,New-Node_snmdweybrx,,279483896
UMLCloneNode,container-verification,container-verification_xisxvfzewq,,458141187
Move_Operation_New_Component_New_Node,findAll,New-Component_pyadhwqafe,New-Node_gtqjkhreco,646417414
Move_Operation_New_Component_New_Node,updateUser,New-Component_foivlvpxgz,New-Node_kwdbgninmz,710395867
Move_Operation_New_Component_New_Node,getByID,New-Component_pdqttwxgdh,New-Node_jndaistzlk,736822388
UMLCloneNode,container-verification,container-verification_xisxvfzewq,,482578158
Move_Operation_New_Component_New_Node,rebook,New-Component_vqtbqyakcz,New-Node_xndpoejxqw,710946660
UMLCloneNode,container-admin-user,container-admin-user_ynajyjgazi,,493810128
Move_Operation_Component,findAll,Station,,310076057
UMLCloneNode,container-verification,container-verification_xisxvfzewq,,468890613
Move_Operation_New_Component_New_Node,findAll,New-Component_pyadhwqafe,New-Node_gtqjkhreco,790838772
UMLCloneNode,container-admin-user,container-admin-user_ynajyjgazi,,606177302
UMLCloneNode,New-Node_hkdqajdcvh,New-Node_hkdqajdcvh_gfiuewtklw,,295950111
UMLCloneNode,container-verification,container-verification_xisxvfzewq,,535221897
Move_Operation_New_Component_New_Node,findAll,New-Component_pyadhwqafe,New-Node_gtqjkhreco,671317132
UMLCloneNode,container-admin-user,container-admin-user_ynajyjgazi,,608010049
Move_Component_New_Node,Route-plan,New-Node_lmaadmzphl,,597516212
UMLCloneNode,container-verification,container-verification_xisxvfzewq,,467637123
Move_Operation_New_Component_New_Node,findAll,New-Component_pyadhwqafe,New-Node_gtqjkhreco,690414221
UMLCloneNode,container-admin-user,container-admin-user_ynajyjgazi,,461707214
UMLCloneNode,New-Node_zkxkbouyck,New-Node_zkxkbouyck_gvagmsokdp,,219717050
UMLCloneNode,container-verification,container-verification_xisxvfzewq,,392202099
Move_Operation_New_Component_New_Node,getByID,New-Component_qblcnzqiqx,New-Node_urvkemmxka,627285832
UMLCloneNode,container-admin-user,container-admin-user_ynajyjgazi,,787539496
Move_Operation_New_Component_New_Node,modify,New-Component_mbsmyhkazn,New-Node_xlmcougjfu,658222419
UMLCloneNode,container-verification,container-verification_xisxvfzewq,,512093000
Move_Operation_New_Component_New_Node,findAll,New-Component_pyadhwqafe,New-Node_gtqjkhreco,709065944
Move_Operation_New_Component_New_Node,updateUser,New-Component_foivlvpxgz,New-Node_kwdbgninmz,682746794
Move_Operation_New_Component_New_Node,rebook,New-Component_ifsfhliqwe,New-Node_ovqpinbktw,737016803
Move_Operation_New_Component_New_Node,modify,New-Component_nuepvlftnp,New-Node_uithqvuzue,645711100
Move_Operation_New_Component_New_Node,getByID,New-Component_dibdhgzvgs,New-Node_sbpwhblyfh,657731298
Move_Operation_New_Component_New_Node,findAll,New-Component_rbsgmuppko,New-Node_elamtypwtp,582165970
Move_Operation_New_Component_New_Node,modify,New-Component_fghtbfioge,New-Node_lcqazpxcyv,753507012
UMLCloneNode,container-verification,container-verification_xisxvfzewq,,465137325
Move_Operation_New_Component_New_Node,findAll,New-Component_pyadhwqafe,New-Node_gtqjkhreco,639238133
UMLCloneNode,container-admin-user,container-admin-user_ynajyjgazi,,475999262
Move_Operation_Component,rebook,Sso,,294427115
UMLCloneNode,container-verification,container-verification_xisxvfzewq,,465005288
Move_Operation_New_Component_New_Node,findAll,New-Component_pyadhwqafe,New-Node_gtqjkhreco,649231622
Move_Operation_New_Component_New_Node,updateUser,New-Component_foivlvpxgz,New-Node_kwdbgninmz,663776744
Move_Operation_Component,rebook,Sso,,345665339
UMLCloneNode,container-verification,container-verification_xisxvfzewq,,484573349
Move_Operation_New_Component_New_Node,findAll,New-Component_pyadhwqafe,New-Node_gtqjkhreco,656407246
Move_Operation_New_Component_New_Node,updateUser,New-Component_foivlvpxgz,New-Node_kwdbgninmz,840198333
Move_Operation_New_Component_New_Node,login,New-Component_ynehghvlgk,New-Node_ymtmlahpbm,910612243
UMLCloneNode,container-verification,container-verification_xisxvfzewq,,665871922
Move_Operation_New_Component_New_Node,findAll,New-Component_pyadhwqafe,New-Node_gtqjkhreco,794329397
Move_Operation_New_Component_New_Node,updateUser,New-Component_foivlvpxgz,New-Node_kwdbgninmz,771713991
Move_Operation_New_Component_New_Node,modify,New-Component_mbsmyhkazn,New-Node_xlmcougjfu,708478883
UMLCloneNode,container-verification,container-verification_xisxvfzewq,,443718404
Move_Operation_New_Component_New_Node,findAll,New-Component_pyadhwqafe,New-Node_gtqjkhreco,674406495
Move_Operation_New_Component_New_Node,updateUser,New-Component_foivlvpxgz,New-Node_kwdbgninmz,683014285
Move_Operation_Component,updateUser,Login,,273057005
UMLCloneNode,container-verification,container-verification_xisxvfzewq,,1055637693
Move_Operation_New_Component_New_Node,rebook,New-Component_vqtbqyakcz,New-Node_xndpoejxqw,794165539
UMLCloneNode,container-admin-user,container-admin-user_ynajyjgazi,,570466883
Move_Operation_Component,rebook,Sso,,325929874
UMLCloneNode,container-verification,container-verification_xisxvfzewq,,369834347
Move_Operation_New_Component_New_Node,findAll,New-Component_pyadhwqafe,New-Node_gtqjkhreco,538326068
Move_Operation_New_Component_New_Node,login,New-Component_bkylqfjqce,New-Node_jmgnjnbufq,590406962
Move_Operation_New_Component_New_Node,modify,New-Component_fghtbfioge,New-Node_lcqazpxcyv,685704940
UMLCloneNode,container-verification,container-verification_xisxvfzewq,,497680005
Move_Operation_New_Component_New_Node,findAll,New-Component_pyadhwqafe,New-Node_gtqjkhreco,705763842
UMLCloneNode,container-admin-user,container-admin-user_ynajyjgazi,,493464931
UMLCloneNode,container-rebook,container-rebook_mhjfmaepiq,,506595972
UMLCloneNode,container-verification,container-verification_xisxvfzewq,,458737555
Move_Operation_New_Component_New_Node,findAll,New-Component_pyadhwqafe,New-Node_gtqjkhreco,629482190
Move_Operation_New_Component_New_Node,updateUser,New-Component_foivlvpxgz,New-Node_kwdbgninmz,692055639
Move_Operation_Component,rebook,Sso,,308810995
UMLCloneNode,container-verification,container-verification_xisxvfzewq,,441959756
Move_Operation_New_Component_New_Node,findAll,New-Component_pyadhwqafe,New-Node_gtqjkhreco,657083384
Move_Operation_New_Component_New_Node,updateUser,New-Component_foivlvpxgz,New-Node_kwdbgninmz,708323220
Move_Operation_Component,rebook,Sso,,414365606
UMLCloneNode,container-verification,container-verification_xisxvfzewq,,568111587
Move_Operation_New_Component_New_Node,findAll,New-Component_pyadhwqafe,New-Node_gtqjkhreco,759762512
Move_Operation_New_Component_New_Node,updateUser,New-Component_foivlvpxgz,New-Node_kwdbgninmz,777181223
Move_Operation_New_Component_New_Node,rebook,New-Component_lzplydxmhn,New-Node_jtugzmwsoa,842467368
UMLCloneNode,container-verification,container-verification_xisxvfzewq,,438884309
Move_Operation_New_Component_New_Node,findAll,New-Component_pyadhwqafe,New-Node_gtqjkhreco,679918801
Move_Operation_New_Component_New_Node,updateUser,New-Component_foivlvpxgz,New-Node_kwdbgninmz,783917884
Move_Operation_Component,modify,Verification,,289137697
UMLCloneNode,container-verification,container-verification_xisxvfzewq,,520865679
Move_Operation_New_Component_New_Node,findAll,New-Component_pyadhwqafe,New-Node_gtqjkhreco,665706552
UMLCloneNode,container-admin-user,container-admin-user_ynajyjgazi,,466446981
UMLCloneNode,New-Node_hkdqajdcvh,New-Node_hkdqajdcvh_gfiuewtklw,,226273895
UMLCloneNode,container-verification,container-verification_xisxvfzewq,,476781018
Move_Operation_New_Component_New_Node,findAll,New-Component_pyadhwqafe,New-Node_gtqjkhreco,693954839
UMLCloneNode,container-admin-user,container-admin-user_ynajyjgazi,,885057546
UMLCloneNode,container-order-other,container-order-other_tknxumcaoj,,445509913
UMLCloneNode,container-verification,container-verification_xisxvfzewq,,523116459
Move_Operation_New_Component_New_Node,findAll,New-Component_pyadhwqafe,New-Node_gtqjkhreco,796885600
Move_Operation_New_Component_New_Node,updateUser,New-Component_foivlvpxgz,New-Node_kwdbgninmz,757069603
Move_Operation_New_Component_New_Node,login,New-Component_ynehghvlgk,New-Node_ymtmlahpbm,733258806
UMLCloneNode,container-verification,container-verification_xisxvfzewq,,458682141
Move_Operation_New_Component_New_Node,findAll,New-Component_pyadhwqafe,New-Node_gtqjkhreco,603974832
Move_Operation_New_Component_New_Node,updateUser,New-Component_foivlvpxgz,New-Node_kwdbgninmz,745915037
Move_Operation_New_Component_New_Node,login,New-Component_ynehghvlgk,New-Node_ymtmlahpbm,742925742
UMLCloneNode,container-verification,container-verification_xisxvfzewq,,502920331
Move_Operation_New_Component_New_Node,findAll,New-Component_pyadhwqafe,New-Node_gtqjkhreco,701109234
Move_Operation_New_Component_New_Node,updateUser,New-Component_foivlvpxgz,New-Node_kwdbgninmz,696873582
Move_Operation_New_Component_New_Node,rebook,New-Component_lzplydxmhn,New-Node_jtugzmwsoa,752171118
UMLCloneNode,container-verification,container-verification_xisxvfzewq,,454361470
Move_Operation_New_Component_New_Node,findAll,New-Component_pyadhwqafe,New-Node_gtqjkhreco,641983701
Move_Operation_New_Component_New_Node,updateUser,New-Component_foivlvpxgz,New-Node_kwdbgninmz,673860151
Move_Operation_Component,rebook,Sso,,293614812
UMLCloneNode,container-verification,container-verification_xisxvfzewq,,385883791
Move_Operation_New_Component_New_Node,findAll,New-Component_pyadhwqafe,New-Node_gtqjkhreco,628523813
Move_Operation_New_Component_New_Node,login,New-Component_bkylqfjqce,New-Node_jmgnjnbufq,685777506
UMLCloneNode,container-order-other,container-order-other_tknxumcaoj,,504165646
UMLCloneNode,container-verification,container-verification_xisxvfzewq,,454257155
Move_Operation_New_Component_New_Node,findAll,New-Component_pyadhwqafe,New-Node_gtqjkhreco,631153484
UMLCloneNode,container-admin-user,container-admin-user_ynajyjgazi,,475541804
Move_Operation_Component,rebook,Sso,,270991954
UMLCloneNode,container-verification,container-verification_xisxvfzewq,,475425346
Move_Operation_New_Component_New_Node,findAll,New-Component_pyadhwqafe,New-Node_gtqjkhreco,792683370
Move_Operation_New_Component_New_Node,updateUser,New-Component_foivlvpxgz,New-Node_kwdbgninmz,792674293
Move_Operation_New_Component_New_Node,login,New-Component_blumskinlq,New-Node_alnvpolxed,774482393
UMLCloneNode,container-verification,container-verification_xisxvfzewq,,471812641
Move_Operation_New_Component_New_Node,findAll,New-Component_pyadhwqafe,New-Node_gtqjkhreco,645384979
UMLCloneNode,container-admin-user,container-admin-user_ynajyjgazi,,473069920
UMLCloneNode,container-order-other,container-order-other_tknxumcaoj,,531032331
UMLCloneNode,container-verification,container-verification_xisxvfzewq,,559535146
Move_Operation_New_Component_New_Node,findAll,New-Component_pyadhwqafe,New-Node_gtqjkhreco,831714475
UMLCloneNode,container-admin-user,container-admin-user_ynajyjgazi,,508435301
UMLCloneNode,New-Node_hkdqajdcvh,New-Node_hkdqajdcvh_gfiuewtklw,,271529922
UMLCloneNode,container-verification,container-verification_xisxvfzewq,,497474789
Move_Operation_New_Component_New_Node,findAll,New-Component_pyadhwqafe,New-Node_gtqjkhreco,655676425
UMLCloneNode,container-admin-user,container-admin-user_ynajyjgazi,,461857676
Move_Operation_New_Component_New_Node,login,New-Component_ynehghvlgk,New-Node_ymtmlahpbm,838542007
UMLCloneNode,container-verification,container-verification_xisxvfzewq,,582513671
Move_Operation_New_Component_New_Node,findAll,New-Component_pyadhwqafe,New-Node_gtqjkhreco,734992006
Move_Operation_New_Component_New_Node,updateUser,New-Component_foivlvpxgz,New-Node_kwdbgninmz,628027482
Move_Operation_Component,modify,Verification,,304361824
UMLCloneNode,container-verification,container-verification_xisxvfzewq,,472223613
Move_Operation_New_Component_New_Node,findAll,New-Component_pyadhwqafe,New-Node_gtqjkhreco,637013681
UMLCloneNode,container-admin-user,container-admin-user_ynajyjgazi,,504555417
Move_Operation_New_Component_New_Node,rebook,New-Component_lzplydxmhn,New-Node_jtugzmwsoa,751384153
UMLCloneNode,container-verification,container-verification_xisxvfzewq,,478205349
Move_Operation_New_Component_New_Node,findAll,New-Component_pyadhwqafe,New-Node_gtqjkhreco,659394537
Move_Operation_New_Component_New_Node,updateUser,New-Component_foivlvpxgz,New-Node_kwdbgninmz,673595234
UMLCloneNode,container-order-other,container-order-other_tknxumcaoj,,570308808
UMLCloneNode,container-verification,container-verification_xisxvfzewq,,465358070
Move_Operation_New_Component_New_Node,findAll,New-Component_pyadhwqafe,New-Node_gtqjkhreco,661034492
UMLCloneNode,container-admin-user,container-admin-user_ynajyjgazi,,464250222
UMLCloneNode,container-order-other,container-order-other_tknxumcaoj,,522234716
UMLCloneNode,container-verification,container-verification_xisxvfzewq,,507384641
Move_Operation_New_Component_New_Node,findAll,New-Component_pyadhwqafe,New-Node_gtqjkhreco,743774574
Move_Operation_New_Component_New_Node,updateUser,New-Component_foivlvpxgz,New-Node_kwdbgninmz,779597313
Move_Operation_Component,rebook,Sso,,253960238
UMLCloneNode,container-verification,container-verification_xisxvfzewq,,443896909
Move_Operation_New_Component_New_Node,findAll,New-Component_pyadhwqafe,New-Node_gtqjkhreco,582487833
Move_Operation_New_Component_New_Node,login,New-Component_bkylqfjqce,New-Node_jmgnjnbufq,1032977203
Move_Operation_New_Component_New_Node,rebook,New-Component_ifsfhliqwe,New-Node_ovqpinbktw,690492558
Move_Operation_New_Component_New_Node,modify,New-Component_nuepvlftnp,New-Node_uithqvuzue,678379415
Move_Operation_New_Component_New_Node,getByID,New-Component_dibdhgzvgs,New-Node_sbpwhblyfh,689753311
Move_Operation_New_Component_New_Node,findAll,New-Component_rbsgmuppko,New-Node_elamtypwtp,638429416
Move_Operation_Component,modify,Verification,,292256245
UMLCloneNode,container-verification,container-verification_xisxvfzewq,,470990440
Move_Operation_New_Component_New_Node,findAll,New-Component_pyadhwqafe,New-Node_gtqjkhreco,723732564
UMLCloneNode,container-admin-user,container-admin-user_ynajyjgazi,,570113811
UMLCloneNode,New-Node_hkdqajdcvh,New-Node_hkdqajdcvh_gfiuewtklw,,239363559
UMLCloneNode,container-verification,container-verification_xisxvfzewq,,520216231
Move_Operation_New_Component_New_Node,findAll,New-Component_pyadhwqafe,New-Node_gtqjkhreco,674741583
UMLCloneNode,container-admin-user,container-admin-user_ynajyjgazi,,381201912
UMLCloneNode,container-rebook,container-rebook_miokhhtafw,,466903777
UMLCloneNode,container-verification,container-verification_xisxvfzewq,,527439725
Move_Operation_New_Component_New_Node,findAll,New-Component_pyadhwqafe,New-Node_gtqjkhreco,719838713
UMLCloneNode,container-admin-user,container-admin-user_ynajyjgazi,,519344727
UMLCloneNode,New-Node_zkxkbouyck,New-Node_zkxkbouyck_gvagmsokdp,,268437984
UMLCloneNode,container-verification,container-verification_xisxvfzewq,,498994229
Move_Operation_New_Component_New_Node,getByID,New-Component_qblcnzqiqx,New-Node_urvkemmxka,676620617
UMLCloneNode,container-admin-user,container-admin-user_ynajyjgazi,,476515390
Move_Operation_New_Component_New_Node,login,New-Component_ynehghvlgk,New-Node_ymtmlahpbm,764786973
UMLCloneNode,container-verification,container-verification_xisxvfzewq,,469478235
Move_Operation_New_Component_New_Node,findAll,New-Component_pyadhwqafe,New-Node_gtqjkhreco,718020724
Move_Operation_New_Component_New_Node,updateUser,New-Component_foivlvpxgz,New-Node_kwdbgninmz,767714462
Move_Operation_Component,rebook,Sso,,314598868
UMLCloneNode,container-verification,container-verification_xisxvfzewq,,577286601
Move_Operation_New_Component_New_Node,findAll,New-Component_pyadhwqafe,New-Node_gtqjkhreco,726512587
Move_Operation_New_Component_New_Node,login,New-Component_bkylqfjqce,New-Node_jmgnjnbufq,797115711
Move_Operation_New_Component_New_Node,verify,New-Component_fvfcjniuzi,New-Node_nrjxoxsknc,700537882
UMLCloneNode,container-verification,container-verification_xisxvfzewq,,468730412
Move_Operation_New_Component_New_Node,findAll,New-Component_pyadhwqafe,New-Node_gtqjkhreco,690655383
Move_Operation_New_Component_New_Node,updateUser,New-Component_foivlvpxgz,New-Node_kwdbgninmz,689078096
Move_Operation_New_Component_New_Node,login,New-Component_blumskinlq,New-Node_alnvpolxed,754158484
UMLCloneNode,container-verification,container-verification_xisxvfzewq,,464608494
Move_Operation_New_Component_New_Node,findAll,New-Component_pyadhwqafe,New-Node_gtqjkhreco,652040187
UMLCloneNode,container-admin-user,container-admin-user_ynajyjgazi,,463283580
Move_Operation_New_Component_New_Node,login,New-Component_blumskinlq,New-Node_alnvpolxed,870019039
UMLCloneNode,container-verification,container-verification_xisxvfzewq,,523861446
Move_Operation_New_Component_New_Node,findAll,New-Component_pyadhwqafe,New-Node_gtqjkhreco,701686947
UMLCloneNode,container-admin-user,container-admin-user_ynajyjgazi,,555336333
Move_Operation_New_Component_New_Node,rebook,New-Component_lzplydxmhn,New-Node_jtugzmwsoa,700552040
UMLCloneNode,container-verification,container-verification_xisxvfzewq,,415612444
Move_Operation_New_Component_New_Node,findAll,New-Component_pyadhwqafe,New-Node_gtqjkhreco,617530450
Move_Operation_New_Component_New_Node,updateUser,New-Component_foivlvpxgz,New-Node_kwdbgninmz,714732158
Move_Operation_New_Component_New_Node,verify,New-Component_smhajcvsvc,New-Node_elcgevkjwz,907986740
UMLCloneNode,container-verification,container-verification_xisxvfzewq,,686581865
Move_Operation_New_Component_New_Node,findAll,New-Component_pyadhwqafe,New-Node_gtqjkhreco,743698892
Move_Operation_New_Component_New_Node,updateUser,New-Component_foivlvpxgz,New-Node_kwdbgninmz,728301672
UMLCloneNode,container-rebook,container-rebook_miokhhtafw,,488335684
UMLCloneNode,container-verification,container-verification_xisxvfzewq,,598840345
Move_Operation_New_Component_New_Node,findAll,New-Component_pyadhwqafe,New-Node_gtqjkhreco,738299077
UMLCloneNode,container-admin-user,container-admin-user_ynajyjgazi,,429814273
Move_Operation_New_Component_New_Node,updateUser,New-Component_dxdmxotpjx,New-Node_hdpmkdatuk,750333011
UMLCloneNode,container-verification,container-verification_xisxvfzewq,,542101738
Move_Operation_New_Component_New_Node,findAll,New-Component_pyadhwqafe,New-Node_gtqjkhreco,676219645
Move_Operation_New_Component_New_Node,updateUser,New-Component_foivlvpxgz,New-Node_kwdbgninmz,746088062
UMLCloneNode,container-order-other,container-order-other_tknxumcaoj,,471921125
UMLCloneNode,container-verification,container-verification_xisxvfzewq,,369413378
Move_Operation_New_Component_New_Node,findAll,New-Component_pyadhwqafe,New-Node_gtqjkhreco,582090980
Move_Operation_New_Component_New_Node,updateUser,New-Component_foivlvpxgz,New-Node_kwdbgninmz,626130064
Move_Operation_New_Component_New_Node,updateUser,New-Component_dxdmxotpjx,New-Node_hdpmkdatuk,741294774
UMLCloneNode,container-verification,container-verification_xisxvfzewq,,526586275
Move_Operation_New_Component_New_Node,findAll,New-Component_pyadhwqafe,New-Node_gtqjkhreco,778239327
Move_Operation_New_Component_New_Node,updateUser,New-Component_foivlvpxgz,New-Node_kwdbgninmz,1252631856
UMLCloneNode,New-Node_hkdqajdcvh,New-Node_hkdqajdcvh_gfiuewtklw,,268192605
UMLCloneNode,container-verification,container-verification_xisxvfzewq,,484196422
Move_Operation_New_Component_New_Node,findAll,New-Component_pyadhwqafe,New-Node_gtqjkhreco,767818818
UMLCloneNode,container-admin-user,container-admin-user_ynajyjgazi,,489901960
Move_Operation_New_Component_New_Node,updateUser,New-Component_dxdmxotpjx,New-Node_hdpmkdatuk,707717294
UMLCloneNode,container-verification,container-verification_xisxvfzewq,,466712328
Move_Operation_New_Component_New_Node,findAll,New-Component_pyadhwqafe,New-Node_gtqjkhreco,661711471
Move_Operation_New_Component_New_Node,updateUser,New-Component_foivlvpxgz,New-Node_kwdbgninmz,685316582
Move_Operation_New_Component_New_Node,rebook,New-Component_ifsfhliqwe,New-Node_ovqpinbktw,714082800
Move_Operation_New_Component_New_Node,modify,New-Component_nuepvlftnp,New-Node_uithqvuzue,593224715
Move_Operation_New_Component_New_Node,getByID,New-Component_dibdhgzvgs,New-Node_sbpwhblyfh,568536414
Move_Operation_New_Component_New_Node,findAll,New-Component_rbsgmuppko,New-Node_elamtypwtp,601343870
Move_Operation_New_Component_New_Node,login,New-Component_ynehghvlgk,New-Node_ymtmlahpbm,788335127
UMLCloneNode,container-verification,container-verification_xisxvfzewq,,511000972
Move_Operation_New_Component_New_Node,findAll,New-Component_pyadhwqafe,New-Node_gtqjkhreco,826167284
Move_Operation_New_Component_New_Node,updateUser,New-Component_foivlvpxgz,New-Node_kwdbgninmz,1033433048
UMLCloneNode,container-order-other,container-order-other_tknxumcaoj,,576780511
UMLCloneNode,container-verification,container-verification_xisxvfzewq,,570258703
Move_Operation_New_Component_New_Node,findAll,New-Component_pyadhwqafe,New-Node_gtqjkhreco,729177995
Move_Operation_New_Component_New_Node,updateUser,New-Component_foivlvpxgz,New-Node_kwdbgninmz,743502865
Move_Operation_New_Component_New_Node,getByID,New-Component_pdqttwxgdh,New-Node_jndaistzlk,702022317
UMLCloneNode,container-verification,container-verification_xisxvfzewq,,511470422
Move_Operation_New_Component_New_Node,rebook,New-Component_vqtbqyakcz,New-Node_xndpoejxqw,745525437
UMLCloneNode,container-admin-user,container-admin-user_ynajyjgazi,,489512390
Move_Operation_New_Component_New_Node,modify,New-Component_fghtbfioge,New-Node_lcqazpxcyv,815980203
UMLCloneNode,container-verification,container-verification_xisxvfzewq,,513565771
Move_Operation_New_Component_New_Node,findAll,New-Component_pyadhwqafe,New-Node_gtqjkhreco,636921069
UMLCloneNode,container-admin-user,container-admin-user_ynajyjgazi,,545949432
Move_Operation_New_Component_New_Node,rebook,New-Component_ifsfhliqwe,New-Node_ovqpinbktw,858271802
Move_Operation_New_Component_New_Node,modify,New-Component_nuepvlftnp,New-Node_uithqvuzue,807302382
Move_Operation_New_Component_New_Node,getByID,New-Component_dibdhgzvgs,New-Node_sbpwhblyfh,647076099
Move_Operation_New_Component_New_Node,findAll,New-Component_rbsgmuppko,New-Node_elamtypwtp,719779922
UMLCloneNode,container-order-other,container-order-other_tknxumcaoj,,442362091
UMLCloneNode,container-verification,container-verification_xisxvfzewq,,407625007
Move_Operation_New_Component_New_Node,findAll,New-Component_pyadhwqafe,New-Node_gtqjkhreco,584445194
Move_Operation_New_Component_New_Node,updateUser,New-Component_foivlvpxgz,New-Node_kwdbgninmz,584412052
UMLCloneNode,container-rebook,container-rebook_miokhhtafw,,543158038
UMLCloneNode,container-verification,container-verification_xisxvfzewq,,580949629
Move_Operation_New_Component_New_Node,findAll,New-Component_pyadhwqafe,New-Node_gtqjkhreco,752612906
UMLCloneNode,container-admin-user,container-admin-user_ynajyjgazi,,558778587
UMLCloneNode,container-rebook,container-rebook_miokhhtafw,,534394516
UMLCloneNode,container-verification,container-verification_xisxvfzewq,,462304293
Move_Operation_New_Component_New_Node,findAll,New-Component_pyadhwqafe,New-Node_gtqjkhreco,651554237
UMLCloneNode,container-admin-user,container-admin-user_ynajyjgazi,,476788722
UMLCloneNode,container-rebook,container-rebook_mhjfmaepiq,,585498519
UMLCloneNode,container-verification,container-verification_xisxvfzewq,,510975133
Move_Operation_New_Component_New_Node,findAll,New-Component_pyadhwqafe,New-Node_gtqjkhreco,688130198
Move_Operation_New_Component_New_Node,updateUser,New-Component_foivlvpxgz,New-Node_kwdbgninmz,792344195
Move_Component_New_Node,Verification,New-Node_avmrhcdswr,,598150793
UMLCloneNode,container-verification,container-verification_xisxvfzewq,,527348584
Move_Operation_New_Component_New_Node,findAll,New-Component_pyadhwqafe,New-Node_gtqjkhreco,760591536
Move_Operation_New_Component_New_Node,updateUser,New-Component_foivlvpxgz,New-Node_kwdbgninmz,611662627
Move_Operation_Component,modify,Verification,,317374743
UMLCloneNode,container-verification,container-verification_xisxvfzewq,,485935904
Move_Operation_New_Component_New_Node,findAll,New-Component_pyadhwqafe,New-Node_gtqjkhreco,731910588
UMLCloneNode,container-admin-user,container-admin-user_ynajyjgazi,,477225041
UMLCloneNode,New-Node_hkdqajdcvh,New-Node_hkdqajdcvh_gfiuewtklw,,253141844
UMLCloneNode,container-verification,container-verification_xisxvfzewq,,454810712
Move_Operation_New_Component_New_Node,findAll,New-Component_pyadhwqafe,New-Node_gtqjkhreco,770573814
UMLCloneNode,container-admin-user,container-admin-user_ynajyjgazi,,520608557
Move_Operation_Component,modify,Verification,,217423269
UMLCloneNode,container-verification,container-verification_xisxvfzewq,,364825476
Move_Operation_New_Component_New_Node,findAll,New-Component_pyadhwqafe,New-Node_gtqjkhreco,589847223
UMLCloneNode,container-admin-user,container-admin-user_ynajyjgazi,,381039909
UMLCloneNode,container-rebook,container-rebook_mhjfmaepiq,,502795046
UMLCloneNode,container-verification,container-verification_xisxvfzewq,,475665125
Move_Operation_New_Component_New_Node,findAll,New-Component_pyadhwqafe,New-Node_gtqjkhreco,727632156
Move_Operation_New_Component_New_Node,updateUser,New-Component_foivlvpxgz,New-Node_kwdbgninmz,835314686
UMLCloneNode,container-order-other,container-order-other_tknxumcaoj,,575570923
UMLCloneNode,container-verification,container-verification_xisxvfzewq,,556817921
Move_Operation_New_Component_New_Node,findAll,New-Component_pyadhwqafe,New-Node_gtqjkhreco,759795955
UMLCloneNode,container-admin-user,container-admin-user_ynajyjgazi,,586257101
Move_Operation_New_Component_New_Node,updateUser,New-Component_dxdmxotpjx,New-Node_hdpmkdatuk,853969855
UMLCloneNode,container-verification,container-verification_xisxvfzewq,,456780586
Move_Operation_New_Component_New_Node,findAll,New-Component_pyadhwqafe,New-Node_gtqjkhreco,733734208
Move_Operation_New_Component_New_Node,updateUser,New-Component_foivlvpxgz,New-Node_kwdbgninmz,743522491
Move_Operation_New_Component_New_Node,modify,New-Component_fghtbfioge,New-Node_lcqazpxcyv,706109991
UMLCloneNode,container-verification,container-verification_xisxvfzewq,,522454878
Move_Operation_New_Component_New_Node,findAll,New-Component_pyadhwqafe,New-Node_gtqjkhreco,799311839
UMLCloneNode,container-admin-user,container-admin-user_ynajyjgazi,,467129010
Move_Operation_New_Component_New_Node,updateUser,New-Component_dxdmxotpjx,New-Node_hdpmkdatuk,756021858
UMLCloneNode,container-verification,container-verification_xisxvfzewq,,589474623
Move_Operation_New_Component_New_Node,findAll,New-Component_pyadhwqafe,New-Node_gtqjkhreco,818451707
Move_Operation_New_Component_New_Node,updateUser,New-Component_foivlvpxgz,New-Node_kwdbgninmz,749045968
Move_Operation_New_Component_New_Node,login,New-Component_ynehghvlgk,New-Node_ymtmlahpbm,775489421
UMLCloneNode,container-verification,container-verification_xisxvfzewq,,453256849
Move_Operation_New_Component_New_Node,findAll,New-Component_pyadhwqafe,New-Node_gtqjkhreco,641020865
Move_Operation_New_Component_New_Node,updateUser,New-Component_foivlvpxgz,New-Node_kwdbgninmz,702372362
UMLCloneNode,container-order-other,container-order-other_tknxumcaoj,,465542545
UMLCloneNode,container-verification,container-verification_xisxvfzewq,,474380186
Move_Operation_Component,login,Admin-user,,282337206
Move_Operation_New_Component_New_Node,updateUser,New-Component_foivlvpxgz,New-Node_kwdbgninmz,801641928
