algorithm,problem,solID,step,exec_time(milliSec)
simplified-cocome,simplified-cocome__BRF_clone_1.23__moc_1.64__mcnn_1.80__moncnn_1.45__MaxEval_102__ProbPAs_0.95__sb_none_sbth_6000__Algo_pesa2,0,uml2lqn,3562
NSGA,simplified-cocome__BRF_clone_1.23__moc_1.64__mcnn_1.80__moncnn_1.45__MaxEval_102__ProbPAs_0.95__sb_none_sbth_6000__Algo_pesa2,0,invoke_solver,396
NSGA,simplified-cocome__BRF_clone_1.23__moc_1.64__mcnn_1.80__moncnn_1.45__MaxEval_102__ProbPAs_0.95__sb_none_sbth_6000__Algo_pesa2,0,lqn2uml,967
NSGA,simplified-cocome__BRF_clone_1.23__moc_1.64__mcnn_1.80__moncnn_1.45__MaxEval_102__ProbPAs_0.95__sb_none_sbth_6000__Algo_pesa2,0,counting_pas,0,7952
simplified-cocome,simplified-cocome__BRF_clone_1.23__moc_1.64__mcnn_1.80__moncnn_1.45__MaxEval_102__ProbPAs_0.95__sb_none_sbth_6000__Algo_pesa2,0,perfQ,292
simplified-cocome,simplified-cocome__BRF_clone_1.23__moc_1.64__mcnn_1.80__moncnn_1.45__MaxEval_102__ProbPAs_0.95__sb_none_sbth_6000__Algo_pesa2,reliability,278
simplified-cocome,simplified-cocome__BRF_clone_1.23__moc_1.64__mcnn_1.80__moncnn_1.45__MaxEval_102__ProbPAs_0.95__sb_none_sbth_6000__Algo_pesa2,1,uml2lqn,2085
NSGA,simplified-cocome__BRF_clone_1.23__moc_1.64__mcnn_1.80__moncnn_1.45__MaxEval_102__ProbPAs_0.95__sb_none_sbth_6000__Algo_pesa2,1,invoke_solver,228
NSGA,simplified-cocome__BRF_clone_1.23__moc_1.64__mcnn_1.80__moncnn_1.45__MaxEval_102__ProbPAs_0.95__sb_none_sbth_6000__Algo_pesa2,1,lqn2uml,330
NSGA,simplified-cocome__BRF_clone_1.23__moc_1.64__mcnn_1.80__moncnn_1.45__MaxEval_102__ProbPAs_0.95__sb_none_sbth_6000__Algo_pesa2,1,counting_pas,1,6878
simplified-cocome,simplified-cocome__BRF_clone_1.23__moc_1.64__mcnn_1.80__moncnn_1.45__MaxEval_102__ProbPAs_0.95__sb_none_sbth_6000__Algo_pesa2,1,perfQ,327
simplified-cocome,simplified-cocome__BRF_clone_1.23__moc_1.64__mcnn_1.80__moncnn_1.45__MaxEval_102__ProbPAs_0.95__sb_none_sbth_6000__Algo_pesa2,reliability,126
simplified-cocome,simplified-cocome__BRF_clone_1.23__moc_1.64__mcnn_1.80__moncnn_1.45__MaxEval_102__ProbPAs_0.95__sb_none_sbth_6000__Algo_pesa2,2,uml2lqn,1688
NSGA,simplified-cocome__BRF_clone_1.23__moc_1.64__mcnn_1.80__moncnn_1.45__MaxEval_102__ProbPAs_0.95__sb_none_sbth_6000__Algo_pesa2,2,invoke_solver,25
NSGA,simplified-cocome__BRF_clone_1.23__moc_1.64__mcnn_1.80__moncnn_1.45__MaxEval_102__ProbPAs_0.95__sb_none_sbth_6000__Algo_pesa2,2,lqn2uml,370
NSGA,simplified-cocome__BRF_clone_1.23__moc_1.64__mcnn_1.80__moncnn_1.45__MaxEval_102__ProbPAs_0.95__sb_none_sbth_6000__Algo_pesa2,2,counting_pas,2,7580
simplified-cocome,simplified-cocome__BRF_clone_1.23__moc_1.64__mcnn_1.80__moncnn_1.45__MaxEval_102__ProbPAs_0.95__sb_none_sbth_6000__Algo_pesa2,2,perfQ,339
simplified-cocome,simplified-cocome__BRF_clone_1.23__moc_1.64__mcnn_1.80__moncnn_1.45__MaxEval_102__ProbPAs_0.95__sb_none_sbth_6000__Algo_pesa2,reliability,147
simplified-cocome,simplified-cocome__BRF_clone_1.23__moc_1.64__mcnn_1.80__moncnn_1.45__MaxEval_102__ProbPAs_0.95__sb_none_sbth_6000__Algo_pesa2,3,uml2lqn,1908
NSGA,simplified-cocome__BRF_clone_1.23__moc_1.64__mcnn_1.80__moncnn_1.45__MaxEval_102__ProbPAs_0.95__sb_none_sbth_6000__Algo_pesa2,3,invoke_solver,227
NSGA,simplified-cocome__BRF_clone_1.23__moc_1.64__mcnn_1.80__moncnn_1.45__MaxEval_102__ProbPAs_0.95__sb_none_sbth_6000__Algo_pesa2,3,lqn2uml,379
NSGA,simplified-cocome__BRF_clone_1.23__moc_1.64__mcnn_1.80__moncnn_1.45__MaxEval_102__ProbPAs_0.95__sb_none_sbth_6000__Algo_pesa2,3,counting_pas,3,6507
simplified-cocome,simplified-cocome__BRF_clone_1.23__moc_1.64__mcnn_1.80__moncnn_1.45__MaxEval_102__ProbPAs_0.95__sb_none_sbth_6000__Algo_pesa2,3,perfQ,366
simplified-cocome,simplified-cocome__BRF_clone_1.23__moc_1.64__mcnn_1.80__moncnn_1.45__MaxEval_102__ProbPAs_0.95__sb_none_sbth_6000__Algo_pesa2,reliability,128
simplified-cocome,simplified-cocome__BRF_clone_1.23__moc_1.64__mcnn_1.80__moncnn_1.45__MaxEval_102__ProbPAs_0.95__sb_none_sbth_6000__Algo_pesa2,4,uml2lqn,1589
NSGA,simplified-cocome__BRF_clone_1.23__moc_1.64__mcnn_1.80__moncnn_1.45__MaxEval_102__ProbPAs_0.95__sb_none_sbth_6000__Algo_pesa2,4,invoke_solver,48
NSGA,simplified-cocome__BRF_clone_1.23__moc_1.64__mcnn_1.80__moncnn_1.45__MaxEval_102__ProbPAs_0.95__sb_none_sbth_6000__Algo_pesa2,4,lqn2uml,355
NSGA,simplified-cocome__BRF_clone_1.23__moc_1.64__mcnn_1.80__moncnn_1.45__MaxEval_102__ProbPAs_0.95__sb_none_sbth_6000__Algo_pesa2,4,counting_pas,4,7621
simplified-cocome,simplified-cocome__BRF_clone_1.23__moc_1.64__mcnn_1.80__moncnn_1.45__MaxEval_102__ProbPAs_0.95__sb_none_sbth_6000__Algo_pesa2,4,perfQ,333
simplified-cocome,simplified-cocome__BRF_clone_1.23__moc_1.64__mcnn_1.80__moncnn_1.45__MaxEval_102__ProbPAs_0.95__sb_none_sbth_6000__Algo_pesa2,reliability,133
simplified-cocome,simplified-cocome__BRF_clone_1.23__moc_1.64__mcnn_1.80__moncnn_1.45__MaxEval_102__ProbPAs_0.95__sb_none_sbth_6000__Algo_pesa2,5,uml2lqn,1507
NSGA,simplified-cocome__BRF_clone_1.23__moc_1.64__mcnn_1.80__moncnn_1.45__MaxEval_102__ProbPAs_0.95__sb_none_sbth_6000__Algo_pesa2,5,invoke_solver,50
NSGA,simplified-cocome__BRF_clone_1.23__moc_1.64__mcnn_1.80__moncnn_1.45__MaxEval_102__ProbPAs_0.95__sb_none_sbth_6000__Algo_pesa2,5,lqn2uml,389
NSGA,simplified-cocome__BRF_clone_1.23__moc_1.64__mcnn_1.80__moncnn_1.45__MaxEval_102__ProbPAs_0.95__sb_none_sbth_6000__Algo_pesa2,5,counting_pas,5,5323
simplified-cocome,simplified-cocome__BRF_clone_1.23__moc_1.64__mcnn_1.80__moncnn_1.45__MaxEval_102__ProbPAs_0.95__sb_none_sbth_6000__Algo_pesa2,5,perfQ,285
simplified-cocome,simplified-cocome__BRF_clone_1.23__moc_1.64__mcnn_1.80__moncnn_1.45__MaxEval_102__ProbPAs_0.95__sb_none_sbth_6000__Algo_pesa2,reliability,128
simplified-cocome,simplified-cocome__BRF_clone_1.23__moc_1.64__mcnn_1.80__moncnn_1.45__MaxEval_102__ProbPAs_0.95__sb_none_sbth_6000__Algo_pesa2,6,uml2lqn,1570
NSGA,simplified-cocome__BRF_clone_1.23__moc_1.64__mcnn_1.80__moncnn_1.45__MaxEval_102__ProbPAs_0.95__sb_none_sbth_6000__Algo_pesa2,6,invoke_solver,193
NSGA,simplified-cocome__BRF_clone_1.23__moc_1.64__mcnn_1.80__moncnn_1.45__MaxEval_102__ProbPAs_0.95__sb_none_sbth_6000__Algo_pesa2,6,lqn2uml,380
NSGA,simplified-cocome__BRF_clone_1.23__moc_1.64__mcnn_1.80__moncnn_1.45__MaxEval_102__ProbPAs_0.95__sb_none_sbth_6000__Algo_pesa2,6,counting_pas,6,5813
simplified-cocome,simplified-cocome__BRF_clone_1.23__moc_1.64__mcnn_1.80__moncnn_1.45__MaxEval_102__ProbPAs_0.95__sb_none_sbth_6000__Algo_pesa2,6,perfQ,263
simplified-cocome,simplified-cocome__BRF_clone_1.23__moc_1.64__mcnn_1.80__moncnn_1.45__MaxEval_102__ProbPAs_0.95__sb_none_sbth_6000__Algo_pesa2,reliability,117
simplified-cocome,simplified-cocome__BRF_clone_1.23__moc_1.64__mcnn_1.80__moncnn_1.45__MaxEval_102__ProbPAs_0.95__sb_none_sbth_6000__Algo_pesa2,7,uml2lqn,1651
NSGA,simplified-cocome__BRF_clone_1.23__moc_1.64__mcnn_1.80__moncnn_1.45__MaxEval_102__ProbPAs_0.95__sb_none_sbth_6000__Algo_pesa2,7,invoke_solver,54
NSGA,simplified-cocome__BRF_clone_1.23__moc_1.64__mcnn_1.80__moncnn_1.45__MaxEval_102__ProbPAs_0.95__sb_none_sbth_6000__Algo_pesa2,7,lqn2uml,340
NSGA,simplified-cocome__BRF_clone_1.23__moc_1.64__mcnn_1.80__moncnn_1.45__MaxEval_102__ProbPAs_0.95__sb_none_sbth_6000__Algo_pesa2,7,counting_pas,7,6866
simplified-cocome,simplified-cocome__BRF_clone_1.23__moc_1.64__mcnn_1.80__moncnn_1.45__MaxEval_102__ProbPAs_0.95__sb_none_sbth_6000__Algo_pesa2,7,perfQ,297
simplified-cocome,simplified-cocome__BRF_clone_1.23__moc_1.64__mcnn_1.80__moncnn_1.45__MaxEval_102__ProbPAs_0.95__sb_none_sbth_6000__Algo_pesa2,reliability,171
simplified-cocome,simplified-cocome__BRF_clone_1.23__moc_1.64__mcnn_1.80__moncnn_1.45__MaxEval_102__ProbPAs_0.95__sb_none_sbth_6000__Algo_pesa2,8,uml2lqn,1547
NSGA,simplified-cocome__BRF_clone_1.23__moc_1.64__mcnn_1.80__moncnn_1.45__MaxEval_102__ProbPAs_0.95__sb_none_sbth_6000__Algo_pesa2,8,invoke_solver,211
NSGA,simplified-cocome__BRF_clone_1.23__moc_1.64__mcnn_1.80__moncnn_1.45__MaxEval_102__ProbPAs_0.95__sb_none_sbth_6000__Algo_pesa2,8,lqn2uml,356
NSGA,simplified-cocome__BRF_clone_1.23__moc_1.64__mcnn_1.80__moncnn_1.45__MaxEval_102__ProbPAs_0.95__sb_none_sbth_6000__Algo_pesa2,8,counting_pas,8,6139
simplified-cocome,simplified-cocome__BRF_clone_1.23__moc_1.64__mcnn_1.80__moncnn_1.45__MaxEval_102__ProbPAs_0.95__sb_none_sbth_6000__Algo_pesa2,8,perfQ,379
simplified-cocome,simplified-cocome__BRF_clone_1.23__moc_1.64__mcnn_1.80__moncnn_1.45__MaxEval_102__ProbPAs_0.95__sb_none_sbth_6000__Algo_pesa2,reliability,174
simplified-cocome,simplified-cocome__BRF_clone_1.23__moc_1.64__mcnn_1.80__moncnn_1.45__MaxEval_102__ProbPAs_0.95__sb_none_sbth_6000__Algo_pesa2,9,uml2lqn,1633
NSGA,simplified-cocome__BRF_clone_1.23__moc_1.64__mcnn_1.80__moncnn_1.45__MaxEval_102__ProbPAs_0.95__sb_none_sbth_6000__Algo_pesa2,9,invoke_solver,262
NSGA,simplified-cocome__BRF_clone_1.23__moc_1.64__mcnn_1.80__moncnn_1.45__MaxEval_102__ProbPAs_0.95__sb_none_sbth_6000__Algo_pesa2,9,lqn2uml,400
NSGA,simplified-cocome__BRF_clone_1.23__moc_1.64__mcnn_1.80__moncnn_1.45__MaxEval_102__ProbPAs_0.95__sb_none_sbth_6000__Algo_pesa2,9,counting_pas,9,6665
simplified-cocome,simplified-cocome__BRF_clone_1.23__moc_1.64__mcnn_1.80__moncnn_1.45__MaxEval_102__ProbPAs_0.95__sb_none_sbth_6000__Algo_pesa2,9,perfQ,368
simplified-cocome,simplified-cocome__BRF_clone_1.23__moc_1.64__mcnn_1.80__moncnn_1.45__MaxEval_102__ProbPAs_0.95__sb_none_sbth_6000__Algo_pesa2,reliability,128
simplified-cocome,simplified-cocome__BRF_clone_1.23__moc_1.64__mcnn_1.80__moncnn_1.45__MaxEval_102__ProbPAs_0.95__sb_none_sbth_6000__Algo_pesa2,10,uml2lqn,1807
NSGA,simplified-cocome__BRF_clone_1.23__moc_1.64__mcnn_1.80__moncnn_1.45__MaxEval_102__ProbPAs_0.95__sb_none_sbth_6000__Algo_pesa2,10,invoke_solver,284
NSGA,simplified-cocome__BRF_clone_1.23__moc_1.64__mcnn_1.80__moncnn_1.45__MaxEval_102__ProbPAs_0.95__sb_none_sbth_6000__Algo_pesa2,10,lqn2uml,342
NSGA,simplified-cocome__BRF_clone_1.23__moc_1.64__mcnn_1.80__moncnn_1.45__MaxEval_102__ProbPAs_0.95__sb_none_sbth_6000__Algo_pesa2,10,counting_pas,10,8866
simplified-cocome,simplified-cocome__BRF_clone_1.23__moc_1.64__mcnn_1.80__moncnn_1.45__MaxEval_102__ProbPAs_0.95__sb_none_sbth_6000__Algo_pesa2,10,perfQ,336
simplified-cocome,simplified-cocome__BRF_clone_1.23__moc_1.64__mcnn_1.80__moncnn_1.45__MaxEval_102__ProbPAs_0.95__sb_none_sbth_6000__Algo_pesa2,reliability,148
simplified-cocome,simplified-cocome__BRF_clone_1.23__moc_1.64__mcnn_1.80__moncnn_1.45__MaxEval_102__ProbPAs_0.95__sb_none_sbth_6000__Algo_pesa2,11,uml2lqn,2004
NSGA,simplified-cocome__BRF_clone_1.23__moc_1.64__mcnn_1.80__moncnn_1.45__MaxEval_102__ProbPAs_0.95__sb_none_sbth_6000__Algo_pesa2,11,invoke_solver,122
NSGA,simplified-cocome__BRF_clone_1.23__moc_1.64__mcnn_1.80__moncnn_1.45__MaxEval_102__ProbPAs_0.95__sb_none_sbth_6000__Algo_pesa2,11,lqn2uml,538
NSGA,simplified-cocome__BRF_clone_1.23__moc_1.64__mcnn_1.80__moncnn_1.45__MaxEval_102__ProbPAs_0.95__sb_none_sbth_6000__Algo_pesa2,11,counting_pas,11,8019
simplified-cocome,simplified-cocome__BRF_clone_1.23__moc_1.64__mcnn_1.80__moncnn_1.45__MaxEval_102__ProbPAs_0.95__sb_none_sbth_6000__Algo_pesa2,11,perfQ,330
simplified-cocome,simplified-cocome__BRF_clone_1.23__moc_1.64__mcnn_1.80__moncnn_1.45__MaxEval_102__ProbPAs_0.95__sb_none_sbth_6000__Algo_pesa2,reliability,152
simplified-cocome,simplified-cocome__BRF_clone_1.23__moc_1.64__mcnn_1.80__moncnn_1.45__MaxEval_102__ProbPAs_0.95__sb_none_sbth_6000__Algo_pesa2,12,uml2lqn,2067
NSGA,simplified-cocome__BRF_clone_1.23__moc_1.64__mcnn_1.80__moncnn_1.45__MaxEval_102__ProbPAs_0.95__sb_none_sbth_6000__Algo_pesa2,12,invoke_solver,196
NSGA,simplified-cocome__BRF_clone_1.23__moc_1.64__mcnn_1.80__moncnn_1.45__MaxEval_102__ProbPAs_0.95__sb_none_sbth_6000__Algo_pesa2,12,lqn2uml,368
NSGA,simplified-cocome__BRF_clone_1.23__moc_1.64__mcnn_1.80__moncnn_1.45__MaxEval_102__ProbPAs_0.95__sb_none_sbth_6000__Algo_pesa2,12,counting_pas,12,8675
simplified-cocome,simplified-cocome__BRF_clone_1.23__moc_1.64__mcnn_1.80__moncnn_1.45__MaxEval_102__ProbPAs_0.95__sb_none_sbth_6000__Algo_pesa2,12,perfQ,572
simplified-cocome,simplified-cocome__BRF_clone_1.23__moc_1.64__mcnn_1.80__moncnn_1.45__MaxEval_102__ProbPAs_0.95__sb_none_sbth_6000__Algo_pesa2,reliability,197
simplified-cocome,simplified-cocome__BRF_clone_1.23__moc_1.64__mcnn_1.80__moncnn_1.45__MaxEval_102__ProbPAs_0.95__sb_none_sbth_6000__Algo_pesa2,13,uml2lqn,2405
NSGA,simplified-cocome__BRF_clone_1.23__moc_1.64__mcnn_1.80__moncnn_1.45__MaxEval_102__ProbPAs_0.95__sb_none_sbth_6000__Algo_pesa2,13,invoke_solver,58
NSGA,simplified-cocome__BRF_clone_1.23__moc_1.64__mcnn_1.80__moncnn_1.45__MaxEval_102__ProbPAs_0.95__sb_none_sbth_6000__Algo_pesa2,13,lqn2uml,404
NSGA,simplified-cocome__BRF_clone_1.23__moc_1.64__mcnn_1.80__moncnn_1.45__MaxEval_102__ProbPAs_0.95__sb_none_sbth_6000__Algo_pesa2,13,counting_pas,13,8889
simplified-cocome,simplified-cocome__BRF_clone_1.23__moc_1.64__mcnn_1.80__moncnn_1.45__MaxEval_102__ProbPAs_0.95__sb_none_sbth_6000__Algo_pesa2,13,perfQ,328
simplified-cocome,simplified-cocome__BRF_clone_1.23__moc_1.64__mcnn_1.80__moncnn_1.45__MaxEval_102__ProbPAs_0.95__sb_none_sbth_6000__Algo_pesa2,reliability,145
simplified-cocome,simplified-cocome__BRF_clone_1.23__moc_1.64__mcnn_1.80__moncnn_1.45__MaxEval_102__ProbPAs_0.95__sb_none_sbth_6000__Algo_pesa2,14,uml2lqn,2137
NSGA,simplified-cocome__BRF_clone_1.23__moc_1.64__mcnn_1.80__moncnn_1.45__MaxEval_102__ProbPAs_0.95__sb_none_sbth_6000__Algo_pesa2,14,invoke_solver,201
NSGA,simplified-cocome__BRF_clone_1.23__moc_1.64__mcnn_1.80__moncnn_1.45__MaxEval_102__ProbPAs_0.95__sb_none_sbth_6000__Algo_pesa2,14,lqn2uml,478
NSGA,simplified-cocome__BRF_clone_1.23__moc_1.64__mcnn_1.80__moncnn_1.45__MaxEval_102__ProbPAs_0.95__sb_none_sbth_6000__Algo_pesa2,14,counting_pas,14,8113
simplified-cocome,simplified-cocome__BRF_clone_1.23__moc_1.64__mcnn_1.80__moncnn_1.45__MaxEval_102__ProbPAs_0.95__sb_none_sbth_6000__Algo_pesa2,14,perfQ,376
simplified-cocome,simplified-cocome__BRF_clone_1.23__moc_1.64__mcnn_1.80__moncnn_1.45__MaxEval_102__ProbPAs_0.95__sb_none_sbth_6000__Algo_pesa2,reliability,142
simplified-cocome,simplified-cocome__BRF_clone_1.23__moc_1.64__mcnn_1.80__moncnn_1.45__MaxEval_102__ProbPAs_0.95__sb_none_sbth_6000__Algo_pesa2,15,uml2lqn,1917
NSGA,simplified-cocome__BRF_clone_1.23__moc_1.64__mcnn_1.80__moncnn_1.45__MaxEval_102__ProbPAs_0.95__sb_none_sbth_6000__Algo_pesa2,15,invoke_solver,61
NSGA,simplified-cocome__BRF_clone_1.23__moc_1.64__mcnn_1.80__moncnn_1.45__MaxEval_102__ProbPAs_0.95__sb_none_sbth_6000__Algo_pesa2,15,lqn2uml,454
NSGA,simplified-cocome__BRF_clone_1.23__moc_1.64__mcnn_1.80__moncnn_1.45__MaxEval_102__ProbPAs_0.95__sb_none_sbth_6000__Algo_pesa2,15,counting_pas,15,7444
simplified-cocome,simplified-cocome__BRF_clone_1.23__moc_1.64__mcnn_1.80__moncnn_1.45__MaxEval_102__ProbPAs_0.95__sb_none_sbth_6000__Algo_pesa2,15,perfQ,381
simplified-cocome,simplified-cocome__BRF_clone_1.23__moc_1.64__mcnn_1.80__moncnn_1.45__MaxEval_102__ProbPAs_0.95__sb_none_sbth_6000__Algo_pesa2,reliability,137
simplified-cocome,simplified-cocome__BRF_clone_1.23__moc_1.64__mcnn_1.80__moncnn_1.45__MaxEval_102__ProbPAs_0.95__sb_none_sbth_6000__Algo_pesa2,16,uml2lqn,2249
NSGA,simplified-cocome__BRF_clone_1.23__moc_1.64__mcnn_1.80__moncnn_1.45__MaxEval_102__ProbPAs_0.95__sb_none_sbth_6000__Algo_pesa2,16,invoke_solver,241
NSGA,simplified-cocome__BRF_clone_1.23__moc_1.64__mcnn_1.80__moncnn_1.45__MaxEval_102__ProbPAs_0.95__sb_none_sbth_6000__Algo_pesa2,16,lqn2uml,583
NSGA,simplified-cocome__BRF_clone_1.23__moc_1.64__mcnn_1.80__moncnn_1.45__MaxEval_102__ProbPAs_0.95__sb_none_sbth_6000__Algo_pesa2,16,counting_pas,16,8306
simplified-cocome,simplified-cocome__BRF_clone_1.23__moc_1.64__mcnn_1.80__moncnn_1.45__MaxEval_102__ProbPAs_0.95__sb_none_sbth_6000__Algo_pesa2,16,perfQ,496
simplified-cocome,simplified-cocome__BRF_clone_1.23__moc_1.64__mcnn_1.80__moncnn_1.45__MaxEval_102__ProbPAs_0.95__sb_none_sbth_6000__Algo_pesa2,reliability,172
simplified-cocome,simplified-cocome__BRF_clone_1.23__moc_1.64__mcnn_1.80__moncnn_1.45__MaxEval_102__ProbPAs_0.95__sb_none_sbth_6000__Algo_pesa2,20,uml2lqn,2515
NSGA,simplified-cocome__BRF_clone_1.23__moc_1.64__mcnn_1.80__moncnn_1.45__MaxEval_102__ProbPAs_0.95__sb_none_sbth_6000__Algo_pesa2,20,invoke_solver,276
NSGA,simplified-cocome__BRF_clone_1.23__moc_1.64__mcnn_1.80__moncnn_1.45__MaxEval_102__ProbPAs_0.95__sb_none_sbth_6000__Algo_pesa2,20,lqn2uml,500
NSGA,simplified-cocome__BRF_clone_1.23__moc_1.64__mcnn_1.80__moncnn_1.45__MaxEval_102__ProbPAs_0.95__sb_none_sbth_6000__Algo_pesa2,20,counting_pas,20,8477
simplified-cocome,simplified-cocome__BRF_clone_1.23__moc_1.64__mcnn_1.80__moncnn_1.45__MaxEval_102__ProbPAs_0.95__sb_none_sbth_6000__Algo_pesa2,20,perfQ,671
simplified-cocome,simplified-cocome__BRF_clone_1.23__moc_1.64__mcnn_1.80__moncnn_1.45__MaxEval_102__ProbPAs_0.95__sb_none_sbth_6000__Algo_pesa2,reliability,164
simplified-cocome,simplified-cocome__BRF_clone_1.23__moc_1.64__mcnn_1.80__moncnn_1.45__MaxEval_102__ProbPAs_0.95__sb_none_sbth_6000__Algo_pesa2,24,uml2lqn,2519
NSGA,simplified-cocome__BRF_clone_1.23__moc_1.64__mcnn_1.80__moncnn_1.45__MaxEval_102__ProbPAs_0.95__sb_none_sbth_6000__Algo_pesa2,24,invoke_solver,315
NSGA,simplified-cocome__BRF_clone_1.23__moc_1.64__mcnn_1.80__moncnn_1.45__MaxEval_102__ProbPAs_0.95__sb_none_sbth_6000__Algo_pesa2,24,lqn2uml,930
NSGA,simplified-cocome__BRF_clone_1.23__moc_1.64__mcnn_1.80__moncnn_1.45__MaxEval_102__ProbPAs_0.95__sb_none_sbth_6000__Algo_pesa2,24,counting_pas,24,8289
simplified-cocome,simplified-cocome__BRF_clone_1.23__moc_1.64__mcnn_1.80__moncnn_1.45__MaxEval_102__ProbPAs_0.95__sb_none_sbth_6000__Algo_pesa2,24,perfQ,636
simplified-cocome,simplified-cocome__BRF_clone_1.23__moc_1.64__mcnn_1.80__moncnn_1.45__MaxEval_102__ProbPAs_0.95__sb_none_sbth_6000__Algo_pesa2,reliability,174
simplified-cocome,simplified-cocome__BRF_clone_1.23__moc_1.64__mcnn_1.80__moncnn_1.45__MaxEval_102__ProbPAs_0.95__sb_none_sbth_6000__Algo_pesa2,28,uml2lqn,2764
NSGA,simplified-cocome__BRF_clone_1.23__moc_1.64__mcnn_1.80__moncnn_1.45__MaxEval_102__ProbPAs_0.95__sb_none_sbth_6000__Algo_pesa2,28,invoke_solver,309
NSGA,simplified-cocome__BRF_clone_1.23__moc_1.64__mcnn_1.80__moncnn_1.45__MaxEval_102__ProbPAs_0.95__sb_none_sbth_6000__Algo_pesa2,28,lqn2uml,762
NSGA,simplified-cocome__BRF_clone_1.23__moc_1.64__mcnn_1.80__moncnn_1.45__MaxEval_102__ProbPAs_0.95__sb_none_sbth_6000__Algo_pesa2,28,counting_pas,28,8374
simplified-cocome,simplified-cocome__BRF_clone_1.23__moc_1.64__mcnn_1.80__moncnn_1.45__MaxEval_102__ProbPAs_0.95__sb_none_sbth_6000__Algo_pesa2,28,perfQ,629
simplified-cocome,simplified-cocome__BRF_clone_1.23__moc_1.64__mcnn_1.80__moncnn_1.45__MaxEval_102__ProbPAs_0.95__sb_none_sbth_6000__Algo_pesa2,reliability,165
simplified-cocome,simplified-cocome__BRF_clone_1.23__moc_1.64__mcnn_1.80__moncnn_1.45__MaxEval_102__ProbPAs_0.95__sb_none_sbth_6000__Algo_pesa2,32,uml2lqn,2488
NSGA,simplified-cocome__BRF_clone_1.23__moc_1.64__mcnn_1.80__moncnn_1.45__MaxEval_102__ProbPAs_0.95__sb_none_sbth_6000__Algo_pesa2,32,invoke_solver,55
NSGA,simplified-cocome__BRF_clone_1.23__moc_1.64__mcnn_1.80__moncnn_1.45__MaxEval_102__ProbPAs_0.95__sb_none_sbth_6000__Algo_pesa2,32,lqn2uml,713
NSGA,simplified-cocome__BRF_clone_1.23__moc_1.64__mcnn_1.80__moncnn_1.45__MaxEval_102__ProbPAs_0.95__sb_none_sbth_6000__Algo_pesa2,32,counting_pas,32,9560
simplified-cocome,simplified-cocome__BRF_clone_1.23__moc_1.64__mcnn_1.80__moncnn_1.45__MaxEval_102__ProbPAs_0.95__sb_none_sbth_6000__Algo_pesa2,32,perfQ,757
simplified-cocome,simplified-cocome__BRF_clone_1.23__moc_1.64__mcnn_1.80__moncnn_1.45__MaxEval_102__ProbPAs_0.95__sb_none_sbth_6000__Algo_pesa2,reliability,223
simplified-cocome,simplified-cocome__BRF_clone_1.23__moc_1.64__mcnn_1.80__moncnn_1.45__MaxEval_102__ProbPAs_0.95__sb_none_sbth_6000__Algo_pesa2,34,uml2lqn,2514
NSGA,simplified-cocome__BRF_clone_1.23__moc_1.64__mcnn_1.80__moncnn_1.45__MaxEval_102__ProbPAs_0.95__sb_none_sbth_6000__Algo_pesa2,34,invoke_solver,304
NSGA,simplified-cocome__BRF_clone_1.23__moc_1.64__mcnn_1.80__moncnn_1.45__MaxEval_102__ProbPAs_0.95__sb_none_sbth_6000__Algo_pesa2,34,lqn2uml,647
NSGA,simplified-cocome__BRF_clone_1.23__moc_1.64__mcnn_1.80__moncnn_1.45__MaxEval_102__ProbPAs_0.95__sb_none_sbth_6000__Algo_pesa2,34,counting_pas,34,7817
simplified-cocome,simplified-cocome__BRF_clone_1.23__moc_1.64__mcnn_1.80__moncnn_1.45__MaxEval_102__ProbPAs_0.95__sb_none_sbth_6000__Algo_pesa2,34,perfQ,884
simplified-cocome,simplified-cocome__BRF_clone_1.23__moc_1.64__mcnn_1.80__moncnn_1.45__MaxEval_102__ProbPAs_0.95__sb_none_sbth_6000__Algo_pesa2,reliability,196
simplified-cocome,simplified-cocome__BRF_clone_1.23__moc_1.64__mcnn_1.80__moncnn_1.45__MaxEval_102__ProbPAs_0.95__sb_none_sbth_6000__Algo_pesa2,38,uml2lqn,2322
NSGA,simplified-cocome__BRF_clone_1.23__moc_1.64__mcnn_1.80__moncnn_1.45__MaxEval_102__ProbPAs_0.95__sb_none_sbth_6000__Algo_pesa2,38,invoke_solver,263
NSGA,simplified-cocome__BRF_clone_1.23__moc_1.64__mcnn_1.80__moncnn_1.45__MaxEval_102__ProbPAs_0.95__sb_none_sbth_6000__Algo_pesa2,38,lqn2uml,882
NSGA,simplified-cocome__BRF_clone_1.23__moc_1.64__mcnn_1.80__moncnn_1.45__MaxEval_102__ProbPAs_0.95__sb_none_sbth_6000__Algo_pesa2,38,counting_pas,38,7468
simplified-cocome,simplified-cocome__BRF_clone_1.23__moc_1.64__mcnn_1.80__moncnn_1.45__MaxEval_102__ProbPAs_0.95__sb_none_sbth_6000__Algo_pesa2,38,perfQ,642
simplified-cocome,simplified-cocome__BRF_clone_1.23__moc_1.64__mcnn_1.80__moncnn_1.45__MaxEval_102__ProbPAs_0.95__sb_none_sbth_6000__Algo_pesa2,reliability,187
simplified-cocome,simplified-cocome__BRF_clone_1.23__moc_1.64__mcnn_1.80__moncnn_1.45__MaxEval_102__ProbPAs_0.95__sb_none_sbth_6000__Algo_pesa2,42,uml2lqn,1787
NSGA,simplified-cocome__BRF_clone_1.23__moc_1.64__mcnn_1.80__moncnn_1.45__MaxEval_102__ProbPAs_0.95__sb_none_sbth_6000__Algo_pesa2,42,invoke_solver,266
NSGA,simplified-cocome__BRF_clone_1.23__moc_1.64__mcnn_1.80__moncnn_1.45__MaxEval_102__ProbPAs_0.95__sb_none_sbth_6000__Algo_pesa2,42,lqn2uml,592
NSGA,simplified-cocome__BRF_clone_1.23__moc_1.64__mcnn_1.80__moncnn_1.45__MaxEval_102__ProbPAs_0.95__sb_none_sbth_6000__Algo_pesa2,42,counting_pas,42,7746
simplified-cocome,simplified-cocome__BRF_clone_1.23__moc_1.64__mcnn_1.80__moncnn_1.45__MaxEval_102__ProbPAs_0.95__sb_none_sbth_6000__Algo_pesa2,42,perfQ,867
simplified-cocome,simplified-cocome__BRF_clone_1.23__moc_1.64__mcnn_1.80__moncnn_1.45__MaxEval_102__ProbPAs_0.95__sb_none_sbth_6000__Algo_pesa2,reliability,210
simplified-cocome,simplified-cocome__BRF_clone_1.23__moc_1.64__mcnn_1.80__moncnn_1.45__MaxEval_102__ProbPAs_0.95__sb_none_sbth_6000__Algo_pesa2,44,uml2lqn,2449
NSGA,simplified-cocome__BRF_clone_1.23__moc_1.64__mcnn_1.80__moncnn_1.45__MaxEval_102__ProbPAs_0.95__sb_none_sbth_6000__Algo_pesa2,44,invoke_solver,346
NSGA,simplified-cocome__BRF_clone_1.23__moc_1.64__mcnn_1.80__moncnn_1.45__MaxEval_102__ProbPAs_0.95__sb_none_sbth_6000__Algo_pesa2,44,lqn2uml,935
NSGA,simplified-cocome__BRF_clone_1.23__moc_1.64__mcnn_1.80__moncnn_1.45__MaxEval_102__ProbPAs_0.95__sb_none_sbth_6000__Algo_pesa2,44,counting_pas,44,8789
simplified-cocome,simplified-cocome__BRF_clone_1.23__moc_1.64__mcnn_1.80__moncnn_1.45__MaxEval_102__ProbPAs_0.95__sb_none_sbth_6000__Algo_pesa2,44,perfQ,1020
simplified-cocome,simplified-cocome__BRF_clone_1.23__moc_1.64__mcnn_1.80__moncnn_1.45__MaxEval_102__ProbPAs_0.95__sb_none_sbth_6000__Algo_pesa2,reliability,122
simplified-cocome,simplified-cocome__BRF_clone_1.23__moc_1.64__mcnn_1.80__moncnn_1.45__MaxEval_102__ProbPAs_0.95__sb_none_sbth_6000__Algo_pesa2,46,uml2lqn,2700
NSGA,simplified-cocome__BRF_clone_1.23__moc_1.64__mcnn_1.80__moncnn_1.45__MaxEval_102__ProbPAs_0.95__sb_none_sbth_6000__Algo_pesa2,46,invoke_solver,263
NSGA,simplified-cocome__BRF_clone_1.23__moc_1.64__mcnn_1.80__moncnn_1.45__MaxEval_102__ProbPAs_0.95__sb_none_sbth_6000__Algo_pesa2,46,lqn2uml,973
NSGA,simplified-cocome__BRF_clone_1.23__moc_1.64__mcnn_1.80__moncnn_1.45__MaxEval_102__ProbPAs_0.95__sb_none_sbth_6000__Algo_pesa2,46,counting_pas,46,8129
simplified-cocome,simplified-cocome__BRF_clone_1.23__moc_1.64__mcnn_1.80__moncnn_1.45__MaxEval_102__ProbPAs_0.95__sb_none_sbth_6000__Algo_pesa2,46,perfQ,940
simplified-cocome,simplified-cocome__BRF_clone_1.23__moc_1.64__mcnn_1.80__moncnn_1.45__MaxEval_102__ProbPAs_0.95__sb_none_sbth_6000__Algo_pesa2,reliability,189
simplified-cocome,simplified-cocome__BRF_clone_1.23__moc_1.64__mcnn_1.80__moncnn_1.45__MaxEval_102__ProbPAs_0.95__sb_none_sbth_6000__Algo_pesa2,50,uml2lqn,2908
NSGA,simplified-cocome__BRF_clone_1.23__moc_1.64__mcnn_1.80__moncnn_1.45__MaxEval_102__ProbPAs_0.95__sb_none_sbth_6000__Algo_pesa2,50,invoke_solver,370
NSGA,simplified-cocome__BRF_clone_1.23__moc_1.64__mcnn_1.80__moncnn_1.45__MaxEval_102__ProbPAs_0.95__sb_none_sbth_6000__Algo_pesa2,50,lqn2uml,1222
NSGA,simplified-cocome__BRF_clone_1.23__moc_1.64__mcnn_1.80__moncnn_1.45__MaxEval_102__ProbPAs_0.95__sb_none_sbth_6000__Algo_pesa2,50,counting_pas,50,9646
simplified-cocome,simplified-cocome__BRF_clone_1.23__moc_1.64__mcnn_1.80__moncnn_1.45__MaxEval_102__ProbPAs_0.95__sb_none_sbth_6000__Algo_pesa2,50,perfQ,944
simplified-cocome,simplified-cocome__BRF_clone_1.23__moc_1.64__mcnn_1.80__moncnn_1.45__MaxEval_102__ProbPAs_0.95__sb_none_sbth_6000__Algo_pesa2,reliability,189
simplified-cocome,simplified-cocome__BRF_clone_1.23__moc_1.64__mcnn_1.80__moncnn_1.45__MaxEval_102__ProbPAs_0.95__sb_none_sbth_6000__Algo_pesa2,54,uml2lqn,3234
NSGA,simplified-cocome__BRF_clone_1.23__moc_1.64__mcnn_1.80__moncnn_1.45__MaxEval_102__ProbPAs_0.95__sb_none_sbth_6000__Algo_pesa2,54,invoke_solver,250
NSGA,simplified-cocome__BRF_clone_1.23__moc_1.64__mcnn_1.80__moncnn_1.45__MaxEval_102__ProbPAs_0.95__sb_none_sbth_6000__Algo_pesa2,54,lqn2uml,1337
NSGA,simplified-cocome__BRF_clone_1.23__moc_1.64__mcnn_1.80__moncnn_1.45__MaxEval_102__ProbPAs_0.95__sb_none_sbth_6000__Algo_pesa2,54,counting_pas,54,9477
simplified-cocome,simplified-cocome__BRF_clone_1.23__moc_1.64__mcnn_1.80__moncnn_1.45__MaxEval_102__ProbPAs_0.95__sb_none_sbth_6000__Algo_pesa2,54,perfQ,784
simplified-cocome,simplified-cocome__BRF_clone_1.23__moc_1.64__mcnn_1.80__moncnn_1.45__MaxEval_102__ProbPAs_0.95__sb_none_sbth_6000__Algo_pesa2,reliability,205
simplified-cocome,simplified-cocome__BRF_clone_1.23__moc_1.64__mcnn_1.80__moncnn_1.45__MaxEval_102__ProbPAs_0.95__sb_none_sbth_6000__Algo_pesa2,58,uml2lqn,2710
NSGA,simplified-cocome__BRF_clone_1.23__moc_1.64__mcnn_1.80__moncnn_1.45__MaxEval_102__ProbPAs_0.95__sb_none_sbth_6000__Algo_pesa2,58,invoke_solver,112
NSGA,simplified-cocome__BRF_clone_1.23__moc_1.64__mcnn_1.80__moncnn_1.45__MaxEval_102__ProbPAs_0.95__sb_none_sbth_6000__Algo_pesa2,58,lqn2uml,1560
NSGA,simplified-cocome__BRF_clone_1.23__moc_1.64__mcnn_1.80__moncnn_1.45__MaxEval_102__ProbPAs_0.95__sb_none_sbth_6000__Algo_pesa2,58,counting_pas,58,7543
simplified-cocome,simplified-cocome__BRF_clone_1.23__moc_1.64__mcnn_1.80__moncnn_1.45__MaxEval_102__ProbPAs_0.95__sb_none_sbth_6000__Algo_pesa2,58,perfQ,1111
simplified-cocome,simplified-cocome__BRF_clone_1.23__moc_1.64__mcnn_1.80__moncnn_1.45__MaxEval_102__ProbPAs_0.95__sb_none_sbth_6000__Algo_pesa2,reliability,110
simplified-cocome,simplified-cocome__BRF_clone_1.23__moc_1.64__mcnn_1.80__moncnn_1.45__MaxEval_102__ProbPAs_0.95__sb_none_sbth_6000__Algo_pesa2,62,uml2lqn,2650
NSGA,simplified-cocome__BRF_clone_1.23__moc_1.64__mcnn_1.80__moncnn_1.45__MaxEval_102__ProbPAs_0.95__sb_none_sbth_6000__Algo_pesa2,62,invoke_solver,66
NSGA,simplified-cocome__BRF_clone_1.23__moc_1.64__mcnn_1.80__moncnn_1.45__MaxEval_102__ProbPAs_0.95__sb_none_sbth_6000__Algo_pesa2,62,lqn2uml,1095
NSGA,simplified-cocome__BRF_clone_1.23__moc_1.64__mcnn_1.80__moncnn_1.45__MaxEval_102__ProbPAs_0.95__sb_none_sbth_6000__Algo_pesa2,62,counting_pas,62,9010
simplified-cocome,simplified-cocome__BRF_clone_1.23__moc_1.64__mcnn_1.80__moncnn_1.45__MaxEval_102__ProbPAs_0.95__sb_none_sbth_6000__Algo_pesa2,62,perfQ,887
simplified-cocome,simplified-cocome__BRF_clone_1.23__moc_1.64__mcnn_1.80__moncnn_1.45__MaxEval_102__ProbPAs_0.95__sb_none_sbth_6000__Algo_pesa2,reliability,162
simplified-cocome,simplified-cocome__BRF_clone_1.23__moc_1.64__mcnn_1.80__moncnn_1.45__MaxEval_102__ProbPAs_0.95__sb_none_sbth_6000__Algo_pesa2,66,uml2lqn,2713
NSGA,simplified-cocome__BRF_clone_1.23__moc_1.64__mcnn_1.80__moncnn_1.45__MaxEval_102__ProbPAs_0.95__sb_none_sbth_6000__Algo_pesa2,66,invoke_solver,420
NSGA,simplified-cocome__BRF_clone_1.23__moc_1.64__mcnn_1.80__moncnn_1.45__MaxEval_102__ProbPAs_0.95__sb_none_sbth_6000__Algo_pesa2,66,lqn2uml,726
NSGA,simplified-cocome__BRF_clone_1.23__moc_1.64__mcnn_1.80__moncnn_1.45__MaxEval_102__ProbPAs_0.95__sb_none_sbth_6000__Algo_pesa2,66,counting_pas,66,8964
simplified-cocome,simplified-cocome__BRF_clone_1.23__moc_1.64__mcnn_1.80__moncnn_1.45__MaxEval_102__ProbPAs_0.95__sb_none_sbth_6000__Algo_pesa2,66,perfQ,756
simplified-cocome,simplified-cocome__BRF_clone_1.23__moc_1.64__mcnn_1.80__moncnn_1.45__MaxEval_102__ProbPAs_0.95__sb_none_sbth_6000__Algo_pesa2,reliability,150
simplified-cocome,simplified-cocome__BRF_clone_1.23__moc_1.64__mcnn_1.80__moncnn_1.45__MaxEval_102__ProbPAs_0.95__sb_none_sbth_6000__Algo_pesa2,70,uml2lqn,2725
NSGA,simplified-cocome__BRF_clone_1.23__moc_1.64__mcnn_1.80__moncnn_1.45__MaxEval_102__ProbPAs_0.95__sb_none_sbth_6000__Algo_pesa2,70,invoke_solver,212
NSGA,simplified-cocome__BRF_clone_1.23__moc_1.64__mcnn_1.80__moncnn_1.45__MaxEval_102__ProbPAs_0.95__sb_none_sbth_6000__Algo_pesa2,70,lqn2uml,1014
NSGA,simplified-cocome__BRF_clone_1.23__moc_1.64__mcnn_1.80__moncnn_1.45__MaxEval_102__ProbPAs_0.95__sb_none_sbth_6000__Algo_pesa2,70,counting_pas,70,8431
simplified-cocome,simplified-cocome__BRF_clone_1.23__moc_1.64__mcnn_1.80__moncnn_1.45__MaxEval_102__ProbPAs_0.95__sb_none_sbth_6000__Algo_pesa2,70,perfQ,801
simplified-cocome,simplified-cocome__BRF_clone_1.23__moc_1.64__mcnn_1.80__moncnn_1.45__MaxEval_102__ProbPAs_0.95__sb_none_sbth_6000__Algo_pesa2,reliability,192
simplified-cocome,simplified-cocome__BRF_clone_1.23__moc_1.64__mcnn_1.80__moncnn_1.45__MaxEval_102__ProbPAs_0.95__sb_none_sbth_6000__Algo_pesa2,74,uml2lqn,2424
NSGA,simplified-cocome__BRF_clone_1.23__moc_1.64__mcnn_1.80__moncnn_1.45__MaxEval_102__ProbPAs_0.95__sb_none_sbth_6000__Algo_pesa2,74,invoke_solver,51
NSGA,simplified-cocome__BRF_clone_1.23__moc_1.64__mcnn_1.80__moncnn_1.45__MaxEval_102__ProbPAs_0.95__sb_none_sbth_6000__Algo_pesa2,74,lqn2uml,1137
NSGA,simplified-cocome__BRF_clone_1.23__moc_1.64__mcnn_1.80__moncnn_1.45__MaxEval_102__ProbPAs_0.95__sb_none_sbth_6000__Algo_pesa2,74,counting_pas,74,9076
simplified-cocome,simplified-cocome__BRF_clone_1.23__moc_1.64__mcnn_1.80__moncnn_1.45__MaxEval_102__ProbPAs_0.95__sb_none_sbth_6000__Algo_pesa2,74,perfQ,1465
simplified-cocome,simplified-cocome__BRF_clone_1.23__moc_1.64__mcnn_1.80__moncnn_1.45__MaxEval_102__ProbPAs_0.95__sb_none_sbth_6000__Algo_pesa2,reliability,193
simplified-cocome,simplified-cocome__BRF_clone_1.23__moc_1.64__mcnn_1.80__moncnn_1.45__MaxEval_102__ProbPAs_0.95__sb_none_sbth_6000__Algo_pesa2,78,uml2lqn,2502
NSGA,simplified-cocome__BRF_clone_1.23__moc_1.64__mcnn_1.80__moncnn_1.45__MaxEval_102__ProbPAs_0.95__sb_none_sbth_6000__Algo_pesa2,78,invoke_solver,79
NSGA,simplified-cocome__BRF_clone_1.23__moc_1.64__mcnn_1.80__moncnn_1.45__MaxEval_102__ProbPAs_0.95__sb_none_sbth_6000__Algo_pesa2,78,lqn2uml,1372
NSGA,simplified-cocome__BRF_clone_1.23__moc_1.64__mcnn_1.80__moncnn_1.45__MaxEval_102__ProbPAs_0.95__sb_none_sbth_6000__Algo_pesa2,78,counting_pas,78,7949
simplified-cocome,simplified-cocome__BRF_clone_1.23__moc_1.64__mcnn_1.80__moncnn_1.45__MaxEval_102__ProbPAs_0.95__sb_none_sbth_6000__Algo_pesa2,78,perfQ,1834
simplified-cocome,simplified-cocome__BRF_clone_1.23__moc_1.64__mcnn_1.80__moncnn_1.45__MaxEval_102__ProbPAs_0.95__sb_none_sbth_6000__Algo_pesa2,reliability,226
simplified-cocome,simplified-cocome__BRF_clone_1.23__moc_1.64__mcnn_1.80__moncnn_1.45__MaxEval_102__ProbPAs_0.95__sb_none_sbth_6000__Algo_pesa2,82,uml2lqn,2898
NSGA,simplified-cocome__BRF_clone_1.23__moc_1.64__mcnn_1.80__moncnn_1.45__MaxEval_102__ProbPAs_0.95__sb_none_sbth_6000__Algo_pesa2,82,invoke_solver,309
NSGA,simplified-cocome__BRF_clone_1.23__moc_1.64__mcnn_1.80__moncnn_1.45__MaxEval_102__ProbPAs_0.95__sb_none_sbth_6000__Algo_pesa2,82,lqn2uml,2030
NSGA,simplified-cocome__BRF_clone_1.23__moc_1.64__mcnn_1.80__moncnn_1.45__MaxEval_102__ProbPAs_0.95__sb_none_sbth_6000__Algo_pesa2,82,counting_pas,82,8747
simplified-cocome,simplified-cocome__BRF_clone_1.23__moc_1.64__mcnn_1.80__moncnn_1.45__MaxEval_102__ProbPAs_0.95__sb_none_sbth_6000__Algo_pesa2,82,perfQ,1664
simplified-cocome,simplified-cocome__BRF_clone_1.23__moc_1.64__mcnn_1.80__moncnn_1.45__MaxEval_102__ProbPAs_0.95__sb_none_sbth_6000__Algo_pesa2,reliability,170
simplified-cocome,simplified-cocome__BRF_clone_1.23__moc_1.64__mcnn_1.80__moncnn_1.45__MaxEval_102__ProbPAs_0.95__sb_none_sbth_6000__Algo_pesa2,86,uml2lqn,3141
NSGA,simplified-cocome__BRF_clone_1.23__moc_1.64__mcnn_1.80__moncnn_1.45__MaxEval_102__ProbPAs_0.95__sb_none_sbth_6000__Algo_pesa2,86,invoke_solver,382
NSGA,simplified-cocome__BRF_clone_1.23__moc_1.64__mcnn_1.80__moncnn_1.45__MaxEval_102__ProbPAs_0.95__sb_none_sbth_6000__Algo_pesa2,86,lqn2uml,1775
NSGA,simplified-cocome__BRF_clone_1.23__moc_1.64__mcnn_1.80__moncnn_1.45__MaxEval_102__ProbPAs_0.95__sb_none_sbth_6000__Algo_pesa2,86,counting_pas,86,9542
simplified-cocome,simplified-cocome__BRF_clone_1.23__moc_1.64__mcnn_1.80__moncnn_1.45__MaxEval_102__ProbPAs_0.95__sb_none_sbth_6000__Algo_pesa2,86,perfQ,1808
simplified-cocome,simplified-cocome__BRF_clone_1.23__moc_1.64__mcnn_1.80__moncnn_1.45__MaxEval_102__ProbPAs_0.95__sb_none_sbth_6000__Algo_pesa2,reliability,245
simplified-cocome,simplified-cocome__BRF_clone_1.23__moc_1.64__mcnn_1.80__moncnn_1.45__MaxEval_102__ProbPAs_0.95__sb_none_sbth_6000__Algo_pesa2,90,uml2lqn,3635
NSGA,simplified-cocome__BRF_clone_1.23__moc_1.64__mcnn_1.80__moncnn_1.45__MaxEval_102__ProbPAs_0.95__sb_none_sbth_6000__Algo_pesa2,90,invoke_solver,309
NSGA,simplified-cocome__BRF_clone_1.23__moc_1.64__mcnn_1.80__moncnn_1.45__MaxEval_102__ProbPAs_0.95__sb_none_sbth_6000__Algo_pesa2,90,lqn2uml,1556
NSGA,simplified-cocome__BRF_clone_1.23__moc_1.64__mcnn_1.80__moncnn_1.45__MaxEval_102__ProbPAs_0.95__sb_none_sbth_6000__Algo_pesa2,90,counting_pas,90,7828
simplified-cocome,simplified-cocome__BRF_clone_1.23__moc_1.64__mcnn_1.80__moncnn_1.45__MaxEval_102__ProbPAs_0.95__sb_none_sbth_6000__Algo_pesa2,90,perfQ,1312
simplified-cocome,simplified-cocome__BRF_clone_1.23__moc_1.64__mcnn_1.80__moncnn_1.45__MaxEval_102__ProbPAs_0.95__sb_none_sbth_6000__Algo_pesa2,reliability,226
simplified-cocome,simplified-cocome__BRF_clone_1.23__moc_1.64__mcnn_1.80__moncnn_1.45__MaxEval_102__ProbPAs_0.95__sb_none_sbth_6000__Algo_pesa2,92,uml2lqn,3140
NSGA,simplified-cocome__BRF_clone_1.23__moc_1.64__mcnn_1.80__moncnn_1.45__MaxEval_102__ProbPAs_0.95__sb_none_sbth_6000__Algo_pesa2,92,invoke_solver,434
NSGA,simplified-cocome__BRF_clone_1.23__moc_1.64__mcnn_1.80__moncnn_1.45__MaxEval_102__ProbPAs_0.95__sb_none_sbth_6000__Algo_pesa2,92,lqn2uml,1741
NSGA,simplified-cocome__BRF_clone_1.23__moc_1.64__mcnn_1.80__moncnn_1.45__MaxEval_102__ProbPAs_0.95__sb_none_sbth_6000__Algo_pesa2,92,counting_pas,92,8869
simplified-cocome,simplified-cocome__BRF_clone_1.23__moc_1.64__mcnn_1.80__moncnn_1.45__MaxEval_102__ProbPAs_0.95__sb_none_sbth_6000__Algo_pesa2,92,perfQ,1465
simplified-cocome,simplified-cocome__BRF_clone_1.23__moc_1.64__mcnn_1.80__moncnn_1.45__MaxEval_102__ProbPAs_0.95__sb_none_sbth_6000__Algo_pesa2,reliability,241
simplified-cocome,simplified-cocome__BRF_clone_1.23__moc_1.64__mcnn_1.80__moncnn_1.45__MaxEval_102__ProbPAs_0.95__sb_none_sbth_6000__Algo_pesa2,96,uml2lqn,3031
NSGA,simplified-cocome__BRF_clone_1.23__moc_1.64__mcnn_1.80__moncnn_1.45__MaxEval_102__ProbPAs_0.95__sb_none_sbth_6000__Algo_pesa2,96,invoke_solver,60
NSGA,simplified-cocome__BRF_clone_1.23__moc_1.64__mcnn_1.80__moncnn_1.45__MaxEval_102__ProbPAs_0.95__sb_none_sbth_6000__Algo_pesa2,96,lqn2uml,896
NSGA,simplified-cocome__BRF_clone_1.23__moc_1.64__mcnn_1.80__moncnn_1.45__MaxEval_102__ProbPAs_0.95__sb_none_sbth_6000__Algo_pesa2,96,counting_pas,96,9310
simplified-cocome,simplified-cocome__BRF_clone_1.23__moc_1.64__mcnn_1.80__moncnn_1.45__MaxEval_102__ProbPAs_0.95__sb_none_sbth_6000__Algo_pesa2,96,perfQ,1043
simplified-cocome,simplified-cocome__BRF_clone_1.23__moc_1.64__mcnn_1.80__moncnn_1.45__MaxEval_102__ProbPAs_0.95__sb_none_sbth_6000__Algo_pesa2,reliability,171
simplified-cocome,simplified-cocome__BRF_clone_1.23__moc_1.64__mcnn_1.80__moncnn_1.45__MaxEval_102__ProbPAs_0.95__sb_none_sbth_6000__Algo_pesa2,100,uml2lqn,3116
NSGA,simplified-cocome__BRF_clone_1.23__moc_1.64__mcnn_1.80__moncnn_1.45__MaxEval_102__ProbPAs_0.95__sb_none_sbth_6000__Algo_pesa2,100,invoke_solver,305
NSGA,simplified-cocome__BRF_clone_1.23__moc_1.64__mcnn_1.80__moncnn_1.45__MaxEval_102__ProbPAs_0.95__sb_none_sbth_6000__Algo_pesa2,100,lqn2uml,1001
NSGA,simplified-cocome__BRF_clone_1.23__moc_1.64__mcnn_1.80__moncnn_1.45__MaxEval_102__ProbPAs_0.95__sb_none_sbth_6000__Algo_pesa2,100,counting_pas,100,8356
simplified-cocome,simplified-cocome__BRF_clone_1.23__moc_1.64__mcnn_1.80__moncnn_1.45__MaxEval_102__ProbPAs_0.95__sb_none_sbth_6000__Algo_pesa2,100,perfQ,1168
simplified-cocome,simplified-cocome__BRF_clone_1.23__moc_1.64__mcnn_1.80__moncnn_1.45__MaxEval_102__ProbPAs_0.95__sb_none_sbth_6000__Algo_pesa2,reliability,156
simplified-cocome,simplified-cocome__BRF_clone_1.23__moc_1.64__mcnn_1.80__moncnn_1.45__MaxEval_102__ProbPAs_0.95__sb_none_sbth_6000__Algo_pesa2,104,uml2lqn,3548
NSGA,simplified-cocome__BRF_clone_1.23__moc_1.64__mcnn_1.80__moncnn_1.45__MaxEval_102__ProbPAs_0.95__sb_none_sbth_6000__Algo_pesa2,104,invoke_solver,237
NSGA,simplified-cocome__BRF_clone_1.23__moc_1.64__mcnn_1.80__moncnn_1.45__MaxEval_102__ProbPAs_0.95__sb_none_sbth_6000__Algo_pesa2,104,lqn2uml,1184
NSGA,simplified-cocome__BRF_clone_1.23__moc_1.64__mcnn_1.80__moncnn_1.45__MaxEval_102__ProbPAs_0.95__sb_none_sbth_6000__Algo_pesa2,104,counting_pas,104,9554
simplified-cocome,simplified-cocome__BRF_clone_1.23__moc_1.64__mcnn_1.80__moncnn_1.45__MaxEval_102__ProbPAs_0.95__sb_none_sbth_6000__Algo_pesa2,104,perfQ,1661
simplified-cocome,simplified-cocome__BRF_clone_1.23__moc_1.64__mcnn_1.80__moncnn_1.45__MaxEval_102__ProbPAs_0.95__sb_none_sbth_6000__Algo_pesa2,reliability,234
simplified-cocome,simplified-cocome__BRF_clone_1.23__moc_1.64__mcnn_1.80__moncnn_1.45__MaxEval_102__ProbPAs_0.95__sb_none_sbth_6000__Algo_pesa2,106,uml2lqn,3818
NSGA,simplified-cocome__BRF_clone_1.23__moc_1.64__mcnn_1.80__moncnn_1.45__MaxEval_102__ProbPAs_0.95__sb_none_sbth_6000__Algo_pesa2,106,invoke_solver,399
NSGA,simplified-cocome__BRF_clone_1.23__moc_1.64__mcnn_1.80__moncnn_1.45__MaxEval_102__ProbPAs_0.95__sb_none_sbth_6000__Algo_pesa2,106,lqn2uml,2328
NSGA,simplified-cocome__BRF_clone_1.23__moc_1.64__mcnn_1.80__moncnn_1.45__MaxEval_102__ProbPAs_0.95__sb_none_sbth_6000__Algo_pesa2,106,counting_pas,106,9286
simplified-cocome,simplified-cocome__BRF_clone_1.23__moc_1.64__mcnn_1.80__moncnn_1.45__MaxEval_102__ProbPAs_0.95__sb_none_sbth_6000__Algo_pesa2,106,perfQ,1467
simplified-cocome,simplified-cocome__BRF_clone_1.23__moc_1.64__mcnn_1.80__moncnn_1.45__MaxEval_102__ProbPAs_0.95__sb_none_sbth_6000__Algo_pesa2,reliability,225
simplified-cocome,simplified-cocome__BRF_clone_1.23__moc_1.64__mcnn_1.80__moncnn_1.45__MaxEval_102__ProbPAs_0.95__sb_none_sbth_6000__Algo_pesa2,110,uml2lqn,3678
NSGA,simplified-cocome__BRF_clone_1.23__moc_1.64__mcnn_1.80__moncnn_1.45__MaxEval_102__ProbPAs_0.95__sb_none_sbth_6000__Algo_pesa2,110,invoke_solver,256
NSGA,simplified-cocome__BRF_clone_1.23__moc_1.64__mcnn_1.80__moncnn_1.45__MaxEval_102__ProbPAs_0.95__sb_none_sbth_6000__Algo_pesa2,110,lqn2uml,2161
NSGA,simplified-cocome__BRF_clone_1.23__moc_1.64__mcnn_1.80__moncnn_1.45__MaxEval_102__ProbPAs_0.95__sb_none_sbth_6000__Algo_pesa2,110,counting_pas,110,8692
simplified-cocome,simplified-cocome__BRF_clone_1.23__moc_1.64__mcnn_1.80__moncnn_1.45__MaxEval_102__ProbPAs_0.95__sb_none_sbth_6000__Algo_pesa2,110,perfQ,2170
simplified-cocome,simplified-cocome__BRF_clone_1.23__moc_1.64__mcnn_1.80__moncnn_1.45__MaxEval_102__ProbPAs_0.95__sb_none_sbth_6000__Algo_pesa2,reliability,180
simplified-cocome,simplified-cocome__BRF_clone_1.23__moc_1.64__mcnn_1.80__moncnn_1.45__MaxEval_102__ProbPAs_0.95__sb_none_sbth_6000__Algo_pesa2,114,uml2lqn,3760
NSGA,simplified-cocome__BRF_clone_1.23__moc_1.64__mcnn_1.80__moncnn_1.45__MaxEval_102__ProbPAs_0.95__sb_none_sbth_6000__Algo_pesa2,114,invoke_solver,63
NSGA,simplified-cocome__BRF_clone_1.23__moc_1.64__mcnn_1.80__moncnn_1.45__MaxEval_102__ProbPAs_0.95__sb_none_sbth_6000__Algo_pesa2,114,lqn2uml,1944
NSGA,simplified-cocome__BRF_clone_1.23__moc_1.64__mcnn_1.80__moncnn_1.45__MaxEval_102__ProbPAs_0.95__sb_none_sbth_6000__Algo_pesa2,114,counting_pas,114,10026
simplified-cocome,simplified-cocome__BRF_clone_1.23__moc_1.64__mcnn_1.80__moncnn_1.45__MaxEval_102__ProbPAs_0.95__sb_none_sbth_6000__Algo_pesa2,114,perfQ,2081
simplified-cocome,simplified-cocome__BRF_clone_1.23__moc_1.64__mcnn_1.80__moncnn_1.45__MaxEval_102__ProbPAs_0.95__sb_none_sbth_6000__Algo_pesa2,reliability,288
simplified-cocome,simplified-cocome__BRF_clone_1.23__moc_1.64__mcnn_1.80__moncnn_1.45__MaxEval_102__ProbPAs_0.95__sb_none_sbth_6000__Algo_pesa2,118,uml2lqn,3265
NSGA,simplified-cocome__BRF_clone_1.23__moc_1.64__mcnn_1.80__moncnn_1.45__MaxEval_102__ProbPAs_0.95__sb_none_sbth_6000__Algo_pesa2,118,invoke_solver,272
NSGA,simplified-cocome__BRF_clone_1.23__moc_1.64__mcnn_1.80__moncnn_1.45__MaxEval_102__ProbPAs_0.95__sb_none_sbth_6000__Algo_pesa2,118,lqn2uml,2249
NSGA,simplified-cocome__BRF_clone_1.23__moc_1.64__mcnn_1.80__moncnn_1.45__MaxEval_102__ProbPAs_0.95__sb_none_sbth_6000__Algo_pesa2,118,counting_pas,118,8264
simplified-cocome,simplified-cocome__BRF_clone_1.23__moc_1.64__mcnn_1.80__moncnn_1.45__MaxEval_102__ProbPAs_0.95__sb_none_sbth_6000__Algo_pesa2,118,perfQ,1959
simplified-cocome,simplified-cocome__BRF_clone_1.23__moc_1.64__mcnn_1.80__moncnn_1.45__MaxEval_102__ProbPAs_0.95__sb_none_sbth_6000__Algo_pesa2,reliability,192
simplified-cocome,simplified-cocome__BRF_clone_1.23__moc_1.64__mcnn_1.80__moncnn_1.45__MaxEval_102__ProbPAs_0.95__sb_none_sbth_6000__Algo_pesa2,122,uml2lqn,3335
NSGA,simplified-cocome__BRF_clone_1.23__moc_1.64__mcnn_1.80__moncnn_1.45__MaxEval_102__ProbPAs_0.95__sb_none_sbth_6000__Algo_pesa2,122,invoke_solver,67
NSGA,simplified-cocome__BRF_clone_1.23__moc_1.64__mcnn_1.80__moncnn_1.45__MaxEval_102__ProbPAs_0.95__sb_none_sbth_6000__Algo_pesa2,122,lqn2uml,2113
NSGA,simplified-cocome__BRF_clone_1.23__moc_1.64__mcnn_1.80__moncnn_1.45__MaxEval_102__ProbPAs_0.95__sb_none_sbth_6000__Algo_pesa2,122,counting_pas,122,9029
simplified-cocome,simplified-cocome__BRF_clone_1.23__moc_1.64__mcnn_1.80__moncnn_1.45__MaxEval_102__ProbPAs_0.95__sb_none_sbth_6000__Algo_pesa2,122,perfQ,1099
simplified-cocome,simplified-cocome__BRF_clone_1.23__moc_1.64__mcnn_1.80__moncnn_1.45__MaxEval_102__ProbPAs_0.95__sb_none_sbth_6000__Algo_pesa2,reliability,153
simplified-cocome,simplified-cocome__BRF_clone_1.23__moc_1.64__mcnn_1.80__moncnn_1.45__MaxEval_102__ProbPAs_0.95__sb_none_sbth_6000__Algo_pesa2,124,uml2lqn,3855
NSGA,simplified-cocome__BRF_clone_1.23__moc_1.64__mcnn_1.80__moncnn_1.45__MaxEval_102__ProbPAs_0.95__sb_none_sbth_6000__Algo_pesa2,124,invoke_solver,316
NSGA,simplified-cocome__BRF_clone_1.23__moc_1.64__mcnn_1.80__moncnn_1.45__MaxEval_102__ProbPAs_0.95__sb_none_sbth_6000__Algo_pesa2,124,lqn2uml,1862
NSGA,simplified-cocome__BRF_clone_1.23__moc_1.64__mcnn_1.80__moncnn_1.45__MaxEval_102__ProbPAs_0.95__sb_none_sbth_6000__Algo_pesa2,124,counting_pas,124,8773
simplified-cocome,simplified-cocome__BRF_clone_1.23__moc_1.64__mcnn_1.80__moncnn_1.45__MaxEval_102__ProbPAs_0.95__sb_none_sbth_6000__Algo_pesa2,124,perfQ,2071
simplified-cocome,simplified-cocome__BRF_clone_1.23__moc_1.64__mcnn_1.80__moncnn_1.45__MaxEval_102__ProbPAs_0.95__sb_none_sbth_6000__Algo_pesa2,reliability,160
simplified-cocome,simplified-cocome__BRF_clone_1.23__moc_1.64__mcnn_1.80__moncnn_1.45__MaxEval_102__ProbPAs_0.95__sb_none_sbth_6000__Algo_pesa2,128,uml2lqn,3607
NSGA,simplified-cocome__BRF_clone_1.23__moc_1.64__mcnn_1.80__moncnn_1.45__MaxEval_102__ProbPAs_0.95__sb_none_sbth_6000__Algo_pesa2,128,invoke_solver,306
NSGA,simplified-cocome__BRF_clone_1.23__moc_1.64__mcnn_1.80__moncnn_1.45__MaxEval_102__ProbPAs_0.95__sb_none_sbth_6000__Algo_pesa2,128,lqn2uml,1327
NSGA,simplified-cocome__BRF_clone_1.23__moc_1.64__mcnn_1.80__moncnn_1.45__MaxEval_102__ProbPAs_0.95__sb_none_sbth_6000__Algo_pesa2,128,counting_pas,128,8729
simplified-cocome,simplified-cocome__BRF_clone_1.23__moc_1.64__mcnn_1.80__moncnn_1.45__MaxEval_102__ProbPAs_0.95__sb_none_sbth_6000__Algo_pesa2,128,perfQ,2119
simplified-cocome,simplified-cocome__BRF_clone_1.23__moc_1.64__mcnn_1.80__moncnn_1.45__MaxEval_102__ProbPAs_0.95__sb_none_sbth_6000__Algo_pesa2,reliability,175
simplified-cocome,simplified-cocome__BRF_clone_1.23__moc_1.64__mcnn_1.80__moncnn_1.45__MaxEval_102__ProbPAs_0.95__sb_none_sbth_6000__Algo_pesa2,134,uml2lqn,4126
NSGA,simplified-cocome__BRF_clone_1.23__moc_1.64__mcnn_1.80__moncnn_1.45__MaxEval_102__ProbPAs_0.95__sb_none_sbth_6000__Algo_pesa2,134,invoke_solver,316
NSGA,simplified-cocome__BRF_clone_1.23__moc_1.64__mcnn_1.80__moncnn_1.45__MaxEval_102__ProbPAs_0.95__sb_none_sbth_6000__Algo_pesa2,134,lqn2uml,1861
NSGA,simplified-cocome__BRF_clone_1.23__moc_1.64__mcnn_1.80__moncnn_1.45__MaxEval_102__ProbPAs_0.95__sb_none_sbth_6000__Algo_pesa2,134,counting_pas,134,8519
simplified-cocome,simplified-cocome__BRF_clone_1.23__moc_1.64__mcnn_1.80__moncnn_1.45__MaxEval_102__ProbPAs_0.95__sb_none_sbth_6000__Algo_pesa2,134,perfQ,2382
simplified-cocome,simplified-cocome__BRF_clone_1.23__moc_1.64__mcnn_1.80__moncnn_1.45__MaxEval_102__ProbPAs_0.95__sb_none_sbth_6000__Algo_pesa2,reliability,187
simplified-cocome,simplified-cocome__BRF_clone_1.23__moc_1.64__mcnn_1.80__moncnn_1.45__MaxEval_102__ProbPAs_0.95__sb_none_sbth_6000__Algo_pesa2,136,uml2lqn,4141
NSGA,simplified-cocome__BRF_clone_1.23__moc_1.64__mcnn_1.80__moncnn_1.45__MaxEval_102__ProbPAs_0.95__sb_none_sbth_6000__Algo_pesa2,136,invoke_solver,96
NSGA,simplified-cocome__BRF_clone_1.23__moc_1.64__mcnn_1.80__moncnn_1.45__MaxEval_102__ProbPAs_0.95__sb_none_sbth_6000__Algo_pesa2,136,lqn2uml,2747
NSGA,simplified-cocome__BRF_clone_1.23__moc_1.64__mcnn_1.80__moncnn_1.45__MaxEval_102__ProbPAs_0.95__sb_none_sbth_6000__Algo_pesa2,136,counting_pas,136,10239
simplified-cocome,simplified-cocome__BRF_clone_1.23__moc_1.64__mcnn_1.80__moncnn_1.45__MaxEval_102__ProbPAs_0.95__sb_none_sbth_6000__Algo_pesa2,136,perfQ,2407
simplified-cocome,simplified-cocome__BRF_clone_1.23__moc_1.64__mcnn_1.80__moncnn_1.45__MaxEval_102__ProbPAs_0.95__sb_none_sbth_6000__Algo_pesa2,reliability,188
simplified-cocome,simplified-cocome__BRF_clone_1.23__moc_1.64__mcnn_1.80__moncnn_1.45__MaxEval_102__ProbPAs_0.95__sb_none_sbth_6000__Algo_pesa2,140,uml2lqn,3986
NSGA,simplified-cocome__BRF_clone_1.23__moc_1.64__mcnn_1.80__moncnn_1.45__MaxEval_102__ProbPAs_0.95__sb_none_sbth_6000__Algo_pesa2,140,invoke_solver,458
NSGA,simplified-cocome__BRF_clone_1.23__moc_1.64__mcnn_1.80__moncnn_1.45__MaxEval_102__ProbPAs_0.95__sb_none_sbth_6000__Algo_pesa2,140,lqn2uml,2640
NSGA,simplified-cocome__BRF_clone_1.23__moc_1.64__mcnn_1.80__moncnn_1.45__MaxEval_102__ProbPAs_0.95__sb_none_sbth_6000__Algo_pesa2,140,counting_pas,140,9738
simplified-cocome,simplified-cocome__BRF_clone_1.23__moc_1.64__mcnn_1.80__moncnn_1.45__MaxEval_102__ProbPAs_0.95__sb_none_sbth_6000__Algo_pesa2,140,perfQ,1863
simplified-cocome,simplified-cocome__BRF_clone_1.23__moc_1.64__mcnn_1.80__moncnn_1.45__MaxEval_102__ProbPAs_0.95__sb_none_sbth_6000__Algo_pesa2,reliability,158
simplified-cocome,simplified-cocome__BRF_clone_1.23__moc_1.64__mcnn_1.80__moncnn_1.45__MaxEval_102__ProbPAs_0.95__sb_none_sbth_6000__Algo_pesa2,142,uml2lqn,4170
NSGA,simplified-cocome__BRF_clone_1.23__moc_1.64__mcnn_1.80__moncnn_1.45__MaxEval_102__ProbPAs_0.95__sb_none_sbth_6000__Algo_pesa2,142,invoke_solver,469
NSGA,simplified-cocome__BRF_clone_1.23__moc_1.64__mcnn_1.80__moncnn_1.45__MaxEval_102__ProbPAs_0.95__sb_none_sbth_6000__Algo_pesa2,142,lqn2uml,2689
NSGA,simplified-cocome__BRF_clone_1.23__moc_1.64__mcnn_1.80__moncnn_1.45__MaxEval_102__ProbPAs_0.95__sb_none_sbth_6000__Algo_pesa2,142,counting_pas,142,9454
simplified-cocome,simplified-cocome__BRF_clone_1.23__moc_1.64__mcnn_1.80__moncnn_1.45__MaxEval_102__ProbPAs_0.95__sb_none_sbth_6000__Algo_pesa2,142,perfQ,2072
simplified-cocome,simplified-cocome__BRF_clone_1.23__moc_1.64__mcnn_1.80__moncnn_1.45__MaxEval_102__ProbPAs_0.95__sb_none_sbth_6000__Algo_pesa2,reliability,158
simplified-cocome,simplified-cocome__BRF_clone_1.23__moc_1.64__mcnn_1.80__moncnn_1.45__MaxEval_102__ProbPAs_0.95__sb_none_sbth_6000__Algo_pesa2,144,uml2lqn,4198
NSGA,simplified-cocome__BRF_clone_1.23__moc_1.64__mcnn_1.80__moncnn_1.45__MaxEval_102__ProbPAs_0.95__sb_none_sbth_6000__Algo_pesa2,144,invoke_solver,368
NSGA,simplified-cocome__BRF_clone_1.23__moc_1.64__mcnn_1.80__moncnn_1.45__MaxEval_102__ProbPAs_0.95__sb_none_sbth_6000__Algo_pesa2,144,lqn2uml,2517
NSGA,simplified-cocome__BRF_clone_1.23__moc_1.64__mcnn_1.80__moncnn_1.45__MaxEval_102__ProbPAs_0.95__sb_none_sbth_6000__Algo_pesa2,144,counting_pas,144,9101
simplified-cocome,simplified-cocome__BRF_clone_1.23__moc_1.64__mcnn_1.80__moncnn_1.45__MaxEval_102__ProbPAs_0.95__sb_none_sbth_6000__Algo_pesa2,144,perfQ,2305
simplified-cocome,simplified-cocome__BRF_clone_1.23__moc_1.64__mcnn_1.80__moncnn_1.45__MaxEval_102__ProbPAs_0.95__sb_none_sbth_6000__Algo_pesa2,reliability,179
simplified-cocome,simplified-cocome__BRF_clone_1.23__moc_1.64__mcnn_1.80__moncnn_1.45__MaxEval_102__ProbPAs_0.95__sb_none_sbth_6000__Algo_pesa2,146,uml2lqn,3394
NSGA,simplified-cocome__BRF_clone_1.23__moc_1.64__mcnn_1.80__moncnn_1.45__MaxEval_102__ProbPAs_0.95__sb_none_sbth_6000__Algo_pesa2,146,invoke_solver,81
NSGA,simplified-cocome__BRF_clone_1.23__moc_1.64__mcnn_1.80__moncnn_1.45__MaxEval_102__ProbPAs_0.95__sb_none_sbth_6000__Algo_pesa2,146,lqn2uml,2644
NSGA,simplified-cocome__BRF_clone_1.23__moc_1.64__mcnn_1.80__moncnn_1.45__MaxEval_102__ProbPAs_0.95__sb_none_sbth_6000__Algo_pesa2,146,counting_pas,146,9361
simplified-cocome,simplified-cocome__BRF_clone_1.23__moc_1.64__mcnn_1.80__moncnn_1.45__MaxEval_102__ProbPAs_0.95__sb_none_sbth_6000__Algo_pesa2,146,perfQ,2094
simplified-cocome,simplified-cocome__BRF_clone_1.23__moc_1.64__mcnn_1.80__moncnn_1.45__MaxEval_102__ProbPAs_0.95__sb_none_sbth_6000__Algo_pesa2,reliability,205
simplified-cocome,simplified-cocome__BRF_clone_1.23__moc_1.64__mcnn_1.80__moncnn_1.45__MaxEval_102__ProbPAs_0.95__sb_none_sbth_6000__Algo_pesa2,150,uml2lqn,3389
NSGA,simplified-cocome__BRF_clone_1.23__moc_1.64__mcnn_1.80__moncnn_1.45__MaxEval_102__ProbPAs_0.95__sb_none_sbth_6000__Algo_pesa2,150,invoke_solver,271
NSGA,simplified-cocome__BRF_clone_1.23__moc_1.64__mcnn_1.80__moncnn_1.45__MaxEval_102__ProbPAs_0.95__sb_none_sbth_6000__Algo_pesa2,150,lqn2uml,2197
NSGA,simplified-cocome__BRF_clone_1.23__moc_1.64__mcnn_1.80__moncnn_1.45__MaxEval_102__ProbPAs_0.95__sb_none_sbth_6000__Algo_pesa2,150,counting_pas,150,9340
simplified-cocome,simplified-cocome__BRF_clone_1.23__moc_1.64__mcnn_1.80__moncnn_1.45__MaxEval_102__ProbPAs_0.95__sb_none_sbth_6000__Algo_pesa2,150,perfQ,1470
simplified-cocome,simplified-cocome__BRF_clone_1.23__moc_1.64__mcnn_1.80__moncnn_1.45__MaxEval_102__ProbPAs_0.95__sb_none_sbth_6000__Algo_pesa2,reliability,161
simplified-cocome,simplified-cocome__BRF_clone_1.23__moc_1.64__mcnn_1.80__moncnn_1.45__MaxEval_102__ProbPAs_0.95__sb_none_sbth_6000__Algo_pesa2,154,uml2lqn,3472
NSGA,simplified-cocome__BRF_clone_1.23__moc_1.64__mcnn_1.80__moncnn_1.45__MaxEval_102__ProbPAs_0.95__sb_none_sbth_6000__Algo_pesa2,154,invoke_solver,92
NSGA,simplified-cocome__BRF_clone_1.23__moc_1.64__mcnn_1.80__moncnn_1.45__MaxEval_102__ProbPAs_0.95__sb_none_sbth_6000__Algo_pesa2,154,lqn2uml,1839
NSGA,simplified-cocome__BRF_clone_1.23__moc_1.64__mcnn_1.80__moncnn_1.45__MaxEval_102__ProbPAs_0.95__sb_none_sbth_6000__Algo_pesa2,154,counting_pas,154,10071
simplified-cocome,simplified-cocome__BRF_clone_1.23__moc_1.64__mcnn_1.80__moncnn_1.45__MaxEval_102__ProbPAs_0.95__sb_none_sbth_6000__Algo_pesa2,154,perfQ,1736
simplified-cocome,simplified-cocome__BRF_clone_1.23__moc_1.64__mcnn_1.80__moncnn_1.45__MaxEval_102__ProbPAs_0.95__sb_none_sbth_6000__Algo_pesa2,reliability,161
simplified-cocome,simplified-cocome__BRF_clone_1.23__moc_1.64__mcnn_1.80__moncnn_1.45__MaxEval_102__ProbPAs_0.95__sb_none_sbth_6000__Algo_pesa2,158,uml2lqn,4913
NSGA,simplified-cocome__BRF_clone_1.23__moc_1.64__mcnn_1.80__moncnn_1.45__MaxEval_102__ProbPAs_0.95__sb_none_sbth_6000__Algo_pesa2,158,invoke_solver,483
NSGA,simplified-cocome__BRF_clone_1.23__moc_1.64__mcnn_1.80__moncnn_1.45__MaxEval_102__ProbPAs_0.95__sb_none_sbth_6000__Algo_pesa2,158,lqn2uml,2978
NSGA,simplified-cocome__BRF_clone_1.23__moc_1.64__mcnn_1.80__moncnn_1.45__MaxEval_102__ProbPAs_0.95__sb_none_sbth_6000__Algo_pesa2,158,counting_pas,158,10427
simplified-cocome,simplified-cocome__BRF_clone_1.23__moc_1.64__mcnn_1.80__moncnn_1.45__MaxEval_102__ProbPAs_0.95__sb_none_sbth_6000__Algo_pesa2,158,perfQ,2387
simplified-cocome,simplified-cocome__BRF_clone_1.23__moc_1.64__mcnn_1.80__moncnn_1.45__MaxEval_102__ProbPAs_0.95__sb_none_sbth_6000__Algo_pesa2,reliability,206
simplified-cocome,simplified-cocome__BRF_clone_1.23__moc_1.64__mcnn_1.80__moncnn_1.45__MaxEval_102__ProbPAs_0.95__sb_none_sbth_6000__Algo_pesa2,162,uml2lqn,5107
NSGA,simplified-cocome__BRF_clone_1.23__moc_1.64__mcnn_1.80__moncnn_1.45__MaxEval_102__ProbPAs_0.95__sb_none_sbth_6000__Algo_pesa2,162,invoke_solver,111
NSGA,simplified-cocome__BRF_clone_1.23__moc_1.64__mcnn_1.80__moncnn_1.45__MaxEval_102__ProbPAs_0.95__sb_none_sbth_6000__Algo_pesa2,162,lqn2uml,3623
NSGA,simplified-cocome__BRF_clone_1.23__moc_1.64__mcnn_1.80__moncnn_1.45__MaxEval_102__ProbPAs_0.95__sb_none_sbth_6000__Algo_pesa2,162,counting_pas,162,7743
simplified-cocome,simplified-cocome__BRF_clone_1.23__moc_1.64__mcnn_1.80__moncnn_1.45__MaxEval_102__ProbPAs_0.95__sb_none_sbth_6000__Algo_pesa2,162,perfQ,2450
simplified-cocome,simplified-cocome__BRF_clone_1.23__moc_1.64__mcnn_1.80__moncnn_1.45__MaxEval_102__ProbPAs_0.95__sb_none_sbth_6000__Algo_pesa2,reliability,166
simplified-cocome,simplified-cocome__BRF_clone_1.23__moc_1.64__mcnn_1.80__moncnn_1.45__MaxEval_102__ProbPAs_0.95__sb_none_sbth_6000__Algo_pesa2,166,uml2lqn,4302
NSGA,simplified-cocome__BRF_clone_1.23__moc_1.64__mcnn_1.80__moncnn_1.45__MaxEval_102__ProbPAs_0.95__sb_none_sbth_6000__Algo_pesa2,166,invoke_solver,158
NSGA,simplified-cocome__BRF_clone_1.23__moc_1.64__mcnn_1.80__moncnn_1.45__MaxEval_102__ProbPAs_0.95__sb_none_sbth_6000__Algo_pesa2,166,lqn2uml,2690
NSGA,simplified-cocome__BRF_clone_1.23__moc_1.64__mcnn_1.80__moncnn_1.45__MaxEval_102__ProbPAs_0.95__sb_none_sbth_6000__Algo_pesa2,166,counting_pas,166,7792
simplified-cocome,simplified-cocome__BRF_clone_1.23__moc_1.64__mcnn_1.80__moncnn_1.45__MaxEval_102__ProbPAs_0.95__sb_none_sbth_6000__Algo_pesa2,166,perfQ,1581
simplified-cocome,simplified-cocome__BRF_clone_1.23__moc_1.64__mcnn_1.80__moncnn_1.45__MaxEval_102__ProbPAs_0.95__sb_none_sbth_6000__Algo_pesa2,reliability,152
simplified-cocome,simplified-cocome__BRF_clone_1.23__moc_1.64__mcnn_1.80__moncnn_1.45__MaxEval_102__ProbPAs_0.95__sb_none_sbth_6000__Algo_pesa2,170,uml2lqn,4814
NSGA,simplified-cocome__BRF_clone_1.23__moc_1.64__mcnn_1.80__moncnn_1.45__MaxEval_102__ProbPAs_0.95__sb_none_sbth_6000__Algo_pesa2,170,invoke_solver,266
NSGA,simplified-cocome__BRF_clone_1.23__moc_1.64__mcnn_1.80__moncnn_1.45__MaxEval_102__ProbPAs_0.95__sb_none_sbth_6000__Algo_pesa2,170,lqn2uml,3283
NSGA,simplified-cocome__BRF_clone_1.23__moc_1.64__mcnn_1.80__moncnn_1.45__MaxEval_102__ProbPAs_0.95__sb_none_sbth_6000__Algo_pesa2,170,counting_pas,170,10487
simplified-cocome,simplified-cocome__BRF_clone_1.23__moc_1.64__mcnn_1.80__moncnn_1.45__MaxEval_102__ProbPAs_0.95__sb_none_sbth_6000__Algo_pesa2,170,perfQ,1112
simplified-cocome,simplified-cocome__BRF_clone_1.23__moc_1.64__mcnn_1.80__moncnn_1.45__MaxEval_102__ProbPAs_0.95__sb_none_sbth_6000__Algo_pesa2,reliability,213
simplified-cocome,simplified-cocome__BRF_clone_1.23__moc_1.64__mcnn_1.80__moncnn_1.45__MaxEval_102__ProbPAs_0.95__sb_none_sbth_6000__Algo_pesa2,172,uml2lqn,4601
NSGA,simplified-cocome__BRF_clone_1.23__moc_1.64__mcnn_1.80__moncnn_1.45__MaxEval_102__ProbPAs_0.95__sb_none_sbth_6000__Algo_pesa2,172,invoke_solver,279
NSGA,simplified-cocome__BRF_clone_1.23__moc_1.64__mcnn_1.80__moncnn_1.45__MaxEval_102__ProbPAs_0.95__sb_none_sbth_6000__Algo_pesa2,172,lqn2uml,3102
NSGA,simplified-cocome__BRF_clone_1.23__moc_1.64__mcnn_1.80__moncnn_1.45__MaxEval_102__ProbPAs_0.95__sb_none_sbth_6000__Algo_pesa2,172,counting_pas,172,8524
simplified-cocome,simplified-cocome__BRF_clone_1.23__moc_1.64__mcnn_1.80__moncnn_1.45__MaxEval_102__ProbPAs_0.95__sb_none_sbth_6000__Algo_pesa2,172,perfQ,2801
simplified-cocome,simplified-cocome__BRF_clone_1.23__moc_1.64__mcnn_1.80__moncnn_1.45__MaxEval_102__ProbPAs_0.95__sb_none_sbth_6000__Algo_pesa2,reliability,184
simplified-cocome,simplified-cocome__BRF_clone_1.23__moc_1.64__mcnn_1.80__moncnn_1.45__MaxEval_102__ProbPAs_0.95__sb_none_sbth_6000__Algo_pesa2,176,uml2lqn,3886
NSGA,simplified-cocome__BRF_clone_1.23__moc_1.64__mcnn_1.80__moncnn_1.45__MaxEval_102__ProbPAs_0.95__sb_none_sbth_6000__Algo_pesa2,176,invoke_solver,255
NSGA,simplified-cocome__BRF_clone_1.23__moc_1.64__mcnn_1.80__moncnn_1.45__MaxEval_102__ProbPAs_0.95__sb_none_sbth_6000__Algo_pesa2,176,lqn2uml,3010
NSGA,simplified-cocome__BRF_clone_1.23__moc_1.64__mcnn_1.80__moncnn_1.45__MaxEval_102__ProbPAs_0.95__sb_none_sbth_6000__Algo_pesa2,176,counting_pas,176,8633
simplified-cocome,simplified-cocome__BRF_clone_1.23__moc_1.64__mcnn_1.80__moncnn_1.45__MaxEval_102__ProbPAs_0.95__sb_none_sbth_6000__Algo_pesa2,176,perfQ,2223
simplified-cocome,simplified-cocome__BRF_clone_1.23__moc_1.64__mcnn_1.80__moncnn_1.45__MaxEval_102__ProbPAs_0.95__sb_none_sbth_6000__Algo_pesa2,reliability,218
simplified-cocome,simplified-cocome__BRF_clone_1.23__moc_1.64__mcnn_1.80__moncnn_1.45__MaxEval_102__ProbPAs_0.95__sb_none_sbth_6000__Algo_pesa2,180,uml2lqn,2937
NSGA,simplified-cocome__BRF_clone_1.23__moc_1.64__mcnn_1.80__moncnn_1.45__MaxEval_102__ProbPAs_0.95__sb_none_sbth_6000__Algo_pesa2,180,invoke_solver,318
NSGA,simplified-cocome__BRF_clone_1.23__moc_1.64__mcnn_1.80__moncnn_1.45__MaxEval_102__ProbPAs_0.95__sb_none_sbth_6000__Algo_pesa2,180,lqn2uml,1865
NSGA,simplified-cocome__BRF_clone_1.23__moc_1.64__mcnn_1.80__moncnn_1.45__MaxEval_102__ProbPAs_0.95__sb_none_sbth_6000__Algo_pesa2,180,counting_pas,180,8013
simplified-cocome,simplified-cocome__BRF_clone_1.23__moc_1.64__mcnn_1.80__moncnn_1.45__MaxEval_102__ProbPAs_0.95__sb_none_sbth_6000__Algo_pesa2,180,perfQ,2132
simplified-cocome,simplified-cocome__BRF_clone_1.23__moc_1.64__mcnn_1.80__moncnn_1.45__MaxEval_102__ProbPAs_0.95__sb_none_sbth_6000__Algo_pesa2,reliability,267
simplified-cocome,simplified-cocome__BRF_clone_1.23__moc_1.64__mcnn_1.80__moncnn_1.45__MaxEval_102__ProbPAs_0.95__sb_none_sbth_6000__Algo_pesa2,184,uml2lqn,4895
NSGA,simplified-cocome__BRF_clone_1.23__moc_1.64__mcnn_1.80__moncnn_1.45__MaxEval_102__ProbPAs_0.95__sb_none_sbth_6000__Algo_pesa2,184,invoke_solver,363
NSGA,simplified-cocome__BRF_clone_1.23__moc_1.64__mcnn_1.80__moncnn_1.45__MaxEval_102__ProbPAs_0.95__sb_none_sbth_6000__Algo_pesa2,184,lqn2uml,3495
NSGA,simplified-cocome__BRF_clone_1.23__moc_1.64__mcnn_1.80__moncnn_1.45__MaxEval_102__ProbPAs_0.95__sb_none_sbth_6000__Algo_pesa2,184,counting_pas,184,8729
simplified-cocome,simplified-cocome__BRF_clone_1.23__moc_1.64__mcnn_1.80__moncnn_1.45__MaxEval_102__ProbPAs_0.95__sb_none_sbth_6000__Algo_pesa2,184,perfQ,3125
simplified-cocome,simplified-cocome__BRF_clone_1.23__moc_1.64__mcnn_1.80__moncnn_1.45__MaxEval_102__ProbPAs_0.95__sb_none_sbth_6000__Algo_pesa2,reliability,147
simplified-cocome,simplified-cocome__BRF_clone_1.23__moc_1.64__mcnn_1.80__moncnn_1.45__MaxEval_102__ProbPAs_0.95__sb_none_sbth_6000__Algo_pesa2,188,uml2lqn,4607
NSGA,simplified-cocome__BRF_clone_1.23__moc_1.64__mcnn_1.80__moncnn_1.45__MaxEval_102__ProbPAs_0.95__sb_none_sbth_6000__Algo_pesa2,188,invoke_solver,72
NSGA,simplified-cocome__BRF_clone_1.23__moc_1.64__mcnn_1.80__moncnn_1.45__MaxEval_102__ProbPAs_0.95__sb_none_sbth_6000__Algo_pesa2,188,lqn2uml,1939
NSGA,simplified-cocome__BRF_clone_1.23__moc_1.64__mcnn_1.80__moncnn_1.45__MaxEval_102__ProbPAs_0.95__sb_none_sbth_6000__Algo_pesa2,188,counting_pas,188,10270
simplified-cocome,simplified-cocome__BRF_clone_1.23__moc_1.64__mcnn_1.80__moncnn_1.45__MaxEval_102__ProbPAs_0.95__sb_none_sbth_6000__Algo_pesa2,188,perfQ,2023
simplified-cocome,simplified-cocome__BRF_clone_1.23__moc_1.64__mcnn_1.80__moncnn_1.45__MaxEval_102__ProbPAs_0.95__sb_none_sbth_6000__Algo_pesa2,reliability,182
simplified-cocome,simplified-cocome__BRF_clone_1.23__moc_1.64__mcnn_1.80__moncnn_1.45__MaxEval_102__ProbPAs_0.95__sb_none_sbth_6000__Algo_pesa2,192,uml2lqn,4203
NSGA,simplified-cocome__BRF_clone_1.23__moc_1.64__mcnn_1.80__moncnn_1.45__MaxEval_102__ProbPAs_0.95__sb_none_sbth_6000__Algo_pesa2,192,invoke_solver,265
NSGA,simplified-cocome__BRF_clone_1.23__moc_1.64__mcnn_1.80__moncnn_1.45__MaxEval_102__ProbPAs_0.95__sb_none_sbth_6000__Algo_pesa2,192,lqn2uml,3073
NSGA,simplified-cocome__BRF_clone_1.23__moc_1.64__mcnn_1.80__moncnn_1.45__MaxEval_102__ProbPAs_0.95__sb_none_sbth_6000__Algo_pesa2,192,counting_pas,192,8535
simplified-cocome,simplified-cocome__BRF_clone_1.23__moc_1.64__mcnn_1.80__moncnn_1.45__MaxEval_102__ProbPAs_0.95__sb_none_sbth_6000__Algo_pesa2,192,perfQ,2585
simplified-cocome,simplified-cocome__BRF_clone_1.23__moc_1.64__mcnn_1.80__moncnn_1.45__MaxEval_102__ProbPAs_0.95__sb_none_sbth_6000__Algo_pesa2,reliability,218
simplified-cocome,simplified-cocome__BRF_clone_1.23__moc_1.64__mcnn_1.80__moncnn_1.45__MaxEval_102__ProbPAs_0.95__sb_none_sbth_6000__Algo_pesa2,196,uml2lqn,4711
NSGA,simplified-cocome__BRF_clone_1.23__moc_1.64__mcnn_1.80__moncnn_1.45__MaxEval_102__ProbPAs_0.95__sb_none_sbth_6000__Algo_pesa2,196,invoke_solver,104
NSGA,simplified-cocome__BRF_clone_1.23__moc_1.64__mcnn_1.80__moncnn_1.45__MaxEval_102__ProbPAs_0.95__sb_none_sbth_6000__Algo_pesa2,196,lqn2uml,2472
NSGA,simplified-cocome__BRF_clone_1.23__moc_1.64__mcnn_1.80__moncnn_1.45__MaxEval_102__ProbPAs_0.95__sb_none_sbth_6000__Algo_pesa2,196,counting_pas,196,7832
simplified-cocome,simplified-cocome__BRF_clone_1.23__moc_1.64__mcnn_1.80__moncnn_1.45__MaxEval_102__ProbPAs_0.95__sb_none_sbth_6000__Algo_pesa2,196,perfQ,2468
simplified-cocome,simplified-cocome__BRF_clone_1.23__moc_1.64__mcnn_1.80__moncnn_1.45__MaxEval_102__ProbPAs_0.95__sb_none_sbth_6000__Algo_pesa2,reliability,160
simplified-cocome,simplified-cocome__BRF_clone_1.23__moc_1.64__mcnn_1.80__moncnn_1.45__MaxEval_102__ProbPAs_0.95__sb_none_sbth_6000__Algo_pesa2,198,uml2lqn,5100
NSGA,simplified-cocome__BRF_clone_1.23__moc_1.64__mcnn_1.80__moncnn_1.45__MaxEval_102__ProbPAs_0.95__sb_none_sbth_6000__Algo_pesa2,198,invoke_solver,127
NSGA,simplified-cocome__BRF_clone_1.23__moc_1.64__mcnn_1.80__moncnn_1.45__MaxEval_102__ProbPAs_0.95__sb_none_sbth_6000__Algo_pesa2,198,lqn2uml,3493
NSGA,simplified-cocome__BRF_clone_1.23__moc_1.64__mcnn_1.80__moncnn_1.45__MaxEval_102__ProbPAs_0.95__sb_none_sbth_6000__Algo_pesa2,198,counting_pas,198,10258
simplified-cocome,simplified-cocome__BRF_clone_1.23__moc_1.64__mcnn_1.80__moncnn_1.45__MaxEval_102__ProbPAs_0.95__sb_none_sbth_6000__Algo_pesa2,198,perfQ,3810
simplified-cocome,simplified-cocome__BRF_clone_1.23__moc_1.64__mcnn_1.80__moncnn_1.45__MaxEval_102__ProbPAs_0.95__sb_none_sbth_6000__Algo_pesa2,reliability,182
simplified-cocome,simplified-cocome__BRF_clone_1.23__moc_1.64__mcnn_1.80__moncnn_1.45__MaxEval_102__ProbPAs_0.95__sb_none_sbth_6000__Algo_pesa2,202,uml2lqn,5037
NSGA,simplified-cocome__BRF_clone_1.23__moc_1.64__mcnn_1.80__moncnn_1.45__MaxEval_102__ProbPAs_0.95__sb_none_sbth_6000__Algo_pesa2,202,invoke_solver,271
NSGA,simplified-cocome__BRF_clone_1.23__moc_1.64__mcnn_1.80__moncnn_1.45__MaxEval_102__ProbPAs_0.95__sb_none_sbth_6000__Algo_pesa2,202,lqn2uml,3174
NSGA,simplified-cocome__BRF_clone_1.23__moc_1.64__mcnn_1.80__moncnn_1.45__MaxEval_102__ProbPAs_0.95__sb_none_sbth_6000__Algo_pesa2,202,counting_pas,202,8485
simplified-cocome,simplified-cocome__BRF_clone_1.23__moc_1.64__mcnn_1.80__moncnn_1.45__MaxEval_102__ProbPAs_0.95__sb_none_sbth_6000__Algo_pesa2,202,perfQ,4057
simplified-cocome,simplified-cocome__BRF_clone_1.23__moc_1.64__mcnn_1.80__moncnn_1.45__MaxEval_102__ProbPAs_0.95__sb_none_sbth_6000__Algo_pesa2,reliability,184
simplified-cocome,simplified-cocome__BRF_clone_1.23__moc_1.64__mcnn_1.80__moncnn_1.45__MaxEval_102__ProbPAs_0.95__sb_none_sbth_6000__Algo_pesa2,206,uml2lqn,3508
NSGA,simplified-cocome__BRF_clone_1.23__moc_1.64__mcnn_1.80__moncnn_1.45__MaxEval_102__ProbPAs_0.95__sb_none_sbth_6000__Algo_pesa2,206,invoke_solver,60
NSGA,simplified-cocome__BRF_clone_1.23__moc_1.64__mcnn_1.80__moncnn_1.45__MaxEval_102__ProbPAs_0.95__sb_none_sbth_6000__Algo_pesa2,206,lqn2uml,3028
NSGA,simplified-cocome__BRF_clone_1.23__moc_1.64__mcnn_1.80__moncnn_1.45__MaxEval_102__ProbPAs_0.95__sb_none_sbth_6000__Algo_pesa2,206,counting_pas,206,9974
simplified-cocome,simplified-cocome__BRF_clone_1.23__moc_1.64__mcnn_1.80__moncnn_1.45__MaxEval_102__ProbPAs_0.95__sb_none_sbth_6000__Algo_pesa2,206,perfQ,2933
simplified-cocome,simplified-cocome__BRF_clone_1.23__moc_1.64__mcnn_1.80__moncnn_1.45__MaxEval_102__ProbPAs_0.95__sb_none_sbth_6000__Algo_pesa2,reliability,226
simplified-cocome,simplified-cocome__BRF_clone_1.23__moc_1.64__mcnn_1.80__moncnn_1.45__MaxEval_102__ProbPAs_0.95__sb_none_sbth_6000__Algo_pesa2,210,uml2lqn,3789
NSGA,simplified-cocome__BRF_clone_1.23__moc_1.64__mcnn_1.80__moncnn_1.45__MaxEval_102__ProbPAs_0.95__sb_none_sbth_6000__Algo_pesa2,210,invoke_solver,265
NSGA,simplified-cocome__BRF_clone_1.23__moc_1.64__mcnn_1.80__moncnn_1.45__MaxEval_102__ProbPAs_0.95__sb_none_sbth_6000__Algo_pesa2,210,lqn2uml,1365
NSGA,simplified-cocome__BRF_clone_1.23__moc_1.64__mcnn_1.80__moncnn_1.45__MaxEval_102__ProbPAs_0.95__sb_none_sbth_6000__Algo_pesa2,210,counting_pas,210,7843
simplified-cocome,simplified-cocome__BRF_clone_1.23__moc_1.64__mcnn_1.80__moncnn_1.45__MaxEval_102__ProbPAs_0.95__sb_none_sbth_6000__Algo_pesa2,210,perfQ,3120
simplified-cocome,simplified-cocome__BRF_clone_1.23__moc_1.64__mcnn_1.80__moncnn_1.45__MaxEval_102__ProbPAs_0.95__sb_none_sbth_6000__Algo_pesa2,reliability,213
simplified-cocome,simplified-cocome__BRF_clone_1.23__moc_1.64__mcnn_1.80__moncnn_1.45__MaxEval_102__ProbPAs_0.95__sb_none_sbth_6000__Algo_pesa2,214,uml2lqn,5359
NSGA,simplified-cocome__BRF_clone_1.23__moc_1.64__mcnn_1.80__moncnn_1.45__MaxEval_102__ProbPAs_0.95__sb_none_sbth_6000__Algo_pesa2,214,invoke_solver,219
NSGA,simplified-cocome__BRF_clone_1.23__moc_1.64__mcnn_1.80__moncnn_1.45__MaxEval_102__ProbPAs_0.95__sb_none_sbth_6000__Algo_pesa2,214,lqn2uml,2518
NSGA,simplified-cocome__BRF_clone_1.23__moc_1.64__mcnn_1.80__moncnn_1.45__MaxEval_102__ProbPAs_0.95__sb_none_sbth_6000__Algo_pesa2,214,counting_pas,214,7639
simplified-cocome,simplified-cocome__BRF_clone_1.23__moc_1.64__mcnn_1.80__moncnn_1.45__MaxEval_102__ProbPAs_0.95__sb_none_sbth_6000__Algo_pesa2,214,perfQ,3627
simplified-cocome,simplified-cocome__BRF_clone_1.23__moc_1.64__mcnn_1.80__moncnn_1.45__MaxEval_102__ProbPAs_0.95__sb_none_sbth_6000__Algo_pesa2,reliability,212
simplified-cocome,simplified-cocome__BRF_clone_1.23__moc_1.64__mcnn_1.80__moncnn_1.45__MaxEval_102__ProbPAs_0.95__sb_none_sbth_6000__Algo_pesa2,216,uml2lqn,3987
NSGA,simplified-cocome__BRF_clone_1.23__moc_1.64__mcnn_1.80__moncnn_1.45__MaxEval_102__ProbPAs_0.95__sb_none_sbth_6000__Algo_pesa2,216,invoke_solver,292
NSGA,simplified-cocome__BRF_clone_1.23__moc_1.64__mcnn_1.80__moncnn_1.45__MaxEval_102__ProbPAs_0.95__sb_none_sbth_6000__Algo_pesa2,216,lqn2uml,2607
NSGA,simplified-cocome__BRF_clone_1.23__moc_1.64__mcnn_1.80__moncnn_1.45__MaxEval_102__ProbPAs_0.95__sb_none_sbth_6000__Algo_pesa2,216,counting_pas,216,8132
simplified-cocome,simplified-cocome__BRF_clone_1.23__moc_1.64__mcnn_1.80__moncnn_1.45__MaxEval_102__ProbPAs_0.95__sb_none_sbth_6000__Algo_pesa2,216,perfQ,1627
simplified-cocome,simplified-cocome__BRF_clone_1.23__moc_1.64__mcnn_1.80__moncnn_1.45__MaxEval_102__ProbPAs_0.95__sb_none_sbth_6000__Algo_pesa2,reliability,146
simplified-cocome,simplified-cocome__BRF_clone_1.23__moc_1.64__mcnn_1.80__moncnn_1.45__MaxEval_102__ProbPAs_0.95__sb_none_sbth_6000__Algo_pesa2,218,uml2lqn,3971
NSGA,simplified-cocome__BRF_clone_1.23__moc_1.64__mcnn_1.80__moncnn_1.45__MaxEval_102__ProbPAs_0.95__sb_none_sbth_6000__Algo_pesa2,218,invoke_solver,269
NSGA,simplified-cocome__BRF_clone_1.23__moc_1.64__mcnn_1.80__moncnn_1.45__MaxEval_102__ProbPAs_0.95__sb_none_sbth_6000__Algo_pesa2,218,lqn2uml,2139
NSGA,simplified-cocome__BRF_clone_1.23__moc_1.64__mcnn_1.80__moncnn_1.45__MaxEval_102__ProbPAs_0.95__sb_none_sbth_6000__Algo_pesa2,218,counting_pas,218,7972
simplified-cocome,simplified-cocome__BRF_clone_1.23__moc_1.64__mcnn_1.80__moncnn_1.45__MaxEval_102__ProbPAs_0.95__sb_none_sbth_6000__Algo_pesa2,218,perfQ,1714
simplified-cocome,simplified-cocome__BRF_clone_1.23__moc_1.64__mcnn_1.80__moncnn_1.45__MaxEval_102__ProbPAs_0.95__sb_none_sbth_6000__Algo_pesa2,reliability,179
simplified-cocome,simplified-cocome__BRF_clone_1.23__moc_1.64__mcnn_1.80__moncnn_1.45__MaxEval_102__ProbPAs_0.95__sb_none_sbth_6000__Algo_pesa2,222,uml2lqn,5552
NSGA,simplified-cocome__BRF_clone_1.23__moc_1.64__mcnn_1.80__moncnn_1.45__MaxEval_102__ProbPAs_0.95__sb_none_sbth_6000__Algo_pesa2,222,invoke_solver,384
NSGA,simplified-cocome__BRF_clone_1.23__moc_1.64__mcnn_1.80__moncnn_1.45__MaxEval_102__ProbPAs_0.95__sb_none_sbth_6000__Algo_pesa2,222,lqn2uml,3773
NSGA,simplified-cocome__BRF_clone_1.23__moc_1.64__mcnn_1.80__moncnn_1.45__MaxEval_102__ProbPAs_0.95__sb_none_sbth_6000__Algo_pesa2,222,counting_pas,222,9543
simplified-cocome,simplified-cocome__BRF_clone_1.23__moc_1.64__mcnn_1.80__moncnn_1.45__MaxEval_102__ProbPAs_0.95__sb_none_sbth_6000__Algo_pesa2,222,perfQ,2496
simplified-cocome,simplified-cocome__BRF_clone_1.23__moc_1.64__mcnn_1.80__moncnn_1.45__MaxEval_102__ProbPAs_0.95__sb_none_sbth_6000__Algo_pesa2,reliability,162
simplified-cocome,simplified-cocome__BRF_clone_1.23__moc_1.64__mcnn_1.80__moncnn_1.45__MaxEval_102__ProbPAs_0.95__sb_none_sbth_6000__Algo_pesa2,226,uml2lqn,5601
NSGA,simplified-cocome__BRF_clone_1.23__moc_1.64__mcnn_1.80__moncnn_1.45__MaxEval_102__ProbPAs_0.95__sb_none_sbth_6000__Algo_pesa2,226,invoke_solver,414
NSGA,simplified-cocome__BRF_clone_1.23__moc_1.64__mcnn_1.80__moncnn_1.45__MaxEval_102__ProbPAs_0.95__sb_none_sbth_6000__Algo_pesa2,226,lqn2uml,3155
NSGA,simplified-cocome__BRF_clone_1.23__moc_1.64__mcnn_1.80__moncnn_1.45__MaxEval_102__ProbPAs_0.95__sb_none_sbth_6000__Algo_pesa2,226,counting_pas,226,10078
simplified-cocome,simplified-cocome__BRF_clone_1.23__moc_1.64__mcnn_1.80__moncnn_1.45__MaxEval_102__ProbPAs_0.95__sb_none_sbth_6000__Algo_pesa2,226,perfQ,2936
simplified-cocome,simplified-cocome__BRF_clone_1.23__moc_1.64__mcnn_1.80__moncnn_1.45__MaxEval_102__ProbPAs_0.95__sb_none_sbth_6000__Algo_pesa2,reliability,196
simplified-cocome,simplified-cocome__BRF_clone_1.23__moc_1.64__mcnn_1.80__moncnn_1.45__MaxEval_102__ProbPAs_0.95__sb_none_sbth_6000__Algo_pesa2,228,uml2lqn,3967
NSGA,simplified-cocome__BRF_clone_1.23__moc_1.64__mcnn_1.80__moncnn_1.45__MaxEval_102__ProbPAs_0.95__sb_none_sbth_6000__Algo_pesa2,228,invoke_solver,116
NSGA,simplified-cocome__BRF_clone_1.23__moc_1.64__mcnn_1.80__moncnn_1.45__MaxEval_102__ProbPAs_0.95__sb_none_sbth_6000__Algo_pesa2,228,lqn2uml,3571
NSGA,simplified-cocome__BRF_clone_1.23__moc_1.64__mcnn_1.80__moncnn_1.45__MaxEval_102__ProbPAs_0.95__sb_none_sbth_6000__Algo_pesa2,228,counting_pas,228,8230
simplified-cocome,simplified-cocome__BRF_clone_1.23__moc_1.64__mcnn_1.80__moncnn_1.45__MaxEval_102__ProbPAs_0.95__sb_none_sbth_6000__Algo_pesa2,228,perfQ,3834
simplified-cocome,simplified-cocome__BRF_clone_1.23__moc_1.64__mcnn_1.80__moncnn_1.45__MaxEval_102__ProbPAs_0.95__sb_none_sbth_6000__Algo_pesa2,reliability,174
simplified-cocome,simplified-cocome__BRF_clone_1.23__moc_1.64__mcnn_1.80__moncnn_1.45__MaxEval_102__ProbPAs_0.95__sb_none_sbth_6000__Algo_pesa2,232,uml2lqn,4089
NSGA,simplified-cocome__BRF_clone_1.23__moc_1.64__mcnn_1.80__moncnn_1.45__MaxEval_102__ProbPAs_0.95__sb_none_sbth_6000__Algo_pesa2,232,invoke_solver,398
NSGA,simplified-cocome__BRF_clone_1.23__moc_1.64__mcnn_1.80__moncnn_1.45__MaxEval_102__ProbPAs_0.95__sb_none_sbth_6000__Algo_pesa2,232,lqn2uml,3717
NSGA,simplified-cocome__BRF_clone_1.23__moc_1.64__mcnn_1.80__moncnn_1.45__MaxEval_102__ProbPAs_0.95__sb_none_sbth_6000__Algo_pesa2,232,counting_pas,232,8954
simplified-cocome,simplified-cocome__BRF_clone_1.23__moc_1.64__mcnn_1.80__moncnn_1.45__MaxEval_102__ProbPAs_0.95__sb_none_sbth_6000__Algo_pesa2,232,perfQ,2997
simplified-cocome,simplified-cocome__BRF_clone_1.23__moc_1.64__mcnn_1.80__moncnn_1.45__MaxEval_102__ProbPAs_0.95__sb_none_sbth_6000__Algo_pesa2,reliability,235
simplified-cocome,simplified-cocome__BRF_clone_1.23__moc_1.64__mcnn_1.80__moncnn_1.45__MaxEval_102__ProbPAs_0.95__sb_none_sbth_6000__Algo_pesa2,236,uml2lqn,4993
NSGA,simplified-cocome__BRF_clone_1.23__moc_1.64__mcnn_1.80__moncnn_1.45__MaxEval_102__ProbPAs_0.95__sb_none_sbth_6000__Algo_pesa2,236,invoke_solver,67
NSGA,simplified-cocome__BRF_clone_1.23__moc_1.64__mcnn_1.80__moncnn_1.45__MaxEval_102__ProbPAs_0.95__sb_none_sbth_6000__Algo_pesa2,236,lqn2uml,3330
NSGA,simplified-cocome__BRF_clone_1.23__moc_1.64__mcnn_1.80__moncnn_1.45__MaxEval_102__ProbPAs_0.95__sb_none_sbth_6000__Algo_pesa2,236,counting_pas,236,8005
simplified-cocome,simplified-cocome__BRF_clone_1.23__moc_1.64__mcnn_1.80__moncnn_1.45__MaxEval_102__ProbPAs_0.95__sb_none_sbth_6000__Algo_pesa2,236,perfQ,3243
simplified-cocome,simplified-cocome__BRF_clone_1.23__moc_1.64__mcnn_1.80__moncnn_1.45__MaxEval_102__ProbPAs_0.95__sb_none_sbth_6000__Algo_pesa2,reliability,166
simplified-cocome,simplified-cocome__BRF_clone_1.23__moc_1.64__mcnn_1.80__moncnn_1.45__MaxEval_102__ProbPAs_0.95__sb_none_sbth_6000__Algo_pesa2,240,uml2lqn,5043
NSGA,simplified-cocome__BRF_clone_1.23__moc_1.64__mcnn_1.80__moncnn_1.45__MaxEval_102__ProbPAs_0.95__sb_none_sbth_6000__Algo_pesa2,240,invoke_solver,470
NSGA,simplified-cocome__BRF_clone_1.23__moc_1.64__mcnn_1.80__moncnn_1.45__MaxEval_102__ProbPAs_0.95__sb_none_sbth_6000__Algo_pesa2,240,lqn2uml,2764
NSGA,simplified-cocome__BRF_clone_1.23__moc_1.64__mcnn_1.80__moncnn_1.45__MaxEval_102__ProbPAs_0.95__sb_none_sbth_6000__Algo_pesa2,240,counting_pas,240,9557
simplified-cocome,simplified-cocome__BRF_clone_1.23__moc_1.64__mcnn_1.80__moncnn_1.45__MaxEval_102__ProbPAs_0.95__sb_none_sbth_6000__Algo_pesa2,240,perfQ,3132
simplified-cocome,simplified-cocome__BRF_clone_1.23__moc_1.64__mcnn_1.80__moncnn_1.45__MaxEval_102__ProbPAs_0.95__sb_none_sbth_6000__Algo_pesa2,reliability,219
simplified-cocome,simplified-cocome__BRF_clone_1.23__moc_1.64__mcnn_1.80__moncnn_1.45__MaxEval_102__ProbPAs_0.95__sb_none_sbth_6000__Algo_pesa2,242,uml2lqn,6186
NSGA,simplified-cocome__BRF_clone_1.23__moc_1.64__mcnn_1.80__moncnn_1.45__MaxEval_102__ProbPAs_0.95__sb_none_sbth_6000__Algo_pesa2,242,invoke_solver,65
NSGA,simplified-cocome__BRF_clone_1.23__moc_1.64__mcnn_1.80__moncnn_1.45__MaxEval_102__ProbPAs_0.95__sb_none_sbth_6000__Algo_pesa2,242,lqn2uml,2815
NSGA,simplified-cocome__BRF_clone_1.23__moc_1.64__mcnn_1.80__moncnn_1.45__MaxEval_102__ProbPAs_0.95__sb_none_sbth_6000__Algo_pesa2,242,counting_pas,242,10640
simplified-cocome,simplified-cocome__BRF_clone_1.23__moc_1.64__mcnn_1.80__moncnn_1.45__MaxEval_102__ProbPAs_0.95__sb_none_sbth_6000__Algo_pesa2,242,perfQ,2856
simplified-cocome,simplified-cocome__BRF_clone_1.23__moc_1.64__mcnn_1.80__moncnn_1.45__MaxEval_102__ProbPAs_0.95__sb_none_sbth_6000__Algo_pesa2,reliability,204
simplified-cocome,simplified-cocome__BRF_clone_1.23__moc_1.64__mcnn_1.80__moncnn_1.45__MaxEval_102__ProbPAs_0.95__sb_none_sbth_6000__Algo_pesa2,246,uml2lqn,5321
NSGA,simplified-cocome__BRF_clone_1.23__moc_1.64__mcnn_1.80__moncnn_1.45__MaxEval_102__ProbPAs_0.95__sb_none_sbth_6000__Algo_pesa2,246,invoke_solver,335
NSGA,simplified-cocome__BRF_clone_1.23__moc_1.64__mcnn_1.80__moncnn_1.45__MaxEval_102__ProbPAs_0.95__sb_none_sbth_6000__Algo_pesa2,246,lqn2uml,3003
NSGA,simplified-cocome__BRF_clone_1.23__moc_1.64__mcnn_1.80__moncnn_1.45__MaxEval_102__ProbPAs_0.95__sb_none_sbth_6000__Algo_pesa2,246,counting_pas,246,8208
simplified-cocome,simplified-cocome__BRF_clone_1.23__moc_1.64__mcnn_1.80__moncnn_1.45__MaxEval_102__ProbPAs_0.95__sb_none_sbth_6000__Algo_pesa2,246,perfQ,3564
simplified-cocome,simplified-cocome__BRF_clone_1.23__moc_1.64__mcnn_1.80__moncnn_1.45__MaxEval_102__ProbPAs_0.95__sb_none_sbth_6000__Algo_pesa2,reliability,174
simplified-cocome,simplified-cocome__BRF_clone_1.23__moc_1.64__mcnn_1.80__moncnn_1.45__MaxEval_102__ProbPAs_0.95__sb_none_sbth_6000__Algo_pesa2,250,uml2lqn,4823
NSGA,simplified-cocome__BRF_clone_1.23__moc_1.64__mcnn_1.80__moncnn_1.45__MaxEval_102__ProbPAs_0.95__sb_none_sbth_6000__Algo_pesa2,250,invoke_solver,437
NSGA,simplified-cocome__BRF_clone_1.23__moc_1.64__mcnn_1.80__moncnn_1.45__MaxEval_102__ProbPAs_0.95__sb_none_sbth_6000__Algo_pesa2,250,lqn2uml,2783
NSGA,simplified-cocome__BRF_clone_1.23__moc_1.64__mcnn_1.80__moncnn_1.45__MaxEval_102__ProbPAs_0.95__sb_none_sbth_6000__Algo_pesa2,250,counting_pas,250,10391
simplified-cocome,simplified-cocome__BRF_clone_1.23__moc_1.64__mcnn_1.80__moncnn_1.45__MaxEval_102__ProbPAs_0.95__sb_none_sbth_6000__Algo_pesa2,250,perfQ,2414
simplified-cocome,simplified-cocome__BRF_clone_1.23__moc_1.64__mcnn_1.80__moncnn_1.45__MaxEval_102__ProbPAs_0.95__sb_none_sbth_6000__Algo_pesa2,reliability,170
simplified-cocome,simplified-cocome__BRF_clone_1.23__moc_1.64__mcnn_1.80__moncnn_1.45__MaxEval_102__ProbPAs_0.95__sb_none_sbth_6000__Algo_pesa2,254,uml2lqn,4867
NSGA,simplified-cocome__BRF_clone_1.23__moc_1.64__mcnn_1.80__moncnn_1.45__MaxEval_102__ProbPAs_0.95__sb_none_sbth_6000__Algo_pesa2,254,invoke_solver,318
NSGA,simplified-cocome__BRF_clone_1.23__moc_1.64__mcnn_1.80__moncnn_1.45__MaxEval_102__ProbPAs_0.95__sb_none_sbth_6000__Algo_pesa2,254,lqn2uml,2991
NSGA,simplified-cocome__BRF_clone_1.23__moc_1.64__mcnn_1.80__moncnn_1.45__MaxEval_102__ProbPAs_0.95__sb_none_sbth_6000__Algo_pesa2,254,counting_pas,254,8098
simplified-cocome,simplified-cocome__BRF_clone_1.23__moc_1.64__mcnn_1.80__moncnn_1.45__MaxEval_102__ProbPAs_0.95__sb_none_sbth_6000__Algo_pesa2,254,perfQ,3475
simplified-cocome,simplified-cocome__BRF_clone_1.23__moc_1.64__mcnn_1.80__moncnn_1.45__MaxEval_102__ProbPAs_0.95__sb_none_sbth_6000__Algo_pesa2,reliability,199
simplified-cocome,simplified-cocome__BRF_clone_1.23__moc_1.64__mcnn_1.80__moncnn_1.45__MaxEval_102__ProbPAs_0.95__sb_none_sbth_6000__Algo_pesa2,258,uml2lqn,4483
NSGA,simplified-cocome__BRF_clone_1.23__moc_1.64__mcnn_1.80__moncnn_1.45__MaxEval_102__ProbPAs_0.95__sb_none_sbth_6000__Algo_pesa2,258,invoke_solver,295
NSGA,simplified-cocome__BRF_clone_1.23__moc_1.64__mcnn_1.80__moncnn_1.45__MaxEval_102__ProbPAs_0.95__sb_none_sbth_6000__Algo_pesa2,258,lqn2uml,2636
NSGA,simplified-cocome__BRF_clone_1.23__moc_1.64__mcnn_1.80__moncnn_1.45__MaxEval_102__ProbPAs_0.95__sb_none_sbth_6000__Algo_pesa2,258,counting_pas,258,8280
simplified-cocome,simplified-cocome__BRF_clone_1.23__moc_1.64__mcnn_1.80__moncnn_1.45__MaxEval_102__ProbPAs_0.95__sb_none_sbth_6000__Algo_pesa2,258,perfQ,3820
simplified-cocome,simplified-cocome__BRF_clone_1.23__moc_1.64__mcnn_1.80__moncnn_1.45__MaxEval_102__ProbPAs_0.95__sb_none_sbth_6000__Algo_pesa2,reliability,163
simplified-cocome,simplified-cocome__BRF_clone_1.23__moc_1.64__mcnn_1.80__moncnn_1.45__MaxEval_102__ProbPAs_0.95__sb_none_sbth_6000__Algo_pesa2,260,uml2lqn,5239
NSGA,simplified-cocome__BRF_clone_1.23__moc_1.64__mcnn_1.80__moncnn_1.45__MaxEval_102__ProbPAs_0.95__sb_none_sbth_6000__Algo_pesa2,260,invoke_solver,361
NSGA,simplified-cocome__BRF_clone_1.23__moc_1.64__mcnn_1.80__moncnn_1.45__MaxEval_102__ProbPAs_0.95__sb_none_sbth_6000__Algo_pesa2,260,lqn2uml,3995
NSGA,simplified-cocome__BRF_clone_1.23__moc_1.64__mcnn_1.80__moncnn_1.45__MaxEval_102__ProbPAs_0.95__sb_none_sbth_6000__Algo_pesa2,260,counting_pas,260,9536
simplified-cocome,simplified-cocome__BRF_clone_1.23__moc_1.64__mcnn_1.80__moncnn_1.45__MaxEval_102__ProbPAs_0.95__sb_none_sbth_6000__Algo_pesa2,260,perfQ,3871
simplified-cocome,simplified-cocome__BRF_clone_1.23__moc_1.64__mcnn_1.80__moncnn_1.45__MaxEval_102__ProbPAs_0.95__sb_none_sbth_6000__Algo_pesa2,reliability,178
simplified-cocome,simplified-cocome__BRF_clone_1.23__moc_1.64__mcnn_1.80__moncnn_1.45__MaxEval_102__ProbPAs_0.95__sb_none_sbth_6000__Algo_pesa2,262,uml2lqn,5726
NSGA,simplified-cocome__BRF_clone_1.23__moc_1.64__mcnn_1.80__moncnn_1.45__MaxEval_102__ProbPAs_0.95__sb_none_sbth_6000__Algo_pesa2,262,invoke_solver,68
NSGA,simplified-cocome__BRF_clone_1.23__moc_1.64__mcnn_1.80__moncnn_1.45__MaxEval_102__ProbPAs_0.95__sb_none_sbth_6000__Algo_pesa2,262,lqn2uml,3897
NSGA,simplified-cocome__BRF_clone_1.23__moc_1.64__mcnn_1.80__moncnn_1.45__MaxEval_102__ProbPAs_0.95__sb_none_sbth_6000__Algo_pesa2,262,counting_pas,262,10253
simplified-cocome,simplified-cocome__BRF_clone_1.23__moc_1.64__mcnn_1.80__moncnn_1.45__MaxEval_102__ProbPAs_0.95__sb_none_sbth_6000__Algo_pesa2,262,perfQ,3771
simplified-cocome,simplified-cocome__BRF_clone_1.23__moc_1.64__mcnn_1.80__moncnn_1.45__MaxEval_102__ProbPAs_0.95__sb_none_sbth_6000__Algo_pesa2,reliability,196
simplified-cocome,simplified-cocome__BRF_clone_1.23__moc_1.64__mcnn_1.80__moncnn_1.45__MaxEval_102__ProbPAs_0.95__sb_none_sbth_6000__Algo_pesa2,264,uml2lqn,5505
NSGA,simplified-cocome__BRF_clone_1.23__moc_1.64__mcnn_1.80__moncnn_1.45__MaxEval_102__ProbPAs_0.95__sb_none_sbth_6000__Algo_pesa2,264,invoke_solver,248
NSGA,simplified-cocome__BRF_clone_1.23__moc_1.64__mcnn_1.80__moncnn_1.45__MaxEval_102__ProbPAs_0.95__sb_none_sbth_6000__Algo_pesa2,264,lqn2uml,4662
NSGA,simplified-cocome__BRF_clone_1.23__moc_1.64__mcnn_1.80__moncnn_1.45__MaxEval_102__ProbPAs_0.95__sb_none_sbth_6000__Algo_pesa2,264,counting_pas,264,8958
simplified-cocome,simplified-cocome__BRF_clone_1.23__moc_1.64__mcnn_1.80__moncnn_1.45__MaxEval_102__ProbPAs_0.95__sb_none_sbth_6000__Algo_pesa2,264,perfQ,3635
simplified-cocome,simplified-cocome__BRF_clone_1.23__moc_1.64__mcnn_1.80__moncnn_1.45__MaxEval_102__ProbPAs_0.95__sb_none_sbth_6000__Algo_pesa2,reliability,184
simplified-cocome,simplified-cocome__BRF_clone_1.23__moc_1.64__mcnn_1.80__moncnn_1.45__MaxEval_102__ProbPAs_0.95__sb_none_sbth_6000__Algo_pesa2,268,uml2lqn,5892
NSGA,simplified-cocome__BRF_clone_1.23__moc_1.64__mcnn_1.80__moncnn_1.45__MaxEval_102__ProbPAs_0.95__sb_none_sbth_6000__Algo_pesa2,268,invoke_solver,136
NSGA,simplified-cocome__BRF_clone_1.23__moc_1.64__mcnn_1.80__moncnn_1.45__MaxEval_102__ProbPAs_0.95__sb_none_sbth_6000__Algo_pesa2,268,lqn2uml,3520
NSGA,simplified-cocome__BRF_clone_1.23__moc_1.64__mcnn_1.80__moncnn_1.45__MaxEval_102__ProbPAs_0.95__sb_none_sbth_6000__Algo_pesa2,268,counting_pas,268,8411
simplified-cocome,simplified-cocome__BRF_clone_1.23__moc_1.64__mcnn_1.80__moncnn_1.45__MaxEval_102__ProbPAs_0.95__sb_none_sbth_6000__Algo_pesa2,268,perfQ,2622
simplified-cocome,simplified-cocome__BRF_clone_1.23__moc_1.64__mcnn_1.80__moncnn_1.45__MaxEval_102__ProbPAs_0.95__sb_none_sbth_6000__Algo_pesa2,reliability,153
simplified-cocome,simplified-cocome__BRF_clone_1.23__moc_1.64__mcnn_1.80__moncnn_1.45__MaxEval_102__ProbPAs_0.95__sb_none_sbth_6000__Algo_pesa2,272,uml2lqn,5058
NSGA,simplified-cocome__BRF_clone_1.23__moc_1.64__mcnn_1.80__moncnn_1.45__MaxEval_102__ProbPAs_0.95__sb_none_sbth_6000__Algo_pesa2,272,invoke_solver,147
NSGA,simplified-cocome__BRF_clone_1.23__moc_1.64__mcnn_1.80__moncnn_1.45__MaxEval_102__ProbPAs_0.95__sb_none_sbth_6000__Algo_pesa2,272,lqn2uml,3561
NSGA,simplified-cocome__BRF_clone_1.23__moc_1.64__mcnn_1.80__moncnn_1.45__MaxEval_102__ProbPAs_0.95__sb_none_sbth_6000__Algo_pesa2,272,counting_pas,272,7865
simplified-cocome,simplified-cocome__BRF_clone_1.23__moc_1.64__mcnn_1.80__moncnn_1.45__MaxEval_102__ProbPAs_0.95__sb_none_sbth_6000__Algo_pesa2,272,perfQ,3540
simplified-cocome,simplified-cocome__BRF_clone_1.23__moc_1.64__mcnn_1.80__moncnn_1.45__MaxEval_102__ProbPAs_0.95__sb_none_sbth_6000__Algo_pesa2,reliability,162
simplified-cocome,simplified-cocome__BRF_clone_1.23__moc_1.64__mcnn_1.80__moncnn_1.45__MaxEval_102__ProbPAs_0.95__sb_none_sbth_6000__Algo_pesa2,276,uml2lqn,3931
NSGA,simplified-cocome__BRF_clone_1.23__moc_1.64__mcnn_1.80__moncnn_1.45__MaxEval_102__ProbPAs_0.95__sb_none_sbth_6000__Algo_pesa2,276,invoke_solver,389
NSGA,simplified-cocome__BRF_clone_1.23__moc_1.64__mcnn_1.80__moncnn_1.45__MaxEval_102__ProbPAs_0.95__sb_none_sbth_6000__Algo_pesa2,276,lqn2uml,2612
NSGA,simplified-cocome__BRF_clone_1.23__moc_1.64__mcnn_1.80__moncnn_1.45__MaxEval_102__ProbPAs_0.95__sb_none_sbth_6000__Algo_pesa2,276,counting_pas,276,10388
simplified-cocome,simplified-cocome__BRF_clone_1.23__moc_1.64__mcnn_1.80__moncnn_1.45__MaxEval_102__ProbPAs_0.95__sb_none_sbth_6000__Algo_pesa2,276,perfQ,3092
simplified-cocome,simplified-cocome__BRF_clone_1.23__moc_1.64__mcnn_1.80__moncnn_1.45__MaxEval_102__ProbPAs_0.95__sb_none_sbth_6000__Algo_pesa2,reliability,165
simplified-cocome,simplified-cocome__BRF_clone_1.23__moc_1.64__mcnn_1.80__moncnn_1.45__MaxEval_102__ProbPAs_0.95__sb_none_sbth_6000__Algo_pesa2,280,uml2lqn,3943
NSGA,simplified-cocome__BRF_clone_1.23__moc_1.64__mcnn_1.80__moncnn_1.45__MaxEval_102__ProbPAs_0.95__sb_none_sbth_6000__Algo_pesa2,280,invoke_solver,65
NSGA,simplified-cocome__BRF_clone_1.23__moc_1.64__mcnn_1.80__moncnn_1.45__MaxEval_102__ProbPAs_0.95__sb_none_sbth_6000__Algo_pesa2,280,lqn2uml,2067
NSGA,simplified-cocome__BRF_clone_1.23__moc_1.64__mcnn_1.80__moncnn_1.45__MaxEval_102__ProbPAs_0.95__sb_none_sbth_6000__Algo_pesa2,280,counting_pas,280,10810
simplified-cocome,simplified-cocome__BRF_clone_1.23__moc_1.64__mcnn_1.80__moncnn_1.45__MaxEval_102__ProbPAs_0.95__sb_none_sbth_6000__Algo_pesa2,280,perfQ,2575
simplified-cocome,simplified-cocome__BRF_clone_1.23__moc_1.64__mcnn_1.80__moncnn_1.45__MaxEval_102__ProbPAs_0.95__sb_none_sbth_6000__Algo_pesa2,reliability,207
simplified-cocome,simplified-cocome__BRF_clone_1.23__moc_1.64__mcnn_1.80__moncnn_1.45__MaxEval_102__ProbPAs_0.95__sb_none_sbth_6000__Algo_pesa2,282,uml2lqn,5456
NSGA,simplified-cocome__BRF_clone_1.23__moc_1.64__mcnn_1.80__moncnn_1.45__MaxEval_102__ProbPAs_0.95__sb_none_sbth_6000__Algo_pesa2,282,invoke_solver,273
NSGA,simplified-cocome__BRF_clone_1.23__moc_1.64__mcnn_1.80__moncnn_1.45__MaxEval_102__ProbPAs_0.95__sb_none_sbth_6000__Algo_pesa2,282,lqn2uml,2077
NSGA,simplified-cocome__BRF_clone_1.23__moc_1.64__mcnn_1.80__moncnn_1.45__MaxEval_102__ProbPAs_0.95__sb_none_sbth_6000__Algo_pesa2,282,counting_pas,282,9154
simplified-cocome,simplified-cocome__BRF_clone_1.23__moc_1.64__mcnn_1.80__moncnn_1.45__MaxEval_102__ProbPAs_0.95__sb_none_sbth_6000__Algo_pesa2,282,perfQ,3099
simplified-cocome,simplified-cocome__BRF_clone_1.23__moc_1.64__mcnn_1.80__moncnn_1.45__MaxEval_102__ProbPAs_0.95__sb_none_sbth_6000__Algo_pesa2,reliability,147
simplified-cocome,simplified-cocome__BRF_clone_1.23__moc_1.64__mcnn_1.80__moncnn_1.45__MaxEval_102__ProbPAs_0.95__sb_none_sbth_6000__Algo_pesa2,286,uml2lqn,6117
NSGA,simplified-cocome__BRF_clone_1.23__moc_1.64__mcnn_1.80__moncnn_1.45__MaxEval_102__ProbPAs_0.95__sb_none_sbth_6000__Algo_pesa2,286,invoke_solver,333
NSGA,simplified-cocome__BRF_clone_1.23__moc_1.64__mcnn_1.80__moncnn_1.45__MaxEval_102__ProbPAs_0.95__sb_none_sbth_6000__Algo_pesa2,286,lqn2uml,4353
NSGA,simplified-cocome__BRF_clone_1.23__moc_1.64__mcnn_1.80__moncnn_1.45__MaxEval_102__ProbPAs_0.95__sb_none_sbth_6000__Algo_pesa2,286,counting_pas,286,10549
simplified-cocome,simplified-cocome__BRF_clone_1.23__moc_1.64__mcnn_1.80__moncnn_1.45__MaxEval_102__ProbPAs_0.95__sb_none_sbth_6000__Algo_pesa2,286,perfQ,4396
simplified-cocome,simplified-cocome__BRF_clone_1.23__moc_1.64__mcnn_1.80__moncnn_1.45__MaxEval_102__ProbPAs_0.95__sb_none_sbth_6000__Algo_pesa2,reliability,162
simplified-cocome,simplified-cocome__BRF_clone_1.23__moc_1.64__mcnn_1.80__moncnn_1.45__MaxEval_102__ProbPAs_0.95__sb_none_sbth_6000__Algo_pesa2,290,uml2lqn,6023
NSGA,simplified-cocome__BRF_clone_1.23__moc_1.64__mcnn_1.80__moncnn_1.45__MaxEval_102__ProbPAs_0.95__sb_none_sbth_6000__Algo_pesa2,290,invoke_solver,60
NSGA,simplified-cocome__BRF_clone_1.23__moc_1.64__mcnn_1.80__moncnn_1.45__MaxEval_102__ProbPAs_0.95__sb_none_sbth_6000__Algo_pesa2,290,lqn2uml,3128
NSGA,simplified-cocome__BRF_clone_1.23__moc_1.64__mcnn_1.80__moncnn_1.45__MaxEval_102__ProbPAs_0.95__sb_none_sbth_6000__Algo_pesa2,290,counting_pas,290,10296
simplified-cocome,simplified-cocome__BRF_clone_1.23__moc_1.64__mcnn_1.80__moncnn_1.45__MaxEval_102__ProbPAs_0.95__sb_none_sbth_6000__Algo_pesa2,290,perfQ,4071
simplified-cocome,simplified-cocome__BRF_clone_1.23__moc_1.64__mcnn_1.80__moncnn_1.45__MaxEval_102__ProbPAs_0.95__sb_none_sbth_6000__Algo_pesa2,reliability,194
simplified-cocome,simplified-cocome__BRF_clone_1.23__moc_1.64__mcnn_1.80__moncnn_1.45__MaxEval_102__ProbPAs_0.95__sb_none_sbth_6000__Algo_pesa2,294,uml2lqn,6394
NSGA,simplified-cocome__BRF_clone_1.23__moc_1.64__mcnn_1.80__moncnn_1.45__MaxEval_102__ProbPAs_0.95__sb_none_sbth_6000__Algo_pesa2,294,invoke_solver,347
NSGA,simplified-cocome__BRF_clone_1.23__moc_1.64__mcnn_1.80__moncnn_1.45__MaxEval_102__ProbPAs_0.95__sb_none_sbth_6000__Algo_pesa2,294,lqn2uml,3334
NSGA,simplified-cocome__BRF_clone_1.23__moc_1.64__mcnn_1.80__moncnn_1.45__MaxEval_102__ProbPAs_0.95__sb_none_sbth_6000__Algo_pesa2,294,counting_pas,294,8912
simplified-cocome,simplified-cocome__BRF_clone_1.23__moc_1.64__mcnn_1.80__moncnn_1.45__MaxEval_102__ProbPAs_0.95__sb_none_sbth_6000__Algo_pesa2,294,perfQ,3943
simplified-cocome,simplified-cocome__BRF_clone_1.23__moc_1.64__mcnn_1.80__moncnn_1.45__MaxEval_102__ProbPAs_0.95__sb_none_sbth_6000__Algo_pesa2,reliability,187
simplified-cocome,simplified-cocome__BRF_clone_1.23__moc_1.64__mcnn_1.80__moncnn_1.45__MaxEval_102__ProbPAs_0.95__sb_none_sbth_6000__Algo_pesa2,298,uml2lqn,5448
NSGA,simplified-cocome__BRF_clone_1.23__moc_1.64__mcnn_1.80__moncnn_1.45__MaxEval_102__ProbPAs_0.95__sb_none_sbth_6000__Algo_pesa2,298,invoke_solver,415
NSGA,simplified-cocome__BRF_clone_1.23__moc_1.64__mcnn_1.80__moncnn_1.45__MaxEval_102__ProbPAs_0.95__sb_none_sbth_6000__Algo_pesa2,298,lqn2uml,3160
NSGA,simplified-cocome__BRF_clone_1.23__moc_1.64__mcnn_1.80__moncnn_1.45__MaxEval_102__ProbPAs_0.95__sb_none_sbth_6000__Algo_pesa2,298,counting_pas,298,9155
simplified-cocome,simplified-cocome__BRF_clone_1.23__moc_1.64__mcnn_1.80__moncnn_1.45__MaxEval_102__ProbPAs_0.95__sb_none_sbth_6000__Algo_pesa2,298,perfQ,3742
simplified-cocome,simplified-cocome__BRF_clone_1.23__moc_1.64__mcnn_1.80__moncnn_1.45__MaxEval_102__ProbPAs_0.95__sb_none_sbth_6000__Algo_pesa2,reliability,169
simplified-cocome,simplified-cocome__BRF_clone_1.23__moc_1.64__mcnn_1.80__moncnn_1.45__MaxEval_102__ProbPAs_0.95__sb_none_sbth_6000__Algo_pesa2,302,uml2lqn,5551
NSGA,simplified-cocome__BRF_clone_1.23__moc_1.64__mcnn_1.80__moncnn_1.45__MaxEval_102__ProbPAs_0.95__sb_none_sbth_6000__Algo_pesa2,302,invoke_solver,292
NSGA,simplified-cocome__BRF_clone_1.23__moc_1.64__mcnn_1.80__moncnn_1.45__MaxEval_102__ProbPAs_0.95__sb_none_sbth_6000__Algo_pesa2,302,lqn2uml,3825
NSGA,simplified-cocome__BRF_clone_1.23__moc_1.64__mcnn_1.80__moncnn_1.45__MaxEval_102__ProbPAs_0.95__sb_none_sbth_6000__Algo_pesa2,302,counting_pas,302,9130
simplified-cocome,simplified-cocome__BRF_clone_1.23__moc_1.64__mcnn_1.80__moncnn_1.45__MaxEval_102__ProbPAs_0.95__sb_none_sbth_6000__Algo_pesa2,302,perfQ,3583
simplified-cocome,simplified-cocome__BRF_clone_1.23__moc_1.64__mcnn_1.80__moncnn_1.45__MaxEval_102__ProbPAs_0.95__sb_none_sbth_6000__Algo_pesa2,reliability,214
simplified-cocome,simplified-cocome__BRF_clone_1.23__moc_1.64__mcnn_1.80__moncnn_1.45__MaxEval_102__ProbPAs_0.95__sb_none_sbth_6000__Algo_pesa2,306,uml2lqn,4787
NSGA,simplified-cocome__BRF_clone_1.23__moc_1.64__mcnn_1.80__moncnn_1.45__MaxEval_102__ProbPAs_0.95__sb_none_sbth_6000__Algo_pesa2,306,invoke_solver,86
NSGA,simplified-cocome__BRF_clone_1.23__moc_1.64__mcnn_1.80__moncnn_1.45__MaxEval_102__ProbPAs_0.95__sb_none_sbth_6000__Algo_pesa2,306,lqn2uml,2483
NSGA,simplified-cocome__BRF_clone_1.23__moc_1.64__mcnn_1.80__moncnn_1.45__MaxEval_102__ProbPAs_0.95__sb_none_sbth_6000__Algo_pesa2,306,counting_pas,306,8627
simplified-cocome,simplified-cocome__BRF_clone_1.23__moc_1.64__mcnn_1.80__moncnn_1.45__MaxEval_102__ProbPAs_0.95__sb_none_sbth_6000__Algo_pesa2,306,perfQ,3631
simplified-cocome,simplified-cocome__BRF_clone_1.23__moc_1.64__mcnn_1.80__moncnn_1.45__MaxEval_102__ProbPAs_0.95__sb_none_sbth_6000__Algo_pesa2,reliability,174
simplified-cocome,simplified-cocome__BRF_clone_1.23__moc_1.64__mcnn_1.80__moncnn_1.45__MaxEval_102__ProbPAs_0.95__sb_none_sbth_6000__Algo_pesa2,310,uml2lqn,5301
NSGA,simplified-cocome__BRF_clone_1.23__moc_1.64__mcnn_1.80__moncnn_1.45__MaxEval_102__ProbPAs_0.95__sb_none_sbth_6000__Algo_pesa2,310,invoke_solver,253
NSGA,simplified-cocome__BRF_clone_1.23__moc_1.64__mcnn_1.80__moncnn_1.45__MaxEval_102__ProbPAs_0.95__sb_none_sbth_6000__Algo_pesa2,310,lqn2uml,2893
NSGA,simplified-cocome__BRF_clone_1.23__moc_1.64__mcnn_1.80__moncnn_1.45__MaxEval_102__ProbPAs_0.95__sb_none_sbth_6000__Algo_pesa2,310,counting_pas,310,8336
simplified-cocome,simplified-cocome__BRF_clone_1.23__moc_1.64__mcnn_1.80__moncnn_1.45__MaxEval_102__ProbPAs_0.95__sb_none_sbth_6000__Algo_pesa2,310,perfQ,3607
simplified-cocome,simplified-cocome__BRF_clone_1.23__moc_1.64__mcnn_1.80__moncnn_1.45__MaxEval_102__ProbPAs_0.95__sb_none_sbth_6000__Algo_pesa2,reliability,180
simplified-cocome,simplified-cocome__BRF_clone_1.23__moc_1.64__mcnn_1.80__moncnn_1.45__MaxEval_102__ProbPAs_0.95__sb_none_sbth_6000__Algo_pesa2,314,uml2lqn,4974
NSGA,simplified-cocome__BRF_clone_1.23__moc_1.64__mcnn_1.80__moncnn_1.45__MaxEval_102__ProbPAs_0.95__sb_none_sbth_6000__Algo_pesa2,314,invoke_solver,399
NSGA,simplified-cocome__BRF_clone_1.23__moc_1.64__mcnn_1.80__moncnn_1.45__MaxEval_102__ProbPAs_0.95__sb_none_sbth_6000__Algo_pesa2,314,lqn2uml,3173
NSGA,simplified-cocome__BRF_clone_1.23__moc_1.64__mcnn_1.80__moncnn_1.45__MaxEval_102__ProbPAs_0.95__sb_none_sbth_6000__Algo_pesa2,314,counting_pas,314,8864
simplified-cocome,simplified-cocome__BRF_clone_1.23__moc_1.64__mcnn_1.80__moncnn_1.45__MaxEval_102__ProbPAs_0.95__sb_none_sbth_6000__Algo_pesa2,314,perfQ,2594
simplified-cocome,simplified-cocome__BRF_clone_1.23__moc_1.64__mcnn_1.80__moncnn_1.45__MaxEval_102__ProbPAs_0.95__sb_none_sbth_6000__Algo_pesa2,reliability,238
simplified-cocome,simplified-cocome__BRF_clone_1.23__moc_1.64__mcnn_1.80__moncnn_1.45__MaxEval_102__ProbPAs_0.95__sb_none_sbth_6000__Algo_pesa2,320,uml2lqn,5598
NSGA,simplified-cocome__BRF_clone_1.23__moc_1.64__mcnn_1.80__moncnn_1.45__MaxEval_102__ProbPAs_0.95__sb_none_sbth_6000__Algo_pesa2,320,invoke_solver,126
NSGA,simplified-cocome__BRF_clone_1.23__moc_1.64__mcnn_1.80__moncnn_1.45__MaxEval_102__ProbPAs_0.95__sb_none_sbth_6000__Algo_pesa2,320,lqn2uml,3613
NSGA,simplified-cocome__BRF_clone_1.23__moc_1.64__mcnn_1.80__moncnn_1.45__MaxEval_102__ProbPAs_0.95__sb_none_sbth_6000__Algo_pesa2,320,counting_pas,320,9353
simplified-cocome,simplified-cocome__BRF_clone_1.23__moc_1.64__mcnn_1.80__moncnn_1.45__MaxEval_102__ProbPAs_0.95__sb_none_sbth_6000__Algo_pesa2,320,perfQ,2825
simplified-cocome,simplified-cocome__BRF_clone_1.23__moc_1.64__mcnn_1.80__moncnn_1.45__MaxEval_102__ProbPAs_0.95__sb_none_sbth_6000__Algo_pesa2,reliability,173
simplified-cocome,simplified-cocome__BRF_clone_1.23__moc_1.64__mcnn_1.80__moncnn_1.45__MaxEval_102__ProbPAs_0.95__sb_none_sbth_6000__Algo_pesa2,322,uml2lqn,4800
NSGA,simplified-cocome__BRF_clone_1.23__moc_1.64__mcnn_1.80__moncnn_1.45__MaxEval_102__ProbPAs_0.95__sb_none_sbth_6000__Algo_pesa2,322,invoke_solver,113
NSGA,simplified-cocome__BRF_clone_1.23__moc_1.64__mcnn_1.80__moncnn_1.45__MaxEval_102__ProbPAs_0.95__sb_none_sbth_6000__Algo_pesa2,322,lqn2uml,3331
NSGA,simplified-cocome__BRF_clone_1.23__moc_1.64__mcnn_1.80__moncnn_1.45__MaxEval_102__ProbPAs_0.95__sb_none_sbth_6000__Algo_pesa2,322,counting_pas,322,7848
simplified-cocome,simplified-cocome__BRF_clone_1.23__moc_1.64__mcnn_1.80__moncnn_1.45__MaxEval_102__ProbPAs_0.95__sb_none_sbth_6000__Algo_pesa2,322,perfQ,2277
simplified-cocome,simplified-cocome__BRF_clone_1.23__moc_1.64__mcnn_1.80__moncnn_1.45__MaxEval_102__ProbPAs_0.95__sb_none_sbth_6000__Algo_pesa2,reliability,283
simplified-cocome,simplified-cocome__BRF_clone_1.23__moc_1.64__mcnn_1.80__moncnn_1.45__MaxEval_102__ProbPAs_0.95__sb_none_sbth_6000__Algo_pesa2,324,uml2lqn,5735
NSGA,simplified-cocome__BRF_clone_1.23__moc_1.64__mcnn_1.80__moncnn_1.45__MaxEval_102__ProbPAs_0.95__sb_none_sbth_6000__Algo_pesa2,324,invoke_solver,230
NSGA,simplified-cocome__BRF_clone_1.23__moc_1.64__mcnn_1.80__moncnn_1.45__MaxEval_102__ProbPAs_0.95__sb_none_sbth_6000__Algo_pesa2,324,lqn2uml,4083
NSGA,simplified-cocome__BRF_clone_1.23__moc_1.64__mcnn_1.80__moncnn_1.45__MaxEval_102__ProbPAs_0.95__sb_none_sbth_6000__Algo_pesa2,324,counting_pas,324,8606
simplified-cocome,simplified-cocome__BRF_clone_1.23__moc_1.64__mcnn_1.80__moncnn_1.45__MaxEval_102__ProbPAs_0.95__sb_none_sbth_6000__Algo_pesa2,324,perfQ,4439
simplified-cocome,simplified-cocome__BRF_clone_1.23__moc_1.64__mcnn_1.80__moncnn_1.45__MaxEval_102__ProbPAs_0.95__sb_none_sbth_6000__Algo_pesa2,reliability,178
simplified-cocome,simplified-cocome__BRF_clone_1.23__moc_1.64__mcnn_1.80__moncnn_1.45__MaxEval_102__ProbPAs_0.95__sb_none_sbth_6000__Algo_pesa2,328,uml2lqn,4886
NSGA,simplified-cocome__BRF_clone_1.23__moc_1.64__mcnn_1.80__moncnn_1.45__MaxEval_102__ProbPAs_0.95__sb_none_sbth_6000__Algo_pesa2,328,invoke_solver,311
NSGA,simplified-cocome__BRF_clone_1.23__moc_1.64__mcnn_1.80__moncnn_1.45__MaxEval_102__ProbPAs_0.95__sb_none_sbth_6000__Algo_pesa2,328,lqn2uml,2927
NSGA,simplified-cocome__BRF_clone_1.23__moc_1.64__mcnn_1.80__moncnn_1.45__MaxEval_102__ProbPAs_0.95__sb_none_sbth_6000__Algo_pesa2,328,counting_pas,328,8782
simplified-cocome,simplified-cocome__BRF_clone_1.23__moc_1.64__mcnn_1.80__moncnn_1.45__MaxEval_102__ProbPAs_0.95__sb_none_sbth_6000__Algo_pesa2,328,perfQ,3770
simplified-cocome,simplified-cocome__BRF_clone_1.23__moc_1.64__mcnn_1.80__moncnn_1.45__MaxEval_102__ProbPAs_0.95__sb_none_sbth_6000__Algo_pesa2,reliability,224
simplified-cocome,simplified-cocome__BRF_clone_1.23__moc_1.64__mcnn_1.80__moncnn_1.45__MaxEval_102__ProbPAs_0.95__sb_none_sbth_6000__Algo_pesa2,334,uml2lqn,5191
NSGA,simplified-cocome__BRF_clone_1.23__moc_1.64__mcnn_1.80__moncnn_1.45__MaxEval_102__ProbPAs_0.95__sb_none_sbth_6000__Algo_pesa2,334,invoke_solver,336
NSGA,simplified-cocome__BRF_clone_1.23__moc_1.64__mcnn_1.80__moncnn_1.45__MaxEval_102__ProbPAs_0.95__sb_none_sbth_6000__Algo_pesa2,334,lqn2uml,3421
NSGA,simplified-cocome__BRF_clone_1.23__moc_1.64__mcnn_1.80__moncnn_1.45__MaxEval_102__ProbPAs_0.95__sb_none_sbth_6000__Algo_pesa2,334,counting_pas,334,7997
simplified-cocome,simplified-cocome__BRF_clone_1.23__moc_1.64__mcnn_1.80__moncnn_1.45__MaxEval_102__ProbPAs_0.95__sb_none_sbth_6000__Algo_pesa2,334,perfQ,3129
simplified-cocome,simplified-cocome__BRF_clone_1.23__moc_1.64__mcnn_1.80__moncnn_1.45__MaxEval_102__ProbPAs_0.95__sb_none_sbth_6000__Algo_pesa2,reliability,166
simplified-cocome,simplified-cocome__BRF_clone_1.23__moc_1.64__mcnn_1.80__moncnn_1.45__MaxEval_102__ProbPAs_0.95__sb_none_sbth_6000__Algo_pesa2,336,uml2lqn,5642
NSGA,simplified-cocome__BRF_clone_1.23__moc_1.64__mcnn_1.80__moncnn_1.45__MaxEval_102__ProbPAs_0.95__sb_none_sbth_6000__Algo_pesa2,336,invoke_solver,295
NSGA,simplified-cocome__BRF_clone_1.23__moc_1.64__mcnn_1.80__moncnn_1.45__MaxEval_102__ProbPAs_0.95__sb_none_sbth_6000__Algo_pesa2,336,lqn2uml,3097
NSGA,simplified-cocome__BRF_clone_1.23__moc_1.64__mcnn_1.80__moncnn_1.45__MaxEval_102__ProbPAs_0.95__sb_none_sbth_6000__Algo_pesa2,336,counting_pas,336,9087
simplified-cocome,simplified-cocome__BRF_clone_1.23__moc_1.64__mcnn_1.80__moncnn_1.45__MaxEval_102__ProbPAs_0.95__sb_none_sbth_6000__Algo_pesa2,336,perfQ,3243
simplified-cocome,simplified-cocome__BRF_clone_1.23__moc_1.64__mcnn_1.80__moncnn_1.45__MaxEval_102__ProbPAs_0.95__sb_none_sbth_6000__Algo_pesa2,reliability,186
simplified-cocome,simplified-cocome__BRF_clone_1.23__moc_1.64__mcnn_1.80__moncnn_1.45__MaxEval_102__ProbPAs_0.95__sb_none_sbth_6000__Algo_pesa2,340,uml2lqn,6039
NSGA,simplified-cocome__BRF_clone_1.23__moc_1.64__mcnn_1.80__moncnn_1.45__MaxEval_102__ProbPAs_0.95__sb_none_sbth_6000__Algo_pesa2,340,invoke_solver,363
NSGA,simplified-cocome__BRF_clone_1.23__moc_1.64__mcnn_1.80__moncnn_1.45__MaxEval_102__ProbPAs_0.95__sb_none_sbth_6000__Algo_pesa2,340,lqn2uml,3699
NSGA,simplified-cocome__BRF_clone_1.23__moc_1.64__mcnn_1.80__moncnn_1.45__MaxEval_102__ProbPAs_0.95__sb_none_sbth_6000__Algo_pesa2,340,counting_pas,340,7474
simplified-cocome,simplified-cocome__BRF_clone_1.23__moc_1.64__mcnn_1.80__moncnn_1.45__MaxEval_102__ProbPAs_0.95__sb_none_sbth_6000__Algo_pesa2,340,perfQ,2681
simplified-cocome,simplified-cocome__BRF_clone_1.23__moc_1.64__mcnn_1.80__moncnn_1.45__MaxEval_102__ProbPAs_0.95__sb_none_sbth_6000__Algo_pesa2,reliability,123
simplified-cocome,simplified-cocome__BRF_clone_1.23__moc_1.64__mcnn_1.80__moncnn_1.45__MaxEval_102__ProbPAs_0.95__sb_none_sbth_6000__Algo_pesa2,344,uml2lqn,5776
NSGA,simplified-cocome__BRF_clone_1.23__moc_1.64__mcnn_1.80__moncnn_1.45__MaxEval_102__ProbPAs_0.95__sb_none_sbth_6000__Algo_pesa2,344,invoke_solver,312
NSGA,simplified-cocome__BRF_clone_1.23__moc_1.64__mcnn_1.80__moncnn_1.45__MaxEval_102__ProbPAs_0.95__sb_none_sbth_6000__Algo_pesa2,344,lqn2uml,4364
NSGA,simplified-cocome__BRF_clone_1.23__moc_1.64__mcnn_1.80__moncnn_1.45__MaxEval_102__ProbPAs_0.95__sb_none_sbth_6000__Algo_pesa2,344,counting_pas,344,8406
simplified-cocome,simplified-cocome__BRF_clone_1.23__moc_1.64__mcnn_1.80__moncnn_1.45__MaxEval_102__ProbPAs_0.95__sb_none_sbth_6000__Algo_pesa2,344,perfQ,3195
simplified-cocome,simplified-cocome__BRF_clone_1.23__moc_1.64__mcnn_1.80__moncnn_1.45__MaxEval_102__ProbPAs_0.95__sb_none_sbth_6000__Algo_pesa2,reliability,159
simplified-cocome,simplified-cocome__BRF_clone_1.23__moc_1.64__mcnn_1.80__moncnn_1.45__MaxEval_102__ProbPAs_0.95__sb_none_sbth_6000__Algo_pesa2,348,uml2lqn,4763
NSGA,simplified-cocome__BRF_clone_1.23__moc_1.64__mcnn_1.80__moncnn_1.45__MaxEval_102__ProbPAs_0.95__sb_none_sbth_6000__Algo_pesa2,348,invoke_solver,287
NSGA,simplified-cocome__BRF_clone_1.23__moc_1.64__mcnn_1.80__moncnn_1.45__MaxEval_102__ProbPAs_0.95__sb_none_sbth_6000__Algo_pesa2,348,lqn2uml,4186
NSGA,simplified-cocome__BRF_clone_1.23__moc_1.64__mcnn_1.80__moncnn_1.45__MaxEval_102__ProbPAs_0.95__sb_none_sbth_6000__Algo_pesa2,348,counting_pas,348,8822
simplified-cocome,simplified-cocome__BRF_clone_1.23__moc_1.64__mcnn_1.80__moncnn_1.45__MaxEval_102__ProbPAs_0.95__sb_none_sbth_6000__Algo_pesa2,348,perfQ,3871
simplified-cocome,simplified-cocome__BRF_clone_1.23__moc_1.64__mcnn_1.80__moncnn_1.45__MaxEval_102__ProbPAs_0.95__sb_none_sbth_6000__Algo_pesa2,reliability,150
simplified-cocome,simplified-cocome__BRF_clone_1.23__moc_1.64__mcnn_1.80__moncnn_1.45__MaxEval_102__ProbPAs_0.95__sb_none_sbth_6000__Algo_pesa2,350,uml2lqn,5256
NSGA,simplified-cocome__BRF_clone_1.23__moc_1.64__mcnn_1.80__moncnn_1.45__MaxEval_102__ProbPAs_0.95__sb_none_sbth_6000__Algo_pesa2,350,invoke_solver,356
NSGA,simplified-cocome__BRF_clone_1.23__moc_1.64__mcnn_1.80__moncnn_1.45__MaxEval_102__ProbPAs_0.95__sb_none_sbth_6000__Algo_pesa2,350,lqn2uml,3052
NSGA,simplified-cocome__BRF_clone_1.23__moc_1.64__mcnn_1.80__moncnn_1.45__MaxEval_102__ProbPAs_0.95__sb_none_sbth_6000__Algo_pesa2,350,counting_pas,350,8254
simplified-cocome,simplified-cocome__BRF_clone_1.23__moc_1.64__mcnn_1.80__moncnn_1.45__MaxEval_102__ProbPAs_0.95__sb_none_sbth_6000__Algo_pesa2,350,perfQ,4555
simplified-cocome,simplified-cocome__BRF_clone_1.23__moc_1.64__mcnn_1.80__moncnn_1.45__MaxEval_102__ProbPAs_0.95__sb_none_sbth_6000__Algo_pesa2,reliability,172
simplified-cocome,simplified-cocome__BRF_clone_1.23__moc_1.64__mcnn_1.80__moncnn_1.45__MaxEval_102__ProbPAs_0.95__sb_none_sbth_6000__Algo_pesa2,356,uml2lqn,7073
NSGA,simplified-cocome__BRF_clone_1.23__moc_1.64__mcnn_1.80__moncnn_1.45__MaxEval_102__ProbPAs_0.95__sb_none_sbth_6000__Algo_pesa2,356,invoke_solver,303
NSGA,simplified-cocome__BRF_clone_1.23__moc_1.64__mcnn_1.80__moncnn_1.45__MaxEval_102__ProbPAs_0.95__sb_none_sbth_6000__Algo_pesa2,356,lqn2uml,4030
NSGA,simplified-cocome__BRF_clone_1.23__moc_1.64__mcnn_1.80__moncnn_1.45__MaxEval_102__ProbPAs_0.95__sb_none_sbth_6000__Algo_pesa2,356,counting_pas,356,8336
simplified-cocome,simplified-cocome__BRF_clone_1.23__moc_1.64__mcnn_1.80__moncnn_1.45__MaxEval_102__ProbPAs_0.95__sb_none_sbth_6000__Algo_pesa2,356,perfQ,4623
simplified-cocome,simplified-cocome__BRF_clone_1.23__moc_1.64__mcnn_1.80__moncnn_1.45__MaxEval_102__ProbPAs_0.95__sb_none_sbth_6000__Algo_pesa2,reliability,200
simplified-cocome,simplified-cocome__BRF_clone_1.23__moc_1.64__mcnn_1.80__moncnn_1.45__MaxEval_102__ProbPAs_0.95__sb_none_sbth_6000__Algo_pesa2,358,uml2lqn,5951
NSGA,simplified-cocome__BRF_clone_1.23__moc_1.64__mcnn_1.80__moncnn_1.45__MaxEval_102__ProbPAs_0.95__sb_none_sbth_6000__Algo_pesa2,358,invoke_solver,294
NSGA,simplified-cocome__BRF_clone_1.23__moc_1.64__mcnn_1.80__moncnn_1.45__MaxEval_102__ProbPAs_0.95__sb_none_sbth_6000__Algo_pesa2,358,lqn2uml,4649
NSGA,simplified-cocome__BRF_clone_1.23__moc_1.64__mcnn_1.80__moncnn_1.45__MaxEval_102__ProbPAs_0.95__sb_none_sbth_6000__Algo_pesa2,358,counting_pas,358,8486
simplified-cocome,simplified-cocome__BRF_clone_1.23__moc_1.64__mcnn_1.80__moncnn_1.45__MaxEval_102__ProbPAs_0.95__sb_none_sbth_6000__Algo_pesa2,358,perfQ,3459
simplified-cocome,simplified-cocome__BRF_clone_1.23__moc_1.64__mcnn_1.80__moncnn_1.45__MaxEval_102__ProbPAs_0.95__sb_none_sbth_6000__Algo_pesa2,reliability,190
simplified-cocome,simplified-cocome__BRF_clone_1.23__moc_1.64__mcnn_1.80__moncnn_1.45__MaxEval_102__ProbPAs_0.95__sb_none_sbth_6000__Algo_pesa2,364,uml2lqn,5283
NSGA,simplified-cocome__BRF_clone_1.23__moc_1.64__mcnn_1.80__moncnn_1.45__MaxEval_102__ProbPAs_0.95__sb_none_sbth_6000__Algo_pesa2,364,invoke_solver,328
NSGA,simplified-cocome__BRF_clone_1.23__moc_1.64__mcnn_1.80__moncnn_1.45__MaxEval_102__ProbPAs_0.95__sb_none_sbth_6000__Algo_pesa2,364,lqn2uml,2938
NSGA,simplified-cocome__BRF_clone_1.23__moc_1.64__mcnn_1.80__moncnn_1.45__MaxEval_102__ProbPAs_0.95__sb_none_sbth_6000__Algo_pesa2,364,counting_pas,364,9556
simplified-cocome,simplified-cocome__BRF_clone_1.23__moc_1.64__mcnn_1.80__moncnn_1.45__MaxEval_102__ProbPAs_0.95__sb_none_sbth_6000__Algo_pesa2,364,perfQ,4575
simplified-cocome,simplified-cocome__BRF_clone_1.23__moc_1.64__mcnn_1.80__moncnn_1.45__MaxEval_102__ProbPAs_0.95__sb_none_sbth_6000__Algo_pesa2,reliability,229
simplified-cocome,simplified-cocome__BRF_clone_1.23__moc_1.64__mcnn_1.80__moncnn_1.45__MaxEval_102__ProbPAs_0.95__sb_none_sbth_6000__Algo_pesa2,366,uml2lqn,6441
NSGA,simplified-cocome__BRF_clone_1.23__moc_1.64__mcnn_1.80__moncnn_1.45__MaxEval_102__ProbPAs_0.95__sb_none_sbth_6000__Algo_pesa2,366,invoke_solver,103
NSGA,simplified-cocome__BRF_clone_1.23__moc_1.64__mcnn_1.80__moncnn_1.45__MaxEval_102__ProbPAs_0.95__sb_none_sbth_6000__Algo_pesa2,366,lqn2uml,3667
NSGA,simplified-cocome__BRF_clone_1.23__moc_1.64__mcnn_1.80__moncnn_1.45__MaxEval_102__ProbPAs_0.95__sb_none_sbth_6000__Algo_pesa2,366,counting_pas,366,9912
simplified-cocome,simplified-cocome__BRF_clone_1.23__moc_1.64__mcnn_1.80__moncnn_1.45__MaxEval_102__ProbPAs_0.95__sb_none_sbth_6000__Algo_pesa2,366,perfQ,4318
simplified-cocome,simplified-cocome__BRF_clone_1.23__moc_1.64__mcnn_1.80__moncnn_1.45__MaxEval_102__ProbPAs_0.95__sb_none_sbth_6000__Algo_pesa2,reliability,176
simplified-cocome,simplified-cocome__BRF_clone_1.23__moc_1.64__mcnn_1.80__moncnn_1.45__MaxEval_102__ProbPAs_0.95__sb_none_sbth_6000__Algo_pesa2,368,uml2lqn,4741
NSGA,simplified-cocome__BRF_clone_1.23__moc_1.64__mcnn_1.80__moncnn_1.45__MaxEval_102__ProbPAs_0.95__sb_none_sbth_6000__Algo_pesa2,368,invoke_solver,90
NSGA,simplified-cocome__BRF_clone_1.23__moc_1.64__mcnn_1.80__moncnn_1.45__MaxEval_102__ProbPAs_0.95__sb_none_sbth_6000__Algo_pesa2,368,lqn2uml,3042
NSGA,simplified-cocome__BRF_clone_1.23__moc_1.64__mcnn_1.80__moncnn_1.45__MaxEval_102__ProbPAs_0.95__sb_none_sbth_6000__Algo_pesa2,368,counting_pas,368,8486
simplified-cocome,simplified-cocome__BRF_clone_1.23__moc_1.64__mcnn_1.80__moncnn_1.45__MaxEval_102__ProbPAs_0.95__sb_none_sbth_6000__Algo_pesa2,368,perfQ,3703
simplified-cocome,simplified-cocome__BRF_clone_1.23__moc_1.64__mcnn_1.80__moncnn_1.45__MaxEval_102__ProbPAs_0.95__sb_none_sbth_6000__Algo_pesa2,reliability,189
simplified-cocome,simplified-cocome__BRF_clone_1.23__moc_1.64__mcnn_1.80__moncnn_1.45__MaxEval_102__ProbPAs_0.95__sb_none_sbth_6000__Algo_pesa2,372,uml2lqn,6536
NSGA,simplified-cocome__BRF_clone_1.23__moc_1.64__mcnn_1.80__moncnn_1.45__MaxEval_102__ProbPAs_0.95__sb_none_sbth_6000__Algo_pesa2,372,invoke_solver,73
NSGA,simplified-cocome__BRF_clone_1.23__moc_1.64__mcnn_1.80__moncnn_1.45__MaxEval_102__ProbPAs_0.95__sb_none_sbth_6000__Algo_pesa2,372,lqn2uml,4260
NSGA,simplified-cocome__BRF_clone_1.23__moc_1.64__mcnn_1.80__moncnn_1.45__MaxEval_102__ProbPAs_0.95__sb_none_sbth_6000__Algo_pesa2,372,counting_pas,372,8897
simplified-cocome,simplified-cocome__BRF_clone_1.23__moc_1.64__mcnn_1.80__moncnn_1.45__MaxEval_102__ProbPAs_0.95__sb_none_sbth_6000__Algo_pesa2,372,perfQ,4192
simplified-cocome,simplified-cocome__BRF_clone_1.23__moc_1.64__mcnn_1.80__moncnn_1.45__MaxEval_102__ProbPAs_0.95__sb_none_sbth_6000__Algo_pesa2,reliability,222
simplified-cocome,simplified-cocome__BRF_clone_1.23__moc_1.64__mcnn_1.80__moncnn_1.45__MaxEval_102__ProbPAs_0.95__sb_none_sbth_6000__Algo_pesa2,376,uml2lqn,6548
NSGA,simplified-cocome__BRF_clone_1.23__moc_1.64__mcnn_1.80__moncnn_1.45__MaxEval_102__ProbPAs_0.95__sb_none_sbth_6000__Algo_pesa2,376,invoke_solver,364
NSGA,simplified-cocome__BRF_clone_1.23__moc_1.64__mcnn_1.80__moncnn_1.45__MaxEval_102__ProbPAs_0.95__sb_none_sbth_6000__Algo_pesa2,376,lqn2uml,4874
NSGA,simplified-cocome__BRF_clone_1.23__moc_1.64__mcnn_1.80__moncnn_1.45__MaxEval_102__ProbPAs_0.95__sb_none_sbth_6000__Algo_pesa2,376,counting_pas,376,8600
simplified-cocome,simplified-cocome__BRF_clone_1.23__moc_1.64__mcnn_1.80__moncnn_1.45__MaxEval_102__ProbPAs_0.95__sb_none_sbth_6000__Algo_pesa2,376,perfQ,3684
simplified-cocome,simplified-cocome__BRF_clone_1.23__moc_1.64__mcnn_1.80__moncnn_1.45__MaxEval_102__ProbPAs_0.95__sb_none_sbth_6000__Algo_pesa2,reliability,223
simplified-cocome,simplified-cocome__BRF_clone_1.23__moc_1.64__mcnn_1.80__moncnn_1.45__MaxEval_102__ProbPAs_0.95__sb_none_sbth_6000__Algo_pesa2,380,uml2lqn,4494
NSGA,simplified-cocome__BRF_clone_1.23__moc_1.64__mcnn_1.80__moncnn_1.45__MaxEval_102__ProbPAs_0.95__sb_none_sbth_6000__Algo_pesa2,380,invoke_solver,310
NSGA,simplified-cocome__BRF_clone_1.23__moc_1.64__mcnn_1.80__moncnn_1.45__MaxEval_102__ProbPAs_0.95__sb_none_sbth_6000__Algo_pesa2,380,lqn2uml,3885
NSGA,simplified-cocome__BRF_clone_1.23__moc_1.64__mcnn_1.80__moncnn_1.45__MaxEval_102__ProbPAs_0.95__sb_none_sbth_6000__Algo_pesa2,380,counting_pas,380,8431
simplified-cocome,simplified-cocome__BRF_clone_1.23__moc_1.64__mcnn_1.80__moncnn_1.45__MaxEval_102__ProbPAs_0.95__sb_none_sbth_6000__Algo_pesa2,380,perfQ,3343
simplified-cocome,simplified-cocome__BRF_clone_1.23__moc_1.64__mcnn_1.80__moncnn_1.45__MaxEval_102__ProbPAs_0.95__sb_none_sbth_6000__Algo_pesa2,reliability,199
simplified-cocome,simplified-cocome__BRF_clone_1.23__moc_1.64__mcnn_1.80__moncnn_1.45__MaxEval_102__ProbPAs_0.95__sb_none_sbth_6000__Algo_pesa2,384,uml2lqn,4871
NSGA,simplified-cocome__BRF_clone_1.23__moc_1.64__mcnn_1.80__moncnn_1.45__MaxEval_102__ProbPAs_0.95__sb_none_sbth_6000__Algo_pesa2,384,invoke_solver,425
NSGA,simplified-cocome__BRF_clone_1.23__moc_1.64__mcnn_1.80__moncnn_1.45__MaxEval_102__ProbPAs_0.95__sb_none_sbth_6000__Algo_pesa2,384,lqn2uml,2935
NSGA,simplified-cocome__BRF_clone_1.23__moc_1.64__mcnn_1.80__moncnn_1.45__MaxEval_102__ProbPAs_0.95__sb_none_sbth_6000__Algo_pesa2,384,counting_pas,384,9298
simplified-cocome,simplified-cocome__BRF_clone_1.23__moc_1.64__mcnn_1.80__moncnn_1.45__MaxEval_102__ProbPAs_0.95__sb_none_sbth_6000__Algo_pesa2,384,perfQ,3823
simplified-cocome,simplified-cocome__BRF_clone_1.23__moc_1.64__mcnn_1.80__moncnn_1.45__MaxEval_102__ProbPAs_0.95__sb_none_sbth_6000__Algo_pesa2,reliability,206
simplified-cocome,simplified-cocome__BRF_clone_1.23__moc_1.64__mcnn_1.80__moncnn_1.45__MaxEval_102__ProbPAs_0.95__sb_none_sbth_6000__Algo_pesa2,388,uml2lqn,6632
NSGA,simplified-cocome__BRF_clone_1.23__moc_1.64__mcnn_1.80__moncnn_1.45__MaxEval_102__ProbPAs_0.95__sb_none_sbth_6000__Algo_pesa2,388,invoke_solver,53
NSGA,simplified-cocome__BRF_clone_1.23__moc_1.64__mcnn_1.80__moncnn_1.45__MaxEval_102__ProbPAs_0.95__sb_none_sbth_6000__Algo_pesa2,388,lqn2uml,4161
NSGA,simplified-cocome__BRF_clone_1.23__moc_1.64__mcnn_1.80__moncnn_1.45__MaxEval_102__ProbPAs_0.95__sb_none_sbth_6000__Algo_pesa2,388,counting_pas,388,11367
simplified-cocome,simplified-cocome__BRF_clone_1.23__moc_1.64__mcnn_1.80__moncnn_1.45__MaxEval_102__ProbPAs_0.95__sb_none_sbth_6000__Algo_pesa2,388,perfQ,4357
simplified-cocome,simplified-cocome__BRF_clone_1.23__moc_1.64__mcnn_1.80__moncnn_1.45__MaxEval_102__ProbPAs_0.95__sb_none_sbth_6000__Algo_pesa2,reliability,195
simplified-cocome,simplified-cocome__BRF_clone_1.23__moc_1.64__mcnn_1.80__moncnn_1.45__MaxEval_102__ProbPAs_0.95__sb_none_sbth_6000__Algo_pesa2,392,uml2lqn,6244
NSGA,simplified-cocome__BRF_clone_1.23__moc_1.64__mcnn_1.80__moncnn_1.45__MaxEval_102__ProbPAs_0.95__sb_none_sbth_6000__Algo_pesa2,392,invoke_solver,326
NSGA,simplified-cocome__BRF_clone_1.23__moc_1.64__mcnn_1.80__moncnn_1.45__MaxEval_102__ProbPAs_0.95__sb_none_sbth_6000__Algo_pesa2,392,lqn2uml,4164
NSGA,simplified-cocome__BRF_clone_1.23__moc_1.64__mcnn_1.80__moncnn_1.45__MaxEval_102__ProbPAs_0.95__sb_none_sbth_6000__Algo_pesa2,392,counting_pas,392,7831
simplified-cocome,simplified-cocome__BRF_clone_1.23__moc_1.64__mcnn_1.80__moncnn_1.45__MaxEval_102__ProbPAs_0.95__sb_none_sbth_6000__Algo_pesa2,392,perfQ,4433
simplified-cocome,simplified-cocome__BRF_clone_1.23__moc_1.64__mcnn_1.80__moncnn_1.45__MaxEval_102__ProbPAs_0.95__sb_none_sbth_6000__Algo_pesa2,reliability,229
simplified-cocome,simplified-cocome__BRF_clone_1.23__moc_1.64__mcnn_1.80__moncnn_1.45__MaxEval_102__ProbPAs_0.95__sb_none_sbth_6000__Algo_pesa2,398,uml2lqn,5632
NSGA,simplified-cocome__BRF_clone_1.23__moc_1.64__mcnn_1.80__moncnn_1.45__MaxEval_102__ProbPAs_0.95__sb_none_sbth_6000__Algo_pesa2,398,invoke_solver,246
NSGA,simplified-cocome__BRF_clone_1.23__moc_1.64__mcnn_1.80__moncnn_1.45__MaxEval_102__ProbPAs_0.95__sb_none_sbth_6000__Algo_pesa2,398,lqn2uml,3639
NSGA,simplified-cocome__BRF_clone_1.23__moc_1.64__mcnn_1.80__moncnn_1.45__MaxEval_102__ProbPAs_0.95__sb_none_sbth_6000__Algo_pesa2,398,counting_pas,398,9506
simplified-cocome,simplified-cocome__BRF_clone_1.23__moc_1.64__mcnn_1.80__moncnn_1.45__MaxEval_102__ProbPAs_0.95__sb_none_sbth_6000__Algo_pesa2,398,perfQ,4417
simplified-cocome,simplified-cocome__BRF_clone_1.23__moc_1.64__mcnn_1.80__moncnn_1.45__MaxEval_102__ProbPAs_0.95__sb_none_sbth_6000__Algo_pesa2,reliability,182
simplified-cocome,simplified-cocome__BRF_clone_1.23__moc_1.64__mcnn_1.80__moncnn_1.45__MaxEval_102__ProbPAs_0.95__sb_none_sbth_6000__Algo_pesa2,400,uml2lqn,6407
NSGA,simplified-cocome__BRF_clone_1.23__moc_1.64__mcnn_1.80__moncnn_1.45__MaxEval_102__ProbPAs_0.95__sb_none_sbth_6000__Algo_pesa2,400,invoke_solver,88
NSGA,simplified-cocome__BRF_clone_1.23__moc_1.64__mcnn_1.80__moncnn_1.45__MaxEval_102__ProbPAs_0.95__sb_none_sbth_6000__Algo_pesa2,400,lqn2uml,2855
NSGA,simplified-cocome__BRF_clone_1.23__moc_1.64__mcnn_1.80__moncnn_1.45__MaxEval_102__ProbPAs_0.95__sb_none_sbth_6000__Algo_pesa2,400,counting_pas,400,9665
simplified-cocome,simplified-cocome__BRF_clone_1.23__moc_1.64__mcnn_1.80__moncnn_1.45__MaxEval_102__ProbPAs_0.95__sb_none_sbth_6000__Algo_pesa2,400,perfQ,3931
simplified-cocome,simplified-cocome__BRF_clone_1.23__moc_1.64__mcnn_1.80__moncnn_1.45__MaxEval_102__ProbPAs_0.95__sb_none_sbth_6000__Algo_pesa2,reliability,253
simplified-cocome,simplified-cocome__BRF_clone_1.23__moc_1.64__mcnn_1.80__moncnn_1.45__MaxEval_102__ProbPAs_0.95__sb_none_sbth_6000__Algo_pesa2,402,uml2lqn,6732
NSGA,simplified-cocome__BRF_clone_1.23__moc_1.64__mcnn_1.80__moncnn_1.45__MaxEval_102__ProbPAs_0.95__sb_none_sbth_6000__Algo_pesa2,402,invoke_solver,64
NSGA,simplified-cocome__BRF_clone_1.23__moc_1.64__mcnn_1.80__moncnn_1.45__MaxEval_102__ProbPAs_0.95__sb_none_sbth_6000__Algo_pesa2,402,lqn2uml,5258
NSGA,simplified-cocome__BRF_clone_1.23__moc_1.64__mcnn_1.80__moncnn_1.45__MaxEval_102__ProbPAs_0.95__sb_none_sbth_6000__Algo_pesa2,402,counting_pas,402,9768
simplified-cocome,simplified-cocome__BRF_clone_1.23__moc_1.64__mcnn_1.80__moncnn_1.45__MaxEval_102__ProbPAs_0.95__sb_none_sbth_6000__Algo_pesa2,402,perfQ,4503
simplified-cocome,simplified-cocome__BRF_clone_1.23__moc_1.64__mcnn_1.80__moncnn_1.45__MaxEval_102__ProbPAs_0.95__sb_none_sbth_6000__Algo_pesa2,reliability,230
simplified-cocome,simplified-cocome__BRF_clone_1.23__moc_1.64__mcnn_1.80__moncnn_1.45__MaxEval_102__ProbPAs_0.95__sb_none_sbth_6000__Algo_pesa2,404,uml2lqn,6528
NSGA,simplified-cocome__BRF_clone_1.23__moc_1.64__mcnn_1.80__moncnn_1.45__MaxEval_102__ProbPAs_0.95__sb_none_sbth_6000__Algo_pesa2,404,invoke_solver,66
NSGA,simplified-cocome__BRF_clone_1.23__moc_1.64__mcnn_1.80__moncnn_1.45__MaxEval_102__ProbPAs_0.95__sb_none_sbth_6000__Algo_pesa2,404,lqn2uml,4659
NSGA,simplified-cocome__BRF_clone_1.23__moc_1.64__mcnn_1.80__moncnn_1.45__MaxEval_102__ProbPAs_0.95__sb_none_sbth_6000__Algo_pesa2,404,counting_pas,404,10165
simplified-cocome,simplified-cocome__BRF_clone_1.23__moc_1.64__mcnn_1.80__moncnn_1.45__MaxEval_102__ProbPAs_0.95__sb_none_sbth_6000__Algo_pesa2,404,perfQ,4204
simplified-cocome,simplified-cocome__BRF_clone_1.23__moc_1.64__mcnn_1.80__moncnn_1.45__MaxEval_102__ProbPAs_0.95__sb_none_sbth_6000__Algo_pesa2,reliability,154
simplified-cocome,simplified-cocome__BRF_clone_1.23__moc_1.64__mcnn_1.80__moncnn_1.45__MaxEval_102__ProbPAs_0.95__sb_none_sbth_6000__Algo_pesa2,406,uml2lqn,7575
NSGA,simplified-cocome__BRF_clone_1.23__moc_1.64__mcnn_1.80__moncnn_1.45__MaxEval_102__ProbPAs_0.95__sb_none_sbth_6000__Algo_pesa2,406,invoke_solver,374
NSGA,simplified-cocome__BRF_clone_1.23__moc_1.64__mcnn_1.80__moncnn_1.45__MaxEval_102__ProbPAs_0.95__sb_none_sbth_6000__Algo_pesa2,406,lqn2uml,4585
NSGA,simplified-cocome__BRF_clone_1.23__moc_1.64__mcnn_1.80__moncnn_1.45__MaxEval_102__ProbPAs_0.95__sb_none_sbth_6000__Algo_pesa2,406,counting_pas,406,9810
simplified-cocome,simplified-cocome__BRF_clone_1.23__moc_1.64__mcnn_1.80__moncnn_1.45__MaxEval_102__ProbPAs_0.95__sb_none_sbth_6000__Algo_pesa2,406,perfQ,4607
simplified-cocome,simplified-cocome__BRF_clone_1.23__moc_1.64__mcnn_1.80__moncnn_1.45__MaxEval_102__ProbPAs_0.95__sb_none_sbth_6000__Algo_pesa2,reliability,146
simplified-cocome,simplified-cocome__BRF_clone_1.23__moc_1.64__mcnn_1.80__moncnn_1.45__MaxEval_102__ProbPAs_0.95__sb_none_sbth_6000__Algo_pesa2,410,uml2lqn,6179
NSGA,simplified-cocome__BRF_clone_1.23__moc_1.64__mcnn_1.80__moncnn_1.45__MaxEval_102__ProbPAs_0.95__sb_none_sbth_6000__Algo_pesa2,410,invoke_solver,52
NSGA,simplified-cocome__BRF_clone_1.23__moc_1.64__mcnn_1.80__moncnn_1.45__MaxEval_102__ProbPAs_0.95__sb_none_sbth_6000__Algo_pesa2,410,lqn2uml,3821
NSGA,simplified-cocome__BRF_clone_1.23__moc_1.64__mcnn_1.80__moncnn_1.45__MaxEval_102__ProbPAs_0.95__sb_none_sbth_6000__Algo_pesa2,410,counting_pas,410,10217
simplified-cocome,simplified-cocome__BRF_clone_1.23__moc_1.64__mcnn_1.80__moncnn_1.45__MaxEval_102__ProbPAs_0.95__sb_none_sbth_6000__Algo_pesa2,410,perfQ,4103
simplified-cocome,simplified-cocome__BRF_clone_1.23__moc_1.64__mcnn_1.80__moncnn_1.45__MaxEval_102__ProbPAs_0.95__sb_none_sbth_6000__Algo_pesa2,reliability,239
simplified-cocome,simplified-cocome__BRF_clone_1.23__moc_1.64__mcnn_1.80__moncnn_1.45__MaxEval_102__ProbPAs_0.95__sb_none_sbth_6000__Algo_pesa2,412,uml2lqn,8090
NSGA,simplified-cocome__BRF_clone_1.23__moc_1.64__mcnn_1.80__moncnn_1.45__MaxEval_102__ProbPAs_0.95__sb_none_sbth_6000__Algo_pesa2,412,invoke_solver,128
NSGA,simplified-cocome__BRF_clone_1.23__moc_1.64__mcnn_1.80__moncnn_1.45__MaxEval_102__ProbPAs_0.95__sb_none_sbth_6000__Algo_pesa2,412,lqn2uml,4993
NSGA,simplified-cocome__BRF_clone_1.23__moc_1.64__mcnn_1.80__moncnn_1.45__MaxEval_102__ProbPAs_0.95__sb_none_sbth_6000__Algo_pesa2,412,counting_pas,412,9299
simplified-cocome,simplified-cocome__BRF_clone_1.23__moc_1.64__mcnn_1.80__moncnn_1.45__MaxEval_102__ProbPAs_0.95__sb_none_sbth_6000__Algo_pesa2,412,perfQ,5820
simplified-cocome,simplified-cocome__BRF_clone_1.23__moc_1.64__mcnn_1.80__moncnn_1.45__MaxEval_102__ProbPAs_0.95__sb_none_sbth_6000__Algo_pesa2,reliability,201
simplified-cocome,simplified-cocome__BRF_clone_1.23__moc_1.64__mcnn_1.80__moncnn_1.45__MaxEval_102__ProbPAs_0.95__sb_none_sbth_6000__Algo_pesa2,414,uml2lqn,6658
NSGA,simplified-cocome__BRF_clone_1.23__moc_1.64__mcnn_1.80__moncnn_1.45__MaxEval_102__ProbPAs_0.95__sb_none_sbth_6000__Algo_pesa2,414,invoke_solver,466
NSGA,simplified-cocome__BRF_clone_1.23__moc_1.64__mcnn_1.80__moncnn_1.45__MaxEval_102__ProbPAs_0.95__sb_none_sbth_6000__Algo_pesa2,414,lqn2uml,2924
NSGA,simplified-cocome__BRF_clone_1.23__moc_1.64__mcnn_1.80__moncnn_1.45__MaxEval_102__ProbPAs_0.95__sb_none_sbth_6000__Algo_pesa2,414,counting_pas,414,10189
simplified-cocome,simplified-cocome__BRF_clone_1.23__moc_1.64__mcnn_1.80__moncnn_1.45__MaxEval_102__ProbPAs_0.95__sb_none_sbth_6000__Algo_pesa2,414,perfQ,5408
simplified-cocome,simplified-cocome__BRF_clone_1.23__moc_1.64__mcnn_1.80__moncnn_1.45__MaxEval_102__ProbPAs_0.95__sb_none_sbth_6000__Algo_pesa2,reliability,209
simplified-cocome,simplified-cocome__BRF_clone_1.23__moc_1.64__mcnn_1.80__moncnn_1.45__MaxEval_102__ProbPAs_0.95__sb_none_sbth_6000__Algo_pesa2,418,uml2lqn,5235
NSGA,simplified-cocome__BRF_clone_1.23__moc_1.64__mcnn_1.80__moncnn_1.45__MaxEval_102__ProbPAs_0.95__sb_none_sbth_6000__Algo_pesa2,418,invoke_solver,278
NSGA,simplified-cocome__BRF_clone_1.23__moc_1.64__mcnn_1.80__moncnn_1.45__MaxEval_102__ProbPAs_0.95__sb_none_sbth_6000__Algo_pesa2,418,lqn2uml,3896
NSGA,simplified-cocome__BRF_clone_1.23__moc_1.64__mcnn_1.80__moncnn_1.45__MaxEval_102__ProbPAs_0.95__sb_none_sbth_6000__Algo_pesa2,418,counting_pas,418,8330
simplified-cocome,simplified-cocome__BRF_clone_1.23__moc_1.64__mcnn_1.80__moncnn_1.45__MaxEval_102__ProbPAs_0.95__sb_none_sbth_6000__Algo_pesa2,418,perfQ,4442
simplified-cocome,simplified-cocome__BRF_clone_1.23__moc_1.64__mcnn_1.80__moncnn_1.45__MaxEval_102__ProbPAs_0.95__sb_none_sbth_6000__Algo_pesa2,reliability,212
simplified-cocome,simplified-cocome__BRF_clone_1.23__moc_1.64__mcnn_1.80__moncnn_1.45__MaxEval_102__ProbPAs_0.95__sb_none_sbth_6000__Algo_pesa2,422,uml2lqn,5615
NSGA,simplified-cocome__BRF_clone_1.23__moc_1.64__mcnn_1.80__moncnn_1.45__MaxEval_102__ProbPAs_0.95__sb_none_sbth_6000__Algo_pesa2,422,invoke_solver,419
NSGA,simplified-cocome__BRF_clone_1.23__moc_1.64__mcnn_1.80__moncnn_1.45__MaxEval_102__ProbPAs_0.95__sb_none_sbth_6000__Algo_pesa2,422,lqn2uml,3486
NSGA,simplified-cocome__BRF_clone_1.23__moc_1.64__mcnn_1.80__moncnn_1.45__MaxEval_102__ProbPAs_0.95__sb_none_sbth_6000__Algo_pesa2,422,counting_pas,422,9922
simplified-cocome,simplified-cocome__BRF_clone_1.23__moc_1.64__mcnn_1.80__moncnn_1.45__MaxEval_102__ProbPAs_0.95__sb_none_sbth_6000__Algo_pesa2,422,perfQ,4346
simplified-cocome,simplified-cocome__BRF_clone_1.23__moc_1.64__mcnn_1.80__moncnn_1.45__MaxEval_102__ProbPAs_0.95__sb_none_sbth_6000__Algo_pesa2,reliability,133
simplified-cocome,simplified-cocome__BRF_clone_1.23__moc_1.64__mcnn_1.80__moncnn_1.45__MaxEval_102__ProbPAs_0.95__sb_none_sbth_6000__Algo_pesa2,426,uml2lqn,5944
NSGA,simplified-cocome__BRF_clone_1.23__moc_1.64__mcnn_1.80__moncnn_1.45__MaxEval_102__ProbPAs_0.95__sb_none_sbth_6000__Algo_pesa2,426,invoke_solver,306
NSGA,simplified-cocome__BRF_clone_1.23__moc_1.64__mcnn_1.80__moncnn_1.45__MaxEval_102__ProbPAs_0.95__sb_none_sbth_6000__Algo_pesa2,426,lqn2uml,4479
NSGA,simplified-cocome__BRF_clone_1.23__moc_1.64__mcnn_1.80__moncnn_1.45__MaxEval_102__ProbPAs_0.95__sb_none_sbth_6000__Algo_pesa2,426,counting_pas,426,9949
simplified-cocome,simplified-cocome__BRF_clone_1.23__moc_1.64__mcnn_1.80__moncnn_1.45__MaxEval_102__ProbPAs_0.95__sb_none_sbth_6000__Algo_pesa2,426,perfQ,4660
simplified-cocome,simplified-cocome__BRF_clone_1.23__moc_1.64__mcnn_1.80__moncnn_1.45__MaxEval_102__ProbPAs_0.95__sb_none_sbth_6000__Algo_pesa2,reliability,262
simplified-cocome,simplified-cocome__BRF_clone_1.23__moc_1.64__mcnn_1.80__moncnn_1.45__MaxEval_102__ProbPAs_0.95__sb_none_sbth_6000__Algo_pesa2,430,uml2lqn,6962
NSGA,simplified-cocome__BRF_clone_1.23__moc_1.64__mcnn_1.80__moncnn_1.45__MaxEval_102__ProbPAs_0.95__sb_none_sbth_6000__Algo_pesa2,430,invoke_solver,132
NSGA,simplified-cocome__BRF_clone_1.23__moc_1.64__mcnn_1.80__moncnn_1.45__MaxEval_102__ProbPAs_0.95__sb_none_sbth_6000__Algo_pesa2,430,lqn2uml,4695
NSGA,simplified-cocome__BRF_clone_1.23__moc_1.64__mcnn_1.80__moncnn_1.45__MaxEval_102__ProbPAs_0.95__sb_none_sbth_6000__Algo_pesa2,430,counting_pas,430,10635
simplified-cocome,simplified-cocome__BRF_clone_1.23__moc_1.64__mcnn_1.80__moncnn_1.45__MaxEval_102__ProbPAs_0.95__sb_none_sbth_6000__Algo_pesa2,430,perfQ,4386
simplified-cocome,simplified-cocome__BRF_clone_1.23__moc_1.64__mcnn_1.80__moncnn_1.45__MaxEval_102__ProbPAs_0.95__sb_none_sbth_6000__Algo_pesa2,reliability,165
simplified-cocome,simplified-cocome__BRF_clone_1.23__moc_1.64__mcnn_1.80__moncnn_1.45__MaxEval_102__ProbPAs_0.95__sb_none_sbth_6000__Algo_pesa2,436,uml2lqn,5593
NSGA,simplified-cocome__BRF_clone_1.23__moc_1.64__mcnn_1.80__moncnn_1.45__MaxEval_102__ProbPAs_0.95__sb_none_sbth_6000__Algo_pesa2,436,invoke_solver,318
NSGA,simplified-cocome__BRF_clone_1.23__moc_1.64__mcnn_1.80__moncnn_1.45__MaxEval_102__ProbPAs_0.95__sb_none_sbth_6000__Algo_pesa2,436,lqn2uml,3918
NSGA,simplified-cocome__BRF_clone_1.23__moc_1.64__mcnn_1.80__moncnn_1.45__MaxEval_102__ProbPAs_0.95__sb_none_sbth_6000__Algo_pesa2,436,counting_pas,436,9088
simplified-cocome,simplified-cocome__BRF_clone_1.23__moc_1.64__mcnn_1.80__moncnn_1.45__MaxEval_102__ProbPAs_0.95__sb_none_sbth_6000__Algo_pesa2,436,perfQ,4026
simplified-cocome,simplified-cocome__BRF_clone_1.23__moc_1.64__mcnn_1.80__moncnn_1.45__MaxEval_102__ProbPAs_0.95__sb_none_sbth_6000__Algo_pesa2,reliability,165
simplified-cocome,simplified-cocome__BRF_clone_1.23__moc_1.64__mcnn_1.80__moncnn_1.45__MaxEval_102__ProbPAs_0.95__sb_none_sbth_6000__Algo_pesa2,438,uml2lqn,5639
NSGA,simplified-cocome__BRF_clone_1.23__moc_1.64__mcnn_1.80__moncnn_1.45__MaxEval_102__ProbPAs_0.95__sb_none_sbth_6000__Algo_pesa2,438,invoke_solver,324
NSGA,simplified-cocome__BRF_clone_1.23__moc_1.64__mcnn_1.80__moncnn_1.45__MaxEval_102__ProbPAs_0.95__sb_none_sbth_6000__Algo_pesa2,438,lqn2uml,5714
NSGA,simplified-cocome__BRF_clone_1.23__moc_1.64__mcnn_1.80__moncnn_1.45__MaxEval_102__ProbPAs_0.95__sb_none_sbth_6000__Algo_pesa2,438,counting_pas,438,8075
simplified-cocome,simplified-cocome__BRF_clone_1.23__moc_1.64__mcnn_1.80__moncnn_1.45__MaxEval_102__ProbPAs_0.95__sb_none_sbth_6000__Algo_pesa2,438,perfQ,5816
simplified-cocome,simplified-cocome__BRF_clone_1.23__moc_1.64__mcnn_1.80__moncnn_1.45__MaxEval_102__ProbPAs_0.95__sb_none_sbth_6000__Algo_pesa2,reliability,237
simplified-cocome,simplified-cocome__BRF_clone_1.23__moc_1.64__mcnn_1.80__moncnn_1.45__MaxEval_102__ProbPAs_0.95__sb_none_sbth_6000__Algo_pesa2,444,uml2lqn,6935
NSGA,simplified-cocome__BRF_clone_1.23__moc_1.64__mcnn_1.80__moncnn_1.45__MaxEval_102__ProbPAs_0.95__sb_none_sbth_6000__Algo_pesa2,444,invoke_solver,251
NSGA,simplified-cocome__BRF_clone_1.23__moc_1.64__mcnn_1.80__moncnn_1.45__MaxEval_102__ProbPAs_0.95__sb_none_sbth_6000__Algo_pesa2,444,lqn2uml,4644
NSGA,simplified-cocome__BRF_clone_1.23__moc_1.64__mcnn_1.80__moncnn_1.45__MaxEval_102__ProbPAs_0.95__sb_none_sbth_6000__Algo_pesa2,444,counting_pas,444,8757
simplified-cocome,simplified-cocome__BRF_clone_1.23__moc_1.64__mcnn_1.80__moncnn_1.45__MaxEval_102__ProbPAs_0.95__sb_none_sbth_6000__Algo_pesa2,444,perfQ,4756
simplified-cocome,simplified-cocome__BRF_clone_1.23__moc_1.64__mcnn_1.80__moncnn_1.45__MaxEval_102__ProbPAs_0.95__sb_none_sbth_6000__Algo_pesa2,reliability,194
simplified-cocome,simplified-cocome__BRF_clone_1.23__moc_1.64__mcnn_1.80__moncnn_1.45__MaxEval_102__ProbPAs_0.95__sb_none_sbth_6000__Algo_pesa2,446,uml2lqn,5234
NSGA,simplified-cocome__BRF_clone_1.23__moc_1.64__mcnn_1.80__moncnn_1.45__MaxEval_102__ProbPAs_0.95__sb_none_sbth_6000__Algo_pesa2,446,invoke_solver,332
NSGA,simplified-cocome__BRF_clone_1.23__moc_1.64__mcnn_1.80__moncnn_1.45__MaxEval_102__ProbPAs_0.95__sb_none_sbth_6000__Algo_pesa2,446,lqn2uml,3850
NSGA,simplified-cocome__BRF_clone_1.23__moc_1.64__mcnn_1.80__moncnn_1.45__MaxEval_102__ProbPAs_0.95__sb_none_sbth_6000__Algo_pesa2,446,counting_pas,446,8442
simplified-cocome,simplified-cocome__BRF_clone_1.23__moc_1.64__mcnn_1.80__moncnn_1.45__MaxEval_102__ProbPAs_0.95__sb_none_sbth_6000__Algo_pesa2,446,perfQ,4504
simplified-cocome,simplified-cocome__BRF_clone_1.23__moc_1.64__mcnn_1.80__moncnn_1.45__MaxEval_102__ProbPAs_0.95__sb_none_sbth_6000__Algo_pesa2,reliability,174
simplified-cocome,simplified-cocome__BRF_clone_1.23__moc_1.64__mcnn_1.80__moncnn_1.45__MaxEval_102__ProbPAs_0.95__sb_none_sbth_6000__Algo_pesa2,448,uml2lqn,5624
NSGA,simplified-cocome__BRF_clone_1.23__moc_1.64__mcnn_1.80__moncnn_1.45__MaxEval_102__ProbPAs_0.95__sb_none_sbth_6000__Algo_pesa2,448,invoke_solver,67
NSGA,simplified-cocome__BRF_clone_1.23__moc_1.64__mcnn_1.80__moncnn_1.45__MaxEval_102__ProbPAs_0.95__sb_none_sbth_6000__Algo_pesa2,448,lqn2uml,4182
NSGA,simplified-cocome__BRF_clone_1.23__moc_1.64__mcnn_1.80__moncnn_1.45__MaxEval_102__ProbPAs_0.95__sb_none_sbth_6000__Algo_pesa2,448,counting_pas,448,10681
simplified-cocome,simplified-cocome__BRF_clone_1.23__moc_1.64__mcnn_1.80__moncnn_1.45__MaxEval_102__ProbPAs_0.95__sb_none_sbth_6000__Algo_pesa2,448,perfQ,4178
simplified-cocome,simplified-cocome__BRF_clone_1.23__moc_1.64__mcnn_1.80__moncnn_1.45__MaxEval_102__ProbPAs_0.95__sb_none_sbth_6000__Algo_pesa2,reliability,162
simplified-cocome,simplified-cocome__BRF_clone_1.23__moc_1.64__mcnn_1.80__moncnn_1.45__MaxEval_102__ProbPAs_0.95__sb_none_sbth_6000__Algo_pesa2,452,uml2lqn,5831
NSGA,simplified-cocome__BRF_clone_1.23__moc_1.64__mcnn_1.80__moncnn_1.45__MaxEval_102__ProbPAs_0.95__sb_none_sbth_6000__Algo_pesa2,452,invoke_solver,338
NSGA,simplified-cocome__BRF_clone_1.23__moc_1.64__mcnn_1.80__moncnn_1.45__MaxEval_102__ProbPAs_0.95__sb_none_sbth_6000__Algo_pesa2,452,lqn2uml,4809
NSGA,simplified-cocome__BRF_clone_1.23__moc_1.64__mcnn_1.80__moncnn_1.45__MaxEval_102__ProbPAs_0.95__sb_none_sbth_6000__Algo_pesa2,452,counting_pas,452,8730
simplified-cocome,simplified-cocome__BRF_clone_1.23__moc_1.64__mcnn_1.80__moncnn_1.45__MaxEval_102__ProbPAs_0.95__sb_none_sbth_6000__Algo_pesa2,452,perfQ,5327
simplified-cocome,simplified-cocome__BRF_clone_1.23__moc_1.64__mcnn_1.80__moncnn_1.45__MaxEval_102__ProbPAs_0.95__sb_none_sbth_6000__Algo_pesa2,reliability,180
simplified-cocome,simplified-cocome__BRF_clone_1.23__moc_1.64__mcnn_1.80__moncnn_1.45__MaxEval_102__ProbPAs_0.95__sb_none_sbth_6000__Algo_pesa2,456,uml2lqn,7091
NSGA,simplified-cocome__BRF_clone_1.23__moc_1.64__mcnn_1.80__moncnn_1.45__MaxEval_102__ProbPAs_0.95__sb_none_sbth_6000__Algo_pesa2,456,invoke_solver,160
NSGA,simplified-cocome__BRF_clone_1.23__moc_1.64__mcnn_1.80__moncnn_1.45__MaxEval_102__ProbPAs_0.95__sb_none_sbth_6000__Algo_pesa2,456,lqn2uml,5532
NSGA,simplified-cocome__BRF_clone_1.23__moc_1.64__mcnn_1.80__moncnn_1.45__MaxEval_102__ProbPAs_0.95__sb_none_sbth_6000__Algo_pesa2,456,counting_pas,456,8570
simplified-cocome,simplified-cocome__BRF_clone_1.23__moc_1.64__mcnn_1.80__moncnn_1.45__MaxEval_102__ProbPAs_0.95__sb_none_sbth_6000__Algo_pesa2,456,perfQ,5422
simplified-cocome,simplified-cocome__BRF_clone_1.23__moc_1.64__mcnn_1.80__moncnn_1.45__MaxEval_102__ProbPAs_0.95__sb_none_sbth_6000__Algo_pesa2,reliability,214
simplified-cocome,simplified-cocome__BRF_clone_1.23__moc_1.64__mcnn_1.80__moncnn_1.45__MaxEval_102__ProbPAs_0.95__sb_none_sbth_6000__Algo_pesa2,458,uml2lqn,6107
NSGA,simplified-cocome__BRF_clone_1.23__moc_1.64__mcnn_1.80__moncnn_1.45__MaxEval_102__ProbPAs_0.95__sb_none_sbth_6000__Algo_pesa2,458,invoke_solver,378
NSGA,simplified-cocome__BRF_clone_1.23__moc_1.64__mcnn_1.80__moncnn_1.45__MaxEval_102__ProbPAs_0.95__sb_none_sbth_6000__Algo_pesa2,458,lqn2uml,5436
NSGA,simplified-cocome__BRF_clone_1.23__moc_1.64__mcnn_1.80__moncnn_1.45__MaxEval_102__ProbPAs_0.95__sb_none_sbth_6000__Algo_pesa2,458,counting_pas,458,8237
simplified-cocome,simplified-cocome__BRF_clone_1.23__moc_1.64__mcnn_1.80__moncnn_1.45__MaxEval_102__ProbPAs_0.95__sb_none_sbth_6000__Algo_pesa2,458,perfQ,5007
simplified-cocome,simplified-cocome__BRF_clone_1.23__moc_1.64__mcnn_1.80__moncnn_1.45__MaxEval_102__ProbPAs_0.95__sb_none_sbth_6000__Algo_pesa2,reliability,245
simplified-cocome,simplified-cocome__BRF_clone_1.23__moc_1.64__mcnn_1.80__moncnn_1.45__MaxEval_102__ProbPAs_0.95__sb_none_sbth_6000__Algo_pesa2,462,uml2lqn,6015
NSGA,simplified-cocome__BRF_clone_1.23__moc_1.64__mcnn_1.80__moncnn_1.45__MaxEval_102__ProbPAs_0.95__sb_none_sbth_6000__Algo_pesa2,462,invoke_solver,399
NSGA,simplified-cocome__BRF_clone_1.23__moc_1.64__mcnn_1.80__moncnn_1.45__MaxEval_102__ProbPAs_0.95__sb_none_sbth_6000__Algo_pesa2,462,lqn2uml,4907
NSGA,simplified-cocome__BRF_clone_1.23__moc_1.64__mcnn_1.80__moncnn_1.45__MaxEval_102__ProbPAs_0.95__sb_none_sbth_6000__Algo_pesa2,462,counting_pas,462,8993
simplified-cocome,simplified-cocome__BRF_clone_1.23__moc_1.64__mcnn_1.80__moncnn_1.45__MaxEval_102__ProbPAs_0.95__sb_none_sbth_6000__Algo_pesa2,462,perfQ,5313
simplified-cocome,simplified-cocome__BRF_clone_1.23__moc_1.64__mcnn_1.80__moncnn_1.45__MaxEval_102__ProbPAs_0.95__sb_none_sbth_6000__Algo_pesa2,reliability,149
simplified-cocome,simplified-cocome__BRF_clone_1.23__moc_1.64__mcnn_1.80__moncnn_1.45__MaxEval_102__ProbPAs_0.95__sb_none_sbth_6000__Algo_pesa2,466,uml2lqn,7899
NSGA,simplified-cocome__BRF_clone_1.23__moc_1.64__mcnn_1.80__moncnn_1.45__MaxEval_102__ProbPAs_0.95__sb_none_sbth_6000__Algo_pesa2,466,invoke_solver,310
NSGA,simplified-cocome__BRF_clone_1.23__moc_1.64__mcnn_1.80__moncnn_1.45__MaxEval_102__ProbPAs_0.95__sb_none_sbth_6000__Algo_pesa2,466,lqn2uml,4852
NSGA,simplified-cocome__BRF_clone_1.23__moc_1.64__mcnn_1.80__moncnn_1.45__MaxEval_102__ProbPAs_0.95__sb_none_sbth_6000__Algo_pesa2,466,counting_pas,466,9185
simplified-cocome,simplified-cocome__BRF_clone_1.23__moc_1.64__mcnn_1.80__moncnn_1.45__MaxEval_102__ProbPAs_0.95__sb_none_sbth_6000__Algo_pesa2,466,perfQ,5276
simplified-cocome,simplified-cocome__BRF_clone_1.23__moc_1.64__mcnn_1.80__moncnn_1.45__MaxEval_102__ProbPAs_0.95__sb_none_sbth_6000__Algo_pesa2,reliability,225
simplified-cocome,simplified-cocome__BRF_clone_1.23__moc_1.64__mcnn_1.80__moncnn_1.45__MaxEval_102__ProbPAs_0.95__sb_none_sbth_6000__Algo_pesa2,470,uml2lqn,7676
NSGA,simplified-cocome__BRF_clone_1.23__moc_1.64__mcnn_1.80__moncnn_1.45__MaxEval_102__ProbPAs_0.95__sb_none_sbth_6000__Algo_pesa2,470,invoke_solver,98
NSGA,simplified-cocome__BRF_clone_1.23__moc_1.64__mcnn_1.80__moncnn_1.45__MaxEval_102__ProbPAs_0.95__sb_none_sbth_6000__Algo_pesa2,470,lqn2uml,4861
NSGA,simplified-cocome__BRF_clone_1.23__moc_1.64__mcnn_1.80__moncnn_1.45__MaxEval_102__ProbPAs_0.95__sb_none_sbth_6000__Algo_pesa2,470,counting_pas,470,7754
simplified-cocome,simplified-cocome__BRF_clone_1.23__moc_1.64__mcnn_1.80__moncnn_1.45__MaxEval_102__ProbPAs_0.95__sb_none_sbth_6000__Algo_pesa2,470,perfQ,5420
simplified-cocome,simplified-cocome__BRF_clone_1.23__moc_1.64__mcnn_1.80__moncnn_1.45__MaxEval_102__ProbPAs_0.95__sb_none_sbth_6000__Algo_pesa2,reliability,215
simplified-cocome,simplified-cocome__BRF_clone_1.23__moc_1.64__mcnn_1.80__moncnn_1.45__MaxEval_102__ProbPAs_0.95__sb_none_sbth_6000__Algo_pesa2,474,uml2lqn,5835
NSGA,simplified-cocome__BRF_clone_1.23__moc_1.64__mcnn_1.80__moncnn_1.45__MaxEval_102__ProbPAs_0.95__sb_none_sbth_6000__Algo_pesa2,474,invoke_solver,226
NSGA,simplified-cocome__BRF_clone_1.23__moc_1.64__mcnn_1.80__moncnn_1.45__MaxEval_102__ProbPAs_0.95__sb_none_sbth_6000__Algo_pesa2,474,lqn2uml,4855
NSGA,simplified-cocome__BRF_clone_1.23__moc_1.64__mcnn_1.80__moncnn_1.45__MaxEval_102__ProbPAs_0.95__sb_none_sbth_6000__Algo_pesa2,474,counting_pas,474,8908
simplified-cocome,simplified-cocome__BRF_clone_1.23__moc_1.64__mcnn_1.80__moncnn_1.45__MaxEval_102__ProbPAs_0.95__sb_none_sbth_6000__Algo_pesa2,474,perfQ,4282
simplified-cocome,simplified-cocome__BRF_clone_1.23__moc_1.64__mcnn_1.80__moncnn_1.45__MaxEval_102__ProbPAs_0.95__sb_none_sbth_6000__Algo_pesa2,reliability,171
simplified-cocome,simplified-cocome__BRF_clone_1.23__moc_1.64__mcnn_1.80__moncnn_1.45__MaxEval_102__ProbPAs_0.95__sb_none_sbth_6000__Algo_pesa2,478,uml2lqn,5787
NSGA,simplified-cocome__BRF_clone_1.23__moc_1.64__mcnn_1.80__moncnn_1.45__MaxEval_102__ProbPAs_0.95__sb_none_sbth_6000__Algo_pesa2,478,invoke_solver,308
NSGA,simplified-cocome__BRF_clone_1.23__moc_1.64__mcnn_1.80__moncnn_1.45__MaxEval_102__ProbPAs_0.95__sb_none_sbth_6000__Algo_pesa2,478,lqn2uml,4665
NSGA,simplified-cocome__BRF_clone_1.23__moc_1.64__mcnn_1.80__moncnn_1.45__MaxEval_102__ProbPAs_0.95__sb_none_sbth_6000__Algo_pesa2,478,counting_pas,478,7031
simplified-cocome,simplified-cocome__BRF_clone_1.23__moc_1.64__mcnn_1.80__moncnn_1.45__MaxEval_102__ProbPAs_0.95__sb_none_sbth_6000__Algo_pesa2,478,perfQ,5263
simplified-cocome,simplified-cocome__BRF_clone_1.23__moc_1.64__mcnn_1.80__moncnn_1.45__MaxEval_102__ProbPAs_0.95__sb_none_sbth_6000__Algo_pesa2,reliability,233
simplified-cocome,simplified-cocome__BRF_clone_1.23__moc_1.64__mcnn_1.80__moncnn_1.45__MaxEval_102__ProbPAs_0.95__sb_none_sbth_6000__Algo_pesa2,480,uml2lqn,7088
NSGA,simplified-cocome__BRF_clone_1.23__moc_1.64__mcnn_1.80__moncnn_1.45__MaxEval_102__ProbPAs_0.95__sb_none_sbth_6000__Algo_pesa2,480,invoke_solver,151
NSGA,simplified-cocome__BRF_clone_1.23__moc_1.64__mcnn_1.80__moncnn_1.45__MaxEval_102__ProbPAs_0.95__sb_none_sbth_6000__Algo_pesa2,480,lqn2uml,5226
NSGA,simplified-cocome__BRF_clone_1.23__moc_1.64__mcnn_1.80__moncnn_1.45__MaxEval_102__ProbPAs_0.95__sb_none_sbth_6000__Algo_pesa2,480,counting_pas,480,7740
simplified-cocome,simplified-cocome__BRF_clone_1.23__moc_1.64__mcnn_1.80__moncnn_1.45__MaxEval_102__ProbPAs_0.95__sb_none_sbth_6000__Algo_pesa2,480,perfQ,5006
simplified-cocome,simplified-cocome__BRF_clone_1.23__moc_1.64__mcnn_1.80__moncnn_1.45__MaxEval_102__ProbPAs_0.95__sb_none_sbth_6000__Algo_pesa2,reliability,204
simplified-cocome,simplified-cocome__BRF_clone_1.23__moc_1.64__mcnn_1.80__moncnn_1.45__MaxEval_102__ProbPAs_0.95__sb_none_sbth_6000__Algo_pesa2,484,uml2lqn,5767
NSGA,simplified-cocome__BRF_clone_1.23__moc_1.64__mcnn_1.80__moncnn_1.45__MaxEval_102__ProbPAs_0.95__sb_none_sbth_6000__Algo_pesa2,484,invoke_solver,107
NSGA,simplified-cocome__BRF_clone_1.23__moc_1.64__mcnn_1.80__moncnn_1.45__MaxEval_102__ProbPAs_0.95__sb_none_sbth_6000__Algo_pesa2,484,lqn2uml,4609
NSGA,simplified-cocome__BRF_clone_1.23__moc_1.64__mcnn_1.80__moncnn_1.45__MaxEval_102__ProbPAs_0.95__sb_none_sbth_6000__Algo_pesa2,484,counting_pas,484,8346
simplified-cocome,simplified-cocome__BRF_clone_1.23__moc_1.64__mcnn_1.80__moncnn_1.45__MaxEval_102__ProbPAs_0.95__sb_none_sbth_6000__Algo_pesa2,484,perfQ,2313
simplified-cocome,simplified-cocome__BRF_clone_1.23__moc_1.64__mcnn_1.80__moncnn_1.45__MaxEval_102__ProbPAs_0.95__sb_none_sbth_6000__Algo_pesa2,reliability,171
simplified-cocome,simplified-cocome__BRF_clone_1.23__moc_1.64__mcnn_1.80__moncnn_1.45__MaxEval_102__ProbPAs_0.95__sb_none_sbth_6000__Algo_pesa2,486,uml2lqn,6507
NSGA,simplified-cocome__BRF_clone_1.23__moc_1.64__mcnn_1.80__moncnn_1.45__MaxEval_102__ProbPAs_0.95__sb_none_sbth_6000__Algo_pesa2,486,invoke_solver,269
NSGA,simplified-cocome__BRF_clone_1.23__moc_1.64__mcnn_1.80__moncnn_1.45__MaxEval_102__ProbPAs_0.95__sb_none_sbth_6000__Algo_pesa2,486,lqn2uml,5069
NSGA,simplified-cocome__BRF_clone_1.23__moc_1.64__mcnn_1.80__moncnn_1.45__MaxEval_102__ProbPAs_0.95__sb_none_sbth_6000__Algo_pesa2,486,counting_pas,486,8447
simplified-cocome,simplified-cocome__BRF_clone_1.23__moc_1.64__mcnn_1.80__moncnn_1.45__MaxEval_102__ProbPAs_0.95__sb_none_sbth_6000__Algo_pesa2,486,perfQ,6016
simplified-cocome,simplified-cocome__BRF_clone_1.23__moc_1.64__mcnn_1.80__moncnn_1.45__MaxEval_102__ProbPAs_0.95__sb_none_sbth_6000__Algo_pesa2,reliability,173
simplified-cocome,simplified-cocome__BRF_clone_1.23__moc_1.64__mcnn_1.80__moncnn_1.45__MaxEval_102__ProbPAs_0.95__sb_none_sbth_6000__Algo_pesa2,488,uml2lqn,8051
NSGA,simplified-cocome__BRF_clone_1.23__moc_1.64__mcnn_1.80__moncnn_1.45__MaxEval_102__ProbPAs_0.95__sb_none_sbth_6000__Algo_pesa2,488,invoke_solver,385
NSGA,simplified-cocome__BRF_clone_1.23__moc_1.64__mcnn_1.80__moncnn_1.45__MaxEval_102__ProbPAs_0.95__sb_none_sbth_6000__Algo_pesa2,488,lqn2uml,6374
NSGA,simplified-cocome__BRF_clone_1.23__moc_1.64__mcnn_1.80__moncnn_1.45__MaxEval_102__ProbPAs_0.95__sb_none_sbth_6000__Algo_pesa2,488,counting_pas,488,7503
simplified-cocome,simplified-cocome__BRF_clone_1.23__moc_1.64__mcnn_1.80__moncnn_1.45__MaxEval_102__ProbPAs_0.95__sb_none_sbth_6000__Algo_pesa2,488,perfQ,6472
simplified-cocome,simplified-cocome__BRF_clone_1.23__moc_1.64__mcnn_1.80__moncnn_1.45__MaxEval_102__ProbPAs_0.95__sb_none_sbth_6000__Algo_pesa2,reliability,231
simplified-cocome,simplified-cocome__BRF_clone_1.23__moc_1.64__mcnn_1.80__moncnn_1.45__MaxEval_102__ProbPAs_0.95__sb_none_sbth_6000__Algo_pesa2,492,uml2lqn,7706
NSGA,simplified-cocome__BRF_clone_1.23__moc_1.64__mcnn_1.80__moncnn_1.45__MaxEval_102__ProbPAs_0.95__sb_none_sbth_6000__Algo_pesa2,492,invoke_solver,56
NSGA,simplified-cocome__BRF_clone_1.23__moc_1.64__mcnn_1.80__moncnn_1.45__MaxEval_102__ProbPAs_0.95__sb_none_sbth_6000__Algo_pesa2,492,lqn2uml,5648
NSGA,simplified-cocome__BRF_clone_1.23__moc_1.64__mcnn_1.80__moncnn_1.45__MaxEval_102__ProbPAs_0.95__sb_none_sbth_6000__Algo_pesa2,492,counting_pas,492,10521
simplified-cocome,simplified-cocome__BRF_clone_1.23__moc_1.64__mcnn_1.80__moncnn_1.45__MaxEval_102__ProbPAs_0.95__sb_none_sbth_6000__Algo_pesa2,492,perfQ,5683
simplified-cocome,simplified-cocome__BRF_clone_1.23__moc_1.64__mcnn_1.80__moncnn_1.45__MaxEval_102__ProbPAs_0.95__sb_none_sbth_6000__Algo_pesa2,reliability,164
simplified-cocome,simplified-cocome__BRF_clone_1.23__moc_1.64__mcnn_1.80__moncnn_1.45__MaxEval_102__ProbPAs_0.95__sb_none_sbth_6000__Algo_pesa2,496,uml2lqn,8707
NSGA,simplified-cocome__BRF_clone_1.23__moc_1.64__mcnn_1.80__moncnn_1.45__MaxEval_102__ProbPAs_0.95__sb_none_sbth_6000__Algo_pesa2,496,invoke_solver,280
NSGA,simplified-cocome__BRF_clone_1.23__moc_1.64__mcnn_1.80__moncnn_1.45__MaxEval_102__ProbPAs_0.95__sb_none_sbth_6000__Algo_pesa2,496,lqn2uml,6868
NSGA,simplified-cocome__BRF_clone_1.23__moc_1.64__mcnn_1.80__moncnn_1.45__MaxEval_102__ProbPAs_0.95__sb_none_sbth_6000__Algo_pesa2,496,counting_pas,496,8725
simplified-cocome,simplified-cocome__BRF_clone_1.23__moc_1.64__mcnn_1.80__moncnn_1.45__MaxEval_102__ProbPAs_0.95__sb_none_sbth_6000__Algo_pesa2,496,perfQ,6315
simplified-cocome,simplified-cocome__BRF_clone_1.23__moc_1.64__mcnn_1.80__moncnn_1.45__MaxEval_102__ProbPAs_0.95__sb_none_sbth_6000__Algo_pesa2,reliability,227
simplified-cocome,simplified-cocome__BRF_clone_1.23__moc_1.64__mcnn_1.80__moncnn_1.45__MaxEval_102__ProbPAs_0.95__sb_none_sbth_6000__Algo_pesa2,500,uml2lqn,8002
NSGA,simplified-cocome__BRF_clone_1.23__moc_1.64__mcnn_1.80__moncnn_1.45__MaxEval_102__ProbPAs_0.95__sb_none_sbth_6000__Algo_pesa2,500,invoke_solver,247
NSGA,simplified-cocome__BRF_clone_1.23__moc_1.64__mcnn_1.80__moncnn_1.45__MaxEval_102__ProbPAs_0.95__sb_none_sbth_6000__Algo_pesa2,500,lqn2uml,4679
NSGA,simplified-cocome__BRF_clone_1.23__moc_1.64__mcnn_1.80__moncnn_1.45__MaxEval_102__ProbPAs_0.95__sb_none_sbth_6000__Algo_pesa2,500,counting_pas,500,9533
simplified-cocome,simplified-cocome__BRF_clone_1.23__moc_1.64__mcnn_1.80__moncnn_1.45__MaxEval_102__ProbPAs_0.95__sb_none_sbth_6000__Algo_pesa2,500,perfQ,4025
simplified-cocome,simplified-cocome__BRF_clone_1.23__moc_1.64__mcnn_1.80__moncnn_1.45__MaxEval_102__ProbPAs_0.95__sb_none_sbth_6000__Algo_pesa2,reliability,216
simplified-cocome,simplified-cocome__BRF_clone_1.23__moc_1.64__mcnn_1.80__moncnn_1.45__MaxEval_102__ProbPAs_0.95__sb_none_sbth_6000__Algo_pesa2,506,uml2lqn,5905
NSGA,simplified-cocome__BRF_clone_1.23__moc_1.64__mcnn_1.80__moncnn_1.45__MaxEval_102__ProbPAs_0.95__sb_none_sbth_6000__Algo_pesa2,506,invoke_solver,338
NSGA,simplified-cocome__BRF_clone_1.23__moc_1.64__mcnn_1.80__moncnn_1.45__MaxEval_102__ProbPAs_0.95__sb_none_sbth_6000__Algo_pesa2,506,lqn2uml,5695
NSGA,simplified-cocome__BRF_clone_1.23__moc_1.64__mcnn_1.80__moncnn_1.45__MaxEval_102__ProbPAs_0.95__sb_none_sbth_6000__Algo_pesa2,506,counting_pas,506,7222
simplified-cocome,simplified-cocome__BRF_clone_1.23__moc_1.64__mcnn_1.80__moncnn_1.45__MaxEval_102__ProbPAs_0.95__sb_none_sbth_6000__Algo_pesa2,506,perfQ,5584
simplified-cocome,simplified-cocome__BRF_clone_1.23__moc_1.64__mcnn_1.80__moncnn_1.45__MaxEval_102__ProbPAs_0.95__sb_none_sbth_6000__Algo_pesa2,reliability,172
simplified-cocome,simplified-cocome__BRF_clone_1.23__moc_1.64__mcnn_1.80__moncnn_1.45__MaxEval_102__ProbPAs_0.95__sb_none_sbth_6000__Algo_pesa2,510,uml2lqn,7171
NSGA,simplified-cocome__BRF_clone_1.23__moc_1.64__mcnn_1.80__moncnn_1.45__MaxEval_102__ProbPAs_0.95__sb_none_sbth_6000__Algo_pesa2,510,invoke_solver,316
NSGA,simplified-cocome__BRF_clone_1.23__moc_1.64__mcnn_1.80__moncnn_1.45__MaxEval_102__ProbPAs_0.95__sb_none_sbth_6000__Algo_pesa2,510,lqn2uml,4783
NSGA,simplified-cocome__BRF_clone_1.23__moc_1.64__mcnn_1.80__moncnn_1.45__MaxEval_102__ProbPAs_0.95__sb_none_sbth_6000__Algo_pesa2,510,counting_pas,510,8739
simplified-cocome,simplified-cocome__BRF_clone_1.23__moc_1.64__mcnn_1.80__moncnn_1.45__MaxEval_102__ProbPAs_0.95__sb_none_sbth_6000__Algo_pesa2,510,perfQ,4059
simplified-cocome,simplified-cocome__BRF_clone_1.23__moc_1.64__mcnn_1.80__moncnn_1.45__MaxEval_102__ProbPAs_0.95__sb_none_sbth_6000__Algo_pesa2,reliability,195
simplified-cocome,simplified-cocome__BRF_clone_1.23__moc_1.64__mcnn_1.80__moncnn_1.45__MaxEval_102__ProbPAs_0.95__sb_none_sbth_6000__Algo_pesa2,512,uml2lqn,7635
NSGA,simplified-cocome__BRF_clone_1.23__moc_1.64__mcnn_1.80__moncnn_1.45__MaxEval_102__ProbPAs_0.95__sb_none_sbth_6000__Algo_pesa2,512,invoke_solver,93
NSGA,simplified-cocome__BRF_clone_1.23__moc_1.64__mcnn_1.80__moncnn_1.45__MaxEval_102__ProbPAs_0.95__sb_none_sbth_6000__Algo_pesa2,512,lqn2uml,5323
NSGA,simplified-cocome__BRF_clone_1.23__moc_1.64__mcnn_1.80__moncnn_1.45__MaxEval_102__ProbPAs_0.95__sb_none_sbth_6000__Algo_pesa2,512,counting_pas,512,8835
simplified-cocome,simplified-cocome__BRF_clone_1.23__moc_1.64__mcnn_1.80__moncnn_1.45__MaxEval_102__ProbPAs_0.95__sb_none_sbth_6000__Algo_pesa2,512,perfQ,5526
simplified-cocome,simplified-cocome__BRF_clone_1.23__moc_1.64__mcnn_1.80__moncnn_1.45__MaxEval_102__ProbPAs_0.95__sb_none_sbth_6000__Algo_pesa2,reliability,195
simplified-cocome,simplified-cocome__BRF_clone_1.23__moc_1.64__mcnn_1.80__moncnn_1.45__MaxEval_102__ProbPAs_0.95__sb_none_sbth_6000__Algo_pesa2,514,uml2lqn,8770
NSGA,simplified-cocome__BRF_clone_1.23__moc_1.64__mcnn_1.80__moncnn_1.45__MaxEval_102__ProbPAs_0.95__sb_none_sbth_6000__Algo_pesa2,514,invoke_solver,351
NSGA,simplified-cocome__BRF_clone_1.23__moc_1.64__mcnn_1.80__moncnn_1.45__MaxEval_102__ProbPAs_0.95__sb_none_sbth_6000__Algo_pesa2,514,lqn2uml,6830
NSGA,simplified-cocome__BRF_clone_1.23__moc_1.64__mcnn_1.80__moncnn_1.45__MaxEval_102__ProbPAs_0.95__sb_none_sbth_6000__Algo_pesa2,514,counting_pas,514,11020
simplified-cocome,simplified-cocome__BRF_clone_1.23__moc_1.64__mcnn_1.80__moncnn_1.45__MaxEval_102__ProbPAs_0.95__sb_none_sbth_6000__Algo_pesa2,514,perfQ,5987
simplified-cocome,simplified-cocome__BRF_clone_1.23__moc_1.64__mcnn_1.80__moncnn_1.45__MaxEval_102__ProbPAs_0.95__sb_none_sbth_6000__Algo_pesa2,reliability,213
simplified-cocome,simplified-cocome__BRF_clone_1.23__moc_1.64__mcnn_1.80__moncnn_1.45__MaxEval_102__ProbPAs_0.95__sb_none_sbth_6000__Algo_pesa2,518,uml2lqn,8680
NSGA,simplified-cocome__BRF_clone_1.23__moc_1.64__mcnn_1.80__moncnn_1.45__MaxEval_102__ProbPAs_0.95__sb_none_sbth_6000__Algo_pesa2,518,invoke_solver,328
NSGA,simplified-cocome__BRF_clone_1.23__moc_1.64__mcnn_1.80__moncnn_1.45__MaxEval_102__ProbPAs_0.95__sb_none_sbth_6000__Algo_pesa2,518,lqn2uml,7178
NSGA,simplified-cocome__BRF_clone_1.23__moc_1.64__mcnn_1.80__moncnn_1.45__MaxEval_102__ProbPAs_0.95__sb_none_sbth_6000__Algo_pesa2,518,counting_pas,518,8290
simplified-cocome,simplified-cocome__BRF_clone_1.23__moc_1.64__mcnn_1.80__moncnn_1.45__MaxEval_102__ProbPAs_0.95__sb_none_sbth_6000__Algo_pesa2,518,perfQ,5643
simplified-cocome,simplified-cocome__BRF_clone_1.23__moc_1.64__mcnn_1.80__moncnn_1.45__MaxEval_102__ProbPAs_0.95__sb_none_sbth_6000__Algo_pesa2,reliability,172
simplified-cocome,simplified-cocome__BRF_clone_1.23__moc_1.64__mcnn_1.80__moncnn_1.45__MaxEval_102__ProbPAs_0.95__sb_none_sbth_6000__Algo_pesa2,522,uml2lqn,8244
NSGA,simplified-cocome__BRF_clone_1.23__moc_1.64__mcnn_1.80__moncnn_1.45__MaxEval_102__ProbPAs_0.95__sb_none_sbth_6000__Algo_pesa2,522,invoke_solver,308
NSGA,simplified-cocome__BRF_clone_1.23__moc_1.64__mcnn_1.80__moncnn_1.45__MaxEval_102__ProbPAs_0.95__sb_none_sbth_6000__Algo_pesa2,522,lqn2uml,6275
NSGA,simplified-cocome__BRF_clone_1.23__moc_1.64__mcnn_1.80__moncnn_1.45__MaxEval_102__ProbPAs_0.95__sb_none_sbth_6000__Algo_pesa2,522,counting_pas,522,9525
simplified-cocome,simplified-cocome__BRF_clone_1.23__moc_1.64__mcnn_1.80__moncnn_1.45__MaxEval_102__ProbPAs_0.95__sb_none_sbth_6000__Algo_pesa2,522,perfQ,3492
simplified-cocome,simplified-cocome__BRF_clone_1.23__moc_1.64__mcnn_1.80__moncnn_1.45__MaxEval_102__ProbPAs_0.95__sb_none_sbth_6000__Algo_pesa2,reliability,166
simplified-cocome,simplified-cocome__BRF_clone_1.23__moc_1.64__mcnn_1.80__moncnn_1.45__MaxEval_102__ProbPAs_0.95__sb_none_sbth_6000__Algo_pesa2,526,uml2lqn,7323
NSGA,simplified-cocome__BRF_clone_1.23__moc_1.64__mcnn_1.80__moncnn_1.45__MaxEval_102__ProbPAs_0.95__sb_none_sbth_6000__Algo_pesa2,526,invoke_solver,389
NSGA,simplified-cocome__BRF_clone_1.23__moc_1.64__mcnn_1.80__moncnn_1.45__MaxEval_102__ProbPAs_0.95__sb_none_sbth_6000__Algo_pesa2,526,lqn2uml,6310
NSGA,simplified-cocome__BRF_clone_1.23__moc_1.64__mcnn_1.80__moncnn_1.45__MaxEval_102__ProbPAs_0.95__sb_none_sbth_6000__Algo_pesa2,526,counting_pas,526,9871
simplified-cocome,simplified-cocome__BRF_clone_1.23__moc_1.64__mcnn_1.80__moncnn_1.45__MaxEval_102__ProbPAs_0.95__sb_none_sbth_6000__Algo_pesa2,526,perfQ,5187
simplified-cocome,simplified-cocome__BRF_clone_1.23__moc_1.64__mcnn_1.80__moncnn_1.45__MaxEval_102__ProbPAs_0.95__sb_none_sbth_6000__Algo_pesa2,reliability,148
simplified-cocome,simplified-cocome__BRF_clone_1.23__moc_1.64__mcnn_1.80__moncnn_1.45__MaxEval_102__ProbPAs_0.95__sb_none_sbth_6000__Algo_pesa2,530,uml2lqn,6319
NSGA,simplified-cocome__BRF_clone_1.23__moc_1.64__mcnn_1.80__moncnn_1.45__MaxEval_102__ProbPAs_0.95__sb_none_sbth_6000__Algo_pesa2,530,invoke_solver,304
NSGA,simplified-cocome__BRF_clone_1.23__moc_1.64__mcnn_1.80__moncnn_1.45__MaxEval_102__ProbPAs_0.95__sb_none_sbth_6000__Algo_pesa2,530,lqn2uml,5853
NSGA,simplified-cocome__BRF_clone_1.23__moc_1.64__mcnn_1.80__moncnn_1.45__MaxEval_102__ProbPAs_0.95__sb_none_sbth_6000__Algo_pesa2,530,counting_pas,530,8093
simplified-cocome,simplified-cocome__BRF_clone_1.23__moc_1.64__mcnn_1.80__moncnn_1.45__MaxEval_102__ProbPAs_0.95__sb_none_sbth_6000__Algo_pesa2,530,perfQ,4492
simplified-cocome,simplified-cocome__BRF_clone_1.23__moc_1.64__mcnn_1.80__moncnn_1.45__MaxEval_102__ProbPAs_0.95__sb_none_sbth_6000__Algo_pesa2,reliability,190
simplified-cocome,simplified-cocome__BRF_clone_1.23__moc_1.64__mcnn_1.80__moncnn_1.45__MaxEval_102__ProbPAs_0.95__sb_none_sbth_6000__Algo_pesa2,532,uml2lqn,7348
NSGA,simplified-cocome__BRF_clone_1.23__moc_1.64__mcnn_1.80__moncnn_1.45__MaxEval_102__ProbPAs_0.95__sb_none_sbth_6000__Algo_pesa2,532,invoke_solver,341
NSGA,simplified-cocome__BRF_clone_1.23__moc_1.64__mcnn_1.80__moncnn_1.45__MaxEval_102__ProbPAs_0.95__sb_none_sbth_6000__Algo_pesa2,532,lqn2uml,5239
NSGA,simplified-cocome__BRF_clone_1.23__moc_1.64__mcnn_1.80__moncnn_1.45__MaxEval_102__ProbPAs_0.95__sb_none_sbth_6000__Algo_pesa2,532,counting_pas,532,8169
simplified-cocome,simplified-cocome__BRF_clone_1.23__moc_1.64__mcnn_1.80__moncnn_1.45__MaxEval_102__ProbPAs_0.95__sb_none_sbth_6000__Algo_pesa2,532,perfQ,4459
simplified-cocome,simplified-cocome__BRF_clone_1.23__moc_1.64__mcnn_1.80__moncnn_1.45__MaxEval_102__ProbPAs_0.95__sb_none_sbth_6000__Algo_pesa2,reliability,230
simplified-cocome,simplified-cocome__BRF_clone_1.23__moc_1.64__mcnn_1.80__moncnn_1.45__MaxEval_102__ProbPAs_0.95__sb_none_sbth_6000__Algo_pesa2,536,uml2lqn,7919
NSGA,simplified-cocome__BRF_clone_1.23__moc_1.64__mcnn_1.80__moncnn_1.45__MaxEval_102__ProbPAs_0.95__sb_none_sbth_6000__Algo_pesa2,536,invoke_solver,78
NSGA,simplified-cocome__BRF_clone_1.23__moc_1.64__mcnn_1.80__moncnn_1.45__MaxEval_102__ProbPAs_0.95__sb_none_sbth_6000__Algo_pesa2,536,lqn2uml,5284
NSGA,simplified-cocome__BRF_clone_1.23__moc_1.64__mcnn_1.80__moncnn_1.45__MaxEval_102__ProbPAs_0.95__sb_none_sbth_6000__Algo_pesa2,536,counting_pas,536,8199
simplified-cocome,simplified-cocome__BRF_clone_1.23__moc_1.64__mcnn_1.80__moncnn_1.45__MaxEval_102__ProbPAs_0.95__sb_none_sbth_6000__Algo_pesa2,536,perfQ,6324
simplified-cocome,simplified-cocome__BRF_clone_1.23__moc_1.64__mcnn_1.80__moncnn_1.45__MaxEval_102__ProbPAs_0.95__sb_none_sbth_6000__Algo_pesa2,reliability,255
simplified-cocome,simplified-cocome__BRF_clone_1.23__moc_1.64__mcnn_1.80__moncnn_1.45__MaxEval_102__ProbPAs_0.95__sb_none_sbth_6000__Algo_pesa2,540,uml2lqn,7818
NSGA,simplified-cocome__BRF_clone_1.23__moc_1.64__mcnn_1.80__moncnn_1.45__MaxEval_102__ProbPAs_0.95__sb_none_sbth_6000__Algo_pesa2,540,invoke_solver,353
NSGA,simplified-cocome__BRF_clone_1.23__moc_1.64__mcnn_1.80__moncnn_1.45__MaxEval_102__ProbPAs_0.95__sb_none_sbth_6000__Algo_pesa2,540,lqn2uml,6933
NSGA,simplified-cocome__BRF_clone_1.23__moc_1.64__mcnn_1.80__moncnn_1.45__MaxEval_102__ProbPAs_0.95__sb_none_sbth_6000__Algo_pesa2,540,counting_pas,540,10350
simplified-cocome,simplified-cocome__BRF_clone_1.23__moc_1.64__mcnn_1.80__moncnn_1.45__MaxEval_102__ProbPAs_0.95__sb_none_sbth_6000__Algo_pesa2,540,perfQ,4804
simplified-cocome,simplified-cocome__BRF_clone_1.23__moc_1.64__mcnn_1.80__moncnn_1.45__MaxEval_102__ProbPAs_0.95__sb_none_sbth_6000__Algo_pesa2,reliability,168
simplified-cocome,simplified-cocome__BRF_clone_1.23__moc_1.64__mcnn_1.80__moncnn_1.45__MaxEval_102__ProbPAs_0.95__sb_none_sbth_6000__Algo_pesa2,544,uml2lqn,7916
NSGA,simplified-cocome__BRF_clone_1.23__moc_1.64__mcnn_1.80__moncnn_1.45__MaxEval_102__ProbPAs_0.95__sb_none_sbth_6000__Algo_pesa2,544,invoke_solver,108
NSGA,simplified-cocome__BRF_clone_1.23__moc_1.64__mcnn_1.80__moncnn_1.45__MaxEval_102__ProbPAs_0.95__sb_none_sbth_6000__Algo_pesa2,544,lqn2uml,6517
NSGA,simplified-cocome__BRF_clone_1.23__moc_1.64__mcnn_1.80__moncnn_1.45__MaxEval_102__ProbPAs_0.95__sb_none_sbth_6000__Algo_pesa2,544,counting_pas,544,8405
simplified-cocome,simplified-cocome__BRF_clone_1.23__moc_1.64__mcnn_1.80__moncnn_1.45__MaxEval_102__ProbPAs_0.95__sb_none_sbth_6000__Algo_pesa2,544,perfQ,5523
simplified-cocome,simplified-cocome__BRF_clone_1.23__moc_1.64__mcnn_1.80__moncnn_1.45__MaxEval_102__ProbPAs_0.95__sb_none_sbth_6000__Algo_pesa2,reliability,158
simplified-cocome,simplified-cocome__BRF_clone_1.23__moc_1.64__mcnn_1.80__moncnn_1.45__MaxEval_102__ProbPAs_0.95__sb_none_sbth_6000__Algo_pesa2,550,uml2lqn,6351
NSGA,simplified-cocome__BRF_clone_1.23__moc_1.64__mcnn_1.80__moncnn_1.45__MaxEval_102__ProbPAs_0.95__sb_none_sbth_6000__Algo_pesa2,550,invoke_solver,68
NSGA,simplified-cocome__BRF_clone_1.23__moc_1.64__mcnn_1.80__moncnn_1.45__MaxEval_102__ProbPAs_0.95__sb_none_sbth_6000__Algo_pesa2,550,lqn2uml,4837
NSGA,simplified-cocome__BRF_clone_1.23__moc_1.64__mcnn_1.80__moncnn_1.45__MaxEval_102__ProbPAs_0.95__sb_none_sbth_6000__Algo_pesa2,550,counting_pas,550,8044
simplified-cocome,simplified-cocome__BRF_clone_1.23__moc_1.64__mcnn_1.80__moncnn_1.45__MaxEval_102__ProbPAs_0.95__sb_none_sbth_6000__Algo_pesa2,550,perfQ,5795
simplified-cocome,simplified-cocome__BRF_clone_1.23__moc_1.64__mcnn_1.80__moncnn_1.45__MaxEval_102__ProbPAs_0.95__sb_none_sbth_6000__Algo_pesa2,reliability,172
simplified-cocome,simplified-cocome__BRF_clone_1.23__moc_1.64__mcnn_1.80__moncnn_1.45__MaxEval_102__ProbPAs_0.95__sb_none_sbth_6000__Algo_pesa2,554,uml2lqn,7837
NSGA,simplified-cocome__BRF_clone_1.23__moc_1.64__mcnn_1.80__moncnn_1.45__MaxEval_102__ProbPAs_0.95__sb_none_sbth_6000__Algo_pesa2,554,invoke_solver,322
NSGA,simplified-cocome__BRF_clone_1.23__moc_1.64__mcnn_1.80__moncnn_1.45__MaxEval_102__ProbPAs_0.95__sb_none_sbth_6000__Algo_pesa2,554,lqn2uml,5662
NSGA,simplified-cocome__BRF_clone_1.23__moc_1.64__mcnn_1.80__moncnn_1.45__MaxEval_102__ProbPAs_0.95__sb_none_sbth_6000__Algo_pesa2,554,counting_pas,554,8068
simplified-cocome,simplified-cocome__BRF_clone_1.23__moc_1.64__mcnn_1.80__moncnn_1.45__MaxEval_102__ProbPAs_0.95__sb_none_sbth_6000__Algo_pesa2,554,perfQ,5483
simplified-cocome,simplified-cocome__BRF_clone_1.23__moc_1.64__mcnn_1.80__moncnn_1.45__MaxEval_102__ProbPAs_0.95__sb_none_sbth_6000__Algo_pesa2,reliability,236
simplified-cocome,simplified-cocome__BRF_clone_1.23__moc_1.64__mcnn_1.80__moncnn_1.45__MaxEval_102__ProbPAs_0.95__sb_none_sbth_6000__Algo_pesa2,556,uml2lqn,8857
NSGA,simplified-cocome__BRF_clone_1.23__moc_1.64__mcnn_1.80__moncnn_1.45__MaxEval_102__ProbPAs_0.95__sb_none_sbth_6000__Algo_pesa2,556,invoke_solver,125
NSGA,simplified-cocome__BRF_clone_1.23__moc_1.64__mcnn_1.80__moncnn_1.45__MaxEval_102__ProbPAs_0.95__sb_none_sbth_6000__Algo_pesa2,556,lqn2uml,6115
NSGA,simplified-cocome__BRF_clone_1.23__moc_1.64__mcnn_1.80__moncnn_1.45__MaxEval_102__ProbPAs_0.95__sb_none_sbth_6000__Algo_pesa2,556,counting_pas,556,8241
simplified-cocome,simplified-cocome__BRF_clone_1.23__moc_1.64__mcnn_1.80__moncnn_1.45__MaxEval_102__ProbPAs_0.95__sb_none_sbth_6000__Algo_pesa2,556,perfQ,4979
simplified-cocome,simplified-cocome__BRF_clone_1.23__moc_1.64__mcnn_1.80__moncnn_1.45__MaxEval_102__ProbPAs_0.95__sb_none_sbth_6000__Algo_pesa2,reliability,203
simplified-cocome,simplified-cocome__BRF_clone_1.23__moc_1.64__mcnn_1.80__moncnn_1.45__MaxEval_102__ProbPAs_0.95__sb_none_sbth_6000__Algo_pesa2,560,uml2lqn,7758
NSGA,simplified-cocome__BRF_clone_1.23__moc_1.64__mcnn_1.80__moncnn_1.45__MaxEval_102__ProbPAs_0.95__sb_none_sbth_6000__Algo_pesa2,560,invoke_solver,107
NSGA,simplified-cocome__BRF_clone_1.23__moc_1.64__mcnn_1.80__moncnn_1.45__MaxEval_102__ProbPAs_0.95__sb_none_sbth_6000__Algo_pesa2,560,lqn2uml,6739
NSGA,simplified-cocome__BRF_clone_1.23__moc_1.64__mcnn_1.80__moncnn_1.45__MaxEval_102__ProbPAs_0.95__sb_none_sbth_6000__Algo_pesa2,560,counting_pas,560,8392
simplified-cocome,simplified-cocome__BRF_clone_1.23__moc_1.64__mcnn_1.80__moncnn_1.45__MaxEval_102__ProbPAs_0.95__sb_none_sbth_6000__Algo_pesa2,560,perfQ,5239
simplified-cocome,simplified-cocome__BRF_clone_1.23__moc_1.64__mcnn_1.80__moncnn_1.45__MaxEval_102__ProbPAs_0.95__sb_none_sbth_6000__Algo_pesa2,reliability,180
simplified-cocome,simplified-cocome__BRF_clone_1.23__moc_1.64__mcnn_1.80__moncnn_1.45__MaxEval_102__ProbPAs_0.95__sb_none_sbth_6000__Algo_pesa2,564,uml2lqn,6931
NSGA,simplified-cocome__BRF_clone_1.23__moc_1.64__mcnn_1.80__moncnn_1.45__MaxEval_102__ProbPAs_0.95__sb_none_sbth_6000__Algo_pesa2,564,invoke_solver,270
NSGA,simplified-cocome__BRF_clone_1.23__moc_1.64__mcnn_1.80__moncnn_1.45__MaxEval_102__ProbPAs_0.95__sb_none_sbth_6000__Algo_pesa2,564,lqn2uml,5294
NSGA,simplified-cocome__BRF_clone_1.23__moc_1.64__mcnn_1.80__moncnn_1.45__MaxEval_102__ProbPAs_0.95__sb_none_sbth_6000__Algo_pesa2,564,counting_pas,564,9278
simplified-cocome,simplified-cocome__BRF_clone_1.23__moc_1.64__mcnn_1.80__moncnn_1.45__MaxEval_102__ProbPAs_0.95__sb_none_sbth_6000__Algo_pesa2,564,perfQ,4935
simplified-cocome,simplified-cocome__BRF_clone_1.23__moc_1.64__mcnn_1.80__moncnn_1.45__MaxEval_102__ProbPAs_0.95__sb_none_sbth_6000__Algo_pesa2,reliability,177
simplified-cocome,simplified-cocome__BRF_clone_1.23__moc_1.64__mcnn_1.80__moncnn_1.45__MaxEval_102__ProbPAs_0.95__sb_none_sbth_6000__Algo_pesa2,566,uml2lqn,7080
NSGA,simplified-cocome__BRF_clone_1.23__moc_1.64__mcnn_1.80__moncnn_1.45__MaxEval_102__ProbPAs_0.95__sb_none_sbth_6000__Algo_pesa2,566,invoke_solver,100
NSGA,simplified-cocome__BRF_clone_1.23__moc_1.64__mcnn_1.80__moncnn_1.45__MaxEval_102__ProbPAs_0.95__sb_none_sbth_6000__Algo_pesa2,566,lqn2uml,7190
NSGA,simplified-cocome__BRF_clone_1.23__moc_1.64__mcnn_1.80__moncnn_1.45__MaxEval_102__ProbPAs_0.95__sb_none_sbth_6000__Algo_pesa2,566,counting_pas,566,8434
simplified-cocome,simplified-cocome__BRF_clone_1.23__moc_1.64__mcnn_1.80__moncnn_1.45__MaxEval_102__ProbPAs_0.95__sb_none_sbth_6000__Algo_pesa2,566,perfQ,5393
simplified-cocome,simplified-cocome__BRF_clone_1.23__moc_1.64__mcnn_1.80__moncnn_1.45__MaxEval_102__ProbPAs_0.95__sb_none_sbth_6000__Algo_pesa2,reliability,228
simplified-cocome,simplified-cocome__BRF_clone_1.23__moc_1.64__mcnn_1.80__moncnn_1.45__MaxEval_102__ProbPAs_0.95__sb_none_sbth_6000__Algo_pesa2,572,uml2lqn,8783
NSGA,simplified-cocome__BRF_clone_1.23__moc_1.64__mcnn_1.80__moncnn_1.45__MaxEval_102__ProbPAs_0.95__sb_none_sbth_6000__Algo_pesa2,572,invoke_solver,233
NSGA,simplified-cocome__BRF_clone_1.23__moc_1.64__mcnn_1.80__moncnn_1.45__MaxEval_102__ProbPAs_0.95__sb_none_sbth_6000__Algo_pesa2,572,lqn2uml,7165
NSGA,simplified-cocome__BRF_clone_1.23__moc_1.64__mcnn_1.80__moncnn_1.45__MaxEval_102__ProbPAs_0.95__sb_none_sbth_6000__Algo_pesa2,572,counting_pas,572,8588
simplified-cocome,simplified-cocome__BRF_clone_1.23__moc_1.64__mcnn_1.80__moncnn_1.45__MaxEval_102__ProbPAs_0.95__sb_none_sbth_6000__Algo_pesa2,572,perfQ,5159
simplified-cocome,simplified-cocome__BRF_clone_1.23__moc_1.64__mcnn_1.80__moncnn_1.45__MaxEval_102__ProbPAs_0.95__sb_none_sbth_6000__Algo_pesa2,reliability,220
simplified-cocome,simplified-cocome__BRF_clone_1.23__moc_1.64__mcnn_1.80__moncnn_1.45__MaxEval_102__ProbPAs_0.95__sb_none_sbth_6000__Algo_pesa2,576,uml2lqn,9080
NSGA,simplified-cocome__BRF_clone_1.23__moc_1.64__mcnn_1.80__moncnn_1.45__MaxEval_102__ProbPAs_0.95__sb_none_sbth_6000__Algo_pesa2,576,invoke_solver,219
NSGA,simplified-cocome__BRF_clone_1.23__moc_1.64__mcnn_1.80__moncnn_1.45__MaxEval_102__ProbPAs_0.95__sb_none_sbth_6000__Algo_pesa2,576,lqn2uml,5762
NSGA,simplified-cocome__BRF_clone_1.23__moc_1.64__mcnn_1.80__moncnn_1.45__MaxEval_102__ProbPAs_0.95__sb_none_sbth_6000__Algo_pesa2,576,counting_pas,576,9030
simplified-cocome,simplified-cocome__BRF_clone_1.23__moc_1.64__mcnn_1.80__moncnn_1.45__MaxEval_102__ProbPAs_0.95__sb_none_sbth_6000__Algo_pesa2,576,perfQ,5299
simplified-cocome,simplified-cocome__BRF_clone_1.23__moc_1.64__mcnn_1.80__moncnn_1.45__MaxEval_102__ProbPAs_0.95__sb_none_sbth_6000__Algo_pesa2,reliability,195
simplified-cocome,simplified-cocome__BRF_clone_1.23__moc_1.64__mcnn_1.80__moncnn_1.45__MaxEval_102__ProbPAs_0.95__sb_none_sbth_6000__Algo_pesa2,578,uml2lqn,7955
NSGA,simplified-cocome__BRF_clone_1.23__moc_1.64__mcnn_1.80__moncnn_1.45__MaxEval_102__ProbPAs_0.95__sb_none_sbth_6000__Algo_pesa2,578,invoke_solver,129
NSGA,simplified-cocome__BRF_clone_1.23__moc_1.64__mcnn_1.80__moncnn_1.45__MaxEval_102__ProbPAs_0.95__sb_none_sbth_6000__Algo_pesa2,578,lqn2uml,5634
NSGA,simplified-cocome__BRF_clone_1.23__moc_1.64__mcnn_1.80__moncnn_1.45__MaxEval_102__ProbPAs_0.95__sb_none_sbth_6000__Algo_pesa2,578,counting_pas,578,8017
simplified-cocome,simplified-cocome__BRF_clone_1.23__moc_1.64__mcnn_1.80__moncnn_1.45__MaxEval_102__ProbPAs_0.95__sb_none_sbth_6000__Algo_pesa2,578,perfQ,6055
simplified-cocome,simplified-cocome__BRF_clone_1.23__moc_1.64__mcnn_1.80__moncnn_1.45__MaxEval_102__ProbPAs_0.95__sb_none_sbth_6000__Algo_pesa2,reliability,220
simplified-cocome,simplified-cocome__BRF_clone_1.23__moc_1.64__mcnn_1.80__moncnn_1.45__MaxEval_102__ProbPAs_0.95__sb_none_sbth_6000__Algo_pesa2,584,uml2lqn,9134
NSGA,simplified-cocome__BRF_clone_1.23__moc_1.64__mcnn_1.80__moncnn_1.45__MaxEval_102__ProbPAs_0.95__sb_none_sbth_6000__Algo_pesa2,584,invoke_solver,314
NSGA,simplified-cocome__BRF_clone_1.23__moc_1.64__mcnn_1.80__moncnn_1.45__MaxEval_102__ProbPAs_0.95__sb_none_sbth_6000__Algo_pesa2,584,lqn2uml,8600
NSGA,simplified-cocome__BRF_clone_1.23__moc_1.64__mcnn_1.80__moncnn_1.45__MaxEval_102__ProbPAs_0.95__sb_none_sbth_6000__Algo_pesa2,584,counting_pas,584,10012
simplified-cocome,simplified-cocome__BRF_clone_1.23__moc_1.64__mcnn_1.80__moncnn_1.45__MaxEval_102__ProbPAs_0.95__sb_none_sbth_6000__Algo_pesa2,584,perfQ,6331
simplified-cocome,simplified-cocome__BRF_clone_1.23__moc_1.64__mcnn_1.80__moncnn_1.45__MaxEval_102__ProbPAs_0.95__sb_none_sbth_6000__Algo_pesa2,reliability,197
simplified-cocome,simplified-cocome__BRF_clone_1.23__moc_1.64__mcnn_1.80__moncnn_1.45__MaxEval_102__ProbPAs_0.95__sb_none_sbth_6000__Algo_pesa2,588,uml2lqn,8930
NSGA,simplified-cocome__BRF_clone_1.23__moc_1.64__mcnn_1.80__moncnn_1.45__MaxEval_102__ProbPAs_0.95__sb_none_sbth_6000__Algo_pesa2,588,invoke_solver,156
NSGA,simplified-cocome__BRF_clone_1.23__moc_1.64__mcnn_1.80__moncnn_1.45__MaxEval_102__ProbPAs_0.95__sb_none_sbth_6000__Algo_pesa2,588,lqn2uml,5598
NSGA,simplified-cocome__BRF_clone_1.23__moc_1.64__mcnn_1.80__moncnn_1.45__MaxEval_102__ProbPAs_0.95__sb_none_sbth_6000__Algo_pesa2,588,counting_pas,588,9377
simplified-cocome,simplified-cocome__BRF_clone_1.23__moc_1.64__mcnn_1.80__moncnn_1.45__MaxEval_102__ProbPAs_0.95__sb_none_sbth_6000__Algo_pesa2,588,perfQ,4736
simplified-cocome,simplified-cocome__BRF_clone_1.23__moc_1.64__mcnn_1.80__moncnn_1.45__MaxEval_102__ProbPAs_0.95__sb_none_sbth_6000__Algo_pesa2,reliability,173
simplified-cocome,simplified-cocome__BRF_clone_1.23__moc_1.64__mcnn_1.80__moncnn_1.45__MaxEval_102__ProbPAs_0.95__sb_none_sbth_6000__Algo_pesa2,590,uml2lqn,9031
NSGA,simplified-cocome__BRF_clone_1.23__moc_1.64__mcnn_1.80__moncnn_1.45__MaxEval_102__ProbPAs_0.95__sb_none_sbth_6000__Algo_pesa2,590,invoke_solver,79
NSGA,simplified-cocome__BRF_clone_1.23__moc_1.64__mcnn_1.80__moncnn_1.45__MaxEval_102__ProbPAs_0.95__sb_none_sbth_6000__Algo_pesa2,590,lqn2uml,7321
NSGA,simplified-cocome__BRF_clone_1.23__moc_1.64__mcnn_1.80__moncnn_1.45__MaxEval_102__ProbPAs_0.95__sb_none_sbth_6000__Algo_pesa2,590,counting_pas,590,8365
simplified-cocome,simplified-cocome__BRF_clone_1.23__moc_1.64__mcnn_1.80__moncnn_1.45__MaxEval_102__ProbPAs_0.95__sb_none_sbth_6000__Algo_pesa2,590,perfQ,6871
simplified-cocome,simplified-cocome__BRF_clone_1.23__moc_1.64__mcnn_1.80__moncnn_1.45__MaxEval_102__ProbPAs_0.95__sb_none_sbth_6000__Algo_pesa2,reliability,173
simplified-cocome,simplified-cocome__BRF_clone_1.23__moc_1.64__mcnn_1.80__moncnn_1.45__MaxEval_102__ProbPAs_0.95__sb_none_sbth_6000__Algo_pesa2,592,uml2lqn,6691
NSGA,simplified-cocome__BRF_clone_1.23__moc_1.64__mcnn_1.80__moncnn_1.45__MaxEval_102__ProbPAs_0.95__sb_none_sbth_6000__Algo_pesa2,592,invoke_solver,323
NSGA,simplified-cocome__BRF_clone_1.23__moc_1.64__mcnn_1.80__moncnn_1.45__MaxEval_102__ProbPAs_0.95__sb_none_sbth_6000__Algo_pesa2,592,lqn2uml,6427
NSGA,simplified-cocome__BRF_clone_1.23__moc_1.64__mcnn_1.80__moncnn_1.45__MaxEval_102__ProbPAs_0.95__sb_none_sbth_6000__Algo_pesa2,592,counting_pas,592,7657
simplified-cocome,simplified-cocome__BRF_clone_1.23__moc_1.64__mcnn_1.80__moncnn_1.45__MaxEval_102__ProbPAs_0.95__sb_none_sbth_6000__Algo_pesa2,592,perfQ,6440
simplified-cocome,simplified-cocome__BRF_clone_1.23__moc_1.64__mcnn_1.80__moncnn_1.45__MaxEval_102__ProbPAs_0.95__sb_none_sbth_6000__Algo_pesa2,reliability,223
simplified-cocome,simplified-cocome__BRF_clone_1.23__moc_1.64__mcnn_1.80__moncnn_1.45__MaxEval_102__ProbPAs_0.95__sb_none_sbth_6000__Algo_pesa2,594,uml2lqn,9285
NSGA,simplified-cocome__BRF_clone_1.23__moc_1.64__mcnn_1.80__moncnn_1.45__MaxEval_102__ProbPAs_0.95__sb_none_sbth_6000__Algo_pesa2,594,invoke_solver,62
NSGA,simplified-cocome__BRF_clone_1.23__moc_1.64__mcnn_1.80__moncnn_1.45__MaxEval_102__ProbPAs_0.95__sb_none_sbth_6000__Algo_pesa2,594,lqn2uml,7212
NSGA,simplified-cocome__BRF_clone_1.23__moc_1.64__mcnn_1.80__moncnn_1.45__MaxEval_102__ProbPAs_0.95__sb_none_sbth_6000__Algo_pesa2,594,counting_pas,594,8787
simplified-cocome,simplified-cocome__BRF_clone_1.23__moc_1.64__mcnn_1.80__moncnn_1.45__MaxEval_102__ProbPAs_0.95__sb_none_sbth_6000__Algo_pesa2,594,perfQ,7401
simplified-cocome,simplified-cocome__BRF_clone_1.23__moc_1.64__mcnn_1.80__moncnn_1.45__MaxEval_102__ProbPAs_0.95__sb_none_sbth_6000__Algo_pesa2,reliability,228
simplified-cocome,simplified-cocome__BRF_clone_1.23__moc_1.64__mcnn_1.80__moncnn_1.45__MaxEval_102__ProbPAs_0.95__sb_none_sbth_6000__Algo_pesa2,596,uml2lqn,8639
NSGA,simplified-cocome__BRF_clone_1.23__moc_1.64__mcnn_1.80__moncnn_1.45__MaxEval_102__ProbPAs_0.95__sb_none_sbth_6000__Algo_pesa2,596,invoke_solver,108
NSGA,simplified-cocome__BRF_clone_1.23__moc_1.64__mcnn_1.80__moncnn_1.45__MaxEval_102__ProbPAs_0.95__sb_none_sbth_6000__Algo_pesa2,596,lqn2uml,7235
NSGA,simplified-cocome__BRF_clone_1.23__moc_1.64__mcnn_1.80__moncnn_1.45__MaxEval_102__ProbPAs_0.95__sb_none_sbth_6000__Algo_pesa2,596,counting_pas,596,9616
simplified-cocome,simplified-cocome__BRF_clone_1.23__moc_1.64__mcnn_1.80__moncnn_1.45__MaxEval_102__ProbPAs_0.95__sb_none_sbth_6000__Algo_pesa2,596,perfQ,6456
simplified-cocome,simplified-cocome__BRF_clone_1.23__moc_1.64__mcnn_1.80__moncnn_1.45__MaxEval_102__ProbPAs_0.95__sb_none_sbth_6000__Algo_pesa2,reliability,202
simplified-cocome,simplified-cocome__BRF_clone_1.23__moc_1.64__mcnn_1.80__moncnn_1.45__MaxEval_102__ProbPAs_0.95__sb_none_sbth_6000__Algo_pesa2,600,uml2lqn,7394
NSGA,simplified-cocome__BRF_clone_1.23__moc_1.64__mcnn_1.80__moncnn_1.45__MaxEval_102__ProbPAs_0.95__sb_none_sbth_6000__Algo_pesa2,600,invoke_solver,321
NSGA,simplified-cocome__BRF_clone_1.23__moc_1.64__mcnn_1.80__moncnn_1.45__MaxEval_102__ProbPAs_0.95__sb_none_sbth_6000__Algo_pesa2,600,lqn2uml,5474
NSGA,simplified-cocome__BRF_clone_1.23__moc_1.64__mcnn_1.80__moncnn_1.45__MaxEval_102__ProbPAs_0.95__sb_none_sbth_6000__Algo_pesa2,600,counting_pas,600,7390
simplified-cocome,simplified-cocome__BRF_clone_1.23__moc_1.64__mcnn_1.80__moncnn_1.45__MaxEval_102__ProbPAs_0.95__sb_none_sbth_6000__Algo_pesa2,600,perfQ,7115
simplified-cocome,simplified-cocome__BRF_clone_1.23__moc_1.64__mcnn_1.80__moncnn_1.45__MaxEval_102__ProbPAs_0.95__sb_none_sbth_6000__Algo_pesa2,reliability,177
simplified-cocome,simplified-cocome__BRF_clone_1.23__moc_1.64__mcnn_1.80__moncnn_1.45__MaxEval_102__ProbPAs_0.95__sb_none_sbth_6000__Algo_pesa2,604,uml2lqn,7032
NSGA,simplified-cocome__BRF_clone_1.23__moc_1.64__mcnn_1.80__moncnn_1.45__MaxEval_102__ProbPAs_0.95__sb_none_sbth_6000__Algo_pesa2,604,invoke_solver,79
NSGA,simplified-cocome__BRF_clone_1.23__moc_1.64__mcnn_1.80__moncnn_1.45__MaxEval_102__ProbPAs_0.95__sb_none_sbth_6000__Algo_pesa2,604,lqn2uml,6530
NSGA,simplified-cocome__BRF_clone_1.23__moc_1.64__mcnn_1.80__moncnn_1.45__MaxEval_102__ProbPAs_0.95__sb_none_sbth_6000__Algo_pesa2,604,counting_pas,604,8014
simplified-cocome,simplified-cocome__BRF_clone_1.23__moc_1.64__mcnn_1.80__moncnn_1.45__MaxEval_102__ProbPAs_0.95__sb_none_sbth_6000__Algo_pesa2,604,perfQ,6780
simplified-cocome,simplified-cocome__BRF_clone_1.23__moc_1.64__mcnn_1.80__moncnn_1.45__MaxEval_102__ProbPAs_0.95__sb_none_sbth_6000__Algo_pesa2,reliability,172
simplified-cocome,simplified-cocome__BRF_clone_1.23__moc_1.64__mcnn_1.80__moncnn_1.45__MaxEval_102__ProbPAs_0.95__sb_none_sbth_6000__Algo_pesa2,610,uml2lqn,6362
NSGA,simplified-cocome__BRF_clone_1.23__moc_1.64__mcnn_1.80__moncnn_1.45__MaxEval_102__ProbPAs_0.95__sb_none_sbth_6000__Algo_pesa2,610,invoke_solver,119
NSGA,simplified-cocome__BRF_clone_1.23__moc_1.64__mcnn_1.80__moncnn_1.45__MaxEval_102__ProbPAs_0.95__sb_none_sbth_6000__Algo_pesa2,610,lqn2uml,6879
NSGA,simplified-cocome__BRF_clone_1.23__moc_1.64__mcnn_1.80__moncnn_1.45__MaxEval_102__ProbPAs_0.95__sb_none_sbth_6000__Algo_pesa2,610,counting_pas,610,7366
simplified-cocome,simplified-cocome__BRF_clone_1.23__moc_1.64__mcnn_1.80__moncnn_1.45__MaxEval_102__ProbPAs_0.95__sb_none_sbth_6000__Algo_pesa2,610,perfQ,6933
simplified-cocome,simplified-cocome__BRF_clone_1.23__moc_1.64__mcnn_1.80__moncnn_1.45__MaxEval_102__ProbPAs_0.95__sb_none_sbth_6000__Algo_pesa2,reliability,160
simplified-cocome,simplified-cocome__BRF_clone_1.23__moc_1.64__mcnn_1.80__moncnn_1.45__MaxEval_102__ProbPAs_0.95__sb_none_sbth_6000__Algo_pesa2,612,uml2lqn,10264
NSGA,simplified-cocome__BRF_clone_1.23__moc_1.64__mcnn_1.80__moncnn_1.45__MaxEval_102__ProbPAs_0.95__sb_none_sbth_6000__Algo_pesa2,612,invoke_solver,163
NSGA,simplified-cocome__BRF_clone_1.23__moc_1.64__mcnn_1.80__moncnn_1.45__MaxEval_102__ProbPAs_0.95__sb_none_sbth_6000__Algo_pesa2,612,lqn2uml,7873
NSGA,simplified-cocome__BRF_clone_1.23__moc_1.64__mcnn_1.80__moncnn_1.45__MaxEval_102__ProbPAs_0.95__sb_none_sbth_6000__Algo_pesa2,612,counting_pas,612,8348
simplified-cocome,simplified-cocome__BRF_clone_1.23__moc_1.64__mcnn_1.80__moncnn_1.45__MaxEval_102__ProbPAs_0.95__sb_none_sbth_6000__Algo_pesa2,612,perfQ,7206
simplified-cocome,simplified-cocome__BRF_clone_1.23__moc_1.64__mcnn_1.80__moncnn_1.45__MaxEval_102__ProbPAs_0.95__sb_none_sbth_6000__Algo_pesa2,reliability,184
simplified-cocome,simplified-cocome__BRF_clone_1.23__moc_1.64__mcnn_1.80__moncnn_1.45__MaxEval_102__ProbPAs_0.95__sb_none_sbth_6000__Algo_pesa2,616,uml2lqn,8776
NSGA,simplified-cocome__BRF_clone_1.23__moc_1.64__mcnn_1.80__moncnn_1.45__MaxEval_102__ProbPAs_0.95__sb_none_sbth_6000__Algo_pesa2,616,invoke_solver,193
NSGA,simplified-cocome__BRF_clone_1.23__moc_1.64__mcnn_1.80__moncnn_1.45__MaxEval_102__ProbPAs_0.95__sb_none_sbth_6000__Algo_pesa2,616,lqn2uml,5917
NSGA,simplified-cocome__BRF_clone_1.23__moc_1.64__mcnn_1.80__moncnn_1.45__MaxEval_102__ProbPAs_0.95__sb_none_sbth_6000__Algo_pesa2,616,counting_pas,616,8737
simplified-cocome,simplified-cocome__BRF_clone_1.23__moc_1.64__mcnn_1.80__moncnn_1.45__MaxEval_102__ProbPAs_0.95__sb_none_sbth_6000__Algo_pesa2,616,perfQ,5965
simplified-cocome,simplified-cocome__BRF_clone_1.23__moc_1.64__mcnn_1.80__moncnn_1.45__MaxEval_102__ProbPAs_0.95__sb_none_sbth_6000__Algo_pesa2,reliability,165
simplified-cocome,simplified-cocome__BRF_clone_1.23__moc_1.64__mcnn_1.80__moncnn_1.45__MaxEval_102__ProbPAs_0.95__sb_none_sbth_6000__Algo_pesa2,618,uml2lqn,8139
NSGA,simplified-cocome__BRF_clone_1.23__moc_1.64__mcnn_1.80__moncnn_1.45__MaxEval_102__ProbPAs_0.95__sb_none_sbth_6000__Algo_pesa2,618,invoke_solver,176
NSGA,simplified-cocome__BRF_clone_1.23__moc_1.64__mcnn_1.80__moncnn_1.45__MaxEval_102__ProbPAs_0.95__sb_none_sbth_6000__Algo_pesa2,618,lqn2uml,5885
NSGA,simplified-cocome__BRF_clone_1.23__moc_1.64__mcnn_1.80__moncnn_1.45__MaxEval_102__ProbPAs_0.95__sb_none_sbth_6000__Algo_pesa2,618,counting_pas,618,8032
simplified-cocome,simplified-cocome__BRF_clone_1.23__moc_1.64__mcnn_1.80__moncnn_1.45__MaxEval_102__ProbPAs_0.95__sb_none_sbth_6000__Algo_pesa2,618,perfQ,5767
simplified-cocome,simplified-cocome__BRF_clone_1.23__moc_1.64__mcnn_1.80__moncnn_1.45__MaxEval_102__ProbPAs_0.95__sb_none_sbth_6000__Algo_pesa2,reliability,151
simplified-cocome,simplified-cocome__BRF_clone_1.23__moc_1.64__mcnn_1.80__moncnn_1.45__MaxEval_102__ProbPAs_0.95__sb_none_sbth_6000__Algo_pesa2,620,uml2lqn,8607
NSGA,simplified-cocome__BRF_clone_1.23__moc_1.64__mcnn_1.80__moncnn_1.45__MaxEval_102__ProbPAs_0.95__sb_none_sbth_6000__Algo_pesa2,620,invoke_solver,110
NSGA,simplified-cocome__BRF_clone_1.23__moc_1.64__mcnn_1.80__moncnn_1.45__MaxEval_102__ProbPAs_0.95__sb_none_sbth_6000__Algo_pesa2,620,lqn2uml,7339
NSGA,simplified-cocome__BRF_clone_1.23__moc_1.64__mcnn_1.80__moncnn_1.45__MaxEval_102__ProbPAs_0.95__sb_none_sbth_6000__Algo_pesa2,620,counting_pas,620,9105
simplified-cocome,simplified-cocome__BRF_clone_1.23__moc_1.64__mcnn_1.80__moncnn_1.45__MaxEval_102__ProbPAs_0.95__sb_none_sbth_6000__Algo_pesa2,620,perfQ,6976
simplified-cocome,simplified-cocome__BRF_clone_1.23__moc_1.64__mcnn_1.80__moncnn_1.45__MaxEval_102__ProbPAs_0.95__sb_none_sbth_6000__Algo_pesa2,reliability,184
simplified-cocome,simplified-cocome__BRF_clone_1.23__moc_1.64__mcnn_1.80__moncnn_1.45__MaxEval_102__ProbPAs_0.95__sb_none_sbth_6000__Algo_pesa2,622,uml2lqn,9097
NSGA,simplified-cocome__BRF_clone_1.23__moc_1.64__mcnn_1.80__moncnn_1.45__MaxEval_102__ProbPAs_0.95__sb_none_sbth_6000__Algo_pesa2,622,invoke_solver,272
NSGA,simplified-cocome__BRF_clone_1.23__moc_1.64__mcnn_1.80__moncnn_1.45__MaxEval_102__ProbPAs_0.95__sb_none_sbth_6000__Algo_pesa2,622,lqn2uml,7548
NSGA,simplified-cocome__BRF_clone_1.23__moc_1.64__mcnn_1.80__moncnn_1.45__MaxEval_102__ProbPAs_0.95__sb_none_sbth_6000__Algo_pesa2,622,counting_pas,622,8958
simplified-cocome,simplified-cocome__BRF_clone_1.23__moc_1.64__mcnn_1.80__moncnn_1.45__MaxEval_102__ProbPAs_0.95__sb_none_sbth_6000__Algo_pesa2,622,perfQ,6877
simplified-cocome,simplified-cocome__BRF_clone_1.23__moc_1.64__mcnn_1.80__moncnn_1.45__MaxEval_102__ProbPAs_0.95__sb_none_sbth_6000__Algo_pesa2,reliability,248
simplified-cocome,simplified-cocome__BRF_clone_1.23__moc_1.64__mcnn_1.80__moncnn_1.45__MaxEval_102__ProbPAs_0.95__sb_none_sbth_6000__Algo_pesa2,626,uml2lqn,9432
NSGA,simplified-cocome__BRF_clone_1.23__moc_1.64__mcnn_1.80__moncnn_1.45__MaxEval_102__ProbPAs_0.95__sb_none_sbth_6000__Algo_pesa2,626,invoke_solver,290
NSGA,simplified-cocome__BRF_clone_1.23__moc_1.64__mcnn_1.80__moncnn_1.45__MaxEval_102__ProbPAs_0.95__sb_none_sbth_6000__Algo_pesa2,626,lqn2uml,7248
NSGA,simplified-cocome__BRF_clone_1.23__moc_1.64__mcnn_1.80__moncnn_1.45__MaxEval_102__ProbPAs_0.95__sb_none_sbth_6000__Algo_pesa2,626,counting_pas,626,8918
simplified-cocome,simplified-cocome__BRF_clone_1.23__moc_1.64__mcnn_1.80__moncnn_1.45__MaxEval_102__ProbPAs_0.95__sb_none_sbth_6000__Algo_pesa2,626,perfQ,7481
simplified-cocome,simplified-cocome__BRF_clone_1.23__moc_1.64__mcnn_1.80__moncnn_1.45__MaxEval_102__ProbPAs_0.95__sb_none_sbth_6000__Algo_pesa2,reliability,249
simplified-cocome,simplified-cocome__BRF_clone_1.23__moc_1.64__mcnn_1.80__moncnn_1.45__MaxEval_102__ProbPAs_0.95__sb_none_sbth_6000__Algo_pesa2,630,uml2lqn,9011
NSGA,simplified-cocome__BRF_clone_1.23__moc_1.64__mcnn_1.80__moncnn_1.45__MaxEval_102__ProbPAs_0.95__sb_none_sbth_6000__Algo_pesa2,630,invoke_solver,65
NSGA,simplified-cocome__BRF_clone_1.23__moc_1.64__mcnn_1.80__moncnn_1.45__MaxEval_102__ProbPAs_0.95__sb_none_sbth_6000__Algo_pesa2,630,lqn2uml,5662
NSGA,simplified-cocome__BRF_clone_1.23__moc_1.64__mcnn_1.80__moncnn_1.45__MaxEval_102__ProbPAs_0.95__sb_none_sbth_6000__Algo_pesa2,630,counting_pas,630,7395
simplified-cocome,simplified-cocome__BRF_clone_1.23__moc_1.64__mcnn_1.80__moncnn_1.45__MaxEval_102__ProbPAs_0.95__sb_none_sbth_6000__Algo_pesa2,630,perfQ,7500
simplified-cocome,simplified-cocome__BRF_clone_1.23__moc_1.64__mcnn_1.80__moncnn_1.45__MaxEval_102__ProbPAs_0.95__sb_none_sbth_6000__Algo_pesa2,reliability,202
simplified-cocome,simplified-cocome__BRF_clone_1.23__moc_1.64__mcnn_1.80__moncnn_1.45__MaxEval_102__ProbPAs_0.95__sb_none_sbth_6000__Algo_pesa2,634,uml2lqn,9020
NSGA,simplified-cocome__BRF_clone_1.23__moc_1.64__mcnn_1.80__moncnn_1.45__MaxEval_102__ProbPAs_0.95__sb_none_sbth_6000__Algo_pesa2,634,invoke_solver,73
NSGA,simplified-cocome__BRF_clone_1.23__moc_1.64__mcnn_1.80__moncnn_1.45__MaxEval_102__ProbPAs_0.95__sb_none_sbth_6000__Algo_pesa2,634,lqn2uml,8044
NSGA,simplified-cocome__BRF_clone_1.23__moc_1.64__mcnn_1.80__moncnn_1.45__MaxEval_102__ProbPAs_0.95__sb_none_sbth_6000__Algo_pesa2,634,counting_pas,634,8555
simplified-cocome,simplified-cocome__BRF_clone_1.23__moc_1.64__mcnn_1.80__moncnn_1.45__MaxEval_102__ProbPAs_0.95__sb_none_sbth_6000__Algo_pesa2,634,perfQ,7364
simplified-cocome,simplified-cocome__BRF_clone_1.23__moc_1.64__mcnn_1.80__moncnn_1.45__MaxEval_102__ProbPAs_0.95__sb_none_sbth_6000__Algo_pesa2,reliability,204
simplified-cocome,simplified-cocome__BRF_clone_1.23__moc_1.64__mcnn_1.80__moncnn_1.45__MaxEval_102__ProbPAs_0.95__sb_none_sbth_6000__Algo_pesa2,638,uml2lqn,9599
NSGA,simplified-cocome__BRF_clone_1.23__moc_1.64__mcnn_1.80__moncnn_1.45__MaxEval_102__ProbPAs_0.95__sb_none_sbth_6000__Algo_pesa2,638,invoke_solver,107
NSGA,simplified-cocome__BRF_clone_1.23__moc_1.64__mcnn_1.80__moncnn_1.45__MaxEval_102__ProbPAs_0.95__sb_none_sbth_6000__Algo_pesa2,638,lqn2uml,7481
NSGA,simplified-cocome__BRF_clone_1.23__moc_1.64__mcnn_1.80__moncnn_1.45__MaxEval_102__ProbPAs_0.95__sb_none_sbth_6000__Algo_pesa2,638,counting_pas,638,11459
simplified-cocome,simplified-cocome__BRF_clone_1.23__moc_1.64__mcnn_1.80__moncnn_1.45__MaxEval_102__ProbPAs_0.95__sb_none_sbth_6000__Algo_pesa2,638,perfQ,7159
simplified-cocome,simplified-cocome__BRF_clone_1.23__moc_1.64__mcnn_1.80__moncnn_1.45__MaxEval_102__ProbPAs_0.95__sb_none_sbth_6000__Algo_pesa2,reliability,169
simplified-cocome,simplified-cocome__BRF_clone_1.23__moc_1.64__mcnn_1.80__moncnn_1.45__MaxEval_102__ProbPAs_0.95__sb_none_sbth_6000__Algo_pesa2,642,uml2lqn,8023
NSGA,simplified-cocome__BRF_clone_1.23__moc_1.64__mcnn_1.80__moncnn_1.45__MaxEval_102__ProbPAs_0.95__sb_none_sbth_6000__Algo_pesa2,642,invoke_solver,347
NSGA,simplified-cocome__BRF_clone_1.23__moc_1.64__mcnn_1.80__moncnn_1.45__MaxEval_102__ProbPAs_0.95__sb_none_sbth_6000__Algo_pesa2,642,lqn2uml,7242
NSGA,simplified-cocome__BRF_clone_1.23__moc_1.64__mcnn_1.80__moncnn_1.45__MaxEval_102__ProbPAs_0.95__sb_none_sbth_6000__Algo_pesa2,642,counting_pas,642,7386
simplified-cocome,simplified-cocome__BRF_clone_1.23__moc_1.64__mcnn_1.80__moncnn_1.45__MaxEval_102__ProbPAs_0.95__sb_none_sbth_6000__Algo_pesa2,642,perfQ,6172
simplified-cocome,simplified-cocome__BRF_clone_1.23__moc_1.64__mcnn_1.80__moncnn_1.45__MaxEval_102__ProbPAs_0.95__sb_none_sbth_6000__Algo_pesa2,reliability,179
simplified-cocome,simplified-cocome__BRF_clone_1.23__moc_1.64__mcnn_1.80__moncnn_1.45__MaxEval_102__ProbPAs_0.95__sb_none_sbth_6000__Algo_pesa2,644,uml2lqn,7542
NSGA,simplified-cocome__BRF_clone_1.23__moc_1.64__mcnn_1.80__moncnn_1.45__MaxEval_102__ProbPAs_0.95__sb_none_sbth_6000__Algo_pesa2,644,invoke_solver,82
NSGA,simplified-cocome__BRF_clone_1.23__moc_1.64__mcnn_1.80__moncnn_1.45__MaxEval_102__ProbPAs_0.95__sb_none_sbth_6000__Algo_pesa2,644,lqn2uml,7082
NSGA,simplified-cocome__BRF_clone_1.23__moc_1.64__mcnn_1.80__moncnn_1.45__MaxEval_102__ProbPAs_0.95__sb_none_sbth_6000__Algo_pesa2,644,counting_pas,644,7998
simplified-cocome,simplified-cocome__BRF_clone_1.23__moc_1.64__mcnn_1.80__moncnn_1.45__MaxEval_102__ProbPAs_0.95__sb_none_sbth_6000__Algo_pesa2,644,perfQ,7295
simplified-cocome,simplified-cocome__BRF_clone_1.23__moc_1.64__mcnn_1.80__moncnn_1.45__MaxEval_102__ProbPAs_0.95__sb_none_sbth_6000__Algo_pesa2,reliability,170
simplified-cocome,simplified-cocome__BRF_clone_1.23__moc_1.64__mcnn_1.80__moncnn_1.45__MaxEval_102__ProbPAs_0.95__sb_none_sbth_6000__Algo_pesa2,648,uml2lqn,6797
NSGA,simplified-cocome__BRF_clone_1.23__moc_1.64__mcnn_1.80__moncnn_1.45__MaxEval_102__ProbPAs_0.95__sb_none_sbth_6000__Algo_pesa2,648,invoke_solver,104
NSGA,simplified-cocome__BRF_clone_1.23__moc_1.64__mcnn_1.80__moncnn_1.45__MaxEval_102__ProbPAs_0.95__sb_none_sbth_6000__Algo_pesa2,648,lqn2uml,5070
NSGA,simplified-cocome__BRF_clone_1.23__moc_1.64__mcnn_1.80__moncnn_1.45__MaxEval_102__ProbPAs_0.95__sb_none_sbth_6000__Algo_pesa2,648,counting_pas,648,8022
simplified-cocome,simplified-cocome__BRF_clone_1.23__moc_1.64__mcnn_1.80__moncnn_1.45__MaxEval_102__ProbPAs_0.95__sb_none_sbth_6000__Algo_pesa2,648,perfQ,8304
simplified-cocome,simplified-cocome__BRF_clone_1.23__moc_1.64__mcnn_1.80__moncnn_1.45__MaxEval_102__ProbPAs_0.95__sb_none_sbth_6000__Algo_pesa2,reliability,194
simplified-cocome,simplified-cocome__BRF_clone_1.23__moc_1.64__mcnn_1.80__moncnn_1.45__MaxEval_102__ProbPAs_0.95__sb_none_sbth_6000__Algo_pesa2,654,uml2lqn,7933
NSGA,simplified-cocome__BRF_clone_1.23__moc_1.64__mcnn_1.80__moncnn_1.45__MaxEval_102__ProbPAs_0.95__sb_none_sbth_6000__Algo_pesa2,654,invoke_solver,162
NSGA,simplified-cocome__BRF_clone_1.23__moc_1.64__mcnn_1.80__moncnn_1.45__MaxEval_102__ProbPAs_0.95__sb_none_sbth_6000__Algo_pesa2,654,lqn2uml,7843
NSGA,simplified-cocome__BRF_clone_1.23__moc_1.64__mcnn_1.80__moncnn_1.45__MaxEval_102__ProbPAs_0.95__sb_none_sbth_6000__Algo_pesa2,654,counting_pas,654,8140
simplified-cocome,simplified-cocome__BRF_clone_1.23__moc_1.64__mcnn_1.80__moncnn_1.45__MaxEval_102__ProbPAs_0.95__sb_none_sbth_6000__Algo_pesa2,654,perfQ,8335
simplified-cocome,simplified-cocome__BRF_clone_1.23__moc_1.64__mcnn_1.80__moncnn_1.45__MaxEval_102__ProbPAs_0.95__sb_none_sbth_6000__Algo_pesa2,reliability,230
simplified-cocome,simplified-cocome__BRF_clone_1.23__moc_1.64__mcnn_1.80__moncnn_1.45__MaxEval_102__ProbPAs_0.95__sb_none_sbth_6000__Algo_pesa2,656,uml2lqn,10194
NSGA,simplified-cocome__BRF_clone_1.23__moc_1.64__mcnn_1.80__moncnn_1.45__MaxEval_102__ProbPAs_0.95__sb_none_sbth_6000__Algo_pesa2,656,invoke_solver,69
NSGA,simplified-cocome__BRF_clone_1.23__moc_1.64__mcnn_1.80__moncnn_1.45__MaxEval_102__ProbPAs_0.95__sb_none_sbth_6000__Algo_pesa2,656,lqn2uml,8420
NSGA,simplified-cocome__BRF_clone_1.23__moc_1.64__mcnn_1.80__moncnn_1.45__MaxEval_102__ProbPAs_0.95__sb_none_sbth_6000__Algo_pesa2,656,counting_pas,656,10624
simplified-cocome,simplified-cocome__BRF_clone_1.23__moc_1.64__mcnn_1.80__moncnn_1.45__MaxEval_102__ProbPAs_0.95__sb_none_sbth_6000__Algo_pesa2,656,perfQ,7532
simplified-cocome,simplified-cocome__BRF_clone_1.23__moc_1.64__mcnn_1.80__moncnn_1.45__MaxEval_102__ProbPAs_0.95__sb_none_sbth_6000__Algo_pesa2,reliability,193
simplified-cocome,simplified-cocome__BRF_clone_1.23__moc_1.64__mcnn_1.80__moncnn_1.45__MaxEval_102__ProbPAs_0.95__sb_none_sbth_6000__Algo_pesa2,662,uml2lqn,8768
NSGA,simplified-cocome__BRF_clone_1.23__moc_1.64__mcnn_1.80__moncnn_1.45__MaxEval_102__ProbPAs_0.95__sb_none_sbth_6000__Algo_pesa2,662,invoke_solver,81
NSGA,simplified-cocome__BRF_clone_1.23__moc_1.64__mcnn_1.80__moncnn_1.45__MaxEval_102__ProbPAs_0.95__sb_none_sbth_6000__Algo_pesa2,662,lqn2uml,6026
NSGA,simplified-cocome__BRF_clone_1.23__moc_1.64__mcnn_1.80__moncnn_1.45__MaxEval_102__ProbPAs_0.95__sb_none_sbth_6000__Algo_pesa2,662,counting_pas,662,7637
simplified-cocome,simplified-cocome__BRF_clone_1.23__moc_1.64__mcnn_1.80__moncnn_1.45__MaxEval_102__ProbPAs_0.95__sb_none_sbth_6000__Algo_pesa2,662,perfQ,7279
simplified-cocome,simplified-cocome__BRF_clone_1.23__moc_1.64__mcnn_1.80__moncnn_1.45__MaxEval_102__ProbPAs_0.95__sb_none_sbth_6000__Algo_pesa2,reliability,172
simplified-cocome,simplified-cocome__BRF_clone_1.23__moc_1.64__mcnn_1.80__moncnn_1.45__MaxEval_102__ProbPAs_0.95__sb_none_sbth_6000__Algo_pesa2,664,uml2lqn,8246
NSGA,simplified-cocome__BRF_clone_1.23__moc_1.64__mcnn_1.80__moncnn_1.45__MaxEval_102__ProbPAs_0.95__sb_none_sbth_6000__Algo_pesa2,664,invoke_solver,85
NSGA,simplified-cocome__BRF_clone_1.23__moc_1.64__mcnn_1.80__moncnn_1.45__MaxEval_102__ProbPAs_0.95__sb_none_sbth_6000__Algo_pesa2,664,lqn2uml,6210
NSGA,simplified-cocome__BRF_clone_1.23__moc_1.64__mcnn_1.80__moncnn_1.45__MaxEval_102__ProbPAs_0.95__sb_none_sbth_6000__Algo_pesa2,664,counting_pas,664,10773
simplified-cocome,simplified-cocome__BRF_clone_1.23__moc_1.64__mcnn_1.80__moncnn_1.45__MaxEval_102__ProbPAs_0.95__sb_none_sbth_6000__Algo_pesa2,664,perfQ,7707
simplified-cocome,simplified-cocome__BRF_clone_1.23__moc_1.64__mcnn_1.80__moncnn_1.45__MaxEval_102__ProbPAs_0.95__sb_none_sbth_6000__Algo_pesa2,reliability,175
simplified-cocome,simplified-cocome__BRF_clone_1.23__moc_1.64__mcnn_1.80__moncnn_1.45__MaxEval_102__ProbPAs_0.95__sb_none_sbth_6000__Algo_pesa2,668,uml2lqn,10147
NSGA,simplified-cocome__BRF_clone_1.23__moc_1.64__mcnn_1.80__moncnn_1.45__MaxEval_102__ProbPAs_0.95__sb_none_sbth_6000__Algo_pesa2,668,invoke_solver,160
NSGA,simplified-cocome__BRF_clone_1.23__moc_1.64__mcnn_1.80__moncnn_1.45__MaxEval_102__ProbPAs_0.95__sb_none_sbth_6000__Algo_pesa2,668,lqn2uml,8676
NSGA,simplified-cocome__BRF_clone_1.23__moc_1.64__mcnn_1.80__moncnn_1.45__MaxEval_102__ProbPAs_0.95__sb_none_sbth_6000__Algo_pesa2,668,counting_pas,668,7873
simplified-cocome,simplified-cocome__BRF_clone_1.23__moc_1.64__mcnn_1.80__moncnn_1.45__MaxEval_102__ProbPAs_0.95__sb_none_sbth_6000__Algo_pesa2,668,perfQ,6743
simplified-cocome,simplified-cocome__BRF_clone_1.23__moc_1.64__mcnn_1.80__moncnn_1.45__MaxEval_102__ProbPAs_0.95__sb_none_sbth_6000__Algo_pesa2,reliability,163
simplified-cocome,simplified-cocome__BRF_clone_1.23__moc_1.64__mcnn_1.80__moncnn_1.45__MaxEval_102__ProbPAs_0.95__sb_none_sbth_6000__Algo_pesa2,674,uml2lqn,6565
NSGA,simplified-cocome__BRF_clone_1.23__moc_1.64__mcnn_1.80__moncnn_1.45__MaxEval_102__ProbPAs_0.95__sb_none_sbth_6000__Algo_pesa2,674,invoke_solver,243
NSGA,simplified-cocome__BRF_clone_1.23__moc_1.64__mcnn_1.80__moncnn_1.45__MaxEval_102__ProbPAs_0.95__sb_none_sbth_6000__Algo_pesa2,674,lqn2uml,7662
NSGA,simplified-cocome__BRF_clone_1.23__moc_1.64__mcnn_1.80__moncnn_1.45__MaxEval_102__ProbPAs_0.95__sb_none_sbth_6000__Algo_pesa2,674,counting_pas,674,8420
simplified-cocome,simplified-cocome__BRF_clone_1.23__moc_1.64__mcnn_1.80__moncnn_1.45__MaxEval_102__ProbPAs_0.95__sb_none_sbth_6000__Algo_pesa2,674,perfQ,7197
simplified-cocome,simplified-cocome__BRF_clone_1.23__moc_1.64__mcnn_1.80__moncnn_1.45__MaxEval_102__ProbPAs_0.95__sb_none_sbth_6000__Algo_pesa2,reliability,177
simplified-cocome,simplified-cocome__BRF_clone_1.23__moc_1.64__mcnn_1.80__moncnn_1.45__MaxEval_102__ProbPAs_0.95__sb_none_sbth_6000__Algo_pesa2,676,uml2lqn,8727
NSGA,simplified-cocome__BRF_clone_1.23__moc_1.64__mcnn_1.80__moncnn_1.45__MaxEval_102__ProbPAs_0.95__sb_none_sbth_6000__Algo_pesa2,676,invoke_solver,72
NSGA,simplified-cocome__BRF_clone_1.23__moc_1.64__mcnn_1.80__moncnn_1.45__MaxEval_102__ProbPAs_0.95__sb_none_sbth_6000__Algo_pesa2,676,lqn2uml,9323
NSGA,simplified-cocome__BRF_clone_1.23__moc_1.64__mcnn_1.80__moncnn_1.45__MaxEval_102__ProbPAs_0.95__sb_none_sbth_6000__Algo_pesa2,676,counting_pas,676,8268
simplified-cocome,simplified-cocome__BRF_clone_1.23__moc_1.64__mcnn_1.80__moncnn_1.45__MaxEval_102__ProbPAs_0.95__sb_none_sbth_6000__Algo_pesa2,676,perfQ,7893
simplified-cocome,simplified-cocome__BRF_clone_1.23__moc_1.64__mcnn_1.80__moncnn_1.45__MaxEval_102__ProbPAs_0.95__sb_none_sbth_6000__Algo_pesa2,reliability,195
simplified-cocome,simplified-cocome__BRF_clone_1.23__moc_1.64__mcnn_1.80__moncnn_1.45__MaxEval_102__ProbPAs_0.95__sb_none_sbth_6000__Algo_pesa2,680,uml2lqn,8375
NSGA,simplified-cocome__BRF_clone_1.23__moc_1.64__mcnn_1.80__moncnn_1.45__MaxEval_102__ProbPAs_0.95__sb_none_sbth_6000__Algo_pesa2,680,invoke_solver,108
NSGA,simplified-cocome__BRF_clone_1.23__moc_1.64__mcnn_1.80__moncnn_1.45__MaxEval_102__ProbPAs_0.95__sb_none_sbth_6000__Algo_pesa2,680,lqn2uml,8152
NSGA,simplified-cocome__BRF_clone_1.23__moc_1.64__mcnn_1.80__moncnn_1.45__MaxEval_102__ProbPAs_0.95__sb_none_sbth_6000__Algo_pesa2,680,counting_pas,680,8906
simplified-cocome,simplified-cocome__BRF_clone_1.23__moc_1.64__mcnn_1.80__moncnn_1.45__MaxEval_102__ProbPAs_0.95__sb_none_sbth_6000__Algo_pesa2,680,perfQ,7300
simplified-cocome,simplified-cocome__BRF_clone_1.23__moc_1.64__mcnn_1.80__moncnn_1.45__MaxEval_102__ProbPAs_0.95__sb_none_sbth_6000__Algo_pesa2,reliability,181
simplified-cocome,simplified-cocome__BRF_clone_1.23__moc_1.64__mcnn_1.80__moncnn_1.45__MaxEval_102__ProbPAs_0.95__sb_none_sbth_6000__Algo_pesa2,684,uml2lqn,10855
NSGA,simplified-cocome__BRF_clone_1.23__moc_1.64__mcnn_1.80__moncnn_1.45__MaxEval_102__ProbPAs_0.95__sb_none_sbth_6000__Algo_pesa2,684,invoke_solver,326
NSGA,simplified-cocome__BRF_clone_1.23__moc_1.64__mcnn_1.80__moncnn_1.45__MaxEval_102__ProbPAs_0.95__sb_none_sbth_6000__Algo_pesa2,684,lqn2uml,7469
NSGA,simplified-cocome__BRF_clone_1.23__moc_1.64__mcnn_1.80__moncnn_1.45__MaxEval_102__ProbPAs_0.95__sb_none_sbth_6000__Algo_pesa2,684,counting_pas,684,7650
simplified-cocome,simplified-cocome__BRF_clone_1.23__moc_1.64__mcnn_1.80__moncnn_1.45__MaxEval_102__ProbPAs_0.95__sb_none_sbth_6000__Algo_pesa2,684,perfQ,8332
simplified-cocome,simplified-cocome__BRF_clone_1.23__moc_1.64__mcnn_1.80__moncnn_1.45__MaxEval_102__ProbPAs_0.95__sb_none_sbth_6000__Algo_pesa2,reliability,210
simplified-cocome,simplified-cocome__BRF_clone_1.23__moc_1.64__mcnn_1.80__moncnn_1.45__MaxEval_102__ProbPAs_0.95__sb_none_sbth_6000__Algo_pesa2,688,uml2lqn,9743
NSGA,simplified-cocome__BRF_clone_1.23__moc_1.64__mcnn_1.80__moncnn_1.45__MaxEval_102__ProbPAs_0.95__sb_none_sbth_6000__Algo_pesa2,688,invoke_solver,203
NSGA,simplified-cocome__BRF_clone_1.23__moc_1.64__mcnn_1.80__moncnn_1.45__MaxEval_102__ProbPAs_0.95__sb_none_sbth_6000__Algo_pesa2,688,lqn2uml,5840
NSGA,simplified-cocome__BRF_clone_1.23__moc_1.64__mcnn_1.80__moncnn_1.45__MaxEval_102__ProbPAs_0.95__sb_none_sbth_6000__Algo_pesa2,688,counting_pas,688,7331
simplified-cocome,simplified-cocome__BRF_clone_1.23__moc_1.64__mcnn_1.80__moncnn_1.45__MaxEval_102__ProbPAs_0.95__sb_none_sbth_6000__Algo_pesa2,688,perfQ,8853
simplified-cocome,simplified-cocome__BRF_clone_1.23__moc_1.64__mcnn_1.80__moncnn_1.45__MaxEval_102__ProbPAs_0.95__sb_none_sbth_6000__Algo_pesa2,reliability,195
simplified-cocome,simplified-cocome__BRF_clone_1.23__moc_1.64__mcnn_1.80__moncnn_1.45__MaxEval_102__ProbPAs_0.95__sb_none_sbth_6000__Algo_pesa2,694,uml2lqn,10515
NSGA,simplified-cocome__BRF_clone_1.23__moc_1.64__mcnn_1.80__moncnn_1.45__MaxEval_102__ProbPAs_0.95__sb_none_sbth_6000__Algo_pesa2,694,invoke_solver,211
NSGA,simplified-cocome__BRF_clone_1.23__moc_1.64__mcnn_1.80__moncnn_1.45__MaxEval_102__ProbPAs_0.95__sb_none_sbth_6000__Algo_pesa2,694,lqn2uml,8296
NSGA,simplified-cocome__BRF_clone_1.23__moc_1.64__mcnn_1.80__moncnn_1.45__MaxEval_102__ProbPAs_0.95__sb_none_sbth_6000__Algo_pesa2,694,counting_pas,694,8884
simplified-cocome,simplified-cocome__BRF_clone_1.23__moc_1.64__mcnn_1.80__moncnn_1.45__MaxEval_102__ProbPAs_0.95__sb_none_sbth_6000__Algo_pesa2,694,perfQ,7855
simplified-cocome,simplified-cocome__BRF_clone_1.23__moc_1.64__mcnn_1.80__moncnn_1.45__MaxEval_102__ProbPAs_0.95__sb_none_sbth_6000__Algo_pesa2,reliability,162
simplified-cocome,simplified-cocome__BRF_clone_1.23__moc_1.64__mcnn_1.80__moncnn_1.45__MaxEval_102__ProbPAs_0.95__sb_none_sbth_6000__Algo_pesa2,698,uml2lqn,9215
NSGA,simplified-cocome__BRF_clone_1.23__moc_1.64__mcnn_1.80__moncnn_1.45__MaxEval_102__ProbPAs_0.95__sb_none_sbth_6000__Algo_pesa2,698,invoke_solver,395
NSGA,simplified-cocome__BRF_clone_1.23__moc_1.64__mcnn_1.80__moncnn_1.45__MaxEval_102__ProbPAs_0.95__sb_none_sbth_6000__Algo_pesa2,698,lqn2uml,8268
NSGA,simplified-cocome__BRF_clone_1.23__moc_1.64__mcnn_1.80__moncnn_1.45__MaxEval_102__ProbPAs_0.95__sb_none_sbth_6000__Algo_pesa2,698,counting_pas,698,8528
simplified-cocome,simplified-cocome__BRF_clone_1.23__moc_1.64__mcnn_1.80__moncnn_1.45__MaxEval_102__ProbPAs_0.95__sb_none_sbth_6000__Algo_pesa2,698,perfQ,7900
simplified-cocome,simplified-cocome__BRF_clone_1.23__moc_1.64__mcnn_1.80__moncnn_1.45__MaxEval_102__ProbPAs_0.95__sb_none_sbth_6000__Algo_pesa2,reliability,219
simplified-cocome,simplified-cocome__BRF_clone_1.23__moc_1.64__mcnn_1.80__moncnn_1.45__MaxEval_102__ProbPAs_0.95__sb_none_sbth_6000__Algo_pesa2,700,uml2lqn,9756
NSGA,simplified-cocome__BRF_clone_1.23__moc_1.64__mcnn_1.80__moncnn_1.45__MaxEval_102__ProbPAs_0.95__sb_none_sbth_6000__Algo_pesa2,700,invoke_solver,175
NSGA,simplified-cocome__BRF_clone_1.23__moc_1.64__mcnn_1.80__moncnn_1.45__MaxEval_102__ProbPAs_0.95__sb_none_sbth_6000__Algo_pesa2,700,lqn2uml,5575
NSGA,simplified-cocome__BRF_clone_1.23__moc_1.64__mcnn_1.80__moncnn_1.45__MaxEval_102__ProbPAs_0.95__sb_none_sbth_6000__Algo_pesa2,700,counting_pas,700,8517
simplified-cocome,simplified-cocome__BRF_clone_1.23__moc_1.64__mcnn_1.80__moncnn_1.45__MaxEval_102__ProbPAs_0.95__sb_none_sbth_6000__Algo_pesa2,700,perfQ,7426
simplified-cocome,simplified-cocome__BRF_clone_1.23__moc_1.64__mcnn_1.80__moncnn_1.45__MaxEval_102__ProbPAs_0.95__sb_none_sbth_6000__Algo_pesa2,reliability,213
simplified-cocome,simplified-cocome__BRF_clone_1.23__moc_1.64__mcnn_1.80__moncnn_1.45__MaxEval_102__ProbPAs_0.95__sb_none_sbth_6000__Algo_pesa2,704,uml2lqn,10655
NSGA,simplified-cocome__BRF_clone_1.23__moc_1.64__mcnn_1.80__moncnn_1.45__MaxEval_102__ProbPAs_0.95__sb_none_sbth_6000__Algo_pesa2,704,invoke_solver,287
NSGA,simplified-cocome__BRF_clone_1.23__moc_1.64__mcnn_1.80__moncnn_1.45__MaxEval_102__ProbPAs_0.95__sb_none_sbth_6000__Algo_pesa2,704,lqn2uml,7273
NSGA,simplified-cocome__BRF_clone_1.23__moc_1.64__mcnn_1.80__moncnn_1.45__MaxEval_102__ProbPAs_0.95__sb_none_sbth_6000__Algo_pesa2,704,counting_pas,704,7267
simplified-cocome,simplified-cocome__BRF_clone_1.23__moc_1.64__mcnn_1.80__moncnn_1.45__MaxEval_102__ProbPAs_0.95__sb_none_sbth_6000__Algo_pesa2,704,perfQ,9061
simplified-cocome,simplified-cocome__BRF_clone_1.23__moc_1.64__mcnn_1.80__moncnn_1.45__MaxEval_102__ProbPAs_0.95__sb_none_sbth_6000__Algo_pesa2,reliability,180
simplified-cocome,simplified-cocome__BRF_clone_1.23__moc_1.64__mcnn_1.80__moncnn_1.45__MaxEval_102__ProbPAs_0.95__sb_none_sbth_6000__Algo_pesa2,706,uml2lqn,9872
NSGA,simplified-cocome__BRF_clone_1.23__moc_1.64__mcnn_1.80__moncnn_1.45__MaxEval_102__ProbPAs_0.95__sb_none_sbth_6000__Algo_pesa2,706,invoke_solver,113
NSGA,simplified-cocome__BRF_clone_1.23__moc_1.64__mcnn_1.80__moncnn_1.45__MaxEval_102__ProbPAs_0.95__sb_none_sbth_6000__Algo_pesa2,706,lqn2uml,6930
NSGA,simplified-cocome__BRF_clone_1.23__moc_1.64__mcnn_1.80__moncnn_1.45__MaxEval_102__ProbPAs_0.95__sb_none_sbth_6000__Algo_pesa2,706,counting_pas,706,10496
simplified-cocome,simplified-cocome__BRF_clone_1.23__moc_1.64__mcnn_1.80__moncnn_1.45__MaxEval_102__ProbPAs_0.95__sb_none_sbth_6000__Algo_pesa2,706,perfQ,8211
simplified-cocome,simplified-cocome__BRF_clone_1.23__moc_1.64__mcnn_1.80__moncnn_1.45__MaxEval_102__ProbPAs_0.95__sb_none_sbth_6000__Algo_pesa2,reliability,214
simplified-cocome,simplified-cocome__BRF_clone_1.23__moc_1.64__mcnn_1.80__moncnn_1.45__MaxEval_102__ProbPAs_0.95__sb_none_sbth_6000__Algo_pesa2,710,uml2lqn,10662
NSGA,simplified-cocome__BRF_clone_1.23__moc_1.64__mcnn_1.80__moncnn_1.45__MaxEval_102__ProbPAs_0.95__sb_none_sbth_6000__Algo_pesa2,710,invoke_solver,391
NSGA,simplified-cocome__BRF_clone_1.23__moc_1.64__mcnn_1.80__moncnn_1.45__MaxEval_102__ProbPAs_0.95__sb_none_sbth_6000__Algo_pesa2,710,lqn2uml,9167
NSGA,simplified-cocome__BRF_clone_1.23__moc_1.64__mcnn_1.80__moncnn_1.45__MaxEval_102__ProbPAs_0.95__sb_none_sbth_6000__Algo_pesa2,710,counting_pas,710,8750
simplified-cocome,simplified-cocome__BRF_clone_1.23__moc_1.64__mcnn_1.80__moncnn_1.45__MaxEval_102__ProbPAs_0.95__sb_none_sbth_6000__Algo_pesa2,710,perfQ,7629
simplified-cocome,simplified-cocome__BRF_clone_1.23__moc_1.64__mcnn_1.80__moncnn_1.45__MaxEval_102__ProbPAs_0.95__sb_none_sbth_6000__Algo_pesa2,reliability,248
simplified-cocome,simplified-cocome__BRF_clone_1.23__moc_1.64__mcnn_1.80__moncnn_1.45__MaxEval_102__ProbPAs_0.95__sb_none_sbth_6000__Algo_pesa2,712,uml2lqn,9629
NSGA,simplified-cocome__BRF_clone_1.23__moc_1.64__mcnn_1.80__moncnn_1.45__MaxEval_102__ProbPAs_0.95__sb_none_sbth_6000__Algo_pesa2,712,invoke_solver,361
NSGA,simplified-cocome__BRF_clone_1.23__moc_1.64__mcnn_1.80__moncnn_1.45__MaxEval_102__ProbPAs_0.95__sb_none_sbth_6000__Algo_pesa2,712,lqn2uml,7477
NSGA,simplified-cocome__BRF_clone_1.23__moc_1.64__mcnn_1.80__moncnn_1.45__MaxEval_102__ProbPAs_0.95__sb_none_sbth_6000__Algo_pesa2,712,counting_pas,712,8232
simplified-cocome,simplified-cocome__BRF_clone_1.23__moc_1.64__mcnn_1.80__moncnn_1.45__MaxEval_102__ProbPAs_0.95__sb_none_sbth_6000__Algo_pesa2,712,perfQ,7588
simplified-cocome,simplified-cocome__BRF_clone_1.23__moc_1.64__mcnn_1.80__moncnn_1.45__MaxEval_102__ProbPAs_0.95__sb_none_sbth_6000__Algo_pesa2,reliability,151
simplified-cocome,simplified-cocome__BRF_clone_1.23__moc_1.64__mcnn_1.80__moncnn_1.45__MaxEval_102__ProbPAs_0.95__sb_none_sbth_6000__Algo_pesa2,716,uml2lqn,9904
NSGA,simplified-cocome__BRF_clone_1.23__moc_1.64__mcnn_1.80__moncnn_1.45__MaxEval_102__ProbPAs_0.95__sb_none_sbth_6000__Algo_pesa2,716,invoke_solver,151
NSGA,simplified-cocome__BRF_clone_1.23__moc_1.64__mcnn_1.80__moncnn_1.45__MaxEval_102__ProbPAs_0.95__sb_none_sbth_6000__Algo_pesa2,716,lqn2uml,7730
NSGA,simplified-cocome__BRF_clone_1.23__moc_1.64__mcnn_1.80__moncnn_1.45__MaxEval_102__ProbPAs_0.95__sb_none_sbth_6000__Algo_pesa2,716,counting_pas,716,7653
simplified-cocome,simplified-cocome__BRF_clone_1.23__moc_1.64__mcnn_1.80__moncnn_1.45__MaxEval_102__ProbPAs_0.95__sb_none_sbth_6000__Algo_pesa2,716,perfQ,7142
simplified-cocome,simplified-cocome__BRF_clone_1.23__moc_1.64__mcnn_1.80__moncnn_1.45__MaxEval_102__ProbPAs_0.95__sb_none_sbth_6000__Algo_pesa2,reliability,160
simplified-cocome,simplified-cocome__BRF_clone_1.23__moc_1.64__mcnn_1.80__moncnn_1.45__MaxEval_102__ProbPAs_0.95__sb_none_sbth_6000__Algo_pesa2,720,uml2lqn,8647
NSGA,simplified-cocome__BRF_clone_1.23__moc_1.64__mcnn_1.80__moncnn_1.45__MaxEval_102__ProbPAs_0.95__sb_none_sbth_6000__Algo_pesa2,720,invoke_solver,139
NSGA,simplified-cocome__BRF_clone_1.23__moc_1.64__mcnn_1.80__moncnn_1.45__MaxEval_102__ProbPAs_0.95__sb_none_sbth_6000__Algo_pesa2,720,lqn2uml,6755
NSGA,simplified-cocome__BRF_clone_1.23__moc_1.64__mcnn_1.80__moncnn_1.45__MaxEval_102__ProbPAs_0.95__sb_none_sbth_6000__Algo_pesa2,720,counting_pas,720,8672
simplified-cocome,simplified-cocome__BRF_clone_1.23__moc_1.64__mcnn_1.80__moncnn_1.45__MaxEval_102__ProbPAs_0.95__sb_none_sbth_6000__Algo_pesa2,720,perfQ,7780
simplified-cocome,simplified-cocome__BRF_clone_1.23__moc_1.64__mcnn_1.80__moncnn_1.45__MaxEval_102__ProbPAs_0.95__sb_none_sbth_6000__Algo_pesa2,reliability,211
simplified-cocome,simplified-cocome__BRF_clone_1.23__moc_1.64__mcnn_1.80__moncnn_1.45__MaxEval_102__ProbPAs_0.95__sb_none_sbth_6000__Algo_pesa2,724,uml2lqn,9789
NSGA,simplified-cocome__BRF_clone_1.23__moc_1.64__mcnn_1.80__moncnn_1.45__MaxEval_102__ProbPAs_0.95__sb_none_sbth_6000__Algo_pesa2,724,invoke_solver,64
NSGA,simplified-cocome__BRF_clone_1.23__moc_1.64__mcnn_1.80__moncnn_1.45__MaxEval_102__ProbPAs_0.95__sb_none_sbth_6000__Algo_pesa2,724,lqn2uml,7882
NSGA,simplified-cocome__BRF_clone_1.23__moc_1.64__mcnn_1.80__moncnn_1.45__MaxEval_102__ProbPAs_0.95__sb_none_sbth_6000__Algo_pesa2,724,counting_pas,724,8646
simplified-cocome,simplified-cocome__BRF_clone_1.23__moc_1.64__mcnn_1.80__moncnn_1.45__MaxEval_102__ProbPAs_0.95__sb_none_sbth_6000__Algo_pesa2,724,perfQ,7851
simplified-cocome,simplified-cocome__BRF_clone_1.23__moc_1.64__mcnn_1.80__moncnn_1.45__MaxEval_102__ProbPAs_0.95__sb_none_sbth_6000__Algo_pesa2,reliability,215
simplified-cocome,simplified-cocome__BRF_clone_1.23__moc_1.64__mcnn_1.80__moncnn_1.45__MaxEval_102__ProbPAs_0.95__sb_none_sbth_6000__Algo_pesa2,730,uml2lqn,10052
NSGA,simplified-cocome__BRF_clone_1.23__moc_1.64__mcnn_1.80__moncnn_1.45__MaxEval_102__ProbPAs_0.95__sb_none_sbth_6000__Algo_pesa2,730,invoke_solver,177
NSGA,simplified-cocome__BRF_clone_1.23__moc_1.64__mcnn_1.80__moncnn_1.45__MaxEval_102__ProbPAs_0.95__sb_none_sbth_6000__Algo_pesa2,730,lqn2uml,10369
NSGA,simplified-cocome__BRF_clone_1.23__moc_1.64__mcnn_1.80__moncnn_1.45__MaxEval_102__ProbPAs_0.95__sb_none_sbth_6000__Algo_pesa2,730,counting_pas,730,8669
simplified-cocome,simplified-cocome__BRF_clone_1.23__moc_1.64__mcnn_1.80__moncnn_1.45__MaxEval_102__ProbPAs_0.95__sb_none_sbth_6000__Algo_pesa2,730,perfQ,9075
simplified-cocome,simplified-cocome__BRF_clone_1.23__moc_1.64__mcnn_1.80__moncnn_1.45__MaxEval_102__ProbPAs_0.95__sb_none_sbth_6000__Algo_pesa2,reliability,228
simplified-cocome,simplified-cocome__BRF_clone_1.23__moc_1.64__mcnn_1.80__moncnn_1.45__MaxEval_102__ProbPAs_0.95__sb_none_sbth_6000__Algo_pesa2,732,uml2lqn,11891
NSGA,simplified-cocome__BRF_clone_1.23__moc_1.64__mcnn_1.80__moncnn_1.45__MaxEval_102__ProbPAs_0.95__sb_none_sbth_6000__Algo_pesa2,732,invoke_solver,286
NSGA,simplified-cocome__BRF_clone_1.23__moc_1.64__mcnn_1.80__moncnn_1.45__MaxEval_102__ProbPAs_0.95__sb_none_sbth_6000__Algo_pesa2,732,lqn2uml,9909
NSGA,simplified-cocome__BRF_clone_1.23__moc_1.64__mcnn_1.80__moncnn_1.45__MaxEval_102__ProbPAs_0.95__sb_none_sbth_6000__Algo_pesa2,732,counting_pas,732,8006
simplified-cocome,simplified-cocome__BRF_clone_1.23__moc_1.64__mcnn_1.80__moncnn_1.45__MaxEval_102__ProbPAs_0.95__sb_none_sbth_6000__Algo_pesa2,732,perfQ,8774
simplified-cocome,simplified-cocome__BRF_clone_1.23__moc_1.64__mcnn_1.80__moncnn_1.45__MaxEval_102__ProbPAs_0.95__sb_none_sbth_6000__Algo_pesa2,reliability,187
simplified-cocome,simplified-cocome__BRF_clone_1.23__moc_1.64__mcnn_1.80__moncnn_1.45__MaxEval_102__ProbPAs_0.95__sb_none_sbth_6000__Algo_pesa2,734,uml2lqn,9993
NSGA,simplified-cocome__BRF_clone_1.23__moc_1.64__mcnn_1.80__moncnn_1.45__MaxEval_102__ProbPAs_0.95__sb_none_sbth_6000__Algo_pesa2,734,invoke_solver,325
NSGA,simplified-cocome__BRF_clone_1.23__moc_1.64__mcnn_1.80__moncnn_1.45__MaxEval_102__ProbPAs_0.95__sb_none_sbth_6000__Algo_pesa2,734,lqn2uml,8777
NSGA,simplified-cocome__BRF_clone_1.23__moc_1.64__mcnn_1.80__moncnn_1.45__MaxEval_102__ProbPAs_0.95__sb_none_sbth_6000__Algo_pesa2,734,counting_pas,734,7152
simplified-cocome,simplified-cocome__BRF_clone_1.23__moc_1.64__mcnn_1.80__moncnn_1.45__MaxEval_102__ProbPAs_0.95__sb_none_sbth_6000__Algo_pesa2,734,perfQ,9119
simplified-cocome,simplified-cocome__BRF_clone_1.23__moc_1.64__mcnn_1.80__moncnn_1.45__MaxEval_102__ProbPAs_0.95__sb_none_sbth_6000__Algo_pesa2,reliability,204
simplified-cocome,simplified-cocome__BRF_clone_1.23__moc_1.64__mcnn_1.80__moncnn_1.45__MaxEval_102__ProbPAs_0.95__sb_none_sbth_6000__Algo_pesa2,736,uml2lqn,9876
NSGA,simplified-cocome__BRF_clone_1.23__moc_1.64__mcnn_1.80__moncnn_1.45__MaxEval_102__ProbPAs_0.95__sb_none_sbth_6000__Algo_pesa2,736,invoke_solver,181
NSGA,simplified-cocome__BRF_clone_1.23__moc_1.64__mcnn_1.80__moncnn_1.45__MaxEval_102__ProbPAs_0.95__sb_none_sbth_6000__Algo_pesa2,736,lqn2uml,8778
NSGA,simplified-cocome__BRF_clone_1.23__moc_1.64__mcnn_1.80__moncnn_1.45__MaxEval_102__ProbPAs_0.95__sb_none_sbth_6000__Algo_pesa2,736,counting_pas,736,8476
simplified-cocome,simplified-cocome__BRF_clone_1.23__moc_1.64__mcnn_1.80__moncnn_1.45__MaxEval_102__ProbPAs_0.95__sb_none_sbth_6000__Algo_pesa2,736,perfQ,9952
simplified-cocome,simplified-cocome__BRF_clone_1.23__moc_1.64__mcnn_1.80__moncnn_1.45__MaxEval_102__ProbPAs_0.95__sb_none_sbth_6000__Algo_pesa2,reliability,208
simplified-cocome,simplified-cocome__BRF_clone_1.23__moc_1.64__mcnn_1.80__moncnn_1.45__MaxEval_102__ProbPAs_0.95__sb_none_sbth_6000__Algo_pesa2,740,uml2lqn,10537
NSGA,simplified-cocome__BRF_clone_1.23__moc_1.64__mcnn_1.80__moncnn_1.45__MaxEval_102__ProbPAs_0.95__sb_none_sbth_6000__Algo_pesa2,740,invoke_solver,360
NSGA,simplified-cocome__BRF_clone_1.23__moc_1.64__mcnn_1.80__moncnn_1.45__MaxEval_102__ProbPAs_0.95__sb_none_sbth_6000__Algo_pesa2,740,lqn2uml,6994
NSGA,simplified-cocome__BRF_clone_1.23__moc_1.64__mcnn_1.80__moncnn_1.45__MaxEval_102__ProbPAs_0.95__sb_none_sbth_6000__Algo_pesa2,740,counting_pas,740,9650
simplified-cocome,simplified-cocome__BRF_clone_1.23__moc_1.64__mcnn_1.80__moncnn_1.45__MaxEval_102__ProbPAs_0.95__sb_none_sbth_6000__Algo_pesa2,740,perfQ,8385
simplified-cocome,simplified-cocome__BRF_clone_1.23__moc_1.64__mcnn_1.80__moncnn_1.45__MaxEval_102__ProbPAs_0.95__sb_none_sbth_6000__Algo_pesa2,reliability,204
simplified-cocome,simplified-cocome__BRF_clone_1.23__moc_1.64__mcnn_1.80__moncnn_1.45__MaxEval_102__ProbPAs_0.95__sb_none_sbth_6000__Algo_pesa2,742,uml2lqn,9993
NSGA,simplified-cocome__BRF_clone_1.23__moc_1.64__mcnn_1.80__moncnn_1.45__MaxEval_102__ProbPAs_0.95__sb_none_sbth_6000__Algo_pesa2,742,invoke_solver,250
NSGA,simplified-cocome__BRF_clone_1.23__moc_1.64__mcnn_1.80__moncnn_1.45__MaxEval_102__ProbPAs_0.95__sb_none_sbth_6000__Algo_pesa2,742,lqn2uml,9034
NSGA,simplified-cocome__BRF_clone_1.23__moc_1.64__mcnn_1.80__moncnn_1.45__MaxEval_102__ProbPAs_0.95__sb_none_sbth_6000__Algo_pesa2,742,counting_pas,742,9084
simplified-cocome,simplified-cocome__BRF_clone_1.23__moc_1.64__mcnn_1.80__moncnn_1.45__MaxEval_102__ProbPAs_0.95__sb_none_sbth_6000__Algo_pesa2,742,perfQ,7563
simplified-cocome,simplified-cocome__BRF_clone_1.23__moc_1.64__mcnn_1.80__moncnn_1.45__MaxEval_102__ProbPAs_0.95__sb_none_sbth_6000__Algo_pesa2,reliability,225
simplified-cocome,simplified-cocome__BRF_clone_1.23__moc_1.64__mcnn_1.80__moncnn_1.45__MaxEval_102__ProbPAs_0.95__sb_none_sbth_6000__Algo_pesa2,746,uml2lqn,9224
NSGA,simplified-cocome__BRF_clone_1.23__moc_1.64__mcnn_1.80__moncnn_1.45__MaxEval_102__ProbPAs_0.95__sb_none_sbth_6000__Algo_pesa2,746,invoke_solver,325
NSGA,simplified-cocome__BRF_clone_1.23__moc_1.64__mcnn_1.80__moncnn_1.45__MaxEval_102__ProbPAs_0.95__sb_none_sbth_6000__Algo_pesa2,746,lqn2uml,9267
NSGA,simplified-cocome__BRF_clone_1.23__moc_1.64__mcnn_1.80__moncnn_1.45__MaxEval_102__ProbPAs_0.95__sb_none_sbth_6000__Algo_pesa2,746,counting_pas,746,7785
simplified-cocome,simplified-cocome__BRF_clone_1.23__moc_1.64__mcnn_1.80__moncnn_1.45__MaxEval_102__ProbPAs_0.95__sb_none_sbth_6000__Algo_pesa2,746,perfQ,8450
simplified-cocome,simplified-cocome__BRF_clone_1.23__moc_1.64__mcnn_1.80__moncnn_1.45__MaxEval_102__ProbPAs_0.95__sb_none_sbth_6000__Algo_pesa2,reliability,270
simplified-cocome,simplified-cocome__BRF_clone_1.23__moc_1.64__mcnn_1.80__moncnn_1.45__MaxEval_102__ProbPAs_0.95__sb_none_sbth_6000__Algo_pesa2,750,uml2lqn,10238
NSGA,simplified-cocome__BRF_clone_1.23__moc_1.64__mcnn_1.80__moncnn_1.45__MaxEval_102__ProbPAs_0.95__sb_none_sbth_6000__Algo_pesa2,750,invoke_solver,76
NSGA,simplified-cocome__BRF_clone_1.23__moc_1.64__mcnn_1.80__moncnn_1.45__MaxEval_102__ProbPAs_0.95__sb_none_sbth_6000__Algo_pesa2,750,lqn2uml,9582
NSGA,simplified-cocome__BRF_clone_1.23__moc_1.64__mcnn_1.80__moncnn_1.45__MaxEval_102__ProbPAs_0.95__sb_none_sbth_6000__Algo_pesa2,750,counting_pas,750,8488
simplified-cocome,simplified-cocome__BRF_clone_1.23__moc_1.64__mcnn_1.80__moncnn_1.45__MaxEval_102__ProbPAs_0.95__sb_none_sbth_6000__Algo_pesa2,750,perfQ,8622
simplified-cocome,simplified-cocome__BRF_clone_1.23__moc_1.64__mcnn_1.80__moncnn_1.45__MaxEval_102__ProbPAs_0.95__sb_none_sbth_6000__Algo_pesa2,reliability,186
simplified-cocome,simplified-cocome__BRF_clone_1.23__moc_1.64__mcnn_1.80__moncnn_1.45__MaxEval_102__ProbPAs_0.95__sb_none_sbth_6000__Algo_pesa2,754,uml2lqn,11592
NSGA,simplified-cocome__BRF_clone_1.23__moc_1.64__mcnn_1.80__moncnn_1.45__MaxEval_102__ProbPAs_0.95__sb_none_sbth_6000__Algo_pesa2,754,invoke_solver,317
NSGA,simplified-cocome__BRF_clone_1.23__moc_1.64__mcnn_1.80__moncnn_1.45__MaxEval_102__ProbPAs_0.95__sb_none_sbth_6000__Algo_pesa2,754,lqn2uml,8226
NSGA,simplified-cocome__BRF_clone_1.23__moc_1.64__mcnn_1.80__moncnn_1.45__MaxEval_102__ProbPAs_0.95__sb_none_sbth_6000__Algo_pesa2,754,counting_pas,754,7661
simplified-cocome,simplified-cocome__BRF_clone_1.23__moc_1.64__mcnn_1.80__moncnn_1.45__MaxEval_102__ProbPAs_0.95__sb_none_sbth_6000__Algo_pesa2,754,perfQ,9461
simplified-cocome,simplified-cocome__BRF_clone_1.23__moc_1.64__mcnn_1.80__moncnn_1.45__MaxEval_102__ProbPAs_0.95__sb_none_sbth_6000__Algo_pesa2,reliability,197
simplified-cocome,simplified-cocome__BRF_clone_1.23__moc_1.64__mcnn_1.80__moncnn_1.45__MaxEval_102__ProbPAs_0.95__sb_none_sbth_6000__Algo_pesa2,758,uml2lqn,11139
NSGA,simplified-cocome__BRF_clone_1.23__moc_1.64__mcnn_1.80__moncnn_1.45__MaxEval_102__ProbPAs_0.95__sb_none_sbth_6000__Algo_pesa2,758,invoke_solver,320
NSGA,simplified-cocome__BRF_clone_1.23__moc_1.64__mcnn_1.80__moncnn_1.45__MaxEval_102__ProbPAs_0.95__sb_none_sbth_6000__Algo_pesa2,758,lqn2uml,7998
NSGA,simplified-cocome__BRF_clone_1.23__moc_1.64__mcnn_1.80__moncnn_1.45__MaxEval_102__ProbPAs_0.95__sb_none_sbth_6000__Algo_pesa2,758,counting_pas,758,7910
simplified-cocome,simplified-cocome__BRF_clone_1.23__moc_1.64__mcnn_1.80__moncnn_1.45__MaxEval_102__ProbPAs_0.95__sb_none_sbth_6000__Algo_pesa2,758,perfQ,8740
simplified-cocome,simplified-cocome__BRF_clone_1.23__moc_1.64__mcnn_1.80__moncnn_1.45__MaxEval_102__ProbPAs_0.95__sb_none_sbth_6000__Algo_pesa2,reliability,162
simplified-cocome,simplified-cocome__BRF_clone_1.23__moc_1.64__mcnn_1.80__moncnn_1.45__MaxEval_102__ProbPAs_0.95__sb_none_sbth_6000__Algo_pesa2,760,uml2lqn,9427
NSGA,simplified-cocome__BRF_clone_1.23__moc_1.64__mcnn_1.80__moncnn_1.45__MaxEval_102__ProbPAs_0.95__sb_none_sbth_6000__Algo_pesa2,760,invoke_solver,173
NSGA,simplified-cocome__BRF_clone_1.23__moc_1.64__mcnn_1.80__moncnn_1.45__MaxEval_102__ProbPAs_0.95__sb_none_sbth_6000__Algo_pesa2,760,lqn2uml,8382
NSGA,simplified-cocome__BRF_clone_1.23__moc_1.64__mcnn_1.80__moncnn_1.45__MaxEval_102__ProbPAs_0.95__sb_none_sbth_6000__Algo_pesa2,760,counting_pas,760,7799
simplified-cocome,simplified-cocome__BRF_clone_1.23__moc_1.64__mcnn_1.80__moncnn_1.45__MaxEval_102__ProbPAs_0.95__sb_none_sbth_6000__Algo_pesa2,760,perfQ,7726
simplified-cocome,simplified-cocome__BRF_clone_1.23__moc_1.64__mcnn_1.80__moncnn_1.45__MaxEval_102__ProbPAs_0.95__sb_none_sbth_6000__Algo_pesa2,reliability,155
simplified-cocome,simplified-cocome__BRF_clone_1.23__moc_1.64__mcnn_1.80__moncnn_1.45__MaxEval_102__ProbPAs_0.95__sb_none_sbth_6000__Algo_pesa2,764,uml2lqn,9610
NSGA,simplified-cocome__BRF_clone_1.23__moc_1.64__mcnn_1.80__moncnn_1.45__MaxEval_102__ProbPAs_0.95__sb_none_sbth_6000__Algo_pesa2,764,invoke_solver,122
NSGA,simplified-cocome__BRF_clone_1.23__moc_1.64__mcnn_1.80__moncnn_1.45__MaxEval_102__ProbPAs_0.95__sb_none_sbth_6000__Algo_pesa2,764,lqn2uml,7967
NSGA,simplified-cocome__BRF_clone_1.23__moc_1.64__mcnn_1.80__moncnn_1.45__MaxEval_102__ProbPAs_0.95__sb_none_sbth_6000__Algo_pesa2,764,counting_pas,764,7761
simplified-cocome,simplified-cocome__BRF_clone_1.23__moc_1.64__mcnn_1.80__moncnn_1.45__MaxEval_102__ProbPAs_0.95__sb_none_sbth_6000__Algo_pesa2,764,perfQ,7679
simplified-cocome,simplified-cocome__BRF_clone_1.23__moc_1.64__mcnn_1.80__moncnn_1.45__MaxEval_102__ProbPAs_0.95__sb_none_sbth_6000__Algo_pesa2,reliability,163
simplified-cocome,simplified-cocome__BRF_clone_1.23__moc_1.64__mcnn_1.80__moncnn_1.45__MaxEval_102__ProbPAs_0.95__sb_none_sbth_6000__Algo_pesa2,768,uml2lqn,10802
NSGA,simplified-cocome__BRF_clone_1.23__moc_1.64__mcnn_1.80__moncnn_1.45__MaxEval_102__ProbPAs_0.95__sb_none_sbth_6000__Algo_pesa2,768,invoke_solver,259
NSGA,simplified-cocome__BRF_clone_1.23__moc_1.64__mcnn_1.80__moncnn_1.45__MaxEval_102__ProbPAs_0.95__sb_none_sbth_6000__Algo_pesa2,768,lqn2uml,9086
NSGA,simplified-cocome__BRF_clone_1.23__moc_1.64__mcnn_1.80__moncnn_1.45__MaxEval_102__ProbPAs_0.95__sb_none_sbth_6000__Algo_pesa2,768,counting_pas,768,8492
simplified-cocome,simplified-cocome__BRF_clone_1.23__moc_1.64__mcnn_1.80__moncnn_1.45__MaxEval_102__ProbPAs_0.95__sb_none_sbth_6000__Algo_pesa2,768,perfQ,6902
simplified-cocome,simplified-cocome__BRF_clone_1.23__moc_1.64__mcnn_1.80__moncnn_1.45__MaxEval_102__ProbPAs_0.95__sb_none_sbth_6000__Algo_pesa2,reliability,158
simplified-cocome,simplified-cocome__BRF_clone_1.23__moc_1.64__mcnn_1.80__moncnn_1.45__MaxEval_102__ProbPAs_0.95__sb_none_sbth_6000__Algo_pesa2,770,uml2lqn,10599
NSGA,simplified-cocome__BRF_clone_1.23__moc_1.64__mcnn_1.80__moncnn_1.45__MaxEval_102__ProbPAs_0.95__sb_none_sbth_6000__Algo_pesa2,770,invoke_solver,193
NSGA,simplified-cocome__BRF_clone_1.23__moc_1.64__mcnn_1.80__moncnn_1.45__MaxEval_102__ProbPAs_0.95__sb_none_sbth_6000__Algo_pesa2,770,lqn2uml,7906
NSGA,simplified-cocome__BRF_clone_1.23__moc_1.64__mcnn_1.80__moncnn_1.45__MaxEval_102__ProbPAs_0.95__sb_none_sbth_6000__Algo_pesa2,770,counting_pas,770,8406
simplified-cocome,simplified-cocome__BRF_clone_1.23__moc_1.64__mcnn_1.80__moncnn_1.45__MaxEval_102__ProbPAs_0.95__sb_none_sbth_6000__Algo_pesa2,770,perfQ,8991
simplified-cocome,simplified-cocome__BRF_clone_1.23__moc_1.64__mcnn_1.80__moncnn_1.45__MaxEval_102__ProbPAs_0.95__sb_none_sbth_6000__Algo_pesa2,reliability,229
simplified-cocome,simplified-cocome__BRF_clone_1.23__moc_1.64__mcnn_1.80__moncnn_1.45__MaxEval_102__ProbPAs_0.95__sb_none_sbth_6000__Algo_pesa2,772,uml2lqn,10905
NSGA,simplified-cocome__BRF_clone_1.23__moc_1.64__mcnn_1.80__moncnn_1.45__MaxEval_102__ProbPAs_0.95__sb_none_sbth_6000__Algo_pesa2,772,invoke_solver,243
NSGA,simplified-cocome__BRF_clone_1.23__moc_1.64__mcnn_1.80__moncnn_1.45__MaxEval_102__ProbPAs_0.95__sb_none_sbth_6000__Algo_pesa2,772,lqn2uml,7824
NSGA,simplified-cocome__BRF_clone_1.23__moc_1.64__mcnn_1.80__moncnn_1.45__MaxEval_102__ProbPAs_0.95__sb_none_sbth_6000__Algo_pesa2,772,counting_pas,772,8173
simplified-cocome,simplified-cocome__BRF_clone_1.23__moc_1.64__mcnn_1.80__moncnn_1.45__MaxEval_102__ProbPAs_0.95__sb_none_sbth_6000__Algo_pesa2,772,perfQ,9459
simplified-cocome,simplified-cocome__BRF_clone_1.23__moc_1.64__mcnn_1.80__moncnn_1.45__MaxEval_102__ProbPAs_0.95__sb_none_sbth_6000__Algo_pesa2,reliability,219
simplified-cocome,simplified-cocome__BRF_clone_1.23__moc_1.64__mcnn_1.80__moncnn_1.45__MaxEval_102__ProbPAs_0.95__sb_none_sbth_6000__Algo_pesa2,774,uml2lqn,11920
NSGA,simplified-cocome__BRF_clone_1.23__moc_1.64__mcnn_1.80__moncnn_1.45__MaxEval_102__ProbPAs_0.95__sb_none_sbth_6000__Algo_pesa2,774,invoke_solver,288
NSGA,simplified-cocome__BRF_clone_1.23__moc_1.64__mcnn_1.80__moncnn_1.45__MaxEval_102__ProbPAs_0.95__sb_none_sbth_6000__Algo_pesa2,774,lqn2uml,9133
NSGA,simplified-cocome__BRF_clone_1.23__moc_1.64__mcnn_1.80__moncnn_1.45__MaxEval_102__ProbPAs_0.95__sb_none_sbth_6000__Algo_pesa2,774,counting_pas,774,8500
simplified-cocome,simplified-cocome__BRF_clone_1.23__moc_1.64__mcnn_1.80__moncnn_1.45__MaxEval_102__ProbPAs_0.95__sb_none_sbth_6000__Algo_pesa2,774,perfQ,8299
simplified-cocome,simplified-cocome__BRF_clone_1.23__moc_1.64__mcnn_1.80__moncnn_1.45__MaxEval_102__ProbPAs_0.95__sb_none_sbth_6000__Algo_pesa2,reliability,213
simplified-cocome,simplified-cocome__BRF_clone_1.23__moc_1.64__mcnn_1.80__moncnn_1.45__MaxEval_102__ProbPAs_0.95__sb_none_sbth_6000__Algo_pesa2,778,uml2lqn,11443
NSGA,simplified-cocome__BRF_clone_1.23__moc_1.64__mcnn_1.80__moncnn_1.45__MaxEval_102__ProbPAs_0.95__sb_none_sbth_6000__Algo_pesa2,778,invoke_solver,370
NSGA,simplified-cocome__BRF_clone_1.23__moc_1.64__mcnn_1.80__moncnn_1.45__MaxEval_102__ProbPAs_0.95__sb_none_sbth_6000__Algo_pesa2,778,lqn2uml,8268
NSGA,simplified-cocome__BRF_clone_1.23__moc_1.64__mcnn_1.80__moncnn_1.45__MaxEval_102__ProbPAs_0.95__sb_none_sbth_6000__Algo_pesa2,778,counting_pas,778,8800
simplified-cocome,simplified-cocome__BRF_clone_1.23__moc_1.64__mcnn_1.80__moncnn_1.45__MaxEval_102__ProbPAs_0.95__sb_none_sbth_6000__Algo_pesa2,778,perfQ,8475
simplified-cocome,simplified-cocome__BRF_clone_1.23__moc_1.64__mcnn_1.80__moncnn_1.45__MaxEval_102__ProbPAs_0.95__sb_none_sbth_6000__Algo_pesa2,reliability,161
simplified-cocome,simplified-cocome__BRF_clone_1.23__moc_1.64__mcnn_1.80__moncnn_1.45__MaxEval_102__ProbPAs_0.95__sb_none_sbth_6000__Algo_pesa2,784,uml2lqn,10565
NSGA,simplified-cocome__BRF_clone_1.23__moc_1.64__mcnn_1.80__moncnn_1.45__MaxEval_102__ProbPAs_0.95__sb_none_sbth_6000__Algo_pesa2,784,invoke_solver,282
NSGA,simplified-cocome__BRF_clone_1.23__moc_1.64__mcnn_1.80__moncnn_1.45__MaxEval_102__ProbPAs_0.95__sb_none_sbth_6000__Algo_pesa2,784,lqn2uml,10024
NSGA,simplified-cocome__BRF_clone_1.23__moc_1.64__mcnn_1.80__moncnn_1.45__MaxEval_102__ProbPAs_0.95__sb_none_sbth_6000__Algo_pesa2,784,counting_pas,784,9556
simplified-cocome,simplified-cocome__BRF_clone_1.23__moc_1.64__mcnn_1.80__moncnn_1.45__MaxEval_102__ProbPAs_0.95__sb_none_sbth_6000__Algo_pesa2,784,perfQ,8590
simplified-cocome,simplified-cocome__BRF_clone_1.23__moc_1.64__mcnn_1.80__moncnn_1.45__MaxEval_102__ProbPAs_0.95__sb_none_sbth_6000__Algo_pesa2,reliability,244
simplified-cocome,simplified-cocome__BRF_clone_1.23__moc_1.64__mcnn_1.80__moncnn_1.45__MaxEval_102__ProbPAs_0.95__sb_none_sbth_6000__Algo_pesa2,786,uml2lqn,8908
NSGA,simplified-cocome__BRF_clone_1.23__moc_1.64__mcnn_1.80__moncnn_1.45__MaxEval_102__ProbPAs_0.95__sb_none_sbth_6000__Algo_pesa2,786,invoke_solver,361
NSGA,simplified-cocome__BRF_clone_1.23__moc_1.64__mcnn_1.80__moncnn_1.45__MaxEval_102__ProbPAs_0.95__sb_none_sbth_6000__Algo_pesa2,786,lqn2uml,7992
NSGA,simplified-cocome__BRF_clone_1.23__moc_1.64__mcnn_1.80__moncnn_1.45__MaxEval_102__ProbPAs_0.95__sb_none_sbth_6000__Algo_pesa2,786,counting_pas,786,8841
simplified-cocome,simplified-cocome__BRF_clone_1.23__moc_1.64__mcnn_1.80__moncnn_1.45__MaxEval_102__ProbPAs_0.95__sb_none_sbth_6000__Algo_pesa2,786,perfQ,8809
simplified-cocome,simplified-cocome__BRF_clone_1.23__moc_1.64__mcnn_1.80__moncnn_1.45__MaxEval_102__ProbPAs_0.95__sb_none_sbth_6000__Algo_pesa2,reliability,199
simplified-cocome,simplified-cocome__BRF_clone_1.23__moc_1.64__mcnn_1.80__moncnn_1.45__MaxEval_102__ProbPAs_0.95__sb_none_sbth_6000__Algo_pesa2,790,uml2lqn,9224
NSGA,simplified-cocome__BRF_clone_1.23__moc_1.64__mcnn_1.80__moncnn_1.45__MaxEval_102__ProbPAs_0.95__sb_none_sbth_6000__Algo_pesa2,790,invoke_solver,331
NSGA,simplified-cocome__BRF_clone_1.23__moc_1.64__mcnn_1.80__moncnn_1.45__MaxEval_102__ProbPAs_0.95__sb_none_sbth_6000__Algo_pesa2,790,lqn2uml,9383
NSGA,simplified-cocome__BRF_clone_1.23__moc_1.64__mcnn_1.80__moncnn_1.45__MaxEval_102__ProbPAs_0.95__sb_none_sbth_6000__Algo_pesa2,790,counting_pas,790,8810
simplified-cocome,simplified-cocome__BRF_clone_1.23__moc_1.64__mcnn_1.80__moncnn_1.45__MaxEval_102__ProbPAs_0.95__sb_none_sbth_6000__Algo_pesa2,790,perfQ,9039
simplified-cocome,simplified-cocome__BRF_clone_1.23__moc_1.64__mcnn_1.80__moncnn_1.45__MaxEval_102__ProbPAs_0.95__sb_none_sbth_6000__Algo_pesa2,reliability,222
simplified-cocome,simplified-cocome__BRF_clone_1.23__moc_1.64__mcnn_1.80__moncnn_1.45__MaxEval_102__ProbPAs_0.95__sb_none_sbth_6000__Algo_pesa2,794,uml2lqn,9255
NSGA,simplified-cocome__BRF_clone_1.23__moc_1.64__mcnn_1.80__moncnn_1.45__MaxEval_102__ProbPAs_0.95__sb_none_sbth_6000__Algo_pesa2,794,invoke_solver,72
NSGA,simplified-cocome__BRF_clone_1.23__moc_1.64__mcnn_1.80__moncnn_1.45__MaxEval_102__ProbPAs_0.95__sb_none_sbth_6000__Algo_pesa2,794,lqn2uml,9031
NSGA,simplified-cocome__BRF_clone_1.23__moc_1.64__mcnn_1.80__moncnn_1.45__MaxEval_102__ProbPAs_0.95__sb_none_sbth_6000__Algo_pesa2,794,counting_pas,794,8682
simplified-cocome,simplified-cocome__BRF_clone_1.23__moc_1.64__mcnn_1.80__moncnn_1.45__MaxEval_102__ProbPAs_0.95__sb_none_sbth_6000__Algo_pesa2,794,perfQ,10115
simplified-cocome,simplified-cocome__BRF_clone_1.23__moc_1.64__mcnn_1.80__moncnn_1.45__MaxEval_102__ProbPAs_0.95__sb_none_sbth_6000__Algo_pesa2,reliability,190
simplified-cocome,simplified-cocome__BRF_clone_1.23__moc_1.64__mcnn_1.80__moncnn_1.45__MaxEval_102__ProbPAs_0.95__sb_none_sbth_6000__Algo_pesa2,800,uml2lqn,10559
NSGA,simplified-cocome__BRF_clone_1.23__moc_1.64__mcnn_1.80__moncnn_1.45__MaxEval_102__ProbPAs_0.95__sb_none_sbth_6000__Algo_pesa2,800,invoke_solver,171
NSGA,simplified-cocome__BRF_clone_1.23__moc_1.64__mcnn_1.80__moncnn_1.45__MaxEval_102__ProbPAs_0.95__sb_none_sbth_6000__Algo_pesa2,800,lqn2uml,9292
NSGA,simplified-cocome__BRF_clone_1.23__moc_1.64__mcnn_1.80__moncnn_1.45__MaxEval_102__ProbPAs_0.95__sb_none_sbth_6000__Algo_pesa2,800,counting_pas,800,9254
simplified-cocome,simplified-cocome__BRF_clone_1.23__moc_1.64__mcnn_1.80__moncnn_1.45__MaxEval_102__ProbPAs_0.95__sb_none_sbth_6000__Algo_pesa2,800,perfQ,9163
simplified-cocome,simplified-cocome__BRF_clone_1.23__moc_1.64__mcnn_1.80__moncnn_1.45__MaxEval_102__ProbPAs_0.95__sb_none_sbth_6000__Algo_pesa2,reliability,188
simplified-cocome,simplified-cocome__BRF_clone_1.23__moc_1.64__mcnn_1.80__moncnn_1.45__MaxEval_102__ProbPAs_0.95__sb_none_sbth_6000__Algo_pesa2,802,uml2lqn,11259
NSGA,simplified-cocome__BRF_clone_1.23__moc_1.64__mcnn_1.80__moncnn_1.45__MaxEval_102__ProbPAs_0.95__sb_none_sbth_6000__Algo_pesa2,802,invoke_solver,134
NSGA,simplified-cocome__BRF_clone_1.23__moc_1.64__mcnn_1.80__moncnn_1.45__MaxEval_102__ProbPAs_0.95__sb_none_sbth_6000__Algo_pesa2,802,lqn2uml,10172
NSGA,simplified-cocome__BRF_clone_1.23__moc_1.64__mcnn_1.80__moncnn_1.45__MaxEval_102__ProbPAs_0.95__sb_none_sbth_6000__Algo_pesa2,802,counting_pas,802,7610
simplified-cocome,simplified-cocome__BRF_clone_1.23__moc_1.64__mcnn_1.80__moncnn_1.45__MaxEval_102__ProbPAs_0.95__sb_none_sbth_6000__Algo_pesa2,802,perfQ,9071
simplified-cocome,simplified-cocome__BRF_clone_1.23__moc_1.64__mcnn_1.80__moncnn_1.45__MaxEval_102__ProbPAs_0.95__sb_none_sbth_6000__Algo_pesa2,reliability,227
simplified-cocome,simplified-cocome__BRF_clone_1.23__moc_1.64__mcnn_1.80__moncnn_1.45__MaxEval_102__ProbPAs_0.95__sb_none_sbth_6000__Algo_pesa2,806,uml2lqn,10072
NSGA,simplified-cocome__BRF_clone_1.23__moc_1.64__mcnn_1.80__moncnn_1.45__MaxEval_102__ProbPAs_0.95__sb_none_sbth_6000__Algo_pesa2,806,invoke_solver,330
NSGA,simplified-cocome__BRF_clone_1.23__moc_1.64__mcnn_1.80__moncnn_1.45__MaxEval_102__ProbPAs_0.95__sb_none_sbth_6000__Algo_pesa2,806,lqn2uml,9946
NSGA,simplified-cocome__BRF_clone_1.23__moc_1.64__mcnn_1.80__moncnn_1.45__MaxEval_102__ProbPAs_0.95__sb_none_sbth_6000__Algo_pesa2,806,counting_pas,806,8191
simplified-cocome,simplified-cocome__BRF_clone_1.23__moc_1.64__mcnn_1.80__moncnn_1.45__MaxEval_102__ProbPAs_0.95__sb_none_sbth_6000__Algo_pesa2,806,perfQ,9225
simplified-cocome,simplified-cocome__BRF_clone_1.23__moc_1.64__mcnn_1.80__moncnn_1.45__MaxEval_102__ProbPAs_0.95__sb_none_sbth_6000__Algo_pesa2,reliability,195
simplified-cocome,simplified-cocome__BRF_clone_1.23__moc_1.64__mcnn_1.80__moncnn_1.45__MaxEval_102__ProbPAs_0.95__sb_none_sbth_6000__Algo_pesa2,810,uml2lqn,13122
NSGA,simplified-cocome__BRF_clone_1.23__moc_1.64__mcnn_1.80__moncnn_1.45__MaxEval_102__ProbPAs_0.95__sb_none_sbth_6000__Algo_pesa2,810,invoke_solver,166
NSGA,simplified-cocome__BRF_clone_1.23__moc_1.64__mcnn_1.80__moncnn_1.45__MaxEval_102__ProbPAs_0.95__sb_none_sbth_6000__Algo_pesa2,810,lqn2uml,10779
NSGA,simplified-cocome__BRF_clone_1.23__moc_1.64__mcnn_1.80__moncnn_1.45__MaxEval_102__ProbPAs_0.95__sb_none_sbth_6000__Algo_pesa2,810,counting_pas,810,8702
simplified-cocome,simplified-cocome__BRF_clone_1.23__moc_1.64__mcnn_1.80__moncnn_1.45__MaxEval_102__ProbPAs_0.95__sb_none_sbth_6000__Algo_pesa2,810,perfQ,9701
simplified-cocome,simplified-cocome__BRF_clone_1.23__moc_1.64__mcnn_1.80__moncnn_1.45__MaxEval_102__ProbPAs_0.95__sb_none_sbth_6000__Algo_pesa2,reliability,165
simplified-cocome,simplified-cocome__BRF_clone_1.23__moc_1.64__mcnn_1.80__moncnn_1.45__MaxEval_102__ProbPAs_0.95__sb_none_sbth_6000__Algo_pesa2,814,uml2lqn,9772
NSGA,simplified-cocome__BRF_clone_1.23__moc_1.64__mcnn_1.80__moncnn_1.45__MaxEval_102__ProbPAs_0.95__sb_none_sbth_6000__Algo_pesa2,814,invoke_solver,341
NSGA,simplified-cocome__BRF_clone_1.23__moc_1.64__mcnn_1.80__moncnn_1.45__MaxEval_102__ProbPAs_0.95__sb_none_sbth_6000__Algo_pesa2,814,lqn2uml,9986
NSGA,simplified-cocome__BRF_clone_1.23__moc_1.64__mcnn_1.80__moncnn_1.45__MaxEval_102__ProbPAs_0.95__sb_none_sbth_6000__Algo_pesa2,814,counting_pas,814,8597
simplified-cocome,simplified-cocome__BRF_clone_1.23__moc_1.64__mcnn_1.80__moncnn_1.45__MaxEval_102__ProbPAs_0.95__sb_none_sbth_6000__Algo_pesa2,814,perfQ,8711
simplified-cocome,simplified-cocome__BRF_clone_1.23__moc_1.64__mcnn_1.80__moncnn_1.45__MaxEval_102__ProbPAs_0.95__sb_none_sbth_6000__Algo_pesa2,reliability,220
simplified-cocome,simplified-cocome__BRF_clone_1.23__moc_1.64__mcnn_1.80__moncnn_1.45__MaxEval_102__ProbPAs_0.95__sb_none_sbth_6000__Algo_pesa2,816,uml2lqn,11438
NSGA,simplified-cocome__BRF_clone_1.23__moc_1.64__mcnn_1.80__moncnn_1.45__MaxEval_102__ProbPAs_0.95__sb_none_sbth_6000__Algo_pesa2,816,invoke_solver,57
NSGA,simplified-cocome__BRF_clone_1.23__moc_1.64__mcnn_1.80__moncnn_1.45__MaxEval_102__ProbPAs_0.95__sb_none_sbth_6000__Algo_pesa2,816,lqn2uml,8975
NSGA,simplified-cocome__BRF_clone_1.23__moc_1.64__mcnn_1.80__moncnn_1.45__MaxEval_102__ProbPAs_0.95__sb_none_sbth_6000__Algo_pesa2,816,counting_pas,816,8920
simplified-cocome,simplified-cocome__BRF_clone_1.23__moc_1.64__mcnn_1.80__moncnn_1.45__MaxEval_102__ProbPAs_0.95__sb_none_sbth_6000__Algo_pesa2,816,perfQ,7672
simplified-cocome,simplified-cocome__BRF_clone_1.23__moc_1.64__mcnn_1.80__moncnn_1.45__MaxEval_102__ProbPAs_0.95__sb_none_sbth_6000__Algo_pesa2,reliability,215
simplified-cocome,simplified-cocome__BRF_clone_1.23__moc_1.64__mcnn_1.80__moncnn_1.45__MaxEval_102__ProbPAs_0.95__sb_none_sbth_6000__Algo_pesa2,820,uml2lqn,9955
NSGA,simplified-cocome__BRF_clone_1.23__moc_1.64__mcnn_1.80__moncnn_1.45__MaxEval_102__ProbPAs_0.95__sb_none_sbth_6000__Algo_pesa2,820,invoke_solver,142
NSGA,simplified-cocome__BRF_clone_1.23__moc_1.64__mcnn_1.80__moncnn_1.45__MaxEval_102__ProbPAs_0.95__sb_none_sbth_6000__Algo_pesa2,820,lqn2uml,9447
NSGA,simplified-cocome__BRF_clone_1.23__moc_1.64__mcnn_1.80__moncnn_1.45__MaxEval_102__ProbPAs_0.95__sb_none_sbth_6000__Algo_pesa2,820,counting_pas,820,7659
simplified-cocome,simplified-cocome__BRF_clone_1.23__moc_1.64__mcnn_1.80__moncnn_1.45__MaxEval_102__ProbPAs_0.95__sb_none_sbth_6000__Algo_pesa2,820,perfQ,7682
simplified-cocome,simplified-cocome__BRF_clone_1.23__moc_1.64__mcnn_1.80__moncnn_1.45__MaxEval_102__ProbPAs_0.95__sb_none_sbth_6000__Algo_pesa2,reliability,164
simplified-cocome,simplified-cocome__BRF_clone_1.23__moc_1.64__mcnn_1.80__moncnn_1.45__MaxEval_102__ProbPAs_0.95__sb_none_sbth_6000__Algo_pesa2,822,uml2lqn,12345
NSGA,simplified-cocome__BRF_clone_1.23__moc_1.64__mcnn_1.80__moncnn_1.45__MaxEval_102__ProbPAs_0.95__sb_none_sbth_6000__Algo_pesa2,822,invoke_solver,100
NSGA,simplified-cocome__BRF_clone_1.23__moc_1.64__mcnn_1.80__moncnn_1.45__MaxEval_102__ProbPAs_0.95__sb_none_sbth_6000__Algo_pesa2,822,lqn2uml,9553
NSGA,simplified-cocome__BRF_clone_1.23__moc_1.64__mcnn_1.80__moncnn_1.45__MaxEval_102__ProbPAs_0.95__sb_none_sbth_6000__Algo_pesa2,822,counting_pas,822,10823
simplified-cocome,simplified-cocome__BRF_clone_1.23__moc_1.64__mcnn_1.80__moncnn_1.45__MaxEval_102__ProbPAs_0.95__sb_none_sbth_6000__Algo_pesa2,822,perfQ,10105
simplified-cocome,simplified-cocome__BRF_clone_1.23__moc_1.64__mcnn_1.80__moncnn_1.45__MaxEval_102__ProbPAs_0.95__sb_none_sbth_6000__Algo_pesa2,reliability,169
simplified-cocome,simplified-cocome__BRF_clone_1.23__moc_1.64__mcnn_1.80__moncnn_1.45__MaxEval_102__ProbPAs_0.95__sb_none_sbth_6000__Algo_pesa2,824,uml2lqn,12625
NSGA,simplified-cocome__BRF_clone_1.23__moc_1.64__mcnn_1.80__moncnn_1.45__MaxEval_102__ProbPAs_0.95__sb_none_sbth_6000__Algo_pesa2,824,invoke_solver,217
NSGA,simplified-cocome__BRF_clone_1.23__moc_1.64__mcnn_1.80__moncnn_1.45__MaxEval_102__ProbPAs_0.95__sb_none_sbth_6000__Algo_pesa2,824,lqn2uml,12445
NSGA,simplified-cocome__BRF_clone_1.23__moc_1.64__mcnn_1.80__moncnn_1.45__MaxEval_102__ProbPAs_0.95__sb_none_sbth_6000__Algo_pesa2,824,counting_pas,824,9483
simplified-cocome,simplified-cocome__BRF_clone_1.23__moc_1.64__mcnn_1.80__moncnn_1.45__MaxEval_102__ProbPAs_0.95__sb_none_sbth_6000__Algo_pesa2,824,perfQ,10137
simplified-cocome,simplified-cocome__BRF_clone_1.23__moc_1.64__mcnn_1.80__moncnn_1.45__MaxEval_102__ProbPAs_0.95__sb_none_sbth_6000__Algo_pesa2,reliability,171
simplified-cocome,simplified-cocome__BRF_clone_1.23__moc_1.64__mcnn_1.80__moncnn_1.45__MaxEval_102__ProbPAs_0.95__sb_none_sbth_6000__Algo_pesa2,826,uml2lqn,11805
NSGA,simplified-cocome__BRF_clone_1.23__moc_1.64__mcnn_1.80__moncnn_1.45__MaxEval_102__ProbPAs_0.95__sb_none_sbth_6000__Algo_pesa2,826,invoke_solver,268
NSGA,simplified-cocome__BRF_clone_1.23__moc_1.64__mcnn_1.80__moncnn_1.45__MaxEval_102__ProbPAs_0.95__sb_none_sbth_6000__Algo_pesa2,826,lqn2uml,9234
NSGA,simplified-cocome__BRF_clone_1.23__moc_1.64__mcnn_1.80__moncnn_1.45__MaxEval_102__ProbPAs_0.95__sb_none_sbth_6000__Algo_pesa2,826,counting_pas,826,9305
simplified-cocome,simplified-cocome__BRF_clone_1.23__moc_1.64__mcnn_1.80__moncnn_1.45__MaxEval_102__ProbPAs_0.95__sb_none_sbth_6000__Algo_pesa2,826,perfQ,10398
simplified-cocome,simplified-cocome__BRF_clone_1.23__moc_1.64__mcnn_1.80__moncnn_1.45__MaxEval_102__ProbPAs_0.95__sb_none_sbth_6000__Algo_pesa2,reliability,167
simplified-cocome,simplified-cocome__BRF_clone_1.23__moc_1.64__mcnn_1.80__moncnn_1.45__MaxEval_102__ProbPAs_0.95__sb_none_sbth_6000__Algo_pesa2,830,uml2lqn,11099
NSGA,simplified-cocome__BRF_clone_1.23__moc_1.64__mcnn_1.80__moncnn_1.45__MaxEval_102__ProbPAs_0.95__sb_none_sbth_6000__Algo_pesa2,830,invoke_solver,262
NSGA,simplified-cocome__BRF_clone_1.23__moc_1.64__mcnn_1.80__moncnn_1.45__MaxEval_102__ProbPAs_0.95__sb_none_sbth_6000__Algo_pesa2,830,lqn2uml,9957
NSGA,simplified-cocome__BRF_clone_1.23__moc_1.64__mcnn_1.80__moncnn_1.45__MaxEval_102__ProbPAs_0.95__sb_none_sbth_6000__Algo_pesa2,830,counting_pas,830,8970
simplified-cocome,simplified-cocome__BRF_clone_1.23__moc_1.64__mcnn_1.80__moncnn_1.45__MaxEval_102__ProbPAs_0.95__sb_none_sbth_6000__Algo_pesa2,830,perfQ,10543
simplified-cocome,simplified-cocome__BRF_clone_1.23__moc_1.64__mcnn_1.80__moncnn_1.45__MaxEval_102__ProbPAs_0.95__sb_none_sbth_6000__Algo_pesa2,reliability,215
simplified-cocome,simplified-cocome__BRF_clone_1.23__moc_1.64__mcnn_1.80__moncnn_1.45__MaxEval_102__ProbPAs_0.95__sb_none_sbth_6000__Algo_pesa2,834,uml2lqn,11041
NSGA,simplified-cocome__BRF_clone_1.23__moc_1.64__mcnn_1.80__moncnn_1.45__MaxEval_102__ProbPAs_0.95__sb_none_sbth_6000__Algo_pesa2,834,invoke_solver,119
NSGA,simplified-cocome__BRF_clone_1.23__moc_1.64__mcnn_1.80__moncnn_1.45__MaxEval_102__ProbPAs_0.95__sb_none_sbth_6000__Algo_pesa2,834,lqn2uml,10015
NSGA,simplified-cocome__BRF_clone_1.23__moc_1.64__mcnn_1.80__moncnn_1.45__MaxEval_102__ProbPAs_0.95__sb_none_sbth_6000__Algo_pesa2,834,counting_pas,834,8488
simplified-cocome,simplified-cocome__BRF_clone_1.23__moc_1.64__mcnn_1.80__moncnn_1.45__MaxEval_102__ProbPAs_0.95__sb_none_sbth_6000__Algo_pesa2,834,perfQ,9819
simplified-cocome,simplified-cocome__BRF_clone_1.23__moc_1.64__mcnn_1.80__moncnn_1.45__MaxEval_102__ProbPAs_0.95__sb_none_sbth_6000__Algo_pesa2,reliability,180
simplified-cocome,simplified-cocome__BRF_clone_1.23__moc_1.64__mcnn_1.80__moncnn_1.45__MaxEval_102__ProbPAs_0.95__sb_none_sbth_6000__Algo_pesa2,840,uml2lqn,11432
NSGA,simplified-cocome__BRF_clone_1.23__moc_1.64__mcnn_1.80__moncnn_1.45__MaxEval_102__ProbPAs_0.95__sb_none_sbth_6000__Algo_pesa2,840,invoke_solver,311
NSGA,simplified-cocome__BRF_clone_1.23__moc_1.64__mcnn_1.80__moncnn_1.45__MaxEval_102__ProbPAs_0.95__sb_none_sbth_6000__Algo_pesa2,840,lqn2uml,9207
NSGA,simplified-cocome__BRF_clone_1.23__moc_1.64__mcnn_1.80__moncnn_1.45__MaxEval_102__ProbPAs_0.95__sb_none_sbth_6000__Algo_pesa2,840,counting_pas,840,9383
simplified-cocome,simplified-cocome__BRF_clone_1.23__moc_1.64__mcnn_1.80__moncnn_1.45__MaxEval_102__ProbPAs_0.95__sb_none_sbth_6000__Algo_pesa2,840,perfQ,10510
simplified-cocome,simplified-cocome__BRF_clone_1.23__moc_1.64__mcnn_1.80__moncnn_1.45__MaxEval_102__ProbPAs_0.95__sb_none_sbth_6000__Algo_pesa2,reliability,178
simplified-cocome,simplified-cocome__BRF_clone_1.23__moc_1.64__mcnn_1.80__moncnn_1.45__MaxEval_102__ProbPAs_0.95__sb_none_sbth_6000__Algo_pesa2,842,uml2lqn,11511
NSGA,simplified-cocome__BRF_clone_1.23__moc_1.64__mcnn_1.80__moncnn_1.45__MaxEval_102__ProbPAs_0.95__sb_none_sbth_6000__Algo_pesa2,842,invoke_solver,332
NSGA,simplified-cocome__BRF_clone_1.23__moc_1.64__mcnn_1.80__moncnn_1.45__MaxEval_102__ProbPAs_0.95__sb_none_sbth_6000__Algo_pesa2,842,lqn2uml,11128
NSGA,simplified-cocome__BRF_clone_1.23__moc_1.64__mcnn_1.80__moncnn_1.45__MaxEval_102__ProbPAs_0.95__sb_none_sbth_6000__Algo_pesa2,842,counting_pas,842,9636
simplified-cocome,simplified-cocome__BRF_clone_1.23__moc_1.64__mcnn_1.80__moncnn_1.45__MaxEval_102__ProbPAs_0.95__sb_none_sbth_6000__Algo_pesa2,842,perfQ,9983
simplified-cocome,simplified-cocome__BRF_clone_1.23__moc_1.64__mcnn_1.80__moncnn_1.45__MaxEval_102__ProbPAs_0.95__sb_none_sbth_6000__Algo_pesa2,reliability,188
simplified-cocome,simplified-cocome__BRF_clone_1.23__moc_1.64__mcnn_1.80__moncnn_1.45__MaxEval_102__ProbPAs_0.95__sb_none_sbth_6000__Algo_pesa2,846,uml2lqn,13203
NSGA,simplified-cocome__BRF_clone_1.23__moc_1.64__mcnn_1.80__moncnn_1.45__MaxEval_102__ProbPAs_0.95__sb_none_sbth_6000__Algo_pesa2,846,invoke_solver,54
NSGA,simplified-cocome__BRF_clone_1.23__moc_1.64__mcnn_1.80__moncnn_1.45__MaxEval_102__ProbPAs_0.95__sb_none_sbth_6000__Algo_pesa2,846,lqn2uml,11126
NSGA,simplified-cocome__BRF_clone_1.23__moc_1.64__mcnn_1.80__moncnn_1.45__MaxEval_102__ProbPAs_0.95__sb_none_sbth_6000__Algo_pesa2,846,counting_pas,846,8483
simplified-cocome,simplified-cocome__BRF_clone_1.23__moc_1.64__mcnn_1.80__moncnn_1.45__MaxEval_102__ProbPAs_0.95__sb_none_sbth_6000__Algo_pesa2,846,perfQ,8852
simplified-cocome,simplified-cocome__BRF_clone_1.23__moc_1.64__mcnn_1.80__moncnn_1.45__MaxEval_102__ProbPAs_0.95__sb_none_sbth_6000__Algo_pesa2,reliability,183
simplified-cocome,simplified-cocome__BRF_clone_1.23__moc_1.64__mcnn_1.80__moncnn_1.45__MaxEval_102__ProbPAs_0.95__sb_none_sbth_6000__Algo_pesa2,848,uml2lqn,11903
NSGA,simplified-cocome__BRF_clone_1.23__moc_1.64__mcnn_1.80__moncnn_1.45__MaxEval_102__ProbPAs_0.95__sb_none_sbth_6000__Algo_pesa2,848,invoke_solver,232
NSGA,simplified-cocome__BRF_clone_1.23__moc_1.64__mcnn_1.80__moncnn_1.45__MaxEval_102__ProbPAs_0.95__sb_none_sbth_6000__Algo_pesa2,848,lqn2uml,9924
NSGA,simplified-cocome__BRF_clone_1.23__moc_1.64__mcnn_1.80__moncnn_1.45__MaxEval_102__ProbPAs_0.95__sb_none_sbth_6000__Algo_pesa2,848,counting_pas,848,8436
simplified-cocome,simplified-cocome__BRF_clone_1.23__moc_1.64__mcnn_1.80__moncnn_1.45__MaxEval_102__ProbPAs_0.95__sb_none_sbth_6000__Algo_pesa2,848,perfQ,10188
simplified-cocome,simplified-cocome__BRF_clone_1.23__moc_1.64__mcnn_1.80__moncnn_1.45__MaxEval_102__ProbPAs_0.95__sb_none_sbth_6000__Algo_pesa2,reliability,185
simplified-cocome,simplified-cocome__BRF_clone_1.23__moc_1.64__mcnn_1.80__moncnn_1.45__MaxEval_102__ProbPAs_0.95__sb_none_sbth_6000__Algo_pesa2,852,uml2lqn,11904
NSGA,simplified-cocome__BRF_clone_1.23__moc_1.64__mcnn_1.80__moncnn_1.45__MaxEval_102__ProbPAs_0.95__sb_none_sbth_6000__Algo_pesa2,852,invoke_solver,182
NSGA,simplified-cocome__BRF_clone_1.23__moc_1.64__mcnn_1.80__moncnn_1.45__MaxEval_102__ProbPAs_0.95__sb_none_sbth_6000__Algo_pesa2,852,lqn2uml,9983
NSGA,simplified-cocome__BRF_clone_1.23__moc_1.64__mcnn_1.80__moncnn_1.45__MaxEval_102__ProbPAs_0.95__sb_none_sbth_6000__Algo_pesa2,852,counting_pas,852,7838
simplified-cocome,simplified-cocome__BRF_clone_1.23__moc_1.64__mcnn_1.80__moncnn_1.45__MaxEval_102__ProbPAs_0.95__sb_none_sbth_6000__Algo_pesa2,852,perfQ,8752
simplified-cocome,simplified-cocome__BRF_clone_1.23__moc_1.64__mcnn_1.80__moncnn_1.45__MaxEval_102__ProbPAs_0.95__sb_none_sbth_6000__Algo_pesa2,reliability,176
simplified-cocome,simplified-cocome__BRF_clone_1.23__moc_1.64__mcnn_1.80__moncnn_1.45__MaxEval_102__ProbPAs_0.95__sb_none_sbth_6000__Algo_pesa2,854,uml2lqn,12465
NSGA,simplified-cocome__BRF_clone_1.23__moc_1.64__mcnn_1.80__moncnn_1.45__MaxEval_102__ProbPAs_0.95__sb_none_sbth_6000__Algo_pesa2,854,invoke_solver,324
NSGA,simplified-cocome__BRF_clone_1.23__moc_1.64__mcnn_1.80__moncnn_1.45__MaxEval_102__ProbPAs_0.95__sb_none_sbth_6000__Algo_pesa2,854,lqn2uml,10705
NSGA,simplified-cocome__BRF_clone_1.23__moc_1.64__mcnn_1.80__moncnn_1.45__MaxEval_102__ProbPAs_0.95__sb_none_sbth_6000__Algo_pesa2,854,counting_pas,854,8262
simplified-cocome,simplified-cocome__BRF_clone_1.23__moc_1.64__mcnn_1.80__moncnn_1.45__MaxEval_102__ProbPAs_0.95__sb_none_sbth_6000__Algo_pesa2,854,perfQ,7892
simplified-cocome,simplified-cocome__BRF_clone_1.23__moc_1.64__mcnn_1.80__moncnn_1.45__MaxEval_102__ProbPAs_0.95__sb_none_sbth_6000__Algo_pesa2,reliability,196
simplified-cocome,simplified-cocome__BRF_clone_1.23__moc_1.64__mcnn_1.80__moncnn_1.45__MaxEval_102__ProbPAs_0.95__sb_none_sbth_6000__Algo_pesa2,858,uml2lqn,11819
NSGA,simplified-cocome__BRF_clone_1.23__moc_1.64__mcnn_1.80__moncnn_1.45__MaxEval_102__ProbPAs_0.95__sb_none_sbth_6000__Algo_pesa2,858,invoke_solver,112
NSGA,simplified-cocome__BRF_clone_1.23__moc_1.64__mcnn_1.80__moncnn_1.45__MaxEval_102__ProbPAs_0.95__sb_none_sbth_6000__Algo_pesa2,858,lqn2uml,10740
NSGA,simplified-cocome__BRF_clone_1.23__moc_1.64__mcnn_1.80__moncnn_1.45__MaxEval_102__ProbPAs_0.95__sb_none_sbth_6000__Algo_pesa2,858,counting_pas,858,10339
simplified-cocome,simplified-cocome__BRF_clone_1.23__moc_1.64__mcnn_1.80__moncnn_1.45__MaxEval_102__ProbPAs_0.95__sb_none_sbth_6000__Algo_pesa2,858,perfQ,9631
simplified-cocome,simplified-cocome__BRF_clone_1.23__moc_1.64__mcnn_1.80__moncnn_1.45__MaxEval_102__ProbPAs_0.95__sb_none_sbth_6000__Algo_pesa2,reliability,279
simplified-cocome,simplified-cocome__BRF_clone_1.23__moc_1.64__mcnn_1.80__moncnn_1.45__MaxEval_102__ProbPAs_0.95__sb_none_sbth_6000__Algo_pesa2,860,uml2lqn,13450
NSGA,simplified-cocome__BRF_clone_1.23__moc_1.64__mcnn_1.80__moncnn_1.45__MaxEval_102__ProbPAs_0.95__sb_none_sbth_6000__Algo_pesa2,860,invoke_solver,122
NSGA,simplified-cocome__BRF_clone_1.23__moc_1.64__mcnn_1.80__moncnn_1.45__MaxEval_102__ProbPAs_0.95__sb_none_sbth_6000__Algo_pesa2,860,lqn2uml,11891
NSGA,simplified-cocome__BRF_clone_1.23__moc_1.64__mcnn_1.80__moncnn_1.45__MaxEval_102__ProbPAs_0.95__sb_none_sbth_6000__Algo_pesa2,860,counting_pas,860,8441
simplified-cocome,simplified-cocome__BRF_clone_1.23__moc_1.64__mcnn_1.80__moncnn_1.45__MaxEval_102__ProbPAs_0.95__sb_none_sbth_6000__Algo_pesa2,860,perfQ,10372
simplified-cocome,simplified-cocome__BRF_clone_1.23__moc_1.64__mcnn_1.80__moncnn_1.45__MaxEval_102__ProbPAs_0.95__sb_none_sbth_6000__Algo_pesa2,reliability,149
simplified-cocome,simplified-cocome__BRF_clone_1.23__moc_1.64__mcnn_1.80__moncnn_1.45__MaxEval_102__ProbPAs_0.95__sb_none_sbth_6000__Algo_pesa2,864,uml2lqn,12922
NSGA,simplified-cocome__BRF_clone_1.23__moc_1.64__mcnn_1.80__moncnn_1.45__MaxEval_102__ProbPAs_0.95__sb_none_sbth_6000__Algo_pesa2,864,invoke_solver,309
NSGA,simplified-cocome__BRF_clone_1.23__moc_1.64__mcnn_1.80__moncnn_1.45__MaxEval_102__ProbPAs_0.95__sb_none_sbth_6000__Algo_pesa2,864,lqn2uml,10850
NSGA,simplified-cocome__BRF_clone_1.23__moc_1.64__mcnn_1.80__moncnn_1.45__MaxEval_102__ProbPAs_0.95__sb_none_sbth_6000__Algo_pesa2,864,counting_pas,864,9911
simplified-cocome,simplified-cocome__BRF_clone_1.23__moc_1.64__mcnn_1.80__moncnn_1.45__MaxEval_102__ProbPAs_0.95__sb_none_sbth_6000__Algo_pesa2,864,perfQ,10212
simplified-cocome,simplified-cocome__BRF_clone_1.23__moc_1.64__mcnn_1.80__moncnn_1.45__MaxEval_102__ProbPAs_0.95__sb_none_sbth_6000__Algo_pesa2,reliability,184
simplified-cocome,simplified-cocome__BRF_clone_1.23__moc_1.64__mcnn_1.80__moncnn_1.45__MaxEval_102__ProbPAs_0.95__sb_none_sbth_6000__Algo_pesa2,866,uml2lqn,12775
NSGA,simplified-cocome__BRF_clone_1.23__moc_1.64__mcnn_1.80__moncnn_1.45__MaxEval_102__ProbPAs_0.95__sb_none_sbth_6000__Algo_pesa2,866,invoke_solver,244
NSGA,simplified-cocome__BRF_clone_1.23__moc_1.64__mcnn_1.80__moncnn_1.45__MaxEval_102__ProbPAs_0.95__sb_none_sbth_6000__Algo_pesa2,866,lqn2uml,11620
NSGA,simplified-cocome__BRF_clone_1.23__moc_1.64__mcnn_1.80__moncnn_1.45__MaxEval_102__ProbPAs_0.95__sb_none_sbth_6000__Algo_pesa2,866,counting_pas,866,8857
simplified-cocome,simplified-cocome__BRF_clone_1.23__moc_1.64__mcnn_1.80__moncnn_1.45__MaxEval_102__ProbPAs_0.95__sb_none_sbth_6000__Algo_pesa2,866,perfQ,9931
simplified-cocome,simplified-cocome__BRF_clone_1.23__moc_1.64__mcnn_1.80__moncnn_1.45__MaxEval_102__ProbPAs_0.95__sb_none_sbth_6000__Algo_pesa2,reliability,207
simplified-cocome,simplified-cocome__BRF_clone_1.23__moc_1.64__mcnn_1.80__moncnn_1.45__MaxEval_102__ProbPAs_0.95__sb_none_sbth_6000__Algo_pesa2,872,uml2lqn,11561
NSGA,simplified-cocome__BRF_clone_1.23__moc_1.64__mcnn_1.80__moncnn_1.45__MaxEval_102__ProbPAs_0.95__sb_none_sbth_6000__Algo_pesa2,872,invoke_solver,123
NSGA,simplified-cocome__BRF_clone_1.23__moc_1.64__mcnn_1.80__moncnn_1.45__MaxEval_102__ProbPAs_0.95__sb_none_sbth_6000__Algo_pesa2,872,lqn2uml,9459
NSGA,simplified-cocome__BRF_clone_1.23__moc_1.64__mcnn_1.80__moncnn_1.45__MaxEval_102__ProbPAs_0.95__sb_none_sbth_6000__Algo_pesa2,872,counting_pas,872,9278
simplified-cocome,simplified-cocome__BRF_clone_1.23__moc_1.64__mcnn_1.80__moncnn_1.45__MaxEval_102__ProbPAs_0.95__sb_none_sbth_6000__Algo_pesa2,872,perfQ,8270
simplified-cocome,simplified-cocome__BRF_clone_1.23__moc_1.64__mcnn_1.80__moncnn_1.45__MaxEval_102__ProbPAs_0.95__sb_none_sbth_6000__Algo_pesa2,reliability,202
simplified-cocome,simplified-cocome__BRF_clone_1.23__moc_1.64__mcnn_1.80__moncnn_1.45__MaxEval_102__ProbPAs_0.95__sb_none_sbth_6000__Algo_pesa2,874,uml2lqn,11908
NSGA,simplified-cocome__BRF_clone_1.23__moc_1.64__mcnn_1.80__moncnn_1.45__MaxEval_102__ProbPAs_0.95__sb_none_sbth_6000__Algo_pesa2,874,invoke_solver,139
NSGA,simplified-cocome__BRF_clone_1.23__moc_1.64__mcnn_1.80__moncnn_1.45__MaxEval_102__ProbPAs_0.95__sb_none_sbth_6000__Algo_pesa2,874,lqn2uml,7607
NSGA,simplified-cocome__BRF_clone_1.23__moc_1.64__mcnn_1.80__moncnn_1.45__MaxEval_102__ProbPAs_0.95__sb_none_sbth_6000__Algo_pesa2,874,counting_pas,874,9105
simplified-cocome,simplified-cocome__BRF_clone_1.23__moc_1.64__mcnn_1.80__moncnn_1.45__MaxEval_102__ProbPAs_0.95__sb_none_sbth_6000__Algo_pesa2,874,perfQ,8639
simplified-cocome,simplified-cocome__BRF_clone_1.23__moc_1.64__mcnn_1.80__moncnn_1.45__MaxEval_102__ProbPAs_0.95__sb_none_sbth_6000__Algo_pesa2,reliability,232
simplified-cocome,simplified-cocome__BRF_clone_1.23__moc_1.64__mcnn_1.80__moncnn_1.45__MaxEval_102__ProbPAs_0.95__sb_none_sbth_6000__Algo_pesa2,878,uml2lqn,12259
NSGA,simplified-cocome__BRF_clone_1.23__moc_1.64__mcnn_1.80__moncnn_1.45__MaxEval_102__ProbPAs_0.95__sb_none_sbth_6000__Algo_pesa2,878,invoke_solver,234
NSGA,simplified-cocome__BRF_clone_1.23__moc_1.64__mcnn_1.80__moncnn_1.45__MaxEval_102__ProbPAs_0.95__sb_none_sbth_6000__Algo_pesa2,878,lqn2uml,10618
NSGA,simplified-cocome__BRF_clone_1.23__moc_1.64__mcnn_1.80__moncnn_1.45__MaxEval_102__ProbPAs_0.95__sb_none_sbth_6000__Algo_pesa2,878,counting_pas,878,8554
simplified-cocome,simplified-cocome__BRF_clone_1.23__moc_1.64__mcnn_1.80__moncnn_1.45__MaxEval_102__ProbPAs_0.95__sb_none_sbth_6000__Algo_pesa2,878,perfQ,10303
simplified-cocome,simplified-cocome__BRF_clone_1.23__moc_1.64__mcnn_1.80__moncnn_1.45__MaxEval_102__ProbPAs_0.95__sb_none_sbth_6000__Algo_pesa2,reliability,183
simplified-cocome,simplified-cocome__BRF_clone_1.23__moc_1.64__mcnn_1.80__moncnn_1.45__MaxEval_102__ProbPAs_0.95__sb_none_sbth_6000__Algo_pesa2,880,uml2lqn,13339
NSGA,simplified-cocome__BRF_clone_1.23__moc_1.64__mcnn_1.80__moncnn_1.45__MaxEval_102__ProbPAs_0.95__sb_none_sbth_6000__Algo_pesa2,880,invoke_solver,201
NSGA,simplified-cocome__BRF_clone_1.23__moc_1.64__mcnn_1.80__moncnn_1.45__MaxEval_102__ProbPAs_0.95__sb_none_sbth_6000__Algo_pesa2,880,lqn2uml,11708
NSGA,simplified-cocome__BRF_clone_1.23__moc_1.64__mcnn_1.80__moncnn_1.45__MaxEval_102__ProbPAs_0.95__sb_none_sbth_6000__Algo_pesa2,880,counting_pas,880,7941
simplified-cocome,simplified-cocome__BRF_clone_1.23__moc_1.64__mcnn_1.80__moncnn_1.45__MaxEval_102__ProbPAs_0.95__sb_none_sbth_6000__Algo_pesa2,880,perfQ,8014
simplified-cocome,simplified-cocome__BRF_clone_1.23__moc_1.64__mcnn_1.80__moncnn_1.45__MaxEval_102__ProbPAs_0.95__sb_none_sbth_6000__Algo_pesa2,reliability,149
simplified-cocome,simplified-cocome__BRF_clone_1.23__moc_1.64__mcnn_1.80__moncnn_1.45__MaxEval_102__ProbPAs_0.95__sb_none_sbth_6000__Algo_pesa2,882,uml2lqn,11001
NSGA,simplified-cocome__BRF_clone_1.23__moc_1.64__mcnn_1.80__moncnn_1.45__MaxEval_102__ProbPAs_0.95__sb_none_sbth_6000__Algo_pesa2,882,invoke_solver,63
NSGA,simplified-cocome__BRF_clone_1.23__moc_1.64__mcnn_1.80__moncnn_1.45__MaxEval_102__ProbPAs_0.95__sb_none_sbth_6000__Algo_pesa2,882,lqn2uml,11553
NSGA,simplified-cocome__BRF_clone_1.23__moc_1.64__mcnn_1.80__moncnn_1.45__MaxEval_102__ProbPAs_0.95__sb_none_sbth_6000__Algo_pesa2,882,counting_pas,882,8404
simplified-cocome,simplified-cocome__BRF_clone_1.23__moc_1.64__mcnn_1.80__moncnn_1.45__MaxEval_102__ProbPAs_0.95__sb_none_sbth_6000__Algo_pesa2,882,perfQ,9934
simplified-cocome,simplified-cocome__BRF_clone_1.23__moc_1.64__mcnn_1.80__moncnn_1.45__MaxEval_102__ProbPAs_0.95__sb_none_sbth_6000__Algo_pesa2,reliability,138
simplified-cocome,simplified-cocome__BRF_clone_1.23__moc_1.64__mcnn_1.80__moncnn_1.45__MaxEval_102__ProbPAs_0.95__sb_none_sbth_6000__Algo_pesa2,888,uml2lqn,13161
NSGA,simplified-cocome__BRF_clone_1.23__moc_1.64__mcnn_1.80__moncnn_1.45__MaxEval_102__ProbPAs_0.95__sb_none_sbth_6000__Algo_pesa2,888,invoke_solver,339
NSGA,simplified-cocome__BRF_clone_1.23__moc_1.64__mcnn_1.80__moncnn_1.45__MaxEval_102__ProbPAs_0.95__sb_none_sbth_6000__Algo_pesa2,888,lqn2uml,10114
NSGA,simplified-cocome__BRF_clone_1.23__moc_1.64__mcnn_1.80__moncnn_1.45__MaxEval_102__ProbPAs_0.95__sb_none_sbth_6000__Algo_pesa2,888,counting_pas,888,10184
simplified-cocome,simplified-cocome__BRF_clone_1.23__moc_1.64__mcnn_1.80__moncnn_1.45__MaxEval_102__ProbPAs_0.95__sb_none_sbth_6000__Algo_pesa2,888,perfQ,10575
simplified-cocome,simplified-cocome__BRF_clone_1.23__moc_1.64__mcnn_1.80__moncnn_1.45__MaxEval_102__ProbPAs_0.95__sb_none_sbth_6000__Algo_pesa2,reliability,232
simplified-cocome,simplified-cocome__BRF_clone_1.23__moc_1.64__mcnn_1.80__moncnn_1.45__MaxEval_102__ProbPAs_0.95__sb_none_sbth_6000__Algo_pesa2,890,uml2lqn,13433
NSGA,simplified-cocome__BRF_clone_1.23__moc_1.64__mcnn_1.80__moncnn_1.45__MaxEval_102__ProbPAs_0.95__sb_none_sbth_6000__Algo_pesa2,890,invoke_solver,109
NSGA,simplified-cocome__BRF_clone_1.23__moc_1.64__mcnn_1.80__moncnn_1.45__MaxEval_102__ProbPAs_0.95__sb_none_sbth_6000__Algo_pesa2,890,lqn2uml,10564
NSGA,simplified-cocome__BRF_clone_1.23__moc_1.64__mcnn_1.80__moncnn_1.45__MaxEval_102__ProbPAs_0.95__sb_none_sbth_6000__Algo_pesa2,890,counting_pas,890,10620
simplified-cocome,simplified-cocome__BRF_clone_1.23__moc_1.64__mcnn_1.80__moncnn_1.45__MaxEval_102__ProbPAs_0.95__sb_none_sbth_6000__Algo_pesa2,890,perfQ,12135
simplified-cocome,simplified-cocome__BRF_clone_1.23__moc_1.64__mcnn_1.80__moncnn_1.45__MaxEval_102__ProbPAs_0.95__sb_none_sbth_6000__Algo_pesa2,reliability,204
simplified-cocome,simplified-cocome__BRF_clone_1.23__moc_1.64__mcnn_1.80__moncnn_1.45__MaxEval_102__ProbPAs_0.95__sb_none_sbth_6000__Algo_pesa2,894,uml2lqn,11427
NSGA,simplified-cocome__BRF_clone_1.23__moc_1.64__mcnn_1.80__moncnn_1.45__MaxEval_102__ProbPAs_0.95__sb_none_sbth_6000__Algo_pesa2,894,invoke_solver,401
NSGA,simplified-cocome__BRF_clone_1.23__moc_1.64__mcnn_1.80__moncnn_1.45__MaxEval_102__ProbPAs_0.95__sb_none_sbth_6000__Algo_pesa2,894,lqn2uml,10977
NSGA,simplified-cocome__BRF_clone_1.23__moc_1.64__mcnn_1.80__moncnn_1.45__MaxEval_102__ProbPAs_0.95__sb_none_sbth_6000__Algo_pesa2,894,counting_pas,894,8278
simplified-cocome,simplified-cocome__BRF_clone_1.23__moc_1.64__mcnn_1.80__moncnn_1.45__MaxEval_102__ProbPAs_0.95__sb_none_sbth_6000__Algo_pesa2,894,perfQ,9365
simplified-cocome,simplified-cocome__BRF_clone_1.23__moc_1.64__mcnn_1.80__moncnn_1.45__MaxEval_102__ProbPAs_0.95__sb_none_sbth_6000__Algo_pesa2,reliability,184
simplified-cocome,simplified-cocome__BRF_clone_1.23__moc_1.64__mcnn_1.80__moncnn_1.45__MaxEval_102__ProbPAs_0.95__sb_none_sbth_6000__Algo_pesa2,898,uml2lqn,12931
NSGA,simplified-cocome__BRF_clone_1.23__moc_1.64__mcnn_1.80__moncnn_1.45__MaxEval_102__ProbPAs_0.95__sb_none_sbth_6000__Algo_pesa2,898,invoke_solver,173
NSGA,simplified-cocome__BRF_clone_1.23__moc_1.64__mcnn_1.80__moncnn_1.45__MaxEval_102__ProbPAs_0.95__sb_none_sbth_6000__Algo_pesa2,898,lqn2uml,10925
NSGA,simplified-cocome__BRF_clone_1.23__moc_1.64__mcnn_1.80__moncnn_1.45__MaxEval_102__ProbPAs_0.95__sb_none_sbth_6000__Algo_pesa2,898,counting_pas,898,7807
simplified-cocome,simplified-cocome__BRF_clone_1.23__moc_1.64__mcnn_1.80__moncnn_1.45__MaxEval_102__ProbPAs_0.95__sb_none_sbth_6000__Algo_pesa2,898,perfQ,9903
simplified-cocome,simplified-cocome__BRF_clone_1.23__moc_1.64__mcnn_1.80__moncnn_1.45__MaxEval_102__ProbPAs_0.95__sb_none_sbth_6000__Algo_pesa2,reliability,184
simplified-cocome,simplified-cocome__BRF_clone_1.23__moc_1.64__mcnn_1.80__moncnn_1.45__MaxEval_102__ProbPAs_0.95__sb_none_sbth_6000__Algo_pesa2,900,uml2lqn,10591
NSGA,simplified-cocome__BRF_clone_1.23__moc_1.64__mcnn_1.80__moncnn_1.45__MaxEval_102__ProbPAs_0.95__sb_none_sbth_6000__Algo_pesa2,900,invoke_solver,163
NSGA,simplified-cocome__BRF_clone_1.23__moc_1.64__mcnn_1.80__moncnn_1.45__MaxEval_102__ProbPAs_0.95__sb_none_sbth_6000__Algo_pesa2,900,lqn2uml,11154
NSGA,simplified-cocome__BRF_clone_1.23__moc_1.64__mcnn_1.80__moncnn_1.45__MaxEval_102__ProbPAs_0.95__sb_none_sbth_6000__Algo_pesa2,900,counting_pas,900,8740
simplified-cocome,simplified-cocome__BRF_clone_1.23__moc_1.64__mcnn_1.80__moncnn_1.45__MaxEval_102__ProbPAs_0.95__sb_none_sbth_6000__Algo_pesa2,900,perfQ,10939
simplified-cocome,simplified-cocome__BRF_clone_1.23__moc_1.64__mcnn_1.80__moncnn_1.45__MaxEval_102__ProbPAs_0.95__sb_none_sbth_6000__Algo_pesa2,reliability,200
simplified-cocome,simplified-cocome__BRF_clone_1.23__moc_1.64__mcnn_1.80__moncnn_1.45__MaxEval_102__ProbPAs_0.95__sb_none_sbth_6000__Algo_pesa2,902,uml2lqn,12579
NSGA,simplified-cocome__BRF_clone_1.23__moc_1.64__mcnn_1.80__moncnn_1.45__MaxEval_102__ProbPAs_0.95__sb_none_sbth_6000__Algo_pesa2,902,invoke_solver,304
NSGA,simplified-cocome__BRF_clone_1.23__moc_1.64__mcnn_1.80__moncnn_1.45__MaxEval_102__ProbPAs_0.95__sb_none_sbth_6000__Algo_pesa2,902,lqn2uml,11209
NSGA,simplified-cocome__BRF_clone_1.23__moc_1.64__mcnn_1.80__moncnn_1.45__MaxEval_102__ProbPAs_0.95__sb_none_sbth_6000__Algo_pesa2,902,counting_pas,902,8295
simplified-cocome,simplified-cocome__BRF_clone_1.23__moc_1.64__mcnn_1.80__moncnn_1.45__MaxEval_102__ProbPAs_0.95__sb_none_sbth_6000__Algo_pesa2,902,perfQ,11240
simplified-cocome,simplified-cocome__BRF_clone_1.23__moc_1.64__mcnn_1.80__moncnn_1.45__MaxEval_102__ProbPAs_0.95__sb_none_sbth_6000__Algo_pesa2,reliability,199
simplified-cocome,simplified-cocome__BRF_clone_1.23__moc_1.64__mcnn_1.80__moncnn_1.45__MaxEval_102__ProbPAs_0.95__sb_none_sbth_6000__Algo_pesa2,906,uml2lqn,13311
NSGA,simplified-cocome__BRF_clone_1.23__moc_1.64__mcnn_1.80__moncnn_1.45__MaxEval_102__ProbPAs_0.95__sb_none_sbth_6000__Algo_pesa2,906,invoke_solver,349
NSGA,simplified-cocome__BRF_clone_1.23__moc_1.64__mcnn_1.80__moncnn_1.45__MaxEval_102__ProbPAs_0.95__sb_none_sbth_6000__Algo_pesa2,906,lqn2uml,11235
NSGA,simplified-cocome__BRF_clone_1.23__moc_1.64__mcnn_1.80__moncnn_1.45__MaxEval_102__ProbPAs_0.95__sb_none_sbth_6000__Algo_pesa2,906,counting_pas,906,9510
simplified-cocome,simplified-cocome__BRF_clone_1.23__moc_1.64__mcnn_1.80__moncnn_1.45__MaxEval_102__ProbPAs_0.95__sb_none_sbth_6000__Algo_pesa2,906,perfQ,8555
simplified-cocome,simplified-cocome__BRF_clone_1.23__moc_1.64__mcnn_1.80__moncnn_1.45__MaxEval_102__ProbPAs_0.95__sb_none_sbth_6000__Algo_pesa2,reliability,196
simplified-cocome,simplified-cocome__BRF_clone_1.23__moc_1.64__mcnn_1.80__moncnn_1.45__MaxEval_102__ProbPAs_0.95__sb_none_sbth_6000__Algo_pesa2,912,uml2lqn,11676
NSGA,simplified-cocome__BRF_clone_1.23__moc_1.64__mcnn_1.80__moncnn_1.45__MaxEval_102__ProbPAs_0.95__sb_none_sbth_6000__Algo_pesa2,912,invoke_solver,301
NSGA,simplified-cocome__BRF_clone_1.23__moc_1.64__mcnn_1.80__moncnn_1.45__MaxEval_102__ProbPAs_0.95__sb_none_sbth_6000__Algo_pesa2,912,lqn2uml,11639
NSGA,simplified-cocome__BRF_clone_1.23__moc_1.64__mcnn_1.80__moncnn_1.45__MaxEval_102__ProbPAs_0.95__sb_none_sbth_6000__Algo_pesa2,912,counting_pas,912,8974
simplified-cocome,simplified-cocome__BRF_clone_1.23__moc_1.64__mcnn_1.80__moncnn_1.45__MaxEval_102__ProbPAs_0.95__sb_none_sbth_6000__Algo_pesa2,912,perfQ,9431
simplified-cocome,simplified-cocome__BRF_clone_1.23__moc_1.64__mcnn_1.80__moncnn_1.45__MaxEval_102__ProbPAs_0.95__sb_none_sbth_6000__Algo_pesa2,reliability,174
simplified-cocome,simplified-cocome__BRF_clone_1.23__moc_1.64__mcnn_1.80__moncnn_1.45__MaxEval_102__ProbPAs_0.95__sb_none_sbth_6000__Algo_pesa2,914,uml2lqn,12898
NSGA,simplified-cocome__BRF_clone_1.23__moc_1.64__mcnn_1.80__moncnn_1.45__MaxEval_102__ProbPAs_0.95__sb_none_sbth_6000__Algo_pesa2,914,invoke_solver,147
NSGA,simplified-cocome__BRF_clone_1.23__moc_1.64__mcnn_1.80__moncnn_1.45__MaxEval_102__ProbPAs_0.95__sb_none_sbth_6000__Algo_pesa2,914,lqn2uml,12247
NSGA,simplified-cocome__BRF_clone_1.23__moc_1.64__mcnn_1.80__moncnn_1.45__MaxEval_102__ProbPAs_0.95__sb_none_sbth_6000__Algo_pesa2,914,counting_pas,914,18133
simplified-cocome,simplified-cocome__BRF_clone_1.23__moc_1.64__mcnn_1.80__moncnn_1.45__MaxEval_102__ProbPAs_0.95__sb_none_sbth_6000__Algo_pesa2,914,perfQ,13165
simplified-cocome,simplified-cocome__BRF_clone_1.23__moc_1.64__mcnn_1.80__moncnn_1.45__MaxEval_102__ProbPAs_0.95__sb_none_sbth_6000__Algo_pesa2,reliability,180
simplified-cocome,simplified-cocome__BRF_clone_1.23__moc_1.64__mcnn_1.80__moncnn_1.45__MaxEval_102__ProbPAs_0.95__sb_none_sbth_6000__Algo_pesa2,918,uml2lqn,13114
NSGA,simplified-cocome__BRF_clone_1.23__moc_1.64__mcnn_1.80__moncnn_1.45__MaxEval_102__ProbPAs_0.95__sb_none_sbth_6000__Algo_pesa2,918,invoke_solver,286
NSGA,simplified-cocome__BRF_clone_1.23__moc_1.64__mcnn_1.80__moncnn_1.45__MaxEval_102__ProbPAs_0.95__sb_none_sbth_6000__Algo_pesa2,918,lqn2uml,11100
NSGA,simplified-cocome__BRF_clone_1.23__moc_1.64__mcnn_1.80__moncnn_1.45__MaxEval_102__ProbPAs_0.95__sb_none_sbth_6000__Algo_pesa2,918,counting_pas,918,18223
simplified-cocome,simplified-cocome__BRF_clone_1.23__moc_1.64__mcnn_1.80__moncnn_1.45__MaxEval_102__ProbPAs_0.95__sb_none_sbth_6000__Algo_pesa2,918,perfQ,11494
simplified-cocome,simplified-cocome__BRF_clone_1.23__moc_1.64__mcnn_1.80__moncnn_1.45__MaxEval_102__ProbPAs_0.95__sb_none_sbth_6000__Algo_pesa2,reliability,157
simplified-cocome,simplified-cocome__BRF_clone_1.23__moc_1.64__mcnn_1.80__moncnn_1.45__MaxEval_102__ProbPAs_0.95__sb_none_sbth_6000__Algo_pesa2,924,uml2lqn,12999
NSGA,simplified-cocome__BRF_clone_1.23__moc_1.64__mcnn_1.80__moncnn_1.45__MaxEval_102__ProbPAs_0.95__sb_none_sbth_6000__Algo_pesa2,924,invoke_solver,284
NSGA,simplified-cocome__BRF_clone_1.23__moc_1.64__mcnn_1.80__moncnn_1.45__MaxEval_102__ProbPAs_0.95__sb_none_sbth_6000__Algo_pesa2,924,lqn2uml,11346
NSGA,simplified-cocome__BRF_clone_1.23__moc_1.64__mcnn_1.80__moncnn_1.45__MaxEval_102__ProbPAs_0.95__sb_none_sbth_6000__Algo_pesa2,924,counting_pas,924,9277
simplified-cocome,simplified-cocome__BRF_clone_1.23__moc_1.64__mcnn_1.80__moncnn_1.45__MaxEval_102__ProbPAs_0.95__sb_none_sbth_6000__Algo_pesa2,924,perfQ,12022
simplified-cocome,simplified-cocome__BRF_clone_1.23__moc_1.64__mcnn_1.80__moncnn_1.45__MaxEval_102__ProbPAs_0.95__sb_none_sbth_6000__Algo_pesa2,reliability,176
simplified-cocome,simplified-cocome__BRF_clone_1.23__moc_1.64__mcnn_1.80__moncnn_1.45__MaxEval_102__ProbPAs_0.95__sb_none_sbth_6000__Algo_pesa2,928,uml2lqn,10394
NSGA,simplified-cocome__BRF_clone_1.23__moc_1.64__mcnn_1.80__moncnn_1.45__MaxEval_102__ProbPAs_0.95__sb_none_sbth_6000__Algo_pesa2,928,invoke_solver,153
NSGA,simplified-cocome__BRF_clone_1.23__moc_1.64__mcnn_1.80__moncnn_1.45__MaxEval_102__ProbPAs_0.95__sb_none_sbth_6000__Algo_pesa2,928,lqn2uml,10281
NSGA,simplified-cocome__BRF_clone_1.23__moc_1.64__mcnn_1.80__moncnn_1.45__MaxEval_102__ProbPAs_0.95__sb_none_sbth_6000__Algo_pesa2,928,counting_pas,928,8036
simplified-cocome,simplified-cocome__BRF_clone_1.23__moc_1.64__mcnn_1.80__moncnn_1.45__MaxEval_102__ProbPAs_0.95__sb_none_sbth_6000__Algo_pesa2,928,perfQ,12847
simplified-cocome,simplified-cocome__BRF_clone_1.23__moc_1.64__mcnn_1.80__moncnn_1.45__MaxEval_102__ProbPAs_0.95__sb_none_sbth_6000__Algo_pesa2,reliability,163
simplified-cocome,simplified-cocome__BRF_clone_1.23__moc_1.64__mcnn_1.80__moncnn_1.45__MaxEval_102__ProbPAs_0.95__sb_none_sbth_6000__Algo_pesa2,930,uml2lqn,13593
NSGA,simplified-cocome__BRF_clone_1.23__moc_1.64__mcnn_1.80__moncnn_1.45__MaxEval_102__ProbPAs_0.95__sb_none_sbth_6000__Algo_pesa2,930,invoke_solver,258
NSGA,simplified-cocome__BRF_clone_1.23__moc_1.64__mcnn_1.80__moncnn_1.45__MaxEval_102__ProbPAs_0.95__sb_none_sbth_6000__Algo_pesa2,930,lqn2uml,13152
NSGA,simplified-cocome__BRF_clone_1.23__moc_1.64__mcnn_1.80__moncnn_1.45__MaxEval_102__ProbPAs_0.95__sb_none_sbth_6000__Algo_pesa2,930,counting_pas,930,9143
simplified-cocome,simplified-cocome__BRF_clone_1.23__moc_1.64__mcnn_1.80__moncnn_1.45__MaxEval_102__ProbPAs_0.95__sb_none_sbth_6000__Algo_pesa2,930,perfQ,12445
simplified-cocome,simplified-cocome__BRF_clone_1.23__moc_1.64__mcnn_1.80__moncnn_1.45__MaxEval_102__ProbPAs_0.95__sb_none_sbth_6000__Algo_pesa2,reliability,161
simplified-cocome,simplified-cocome__BRF_clone_1.23__moc_1.64__mcnn_1.80__moncnn_1.45__MaxEval_102__ProbPAs_0.95__sb_none_sbth_6000__Algo_pesa2,934,uml2lqn,12587
NSGA,simplified-cocome__BRF_clone_1.23__moc_1.64__mcnn_1.80__moncnn_1.45__MaxEval_102__ProbPAs_0.95__sb_none_sbth_6000__Algo_pesa2,934,invoke_solver,165
NSGA,simplified-cocome__BRF_clone_1.23__moc_1.64__mcnn_1.80__moncnn_1.45__MaxEval_102__ProbPAs_0.95__sb_none_sbth_6000__Algo_pesa2,934,lqn2uml,11757
NSGA,simplified-cocome__BRF_clone_1.23__moc_1.64__mcnn_1.80__moncnn_1.45__MaxEval_102__ProbPAs_0.95__sb_none_sbth_6000__Algo_pesa2,934,counting_pas,934,9245
simplified-cocome,simplified-cocome__BRF_clone_1.23__moc_1.64__mcnn_1.80__moncnn_1.45__MaxEval_102__ProbPAs_0.95__sb_none_sbth_6000__Algo_pesa2,934,perfQ,11122
simplified-cocome,simplified-cocome__BRF_clone_1.23__moc_1.64__mcnn_1.80__moncnn_1.45__MaxEval_102__ProbPAs_0.95__sb_none_sbth_6000__Algo_pesa2,reliability,219
simplified-cocome,simplified-cocome__BRF_clone_1.23__moc_1.64__mcnn_1.80__moncnn_1.45__MaxEval_102__ProbPAs_0.95__sb_none_sbth_6000__Algo_pesa2,938,uml2lqn,15043
NSGA,simplified-cocome__BRF_clone_1.23__moc_1.64__mcnn_1.80__moncnn_1.45__MaxEval_102__ProbPAs_0.95__sb_none_sbth_6000__Algo_pesa2,938,invoke_solver,345
NSGA,simplified-cocome__BRF_clone_1.23__moc_1.64__mcnn_1.80__moncnn_1.45__MaxEval_102__ProbPAs_0.95__sb_none_sbth_6000__Algo_pesa2,938,lqn2uml,11588
NSGA,simplified-cocome__BRF_clone_1.23__moc_1.64__mcnn_1.80__moncnn_1.45__MaxEval_102__ProbPAs_0.95__sb_none_sbth_6000__Algo_pesa2,938,counting_pas,938,8367
simplified-cocome,simplified-cocome__BRF_clone_1.23__moc_1.64__mcnn_1.80__moncnn_1.45__MaxEval_102__ProbPAs_0.95__sb_none_sbth_6000__Algo_pesa2,938,perfQ,12067
simplified-cocome,simplified-cocome__BRF_clone_1.23__moc_1.64__mcnn_1.80__moncnn_1.45__MaxEval_102__ProbPAs_0.95__sb_none_sbth_6000__Algo_pesa2,reliability,166
simplified-cocome,simplified-cocome__BRF_clone_1.23__moc_1.64__mcnn_1.80__moncnn_1.45__MaxEval_102__ProbPAs_0.95__sb_none_sbth_6000__Algo_pesa2,942,uml2lqn,14337
NSGA,simplified-cocome__BRF_clone_1.23__moc_1.64__mcnn_1.80__moncnn_1.45__MaxEval_102__ProbPAs_0.95__sb_none_sbth_6000__Algo_pesa2,942,invoke_solver,107
NSGA,simplified-cocome__BRF_clone_1.23__moc_1.64__mcnn_1.80__moncnn_1.45__MaxEval_102__ProbPAs_0.95__sb_none_sbth_6000__Algo_pesa2,942,lqn2uml,13362
NSGA,simplified-cocome__BRF_clone_1.23__moc_1.64__mcnn_1.80__moncnn_1.45__MaxEval_102__ProbPAs_0.95__sb_none_sbth_6000__Algo_pesa2,942,counting_pas,942,8932
simplified-cocome,simplified-cocome__BRF_clone_1.23__moc_1.64__mcnn_1.80__moncnn_1.45__MaxEval_102__ProbPAs_0.95__sb_none_sbth_6000__Algo_pesa2,942,perfQ,11179
simplified-cocome,simplified-cocome__BRF_clone_1.23__moc_1.64__mcnn_1.80__moncnn_1.45__MaxEval_102__ProbPAs_0.95__sb_none_sbth_6000__Algo_pesa2,reliability,194
simplified-cocome,simplified-cocome__BRF_clone_1.23__moc_1.64__mcnn_1.80__moncnn_1.45__MaxEval_102__ProbPAs_0.95__sb_none_sbth_6000__Algo_pesa2,946,uml2lqn,13328
NSGA,simplified-cocome__BRF_clone_1.23__moc_1.64__mcnn_1.80__moncnn_1.45__MaxEval_102__ProbPAs_0.95__sb_none_sbth_6000__Algo_pesa2,946,invoke_solver,79
NSGA,simplified-cocome__BRF_clone_1.23__moc_1.64__mcnn_1.80__moncnn_1.45__MaxEval_102__ProbPAs_0.95__sb_none_sbth_6000__Algo_pesa2,946,lqn2uml,11003
NSGA,simplified-cocome__BRF_clone_1.23__moc_1.64__mcnn_1.80__moncnn_1.45__MaxEval_102__ProbPAs_0.95__sb_none_sbth_6000__Algo_pesa2,946,counting_pas,946,18222
simplified-cocome,simplified-cocome__BRF_clone_1.23__moc_1.64__mcnn_1.80__moncnn_1.45__MaxEval_102__ProbPAs_0.95__sb_none_sbth_6000__Algo_pesa2,946,perfQ,11674
simplified-cocome,simplified-cocome__BRF_clone_1.23__moc_1.64__mcnn_1.80__moncnn_1.45__MaxEval_102__ProbPAs_0.95__sb_none_sbth_6000__Algo_pesa2,reliability,168
simplified-cocome,simplified-cocome__BRF_clone_1.23__moc_1.64__mcnn_1.80__moncnn_1.45__MaxEval_102__ProbPAs_0.95__sb_none_sbth_6000__Algo_pesa2,952,uml2lqn,12868
NSGA,simplified-cocome__BRF_clone_1.23__moc_1.64__mcnn_1.80__moncnn_1.45__MaxEval_102__ProbPAs_0.95__sb_none_sbth_6000__Algo_pesa2,952,invoke_solver,317
NSGA,simplified-cocome__BRF_clone_1.23__moc_1.64__mcnn_1.80__moncnn_1.45__MaxEval_102__ProbPAs_0.95__sb_none_sbth_6000__Algo_pesa2,952,lqn2uml,12150
NSGA,simplified-cocome__BRF_clone_1.23__moc_1.64__mcnn_1.80__moncnn_1.45__MaxEval_102__ProbPAs_0.95__sb_none_sbth_6000__Algo_pesa2,952,counting_pas,952,15807
simplified-cocome,simplified-cocome__BRF_clone_1.23__moc_1.64__mcnn_1.80__moncnn_1.45__MaxEval_102__ProbPAs_0.95__sb_none_sbth_6000__Algo_pesa2,952,perfQ,12072
simplified-cocome,simplified-cocome__BRF_clone_1.23__moc_1.64__mcnn_1.80__moncnn_1.45__MaxEval_102__ProbPAs_0.95__sb_none_sbth_6000__Algo_pesa2,reliability,196
simplified-cocome,simplified-cocome__BRF_clone_1.23__moc_1.64__mcnn_1.80__moncnn_1.45__MaxEval_102__ProbPAs_0.95__sb_none_sbth_6000__Algo_pesa2,954,uml2lqn,11059
NSGA,simplified-cocome__BRF_clone_1.23__moc_1.64__mcnn_1.80__moncnn_1.45__MaxEval_102__ProbPAs_0.95__sb_none_sbth_6000__Algo_pesa2,954,invoke_solver,125
NSGA,simplified-cocome__BRF_clone_1.23__moc_1.64__mcnn_1.80__moncnn_1.45__MaxEval_102__ProbPAs_0.95__sb_none_sbth_6000__Algo_pesa2,954,lqn2uml,12487
NSGA,simplified-cocome__BRF_clone_1.23__moc_1.64__mcnn_1.80__moncnn_1.45__MaxEval_102__ProbPAs_0.95__sb_none_sbth_6000__Algo_pesa2,954,counting_pas,954,13617
simplified-cocome,simplified-cocome__BRF_clone_1.23__moc_1.64__mcnn_1.80__moncnn_1.45__MaxEval_102__ProbPAs_0.95__sb_none_sbth_6000__Algo_pesa2,954,perfQ,13048
simplified-cocome,simplified-cocome__BRF_clone_1.23__moc_1.64__mcnn_1.80__moncnn_1.45__MaxEval_102__ProbPAs_0.95__sb_none_sbth_6000__Algo_pesa2,reliability,179
simplified-cocome,simplified-cocome__BRF_clone_1.23__moc_1.64__mcnn_1.80__moncnn_1.45__MaxEval_102__ProbPAs_0.95__sb_none_sbth_6000__Algo_pesa2,958,uml2lqn,13079
NSGA,simplified-cocome__BRF_clone_1.23__moc_1.64__mcnn_1.80__moncnn_1.45__MaxEval_102__ProbPAs_0.95__sb_none_sbth_6000__Algo_pesa2,958,invoke_solver,268
NSGA,simplified-cocome__BRF_clone_1.23__moc_1.64__mcnn_1.80__moncnn_1.45__MaxEval_102__ProbPAs_0.95__sb_none_sbth_6000__Algo_pesa2,958,lqn2uml,13020
NSGA,simplified-cocome__BRF_clone_1.23__moc_1.64__mcnn_1.80__moncnn_1.45__MaxEval_102__ProbPAs_0.95__sb_none_sbth_6000__Algo_pesa2,958,counting_pas,958,10181
simplified-cocome,simplified-cocome__BRF_clone_1.23__moc_1.64__mcnn_1.80__moncnn_1.45__MaxEval_102__ProbPAs_0.95__sb_none_sbth_6000__Algo_pesa2,958,perfQ,13424
simplified-cocome,simplified-cocome__BRF_clone_1.23__moc_1.64__mcnn_1.80__moncnn_1.45__MaxEval_102__ProbPAs_0.95__sb_none_sbth_6000__Algo_pesa2,reliability,172
simplified-cocome,simplified-cocome__BRF_clone_1.23__moc_1.64__mcnn_1.80__moncnn_1.45__MaxEval_102__ProbPAs_0.95__sb_none_sbth_6000__Algo_pesa2,964,uml2lqn,14763
NSGA,simplified-cocome__BRF_clone_1.23__moc_1.64__mcnn_1.80__moncnn_1.45__MaxEval_102__ProbPAs_0.95__sb_none_sbth_6000__Algo_pesa2,964,invoke_solver,243
NSGA,simplified-cocome__BRF_clone_1.23__moc_1.64__mcnn_1.80__moncnn_1.45__MaxEval_102__ProbPAs_0.95__sb_none_sbth_6000__Algo_pesa2,964,lqn2uml,13188
NSGA,simplified-cocome__BRF_clone_1.23__moc_1.64__mcnn_1.80__moncnn_1.45__MaxEval_102__ProbPAs_0.95__sb_none_sbth_6000__Algo_pesa2,964,counting_pas,964,8918
simplified-cocome,simplified-cocome__BRF_clone_1.23__moc_1.64__mcnn_1.80__moncnn_1.45__MaxEval_102__ProbPAs_0.95__sb_none_sbth_6000__Algo_pesa2,964,perfQ,10059
simplified-cocome,simplified-cocome__BRF_clone_1.23__moc_1.64__mcnn_1.80__moncnn_1.45__MaxEval_102__ProbPAs_0.95__sb_none_sbth_6000__Algo_pesa2,reliability,215
simplified-cocome,simplified-cocome__BRF_clone_1.23__moc_1.64__mcnn_1.80__moncnn_1.45__MaxEval_102__ProbPAs_0.95__sb_none_sbth_6000__Algo_pesa2,966,uml2lqn,14851
NSGA,simplified-cocome__BRF_clone_1.23__moc_1.64__mcnn_1.80__moncnn_1.45__MaxEval_102__ProbPAs_0.95__sb_none_sbth_6000__Algo_pesa2,966,invoke_solver,386
NSGA,simplified-cocome__BRF_clone_1.23__moc_1.64__mcnn_1.80__moncnn_1.45__MaxEval_102__ProbPAs_0.95__sb_none_sbth_6000__Algo_pesa2,966,lqn2uml,11585
NSGA,simplified-cocome__BRF_clone_1.23__moc_1.64__mcnn_1.80__moncnn_1.45__MaxEval_102__ProbPAs_0.95__sb_none_sbth_6000__Algo_pesa2,966,counting_pas,966,15085
simplified-cocome,simplified-cocome__BRF_clone_1.23__moc_1.64__mcnn_1.80__moncnn_1.45__MaxEval_102__ProbPAs_0.95__sb_none_sbth_6000__Algo_pesa2,966,perfQ,12654
simplified-cocome,simplified-cocome__BRF_clone_1.23__moc_1.64__mcnn_1.80__moncnn_1.45__MaxEval_102__ProbPAs_0.95__sb_none_sbth_6000__Algo_pesa2,reliability,167
simplified-cocome,simplified-cocome__BRF_clone_1.23__moc_1.64__mcnn_1.80__moncnn_1.45__MaxEval_102__ProbPAs_0.95__sb_none_sbth_6000__Algo_pesa2,970,uml2lqn,13103
NSGA,simplified-cocome__BRF_clone_1.23__moc_1.64__mcnn_1.80__moncnn_1.45__MaxEval_102__ProbPAs_0.95__sb_none_sbth_6000__Algo_pesa2,970,invoke_solver,383
NSGA,simplified-cocome__BRF_clone_1.23__moc_1.64__mcnn_1.80__moncnn_1.45__MaxEval_102__ProbPAs_0.95__sb_none_sbth_6000__Algo_pesa2,970,lqn2uml,12028
NSGA,simplified-cocome__BRF_clone_1.23__moc_1.64__mcnn_1.80__moncnn_1.45__MaxEval_102__ProbPAs_0.95__sb_none_sbth_6000__Algo_pesa2,970,counting_pas,970,9999
simplified-cocome,simplified-cocome__BRF_clone_1.23__moc_1.64__mcnn_1.80__moncnn_1.45__MaxEval_102__ProbPAs_0.95__sb_none_sbth_6000__Algo_pesa2,970,perfQ,11887
simplified-cocome,simplified-cocome__BRF_clone_1.23__moc_1.64__mcnn_1.80__moncnn_1.45__MaxEval_102__ProbPAs_0.95__sb_none_sbth_6000__Algo_pesa2,reliability,182
simplified-cocome,simplified-cocome__BRF_clone_1.23__moc_1.64__mcnn_1.80__moncnn_1.45__MaxEval_102__ProbPAs_0.95__sb_none_sbth_6000__Algo_pesa2,974,uml2lqn,14035
NSGA,simplified-cocome__BRF_clone_1.23__moc_1.64__mcnn_1.80__moncnn_1.45__MaxEval_102__ProbPAs_0.95__sb_none_sbth_6000__Algo_pesa2,974,invoke_solver,162
NSGA,simplified-cocome__BRF_clone_1.23__moc_1.64__mcnn_1.80__moncnn_1.45__MaxEval_102__ProbPAs_0.95__sb_none_sbth_6000__Algo_pesa2,974,lqn2uml,10998
NSGA,simplified-cocome__BRF_clone_1.23__moc_1.64__mcnn_1.80__moncnn_1.45__MaxEval_102__ProbPAs_0.95__sb_none_sbth_6000__Algo_pesa2,974,counting_pas,974,9110
simplified-cocome,simplified-cocome__BRF_clone_1.23__moc_1.64__mcnn_1.80__moncnn_1.45__MaxEval_102__ProbPAs_0.95__sb_none_sbth_6000__Algo_pesa2,974,perfQ,12607
simplified-cocome,simplified-cocome__BRF_clone_1.23__moc_1.64__mcnn_1.80__moncnn_1.45__MaxEval_102__ProbPAs_0.95__sb_none_sbth_6000__Algo_pesa2,reliability,193
simplified-cocome,simplified-cocome__BRF_clone_1.23__moc_1.64__mcnn_1.80__moncnn_1.45__MaxEval_102__ProbPAs_0.95__sb_none_sbth_6000__Algo_pesa2,976,uml2lqn,14107
NSGA,simplified-cocome__BRF_clone_1.23__moc_1.64__mcnn_1.80__moncnn_1.45__MaxEval_102__ProbPAs_0.95__sb_none_sbth_6000__Algo_pesa2,976,invoke_solver,352
NSGA,simplified-cocome__BRF_clone_1.23__moc_1.64__mcnn_1.80__moncnn_1.45__MaxEval_102__ProbPAs_0.95__sb_none_sbth_6000__Algo_pesa2,976,lqn2uml,8470
NSGA,simplified-cocome__BRF_clone_1.23__moc_1.64__mcnn_1.80__moncnn_1.45__MaxEval_102__ProbPAs_0.95__sb_none_sbth_6000__Algo_pesa2,976,counting_pas,976,19444
simplified-cocome,simplified-cocome__BRF_clone_1.23__moc_1.64__mcnn_1.80__moncnn_1.45__MaxEval_102__ProbPAs_0.95__sb_none_sbth_6000__Algo_pesa2,976,perfQ,11477
simplified-cocome,simplified-cocome__BRF_clone_1.23__moc_1.64__mcnn_1.80__moncnn_1.45__MaxEval_102__ProbPAs_0.95__sb_none_sbth_6000__Algo_pesa2,reliability,163
simplified-cocome,simplified-cocome__BRF_clone_1.23__moc_1.64__mcnn_1.80__moncnn_1.45__MaxEval_102__ProbPAs_0.95__sb_none_sbth_6000__Algo_pesa2,978,uml2lqn,14919
NSGA,simplified-cocome__BRF_clone_1.23__moc_1.64__mcnn_1.80__moncnn_1.45__MaxEval_102__ProbPAs_0.95__sb_none_sbth_6000__Algo_pesa2,978,invoke_solver,184
NSGA,simplified-cocome__BRF_clone_1.23__moc_1.64__mcnn_1.80__moncnn_1.45__MaxEval_102__ProbPAs_0.95__sb_none_sbth_6000__Algo_pesa2,978,lqn2uml,12163
NSGA,simplified-cocome__BRF_clone_1.23__moc_1.64__mcnn_1.80__moncnn_1.45__MaxEval_102__ProbPAs_0.95__sb_none_sbth_6000__Algo_pesa2,978,counting_pas,978,18441
simplified-cocome,simplified-cocome__BRF_clone_1.23__moc_1.64__mcnn_1.80__moncnn_1.45__MaxEval_102__ProbPAs_0.95__sb_none_sbth_6000__Algo_pesa2,978,perfQ,10089
simplified-cocome,simplified-cocome__BRF_clone_1.23__moc_1.64__mcnn_1.80__moncnn_1.45__MaxEval_102__ProbPAs_0.95__sb_none_sbth_6000__Algo_pesa2,reliability,194
simplified-cocome,simplified-cocome__BRF_clone_1.23__moc_1.64__mcnn_1.80__moncnn_1.45__MaxEval_102__ProbPAs_0.95__sb_none_sbth_6000__Algo_pesa2,982,uml2lqn,12944
NSGA,simplified-cocome__BRF_clone_1.23__moc_1.64__mcnn_1.80__moncnn_1.45__MaxEval_102__ProbPAs_0.95__sb_none_sbth_6000__Algo_pesa2,982,invoke_solver,226
NSGA,simplified-cocome__BRF_clone_1.23__moc_1.64__mcnn_1.80__moncnn_1.45__MaxEval_102__ProbPAs_0.95__sb_none_sbth_6000__Algo_pesa2,982,lqn2uml,12586
NSGA,simplified-cocome__BRF_clone_1.23__moc_1.64__mcnn_1.80__moncnn_1.45__MaxEval_102__ProbPAs_0.95__sb_none_sbth_6000__Algo_pesa2,982,counting_pas,982,18146
simplified-cocome,simplified-cocome__BRF_clone_1.23__moc_1.64__mcnn_1.80__moncnn_1.45__MaxEval_102__ProbPAs_0.95__sb_none_sbth_6000__Algo_pesa2,982,perfQ,12517
simplified-cocome,simplified-cocome__BRF_clone_1.23__moc_1.64__mcnn_1.80__moncnn_1.45__MaxEval_102__ProbPAs_0.95__sb_none_sbth_6000__Algo_pesa2,reliability,219
simplified-cocome,simplified-cocome__BRF_clone_1.23__moc_1.64__mcnn_1.80__moncnn_1.45__MaxEval_102__ProbPAs_0.95__sb_none_sbth_6000__Algo_pesa2,986,uml2lqn,15326
NSGA,simplified-cocome__BRF_clone_1.23__moc_1.64__mcnn_1.80__moncnn_1.45__MaxEval_102__ProbPAs_0.95__sb_none_sbth_6000__Algo_pesa2,986,invoke_solver,138
NSGA,simplified-cocome__BRF_clone_1.23__moc_1.64__mcnn_1.80__moncnn_1.45__MaxEval_102__ProbPAs_0.95__sb_none_sbth_6000__Algo_pesa2,986,lqn2uml,12548
NSGA,simplified-cocome__BRF_clone_1.23__moc_1.64__mcnn_1.80__moncnn_1.45__MaxEval_102__ProbPAs_0.95__sb_none_sbth_6000__Algo_pesa2,986,counting_pas,986,13222
simplified-cocome,simplified-cocome__BRF_clone_1.23__moc_1.64__mcnn_1.80__moncnn_1.45__MaxEval_102__ProbPAs_0.95__sb_none_sbth_6000__Algo_pesa2,986,perfQ,12812
simplified-cocome,simplified-cocome__BRF_clone_1.23__moc_1.64__mcnn_1.80__moncnn_1.45__MaxEval_102__ProbPAs_0.95__sb_none_sbth_6000__Algo_pesa2,reliability,246
simplified-cocome,simplified-cocome__BRF_clone_1.23__moc_1.64__mcnn_1.80__moncnn_1.45__MaxEval_102__ProbPAs_0.95__sb_none_sbth_6000__Algo_pesa2,990,uml2lqn,13892
NSGA,simplified-cocome__BRF_clone_1.23__moc_1.64__mcnn_1.80__moncnn_1.45__MaxEval_102__ProbPAs_0.95__sb_none_sbth_6000__Algo_pesa2,990,invoke_solver,328
NSGA,simplified-cocome__BRF_clone_1.23__moc_1.64__mcnn_1.80__moncnn_1.45__MaxEval_102__ProbPAs_0.95__sb_none_sbth_6000__Algo_pesa2,990,lqn2uml,10602
NSGA,simplified-cocome__BRF_clone_1.23__moc_1.64__mcnn_1.80__moncnn_1.45__MaxEval_102__ProbPAs_0.95__sb_none_sbth_6000__Algo_pesa2,990,counting_pas,990,19002
simplified-cocome,simplified-cocome__BRF_clone_1.23__moc_1.64__mcnn_1.80__moncnn_1.45__MaxEval_102__ProbPAs_0.95__sb_none_sbth_6000__Algo_pesa2,990,perfQ,10024
simplified-cocome,simplified-cocome__BRF_clone_1.23__moc_1.64__mcnn_1.80__moncnn_1.45__MaxEval_102__ProbPAs_0.95__sb_none_sbth_6000__Algo_pesa2,reliability,153
simplified-cocome,simplified-cocome__BRF_clone_1.23__moc_1.64__mcnn_1.80__moncnn_1.45__MaxEval_102__ProbPAs_0.95__sb_none_sbth_6000__Algo_pesa2,996,uml2lqn,14837
NSGA,simplified-cocome__BRF_clone_1.23__moc_1.64__mcnn_1.80__moncnn_1.45__MaxEval_102__ProbPAs_0.95__sb_none_sbth_6000__Algo_pesa2,996,invoke_solver,367
NSGA,simplified-cocome__BRF_clone_1.23__moc_1.64__mcnn_1.80__moncnn_1.45__MaxEval_102__ProbPAs_0.95__sb_none_sbth_6000__Algo_pesa2,996,lqn2uml,11727
NSGA,simplified-cocome__BRF_clone_1.23__moc_1.64__mcnn_1.80__moncnn_1.45__MaxEval_102__ProbPAs_0.95__sb_none_sbth_6000__Algo_pesa2,996,counting_pas,996,15446
simplified-cocome,simplified-cocome__BRF_clone_1.23__moc_1.64__mcnn_1.80__moncnn_1.45__MaxEval_102__ProbPAs_0.95__sb_none_sbth_6000__Algo_pesa2,996,perfQ,12594
simplified-cocome,simplified-cocome__BRF_clone_1.23__moc_1.64__mcnn_1.80__moncnn_1.45__MaxEval_102__ProbPAs_0.95__sb_none_sbth_6000__Algo_pesa2,reliability,201
simplified-cocome,simplified-cocome__BRF_clone_1.23__moc_1.64__mcnn_1.80__moncnn_1.45__MaxEval_102__ProbPAs_0.95__sb_none_sbth_6000__Algo_pesa2,998,uml2lqn,15491
NSGA,simplified-cocome__BRF_clone_1.23__moc_1.64__mcnn_1.80__moncnn_1.45__MaxEval_102__ProbPAs_0.95__sb_none_sbth_6000__Algo_pesa2,998,invoke_solver,327
NSGA,simplified-cocome__BRF_clone_1.23__moc_1.64__mcnn_1.80__moncnn_1.45__MaxEval_102__ProbPAs_0.95__sb_none_sbth_6000__Algo_pesa2,998,lqn2uml,13924
NSGA,simplified-cocome__BRF_clone_1.23__moc_1.64__mcnn_1.80__moncnn_1.45__MaxEval_102__ProbPAs_0.95__sb_none_sbth_6000__Algo_pesa2,998,counting_pas,998,10237
simplified-cocome,simplified-cocome__BRF_clone_1.23__moc_1.64__mcnn_1.80__moncnn_1.45__MaxEval_102__ProbPAs_0.95__sb_none_sbth_6000__Algo_pesa2,998,perfQ,11720
simplified-cocome,simplified-cocome__BRF_clone_1.23__moc_1.64__mcnn_1.80__moncnn_1.45__MaxEval_102__ProbPAs_0.95__sb_none_sbth_6000__Algo_pesa2,reliability,209
simplified-cocome,simplified-cocome__BRF_clone_1.23__moc_1.64__mcnn_1.80__moncnn_1.45__MaxEval_102__ProbPAs_0.95__sb_none_sbth_6000__Algo_pesa2,1002,uml2lqn,12932
NSGA,simplified-cocome__BRF_clone_1.23__moc_1.64__mcnn_1.80__moncnn_1.45__MaxEval_102__ProbPAs_0.95__sb_none_sbth_6000__Algo_pesa2,1002,invoke_solver,442
NSGA,simplified-cocome__BRF_clone_1.23__moc_1.64__mcnn_1.80__moncnn_1.45__MaxEval_102__ProbPAs_0.95__sb_none_sbth_6000__Algo_pesa2,1002,lqn2uml,10019
NSGA,simplified-cocome__BRF_clone_1.23__moc_1.64__mcnn_1.80__moncnn_1.45__MaxEval_102__ProbPAs_0.95__sb_none_sbth_6000__Algo_pesa2,1002,counting_pas,1002,12749
simplified-cocome,simplified-cocome__BRF_clone_1.23__moc_1.64__mcnn_1.80__moncnn_1.45__MaxEval_102__ProbPAs_0.95__sb_none_sbth_6000__Algo_pesa2,1002,perfQ,12803
simplified-cocome,simplified-cocome__BRF_clone_1.23__moc_1.64__mcnn_1.80__moncnn_1.45__MaxEval_102__ProbPAs_0.95__sb_none_sbth_6000__Algo_pesa2,reliability,215
simplified-cocome,simplified-cocome__BRF_clone_1.23__moc_1.64__mcnn_1.80__moncnn_1.45__MaxEval_102__ProbPAs_0.95__sb_none_sbth_6000__Algo_pesa2,1004,uml2lqn,14210
NSGA,simplified-cocome__BRF_clone_1.23__moc_1.64__mcnn_1.80__moncnn_1.45__MaxEval_102__ProbPAs_0.95__sb_none_sbth_6000__Algo_pesa2,1004,invoke_solver,104
NSGA,simplified-cocome__BRF_clone_1.23__moc_1.64__mcnn_1.80__moncnn_1.45__MaxEval_102__ProbPAs_0.95__sb_none_sbth_6000__Algo_pesa2,1004,lqn2uml,11203
NSGA,simplified-cocome__BRF_clone_1.23__moc_1.64__mcnn_1.80__moncnn_1.45__MaxEval_102__ProbPAs_0.95__sb_none_sbth_6000__Algo_pesa2,1004,counting_pas,1004,15594
simplified-cocome,simplified-cocome__BRF_clone_1.23__moc_1.64__mcnn_1.80__moncnn_1.45__MaxEval_102__ProbPAs_0.95__sb_none_sbth_6000__Algo_pesa2,1004,perfQ,11700
simplified-cocome,simplified-cocome__BRF_clone_1.23__moc_1.64__mcnn_1.80__moncnn_1.45__MaxEval_102__ProbPAs_0.95__sb_none_sbth_6000__Algo_pesa2,reliability,170
simplified-cocome,simplified-cocome__BRF_clone_1.23__moc_1.64__mcnn_1.80__moncnn_1.45__MaxEval_102__ProbPAs_0.95__sb_none_sbth_6000__Algo_pesa2,1010,uml2lqn,15312
NSGA,simplified-cocome__BRF_clone_1.23__moc_1.64__mcnn_1.80__moncnn_1.45__MaxEval_102__ProbPAs_0.95__sb_none_sbth_6000__Algo_pesa2,1010,invoke_solver,346
NSGA,simplified-cocome__BRF_clone_1.23__moc_1.64__mcnn_1.80__moncnn_1.45__MaxEval_102__ProbPAs_0.95__sb_none_sbth_6000__Algo_pesa2,1010,lqn2uml,13100
NSGA,simplified-cocome__BRF_clone_1.23__moc_1.64__mcnn_1.80__moncnn_1.45__MaxEval_102__ProbPAs_0.95__sb_none_sbth_6000__Algo_pesa2,1010,counting_pas,1010,9081
simplified-cocome,simplified-cocome__BRF_clone_1.23__moc_1.64__mcnn_1.80__moncnn_1.45__MaxEval_102__ProbPAs_0.95__sb_none_sbth_6000__Algo_pesa2,1010,perfQ,11830
simplified-cocome,simplified-cocome__BRF_clone_1.23__moc_1.64__mcnn_1.80__moncnn_1.45__MaxEval_102__ProbPAs_0.95__sb_none_sbth_6000__Algo_pesa2,reliability,170
simplified-cocome,simplified-cocome__BRF_clone_1.23__moc_1.64__mcnn_1.80__moncnn_1.45__MaxEval_102__ProbPAs_0.95__sb_none_sbth_6000__Algo_pesa2,1014,uml2lqn,15185
NSGA,simplified-cocome__BRF_clone_1.23__moc_1.64__mcnn_1.80__moncnn_1.45__MaxEval_102__ProbPAs_0.95__sb_none_sbth_6000__Algo_pesa2,1014,invoke_solver,178
NSGA,simplified-cocome__BRF_clone_1.23__moc_1.64__mcnn_1.80__moncnn_1.45__MaxEval_102__ProbPAs_0.95__sb_none_sbth_6000__Algo_pesa2,1014,lqn2uml,12889
NSGA,simplified-cocome__BRF_clone_1.23__moc_1.64__mcnn_1.80__moncnn_1.45__MaxEval_102__ProbPAs_0.95__sb_none_sbth_6000__Algo_pesa2,1014,counting_pas,1014,7566
simplified-cocome,simplified-cocome__BRF_clone_1.23__moc_1.64__mcnn_1.80__moncnn_1.45__MaxEval_102__ProbPAs_0.95__sb_none_sbth_6000__Algo_pesa2,1014,perfQ,10454
simplified-cocome,simplified-cocome__BRF_clone_1.23__moc_1.64__mcnn_1.80__moncnn_1.45__MaxEval_102__ProbPAs_0.95__sb_none_sbth_6000__Algo_pesa2,reliability,222
simplified-cocome,simplified-cocome__BRF_clone_1.23__moc_1.64__mcnn_1.80__moncnn_1.45__MaxEval_102__ProbPAs_0.95__sb_none_sbth_6000__Algo_pesa2,1016,uml2lqn,13545
NSGA,simplified-cocome__BRF_clone_1.23__moc_1.64__mcnn_1.80__moncnn_1.45__MaxEval_102__ProbPAs_0.95__sb_none_sbth_6000__Algo_pesa2,1016,invoke_solver,261
NSGA,simplified-cocome__BRF_clone_1.23__moc_1.64__mcnn_1.80__moncnn_1.45__MaxEval_102__ProbPAs_0.95__sb_none_sbth_6000__Algo_pesa2,1016,lqn2uml,12273
NSGA,simplified-cocome__BRF_clone_1.23__moc_1.64__mcnn_1.80__moncnn_1.45__MaxEval_102__ProbPAs_0.95__sb_none_sbth_6000__Algo_pesa2,1016,counting_pas,1016,9046
simplified-cocome,simplified-cocome__BRF_clone_1.23__moc_1.64__mcnn_1.80__moncnn_1.45__MaxEval_102__ProbPAs_0.95__sb_none_sbth_6000__Algo_pesa2,1016,perfQ,11780
simplified-cocome,simplified-cocome__BRF_clone_1.23__moc_1.64__mcnn_1.80__moncnn_1.45__MaxEval_102__ProbPAs_0.95__sb_none_sbth_6000__Algo_pesa2,reliability,178
simplified-cocome,simplified-cocome__BRF_clone_1.23__moc_1.64__mcnn_1.80__moncnn_1.45__MaxEval_102__ProbPAs_0.95__sb_none_sbth_6000__Algo_pesa2,1020,uml2lqn,13838
NSGA,simplified-cocome__BRF_clone_1.23__moc_1.64__mcnn_1.80__moncnn_1.45__MaxEval_102__ProbPAs_0.95__sb_none_sbth_6000__Algo_pesa2,1020,invoke_solver,97
NSGA,simplified-cocome__BRF_clone_1.23__moc_1.64__mcnn_1.80__moncnn_1.45__MaxEval_102__ProbPAs_0.95__sb_none_sbth_6000__Algo_pesa2,1020,lqn2uml,11745
NSGA,simplified-cocome__BRF_clone_1.23__moc_1.64__mcnn_1.80__moncnn_1.45__MaxEval_102__ProbPAs_0.95__sb_none_sbth_6000__Algo_pesa2,1020,counting_pas,1020,7983
simplified-cocome,simplified-cocome__BRF_clone_1.23__moc_1.64__mcnn_1.80__moncnn_1.45__MaxEval_102__ProbPAs_0.95__sb_none_sbth_6000__Algo_pesa2,1020,perfQ,12845
simplified-cocome,simplified-cocome__BRF_clone_1.23__moc_1.64__mcnn_1.80__moncnn_1.45__MaxEval_102__ProbPAs_0.95__sb_none_sbth_6000__Algo_pesa2,reliability,217
simplified-cocome,simplified-cocome__BRF_clone_1.23__moc_1.64__mcnn_1.80__moncnn_1.45__MaxEval_102__ProbPAs_0.95__sb_none_sbth_6000__Algo_pesa2,1022,uml2lqn,12883
NSGA,simplified-cocome__BRF_clone_1.23__moc_1.64__mcnn_1.80__moncnn_1.45__MaxEval_102__ProbPAs_0.95__sb_none_sbth_6000__Algo_pesa2,1022,invoke_solver,193
NSGA,simplified-cocome__BRF_clone_1.23__moc_1.64__mcnn_1.80__moncnn_1.45__MaxEval_102__ProbPAs_0.95__sb_none_sbth_6000__Algo_pesa2,1022,lqn2uml,12389
NSGA,simplified-cocome__BRF_clone_1.23__moc_1.64__mcnn_1.80__moncnn_1.45__MaxEval_102__ProbPAs_0.95__sb_none_sbth_6000__Algo_pesa2,1022,counting_pas,1022,9004
simplified-cocome,simplified-cocome__BRF_clone_1.23__moc_1.64__mcnn_1.80__moncnn_1.45__MaxEval_102__ProbPAs_0.95__sb_none_sbth_6000__Algo_pesa2,1022,perfQ,13028
simplified-cocome,simplified-cocome__BRF_clone_1.23__moc_1.64__mcnn_1.80__moncnn_1.45__MaxEval_102__ProbPAs_0.95__sb_none_sbth_6000__Algo_pesa2,reliability,188
simplified-cocome,simplified-cocome__BRF_clone_1.23__moc_1.64__mcnn_1.80__moncnn_1.45__MaxEval_102__ProbPAs_0.95__sb_none_sbth_6000__Algo_pesa2,1024,uml2lqn,15708
NSGA,simplified-cocome__BRF_clone_1.23__moc_1.64__mcnn_1.80__moncnn_1.45__MaxEval_102__ProbPAs_0.95__sb_none_sbth_6000__Algo_pesa2,1024,invoke_solver,471
NSGA,simplified-cocome__BRF_clone_1.23__moc_1.64__mcnn_1.80__moncnn_1.45__MaxEval_102__ProbPAs_0.95__sb_none_sbth_6000__Algo_pesa2,1024,lqn2uml,13173
NSGA,simplified-cocome__BRF_clone_1.23__moc_1.64__mcnn_1.80__moncnn_1.45__MaxEval_102__ProbPAs_0.95__sb_none_sbth_6000__Algo_pesa2,1024,counting_pas,1024,10500
simplified-cocome,simplified-cocome__BRF_clone_1.23__moc_1.64__mcnn_1.80__moncnn_1.45__MaxEval_102__ProbPAs_0.95__sb_none_sbth_6000__Algo_pesa2,1024,perfQ,10243
simplified-cocome,simplified-cocome__BRF_clone_1.23__moc_1.64__mcnn_1.80__moncnn_1.45__MaxEval_102__ProbPAs_0.95__sb_none_sbth_6000__Algo_pesa2,reliability,190
simplified-cocome,simplified-cocome__BRF_clone_1.23__moc_1.64__mcnn_1.80__moncnn_1.45__MaxEval_102__ProbPAs_0.95__sb_none_sbth_6000__Algo_pesa2,1030,uml2lqn,14748
NSGA,simplified-cocome__BRF_clone_1.23__moc_1.64__mcnn_1.80__moncnn_1.45__MaxEval_102__ProbPAs_0.95__sb_none_sbth_6000__Algo_pesa2,1030,invoke_solver,383
NSGA,simplified-cocome__BRF_clone_1.23__moc_1.64__mcnn_1.80__moncnn_1.45__MaxEval_102__ProbPAs_0.95__sb_none_sbth_6000__Algo_pesa2,1030,lqn2uml,13426
NSGA,simplified-cocome__BRF_clone_1.23__moc_1.64__mcnn_1.80__moncnn_1.45__MaxEval_102__ProbPAs_0.95__sb_none_sbth_6000__Algo_pesa2,1030,counting_pas,1030,10740
simplified-cocome,simplified-cocome__BRF_clone_1.23__moc_1.64__mcnn_1.80__moncnn_1.45__MaxEval_102__ProbPAs_0.95__sb_none_sbth_6000__Algo_pesa2,1030,perfQ,12620
simplified-cocome,simplified-cocome__BRF_clone_1.23__moc_1.64__mcnn_1.80__moncnn_1.45__MaxEval_102__ProbPAs_0.95__sb_none_sbth_6000__Algo_pesa2,reliability,187
simplified-cocome,simplified-cocome__BRF_clone_1.23__moc_1.64__mcnn_1.80__moncnn_1.45__MaxEval_102__ProbPAs_0.95__sb_none_sbth_6000__Algo_pesa2,1032,uml2lqn,16416
NSGA,simplified-cocome__BRF_clone_1.23__moc_1.64__mcnn_1.80__moncnn_1.45__MaxEval_102__ProbPAs_0.95__sb_none_sbth_6000__Algo_pesa2,1032,invoke_solver,237
NSGA,simplified-cocome__BRF_clone_1.23__moc_1.64__mcnn_1.80__moncnn_1.45__MaxEval_102__ProbPAs_0.95__sb_none_sbth_6000__Algo_pesa2,1032,lqn2uml,11683
NSGA,simplified-cocome__BRF_clone_1.23__moc_1.64__mcnn_1.80__moncnn_1.45__MaxEval_102__ProbPAs_0.95__sb_none_sbth_6000__Algo_pesa2,1032,counting_pas,1032,8464
simplified-cocome,simplified-cocome__BRF_clone_1.23__moc_1.64__mcnn_1.80__moncnn_1.45__MaxEval_102__ProbPAs_0.95__sb_none_sbth_6000__Algo_pesa2,1032,perfQ,12006
simplified-cocome,simplified-cocome__BRF_clone_1.23__moc_1.64__mcnn_1.80__moncnn_1.45__MaxEval_102__ProbPAs_0.95__sb_none_sbth_6000__Algo_pesa2,reliability,182
simplified-cocome,simplified-cocome__BRF_clone_1.23__moc_1.64__mcnn_1.80__moncnn_1.45__MaxEval_102__ProbPAs_0.95__sb_none_sbth_6000__Algo_pesa2,1034,uml2lqn,15817
NSGA,simplified-cocome__BRF_clone_1.23__moc_1.64__mcnn_1.80__moncnn_1.45__MaxEval_102__ProbPAs_0.95__sb_none_sbth_6000__Algo_pesa2,1034,invoke_solver,411
NSGA,simplified-cocome__BRF_clone_1.23__moc_1.64__mcnn_1.80__moncnn_1.45__MaxEval_102__ProbPAs_0.95__sb_none_sbth_6000__Algo_pesa2,1034,lqn2uml,13627
NSGA,simplified-cocome__BRF_clone_1.23__moc_1.64__mcnn_1.80__moncnn_1.45__MaxEval_102__ProbPAs_0.95__sb_none_sbth_6000__Algo_pesa2,1034,counting_pas,1034,15102
simplified-cocome,simplified-cocome__BRF_clone_1.23__moc_1.64__mcnn_1.80__moncnn_1.45__MaxEval_102__ProbPAs_0.95__sb_none_sbth_6000__Algo_pesa2,1034,perfQ,11839
simplified-cocome,simplified-cocome__BRF_clone_1.23__moc_1.64__mcnn_1.80__moncnn_1.45__MaxEval_102__ProbPAs_0.95__sb_none_sbth_6000__Algo_pesa2,reliability,174
simplified-cocome,simplified-cocome__BRF_clone_1.23__moc_1.64__mcnn_1.80__moncnn_1.45__MaxEval_102__ProbPAs_0.95__sb_none_sbth_6000__Algo_pesa2,1040,uml2lqn,16015
NSGA,simplified-cocome__BRF_clone_1.23__moc_1.64__mcnn_1.80__moncnn_1.45__MaxEval_102__ProbPAs_0.95__sb_none_sbth_6000__Algo_pesa2,1040,invoke_solver,143
NSGA,simplified-cocome__BRF_clone_1.23__moc_1.64__mcnn_1.80__moncnn_1.45__MaxEval_102__ProbPAs_0.95__sb_none_sbth_6000__Algo_pesa2,1040,lqn2uml,13456
NSGA,simplified-cocome__BRF_clone_1.23__moc_1.64__mcnn_1.80__moncnn_1.45__MaxEval_102__ProbPAs_0.95__sb_none_sbth_6000__Algo_pesa2,1040,counting_pas,1040,8704
simplified-cocome,simplified-cocome__BRF_clone_1.23__moc_1.64__mcnn_1.80__moncnn_1.45__MaxEval_102__ProbPAs_0.95__sb_none_sbth_6000__Algo_pesa2,1040,perfQ,12978
simplified-cocome,simplified-cocome__BRF_clone_1.23__moc_1.64__mcnn_1.80__moncnn_1.45__MaxEval_102__ProbPAs_0.95__sb_none_sbth_6000__Algo_pesa2,reliability,181
simplified-cocome,simplified-cocome__BRF_clone_1.23__moc_1.64__mcnn_1.80__moncnn_1.45__MaxEval_102__ProbPAs_0.95__sb_none_sbth_6000__Algo_pesa2,1044,uml2lqn,14737
NSGA,simplified-cocome__BRF_clone_1.23__moc_1.64__mcnn_1.80__moncnn_1.45__MaxEval_102__ProbPAs_0.95__sb_none_sbth_6000__Algo_pesa2,1044,invoke_solver,169
NSGA,simplified-cocome__BRF_clone_1.23__moc_1.64__mcnn_1.80__moncnn_1.45__MaxEval_102__ProbPAs_0.95__sb_none_sbth_6000__Algo_pesa2,1044,lqn2uml,12739
NSGA,simplified-cocome__BRF_clone_1.23__moc_1.64__mcnn_1.80__moncnn_1.45__MaxEval_102__ProbPAs_0.95__sb_none_sbth_6000__Algo_pesa2,1044,counting_pas,1044,7884
simplified-cocome,simplified-cocome__BRF_clone_1.23__moc_1.64__mcnn_1.80__moncnn_1.45__MaxEval_102__ProbPAs_0.95__sb_none_sbth_6000__Algo_pesa2,1044,perfQ,14024
simplified-cocome,simplified-cocome__BRF_clone_1.23__moc_1.64__mcnn_1.80__moncnn_1.45__MaxEval_102__ProbPAs_0.95__sb_none_sbth_6000__Algo_pesa2,reliability,172
simplified-cocome,simplified-cocome__BRF_clone_1.23__moc_1.64__mcnn_1.80__moncnn_1.45__MaxEval_102__ProbPAs_0.95__sb_none_sbth_6000__Algo_pesa2,1046,uml2lqn,15618
NSGA,simplified-cocome__BRF_clone_1.23__moc_1.64__mcnn_1.80__moncnn_1.45__MaxEval_102__ProbPAs_0.95__sb_none_sbth_6000__Algo_pesa2,1046,invoke_solver,282
NSGA,simplified-cocome__BRF_clone_1.23__moc_1.64__mcnn_1.80__moncnn_1.45__MaxEval_102__ProbPAs_0.95__sb_none_sbth_6000__Algo_pesa2,1046,lqn2uml,12192
NSGA,simplified-cocome__BRF_clone_1.23__moc_1.64__mcnn_1.80__moncnn_1.45__MaxEval_102__ProbPAs_0.95__sb_none_sbth_6000__Algo_pesa2,1046,counting_pas,1046,7884
simplified-cocome,simplified-cocome__BRF_clone_1.23__moc_1.64__mcnn_1.80__moncnn_1.45__MaxEval_102__ProbPAs_0.95__sb_none_sbth_6000__Algo_pesa2,1046,perfQ,12189
simplified-cocome,simplified-cocome__BRF_clone_1.23__moc_1.64__mcnn_1.80__moncnn_1.45__MaxEval_102__ProbPAs_0.95__sb_none_sbth_6000__Algo_pesa2,reliability,209
simplified-cocome,simplified-cocome__BRF_clone_1.23__moc_1.64__mcnn_1.80__moncnn_1.45__MaxEval_102__ProbPAs_0.95__sb_none_sbth_6000__Algo_pesa2,1050,uml2lqn,14214
NSGA,simplified-cocome__BRF_clone_1.23__moc_1.64__mcnn_1.80__moncnn_1.45__MaxEval_102__ProbPAs_0.95__sb_none_sbth_6000__Algo_pesa2,1050,invoke_solver,317
NSGA,simplified-cocome__BRF_clone_1.23__moc_1.64__mcnn_1.80__moncnn_1.45__MaxEval_102__ProbPAs_0.95__sb_none_sbth_6000__Algo_pesa2,1050,lqn2uml,12708
NSGA,simplified-cocome__BRF_clone_1.23__moc_1.64__mcnn_1.80__moncnn_1.45__MaxEval_102__ProbPAs_0.95__sb_none_sbth_6000__Algo_pesa2,1050,counting_pas,1050,8576
simplified-cocome,simplified-cocome__BRF_clone_1.23__moc_1.64__mcnn_1.80__moncnn_1.45__MaxEval_102__ProbPAs_0.95__sb_none_sbth_6000__Algo_pesa2,1050,perfQ,11351
simplified-cocome,simplified-cocome__BRF_clone_1.23__moc_1.64__mcnn_1.80__moncnn_1.45__MaxEval_102__ProbPAs_0.95__sb_none_sbth_6000__Algo_pesa2,reliability,160
simplified-cocome,simplified-cocome__BRF_clone_1.23__moc_1.64__mcnn_1.80__moncnn_1.45__MaxEval_102__ProbPAs_0.95__sb_none_sbth_6000__Algo_pesa2,1052,uml2lqn,14134
NSGA,simplified-cocome__BRF_clone_1.23__moc_1.64__mcnn_1.80__moncnn_1.45__MaxEval_102__ProbPAs_0.95__sb_none_sbth_6000__Algo_pesa2,1052,invoke_solver,445
NSGA,simplified-cocome__BRF_clone_1.23__moc_1.64__mcnn_1.80__moncnn_1.45__MaxEval_102__ProbPAs_0.95__sb_none_sbth_6000__Algo_pesa2,1052,lqn2uml,12796
NSGA,simplified-cocome__BRF_clone_1.23__moc_1.64__mcnn_1.80__moncnn_1.45__MaxEval_102__ProbPAs_0.95__sb_none_sbth_6000__Algo_pesa2,1052,counting_pas,1052,12168
simplified-cocome,simplified-cocome__BRF_clone_1.23__moc_1.64__mcnn_1.80__moncnn_1.45__MaxEval_102__ProbPAs_0.95__sb_none_sbth_6000__Algo_pesa2,1052,perfQ,12750
simplified-cocome,simplified-cocome__BRF_clone_1.23__moc_1.64__mcnn_1.80__moncnn_1.45__MaxEval_102__ProbPAs_0.95__sb_none_sbth_6000__Algo_pesa2,reliability,146
simplified-cocome,simplified-cocome__BRF_clone_1.23__moc_1.64__mcnn_1.80__moncnn_1.45__MaxEval_102__ProbPAs_0.95__sb_none_sbth_6000__Algo_pesa2,1056,uml2lqn,14880
NSGA,simplified-cocome__BRF_clone_1.23__moc_1.64__mcnn_1.80__moncnn_1.45__MaxEval_102__ProbPAs_0.95__sb_none_sbth_6000__Algo_pesa2,1056,invoke_solver,294
NSGA,simplified-cocome__BRF_clone_1.23__moc_1.64__mcnn_1.80__moncnn_1.45__MaxEval_102__ProbPAs_0.95__sb_none_sbth_6000__Algo_pesa2,1056,lqn2uml,14131
NSGA,simplified-cocome__BRF_clone_1.23__moc_1.64__mcnn_1.80__moncnn_1.45__MaxEval_102__ProbPAs_0.95__sb_none_sbth_6000__Algo_pesa2,1056,counting_pas,1056,8517
simplified-cocome,simplified-cocome__BRF_clone_1.23__moc_1.64__mcnn_1.80__moncnn_1.45__MaxEval_102__ProbPAs_0.95__sb_none_sbth_6000__Algo_pesa2,1056,perfQ,13661
simplified-cocome,simplified-cocome__BRF_clone_1.23__moc_1.64__mcnn_1.80__moncnn_1.45__MaxEval_102__ProbPAs_0.95__sb_none_sbth_6000__Algo_pesa2,reliability,161
simplified-cocome,simplified-cocome__BRF_clone_1.23__moc_1.64__mcnn_1.80__moncnn_1.45__MaxEval_102__ProbPAs_0.95__sb_none_sbth_6000__Algo_pesa2,1060,uml2lqn,13686
NSGA,simplified-cocome__BRF_clone_1.23__moc_1.64__mcnn_1.80__moncnn_1.45__MaxEval_102__ProbPAs_0.95__sb_none_sbth_6000__Algo_pesa2,1060,invoke_solver,68
NSGA,simplified-cocome__BRF_clone_1.23__moc_1.64__mcnn_1.80__moncnn_1.45__MaxEval_102__ProbPAs_0.95__sb_none_sbth_6000__Algo_pesa2,1060,lqn2uml,11272
NSGA,simplified-cocome__BRF_clone_1.23__moc_1.64__mcnn_1.80__moncnn_1.45__MaxEval_102__ProbPAs_0.95__sb_none_sbth_6000__Algo_pesa2,1060,counting_pas,1060,19058
simplified-cocome,simplified-cocome__BRF_clone_1.23__moc_1.64__mcnn_1.80__moncnn_1.45__MaxEval_102__ProbPAs_0.95__sb_none_sbth_6000__Algo_pesa2,1060,perfQ,11704
simplified-cocome,simplified-cocome__BRF_clone_1.23__moc_1.64__mcnn_1.80__moncnn_1.45__MaxEval_102__ProbPAs_0.95__sb_none_sbth_6000__Algo_pesa2,reliability,181
simplified-cocome,simplified-cocome__BRF_clone_1.23__moc_1.64__mcnn_1.80__moncnn_1.45__MaxEval_102__ProbPAs_0.95__sb_none_sbth_6000__Algo_pesa2,1062,uml2lqn,12863
NSGA,simplified-cocome__BRF_clone_1.23__moc_1.64__mcnn_1.80__moncnn_1.45__MaxEval_102__ProbPAs_0.95__sb_none_sbth_6000__Algo_pesa2,1062,invoke_solver,55
NSGA,simplified-cocome__BRF_clone_1.23__moc_1.64__mcnn_1.80__moncnn_1.45__MaxEval_102__ProbPAs_0.95__sb_none_sbth_6000__Algo_pesa2,1062,lqn2uml,12215
NSGA,simplified-cocome__BRF_clone_1.23__moc_1.64__mcnn_1.80__moncnn_1.45__MaxEval_102__ProbPAs_0.95__sb_none_sbth_6000__Algo_pesa2,1062,counting_pas,1062,22382
simplified-cocome,simplified-cocome__BRF_clone_1.23__moc_1.64__mcnn_1.80__moncnn_1.45__MaxEval_102__ProbPAs_0.95__sb_none_sbth_6000__Algo_pesa2,1062,perfQ,13466
simplified-cocome,simplified-cocome__BRF_clone_1.23__moc_1.64__mcnn_1.80__moncnn_1.45__MaxEval_102__ProbPAs_0.95__sb_none_sbth_6000__Algo_pesa2,reliability,173
simplified-cocome,simplified-cocome__BRF_clone_1.23__moc_1.64__mcnn_1.80__moncnn_1.45__MaxEval_102__ProbPAs_0.95__sb_none_sbth_6000__Algo_pesa2,1066,uml2lqn,14342
NSGA,simplified-cocome__BRF_clone_1.23__moc_1.64__mcnn_1.80__moncnn_1.45__MaxEval_102__ProbPAs_0.95__sb_none_sbth_6000__Algo_pesa2,1066,invoke_solver,105
NSGA,simplified-cocome__BRF_clone_1.23__moc_1.64__mcnn_1.80__moncnn_1.45__MaxEval_102__ProbPAs_0.95__sb_none_sbth_6000__Algo_pesa2,1066,lqn2uml,12739
NSGA,simplified-cocome__BRF_clone_1.23__moc_1.64__mcnn_1.80__moncnn_1.45__MaxEval_102__ProbPAs_0.95__sb_none_sbth_6000__Algo_pesa2,1066,counting_pas,1066,19020
simplified-cocome,simplified-cocome__BRF_clone_1.23__moc_1.64__mcnn_1.80__moncnn_1.45__MaxEval_102__ProbPAs_0.95__sb_none_sbth_6000__Algo_pesa2,1066,perfQ,12260
simplified-cocome,simplified-cocome__BRF_clone_1.23__moc_1.64__mcnn_1.80__moncnn_1.45__MaxEval_102__ProbPAs_0.95__sb_none_sbth_6000__Algo_pesa2,reliability,202
simplified-cocome,simplified-cocome__BRF_clone_1.23__moc_1.64__mcnn_1.80__moncnn_1.45__MaxEval_102__ProbPAs_0.95__sb_none_sbth_6000__Algo_pesa2,1070,uml2lqn,13604
NSGA,simplified-cocome__BRF_clone_1.23__moc_1.64__mcnn_1.80__moncnn_1.45__MaxEval_102__ProbPAs_0.95__sb_none_sbth_6000__Algo_pesa2,1070,invoke_solver,253
NSGA,simplified-cocome__BRF_clone_1.23__moc_1.64__mcnn_1.80__moncnn_1.45__MaxEval_102__ProbPAs_0.95__sb_none_sbth_6000__Algo_pesa2,1070,lqn2uml,13014
NSGA,simplified-cocome__BRF_clone_1.23__moc_1.64__mcnn_1.80__moncnn_1.45__MaxEval_102__ProbPAs_0.95__sb_none_sbth_6000__Algo_pesa2,1070,counting_pas,1070,20405
simplified-cocome,simplified-cocome__BRF_clone_1.23__moc_1.64__mcnn_1.80__moncnn_1.45__MaxEval_102__ProbPAs_0.95__sb_none_sbth_6000__Algo_pesa2,1070,perfQ,14857
simplified-cocome,simplified-cocome__BRF_clone_1.23__moc_1.64__mcnn_1.80__moncnn_1.45__MaxEval_102__ProbPAs_0.95__sb_none_sbth_6000__Algo_pesa2,reliability,227
simplified-cocome,simplified-cocome__BRF_clone_1.23__moc_1.64__mcnn_1.80__moncnn_1.45__MaxEval_102__ProbPAs_0.95__sb_none_sbth_6000__Algo_pesa2,1072,uml2lqn,15079
NSGA,simplified-cocome__BRF_clone_1.23__moc_1.64__mcnn_1.80__moncnn_1.45__MaxEval_102__ProbPAs_0.95__sb_none_sbth_6000__Algo_pesa2,1072,invoke_solver,357
NSGA,simplified-cocome__BRF_clone_1.23__moc_1.64__mcnn_1.80__moncnn_1.45__MaxEval_102__ProbPAs_0.95__sb_none_sbth_6000__Algo_pesa2,1072,lqn2uml,11640
NSGA,simplified-cocome__BRF_clone_1.23__moc_1.64__mcnn_1.80__moncnn_1.45__MaxEval_102__ProbPAs_0.95__sb_none_sbth_6000__Algo_pesa2,1072,counting_pas,1072,18172
simplified-cocome,simplified-cocome__BRF_clone_1.23__moc_1.64__mcnn_1.80__moncnn_1.45__MaxEval_102__ProbPAs_0.95__sb_none_sbth_6000__Algo_pesa2,1072,perfQ,12870
simplified-cocome,simplified-cocome__BRF_clone_1.23__moc_1.64__mcnn_1.80__moncnn_1.45__MaxEval_102__ProbPAs_0.95__sb_none_sbth_6000__Algo_pesa2,reliability,145
simplified-cocome,simplified-cocome__BRF_clone_1.23__moc_1.64__mcnn_1.80__moncnn_1.45__MaxEval_102__ProbPAs_0.95__sb_none_sbth_6000__Algo_pesa2,1076,uml2lqn,15620
NSGA,simplified-cocome__BRF_clone_1.23__moc_1.64__mcnn_1.80__moncnn_1.45__MaxEval_102__ProbPAs_0.95__sb_none_sbth_6000__Algo_pesa2,1076,invoke_solver,309
NSGA,simplified-cocome__BRF_clone_1.23__moc_1.64__mcnn_1.80__moncnn_1.45__MaxEval_102__ProbPAs_0.95__sb_none_sbth_6000__Algo_pesa2,1076,lqn2uml,13185
NSGA,simplified-cocome__BRF_clone_1.23__moc_1.64__mcnn_1.80__moncnn_1.45__MaxEval_102__ProbPAs_0.95__sb_none_sbth_6000__Algo_pesa2,1076,counting_pas,1076,10361
simplified-cocome,simplified-cocome__BRF_clone_1.23__moc_1.64__mcnn_1.80__moncnn_1.45__MaxEval_102__ProbPAs_0.95__sb_none_sbth_6000__Algo_pesa2,1076,perfQ,13610
simplified-cocome,simplified-cocome__BRF_clone_1.23__moc_1.64__mcnn_1.80__moncnn_1.45__MaxEval_102__ProbPAs_0.95__sb_none_sbth_6000__Algo_pesa2,reliability,206
simplified-cocome,simplified-cocome__BRF_clone_1.23__moc_1.64__mcnn_1.80__moncnn_1.45__MaxEval_102__ProbPAs_0.95__sb_none_sbth_6000__Algo_pesa2,1080,uml2lqn,14927
NSGA,simplified-cocome__BRF_clone_1.23__moc_1.64__mcnn_1.80__moncnn_1.45__MaxEval_102__ProbPAs_0.95__sb_none_sbth_6000__Algo_pesa2,1080,invoke_solver,101
NSGA,simplified-cocome__BRF_clone_1.23__moc_1.64__mcnn_1.80__moncnn_1.45__MaxEval_102__ProbPAs_0.95__sb_none_sbth_6000__Algo_pesa2,1080,lqn2uml,13098
NSGA,simplified-cocome__BRF_clone_1.23__moc_1.64__mcnn_1.80__moncnn_1.45__MaxEval_102__ProbPAs_0.95__sb_none_sbth_6000__Algo_pesa2,1080,counting_pas,1080,18527
simplified-cocome,simplified-cocome__BRF_clone_1.23__moc_1.64__mcnn_1.80__moncnn_1.45__MaxEval_102__ProbPAs_0.95__sb_none_sbth_6000__Algo_pesa2,1080,perfQ,14047
simplified-cocome,simplified-cocome__BRF_clone_1.23__moc_1.64__mcnn_1.80__moncnn_1.45__MaxEval_102__ProbPAs_0.95__sb_none_sbth_6000__Algo_pesa2,reliability,179
simplified-cocome,simplified-cocome__BRF_clone_1.23__moc_1.64__mcnn_1.80__moncnn_1.45__MaxEval_102__ProbPAs_0.95__sb_none_sbth_6000__Algo_pesa2,1082,uml2lqn,12968
NSGA,simplified-cocome__BRF_clone_1.23__moc_1.64__mcnn_1.80__moncnn_1.45__MaxEval_102__ProbPAs_0.95__sb_none_sbth_6000__Algo_pesa2,1082,invoke_solver,166
NSGA,simplified-cocome__BRF_clone_1.23__moc_1.64__mcnn_1.80__moncnn_1.45__MaxEval_102__ProbPAs_0.95__sb_none_sbth_6000__Algo_pesa2,1082,lqn2uml,13837
NSGA,simplified-cocome__BRF_clone_1.23__moc_1.64__mcnn_1.80__moncnn_1.45__MaxEval_102__ProbPAs_0.95__sb_none_sbth_6000__Algo_pesa2,1082,counting_pas,1082,7848
simplified-cocome,simplified-cocome__BRF_clone_1.23__moc_1.64__mcnn_1.80__moncnn_1.45__MaxEval_102__ProbPAs_0.95__sb_none_sbth_6000__Algo_pesa2,1082,perfQ,10587
simplified-cocome,simplified-cocome__BRF_clone_1.23__moc_1.64__mcnn_1.80__moncnn_1.45__MaxEval_102__ProbPAs_0.95__sb_none_sbth_6000__Algo_pesa2,reliability,181
simplified-cocome,simplified-cocome__BRF_clone_1.23__moc_1.64__mcnn_1.80__moncnn_1.45__MaxEval_102__ProbPAs_0.95__sb_none_sbth_6000__Algo_pesa2,1086,uml2lqn,16549
NSGA,simplified-cocome__BRF_clone_1.23__moc_1.64__mcnn_1.80__moncnn_1.45__MaxEval_102__ProbPAs_0.95__sb_none_sbth_6000__Algo_pesa2,1086,invoke_solver,92
NSGA,simplified-cocome__BRF_clone_1.23__moc_1.64__mcnn_1.80__moncnn_1.45__MaxEval_102__ProbPAs_0.95__sb_none_sbth_6000__Algo_pesa2,1086,lqn2uml,14296
NSGA,simplified-cocome__BRF_clone_1.23__moc_1.64__mcnn_1.80__moncnn_1.45__MaxEval_102__ProbPAs_0.95__sb_none_sbth_6000__Algo_pesa2,1086,counting_pas,1086,18955
simplified-cocome,simplified-cocome__BRF_clone_1.23__moc_1.64__mcnn_1.80__moncnn_1.45__MaxEval_102__ProbPAs_0.95__sb_none_sbth_6000__Algo_pesa2,1086,perfQ,12419
simplified-cocome,simplified-cocome__BRF_clone_1.23__moc_1.64__mcnn_1.80__moncnn_1.45__MaxEval_102__ProbPAs_0.95__sb_none_sbth_6000__Algo_pesa2,reliability,162
simplified-cocome,simplified-cocome__BRF_clone_1.23__moc_1.64__mcnn_1.80__moncnn_1.45__MaxEval_102__ProbPAs_0.95__sb_none_sbth_6000__Algo_pesa2,1088,uml2lqn,15531
NSGA,simplified-cocome__BRF_clone_1.23__moc_1.64__mcnn_1.80__moncnn_1.45__MaxEval_102__ProbPAs_0.95__sb_none_sbth_6000__Algo_pesa2,1088,invoke_solver,117
NSGA,simplified-cocome__BRF_clone_1.23__moc_1.64__mcnn_1.80__moncnn_1.45__MaxEval_102__ProbPAs_0.95__sb_none_sbth_6000__Algo_pesa2,1088,lqn2uml,14436
NSGA,simplified-cocome__BRF_clone_1.23__moc_1.64__mcnn_1.80__moncnn_1.45__MaxEval_102__ProbPAs_0.95__sb_none_sbth_6000__Algo_pesa2,1088,counting_pas,1088,14543
simplified-cocome,simplified-cocome__BRF_clone_1.23__moc_1.64__mcnn_1.80__moncnn_1.45__MaxEval_102__ProbPAs_0.95__sb_none_sbth_6000__Algo_pesa2,1088,perfQ,14585
simplified-cocome,simplified-cocome__BRF_clone_1.23__moc_1.64__mcnn_1.80__moncnn_1.45__MaxEval_102__ProbPAs_0.95__sb_none_sbth_6000__Algo_pesa2,reliability,234
simplified-cocome,simplified-cocome__BRF_clone_1.23__moc_1.64__mcnn_1.80__moncnn_1.45__MaxEval_102__ProbPAs_0.95__sb_none_sbth_6000__Algo_pesa2,1094,uml2lqn,16806
NSGA,simplified-cocome__BRF_clone_1.23__moc_1.64__mcnn_1.80__moncnn_1.45__MaxEval_102__ProbPAs_0.95__sb_none_sbth_6000__Algo_pesa2,1094,invoke_solver,358
NSGA,simplified-cocome__BRF_clone_1.23__moc_1.64__mcnn_1.80__moncnn_1.45__MaxEval_102__ProbPAs_0.95__sb_none_sbth_6000__Algo_pesa2,1094,lqn2uml,12251
NSGA,simplified-cocome__BRF_clone_1.23__moc_1.64__mcnn_1.80__moncnn_1.45__MaxEval_102__ProbPAs_0.95__sb_none_sbth_6000__Algo_pesa2,1094,counting_pas,1094,20407
simplified-cocome,simplified-cocome__BRF_clone_1.23__moc_1.64__mcnn_1.80__moncnn_1.45__MaxEval_102__ProbPAs_0.95__sb_none_sbth_6000__Algo_pesa2,1094,perfQ,10901
simplified-cocome,simplified-cocome__BRF_clone_1.23__moc_1.64__mcnn_1.80__moncnn_1.45__MaxEval_102__ProbPAs_0.95__sb_none_sbth_6000__Algo_pesa2,reliability,158
simplified-cocome,simplified-cocome__BRF_clone_1.23__moc_1.64__mcnn_1.80__moncnn_1.45__MaxEval_102__ProbPAs_0.95__sb_none_sbth_6000__Algo_pesa2,1098,uml2lqn,13856
NSGA,simplified-cocome__BRF_clone_1.23__moc_1.64__mcnn_1.80__moncnn_1.45__MaxEval_102__ProbPAs_0.95__sb_none_sbth_6000__Algo_pesa2,1098,invoke_solver,181
NSGA,simplified-cocome__BRF_clone_1.23__moc_1.64__mcnn_1.80__moncnn_1.45__MaxEval_102__ProbPAs_0.95__sb_none_sbth_6000__Algo_pesa2,1098,lqn2uml,13230
NSGA,simplified-cocome__BRF_clone_1.23__moc_1.64__mcnn_1.80__moncnn_1.45__MaxEval_102__ProbPAs_0.95__sb_none_sbth_6000__Algo_pesa2,1098,counting_pas,1098,8595
simplified-cocome,simplified-cocome__BRF_clone_1.23__moc_1.64__mcnn_1.80__moncnn_1.45__MaxEval_102__ProbPAs_0.95__sb_none_sbth_6000__Algo_pesa2,1098,perfQ,14141
simplified-cocome,simplified-cocome__BRF_clone_1.23__moc_1.64__mcnn_1.80__moncnn_1.45__MaxEval_102__ProbPAs_0.95__sb_none_sbth_6000__Algo_pesa2,reliability,195
simplified-cocome,simplified-cocome__BRF_clone_1.23__moc_1.64__mcnn_1.80__moncnn_1.45__MaxEval_102__ProbPAs_0.95__sb_none_sbth_6000__Algo_pesa2,1100,uml2lqn,15555
NSGA,simplified-cocome__BRF_clone_1.23__moc_1.64__mcnn_1.80__moncnn_1.45__MaxEval_102__ProbPAs_0.95__sb_none_sbth_6000__Algo_pesa2,1100,invoke_solver,275
NSGA,simplified-cocome__BRF_clone_1.23__moc_1.64__mcnn_1.80__moncnn_1.45__MaxEval_102__ProbPAs_0.95__sb_none_sbth_6000__Algo_pesa2,1100,lqn2uml,13347
NSGA,simplified-cocome__BRF_clone_1.23__moc_1.64__mcnn_1.80__moncnn_1.45__MaxEval_102__ProbPAs_0.95__sb_none_sbth_6000__Algo_pesa2,1100,counting_pas,1100,19948
simplified-cocome,simplified-cocome__BRF_clone_1.23__moc_1.64__mcnn_1.80__moncnn_1.45__MaxEval_102__ProbPAs_0.95__sb_none_sbth_6000__Algo_pesa2,1100,perfQ,13384
simplified-cocome,simplified-cocome__BRF_clone_1.23__moc_1.64__mcnn_1.80__moncnn_1.45__MaxEval_102__ProbPAs_0.95__sb_none_sbth_6000__Algo_pesa2,reliability,162
simplified-cocome,simplified-cocome__BRF_clone_1.23__moc_1.64__mcnn_1.80__moncnn_1.45__MaxEval_102__ProbPAs_0.95__sb_none_sbth_6000__Algo_pesa2,1106,uml2lqn,14577
NSGA,simplified-cocome__BRF_clone_1.23__moc_1.64__mcnn_1.80__moncnn_1.45__MaxEval_102__ProbPAs_0.95__sb_none_sbth_6000__Algo_pesa2,1106,invoke_solver,340
NSGA,simplified-cocome__BRF_clone_1.23__moc_1.64__mcnn_1.80__moncnn_1.45__MaxEval_102__ProbPAs_0.95__sb_none_sbth_6000__Algo_pesa2,1106,lqn2uml,13716
NSGA,simplified-cocome__BRF_clone_1.23__moc_1.64__mcnn_1.80__moncnn_1.45__MaxEval_102__ProbPAs_0.95__sb_none_sbth_6000__Algo_pesa2,1106,counting_pas,1106,13550
simplified-cocome,simplified-cocome__BRF_clone_1.23__moc_1.64__mcnn_1.80__moncnn_1.45__MaxEval_102__ProbPAs_0.95__sb_none_sbth_6000__Algo_pesa2,1106,perfQ,13588
simplified-cocome,simplified-cocome__BRF_clone_1.23__moc_1.64__mcnn_1.80__moncnn_1.45__MaxEval_102__ProbPAs_0.95__sb_none_sbth_6000__Algo_pesa2,reliability,177
simplified-cocome,simplified-cocome__BRF_clone_1.23__moc_1.64__mcnn_1.80__moncnn_1.45__MaxEval_102__ProbPAs_0.95__sb_none_sbth_6000__Algo_pesa2,1108,uml2lqn,14253
NSGA,simplified-cocome__BRF_clone_1.23__moc_1.64__mcnn_1.80__moncnn_1.45__MaxEval_102__ProbPAs_0.95__sb_none_sbth_6000__Algo_pesa2,1108,invoke_solver,311
NSGA,simplified-cocome__BRF_clone_1.23__moc_1.64__mcnn_1.80__moncnn_1.45__MaxEval_102__ProbPAs_0.95__sb_none_sbth_6000__Algo_pesa2,1108,lqn2uml,11914
NSGA,simplified-cocome__BRF_clone_1.23__moc_1.64__mcnn_1.80__moncnn_1.45__MaxEval_102__ProbPAs_0.95__sb_none_sbth_6000__Algo_pesa2,1108,counting_pas,1108,18237
simplified-cocome,simplified-cocome__BRF_clone_1.23__moc_1.64__mcnn_1.80__moncnn_1.45__MaxEval_102__ProbPAs_0.95__sb_none_sbth_6000__Algo_pesa2,1108,perfQ,13493
simplified-cocome,simplified-cocome__BRF_clone_1.23__moc_1.64__mcnn_1.80__moncnn_1.45__MaxEval_102__ProbPAs_0.95__sb_none_sbth_6000__Algo_pesa2,reliability,181
simplified-cocome,simplified-cocome__BRF_clone_1.23__moc_1.64__mcnn_1.80__moncnn_1.45__MaxEval_102__ProbPAs_0.95__sb_none_sbth_6000__Algo_pesa2,1112,uml2lqn,18366
NSGA,simplified-cocome__BRF_clone_1.23__moc_1.64__mcnn_1.80__moncnn_1.45__MaxEval_102__ProbPAs_0.95__sb_none_sbth_6000__Algo_pesa2,1112,invoke_solver,306
NSGA,simplified-cocome__BRF_clone_1.23__moc_1.64__mcnn_1.80__moncnn_1.45__MaxEval_102__ProbPAs_0.95__sb_none_sbth_6000__Algo_pesa2,1112,lqn2uml,12152
NSGA,simplified-cocome__BRF_clone_1.23__moc_1.64__mcnn_1.80__moncnn_1.45__MaxEval_102__ProbPAs_0.95__sb_none_sbth_6000__Algo_pesa2,1112,counting_pas,1112,13777
simplified-cocome,simplified-cocome__BRF_clone_1.23__moc_1.64__mcnn_1.80__moncnn_1.45__MaxEval_102__ProbPAs_0.95__sb_none_sbth_6000__Algo_pesa2,1112,perfQ,14111
simplified-cocome,simplified-cocome__BRF_clone_1.23__moc_1.64__mcnn_1.80__moncnn_1.45__MaxEval_102__ProbPAs_0.95__sb_none_sbth_6000__Algo_pesa2,reliability,161
simplified-cocome,simplified-cocome__BRF_clone_1.23__moc_1.64__mcnn_1.80__moncnn_1.45__MaxEval_102__ProbPAs_0.95__sb_none_sbth_6000__Algo_pesa2,1118,uml2lqn,16266
NSGA,simplified-cocome__BRF_clone_1.23__moc_1.64__mcnn_1.80__moncnn_1.45__MaxEval_102__ProbPAs_0.95__sb_none_sbth_6000__Algo_pesa2,1118,invoke_solver,150
NSGA,simplified-cocome__BRF_clone_1.23__moc_1.64__mcnn_1.80__moncnn_1.45__MaxEval_102__ProbPAs_0.95__sb_none_sbth_6000__Algo_pesa2,1118,lqn2uml,12327
NSGA,simplified-cocome__BRF_clone_1.23__moc_1.64__mcnn_1.80__moncnn_1.45__MaxEval_102__ProbPAs_0.95__sb_none_sbth_6000__Algo_pesa2,1118,counting_pas,1118,20764
simplified-cocome,simplified-cocome__BRF_clone_1.23__moc_1.64__mcnn_1.80__moncnn_1.45__MaxEval_102__ProbPAs_0.95__sb_none_sbth_6000__Algo_pesa2,1118,perfQ,13603
simplified-cocome,simplified-cocome__BRF_clone_1.23__moc_1.64__mcnn_1.80__moncnn_1.45__MaxEval_102__ProbPAs_0.95__sb_none_sbth_6000__Algo_pesa2,reliability,156
simplified-cocome,simplified-cocome__BRF_clone_1.23__moc_1.64__mcnn_1.80__moncnn_1.45__MaxEval_102__ProbPAs_0.95__sb_none_sbth_6000__Algo_pesa2,1122,uml2lqn,16585
NSGA,simplified-cocome__BRF_clone_1.23__moc_1.64__mcnn_1.80__moncnn_1.45__MaxEval_102__ProbPAs_0.95__sb_none_sbth_6000__Algo_pesa2,1122,invoke_solver,153
NSGA,simplified-cocome__BRF_clone_1.23__moc_1.64__mcnn_1.80__moncnn_1.45__MaxEval_102__ProbPAs_0.95__sb_none_sbth_6000__Algo_pesa2,1122,lqn2uml,13002
NSGA,simplified-cocome__BRF_clone_1.23__moc_1.64__mcnn_1.80__moncnn_1.45__MaxEval_102__ProbPAs_0.95__sb_none_sbth_6000__Algo_pesa2,1122,counting_pas,1122,18814
simplified-cocome,simplified-cocome__BRF_clone_1.23__moc_1.64__mcnn_1.80__moncnn_1.45__MaxEval_102__ProbPAs_0.95__sb_none_sbth_6000__Algo_pesa2,1122,perfQ,14607
simplified-cocome,simplified-cocome__BRF_clone_1.23__moc_1.64__mcnn_1.80__moncnn_1.45__MaxEval_102__ProbPAs_0.95__sb_none_sbth_6000__Algo_pesa2,reliability,183
simplified-cocome,simplified-cocome__BRF_clone_1.23__moc_1.64__mcnn_1.80__moncnn_1.45__MaxEval_102__ProbPAs_0.95__sb_none_sbth_6000__Algo_pesa2,1126,uml2lqn,16597
NSGA,simplified-cocome__BRF_clone_1.23__moc_1.64__mcnn_1.80__moncnn_1.45__MaxEval_102__ProbPAs_0.95__sb_none_sbth_6000__Algo_pesa2,1126,invoke_solver,310
NSGA,simplified-cocome__BRF_clone_1.23__moc_1.64__mcnn_1.80__moncnn_1.45__MaxEval_102__ProbPAs_0.95__sb_none_sbth_6000__Algo_pesa2,1126,lqn2uml,14958
NSGA,simplified-cocome__BRF_clone_1.23__moc_1.64__mcnn_1.80__moncnn_1.45__MaxEval_102__ProbPAs_0.95__sb_none_sbth_6000__Algo_pesa2,1126,counting_pas,1126,19602
simplified-cocome,simplified-cocome__BRF_clone_1.23__moc_1.64__mcnn_1.80__moncnn_1.45__MaxEval_102__ProbPAs_0.95__sb_none_sbth_6000__Algo_pesa2,1126,perfQ,14327
simplified-cocome,simplified-cocome__BRF_clone_1.23__moc_1.64__mcnn_1.80__moncnn_1.45__MaxEval_102__ProbPAs_0.95__sb_none_sbth_6000__Algo_pesa2,reliability,190
simplified-cocome,simplified-cocome__BRF_clone_1.23__moc_1.64__mcnn_1.80__moncnn_1.45__MaxEval_102__ProbPAs_0.95__sb_none_sbth_6000__Algo_pesa2,1128,uml2lqn,16909
NSGA,simplified-cocome__BRF_clone_1.23__moc_1.64__mcnn_1.80__moncnn_1.45__MaxEval_102__ProbPAs_0.95__sb_none_sbth_6000__Algo_pesa2,1128,invoke_solver,345
NSGA,simplified-cocome__BRF_clone_1.23__moc_1.64__mcnn_1.80__moncnn_1.45__MaxEval_102__ProbPAs_0.95__sb_none_sbth_6000__Algo_pesa2,1128,lqn2uml,12777
NSGA,simplified-cocome__BRF_clone_1.23__moc_1.64__mcnn_1.80__moncnn_1.45__MaxEval_102__ProbPAs_0.95__sb_none_sbth_6000__Algo_pesa2,1128,counting_pas,1128,17015
simplified-cocome,simplified-cocome__BRF_clone_1.23__moc_1.64__mcnn_1.80__moncnn_1.45__MaxEval_102__ProbPAs_0.95__sb_none_sbth_6000__Algo_pesa2,1128,perfQ,10586
simplified-cocome,simplified-cocome__BRF_clone_1.23__moc_1.64__mcnn_1.80__moncnn_1.45__MaxEval_102__ProbPAs_0.95__sb_none_sbth_6000__Algo_pesa2,reliability,175
simplified-cocome,simplified-cocome__BRF_clone_1.23__moc_1.64__mcnn_1.80__moncnn_1.45__MaxEval_102__ProbPAs_0.95__sb_none_sbth_6000__Algo_pesa2,1132,uml2lqn,14296
NSGA,simplified-cocome__BRF_clone_1.23__moc_1.64__mcnn_1.80__moncnn_1.45__MaxEval_102__ProbPAs_0.95__sb_none_sbth_6000__Algo_pesa2,1132,invoke_solver,173
NSGA,simplified-cocome__BRF_clone_1.23__moc_1.64__mcnn_1.80__moncnn_1.45__MaxEval_102__ProbPAs_0.95__sb_none_sbth_6000__Algo_pesa2,1132,lqn2uml,12185
NSGA,simplified-cocome__BRF_clone_1.23__moc_1.64__mcnn_1.80__moncnn_1.45__MaxEval_102__ProbPAs_0.95__sb_none_sbth_6000__Algo_pesa2,1132,counting_pas,1132,10731
simplified-cocome,simplified-cocome__BRF_clone_1.23__moc_1.64__mcnn_1.80__moncnn_1.45__MaxEval_102__ProbPAs_0.95__sb_none_sbth_6000__Algo_pesa2,1132,perfQ,14063
simplified-cocome,simplified-cocome__BRF_clone_1.23__moc_1.64__mcnn_1.80__moncnn_1.45__MaxEval_102__ProbPAs_0.95__sb_none_sbth_6000__Algo_pesa2,reliability,219
simplified-cocome,simplified-cocome__BRF_clone_1.23__moc_1.64__mcnn_1.80__moncnn_1.45__MaxEval_102__ProbPAs_0.95__sb_none_sbth_6000__Algo_pesa2,1134,uml2lqn,14070
NSGA,simplified-cocome__BRF_clone_1.23__moc_1.64__mcnn_1.80__moncnn_1.45__MaxEval_102__ProbPAs_0.95__sb_none_sbth_6000__Algo_pesa2,1134,invoke_solver,173
NSGA,simplified-cocome__BRF_clone_1.23__moc_1.64__mcnn_1.80__moncnn_1.45__MaxEval_102__ProbPAs_0.95__sb_none_sbth_6000__Algo_pesa2,1134,lqn2uml,13301
NSGA,simplified-cocome__BRF_clone_1.23__moc_1.64__mcnn_1.80__moncnn_1.45__MaxEval_102__ProbPAs_0.95__sb_none_sbth_6000__Algo_pesa2,1134,counting_pas,1134,7353
simplified-cocome,simplified-cocome__BRF_clone_1.23__moc_1.64__mcnn_1.80__moncnn_1.45__MaxEval_102__ProbPAs_0.95__sb_none_sbth_6000__Algo_pesa2,1134,perfQ,12975
simplified-cocome,simplified-cocome__BRF_clone_1.23__moc_1.64__mcnn_1.80__moncnn_1.45__MaxEval_102__ProbPAs_0.95__sb_none_sbth_6000__Algo_pesa2,reliability,227
simplified-cocome,simplified-cocome__BRF_clone_1.23__moc_1.64__mcnn_1.80__moncnn_1.45__MaxEval_102__ProbPAs_0.95__sb_none_sbth_6000__Algo_pesa2,1138,uml2lqn,15429
NSGA,simplified-cocome__BRF_clone_1.23__moc_1.64__mcnn_1.80__moncnn_1.45__MaxEval_102__ProbPAs_0.95__sb_none_sbth_6000__Algo_pesa2,1138,invoke_solver,71
NSGA,simplified-cocome__BRF_clone_1.23__moc_1.64__mcnn_1.80__moncnn_1.45__MaxEval_102__ProbPAs_0.95__sb_none_sbth_6000__Algo_pesa2,1138,lqn2uml,13403
NSGA,simplified-cocome__BRF_clone_1.23__moc_1.64__mcnn_1.80__moncnn_1.45__MaxEval_102__ProbPAs_0.95__sb_none_sbth_6000__Algo_pesa2,1138,counting_pas,1138,20164
simplified-cocome,simplified-cocome__BRF_clone_1.23__moc_1.64__mcnn_1.80__moncnn_1.45__MaxEval_102__ProbPAs_0.95__sb_none_sbth_6000__Algo_pesa2,1138,perfQ,13636
simplified-cocome,simplified-cocome__BRF_clone_1.23__moc_1.64__mcnn_1.80__moncnn_1.45__MaxEval_102__ProbPAs_0.95__sb_none_sbth_6000__Algo_pesa2,reliability,243
simplified-cocome,simplified-cocome__BRF_clone_1.23__moc_1.64__mcnn_1.80__moncnn_1.45__MaxEval_102__ProbPAs_0.95__sb_none_sbth_6000__Algo_pesa2,1142,uml2lqn,15858
NSGA,simplified-cocome__BRF_clone_1.23__moc_1.64__mcnn_1.80__moncnn_1.45__MaxEval_102__ProbPAs_0.95__sb_none_sbth_6000__Algo_pesa2,1142,invoke_solver,185
NSGA,simplified-cocome__BRF_clone_1.23__moc_1.64__mcnn_1.80__moncnn_1.45__MaxEval_102__ProbPAs_0.95__sb_none_sbth_6000__Algo_pesa2,1142,lqn2uml,13306
NSGA,simplified-cocome__BRF_clone_1.23__moc_1.64__mcnn_1.80__moncnn_1.45__MaxEval_102__ProbPAs_0.95__sb_none_sbth_6000__Algo_pesa2,1142,counting_pas,1142,8963
simplified-cocome,simplified-cocome__BRF_clone_1.23__moc_1.64__mcnn_1.80__moncnn_1.45__MaxEval_102__ProbPAs_0.95__sb_none_sbth_6000__Algo_pesa2,1142,perfQ,14057
simplified-cocome,simplified-cocome__BRF_clone_1.23__moc_1.64__mcnn_1.80__moncnn_1.45__MaxEval_102__ProbPAs_0.95__sb_none_sbth_6000__Algo_pesa2,reliability,237
simplified-cocome,simplified-cocome__BRF_clone_1.23__moc_1.64__mcnn_1.80__moncnn_1.45__MaxEval_102__ProbPAs_0.95__sb_none_sbth_6000__Algo_pesa2,1146,uml2lqn,16836
NSGA,simplified-cocome__BRF_clone_1.23__moc_1.64__mcnn_1.80__moncnn_1.45__MaxEval_102__ProbPAs_0.95__sb_none_sbth_6000__Algo_pesa2,1146,invoke_solver,336
NSGA,simplified-cocome__BRF_clone_1.23__moc_1.64__mcnn_1.80__moncnn_1.45__MaxEval_102__ProbPAs_0.95__sb_none_sbth_6000__Algo_pesa2,1146,lqn2uml,13425
NSGA,simplified-cocome__BRF_clone_1.23__moc_1.64__mcnn_1.80__moncnn_1.45__MaxEval_102__ProbPAs_0.95__sb_none_sbth_6000__Algo_pesa2,1146,counting_pas,1146,21951
simplified-cocome,simplified-cocome__BRF_clone_1.23__moc_1.64__mcnn_1.80__moncnn_1.45__MaxEval_102__ProbPAs_0.95__sb_none_sbth_6000__Algo_pesa2,1146,perfQ,14845
simplified-cocome,simplified-cocome__BRF_clone_1.23__moc_1.64__mcnn_1.80__moncnn_1.45__MaxEval_102__ProbPAs_0.95__sb_none_sbth_6000__Algo_pesa2,reliability,218
simplified-cocome,simplified-cocome__BRF_clone_1.23__moc_1.64__mcnn_1.80__moncnn_1.45__MaxEval_102__ProbPAs_0.95__sb_none_sbth_6000__Algo_pesa2,1150,uml2lqn,17071
NSGA,simplified-cocome__BRF_clone_1.23__moc_1.64__mcnn_1.80__moncnn_1.45__MaxEval_102__ProbPAs_0.95__sb_none_sbth_6000__Algo_pesa2,1150,invoke_solver,215
NSGA,simplified-cocome__BRF_clone_1.23__moc_1.64__mcnn_1.80__moncnn_1.45__MaxEval_102__ProbPAs_0.95__sb_none_sbth_6000__Algo_pesa2,1150,lqn2uml,15783
NSGA,simplified-cocome__BRF_clone_1.23__moc_1.64__mcnn_1.80__moncnn_1.45__MaxEval_102__ProbPAs_0.95__sb_none_sbth_6000__Algo_pesa2,1150,counting_pas,1150,12158
simplified-cocome,simplified-cocome__BRF_clone_1.23__moc_1.64__mcnn_1.80__moncnn_1.45__MaxEval_102__ProbPAs_0.95__sb_none_sbth_6000__Algo_pesa2,1150,perfQ,14434
simplified-cocome,simplified-cocome__BRF_clone_1.23__moc_1.64__mcnn_1.80__moncnn_1.45__MaxEval_102__ProbPAs_0.95__sb_none_sbth_6000__Algo_pesa2,reliability,184
simplified-cocome,simplified-cocome__BRF_clone_1.23__moc_1.64__mcnn_1.80__moncnn_1.45__MaxEval_102__ProbPAs_0.95__sb_none_sbth_6000__Algo_pesa2,1154,uml2lqn,12997
NSGA,simplified-cocome__BRF_clone_1.23__moc_1.64__mcnn_1.80__moncnn_1.45__MaxEval_102__ProbPAs_0.95__sb_none_sbth_6000__Algo_pesa2,1154,invoke_solver,70
NSGA,simplified-cocome__BRF_clone_1.23__moc_1.64__mcnn_1.80__moncnn_1.45__MaxEval_102__ProbPAs_0.95__sb_none_sbth_6000__Algo_pesa2,1154,lqn2uml,12614
NSGA,simplified-cocome__BRF_clone_1.23__moc_1.64__mcnn_1.80__moncnn_1.45__MaxEval_102__ProbPAs_0.95__sb_none_sbth_6000__Algo_pesa2,1154,counting_pas,1154,7613
simplified-cocome,simplified-cocome__BRF_clone_1.23__moc_1.64__mcnn_1.80__moncnn_1.45__MaxEval_102__ProbPAs_0.95__sb_none_sbth_6000__Algo_pesa2,1154,perfQ,13712
simplified-cocome,simplified-cocome__BRF_clone_1.23__moc_1.64__mcnn_1.80__moncnn_1.45__MaxEval_102__ProbPAs_0.95__sb_none_sbth_6000__Algo_pesa2,reliability,183
simplified-cocome,simplified-cocome__BRF_clone_1.23__moc_1.64__mcnn_1.80__moncnn_1.45__MaxEval_102__ProbPAs_0.95__sb_none_sbth_6000__Algo_pesa2,1158,uml2lqn,13881
NSGA,simplified-cocome__BRF_clone_1.23__moc_1.64__mcnn_1.80__moncnn_1.45__MaxEval_102__ProbPAs_0.95__sb_none_sbth_6000__Algo_pesa2,1158,invoke_solver,202
NSGA,simplified-cocome__BRF_clone_1.23__moc_1.64__mcnn_1.80__moncnn_1.45__MaxEval_102__ProbPAs_0.95__sb_none_sbth_6000__Algo_pesa2,1158,lqn2uml,13386
NSGA,simplified-cocome__BRF_clone_1.23__moc_1.64__mcnn_1.80__moncnn_1.45__MaxEval_102__ProbPAs_0.95__sb_none_sbth_6000__Algo_pesa2,1158,counting_pas,1158,8285
simplified-cocome,simplified-cocome__BRF_clone_1.23__moc_1.64__mcnn_1.80__moncnn_1.45__MaxEval_102__ProbPAs_0.95__sb_none_sbth_6000__Algo_pesa2,1158,perfQ,13605
simplified-cocome,simplified-cocome__BRF_clone_1.23__moc_1.64__mcnn_1.80__moncnn_1.45__MaxEval_102__ProbPAs_0.95__sb_none_sbth_6000__Algo_pesa2,reliability,227
simplified-cocome,simplified-cocome__BRF_clone_1.23__moc_1.64__mcnn_1.80__moncnn_1.45__MaxEval_102__ProbPAs_0.95__sb_none_sbth_6000__Algo_pesa2,1162,uml2lqn,17591
NSGA,simplified-cocome__BRF_clone_1.23__moc_1.64__mcnn_1.80__moncnn_1.45__MaxEval_102__ProbPAs_0.95__sb_none_sbth_6000__Algo_pesa2,1162,invoke_solver,236
NSGA,simplified-cocome__BRF_clone_1.23__moc_1.64__mcnn_1.80__moncnn_1.45__MaxEval_102__ProbPAs_0.95__sb_none_sbth_6000__Algo_pesa2,1162,lqn2uml,14671
NSGA,simplified-cocome__BRF_clone_1.23__moc_1.64__mcnn_1.80__moncnn_1.45__MaxEval_102__ProbPAs_0.95__sb_none_sbth_6000__Algo_pesa2,1162,counting_pas,1162,16487
simplified-cocome,simplified-cocome__BRF_clone_1.23__moc_1.64__mcnn_1.80__moncnn_1.45__MaxEval_102__ProbPAs_0.95__sb_none_sbth_6000__Algo_pesa2,1162,perfQ,15841
simplified-cocome,simplified-cocome__BRF_clone_1.23__moc_1.64__mcnn_1.80__moncnn_1.45__MaxEval_102__ProbPAs_0.95__sb_none_sbth_6000__Algo_pesa2,reliability,233
simplified-cocome,simplified-cocome__BRF_clone_1.23__moc_1.64__mcnn_1.80__moncnn_1.45__MaxEval_102__ProbPAs_0.95__sb_none_sbth_6000__Algo_pesa2,1166,uml2lqn,13439
NSGA,simplified-cocome__BRF_clone_1.23__moc_1.64__mcnn_1.80__moncnn_1.45__MaxEval_102__ProbPAs_0.95__sb_none_sbth_6000__Algo_pesa2,1166,invoke_solver,325
NSGA,simplified-cocome__BRF_clone_1.23__moc_1.64__mcnn_1.80__moncnn_1.45__MaxEval_102__ProbPAs_0.95__sb_none_sbth_6000__Algo_pesa2,1166,lqn2uml,14747
NSGA,simplified-cocome__BRF_clone_1.23__moc_1.64__mcnn_1.80__moncnn_1.45__MaxEval_102__ProbPAs_0.95__sb_none_sbth_6000__Algo_pesa2,1166,counting_pas,1166,16447
simplified-cocome,simplified-cocome__BRF_clone_1.23__moc_1.64__mcnn_1.80__moncnn_1.45__MaxEval_102__ProbPAs_0.95__sb_none_sbth_6000__Algo_pesa2,1166,perfQ,15179
simplified-cocome,simplified-cocome__BRF_clone_1.23__moc_1.64__mcnn_1.80__moncnn_1.45__MaxEval_102__ProbPAs_0.95__sb_none_sbth_6000__Algo_pesa2,reliability,207
simplified-cocome,simplified-cocome__BRF_clone_1.23__moc_1.64__mcnn_1.80__moncnn_1.45__MaxEval_102__ProbPAs_0.95__sb_none_sbth_6000__Algo_pesa2,1170,uml2lqn,15415
NSGA,simplified-cocome__BRF_clone_1.23__moc_1.64__mcnn_1.80__moncnn_1.45__MaxEval_102__ProbPAs_0.95__sb_none_sbth_6000__Algo_pesa2,1170,invoke_solver,62
NSGA,simplified-cocome__BRF_clone_1.23__moc_1.64__mcnn_1.80__moncnn_1.45__MaxEval_102__ProbPAs_0.95__sb_none_sbth_6000__Algo_pesa2,1170,lqn2uml,13153
NSGA,simplified-cocome__BRF_clone_1.23__moc_1.64__mcnn_1.80__moncnn_1.45__MaxEval_102__ProbPAs_0.95__sb_none_sbth_6000__Algo_pesa2,1170,counting_pas,1170,18315
simplified-cocome,simplified-cocome__BRF_clone_1.23__moc_1.64__mcnn_1.80__moncnn_1.45__MaxEval_102__ProbPAs_0.95__sb_none_sbth_6000__Algo_pesa2,1170,perfQ,14233
simplified-cocome,simplified-cocome__BRF_clone_1.23__moc_1.64__mcnn_1.80__moncnn_1.45__MaxEval_102__ProbPAs_0.95__sb_none_sbth_6000__Algo_pesa2,reliability,192
simplified-cocome,simplified-cocome__BRF_clone_1.23__moc_1.64__mcnn_1.80__moncnn_1.45__MaxEval_102__ProbPAs_0.95__sb_none_sbth_6000__Algo_pesa2,1174,uml2lqn,17781
NSGA,simplified-cocome__BRF_clone_1.23__moc_1.64__mcnn_1.80__moncnn_1.45__MaxEval_102__ProbPAs_0.95__sb_none_sbth_6000__Algo_pesa2,1174,invoke_solver,302
NSGA,simplified-cocome__BRF_clone_1.23__moc_1.64__mcnn_1.80__moncnn_1.45__MaxEval_102__ProbPAs_0.95__sb_none_sbth_6000__Algo_pesa2,1174,lqn2uml,15303
NSGA,simplified-cocome__BRF_clone_1.23__moc_1.64__mcnn_1.80__moncnn_1.45__MaxEval_102__ProbPAs_0.95__sb_none_sbth_6000__Algo_pesa2,1174,counting_pas,1174,12914
simplified-cocome,simplified-cocome__BRF_clone_1.23__moc_1.64__mcnn_1.80__moncnn_1.45__MaxEval_102__ProbPAs_0.95__sb_none_sbth_6000__Algo_pesa2,1174,perfQ,14230
simplified-cocome,simplified-cocome__BRF_clone_1.23__moc_1.64__mcnn_1.80__moncnn_1.45__MaxEval_102__ProbPAs_0.95__sb_none_sbth_6000__Algo_pesa2,reliability,181
simplified-cocome,simplified-cocome__BRF_clone_1.23__moc_1.64__mcnn_1.80__moncnn_1.45__MaxEval_102__ProbPAs_0.95__sb_none_sbth_6000__Algo_pesa2,1178,uml2lqn,16967
NSGA,simplified-cocome__BRF_clone_1.23__moc_1.64__mcnn_1.80__moncnn_1.45__MaxEval_102__ProbPAs_0.95__sb_none_sbth_6000__Algo_pesa2,1178,invoke_solver,129
NSGA,simplified-cocome__BRF_clone_1.23__moc_1.64__mcnn_1.80__moncnn_1.45__MaxEval_102__ProbPAs_0.95__sb_none_sbth_6000__Algo_pesa2,1178,lqn2uml,15241
NSGA,simplified-cocome__BRF_clone_1.23__moc_1.64__mcnn_1.80__moncnn_1.45__MaxEval_102__ProbPAs_0.95__sb_none_sbth_6000__Algo_pesa2,1178,counting_pas,1178,7194
simplified-cocome,simplified-cocome__BRF_clone_1.23__moc_1.64__mcnn_1.80__moncnn_1.45__MaxEval_102__ProbPAs_0.95__sb_none_sbth_6000__Algo_pesa2,1178,perfQ,10722
simplified-cocome,simplified-cocome__BRF_clone_1.23__moc_1.64__mcnn_1.80__moncnn_1.45__MaxEval_102__ProbPAs_0.95__sb_none_sbth_6000__Algo_pesa2,reliability,246
simplified-cocome,simplified-cocome__BRF_clone_1.23__moc_1.64__mcnn_1.80__moncnn_1.45__MaxEval_102__ProbPAs_0.95__sb_none_sbth_6000__Algo_pesa2,1182,uml2lqn,16631
NSGA,simplified-cocome__BRF_clone_1.23__moc_1.64__mcnn_1.80__moncnn_1.45__MaxEval_102__ProbPAs_0.95__sb_none_sbth_6000__Algo_pesa2,1182,invoke_solver,163
NSGA,simplified-cocome__BRF_clone_1.23__moc_1.64__mcnn_1.80__moncnn_1.45__MaxEval_102__ProbPAs_0.95__sb_none_sbth_6000__Algo_pesa2,1182,lqn2uml,15274
NSGA,simplified-cocome__BRF_clone_1.23__moc_1.64__mcnn_1.80__moncnn_1.45__MaxEval_102__ProbPAs_0.95__sb_none_sbth_6000__Algo_pesa2,1182,counting_pas,1182,8115
simplified-cocome,simplified-cocome__BRF_clone_1.23__moc_1.64__mcnn_1.80__moncnn_1.45__MaxEval_102__ProbPAs_0.95__sb_none_sbth_6000__Algo_pesa2,1182,perfQ,12811
simplified-cocome,simplified-cocome__BRF_clone_1.23__moc_1.64__mcnn_1.80__moncnn_1.45__MaxEval_102__ProbPAs_0.95__sb_none_sbth_6000__Algo_pesa2,reliability,145
simplified-cocome,simplified-cocome__BRF_clone_1.23__moc_1.64__mcnn_1.80__moncnn_1.45__MaxEval_102__ProbPAs_0.95__sb_none_sbth_6000__Algo_pesa2,1188,uml2lqn,15535
NSGA,simplified-cocome__BRF_clone_1.23__moc_1.64__mcnn_1.80__moncnn_1.45__MaxEval_102__ProbPAs_0.95__sb_none_sbth_6000__Algo_pesa2,1188,invoke_solver,237
NSGA,simplified-cocome__BRF_clone_1.23__moc_1.64__mcnn_1.80__moncnn_1.45__MaxEval_102__ProbPAs_0.95__sb_none_sbth_6000__Algo_pesa2,1188,lqn2uml,14718
NSGA,simplified-cocome__BRF_clone_1.23__moc_1.64__mcnn_1.80__moncnn_1.45__MaxEval_102__ProbPAs_0.95__sb_none_sbth_6000__Algo_pesa2,1188,counting_pas,1188,15303
simplified-cocome,simplified-cocome__BRF_clone_1.23__moc_1.64__mcnn_1.80__moncnn_1.45__MaxEval_102__ProbPAs_0.95__sb_none_sbth_6000__Algo_pesa2,1188,perfQ,14667
simplified-cocome,simplified-cocome__BRF_clone_1.23__moc_1.64__mcnn_1.80__moncnn_1.45__MaxEval_102__ProbPAs_0.95__sb_none_sbth_6000__Algo_pesa2,reliability,180
simplified-cocome,simplified-cocome__BRF_clone_1.23__moc_1.64__mcnn_1.80__moncnn_1.45__MaxEval_102__ProbPAs_0.95__sb_none_sbth_6000__Algo_pesa2,1190,uml2lqn,15181
NSGA,simplified-cocome__BRF_clone_1.23__moc_1.64__mcnn_1.80__moncnn_1.45__MaxEval_102__ProbPAs_0.95__sb_none_sbth_6000__Algo_pesa2,1190,invoke_solver,260
NSGA,simplified-cocome__BRF_clone_1.23__moc_1.64__mcnn_1.80__moncnn_1.45__MaxEval_102__ProbPAs_0.95__sb_none_sbth_6000__Algo_pesa2,1190,lqn2uml,15165
NSGA,simplified-cocome__BRF_clone_1.23__moc_1.64__mcnn_1.80__moncnn_1.45__MaxEval_102__ProbPAs_0.95__sb_none_sbth_6000__Algo_pesa2,1190,counting_pas,1190,19383
simplified-cocome,simplified-cocome__BRF_clone_1.23__moc_1.64__mcnn_1.80__moncnn_1.45__MaxEval_102__ProbPAs_0.95__sb_none_sbth_6000__Algo_pesa2,1190,perfQ,11477
simplified-cocome,simplified-cocome__BRF_clone_1.23__moc_1.64__mcnn_1.80__moncnn_1.45__MaxEval_102__ProbPAs_0.95__sb_none_sbth_6000__Algo_pesa2,reliability,152
simplified-cocome,simplified-cocome__BRF_clone_1.23__moc_1.64__mcnn_1.80__moncnn_1.45__MaxEval_102__ProbPAs_0.95__sb_none_sbth_6000__Algo_pesa2,1196,uml2lqn,15707
NSGA,simplified-cocome__BRF_clone_1.23__moc_1.64__mcnn_1.80__moncnn_1.45__MaxEval_102__ProbPAs_0.95__sb_none_sbth_6000__Algo_pesa2,1196,invoke_solver,149
NSGA,simplified-cocome__BRF_clone_1.23__moc_1.64__mcnn_1.80__moncnn_1.45__MaxEval_102__ProbPAs_0.95__sb_none_sbth_6000__Algo_pesa2,1196,lqn2uml,14025
NSGA,simplified-cocome__BRF_clone_1.23__moc_1.64__mcnn_1.80__moncnn_1.45__MaxEval_102__ProbPAs_0.95__sb_none_sbth_6000__Algo_pesa2,1196,counting_pas,1196,10323
simplified-cocome,simplified-cocome__BRF_clone_1.23__moc_1.64__mcnn_1.80__moncnn_1.45__MaxEval_102__ProbPAs_0.95__sb_none_sbth_6000__Algo_pesa2,1196,perfQ,14830
simplified-cocome,simplified-cocome__BRF_clone_1.23__moc_1.64__mcnn_1.80__moncnn_1.45__MaxEval_102__ProbPAs_0.95__sb_none_sbth_6000__Algo_pesa2,reliability,183
simplified-cocome,simplified-cocome__BRF_clone_1.23__moc_1.64__mcnn_1.80__moncnn_1.45__MaxEval_102__ProbPAs_0.95__sb_none_sbth_6000__Algo_pesa2,1198,uml2lqn,16828
NSGA,simplified-cocome__BRF_clone_1.23__moc_1.64__mcnn_1.80__moncnn_1.45__MaxEval_102__ProbPAs_0.95__sb_none_sbth_6000__Algo_pesa2,1198,invoke_solver,262
NSGA,simplified-cocome__BRF_clone_1.23__moc_1.64__mcnn_1.80__moncnn_1.45__MaxEval_102__ProbPAs_0.95__sb_none_sbth_6000__Algo_pesa2,1198,lqn2uml,14781
NSGA,simplified-cocome__BRF_clone_1.23__moc_1.64__mcnn_1.80__moncnn_1.45__MaxEval_102__ProbPAs_0.95__sb_none_sbth_6000__Algo_pesa2,1198,counting_pas,1198,21334
simplified-cocome,simplified-cocome__BRF_clone_1.23__moc_1.64__mcnn_1.80__moncnn_1.45__MaxEval_102__ProbPAs_0.95__sb_none_sbth_6000__Algo_pesa2,1198,perfQ,16008
simplified-cocome,simplified-cocome__BRF_clone_1.23__moc_1.64__mcnn_1.80__moncnn_1.45__MaxEval_102__ProbPAs_0.95__sb_none_sbth_6000__Algo_pesa2,reliability,196
simplified-cocome,simplified-cocome__BRF_clone_1.23__moc_1.64__mcnn_1.80__moncnn_1.45__MaxEval_102__ProbPAs_0.95__sb_none_sbth_6000__Algo_pesa2,1200,uml2lqn,18006
NSGA,simplified-cocome__BRF_clone_1.23__moc_1.64__mcnn_1.80__moncnn_1.45__MaxEval_102__ProbPAs_0.95__sb_none_sbth_6000__Algo_pesa2,1200,invoke_solver,88
NSGA,simplified-cocome__BRF_clone_1.23__moc_1.64__mcnn_1.80__moncnn_1.45__MaxEval_102__ProbPAs_0.95__sb_none_sbth_6000__Algo_pesa2,1200,lqn2uml,14471
NSGA,simplified-cocome__BRF_clone_1.23__moc_1.64__mcnn_1.80__moncnn_1.45__MaxEval_102__ProbPAs_0.95__sb_none_sbth_6000__Algo_pesa2,1200,counting_pas,1200,19964
simplified-cocome,simplified-cocome__BRF_clone_1.23__moc_1.64__mcnn_1.80__moncnn_1.45__MaxEval_102__ProbPAs_0.95__sb_none_sbth_6000__Algo_pesa2,1200,perfQ,14509
simplified-cocome,simplified-cocome__BRF_clone_1.23__moc_1.64__mcnn_1.80__moncnn_1.45__MaxEval_102__ProbPAs_0.95__sb_none_sbth_6000__Algo_pesa2,reliability,203
simplified-cocome,simplified-cocome__BRF_clone_1.23__moc_1.64__mcnn_1.80__moncnn_1.45__MaxEval_102__ProbPAs_0.95__sb_none_sbth_6000__Algo_pesa2,1202,uml2lqn,17535
NSGA,simplified-cocome__BRF_clone_1.23__moc_1.64__mcnn_1.80__moncnn_1.45__MaxEval_102__ProbPAs_0.95__sb_none_sbth_6000__Algo_pesa2,1202,invoke_solver,349
NSGA,simplified-cocome__BRF_clone_1.23__moc_1.64__mcnn_1.80__moncnn_1.45__MaxEval_102__ProbPAs_0.95__sb_none_sbth_6000__Algo_pesa2,1202,lqn2uml,13722
NSGA,simplified-cocome__BRF_clone_1.23__moc_1.64__mcnn_1.80__moncnn_1.45__MaxEval_102__ProbPAs_0.95__sb_none_sbth_6000__Algo_pesa2,1202,counting_pas,1202,20554
simplified-cocome,simplified-cocome__BRF_clone_1.23__moc_1.64__mcnn_1.80__moncnn_1.45__MaxEval_102__ProbPAs_0.95__sb_none_sbth_6000__Algo_pesa2,1202,perfQ,15248
simplified-cocome,simplified-cocome__BRF_clone_1.23__moc_1.64__mcnn_1.80__moncnn_1.45__MaxEval_102__ProbPAs_0.95__sb_none_sbth_6000__Algo_pesa2,reliability,166
simplified-cocome,simplified-cocome__BRF_clone_1.23__moc_1.64__mcnn_1.80__moncnn_1.45__MaxEval_102__ProbPAs_0.95__sb_none_sbth_6000__Algo_pesa2,1208,uml2lqn,15921
NSGA,simplified-cocome__BRF_clone_1.23__moc_1.64__mcnn_1.80__moncnn_1.45__MaxEval_102__ProbPAs_0.95__sb_none_sbth_6000__Algo_pesa2,1208,invoke_solver,134
NSGA,simplified-cocome__BRF_clone_1.23__moc_1.64__mcnn_1.80__moncnn_1.45__MaxEval_102__ProbPAs_0.95__sb_none_sbth_6000__Algo_pesa2,1208,lqn2uml,13888
NSGA,simplified-cocome__BRF_clone_1.23__moc_1.64__mcnn_1.80__moncnn_1.45__MaxEval_102__ProbPAs_0.95__sb_none_sbth_6000__Algo_pesa2,1208,counting_pas,1208,16857
simplified-cocome,simplified-cocome__BRF_clone_1.23__moc_1.64__mcnn_1.80__moncnn_1.45__MaxEval_102__ProbPAs_0.95__sb_none_sbth_6000__Algo_pesa2,1208,perfQ,16600
simplified-cocome,simplified-cocome__BRF_clone_1.23__moc_1.64__mcnn_1.80__moncnn_1.45__MaxEval_102__ProbPAs_0.95__sb_none_sbth_6000__Algo_pesa2,reliability,176
simplified-cocome,simplified-cocome__BRF_clone_1.23__moc_1.64__mcnn_1.80__moncnn_1.45__MaxEval_102__ProbPAs_0.95__sb_none_sbth_6000__Algo_pesa2,1210,uml2lqn,16984
NSGA,simplified-cocome__BRF_clone_1.23__moc_1.64__mcnn_1.80__moncnn_1.45__MaxEval_102__ProbPAs_0.95__sb_none_sbth_6000__Algo_pesa2,1210,invoke_solver,175
NSGA,simplified-cocome__BRF_clone_1.23__moc_1.64__mcnn_1.80__moncnn_1.45__MaxEval_102__ProbPAs_0.95__sb_none_sbth_6000__Algo_pesa2,1210,lqn2uml,13250
NSGA,simplified-cocome__BRF_clone_1.23__moc_1.64__mcnn_1.80__moncnn_1.45__MaxEval_102__ProbPAs_0.95__sb_none_sbth_6000__Algo_pesa2,1210,counting_pas,1210,9665
simplified-cocome,simplified-cocome__BRF_clone_1.23__moc_1.64__mcnn_1.80__moncnn_1.45__MaxEval_102__ProbPAs_0.95__sb_none_sbth_6000__Algo_pesa2,1210,perfQ,14411
simplified-cocome,simplified-cocome__BRF_clone_1.23__moc_1.64__mcnn_1.80__moncnn_1.45__MaxEval_102__ProbPAs_0.95__sb_none_sbth_6000__Algo_pesa2,reliability,186
simplified-cocome,simplified-cocome__BRF_clone_1.23__moc_1.64__mcnn_1.80__moncnn_1.45__MaxEval_102__ProbPAs_0.95__sb_none_sbth_6000__Algo_pesa2,1214,uml2lqn,17322
NSGA,simplified-cocome__BRF_clone_1.23__moc_1.64__mcnn_1.80__moncnn_1.45__MaxEval_102__ProbPAs_0.95__sb_none_sbth_6000__Algo_pesa2,1214,invoke_solver,239
NSGA,simplified-cocome__BRF_clone_1.23__moc_1.64__mcnn_1.80__moncnn_1.45__MaxEval_102__ProbPAs_0.95__sb_none_sbth_6000__Algo_pesa2,1214,lqn2uml,15824
NSGA,simplified-cocome__BRF_clone_1.23__moc_1.64__mcnn_1.80__moncnn_1.45__MaxEval_102__ProbPAs_0.95__sb_none_sbth_6000__Algo_pesa2,1214,counting_pas,1214,12968
simplified-cocome,simplified-cocome__BRF_clone_1.23__moc_1.64__mcnn_1.80__moncnn_1.45__MaxEval_102__ProbPAs_0.95__sb_none_sbth_6000__Algo_pesa2,1214,perfQ,14112
simplified-cocome,simplified-cocome__BRF_clone_1.23__moc_1.64__mcnn_1.80__moncnn_1.45__MaxEval_102__ProbPAs_0.95__sb_none_sbth_6000__Algo_pesa2,reliability,161
simplified-cocome,simplified-cocome__BRF_clone_1.23__moc_1.64__mcnn_1.80__moncnn_1.45__MaxEval_102__ProbPAs_0.95__sb_none_sbth_6000__Algo_pesa2,1220,uml2lqn,15309
NSGA,simplified-cocome__BRF_clone_1.23__moc_1.64__mcnn_1.80__moncnn_1.45__MaxEval_102__ProbPAs_0.95__sb_none_sbth_6000__Algo_pesa2,1220,invoke_solver,192
NSGA,simplified-cocome__BRF_clone_1.23__moc_1.64__mcnn_1.80__moncnn_1.45__MaxEval_102__ProbPAs_0.95__sb_none_sbth_6000__Algo_pesa2,1220,lqn2uml,14008
NSGA,simplified-cocome__BRF_clone_1.23__moc_1.64__mcnn_1.80__moncnn_1.45__MaxEval_102__ProbPAs_0.95__sb_none_sbth_6000__Algo_pesa2,1220,counting_pas,1220,8227
simplified-cocome,simplified-cocome__BRF_clone_1.23__moc_1.64__mcnn_1.80__moncnn_1.45__MaxEval_102__ProbPAs_0.95__sb_none_sbth_6000__Algo_pesa2,1220,perfQ,12153
simplified-cocome,simplified-cocome__BRF_clone_1.23__moc_1.64__mcnn_1.80__moncnn_1.45__MaxEval_102__ProbPAs_0.95__sb_none_sbth_6000__Algo_pesa2,reliability,192
simplified-cocome,simplified-cocome__BRF_clone_1.23__moc_1.64__mcnn_1.80__moncnn_1.45__MaxEval_102__ProbPAs_0.95__sb_none_sbth_6000__Algo_pesa2,1222,uml2lqn,16101
NSGA,simplified-cocome__BRF_clone_1.23__moc_1.64__mcnn_1.80__moncnn_1.45__MaxEval_102__ProbPAs_0.95__sb_none_sbth_6000__Algo_pesa2,1222,invoke_solver,192
NSGA,simplified-cocome__BRF_clone_1.23__moc_1.64__mcnn_1.80__moncnn_1.45__MaxEval_102__ProbPAs_0.95__sb_none_sbth_6000__Algo_pesa2,1222,lqn2uml,15270
NSGA,simplified-cocome__BRF_clone_1.23__moc_1.64__mcnn_1.80__moncnn_1.45__MaxEval_102__ProbPAs_0.95__sb_none_sbth_6000__Algo_pesa2,1222,counting_pas,1222,7965
simplified-cocome,simplified-cocome__BRF_clone_1.23__moc_1.64__mcnn_1.80__moncnn_1.45__MaxEval_102__ProbPAs_0.95__sb_none_sbth_6000__Algo_pesa2,1222,perfQ,13807
simplified-cocome,simplified-cocome__BRF_clone_1.23__moc_1.64__mcnn_1.80__moncnn_1.45__MaxEval_102__ProbPAs_0.95__sb_none_sbth_6000__Algo_pesa2,reliability,171
simplified-cocome,simplified-cocome__BRF_clone_1.23__moc_1.64__mcnn_1.80__moncnn_1.45__MaxEval_102__ProbPAs_0.95__sb_none_sbth_6000__Algo_pesa2,1224,uml2lqn,15849
NSGA,simplified-cocome__BRF_clone_1.23__moc_1.64__mcnn_1.80__moncnn_1.45__MaxEval_102__ProbPAs_0.95__sb_none_sbth_6000__Algo_pesa2,1224,invoke_solver,340
NSGA,simplified-cocome__BRF_clone_1.23__moc_1.64__mcnn_1.80__moncnn_1.45__MaxEval_102__ProbPAs_0.95__sb_none_sbth_6000__Algo_pesa2,1224,lqn2uml,12194
NSGA,simplified-cocome__BRF_clone_1.23__moc_1.64__mcnn_1.80__moncnn_1.45__MaxEval_102__ProbPAs_0.95__sb_none_sbth_6000__Algo_pesa2,1224,counting_pas,1224,13447
simplified-cocome,simplified-cocome__BRF_clone_1.23__moc_1.64__mcnn_1.80__moncnn_1.45__MaxEval_102__ProbPAs_0.95__sb_none_sbth_6000__Algo_pesa2,1224,perfQ,13396
simplified-cocome,simplified-cocome__BRF_clone_1.23__moc_1.64__mcnn_1.80__moncnn_1.45__MaxEval_102__ProbPAs_0.95__sb_none_sbth_6000__Algo_pesa2,reliability,167
simplified-cocome,simplified-cocome__BRF_clone_1.23__moc_1.64__mcnn_1.80__moncnn_1.45__MaxEval_102__ProbPAs_0.95__sb_none_sbth_6000__Algo_pesa2,1230,uml2lqn,15335
NSGA,simplified-cocome__BRF_clone_1.23__moc_1.64__mcnn_1.80__moncnn_1.45__MaxEval_102__ProbPAs_0.95__sb_none_sbth_6000__Algo_pesa2,1230,invoke_solver,127
NSGA,simplified-cocome__BRF_clone_1.23__moc_1.64__mcnn_1.80__moncnn_1.45__MaxEval_102__ProbPAs_0.95__sb_none_sbth_6000__Algo_pesa2,1230,lqn2uml,15349
NSGA,simplified-cocome__BRF_clone_1.23__moc_1.64__mcnn_1.80__moncnn_1.45__MaxEval_102__ProbPAs_0.95__sb_none_sbth_6000__Algo_pesa2,1230,counting_pas,1230,7784
simplified-cocome,simplified-cocome__BRF_clone_1.23__moc_1.64__mcnn_1.80__moncnn_1.45__MaxEval_102__ProbPAs_0.95__sb_none_sbth_6000__Algo_pesa2,1230,perfQ,15066
simplified-cocome,simplified-cocome__BRF_clone_1.23__moc_1.64__mcnn_1.80__moncnn_1.45__MaxEval_102__ProbPAs_0.95__sb_none_sbth_6000__Algo_pesa2,reliability,208
simplified-cocome,simplified-cocome__BRF_clone_1.23__moc_1.64__mcnn_1.80__moncnn_1.45__MaxEval_102__ProbPAs_0.95__sb_none_sbth_6000__Algo_pesa2,1232,uml2lqn,15847
NSGA,simplified-cocome__BRF_clone_1.23__moc_1.64__mcnn_1.80__moncnn_1.45__MaxEval_102__ProbPAs_0.95__sb_none_sbth_6000__Algo_pesa2,1232,invoke_solver,341
NSGA,simplified-cocome__BRF_clone_1.23__moc_1.64__mcnn_1.80__moncnn_1.45__MaxEval_102__ProbPAs_0.95__sb_none_sbth_6000__Algo_pesa2,1232,lqn2uml,14932
NSGA,simplified-cocome__BRF_clone_1.23__moc_1.64__mcnn_1.80__moncnn_1.45__MaxEval_102__ProbPAs_0.95__sb_none_sbth_6000__Algo_pesa2,1232,counting_pas,1232,16153
simplified-cocome,simplified-cocome__BRF_clone_1.23__moc_1.64__mcnn_1.80__moncnn_1.45__MaxEval_102__ProbPAs_0.95__sb_none_sbth_6000__Algo_pesa2,1232,perfQ,15096
simplified-cocome,simplified-cocome__BRF_clone_1.23__moc_1.64__mcnn_1.80__moncnn_1.45__MaxEval_102__ProbPAs_0.95__sb_none_sbth_6000__Algo_pesa2,reliability,154
simplified-cocome,simplified-cocome__BRF_clone_1.23__moc_1.64__mcnn_1.80__moncnn_1.45__MaxEval_102__ProbPAs_0.95__sb_none_sbth_6000__Algo_pesa2,1236,uml2lqn,17110
NSGA,simplified-cocome__BRF_clone_1.23__moc_1.64__mcnn_1.80__moncnn_1.45__MaxEval_102__ProbPAs_0.95__sb_none_sbth_6000__Algo_pesa2,1236,invoke_solver,153
NSGA,simplified-cocome__BRF_clone_1.23__moc_1.64__mcnn_1.80__moncnn_1.45__MaxEval_102__ProbPAs_0.95__sb_none_sbth_6000__Algo_pesa2,1236,lqn2uml,14706
NSGA,simplified-cocome__BRF_clone_1.23__moc_1.64__mcnn_1.80__moncnn_1.45__MaxEval_102__ProbPAs_0.95__sb_none_sbth_6000__Algo_pesa2,1236,counting_pas,1236,14533
simplified-cocome,simplified-cocome__BRF_clone_1.23__moc_1.64__mcnn_1.80__moncnn_1.45__MaxEval_102__ProbPAs_0.95__sb_none_sbth_6000__Algo_pesa2,1236,perfQ,15395
simplified-cocome,simplified-cocome__BRF_clone_1.23__moc_1.64__mcnn_1.80__moncnn_1.45__MaxEval_102__ProbPAs_0.95__sb_none_sbth_6000__Algo_pesa2,reliability,182
simplified-cocome,simplified-cocome__BRF_clone_1.23__moc_1.64__mcnn_1.80__moncnn_1.45__MaxEval_102__ProbPAs_0.95__sb_none_sbth_6000__Algo_pesa2,1240,uml2lqn,16271
NSGA,simplified-cocome__BRF_clone_1.23__moc_1.64__mcnn_1.80__moncnn_1.45__MaxEval_102__ProbPAs_0.95__sb_none_sbth_6000__Algo_pesa2,1240,invoke_solver,407
NSGA,simplified-cocome__BRF_clone_1.23__moc_1.64__mcnn_1.80__moncnn_1.45__MaxEval_102__ProbPAs_0.95__sb_none_sbth_6000__Algo_pesa2,1240,lqn2uml,15575
NSGA,simplified-cocome__BRF_clone_1.23__moc_1.64__mcnn_1.80__moncnn_1.45__MaxEval_102__ProbPAs_0.95__sb_none_sbth_6000__Algo_pesa2,1240,counting_pas,1240,11375
simplified-cocome,simplified-cocome__BRF_clone_1.23__moc_1.64__mcnn_1.80__moncnn_1.45__MaxEval_102__ProbPAs_0.95__sb_none_sbth_6000__Algo_pesa2,1240,perfQ,13278
simplified-cocome,simplified-cocome__BRF_clone_1.23__moc_1.64__mcnn_1.80__moncnn_1.45__MaxEval_102__ProbPAs_0.95__sb_none_sbth_6000__Algo_pesa2,reliability,199
simplified-cocome,simplified-cocome__BRF_clone_1.23__moc_1.64__mcnn_1.80__moncnn_1.45__MaxEval_102__ProbPAs_0.95__sb_none_sbth_6000__Algo_pesa2,1244,uml2lqn,15303
NSGA,simplified-cocome__BRF_clone_1.23__moc_1.64__mcnn_1.80__moncnn_1.45__MaxEval_102__ProbPAs_0.95__sb_none_sbth_6000__Algo_pesa2,1244,invoke_solver,339
NSGA,simplified-cocome__BRF_clone_1.23__moc_1.64__mcnn_1.80__moncnn_1.45__MaxEval_102__ProbPAs_0.95__sb_none_sbth_6000__Algo_pesa2,1244,lqn2uml,14175
NSGA,simplified-cocome__BRF_clone_1.23__moc_1.64__mcnn_1.80__moncnn_1.45__MaxEval_102__ProbPAs_0.95__sb_none_sbth_6000__Algo_pesa2,1244,counting_pas,1244,19372
simplified-cocome,simplified-cocome__BRF_clone_1.23__moc_1.64__mcnn_1.80__moncnn_1.45__MaxEval_102__ProbPAs_0.95__sb_none_sbth_6000__Algo_pesa2,1244,perfQ,15787
simplified-cocome,simplified-cocome__BRF_clone_1.23__moc_1.64__mcnn_1.80__moncnn_1.45__MaxEval_102__ProbPAs_0.95__sb_none_sbth_6000__Algo_pesa2,reliability,184
simplified-cocome,simplified-cocome__BRF_clone_1.23__moc_1.64__mcnn_1.80__moncnn_1.45__MaxEval_102__ProbPAs_0.95__sb_none_sbth_6000__Algo_pesa2,1248,uml2lqn,16734
NSGA,simplified-cocome__BRF_clone_1.23__moc_1.64__mcnn_1.80__moncnn_1.45__MaxEval_102__ProbPAs_0.95__sb_none_sbth_6000__Algo_pesa2,1248,invoke_solver,310
NSGA,simplified-cocome__BRF_clone_1.23__moc_1.64__mcnn_1.80__moncnn_1.45__MaxEval_102__ProbPAs_0.95__sb_none_sbth_6000__Algo_pesa2,1248,lqn2uml,15637
NSGA,simplified-cocome__BRF_clone_1.23__moc_1.64__mcnn_1.80__moncnn_1.45__MaxEval_102__ProbPAs_0.95__sb_none_sbth_6000__Algo_pesa2,1248,counting_pas,1248,15588
simplified-cocome,simplified-cocome__BRF_clone_1.23__moc_1.64__mcnn_1.80__moncnn_1.45__MaxEval_102__ProbPAs_0.95__sb_none_sbth_6000__Algo_pesa2,1248,perfQ,14127
simplified-cocome,simplified-cocome__BRF_clone_1.23__moc_1.64__mcnn_1.80__moncnn_1.45__MaxEval_102__ProbPAs_0.95__sb_none_sbth_6000__Algo_pesa2,reliability,183
simplified-cocome,simplified-cocome__BRF_clone_1.23__moc_1.64__mcnn_1.80__moncnn_1.45__MaxEval_102__ProbPAs_0.95__sb_none_sbth_6000__Algo_pesa2,1252,uml2lqn,16308
NSGA,simplified-cocome__BRF_clone_1.23__moc_1.64__mcnn_1.80__moncnn_1.45__MaxEval_102__ProbPAs_0.95__sb_none_sbth_6000__Algo_pesa2,1252,invoke_solver,149
NSGA,simplified-cocome__BRF_clone_1.23__moc_1.64__mcnn_1.80__moncnn_1.45__MaxEval_102__ProbPAs_0.95__sb_none_sbth_6000__Algo_pesa2,1252,lqn2uml,13075
NSGA,simplified-cocome__BRF_clone_1.23__moc_1.64__mcnn_1.80__moncnn_1.45__MaxEval_102__ProbPAs_0.95__sb_none_sbth_6000__Algo_pesa2,1252,counting_pas,1252,10011
simplified-cocome,simplified-cocome__BRF_clone_1.23__moc_1.64__mcnn_1.80__moncnn_1.45__MaxEval_102__ProbPAs_0.95__sb_none_sbth_6000__Algo_pesa2,1252,perfQ,13323
simplified-cocome,simplified-cocome__BRF_clone_1.23__moc_1.64__mcnn_1.80__moncnn_1.45__MaxEval_102__ProbPAs_0.95__sb_none_sbth_6000__Algo_pesa2,reliability,199
simplified-cocome,simplified-cocome__BRF_clone_1.23__moc_1.64__mcnn_1.80__moncnn_1.45__MaxEval_102__ProbPAs_0.95__sb_none_sbth_6000__Algo_pesa2,1258,uml2lqn,17330
NSGA,simplified-cocome__BRF_clone_1.23__moc_1.64__mcnn_1.80__moncnn_1.45__MaxEval_102__ProbPAs_0.95__sb_none_sbth_6000__Algo_pesa2,1258,invoke_solver,195
NSGA,simplified-cocome__BRF_clone_1.23__moc_1.64__mcnn_1.80__moncnn_1.45__MaxEval_102__ProbPAs_0.95__sb_none_sbth_6000__Algo_pesa2,1258,lqn2uml,15410
NSGA,simplified-cocome__BRF_clone_1.23__moc_1.64__mcnn_1.80__moncnn_1.45__MaxEval_102__ProbPAs_0.95__sb_none_sbth_6000__Algo_pesa2,1258,counting_pas,1258,7655
simplified-cocome,simplified-cocome__BRF_clone_1.23__moc_1.64__mcnn_1.80__moncnn_1.45__MaxEval_102__ProbPAs_0.95__sb_none_sbth_6000__Algo_pesa2,1258,perfQ,15781
simplified-cocome,simplified-cocome__BRF_clone_1.23__moc_1.64__mcnn_1.80__moncnn_1.45__MaxEval_102__ProbPAs_0.95__sb_none_sbth_6000__Algo_pesa2,reliability,209
simplified-cocome,simplified-cocome__BRF_clone_1.23__moc_1.64__mcnn_1.80__moncnn_1.45__MaxEval_102__ProbPAs_0.95__sb_none_sbth_6000__Algo_pesa2,1260,uml2lqn,12464
NSGA,simplified-cocome__BRF_clone_1.23__moc_1.64__mcnn_1.80__moncnn_1.45__MaxEval_102__ProbPAs_0.95__sb_none_sbth_6000__Algo_pesa2,1260,invoke_solver,275
NSGA,simplified-cocome__BRF_clone_1.23__moc_1.64__mcnn_1.80__moncnn_1.45__MaxEval_102__ProbPAs_0.95__sb_none_sbth_6000__Algo_pesa2,1260,lqn2uml,14782
NSGA,simplified-cocome__BRF_clone_1.23__moc_1.64__mcnn_1.80__moncnn_1.45__MaxEval_102__ProbPAs_0.95__sb_none_sbth_6000__Algo_pesa2,1260,counting_pas,1260,13860
simplified-cocome,simplified-cocome__BRF_clone_1.23__moc_1.64__mcnn_1.80__moncnn_1.45__MaxEval_102__ProbPAs_0.95__sb_none_sbth_6000__Algo_pesa2,1260,perfQ,13900
simplified-cocome,simplified-cocome__BRF_clone_1.23__moc_1.64__mcnn_1.80__moncnn_1.45__MaxEval_102__ProbPAs_0.95__sb_none_sbth_6000__Algo_pesa2,reliability,188
simplified-cocome,simplified-cocome__BRF_clone_1.23__moc_1.64__mcnn_1.80__moncnn_1.45__MaxEval_102__ProbPAs_0.95__sb_none_sbth_6000__Algo_pesa2,1266,uml2lqn,14021
NSGA,simplified-cocome__BRF_clone_1.23__moc_1.64__mcnn_1.80__moncnn_1.45__MaxEval_102__ProbPAs_0.95__sb_none_sbth_6000__Algo_pesa2,1266,invoke_solver,162
NSGA,simplified-cocome__BRF_clone_1.23__moc_1.64__mcnn_1.80__moncnn_1.45__MaxEval_102__ProbPAs_0.95__sb_none_sbth_6000__Algo_pesa2,1266,lqn2uml,15358
NSGA,simplified-cocome__BRF_clone_1.23__moc_1.64__mcnn_1.80__moncnn_1.45__MaxEval_102__ProbPAs_0.95__sb_none_sbth_6000__Algo_pesa2,1266,counting_pas,1266,7524
simplified-cocome,simplified-cocome__BRF_clone_1.23__moc_1.64__mcnn_1.80__moncnn_1.45__MaxEval_102__ProbPAs_0.95__sb_none_sbth_6000__Algo_pesa2,1266,perfQ,16212
simplified-cocome,simplified-cocome__BRF_clone_1.23__moc_1.64__mcnn_1.80__moncnn_1.45__MaxEval_102__ProbPAs_0.95__sb_none_sbth_6000__Algo_pesa2,reliability,178
simplified-cocome,simplified-cocome__BRF_clone_1.23__moc_1.64__mcnn_1.80__moncnn_1.45__MaxEval_102__ProbPAs_0.95__sb_none_sbth_6000__Algo_pesa2,1268,uml2lqn,16847
NSGA,simplified-cocome__BRF_clone_1.23__moc_1.64__mcnn_1.80__moncnn_1.45__MaxEval_102__ProbPAs_0.95__sb_none_sbth_6000__Algo_pesa2,1268,invoke_solver,311
NSGA,simplified-cocome__BRF_clone_1.23__moc_1.64__mcnn_1.80__moncnn_1.45__MaxEval_102__ProbPAs_0.95__sb_none_sbth_6000__Algo_pesa2,1268,lqn2uml,16399
NSGA,simplified-cocome__BRF_clone_1.23__moc_1.64__mcnn_1.80__moncnn_1.45__MaxEval_102__ProbPAs_0.95__sb_none_sbth_6000__Algo_pesa2,1268,counting_pas,1268,16281
simplified-cocome,simplified-cocome__BRF_clone_1.23__moc_1.64__mcnn_1.80__moncnn_1.45__MaxEval_102__ProbPAs_0.95__sb_none_sbth_6000__Algo_pesa2,1268,perfQ,14870
simplified-cocome,simplified-cocome__BRF_clone_1.23__moc_1.64__mcnn_1.80__moncnn_1.45__MaxEval_102__ProbPAs_0.95__sb_none_sbth_6000__Algo_pesa2,reliability,144
simplified-cocome,simplified-cocome__BRF_clone_1.23__moc_1.64__mcnn_1.80__moncnn_1.45__MaxEval_102__ProbPAs_0.95__sb_none_sbth_6000__Algo_pesa2,1272,uml2lqn,18383
NSGA,simplified-cocome__BRF_clone_1.23__moc_1.64__mcnn_1.80__moncnn_1.45__MaxEval_102__ProbPAs_0.95__sb_none_sbth_6000__Algo_pesa2,1272,invoke_solver,180
NSGA,simplified-cocome__BRF_clone_1.23__moc_1.64__mcnn_1.80__moncnn_1.45__MaxEval_102__ProbPAs_0.95__sb_none_sbth_6000__Algo_pesa2,1272,lqn2uml,16768
NSGA,simplified-cocome__BRF_clone_1.23__moc_1.64__mcnn_1.80__moncnn_1.45__MaxEval_102__ProbPAs_0.95__sb_none_sbth_6000__Algo_pesa2,1272,counting_pas,1272,12153
simplified-cocome,simplified-cocome__BRF_clone_1.23__moc_1.64__mcnn_1.80__moncnn_1.45__MaxEval_102__ProbPAs_0.95__sb_none_sbth_6000__Algo_pesa2,1272,perfQ,15465
simplified-cocome,simplified-cocome__BRF_clone_1.23__moc_1.64__mcnn_1.80__moncnn_1.45__MaxEval_102__ProbPAs_0.95__sb_none_sbth_6000__Algo_pesa2,reliability,192
simplified-cocome,simplified-cocome__BRF_clone_1.23__moc_1.64__mcnn_1.80__moncnn_1.45__MaxEval_102__ProbPAs_0.95__sb_none_sbth_6000__Algo_pesa2,1274,uml2lqn,15966
NSGA,simplified-cocome__BRF_clone_1.23__moc_1.64__mcnn_1.80__moncnn_1.45__MaxEval_102__ProbPAs_0.95__sb_none_sbth_6000__Algo_pesa2,1274,invoke_solver,131
NSGA,simplified-cocome__BRF_clone_1.23__moc_1.64__mcnn_1.80__moncnn_1.45__MaxEval_102__ProbPAs_0.95__sb_none_sbth_6000__Algo_pesa2,1274,lqn2uml,9822
NSGA,simplified-cocome__BRF_clone_1.23__moc_1.64__mcnn_1.80__moncnn_1.45__MaxEval_102__ProbPAs_0.95__sb_none_sbth_6000__Algo_pesa2,1274,counting_pas,1274,8522
simplified-cocome,simplified-cocome__BRF_clone_1.23__moc_1.64__mcnn_1.80__moncnn_1.45__MaxEval_102__ProbPAs_0.95__sb_none_sbth_6000__Algo_pesa2,1274,perfQ,13514
simplified-cocome,simplified-cocome__BRF_clone_1.23__moc_1.64__mcnn_1.80__moncnn_1.45__MaxEval_102__ProbPAs_0.95__sb_none_sbth_6000__Algo_pesa2,reliability,176
simplified-cocome,simplified-cocome__BRF_clone_1.23__moc_1.64__mcnn_1.80__moncnn_1.45__MaxEval_102__ProbPAs_0.95__sb_none_sbth_6000__Algo_pesa2,1278,uml2lqn,15846
NSGA,simplified-cocome__BRF_clone_1.23__moc_1.64__mcnn_1.80__moncnn_1.45__MaxEval_102__ProbPAs_0.95__sb_none_sbth_6000__Algo_pesa2,1278,invoke_solver,107
NSGA,simplified-cocome__BRF_clone_1.23__moc_1.64__mcnn_1.80__moncnn_1.45__MaxEval_102__ProbPAs_0.95__sb_none_sbth_6000__Algo_pesa2,1278,lqn2uml,15329
NSGA,simplified-cocome__BRF_clone_1.23__moc_1.64__mcnn_1.80__moncnn_1.45__MaxEval_102__ProbPAs_0.95__sb_none_sbth_6000__Algo_pesa2,1278,counting_pas,1278,13696
simplified-cocome,simplified-cocome__BRF_clone_1.23__moc_1.64__mcnn_1.80__moncnn_1.45__MaxEval_102__ProbPAs_0.95__sb_none_sbth_6000__Algo_pesa2,1278,perfQ,14259
simplified-cocome,simplified-cocome__BRF_clone_1.23__moc_1.64__mcnn_1.80__moncnn_1.45__MaxEval_102__ProbPAs_0.95__sb_none_sbth_6000__Algo_pesa2,reliability,154
simplified-cocome,simplified-cocome__BRF_clone_1.23__moc_1.64__mcnn_1.80__moncnn_1.45__MaxEval_102__ProbPAs_0.95__sb_none_sbth_6000__Algo_pesa2,1280,uml2lqn,18329
NSGA,simplified-cocome__BRF_clone_1.23__moc_1.64__mcnn_1.80__moncnn_1.45__MaxEval_102__ProbPAs_0.95__sb_none_sbth_6000__Algo_pesa2,1280,invoke_solver,259
NSGA,simplified-cocome__BRF_clone_1.23__moc_1.64__mcnn_1.80__moncnn_1.45__MaxEval_102__ProbPAs_0.95__sb_none_sbth_6000__Algo_pesa2,1280,lqn2uml,17157
NSGA,simplified-cocome__BRF_clone_1.23__moc_1.64__mcnn_1.80__moncnn_1.45__MaxEval_102__ProbPAs_0.95__sb_none_sbth_6000__Algo_pesa2,1280,counting_pas,1280,13465
simplified-cocome,simplified-cocome__BRF_clone_1.23__moc_1.64__mcnn_1.80__moncnn_1.45__MaxEval_102__ProbPAs_0.95__sb_none_sbth_6000__Algo_pesa2,1280,perfQ,16575
simplified-cocome,simplified-cocome__BRF_clone_1.23__moc_1.64__mcnn_1.80__moncnn_1.45__MaxEval_102__ProbPAs_0.95__sb_none_sbth_6000__Algo_pesa2,reliability,135
simplified-cocome,simplified-cocome__BRF_clone_1.23__moc_1.64__mcnn_1.80__moncnn_1.45__MaxEval_102__ProbPAs_0.95__sb_none_sbth_6000__Algo_pesa2,1284,uml2lqn,15289
NSGA,simplified-cocome__BRF_clone_1.23__moc_1.64__mcnn_1.80__moncnn_1.45__MaxEval_102__ProbPAs_0.95__sb_none_sbth_6000__Algo_pesa2,1284,invoke_solver,337
NSGA,simplified-cocome__BRF_clone_1.23__moc_1.64__mcnn_1.80__moncnn_1.45__MaxEval_102__ProbPAs_0.95__sb_none_sbth_6000__Algo_pesa2,1284,lqn2uml,15530
NSGA,simplified-cocome__BRF_clone_1.23__moc_1.64__mcnn_1.80__moncnn_1.45__MaxEval_102__ProbPAs_0.95__sb_none_sbth_6000__Algo_pesa2,1284,counting_pas,1284,17684
simplified-cocome,simplified-cocome__BRF_clone_1.23__moc_1.64__mcnn_1.80__moncnn_1.45__MaxEval_102__ProbPAs_0.95__sb_none_sbth_6000__Algo_pesa2,1284,perfQ,16183
simplified-cocome,simplified-cocome__BRF_clone_1.23__moc_1.64__mcnn_1.80__moncnn_1.45__MaxEval_102__ProbPAs_0.95__sb_none_sbth_6000__Algo_pesa2,reliability,218
simplified-cocome,simplified-cocome__BRF_clone_1.23__moc_1.64__mcnn_1.80__moncnn_1.45__MaxEval_102__ProbPAs_0.95__sb_none_sbth_6000__Algo_pesa2,1288,uml2lqn,16507
NSGA,simplified-cocome__BRF_clone_1.23__moc_1.64__mcnn_1.80__moncnn_1.45__MaxEval_102__ProbPAs_0.95__sb_none_sbth_6000__Algo_pesa2,1288,invoke_solver,429
NSGA,simplified-cocome__BRF_clone_1.23__moc_1.64__mcnn_1.80__moncnn_1.45__MaxEval_102__ProbPAs_0.95__sb_none_sbth_6000__Algo_pesa2,1288,lqn2uml,15030
NSGA,simplified-cocome__BRF_clone_1.23__moc_1.64__mcnn_1.80__moncnn_1.45__MaxEval_102__ProbPAs_0.95__sb_none_sbth_6000__Algo_pesa2,1288,counting_pas,1288,17471
simplified-cocome,simplified-cocome__BRF_clone_1.23__moc_1.64__mcnn_1.80__moncnn_1.45__MaxEval_102__ProbPAs_0.95__sb_none_sbth_6000__Algo_pesa2,1288,perfQ,17029
simplified-cocome,simplified-cocome__BRF_clone_1.23__moc_1.64__mcnn_1.80__moncnn_1.45__MaxEval_102__ProbPAs_0.95__sb_none_sbth_6000__Algo_pesa2,reliability,223
simplified-cocome,simplified-cocome__BRF_clone_1.23__moc_1.64__mcnn_1.80__moncnn_1.45__MaxEval_102__ProbPAs_0.95__sb_none_sbth_6000__Algo_pesa2,1294,uml2lqn,18991
NSGA,simplified-cocome__BRF_clone_1.23__moc_1.64__mcnn_1.80__moncnn_1.45__MaxEval_102__ProbPAs_0.95__sb_none_sbth_6000__Algo_pesa2,1294,invoke_solver,154
NSGA,simplified-cocome__BRF_clone_1.23__moc_1.64__mcnn_1.80__moncnn_1.45__MaxEval_102__ProbPAs_0.95__sb_none_sbth_6000__Algo_pesa2,1294,lqn2uml,16483
NSGA,simplified-cocome__BRF_clone_1.23__moc_1.64__mcnn_1.80__moncnn_1.45__MaxEval_102__ProbPAs_0.95__sb_none_sbth_6000__Algo_pesa2,1294,counting_pas,1294,10297
simplified-cocome,simplified-cocome__BRF_clone_1.23__moc_1.64__mcnn_1.80__moncnn_1.45__MaxEval_102__ProbPAs_0.95__sb_none_sbth_6000__Algo_pesa2,1294,perfQ,14641
simplified-cocome,simplified-cocome__BRF_clone_1.23__moc_1.64__mcnn_1.80__moncnn_1.45__MaxEval_102__ProbPAs_0.95__sb_none_sbth_6000__Algo_pesa2,reliability,156
simplified-cocome,simplified-cocome__BRF_clone_1.23__moc_1.64__mcnn_1.80__moncnn_1.45__MaxEval_102__ProbPAs_0.95__sb_none_sbth_6000__Algo_pesa2,1298,uml2lqn,16039
NSGA,simplified-cocome__BRF_clone_1.23__moc_1.64__mcnn_1.80__moncnn_1.45__MaxEval_102__ProbPAs_0.95__sb_none_sbth_6000__Algo_pesa2,1298,invoke_solver,187
NSGA,simplified-cocome__BRF_clone_1.23__moc_1.64__mcnn_1.80__moncnn_1.45__MaxEval_102__ProbPAs_0.95__sb_none_sbth_6000__Algo_pesa2,1298,lqn2uml,11667
NSGA,simplified-cocome__BRF_clone_1.23__moc_1.64__mcnn_1.80__moncnn_1.45__MaxEval_102__ProbPAs_0.95__sb_none_sbth_6000__Algo_pesa2,1298,counting_pas,1298,16106
simplified-cocome,simplified-cocome__BRF_clone_1.23__moc_1.64__mcnn_1.80__moncnn_1.45__MaxEval_102__ProbPAs_0.95__sb_none_sbth_6000__Algo_pesa2,1298,perfQ,10587
simplified-cocome,simplified-cocome__BRF_clone_1.23__moc_1.64__mcnn_1.80__moncnn_1.45__MaxEval_102__ProbPAs_0.95__sb_none_sbth_6000__Algo_pesa2,reliability,209
simplified-cocome,simplified-cocome__BRF_clone_1.23__moc_1.64__mcnn_1.80__moncnn_1.45__MaxEval_102__ProbPAs_0.95__sb_none_sbth_6000__Algo_pesa2,1300,uml2lqn,15371
NSGA,simplified-cocome__BRF_clone_1.23__moc_1.64__mcnn_1.80__moncnn_1.45__MaxEval_102__ProbPAs_0.95__sb_none_sbth_6000__Algo_pesa2,1300,invoke_solver,305
NSGA,simplified-cocome__BRF_clone_1.23__moc_1.64__mcnn_1.80__moncnn_1.45__MaxEval_102__ProbPAs_0.95__sb_none_sbth_6000__Algo_pesa2,1300,lqn2uml,14471
NSGA,simplified-cocome__BRF_clone_1.23__moc_1.64__mcnn_1.80__moncnn_1.45__MaxEval_102__ProbPAs_0.95__sb_none_sbth_6000__Algo_pesa2,1300,counting_pas,1300,22794
simplified-cocome,simplified-cocome__BRF_clone_1.23__moc_1.64__mcnn_1.80__moncnn_1.45__MaxEval_102__ProbPAs_0.95__sb_none_sbth_6000__Algo_pesa2,1300,perfQ,12428
simplified-cocome,simplified-cocome__BRF_clone_1.23__moc_1.64__mcnn_1.80__moncnn_1.45__MaxEval_102__ProbPAs_0.95__sb_none_sbth_6000__Algo_pesa2,reliability,207
simplified-cocome,simplified-cocome__BRF_clone_1.23__moc_1.64__mcnn_1.80__moncnn_1.45__MaxEval_102__ProbPAs_0.95__sb_none_sbth_6000__Algo_pesa2,1304,uml2lqn,16124
NSGA,simplified-cocome__BRF_clone_1.23__moc_1.64__mcnn_1.80__moncnn_1.45__MaxEval_102__ProbPAs_0.95__sb_none_sbth_6000__Algo_pesa2,1304,invoke_solver,266
NSGA,simplified-cocome__BRF_clone_1.23__moc_1.64__mcnn_1.80__moncnn_1.45__MaxEval_102__ProbPAs_0.95__sb_none_sbth_6000__Algo_pesa2,1304,lqn2uml,13417
NSGA,simplified-cocome__BRF_clone_1.23__moc_1.64__mcnn_1.80__moncnn_1.45__MaxEval_102__ProbPAs_0.95__sb_none_sbth_6000__Algo_pesa2,1304,counting_pas,1304,19704
simplified-cocome,simplified-cocome__BRF_clone_1.23__moc_1.64__mcnn_1.80__moncnn_1.45__MaxEval_102__ProbPAs_0.95__sb_none_sbth_6000__Algo_pesa2,1304,perfQ,13763
simplified-cocome,simplified-cocome__BRF_clone_1.23__moc_1.64__mcnn_1.80__moncnn_1.45__MaxEval_102__ProbPAs_0.95__sb_none_sbth_6000__Algo_pesa2,reliability,186
simplified-cocome,simplified-cocome__BRF_clone_1.23__moc_1.64__mcnn_1.80__moncnn_1.45__MaxEval_102__ProbPAs_0.95__sb_none_sbth_6000__Algo_pesa2,1308,uml2lqn,14066
NSGA,simplified-cocome__BRF_clone_1.23__moc_1.64__mcnn_1.80__moncnn_1.45__MaxEval_102__ProbPAs_0.95__sb_none_sbth_6000__Algo_pesa2,1308,invoke_solver,195
NSGA,simplified-cocome__BRF_clone_1.23__moc_1.64__mcnn_1.80__moncnn_1.45__MaxEval_102__ProbPAs_0.95__sb_none_sbth_6000__Algo_pesa2,1308,lqn2uml,13688
NSGA,simplified-cocome__BRF_clone_1.23__moc_1.64__mcnn_1.80__moncnn_1.45__MaxEval_102__ProbPAs_0.95__sb_none_sbth_6000__Algo_pesa2,1308,counting_pas,1308,7414
simplified-cocome,simplified-cocome__BRF_clone_1.23__moc_1.64__mcnn_1.80__moncnn_1.45__MaxEval_102__ProbPAs_0.95__sb_none_sbth_6000__Algo_pesa2,1308,perfQ,14563
simplified-cocome,simplified-cocome__BRF_clone_1.23__moc_1.64__mcnn_1.80__moncnn_1.45__MaxEval_102__ProbPAs_0.95__sb_none_sbth_6000__Algo_pesa2,reliability,244
simplified-cocome,simplified-cocome__BRF_clone_1.23__moc_1.64__mcnn_1.80__moncnn_1.45__MaxEval_102__ProbPAs_0.95__sb_none_sbth_6000__Algo_pesa2,1312,uml2lqn,16317
NSGA,simplified-cocome__BRF_clone_1.23__moc_1.64__mcnn_1.80__moncnn_1.45__MaxEval_102__ProbPAs_0.95__sb_none_sbth_6000__Algo_pesa2,1312,invoke_solver,152
NSGA,simplified-cocome__BRF_clone_1.23__moc_1.64__mcnn_1.80__moncnn_1.45__MaxEval_102__ProbPAs_0.95__sb_none_sbth_6000__Algo_pesa2,1312,lqn2uml,13251
NSGA,simplified-cocome__BRF_clone_1.23__moc_1.64__mcnn_1.80__moncnn_1.45__MaxEval_102__ProbPAs_0.95__sb_none_sbth_6000__Algo_pesa2,1312,counting_pas,1312,7261
simplified-cocome,simplified-cocome__BRF_clone_1.23__moc_1.64__mcnn_1.80__moncnn_1.45__MaxEval_102__ProbPAs_0.95__sb_none_sbth_6000__Algo_pesa2,1312,perfQ,13610
simplified-cocome,simplified-cocome__BRF_clone_1.23__moc_1.64__mcnn_1.80__moncnn_1.45__MaxEval_102__ProbPAs_0.95__sb_none_sbth_6000__Algo_pesa2,reliability,166
simplified-cocome,simplified-cocome__BRF_clone_1.23__moc_1.64__mcnn_1.80__moncnn_1.45__MaxEval_102__ProbPAs_0.95__sb_none_sbth_6000__Algo_pesa2,1316,uml2lqn,14760
NSGA,simplified-cocome__BRF_clone_1.23__moc_1.64__mcnn_1.80__moncnn_1.45__MaxEval_102__ProbPAs_0.95__sb_none_sbth_6000__Algo_pesa2,1316,invoke_solver,183
NSGA,simplified-cocome__BRF_clone_1.23__moc_1.64__mcnn_1.80__moncnn_1.45__MaxEval_102__ProbPAs_0.95__sb_none_sbth_6000__Algo_pesa2,1316,lqn2uml,15181
NSGA,simplified-cocome__BRF_clone_1.23__moc_1.64__mcnn_1.80__moncnn_1.45__MaxEval_102__ProbPAs_0.95__sb_none_sbth_6000__Algo_pesa2,1316,counting_pas,1316,9641
simplified-cocome,simplified-cocome__BRF_clone_1.23__moc_1.64__mcnn_1.80__moncnn_1.45__MaxEval_102__ProbPAs_0.95__sb_none_sbth_6000__Algo_pesa2,1316,perfQ,14100
simplified-cocome,simplified-cocome__BRF_clone_1.23__moc_1.64__mcnn_1.80__moncnn_1.45__MaxEval_102__ProbPAs_0.95__sb_none_sbth_6000__Algo_pesa2,reliability,155
simplified-cocome,simplified-cocome__BRF_clone_1.23__moc_1.64__mcnn_1.80__moncnn_1.45__MaxEval_102__ProbPAs_0.95__sb_none_sbth_6000__Algo_pesa2,1320,uml2lqn,15800
NSGA,simplified-cocome__BRF_clone_1.23__moc_1.64__mcnn_1.80__moncnn_1.45__MaxEval_102__ProbPAs_0.95__sb_none_sbth_6000__Algo_pesa2,1320,invoke_solver,284
NSGA,simplified-cocome__BRF_clone_1.23__moc_1.64__mcnn_1.80__moncnn_1.45__MaxEval_102__ProbPAs_0.95__sb_none_sbth_6000__Algo_pesa2,1320,lqn2uml,14586
NSGA,simplified-cocome__BRF_clone_1.23__moc_1.64__mcnn_1.80__moncnn_1.45__MaxEval_102__ProbPAs_0.95__sb_none_sbth_6000__Algo_pesa2,1320,counting_pas,1320,7435
simplified-cocome,simplified-cocome__BRF_clone_1.23__moc_1.64__mcnn_1.80__moncnn_1.45__MaxEval_102__ProbPAs_0.95__sb_none_sbth_6000__Algo_pesa2,1320,perfQ,12624
simplified-cocome,simplified-cocome__BRF_clone_1.23__moc_1.64__mcnn_1.80__moncnn_1.45__MaxEval_102__ProbPAs_0.95__sb_none_sbth_6000__Algo_pesa2,reliability,178
simplified-cocome,simplified-cocome__BRF_clone_1.23__moc_1.64__mcnn_1.80__moncnn_1.45__MaxEval_102__ProbPAs_0.95__sb_none_sbth_6000__Algo_pesa2,1324,uml2lqn,16271
NSGA,simplified-cocome__BRF_clone_1.23__moc_1.64__mcnn_1.80__moncnn_1.45__MaxEval_102__ProbPAs_0.95__sb_none_sbth_6000__Algo_pesa2,1324,invoke_solver,285
NSGA,simplified-cocome__BRF_clone_1.23__moc_1.64__mcnn_1.80__moncnn_1.45__MaxEval_102__ProbPAs_0.95__sb_none_sbth_6000__Algo_pesa2,1324,lqn2uml,13407
NSGA,simplified-cocome__BRF_clone_1.23__moc_1.64__mcnn_1.80__moncnn_1.45__MaxEval_102__ProbPAs_0.95__sb_none_sbth_6000__Algo_pesa2,1324,counting_pas,1324,7974
simplified-cocome,simplified-cocome__BRF_clone_1.23__moc_1.64__mcnn_1.80__moncnn_1.45__MaxEval_102__ProbPAs_0.95__sb_none_sbth_6000__Algo_pesa2,1324,perfQ,14008
simplified-cocome,simplified-cocome__BRF_clone_1.23__moc_1.64__mcnn_1.80__moncnn_1.45__MaxEval_102__ProbPAs_0.95__sb_none_sbth_6000__Algo_pesa2,reliability,204
simplified-cocome,simplified-cocome__BRF_clone_1.23__moc_1.64__mcnn_1.80__moncnn_1.45__MaxEval_102__ProbPAs_0.95__sb_none_sbth_6000__Algo_pesa2,1328,uml2lqn,14351
NSGA,simplified-cocome__BRF_clone_1.23__moc_1.64__mcnn_1.80__moncnn_1.45__MaxEval_102__ProbPAs_0.95__sb_none_sbth_6000__Algo_pesa2,1328,invoke_solver,133
NSGA,simplified-cocome__BRF_clone_1.23__moc_1.64__mcnn_1.80__moncnn_1.45__MaxEval_102__ProbPAs_0.95__sb_none_sbth_6000__Algo_pesa2,1328,lqn2uml,14014
NSGA,simplified-cocome__BRF_clone_1.23__moc_1.64__mcnn_1.80__moncnn_1.45__MaxEval_102__ProbPAs_0.95__sb_none_sbth_6000__Algo_pesa2,1328,counting_pas,1328,8134
simplified-cocome,simplified-cocome__BRF_clone_1.23__moc_1.64__mcnn_1.80__moncnn_1.45__MaxEval_102__ProbPAs_0.95__sb_none_sbth_6000__Algo_pesa2,1328,perfQ,14986
simplified-cocome,simplified-cocome__BRF_clone_1.23__moc_1.64__mcnn_1.80__moncnn_1.45__MaxEval_102__ProbPAs_0.95__sb_none_sbth_6000__Algo_pesa2,reliability,207
simplified-cocome,simplified-cocome__BRF_clone_1.23__moc_1.64__mcnn_1.80__moncnn_1.45__MaxEval_102__ProbPAs_0.95__sb_none_sbth_6000__Algo_pesa2,1332,uml2lqn,16240
NSGA,simplified-cocome__BRF_clone_1.23__moc_1.64__mcnn_1.80__moncnn_1.45__MaxEval_102__ProbPAs_0.95__sb_none_sbth_6000__Algo_pesa2,1332,invoke_solver,363
NSGA,simplified-cocome__BRF_clone_1.23__moc_1.64__mcnn_1.80__moncnn_1.45__MaxEval_102__ProbPAs_0.95__sb_none_sbth_6000__Algo_pesa2,1332,lqn2uml,13296
NSGA,simplified-cocome__BRF_clone_1.23__moc_1.64__mcnn_1.80__moncnn_1.45__MaxEval_102__ProbPAs_0.95__sb_none_sbth_6000__Algo_pesa2,1332,counting_pas,1332,8556
simplified-cocome,simplified-cocome__BRF_clone_1.23__moc_1.64__mcnn_1.80__moncnn_1.45__MaxEval_102__ProbPAs_0.95__sb_none_sbth_6000__Algo_pesa2,1332,perfQ,13561
simplified-cocome,simplified-cocome__BRF_clone_1.23__moc_1.64__mcnn_1.80__moncnn_1.45__MaxEval_102__ProbPAs_0.95__sb_none_sbth_6000__Algo_pesa2,reliability,202
simplified-cocome,simplified-cocome__BRF_clone_1.23__moc_1.64__mcnn_1.80__moncnn_1.45__MaxEval_102__ProbPAs_0.95__sb_none_sbth_6000__Algo_pesa2,1336,uml2lqn,15959
NSGA,simplified-cocome__BRF_clone_1.23__moc_1.64__mcnn_1.80__moncnn_1.45__MaxEval_102__ProbPAs_0.95__sb_none_sbth_6000__Algo_pesa2,1336,invoke_solver,132
NSGA,simplified-cocome__BRF_clone_1.23__moc_1.64__mcnn_1.80__moncnn_1.45__MaxEval_102__ProbPAs_0.95__sb_none_sbth_6000__Algo_pesa2,1336,lqn2uml,12661
NSGA,simplified-cocome__BRF_clone_1.23__moc_1.64__mcnn_1.80__moncnn_1.45__MaxEval_102__ProbPAs_0.95__sb_none_sbth_6000__Algo_pesa2,1336,counting_pas,1336,9060
simplified-cocome,simplified-cocome__BRF_clone_1.23__moc_1.64__mcnn_1.80__moncnn_1.45__MaxEval_102__ProbPAs_0.95__sb_none_sbth_6000__Algo_pesa2,1336,perfQ,13530
simplified-cocome,simplified-cocome__BRF_clone_1.23__moc_1.64__mcnn_1.80__moncnn_1.45__MaxEval_102__ProbPAs_0.95__sb_none_sbth_6000__Algo_pesa2,reliability,223
simplified-cocome,simplified-cocome__BRF_clone_1.23__moc_1.64__mcnn_1.80__moncnn_1.45__MaxEval_102__ProbPAs_0.95__sb_none_sbth_6000__Algo_pesa2,1340,uml2lqn,15272
NSGA,simplified-cocome__BRF_clone_1.23__moc_1.64__mcnn_1.80__moncnn_1.45__MaxEval_102__ProbPAs_0.95__sb_none_sbth_6000__Algo_pesa2,1340,invoke_solver,58
NSGA,simplified-cocome__BRF_clone_1.23__moc_1.64__mcnn_1.80__moncnn_1.45__MaxEval_102__ProbPAs_0.95__sb_none_sbth_6000__Algo_pesa2,1340,lqn2uml,11763
NSGA,simplified-cocome__BRF_clone_1.23__moc_1.64__mcnn_1.80__moncnn_1.45__MaxEval_102__ProbPAs_0.95__sb_none_sbth_6000__Algo_pesa2,1340,counting_pas,1340,10005
simplified-cocome,simplified-cocome__BRF_clone_1.23__moc_1.64__mcnn_1.80__moncnn_1.45__MaxEval_102__ProbPAs_0.95__sb_none_sbth_6000__Algo_pesa2,1340,perfQ,13450
simplified-cocome,simplified-cocome__BRF_clone_1.23__moc_1.64__mcnn_1.80__moncnn_1.45__MaxEval_102__ProbPAs_0.95__sb_none_sbth_6000__Algo_pesa2,reliability,155
simplified-cocome,simplified-cocome__BRF_clone_1.23__moc_1.64__mcnn_1.80__moncnn_1.45__MaxEval_102__ProbPAs_0.95__sb_none_sbth_6000__Algo_pesa2,1344,uml2lqn,13362
NSGA,simplified-cocome__BRF_clone_1.23__moc_1.64__mcnn_1.80__moncnn_1.45__MaxEval_102__ProbPAs_0.95__sb_none_sbth_6000__Algo_pesa2,1344,invoke_solver,327
NSGA,simplified-cocome__BRF_clone_1.23__moc_1.64__mcnn_1.80__moncnn_1.45__MaxEval_102__ProbPAs_0.95__sb_none_sbth_6000__Algo_pesa2,1344,lqn2uml,13362
NSGA,simplified-cocome__BRF_clone_1.23__moc_1.64__mcnn_1.80__moncnn_1.45__MaxEval_102__ProbPAs_0.95__sb_none_sbth_6000__Algo_pesa2,1344,counting_pas,1344,8720
simplified-cocome,simplified-cocome__BRF_clone_1.23__moc_1.64__mcnn_1.80__moncnn_1.45__MaxEval_102__ProbPAs_0.95__sb_none_sbth_6000__Algo_pesa2,1344,perfQ,11506
simplified-cocome,simplified-cocome__BRF_clone_1.23__moc_1.64__mcnn_1.80__moncnn_1.45__MaxEval_102__ProbPAs_0.95__sb_none_sbth_6000__Algo_pesa2,reliability,189
simplified-cocome,simplified-cocome__BRF_clone_1.23__moc_1.64__mcnn_1.80__moncnn_1.45__MaxEval_102__ProbPAs_0.95__sb_none_sbth_6000__Algo_pesa2,1348,uml2lqn,14933
NSGA,simplified-cocome__BRF_clone_1.23__moc_1.64__mcnn_1.80__moncnn_1.45__MaxEval_102__ProbPAs_0.95__sb_none_sbth_6000__Algo_pesa2,1348,invoke_solver,173
NSGA,simplified-cocome__BRF_clone_1.23__moc_1.64__mcnn_1.80__moncnn_1.45__MaxEval_102__ProbPAs_0.95__sb_none_sbth_6000__Algo_pesa2,1348,lqn2uml,13600
NSGA,simplified-cocome__BRF_clone_1.23__moc_1.64__mcnn_1.80__moncnn_1.45__MaxEval_102__ProbPAs_0.95__sb_none_sbth_6000__Algo_pesa2,1348,counting_pas,1348,7815
simplified-cocome,simplified-cocome__BRF_clone_1.23__moc_1.64__mcnn_1.80__moncnn_1.45__MaxEval_102__ProbPAs_0.95__sb_none_sbth_6000__Algo_pesa2,1348,perfQ,13274
simplified-cocome,simplified-cocome__BRF_clone_1.23__moc_1.64__mcnn_1.80__moncnn_1.45__MaxEval_102__ProbPAs_0.95__sb_none_sbth_6000__Algo_pesa2,reliability,196
simplified-cocome,simplified-cocome__BRF_clone_1.23__moc_1.64__mcnn_1.80__moncnn_1.45__MaxEval_102__ProbPAs_0.95__sb_none_sbth_6000__Algo_pesa2,1352,uml2lqn,14888
NSGA,simplified-cocome__BRF_clone_1.23__moc_1.64__mcnn_1.80__moncnn_1.45__MaxEval_102__ProbPAs_0.95__sb_none_sbth_6000__Algo_pesa2,1352,invoke_solver,130
NSGA,simplified-cocome__BRF_clone_1.23__moc_1.64__mcnn_1.80__moncnn_1.45__MaxEval_102__ProbPAs_0.95__sb_none_sbth_6000__Algo_pesa2,1352,lqn2uml,12103
NSGA,simplified-cocome__BRF_clone_1.23__moc_1.64__mcnn_1.80__moncnn_1.45__MaxEval_102__ProbPAs_0.95__sb_none_sbth_6000__Algo_pesa2,1352,counting_pas,1352,7924
simplified-cocome,simplified-cocome__BRF_clone_1.23__moc_1.64__mcnn_1.80__moncnn_1.45__MaxEval_102__ProbPAs_0.95__sb_none_sbth_6000__Algo_pesa2,1352,perfQ,11423
simplified-cocome,simplified-cocome__BRF_clone_1.23__moc_1.64__mcnn_1.80__moncnn_1.45__MaxEval_102__ProbPAs_0.95__sb_none_sbth_6000__Algo_pesa2,reliability,203
simplified-cocome,simplified-cocome__BRF_clone_1.23__moc_1.64__mcnn_1.80__moncnn_1.45__MaxEval_102__ProbPAs_0.95__sb_none_sbth_6000__Algo_pesa2,1356,uml2lqn,11349
NSGA,simplified-cocome__BRF_clone_1.23__moc_1.64__mcnn_1.80__moncnn_1.45__MaxEval_102__ProbPAs_0.95__sb_none_sbth_6000__Algo_pesa2,1356,invoke_solver,312
NSGA,simplified-cocome__BRF_clone_1.23__moc_1.64__mcnn_1.80__moncnn_1.45__MaxEval_102__ProbPAs_0.95__sb_none_sbth_6000__Algo_pesa2,1356,lqn2uml,13952
NSGA,simplified-cocome__BRF_clone_1.23__moc_1.64__mcnn_1.80__moncnn_1.45__MaxEval_102__ProbPAs_0.95__sb_none_sbth_6000__Algo_pesa2,1356,counting_pas,1356,8224
simplified-cocome,simplified-cocome__BRF_clone_1.23__moc_1.64__mcnn_1.80__moncnn_1.45__MaxEval_102__ProbPAs_0.95__sb_none_sbth_6000__Algo_pesa2,1356,perfQ,12847
simplified-cocome,simplified-cocome__BRF_clone_1.23__moc_1.64__mcnn_1.80__moncnn_1.45__MaxEval_102__ProbPAs_0.95__sb_none_sbth_6000__Algo_pesa2,reliability,195
simplified-cocome,simplified-cocome__BRF_clone_1.23__moc_1.64__mcnn_1.80__moncnn_1.45__MaxEval_102__ProbPAs_0.95__sb_none_sbth_6000__Algo_pesa2,1360,uml2lqn,14290
NSGA,simplified-cocome__BRF_clone_1.23__moc_1.64__mcnn_1.80__moncnn_1.45__MaxEval_102__ProbPAs_0.95__sb_none_sbth_6000__Algo_pesa2,1360,invoke_solver,193
NSGA,simplified-cocome__BRF_clone_1.23__moc_1.64__mcnn_1.80__moncnn_1.45__MaxEval_102__ProbPAs_0.95__sb_none_sbth_6000__Algo_pesa2,1360,lqn2uml,12914
NSGA,simplified-cocome__BRF_clone_1.23__moc_1.64__mcnn_1.80__moncnn_1.45__MaxEval_102__ProbPAs_0.95__sb_none_sbth_6000__Algo_pesa2,1360,counting_pas,1360,20234
simplified-cocome,simplified-cocome__BRF_clone_1.23__moc_1.64__mcnn_1.80__moncnn_1.45__MaxEval_102__ProbPAs_0.95__sb_none_sbth_6000__Algo_pesa2,1360,perfQ,13452
simplified-cocome,simplified-cocome__BRF_clone_1.23__moc_1.64__mcnn_1.80__moncnn_1.45__MaxEval_102__ProbPAs_0.95__sb_none_sbth_6000__Algo_pesa2,reliability,172
simplified-cocome,simplified-cocome__BRF_clone_1.23__moc_1.64__mcnn_1.80__moncnn_1.45__MaxEval_102__ProbPAs_0.95__sb_none_sbth_6000__Algo_pesa2,1364,uml2lqn,16669
NSGA,simplified-cocome__BRF_clone_1.23__moc_1.64__mcnn_1.80__moncnn_1.45__MaxEval_102__ProbPAs_0.95__sb_none_sbth_6000__Algo_pesa2,1364,invoke_solver,309
NSGA,simplified-cocome__BRF_clone_1.23__moc_1.64__mcnn_1.80__moncnn_1.45__MaxEval_102__ProbPAs_0.95__sb_none_sbth_6000__Algo_pesa2,1364,lqn2uml,14108
NSGA,simplified-cocome__BRF_clone_1.23__moc_1.64__mcnn_1.80__moncnn_1.45__MaxEval_102__ProbPAs_0.95__sb_none_sbth_6000__Algo_pesa2,1364,counting_pas,1364,17907
simplified-cocome,simplified-cocome__BRF_clone_1.23__moc_1.64__mcnn_1.80__moncnn_1.45__MaxEval_102__ProbPAs_0.95__sb_none_sbth_6000__Algo_pesa2,1364,perfQ,12256
simplified-cocome,simplified-cocome__BRF_clone_1.23__moc_1.64__mcnn_1.80__moncnn_1.45__MaxEval_102__ProbPAs_0.95__sb_none_sbth_6000__Algo_pesa2,reliability,227
simplified-cocome,simplified-cocome__BRF_clone_1.23__moc_1.64__mcnn_1.80__moncnn_1.45__MaxEval_102__ProbPAs_0.95__sb_none_sbth_6000__Algo_pesa2,1368,uml2lqn,14243
NSGA,simplified-cocome__BRF_clone_1.23__moc_1.64__mcnn_1.80__moncnn_1.45__MaxEval_102__ProbPAs_0.95__sb_none_sbth_6000__Algo_pesa2,1368,invoke_solver,190
NSGA,simplified-cocome__BRF_clone_1.23__moc_1.64__mcnn_1.80__moncnn_1.45__MaxEval_102__ProbPAs_0.95__sb_none_sbth_6000__Algo_pesa2,1368,lqn2uml,11894
NSGA,simplified-cocome__BRF_clone_1.23__moc_1.64__mcnn_1.80__moncnn_1.45__MaxEval_102__ProbPAs_0.95__sb_none_sbth_6000__Algo_pesa2,1368,counting_pas,1368,18110
simplified-cocome,simplified-cocome__BRF_clone_1.23__moc_1.64__mcnn_1.80__moncnn_1.45__MaxEval_102__ProbPAs_0.95__sb_none_sbth_6000__Algo_pesa2,1368,perfQ,14508
simplified-cocome,simplified-cocome__BRF_clone_1.23__moc_1.64__mcnn_1.80__moncnn_1.45__MaxEval_102__ProbPAs_0.95__sb_none_sbth_6000__Algo_pesa2,reliability,183
simplified-cocome,simplified-cocome__BRF_clone_1.23__moc_1.64__mcnn_1.80__moncnn_1.45__MaxEval_102__ProbPAs_0.95__sb_none_sbth_6000__Algo_pesa2,1372,uml2lqn,14082
NSGA,simplified-cocome__BRF_clone_1.23__moc_1.64__mcnn_1.80__moncnn_1.45__MaxEval_102__ProbPAs_0.95__sb_none_sbth_6000__Algo_pesa2,1372,invoke_solver,164
NSGA,simplified-cocome__BRF_clone_1.23__moc_1.64__mcnn_1.80__moncnn_1.45__MaxEval_102__ProbPAs_0.95__sb_none_sbth_6000__Algo_pesa2,1372,lqn2uml,13085
NSGA,simplified-cocome__BRF_clone_1.23__moc_1.64__mcnn_1.80__moncnn_1.45__MaxEval_102__ProbPAs_0.95__sb_none_sbth_6000__Algo_pesa2,1372,counting_pas,1372,11944
simplified-cocome,simplified-cocome__BRF_clone_1.23__moc_1.64__mcnn_1.80__moncnn_1.45__MaxEval_102__ProbPAs_0.95__sb_none_sbth_6000__Algo_pesa2,1372,perfQ,14231
simplified-cocome,simplified-cocome__BRF_clone_1.23__moc_1.64__mcnn_1.80__moncnn_1.45__MaxEval_102__ProbPAs_0.95__sb_none_sbth_6000__Algo_pesa2,reliability,182
simplified-cocome,simplified-cocome__BRF_clone_1.23__moc_1.64__mcnn_1.80__moncnn_1.45__MaxEval_102__ProbPAs_0.95__sb_none_sbth_6000__Algo_pesa2,1378,uml2lqn,15851
NSGA,simplified-cocome__BRF_clone_1.23__moc_1.64__mcnn_1.80__moncnn_1.45__MaxEval_102__ProbPAs_0.95__sb_none_sbth_6000__Algo_pesa2,1378,invoke_solver,290
NSGA,simplified-cocome__BRF_clone_1.23__moc_1.64__mcnn_1.80__moncnn_1.45__MaxEval_102__ProbPAs_0.95__sb_none_sbth_6000__Algo_pesa2,1378,lqn2uml,15388
NSGA,simplified-cocome__BRF_clone_1.23__moc_1.64__mcnn_1.80__moncnn_1.45__MaxEval_102__ProbPAs_0.95__sb_none_sbth_6000__Algo_pesa2,1378,counting_pas,1378,11322
simplified-cocome,simplified-cocome__BRF_clone_1.23__moc_1.64__mcnn_1.80__moncnn_1.45__MaxEval_102__ProbPAs_0.95__sb_none_sbth_6000__Algo_pesa2,1378,perfQ,13766
simplified-cocome,simplified-cocome__BRF_clone_1.23__moc_1.64__mcnn_1.80__moncnn_1.45__MaxEval_102__ProbPAs_0.95__sb_none_sbth_6000__Algo_pesa2,reliability,169
simplified-cocome,simplified-cocome__BRF_clone_1.23__moc_1.64__mcnn_1.80__moncnn_1.45__MaxEval_102__ProbPAs_0.95__sb_none_sbth_6000__Algo_pesa2,1380,uml2lqn,15414
NSGA,simplified-cocome__BRF_clone_1.23__moc_1.64__mcnn_1.80__moncnn_1.45__MaxEval_102__ProbPAs_0.95__sb_none_sbth_6000__Algo_pesa2,1380,invoke_solver,62
NSGA,simplified-cocome__BRF_clone_1.23__moc_1.64__mcnn_1.80__moncnn_1.45__MaxEval_102__ProbPAs_0.95__sb_none_sbth_6000__Algo_pesa2,1380,lqn2uml,14368
NSGA,simplified-cocome__BRF_clone_1.23__moc_1.64__mcnn_1.80__moncnn_1.45__MaxEval_102__ProbPAs_0.95__sb_none_sbth_6000__Algo_pesa2,1380,counting_pas,1380,11950
simplified-cocome,simplified-cocome__BRF_clone_1.23__moc_1.64__mcnn_1.80__moncnn_1.45__MaxEval_102__ProbPAs_0.95__sb_none_sbth_6000__Algo_pesa2,1380,perfQ,13356
simplified-cocome,simplified-cocome__BRF_clone_1.23__moc_1.64__mcnn_1.80__moncnn_1.45__MaxEval_102__ProbPAs_0.95__sb_none_sbth_6000__Algo_pesa2,reliability,196
simplified-cocome,simplified-cocome__BRF_clone_1.23__moc_1.64__mcnn_1.80__moncnn_1.45__MaxEval_102__ProbPAs_0.95__sb_none_sbth_6000__Algo_pesa2,1384,uml2lqn,15218
NSGA,simplified-cocome__BRF_clone_1.23__moc_1.64__mcnn_1.80__moncnn_1.45__MaxEval_102__ProbPAs_0.95__sb_none_sbth_6000__Algo_pesa2,1384,invoke_solver,173
NSGA,simplified-cocome__BRF_clone_1.23__moc_1.64__mcnn_1.80__moncnn_1.45__MaxEval_102__ProbPAs_0.95__sb_none_sbth_6000__Algo_pesa2,1384,lqn2uml,11677
NSGA,simplified-cocome__BRF_clone_1.23__moc_1.64__mcnn_1.80__moncnn_1.45__MaxEval_102__ProbPAs_0.95__sb_none_sbth_6000__Algo_pesa2,1384,counting_pas,1384,8528
simplified-cocome,simplified-cocome__BRF_clone_1.23__moc_1.64__mcnn_1.80__moncnn_1.45__MaxEval_102__ProbPAs_0.95__sb_none_sbth_6000__Algo_pesa2,1384,perfQ,13022
simplified-cocome,simplified-cocome__BRF_clone_1.23__moc_1.64__mcnn_1.80__moncnn_1.45__MaxEval_102__ProbPAs_0.95__sb_none_sbth_6000__Algo_pesa2,reliability,169
simplified-cocome,simplified-cocome__BRF_clone_1.23__moc_1.64__mcnn_1.80__moncnn_1.45__MaxEval_102__ProbPAs_0.95__sb_none_sbth_6000__Algo_pesa2,1388,uml2lqn,14376
NSGA,simplified-cocome__BRF_clone_1.23__moc_1.64__mcnn_1.80__moncnn_1.45__MaxEval_102__ProbPAs_0.95__sb_none_sbth_6000__Algo_pesa2,1388,invoke_solver,177
NSGA,simplified-cocome__BRF_clone_1.23__moc_1.64__mcnn_1.80__moncnn_1.45__MaxEval_102__ProbPAs_0.95__sb_none_sbth_6000__Algo_pesa2,1388,lqn2uml,12458
NSGA,simplified-cocome__BRF_clone_1.23__moc_1.64__mcnn_1.80__moncnn_1.45__MaxEval_102__ProbPAs_0.95__sb_none_sbth_6000__Algo_pesa2,1388,counting_pas,1388,8374
simplified-cocome,simplified-cocome__BRF_clone_1.23__moc_1.64__mcnn_1.80__moncnn_1.45__MaxEval_102__ProbPAs_0.95__sb_none_sbth_6000__Algo_pesa2,1388,perfQ,13844
simplified-cocome,simplified-cocome__BRF_clone_1.23__moc_1.64__mcnn_1.80__moncnn_1.45__MaxEval_102__ProbPAs_0.95__sb_none_sbth_6000__Algo_pesa2,reliability,189
simplified-cocome,simplified-cocome__BRF_clone_1.23__moc_1.64__mcnn_1.80__moncnn_1.45__MaxEval_102__ProbPAs_0.95__sb_none_sbth_6000__Algo_pesa2,1394,uml2lqn,15057
NSGA,simplified-cocome__BRF_clone_1.23__moc_1.64__mcnn_1.80__moncnn_1.45__MaxEval_102__ProbPAs_0.95__sb_none_sbth_6000__Algo_pesa2,1394,invoke_solver,340
NSGA,simplified-cocome__BRF_clone_1.23__moc_1.64__mcnn_1.80__moncnn_1.45__MaxEval_102__ProbPAs_0.95__sb_none_sbth_6000__Algo_pesa2,1394,lqn2uml,12439
NSGA,simplified-cocome__BRF_clone_1.23__moc_1.64__mcnn_1.80__moncnn_1.45__MaxEval_102__ProbPAs_0.95__sb_none_sbth_6000__Algo_pesa2,1394,counting_pas,1394,13539
simplified-cocome,simplified-cocome__BRF_clone_1.23__moc_1.64__mcnn_1.80__moncnn_1.45__MaxEval_102__ProbPAs_0.95__sb_none_sbth_6000__Algo_pesa2,1394,perfQ,13223
simplified-cocome,simplified-cocome__BRF_clone_1.23__moc_1.64__mcnn_1.80__moncnn_1.45__MaxEval_102__ProbPAs_0.95__sb_none_sbth_6000__Algo_pesa2,reliability,236
simplified-cocome,simplified-cocome__BRF_clone_1.23__moc_1.64__mcnn_1.80__moncnn_1.45__MaxEval_102__ProbPAs_0.95__sb_none_sbth_6000__Algo_pesa2,1396,uml2lqn,12980
NSGA,simplified-cocome__BRF_clone_1.23__moc_1.64__mcnn_1.80__moncnn_1.45__MaxEval_102__ProbPAs_0.95__sb_none_sbth_6000__Algo_pesa2,1396,invoke_solver,195
NSGA,simplified-cocome__BRF_clone_1.23__moc_1.64__mcnn_1.80__moncnn_1.45__MaxEval_102__ProbPAs_0.95__sb_none_sbth_6000__Algo_pesa2,1396,lqn2uml,13792
NSGA,simplified-cocome__BRF_clone_1.23__moc_1.64__mcnn_1.80__moncnn_1.45__MaxEval_102__ProbPAs_0.95__sb_none_sbth_6000__Algo_pesa2,1396,counting_pas,1396,7873
simplified-cocome,simplified-cocome__BRF_clone_1.23__moc_1.64__mcnn_1.80__moncnn_1.45__MaxEval_102__ProbPAs_0.95__sb_none_sbth_6000__Algo_pesa2,1396,perfQ,13477
simplified-cocome,simplified-cocome__BRF_clone_1.23__moc_1.64__mcnn_1.80__moncnn_1.45__MaxEval_102__ProbPAs_0.95__sb_none_sbth_6000__Algo_pesa2,reliability,165
simplified-cocome,simplified-cocome__BRF_clone_1.23__moc_1.64__mcnn_1.80__moncnn_1.45__MaxEval_102__ProbPAs_0.95__sb_none_sbth_6000__Algo_pesa2,1400,uml2lqn,16353
NSGA,simplified-cocome__BRF_clone_1.23__moc_1.64__mcnn_1.80__moncnn_1.45__MaxEval_102__ProbPAs_0.95__sb_none_sbth_6000__Algo_pesa2,1400,invoke_solver,294
NSGA,simplified-cocome__BRF_clone_1.23__moc_1.64__mcnn_1.80__moncnn_1.45__MaxEval_102__ProbPAs_0.95__sb_none_sbth_6000__Algo_pesa2,1400,lqn2uml,14455
NSGA,simplified-cocome__BRF_clone_1.23__moc_1.64__mcnn_1.80__moncnn_1.45__MaxEval_102__ProbPAs_0.95__sb_none_sbth_6000__Algo_pesa2,1400,counting_pas,1400,18932
simplified-cocome,simplified-cocome__BRF_clone_1.23__moc_1.64__mcnn_1.80__moncnn_1.45__MaxEval_102__ProbPAs_0.95__sb_none_sbth_6000__Algo_pesa2,1400,perfQ,14133
simplified-cocome,simplified-cocome__BRF_clone_1.23__moc_1.64__mcnn_1.80__moncnn_1.45__MaxEval_102__ProbPAs_0.95__sb_none_sbth_6000__Algo_pesa2,reliability,208
simplified-cocome,simplified-cocome__BRF_clone_1.23__moc_1.64__mcnn_1.80__moncnn_1.45__MaxEval_102__ProbPAs_0.95__sb_none_sbth_6000__Algo_pesa2,1404,uml2lqn,16719
NSGA,simplified-cocome__BRF_clone_1.23__moc_1.64__mcnn_1.80__moncnn_1.45__MaxEval_102__ProbPAs_0.95__sb_none_sbth_6000__Algo_pesa2,1404,invoke_solver,259
NSGA,simplified-cocome__BRF_clone_1.23__moc_1.64__mcnn_1.80__moncnn_1.45__MaxEval_102__ProbPAs_0.95__sb_none_sbth_6000__Algo_pesa2,1404,lqn2uml,15236
NSGA,simplified-cocome__BRF_clone_1.23__moc_1.64__mcnn_1.80__moncnn_1.45__MaxEval_102__ProbPAs_0.95__sb_none_sbth_6000__Algo_pesa2,1404,counting_pas,1404,10651
simplified-cocome,simplified-cocome__BRF_clone_1.23__moc_1.64__mcnn_1.80__moncnn_1.45__MaxEval_102__ProbPAs_0.95__sb_none_sbth_6000__Algo_pesa2,1404,perfQ,14718
simplified-cocome,simplified-cocome__BRF_clone_1.23__moc_1.64__mcnn_1.80__moncnn_1.45__MaxEval_102__ProbPAs_0.95__sb_none_sbth_6000__Algo_pesa2,reliability,201
simplified-cocome,simplified-cocome__BRF_clone_1.23__moc_1.64__mcnn_1.80__moncnn_1.45__MaxEval_102__ProbPAs_0.95__sb_none_sbth_6000__Algo_pesa2,1408,uml2lqn,15755
NSGA,simplified-cocome__BRF_clone_1.23__moc_1.64__mcnn_1.80__moncnn_1.45__MaxEval_102__ProbPAs_0.95__sb_none_sbth_6000__Algo_pesa2,1408,invoke_solver,295
NSGA,simplified-cocome__BRF_clone_1.23__moc_1.64__mcnn_1.80__moncnn_1.45__MaxEval_102__ProbPAs_0.95__sb_none_sbth_6000__Algo_pesa2,1408,lqn2uml,13208
NSGA,simplified-cocome__BRF_clone_1.23__moc_1.64__mcnn_1.80__moncnn_1.45__MaxEval_102__ProbPAs_0.95__sb_none_sbth_6000__Algo_pesa2,1408,counting_pas,1408,9201
simplified-cocome,simplified-cocome__BRF_clone_1.23__moc_1.64__mcnn_1.80__moncnn_1.45__MaxEval_102__ProbPAs_0.95__sb_none_sbth_6000__Algo_pesa2,1408,perfQ,12754
simplified-cocome,simplified-cocome__BRF_clone_1.23__moc_1.64__mcnn_1.80__moncnn_1.45__MaxEval_102__ProbPAs_0.95__sb_none_sbth_6000__Algo_pesa2,reliability,184
simplified-cocome,simplified-cocome__BRF_clone_1.23__moc_1.64__mcnn_1.80__moncnn_1.45__MaxEval_102__ProbPAs_0.95__sb_none_sbth_6000__Algo_pesa2,1412,uml2lqn,17052
NSGA,simplified-cocome__BRF_clone_1.23__moc_1.64__mcnn_1.80__moncnn_1.45__MaxEval_102__ProbPAs_0.95__sb_none_sbth_6000__Algo_pesa2,1412,invoke_solver,158
NSGA,simplified-cocome__BRF_clone_1.23__moc_1.64__mcnn_1.80__moncnn_1.45__MaxEval_102__ProbPAs_0.95__sb_none_sbth_6000__Algo_pesa2,1412,lqn2uml,13497
NSGA,simplified-cocome__BRF_clone_1.23__moc_1.64__mcnn_1.80__moncnn_1.45__MaxEval_102__ProbPAs_0.95__sb_none_sbth_6000__Algo_pesa2,1412,counting_pas,1412,8696
simplified-cocome,simplified-cocome__BRF_clone_1.23__moc_1.64__mcnn_1.80__moncnn_1.45__MaxEval_102__ProbPAs_0.95__sb_none_sbth_6000__Algo_pesa2,1412,perfQ,12110
simplified-cocome,simplified-cocome__BRF_clone_1.23__moc_1.64__mcnn_1.80__moncnn_1.45__MaxEval_102__ProbPAs_0.95__sb_none_sbth_6000__Algo_pesa2,reliability,212
simplified-cocome,simplified-cocome__BRF_clone_1.23__moc_1.64__mcnn_1.80__moncnn_1.45__MaxEval_102__ProbPAs_0.95__sb_none_sbth_6000__Algo_pesa2,1416,uml2lqn,15650
NSGA,simplified-cocome__BRF_clone_1.23__moc_1.64__mcnn_1.80__moncnn_1.45__MaxEval_102__ProbPAs_0.95__sb_none_sbth_6000__Algo_pesa2,1416,invoke_solver,181
NSGA,simplified-cocome__BRF_clone_1.23__moc_1.64__mcnn_1.80__moncnn_1.45__MaxEval_102__ProbPAs_0.95__sb_none_sbth_6000__Algo_pesa2,1416,lqn2uml,13460
NSGA,simplified-cocome__BRF_clone_1.23__moc_1.64__mcnn_1.80__moncnn_1.45__MaxEval_102__ProbPAs_0.95__sb_none_sbth_6000__Algo_pesa2,1416,counting_pas,1416,8147
simplified-cocome,simplified-cocome__BRF_clone_1.23__moc_1.64__mcnn_1.80__moncnn_1.45__MaxEval_102__ProbPAs_0.95__sb_none_sbth_6000__Algo_pesa2,1416,perfQ,13467
simplified-cocome,simplified-cocome__BRF_clone_1.23__moc_1.64__mcnn_1.80__moncnn_1.45__MaxEval_102__ProbPAs_0.95__sb_none_sbth_6000__Algo_pesa2,reliability,203
simplified-cocome,simplified-cocome__BRF_clone_1.23__moc_1.64__mcnn_1.80__moncnn_1.45__MaxEval_102__ProbPAs_0.95__sb_none_sbth_6000__Algo_pesa2,1420,uml2lqn,15178
NSGA,simplified-cocome__BRF_clone_1.23__moc_1.64__mcnn_1.80__moncnn_1.45__MaxEval_102__ProbPAs_0.95__sb_none_sbth_6000__Algo_pesa2,1420,invoke_solver,189
NSGA,simplified-cocome__BRF_clone_1.23__moc_1.64__mcnn_1.80__moncnn_1.45__MaxEval_102__ProbPAs_0.95__sb_none_sbth_6000__Algo_pesa2,1420,lqn2uml,11402
NSGA,simplified-cocome__BRF_clone_1.23__moc_1.64__mcnn_1.80__moncnn_1.45__MaxEval_102__ProbPAs_0.95__sb_none_sbth_6000__Algo_pesa2,1420,counting_pas,1420,8840
simplified-cocome,simplified-cocome__BRF_clone_1.23__moc_1.64__mcnn_1.80__moncnn_1.45__MaxEval_102__ProbPAs_0.95__sb_none_sbth_6000__Algo_pesa2,1420,perfQ,12847
simplified-cocome,simplified-cocome__BRF_clone_1.23__moc_1.64__mcnn_1.80__moncnn_1.45__MaxEval_102__ProbPAs_0.95__sb_none_sbth_6000__Algo_pesa2,reliability,202
simplified-cocome,simplified-cocome__BRF_clone_1.23__moc_1.64__mcnn_1.80__moncnn_1.45__MaxEval_102__ProbPAs_0.95__sb_none_sbth_6000__Algo_pesa2,1424,uml2lqn,16564
NSGA,simplified-cocome__BRF_clone_1.23__moc_1.64__mcnn_1.80__moncnn_1.45__MaxEval_102__ProbPAs_0.95__sb_none_sbth_6000__Algo_pesa2,1424,invoke_solver,272
NSGA,simplified-cocome__BRF_clone_1.23__moc_1.64__mcnn_1.80__moncnn_1.45__MaxEval_102__ProbPAs_0.95__sb_none_sbth_6000__Algo_pesa2,1424,lqn2uml,13831
NSGA,simplified-cocome__BRF_clone_1.23__moc_1.64__mcnn_1.80__moncnn_1.45__MaxEval_102__ProbPAs_0.95__sb_none_sbth_6000__Algo_pesa2,1424,counting_pas,1424,14680
simplified-cocome,simplified-cocome__BRF_clone_1.23__moc_1.64__mcnn_1.80__moncnn_1.45__MaxEval_102__ProbPAs_0.95__sb_none_sbth_6000__Algo_pesa2,1424,perfQ,15994
simplified-cocome,simplified-cocome__BRF_clone_1.23__moc_1.64__mcnn_1.80__moncnn_1.45__MaxEval_102__ProbPAs_0.95__sb_none_sbth_6000__Algo_pesa2,reliability,194
simplified-cocome,simplified-cocome__BRF_clone_1.23__moc_1.64__mcnn_1.80__moncnn_1.45__MaxEval_102__ProbPAs_0.95__sb_none_sbth_6000__Algo_pesa2,1428,uml2lqn,17400
NSGA,simplified-cocome__BRF_clone_1.23__moc_1.64__mcnn_1.80__moncnn_1.45__MaxEval_102__ProbPAs_0.95__sb_none_sbth_6000__Algo_pesa2,1428,invoke_solver,260
NSGA,simplified-cocome__BRF_clone_1.23__moc_1.64__mcnn_1.80__moncnn_1.45__MaxEval_102__ProbPAs_0.95__sb_none_sbth_6000__Algo_pesa2,1428,lqn2uml,14626
NSGA,simplified-cocome__BRF_clone_1.23__moc_1.64__mcnn_1.80__moncnn_1.45__MaxEval_102__ProbPAs_0.95__sb_none_sbth_6000__Algo_pesa2,1428,counting_pas,1428,14161
simplified-cocome,simplified-cocome__BRF_clone_1.23__moc_1.64__mcnn_1.80__moncnn_1.45__MaxEval_102__ProbPAs_0.95__sb_none_sbth_6000__Algo_pesa2,1428,perfQ,16121
simplified-cocome,simplified-cocome__BRF_clone_1.23__moc_1.64__mcnn_1.80__moncnn_1.45__MaxEval_102__ProbPAs_0.95__sb_none_sbth_6000__Algo_pesa2,reliability,177
simplified-cocome,simplified-cocome__BRF_clone_1.23__moc_1.64__mcnn_1.80__moncnn_1.45__MaxEval_102__ProbPAs_0.95__sb_none_sbth_6000__Algo_pesa2,1432,uml2lqn,15822
NSGA,simplified-cocome__BRF_clone_1.23__moc_1.64__mcnn_1.80__moncnn_1.45__MaxEval_102__ProbPAs_0.95__sb_none_sbth_6000__Algo_pesa2,1432,invoke_solver,300
NSGA,simplified-cocome__BRF_clone_1.23__moc_1.64__mcnn_1.80__moncnn_1.45__MaxEval_102__ProbPAs_0.95__sb_none_sbth_6000__Algo_pesa2,1432,lqn2uml,16068
NSGA,simplified-cocome__BRF_clone_1.23__moc_1.64__mcnn_1.80__moncnn_1.45__MaxEval_102__ProbPAs_0.95__sb_none_sbth_6000__Algo_pesa2,1432,counting_pas,1432,13746
simplified-cocome,simplified-cocome__BRF_clone_1.23__moc_1.64__mcnn_1.80__moncnn_1.45__MaxEval_102__ProbPAs_0.95__sb_none_sbth_6000__Algo_pesa2,1432,perfQ,14881
simplified-cocome,simplified-cocome__BRF_clone_1.23__moc_1.64__mcnn_1.80__moncnn_1.45__MaxEval_102__ProbPAs_0.95__sb_none_sbth_6000__Algo_pesa2,reliability,173
simplified-cocome,simplified-cocome__BRF_clone_1.23__moc_1.64__mcnn_1.80__moncnn_1.45__MaxEval_102__ProbPAs_0.95__sb_none_sbth_6000__Algo_pesa2,1436,uml2lqn,14904
NSGA,simplified-cocome__BRF_clone_1.23__moc_1.64__mcnn_1.80__moncnn_1.45__MaxEval_102__ProbPAs_0.95__sb_none_sbth_6000__Algo_pesa2,1436,invoke_solver,182
NSGA,simplified-cocome__BRF_clone_1.23__moc_1.64__mcnn_1.80__moncnn_1.45__MaxEval_102__ProbPAs_0.95__sb_none_sbth_6000__Algo_pesa2,1436,lqn2uml,12802
NSGA,simplified-cocome__BRF_clone_1.23__moc_1.64__mcnn_1.80__moncnn_1.45__MaxEval_102__ProbPAs_0.95__sb_none_sbth_6000__Algo_pesa2,1436,counting_pas,1436,6682
simplified-cocome,simplified-cocome__BRF_clone_1.23__moc_1.64__mcnn_1.80__moncnn_1.45__MaxEval_102__ProbPAs_0.95__sb_none_sbth_6000__Algo_pesa2,1436,perfQ,13008
simplified-cocome,simplified-cocome__BRF_clone_1.23__moc_1.64__mcnn_1.80__moncnn_1.45__MaxEval_102__ProbPAs_0.95__sb_none_sbth_6000__Algo_pesa2,reliability,183
simplified-cocome,simplified-cocome__BRF_clone_1.23__moc_1.64__mcnn_1.80__moncnn_1.45__MaxEval_102__ProbPAs_0.95__sb_none_sbth_6000__Algo_pesa2,1440,uml2lqn,12765
NSGA,simplified-cocome__BRF_clone_1.23__moc_1.64__mcnn_1.80__moncnn_1.45__MaxEval_102__ProbPAs_0.95__sb_none_sbth_6000__Algo_pesa2,1440,invoke_solver,123
NSGA,simplified-cocome__BRF_clone_1.23__moc_1.64__mcnn_1.80__moncnn_1.45__MaxEval_102__ProbPAs_0.95__sb_none_sbth_6000__Algo_pesa2,1440,lqn2uml,12890
NSGA,simplified-cocome__BRF_clone_1.23__moc_1.64__mcnn_1.80__moncnn_1.45__MaxEval_102__ProbPAs_0.95__sb_none_sbth_6000__Algo_pesa2,1440,counting_pas,1440,7336
simplified-cocome,simplified-cocome__BRF_clone_1.23__moc_1.64__mcnn_1.80__moncnn_1.45__MaxEval_102__ProbPAs_0.95__sb_none_sbth_6000__Algo_pesa2,1440,perfQ,12088
simplified-cocome,simplified-cocome__BRF_clone_1.23__moc_1.64__mcnn_1.80__moncnn_1.45__MaxEval_102__ProbPAs_0.95__sb_none_sbth_6000__Algo_pesa2,reliability,194
simplified-cocome,simplified-cocome__BRF_clone_1.23__moc_1.64__mcnn_1.80__moncnn_1.45__MaxEval_102__ProbPAs_0.95__sb_none_sbth_6000__Algo_pesa2,1444,uml2lqn,15271
NSGA,simplified-cocome__BRF_clone_1.23__moc_1.64__mcnn_1.80__moncnn_1.45__MaxEval_102__ProbPAs_0.95__sb_none_sbth_6000__Algo_pesa2,1444,invoke_solver,320
NSGA,simplified-cocome__BRF_clone_1.23__moc_1.64__mcnn_1.80__moncnn_1.45__MaxEval_102__ProbPAs_0.95__sb_none_sbth_6000__Algo_pesa2,1444,lqn2uml,14186
NSGA,simplified-cocome__BRF_clone_1.23__moc_1.64__mcnn_1.80__moncnn_1.45__MaxEval_102__ProbPAs_0.95__sb_none_sbth_6000__Algo_pesa2,1444,counting_pas,1444,8023
simplified-cocome,simplified-cocome__BRF_clone_1.23__moc_1.64__mcnn_1.80__moncnn_1.45__MaxEval_102__ProbPAs_0.95__sb_none_sbth_6000__Algo_pesa2,1444,perfQ,13139
simplified-cocome,simplified-cocome__BRF_clone_1.23__moc_1.64__mcnn_1.80__moncnn_1.45__MaxEval_102__ProbPAs_0.95__sb_none_sbth_6000__Algo_pesa2,reliability,171
simplified-cocome,simplified-cocome__BRF_clone_1.23__moc_1.64__mcnn_1.80__moncnn_1.45__MaxEval_102__ProbPAs_0.95__sb_none_sbth_6000__Algo_pesa2,1448,uml2lqn,16715
NSGA,simplified-cocome__BRF_clone_1.23__moc_1.64__mcnn_1.80__moncnn_1.45__MaxEval_102__ProbPAs_0.95__sb_none_sbth_6000__Algo_pesa2,1448,invoke_solver,187
NSGA,simplified-cocome__BRF_clone_1.23__moc_1.64__mcnn_1.80__moncnn_1.45__MaxEval_102__ProbPAs_0.95__sb_none_sbth_6000__Algo_pesa2,1448,lqn2uml,14272
NSGA,simplified-cocome__BRF_clone_1.23__moc_1.64__mcnn_1.80__moncnn_1.45__MaxEval_102__ProbPAs_0.95__sb_none_sbth_6000__Algo_pesa2,1448,counting_pas,1448,11386
simplified-cocome,simplified-cocome__BRF_clone_1.23__moc_1.64__mcnn_1.80__moncnn_1.45__MaxEval_102__ProbPAs_0.95__sb_none_sbth_6000__Algo_pesa2,1448,perfQ,14479
simplified-cocome,simplified-cocome__BRF_clone_1.23__moc_1.64__mcnn_1.80__moncnn_1.45__MaxEval_102__ProbPAs_0.95__sb_none_sbth_6000__Algo_pesa2,reliability,165
simplified-cocome,simplified-cocome__BRF_clone_1.23__moc_1.64__mcnn_1.80__moncnn_1.45__MaxEval_102__ProbPAs_0.95__sb_none_sbth_6000__Algo_pesa2,1452,uml2lqn,16184
NSGA,simplified-cocome__BRF_clone_1.23__moc_1.64__mcnn_1.80__moncnn_1.45__MaxEval_102__ProbPAs_0.95__sb_none_sbth_6000__Algo_pesa2,1452,invoke_solver,319
NSGA,simplified-cocome__BRF_clone_1.23__moc_1.64__mcnn_1.80__moncnn_1.45__MaxEval_102__ProbPAs_0.95__sb_none_sbth_6000__Algo_pesa2,1452,lqn2uml,12965
NSGA,simplified-cocome__BRF_clone_1.23__moc_1.64__mcnn_1.80__moncnn_1.45__MaxEval_102__ProbPAs_0.95__sb_none_sbth_6000__Algo_pesa2,1452,counting_pas,1452,9060
simplified-cocome,simplified-cocome__BRF_clone_1.23__moc_1.64__mcnn_1.80__moncnn_1.45__MaxEval_102__ProbPAs_0.95__sb_none_sbth_6000__Algo_pesa2,1452,perfQ,14209
simplified-cocome,simplified-cocome__BRF_clone_1.23__moc_1.64__mcnn_1.80__moncnn_1.45__MaxEval_102__ProbPAs_0.95__sb_none_sbth_6000__Algo_pesa2,reliability,162
simplified-cocome,simplified-cocome__BRF_clone_1.23__moc_1.64__mcnn_1.80__moncnn_1.45__MaxEval_102__ProbPAs_0.95__sb_none_sbth_6000__Algo_pesa2,1456,uml2lqn,14047
NSGA,simplified-cocome__BRF_clone_1.23__moc_1.64__mcnn_1.80__moncnn_1.45__MaxEval_102__ProbPAs_0.95__sb_none_sbth_6000__Algo_pesa2,1456,invoke_solver,328
NSGA,simplified-cocome__BRF_clone_1.23__moc_1.64__mcnn_1.80__moncnn_1.45__MaxEval_102__ProbPAs_0.95__sb_none_sbth_6000__Algo_pesa2,1456,lqn2uml,12816
NSGA,simplified-cocome__BRF_clone_1.23__moc_1.64__mcnn_1.80__moncnn_1.45__MaxEval_102__ProbPAs_0.95__sb_none_sbth_6000__Algo_pesa2,1456,counting_pas,1456,28159
simplified-cocome,simplified-cocome__BRF_clone_1.23__moc_1.64__mcnn_1.80__moncnn_1.45__MaxEval_102__ProbPAs_0.95__sb_none_sbth_6000__Algo_pesa2,1456,perfQ,13779
simplified-cocome,simplified-cocome__BRF_clone_1.23__moc_1.64__mcnn_1.80__moncnn_1.45__MaxEval_102__ProbPAs_0.95__sb_none_sbth_6000__Algo_pesa2,reliability,152
simplified-cocome,simplified-cocome__BRF_clone_1.23__moc_1.64__mcnn_1.80__moncnn_1.45__MaxEval_102__ProbPAs_0.95__sb_none_sbth_6000__Algo_pesa2,1462,uml2lqn,17001
NSGA,simplified-cocome__BRF_clone_1.23__moc_1.64__mcnn_1.80__moncnn_1.45__MaxEval_102__ProbPAs_0.95__sb_none_sbth_6000__Algo_pesa2,1462,invoke_solver,52
NSGA,simplified-cocome__BRF_clone_1.23__moc_1.64__mcnn_1.80__moncnn_1.45__MaxEval_102__ProbPAs_0.95__sb_none_sbth_6000__Algo_pesa2,1462,lqn2uml,12292
NSGA,simplified-cocome__BRF_clone_1.23__moc_1.64__mcnn_1.80__moncnn_1.45__MaxEval_102__ProbPAs_0.95__sb_none_sbth_6000__Algo_pesa2,1462,counting_pas,1462,21432
simplified-cocome,simplified-cocome__BRF_clone_1.23__moc_1.64__mcnn_1.80__moncnn_1.45__MaxEval_102__ProbPAs_0.95__sb_none_sbth_6000__Algo_pesa2,1462,perfQ,14367
simplified-cocome,simplified-cocome__BRF_clone_1.23__moc_1.64__mcnn_1.80__moncnn_1.45__MaxEval_102__ProbPAs_0.95__sb_none_sbth_6000__Algo_pesa2,reliability,211
simplified-cocome,simplified-cocome__BRF_clone_1.23__moc_1.64__mcnn_1.80__moncnn_1.45__MaxEval_102__ProbPAs_0.95__sb_none_sbth_6000__Algo_pesa2,1464,uml2lqn,14757
NSGA,simplified-cocome__BRF_clone_1.23__moc_1.64__mcnn_1.80__moncnn_1.45__MaxEval_102__ProbPAs_0.95__sb_none_sbth_6000__Algo_pesa2,1464,invoke_solver,148
NSGA,simplified-cocome__BRF_clone_1.23__moc_1.64__mcnn_1.80__moncnn_1.45__MaxEval_102__ProbPAs_0.95__sb_none_sbth_6000__Algo_pesa2,1464,lqn2uml,14629
NSGA,simplified-cocome__BRF_clone_1.23__moc_1.64__mcnn_1.80__moncnn_1.45__MaxEval_102__ProbPAs_0.95__sb_none_sbth_6000__Algo_pesa2,1464,counting_pas,1464,21364
simplified-cocome,simplified-cocome__BRF_clone_1.23__moc_1.64__mcnn_1.80__moncnn_1.45__MaxEval_102__ProbPAs_0.95__sb_none_sbth_6000__Algo_pesa2,1464,perfQ,11924
simplified-cocome,simplified-cocome__BRF_clone_1.23__moc_1.64__mcnn_1.80__moncnn_1.45__MaxEval_102__ProbPAs_0.95__sb_none_sbth_6000__Algo_pesa2,reliability,170
simplified-cocome,simplified-cocome__BRF_clone_1.23__moc_1.64__mcnn_1.80__moncnn_1.45__MaxEval_102__ProbPAs_0.95__sb_none_sbth_6000__Algo_pesa2,1468,uml2lqn,14780
NSGA,simplified-cocome__BRF_clone_1.23__moc_1.64__mcnn_1.80__moncnn_1.45__MaxEval_102__ProbPAs_0.95__sb_none_sbth_6000__Algo_pesa2,1468,invoke_solver,162
NSGA,simplified-cocome__BRF_clone_1.23__moc_1.64__mcnn_1.80__moncnn_1.45__MaxEval_102__ProbPAs_0.95__sb_none_sbth_6000__Algo_pesa2,1468,lqn2uml,12789
NSGA,simplified-cocome__BRF_clone_1.23__moc_1.64__mcnn_1.80__moncnn_1.45__MaxEval_102__ProbPAs_0.95__sb_none_sbth_6000__Algo_pesa2,1468,counting_pas,1468,14249
simplified-cocome,simplified-cocome__BRF_clone_1.23__moc_1.64__mcnn_1.80__moncnn_1.45__MaxEval_102__ProbPAs_0.95__sb_none_sbth_6000__Algo_pesa2,1468,perfQ,15455
simplified-cocome,simplified-cocome__BRF_clone_1.23__moc_1.64__mcnn_1.80__moncnn_1.45__MaxEval_102__ProbPAs_0.95__sb_none_sbth_6000__Algo_pesa2,reliability,185
simplified-cocome,simplified-cocome__BRF_clone_1.23__moc_1.64__mcnn_1.80__moncnn_1.45__MaxEval_102__ProbPAs_0.95__sb_none_sbth_6000__Algo_pesa2,1474,uml2lqn,16950
NSGA,simplified-cocome__BRF_clone_1.23__moc_1.64__mcnn_1.80__moncnn_1.45__MaxEval_102__ProbPAs_0.95__sb_none_sbth_6000__Algo_pesa2,1474,invoke_solver,299
NSGA,simplified-cocome__BRF_clone_1.23__moc_1.64__mcnn_1.80__moncnn_1.45__MaxEval_102__ProbPAs_0.95__sb_none_sbth_6000__Algo_pesa2,1474,lqn2uml,15613
NSGA,simplified-cocome__BRF_clone_1.23__moc_1.64__mcnn_1.80__moncnn_1.45__MaxEval_102__ProbPAs_0.95__sb_none_sbth_6000__Algo_pesa2,1474,counting_pas,1474,10537
simplified-cocome,simplified-cocome__BRF_clone_1.23__moc_1.64__mcnn_1.80__moncnn_1.45__MaxEval_102__ProbPAs_0.95__sb_none_sbth_6000__Algo_pesa2,1474,perfQ,15696
simplified-cocome,simplified-cocome__BRF_clone_1.23__moc_1.64__mcnn_1.80__moncnn_1.45__MaxEval_102__ProbPAs_0.95__sb_none_sbth_6000__Algo_pesa2,reliability,174
simplified-cocome,simplified-cocome__BRF_clone_1.23__moc_1.64__mcnn_1.80__moncnn_1.45__MaxEval_102__ProbPAs_0.95__sb_none_sbth_6000__Algo_pesa2,1476,uml2lqn,15818
NSGA,simplified-cocome__BRF_clone_1.23__moc_1.64__mcnn_1.80__moncnn_1.45__MaxEval_102__ProbPAs_0.95__sb_none_sbth_6000__Algo_pesa2,1476,invoke_solver,317
NSGA,simplified-cocome__BRF_clone_1.23__moc_1.64__mcnn_1.80__moncnn_1.45__MaxEval_102__ProbPAs_0.95__sb_none_sbth_6000__Algo_pesa2,1476,lqn2uml,13817
NSGA,simplified-cocome__BRF_clone_1.23__moc_1.64__mcnn_1.80__moncnn_1.45__MaxEval_102__ProbPAs_0.95__sb_none_sbth_6000__Algo_pesa2,1476,counting_pas,1476,15678
simplified-cocome,simplified-cocome__BRF_clone_1.23__moc_1.64__mcnn_1.80__moncnn_1.45__MaxEval_102__ProbPAs_0.95__sb_none_sbth_6000__Algo_pesa2,1476,perfQ,15523
simplified-cocome,simplified-cocome__BRF_clone_1.23__moc_1.64__mcnn_1.80__moncnn_1.45__MaxEval_102__ProbPAs_0.95__sb_none_sbth_6000__Algo_pesa2,reliability,277
simplified-cocome,simplified-cocome__BRF_clone_1.23__moc_1.64__mcnn_1.80__moncnn_1.45__MaxEval_102__ProbPAs_0.95__sb_none_sbth_6000__Algo_pesa2,1478,uml2lqn,18622
NSGA,simplified-cocome__BRF_clone_1.23__moc_1.64__mcnn_1.80__moncnn_1.45__MaxEval_102__ProbPAs_0.95__sb_none_sbth_6000__Algo_pesa2,1478,invoke_solver,301
NSGA,simplified-cocome__BRF_clone_1.23__moc_1.64__mcnn_1.80__moncnn_1.45__MaxEval_102__ProbPAs_0.95__sb_none_sbth_6000__Algo_pesa2,1478,lqn2uml,15798
NSGA,simplified-cocome__BRF_clone_1.23__moc_1.64__mcnn_1.80__moncnn_1.45__MaxEval_102__ProbPAs_0.95__sb_none_sbth_6000__Algo_pesa2,1478,counting_pas,1478,23623
simplified-cocome,simplified-cocome__BRF_clone_1.23__moc_1.64__mcnn_1.80__moncnn_1.45__MaxEval_102__ProbPAs_0.95__sb_none_sbth_6000__Algo_pesa2,1478,perfQ,16244
simplified-cocome,simplified-cocome__BRF_clone_1.23__moc_1.64__mcnn_1.80__moncnn_1.45__MaxEval_102__ProbPAs_0.95__sb_none_sbth_6000__Algo_pesa2,reliability,208
simplified-cocome,simplified-cocome__BRF_clone_1.23__moc_1.64__mcnn_1.80__moncnn_1.45__MaxEval_102__ProbPAs_0.95__sb_none_sbth_6000__Algo_pesa2,1480,uml2lqn,18079
NSGA,simplified-cocome__BRF_clone_1.23__moc_1.64__mcnn_1.80__moncnn_1.45__MaxEval_102__ProbPAs_0.95__sb_none_sbth_6000__Algo_pesa2,1480,invoke_solver,175
NSGA,simplified-cocome__BRF_clone_1.23__moc_1.64__mcnn_1.80__moncnn_1.45__MaxEval_102__ProbPAs_0.95__sb_none_sbth_6000__Algo_pesa2,1480,lqn2uml,13616
NSGA,simplified-cocome__BRF_clone_1.23__moc_1.64__mcnn_1.80__moncnn_1.45__MaxEval_102__ProbPAs_0.95__sb_none_sbth_6000__Algo_pesa2,1480,counting_pas,1480,18211
simplified-cocome,simplified-cocome__BRF_clone_1.23__moc_1.64__mcnn_1.80__moncnn_1.45__MaxEval_102__ProbPAs_0.95__sb_none_sbth_6000__Algo_pesa2,1480,perfQ,12196
simplified-cocome,simplified-cocome__BRF_clone_1.23__moc_1.64__mcnn_1.80__moncnn_1.45__MaxEval_102__ProbPAs_0.95__sb_none_sbth_6000__Algo_pesa2,reliability,167
simplified-cocome,simplified-cocome__BRF_clone_1.23__moc_1.64__mcnn_1.80__moncnn_1.45__MaxEval_102__ProbPAs_0.95__sb_none_sbth_6000__Algo_pesa2,1484,uml2lqn,16358
NSGA,simplified-cocome__BRF_clone_1.23__moc_1.64__mcnn_1.80__moncnn_1.45__MaxEval_102__ProbPAs_0.95__sb_none_sbth_6000__Algo_pesa2,1484,invoke_solver,192
NSGA,simplified-cocome__BRF_clone_1.23__moc_1.64__mcnn_1.80__moncnn_1.45__MaxEval_102__ProbPAs_0.95__sb_none_sbth_6000__Algo_pesa2,1484,lqn2uml,15751
NSGA,simplified-cocome__BRF_clone_1.23__moc_1.64__mcnn_1.80__moncnn_1.45__MaxEval_102__ProbPAs_0.95__sb_none_sbth_6000__Algo_pesa2,1484,counting_pas,1484,9827
simplified-cocome,simplified-cocome__BRF_clone_1.23__moc_1.64__mcnn_1.80__moncnn_1.45__MaxEval_102__ProbPAs_0.95__sb_none_sbth_6000__Algo_pesa2,1484,perfQ,16227
simplified-cocome,simplified-cocome__BRF_clone_1.23__moc_1.64__mcnn_1.80__moncnn_1.45__MaxEval_102__ProbPAs_0.95__sb_none_sbth_6000__Algo_pesa2,reliability,175
simplified-cocome,simplified-cocome__BRF_clone_1.23__moc_1.64__mcnn_1.80__moncnn_1.45__MaxEval_102__ProbPAs_0.95__sb_none_sbth_6000__Algo_pesa2,1488,uml2lqn,16497
NSGA,simplified-cocome__BRF_clone_1.23__moc_1.64__mcnn_1.80__moncnn_1.45__MaxEval_102__ProbPAs_0.95__sb_none_sbth_6000__Algo_pesa2,1488,invoke_solver,282
NSGA,simplified-cocome__BRF_clone_1.23__moc_1.64__mcnn_1.80__moncnn_1.45__MaxEval_102__ProbPAs_0.95__sb_none_sbth_6000__Algo_pesa2,1488,lqn2uml,13085
NSGA,simplified-cocome__BRF_clone_1.23__moc_1.64__mcnn_1.80__moncnn_1.45__MaxEval_102__ProbPAs_0.95__sb_none_sbth_6000__Algo_pesa2,1488,counting_pas,1488,12931
simplified-cocome,simplified-cocome__BRF_clone_1.23__moc_1.64__mcnn_1.80__moncnn_1.45__MaxEval_102__ProbPAs_0.95__sb_none_sbth_6000__Algo_pesa2,1488,perfQ,14853
simplified-cocome,simplified-cocome__BRF_clone_1.23__moc_1.64__mcnn_1.80__moncnn_1.45__MaxEval_102__ProbPAs_0.95__sb_none_sbth_6000__Algo_pesa2,reliability,188
simplified-cocome,simplified-cocome__BRF_clone_1.23__moc_1.64__mcnn_1.80__moncnn_1.45__MaxEval_102__ProbPAs_0.95__sb_none_sbth_6000__Algo_pesa2,1492,uml2lqn,17481
NSGA,simplified-cocome__BRF_clone_1.23__moc_1.64__mcnn_1.80__moncnn_1.45__MaxEval_102__ProbPAs_0.95__sb_none_sbth_6000__Algo_pesa2,1492,invoke_solver,165
NSGA,simplified-cocome__BRF_clone_1.23__moc_1.64__mcnn_1.80__moncnn_1.45__MaxEval_102__ProbPAs_0.95__sb_none_sbth_6000__Algo_pesa2,1492,lqn2uml,16253
NSGA,simplified-cocome__BRF_clone_1.23__moc_1.64__mcnn_1.80__moncnn_1.45__MaxEval_102__ProbPAs_0.95__sb_none_sbth_6000__Algo_pesa2,1492,counting_pas,1492,15009
simplified-cocome,simplified-cocome__BRF_clone_1.23__moc_1.64__mcnn_1.80__moncnn_1.45__MaxEval_102__ProbPAs_0.95__sb_none_sbth_6000__Algo_pesa2,1492,perfQ,15751
simplified-cocome,simplified-cocome__BRF_clone_1.23__moc_1.64__mcnn_1.80__moncnn_1.45__MaxEval_102__ProbPAs_0.95__sb_none_sbth_6000__Algo_pesa2,reliability,177
simplified-cocome,simplified-cocome__BRF_clone_1.23__moc_1.64__mcnn_1.80__moncnn_1.45__MaxEval_102__ProbPAs_0.95__sb_none_sbth_6000__Algo_pesa2,1496,uml2lqn,17151
NSGA,simplified-cocome__BRF_clone_1.23__moc_1.64__mcnn_1.80__moncnn_1.45__MaxEval_102__ProbPAs_0.95__sb_none_sbth_6000__Algo_pesa2,1496,invoke_solver,163
NSGA,simplified-cocome__BRF_clone_1.23__moc_1.64__mcnn_1.80__moncnn_1.45__MaxEval_102__ProbPAs_0.95__sb_none_sbth_6000__Algo_pesa2,1496,lqn2uml,15612
NSGA,simplified-cocome__BRF_clone_1.23__moc_1.64__mcnn_1.80__moncnn_1.45__MaxEval_102__ProbPAs_0.95__sb_none_sbth_6000__Algo_pesa2,1496,counting_pas,1496,12922
simplified-cocome,simplified-cocome__BRF_clone_1.23__moc_1.64__mcnn_1.80__moncnn_1.45__MaxEval_102__ProbPAs_0.95__sb_none_sbth_6000__Algo_pesa2,1496,perfQ,16113
simplified-cocome,simplified-cocome__BRF_clone_1.23__moc_1.64__mcnn_1.80__moncnn_1.45__MaxEval_102__ProbPAs_0.95__sb_none_sbth_6000__Algo_pesa2,reliability,215
simplified-cocome,simplified-cocome__BRF_clone_1.23__moc_1.64__mcnn_1.80__moncnn_1.45__MaxEval_102__ProbPAs_0.95__sb_none_sbth_6000__Algo_pesa2,1500,uml2lqn,17025
NSGA,simplified-cocome__BRF_clone_1.23__moc_1.64__mcnn_1.80__moncnn_1.45__MaxEval_102__ProbPAs_0.95__sb_none_sbth_6000__Algo_pesa2,1500,invoke_solver,84
NSGA,simplified-cocome__BRF_clone_1.23__moc_1.64__mcnn_1.80__moncnn_1.45__MaxEval_102__ProbPAs_0.95__sb_none_sbth_6000__Algo_pesa2,1500,lqn2uml,15389
NSGA,simplified-cocome__BRF_clone_1.23__moc_1.64__mcnn_1.80__moncnn_1.45__MaxEval_102__ProbPAs_0.95__sb_none_sbth_6000__Algo_pesa2,1500,counting_pas,1500,16096
simplified-cocome,simplified-cocome__BRF_clone_1.23__moc_1.64__mcnn_1.80__moncnn_1.45__MaxEval_102__ProbPAs_0.95__sb_none_sbth_6000__Algo_pesa2,1500,perfQ,15037
simplified-cocome,simplified-cocome__BRF_clone_1.23__moc_1.64__mcnn_1.80__moncnn_1.45__MaxEval_102__ProbPAs_0.95__sb_none_sbth_6000__Algo_pesa2,reliability,176
simplified-cocome,simplified-cocome__BRF_clone_1.23__moc_1.64__mcnn_1.80__moncnn_1.45__MaxEval_102__ProbPAs_0.95__sb_none_sbth_6000__Algo_pesa2,1504,uml2lqn,16044
NSGA,simplified-cocome__BRF_clone_1.23__moc_1.64__mcnn_1.80__moncnn_1.45__MaxEval_102__ProbPAs_0.95__sb_none_sbth_6000__Algo_pesa2,1504,invoke_solver,313
NSGA,simplified-cocome__BRF_clone_1.23__moc_1.64__mcnn_1.80__moncnn_1.45__MaxEval_102__ProbPAs_0.95__sb_none_sbth_6000__Algo_pesa2,1504,lqn2uml,13376
NSGA,simplified-cocome__BRF_clone_1.23__moc_1.64__mcnn_1.80__moncnn_1.45__MaxEval_102__ProbPAs_0.95__sb_none_sbth_6000__Algo_pesa2,1504,counting_pas,1504,15916
simplified-cocome,simplified-cocome__BRF_clone_1.23__moc_1.64__mcnn_1.80__moncnn_1.45__MaxEval_102__ProbPAs_0.95__sb_none_sbth_6000__Algo_pesa2,1504,perfQ,15908
simplified-cocome,simplified-cocome__BRF_clone_1.23__moc_1.64__mcnn_1.80__moncnn_1.45__MaxEval_102__ProbPAs_0.95__sb_none_sbth_6000__Algo_pesa2,reliability,200
simplified-cocome,simplified-cocome__BRF_clone_1.23__moc_1.64__mcnn_1.80__moncnn_1.45__MaxEval_102__ProbPAs_0.95__sb_none_sbth_6000__Algo_pesa2,1508,uml2lqn,19528
NSGA,simplified-cocome__BRF_clone_1.23__moc_1.64__mcnn_1.80__moncnn_1.45__MaxEval_102__ProbPAs_0.95__sb_none_sbth_6000__Algo_pesa2,1508,invoke_solver,187
NSGA,simplified-cocome__BRF_clone_1.23__moc_1.64__mcnn_1.80__moncnn_1.45__MaxEval_102__ProbPAs_0.95__sb_none_sbth_6000__Algo_pesa2,1508,lqn2uml,18635
NSGA,simplified-cocome__BRF_clone_1.23__moc_1.64__mcnn_1.80__moncnn_1.45__MaxEval_102__ProbPAs_0.95__sb_none_sbth_6000__Algo_pesa2,1508,counting_pas,1508,9423
simplified-cocome,simplified-cocome__BRF_clone_1.23__moc_1.64__mcnn_1.80__moncnn_1.45__MaxEval_102__ProbPAs_0.95__sb_none_sbth_6000__Algo_pesa2,1508,perfQ,14598
simplified-cocome,simplified-cocome__BRF_clone_1.23__moc_1.64__mcnn_1.80__moncnn_1.45__MaxEval_102__ProbPAs_0.95__sb_none_sbth_6000__Algo_pesa2,reliability,174
simplified-cocome,simplified-cocome__BRF_clone_1.23__moc_1.64__mcnn_1.80__moncnn_1.45__MaxEval_102__ProbPAs_0.95__sb_none_sbth_6000__Algo_pesa2,1512,uml2lqn,12282
NSGA,simplified-cocome__BRF_clone_1.23__moc_1.64__mcnn_1.80__moncnn_1.45__MaxEval_102__ProbPAs_0.95__sb_none_sbth_6000__Algo_pesa2,1512,invoke_solver,139
NSGA,simplified-cocome__BRF_clone_1.23__moc_1.64__mcnn_1.80__moncnn_1.45__MaxEval_102__ProbPAs_0.95__sb_none_sbth_6000__Algo_pesa2,1512,lqn2uml,14270
NSGA,simplified-cocome__BRF_clone_1.23__moc_1.64__mcnn_1.80__moncnn_1.45__MaxEval_102__ProbPAs_0.95__sb_none_sbth_6000__Algo_pesa2,1512,counting_pas,1512,17019
simplified-cocome,simplified-cocome__BRF_clone_1.23__moc_1.64__mcnn_1.80__moncnn_1.45__MaxEval_102__ProbPAs_0.95__sb_none_sbth_6000__Algo_pesa2,1512,perfQ,14052
simplified-cocome,simplified-cocome__BRF_clone_1.23__moc_1.64__mcnn_1.80__moncnn_1.45__MaxEval_102__ProbPAs_0.95__sb_none_sbth_6000__Algo_pesa2,reliability,201
simplified-cocome,simplified-cocome__BRF_clone_1.23__moc_1.64__mcnn_1.80__moncnn_1.45__MaxEval_102__ProbPAs_0.95__sb_none_sbth_6000__Algo_pesa2,1516,uml2lqn,17735
NSGA,simplified-cocome__BRF_clone_1.23__moc_1.64__mcnn_1.80__moncnn_1.45__MaxEval_102__ProbPAs_0.95__sb_none_sbth_6000__Algo_pesa2,1516,invoke_solver,346
NSGA,simplified-cocome__BRF_clone_1.23__moc_1.64__mcnn_1.80__moncnn_1.45__MaxEval_102__ProbPAs_0.95__sb_none_sbth_6000__Algo_pesa2,1516,lqn2uml,13612
NSGA,simplified-cocome__BRF_clone_1.23__moc_1.64__mcnn_1.80__moncnn_1.45__MaxEval_102__ProbPAs_0.95__sb_none_sbth_6000__Algo_pesa2,1516,counting_pas,1516,12215
simplified-cocome,simplified-cocome__BRF_clone_1.23__moc_1.64__mcnn_1.80__moncnn_1.45__MaxEval_102__ProbPAs_0.95__sb_none_sbth_6000__Algo_pesa2,1516,perfQ,15635
simplified-cocome,simplified-cocome__BRF_clone_1.23__moc_1.64__mcnn_1.80__moncnn_1.45__MaxEval_102__ProbPAs_0.95__sb_none_sbth_6000__Algo_pesa2,reliability,181
simplified-cocome,simplified-cocome__BRF_clone_1.23__moc_1.64__mcnn_1.80__moncnn_1.45__MaxEval_102__ProbPAs_0.95__sb_none_sbth_6000__Algo_pesa2,1520,uml2lqn,19046
NSGA,simplified-cocome__BRF_clone_1.23__moc_1.64__mcnn_1.80__moncnn_1.45__MaxEval_102__ProbPAs_0.95__sb_none_sbth_6000__Algo_pesa2,1520,invoke_solver,344
NSGA,simplified-cocome__BRF_clone_1.23__moc_1.64__mcnn_1.80__moncnn_1.45__MaxEval_102__ProbPAs_0.95__sb_none_sbth_6000__Algo_pesa2,1520,lqn2uml,16820
NSGA,simplified-cocome__BRF_clone_1.23__moc_1.64__mcnn_1.80__moncnn_1.45__MaxEval_102__ProbPAs_0.95__sb_none_sbth_6000__Algo_pesa2,1520,counting_pas,1520,10294
simplified-cocome,simplified-cocome__BRF_clone_1.23__moc_1.64__mcnn_1.80__moncnn_1.45__MaxEval_102__ProbPAs_0.95__sb_none_sbth_6000__Algo_pesa2,1520,perfQ,16966
simplified-cocome,simplified-cocome__BRF_clone_1.23__moc_1.64__mcnn_1.80__moncnn_1.45__MaxEval_102__ProbPAs_0.95__sb_none_sbth_6000__Algo_pesa2,reliability,174
simplified-cocome,simplified-cocome__BRF_clone_1.23__moc_1.64__mcnn_1.80__moncnn_1.45__MaxEval_102__ProbPAs_0.95__sb_none_sbth_6000__Algo_pesa2,1522,uml2lqn,18698
NSGA,simplified-cocome__BRF_clone_1.23__moc_1.64__mcnn_1.80__moncnn_1.45__MaxEval_102__ProbPAs_0.95__sb_none_sbth_6000__Algo_pesa2,1522,invoke_solver,289
NSGA,simplified-cocome__BRF_clone_1.23__moc_1.64__mcnn_1.80__moncnn_1.45__MaxEval_102__ProbPAs_0.95__sb_none_sbth_6000__Algo_pesa2,1522,lqn2uml,14971
NSGA,simplified-cocome__BRF_clone_1.23__moc_1.64__mcnn_1.80__moncnn_1.45__MaxEval_102__ProbPAs_0.95__sb_none_sbth_6000__Algo_pesa2,1522,counting_pas,1522,13582
simplified-cocome,simplified-cocome__BRF_clone_1.23__moc_1.64__mcnn_1.80__moncnn_1.45__MaxEval_102__ProbPAs_0.95__sb_none_sbth_6000__Algo_pesa2,1522,perfQ,15336
simplified-cocome,simplified-cocome__BRF_clone_1.23__moc_1.64__mcnn_1.80__moncnn_1.45__MaxEval_102__ProbPAs_0.95__sb_none_sbth_6000__Algo_pesa2,reliability,152
simplified-cocome,simplified-cocome__BRF_clone_1.23__moc_1.64__mcnn_1.80__moncnn_1.45__MaxEval_102__ProbPAs_0.95__sb_none_sbth_6000__Algo_pesa2,1526,uml2lqn,17311
NSGA,simplified-cocome__BRF_clone_1.23__moc_1.64__mcnn_1.80__moncnn_1.45__MaxEval_102__ProbPAs_0.95__sb_none_sbth_6000__Algo_pesa2,1526,invoke_solver,385
NSGA,simplified-cocome__BRF_clone_1.23__moc_1.64__mcnn_1.80__moncnn_1.45__MaxEval_102__ProbPAs_0.95__sb_none_sbth_6000__Algo_pesa2,1526,lqn2uml,18307
NSGA,simplified-cocome__BRF_clone_1.23__moc_1.64__mcnn_1.80__moncnn_1.45__MaxEval_102__ProbPAs_0.95__sb_none_sbth_6000__Algo_pesa2,1526,counting_pas,1526,8012
simplified-cocome,simplified-cocome__BRF_clone_1.23__moc_1.64__mcnn_1.80__moncnn_1.45__MaxEval_102__ProbPAs_0.95__sb_none_sbth_6000__Algo_pesa2,1526,perfQ,14535
simplified-cocome,simplified-cocome__BRF_clone_1.23__moc_1.64__mcnn_1.80__moncnn_1.45__MaxEval_102__ProbPAs_0.95__sb_none_sbth_6000__Algo_pesa2,reliability,174
simplified-cocome,simplified-cocome__BRF_clone_1.23__moc_1.64__mcnn_1.80__moncnn_1.45__MaxEval_102__ProbPAs_0.95__sb_none_sbth_6000__Algo_pesa2,1530,uml2lqn,18497
NSGA,simplified-cocome__BRF_clone_1.23__moc_1.64__mcnn_1.80__moncnn_1.45__MaxEval_102__ProbPAs_0.95__sb_none_sbth_6000__Algo_pesa2,1530,invoke_solver,115
NSGA,simplified-cocome__BRF_clone_1.23__moc_1.64__mcnn_1.80__moncnn_1.45__MaxEval_102__ProbPAs_0.95__sb_none_sbth_6000__Algo_pesa2,1530,lqn2uml,13404
NSGA,simplified-cocome__BRF_clone_1.23__moc_1.64__mcnn_1.80__moncnn_1.45__MaxEval_102__ProbPAs_0.95__sb_none_sbth_6000__Algo_pesa2,1530,counting_pas,1530,7538
simplified-cocome,simplified-cocome__BRF_clone_1.23__moc_1.64__mcnn_1.80__moncnn_1.45__MaxEval_102__ProbPAs_0.95__sb_none_sbth_6000__Algo_pesa2,1530,perfQ,13122
simplified-cocome,simplified-cocome__BRF_clone_1.23__moc_1.64__mcnn_1.80__moncnn_1.45__MaxEval_102__ProbPAs_0.95__sb_none_sbth_6000__Algo_pesa2,reliability,167
simplified-cocome,simplified-cocome__BRF_clone_1.23__moc_1.64__mcnn_1.80__moncnn_1.45__MaxEval_102__ProbPAs_0.95__sb_none_sbth_6000__Algo_pesa2,1532,uml2lqn,17821
NSGA,simplified-cocome__BRF_clone_1.23__moc_1.64__mcnn_1.80__moncnn_1.45__MaxEval_102__ProbPAs_0.95__sb_none_sbth_6000__Algo_pesa2,1532,invoke_solver,305
NSGA,simplified-cocome__BRF_clone_1.23__moc_1.64__mcnn_1.80__moncnn_1.45__MaxEval_102__ProbPAs_0.95__sb_none_sbth_6000__Algo_pesa2,1532,lqn2uml,14637
NSGA,simplified-cocome__BRF_clone_1.23__moc_1.64__mcnn_1.80__moncnn_1.45__MaxEval_102__ProbPAs_0.95__sb_none_sbth_6000__Algo_pesa2,1532,counting_pas,1532,14472
simplified-cocome,simplified-cocome__BRF_clone_1.23__moc_1.64__mcnn_1.80__moncnn_1.45__MaxEval_102__ProbPAs_0.95__sb_none_sbth_6000__Algo_pesa2,1532,perfQ,14419
simplified-cocome,simplified-cocome__BRF_clone_1.23__moc_1.64__mcnn_1.80__moncnn_1.45__MaxEval_102__ProbPAs_0.95__sb_none_sbth_6000__Algo_pesa2,reliability,160
simplified-cocome,simplified-cocome__BRF_clone_1.23__moc_1.64__mcnn_1.80__moncnn_1.45__MaxEval_102__ProbPAs_0.95__sb_none_sbth_6000__Algo_pesa2,1536,uml2lqn,15630
NSGA,simplified-cocome__BRF_clone_1.23__moc_1.64__mcnn_1.80__moncnn_1.45__MaxEval_102__ProbPAs_0.95__sb_none_sbth_6000__Algo_pesa2,1536,invoke_solver,154
NSGA,simplified-cocome__BRF_clone_1.23__moc_1.64__mcnn_1.80__moncnn_1.45__MaxEval_102__ProbPAs_0.95__sb_none_sbth_6000__Algo_pesa2,1536,lqn2uml,17220
NSGA,simplified-cocome__BRF_clone_1.23__moc_1.64__mcnn_1.80__moncnn_1.45__MaxEval_102__ProbPAs_0.95__sb_none_sbth_6000__Algo_pesa2,1536,counting_pas,1536,15121
simplified-cocome,simplified-cocome__BRF_clone_1.23__moc_1.64__mcnn_1.80__moncnn_1.45__MaxEval_102__ProbPAs_0.95__sb_none_sbth_6000__Algo_pesa2,1536,perfQ,16453
simplified-cocome,simplified-cocome__BRF_clone_1.23__moc_1.64__mcnn_1.80__moncnn_1.45__MaxEval_102__ProbPAs_0.95__sb_none_sbth_6000__Algo_pesa2,reliability,168
simplified-cocome,simplified-cocome__BRF_clone_1.23__moc_1.64__mcnn_1.80__moncnn_1.45__MaxEval_102__ProbPAs_0.95__sb_none_sbth_6000__Algo_pesa2,1540,uml2lqn,18098
NSGA,simplified-cocome__BRF_clone_1.23__moc_1.64__mcnn_1.80__moncnn_1.45__MaxEval_102__ProbPAs_0.95__sb_none_sbth_6000__Algo_pesa2,1540,invoke_solver,210
NSGA,simplified-cocome__BRF_clone_1.23__moc_1.64__mcnn_1.80__moncnn_1.45__MaxEval_102__ProbPAs_0.95__sb_none_sbth_6000__Algo_pesa2,1540,lqn2uml,16960
NSGA,simplified-cocome__BRF_clone_1.23__moc_1.64__mcnn_1.80__moncnn_1.45__MaxEval_102__ProbPAs_0.95__sb_none_sbth_6000__Algo_pesa2,1540,counting_pas,1540,14678
simplified-cocome,simplified-cocome__BRF_clone_1.23__moc_1.64__mcnn_1.80__moncnn_1.45__MaxEval_102__ProbPAs_0.95__sb_none_sbth_6000__Algo_pesa2,1540,perfQ,15360
simplified-cocome,simplified-cocome__BRF_clone_1.23__moc_1.64__mcnn_1.80__moncnn_1.45__MaxEval_102__ProbPAs_0.95__sb_none_sbth_6000__Algo_pesa2,reliability,203
simplified-cocome,simplified-cocome__BRF_clone_1.23__moc_1.64__mcnn_1.80__moncnn_1.45__MaxEval_102__ProbPAs_0.95__sb_none_sbth_6000__Algo_pesa2,1542,uml2lqn,18459
NSGA,simplified-cocome__BRF_clone_1.23__moc_1.64__mcnn_1.80__moncnn_1.45__MaxEval_102__ProbPAs_0.95__sb_none_sbth_6000__Algo_pesa2,1542,invoke_solver,268
NSGA,simplified-cocome__BRF_clone_1.23__moc_1.64__mcnn_1.80__moncnn_1.45__MaxEval_102__ProbPAs_0.95__sb_none_sbth_6000__Algo_pesa2,1542,lqn2uml,16622
NSGA,simplified-cocome__BRF_clone_1.23__moc_1.64__mcnn_1.80__moncnn_1.45__MaxEval_102__ProbPAs_0.95__sb_none_sbth_6000__Algo_pesa2,1542,counting_pas,1542,22872
simplified-cocome,simplified-cocome__BRF_clone_1.23__moc_1.64__mcnn_1.80__moncnn_1.45__MaxEval_102__ProbPAs_0.95__sb_none_sbth_6000__Algo_pesa2,1542,perfQ,15688
simplified-cocome,simplified-cocome__BRF_clone_1.23__moc_1.64__mcnn_1.80__moncnn_1.45__MaxEval_102__ProbPAs_0.95__sb_none_sbth_6000__Algo_pesa2,reliability,162
simplified-cocome,simplified-cocome__BRF_clone_1.23__moc_1.64__mcnn_1.80__moncnn_1.45__MaxEval_102__ProbPAs_0.95__sb_none_sbth_6000__Algo_pesa2,1546,uml2lqn,18721
NSGA,simplified-cocome__BRF_clone_1.23__moc_1.64__mcnn_1.80__moncnn_1.45__MaxEval_102__ProbPAs_0.95__sb_none_sbth_6000__Algo_pesa2,1546,invoke_solver,105
NSGA,simplified-cocome__BRF_clone_1.23__moc_1.64__mcnn_1.80__moncnn_1.45__MaxEval_102__ProbPAs_0.95__sb_none_sbth_6000__Algo_pesa2,1546,lqn2uml,17123
NSGA,simplified-cocome__BRF_clone_1.23__moc_1.64__mcnn_1.80__moncnn_1.45__MaxEval_102__ProbPAs_0.95__sb_none_sbth_6000__Algo_pesa2,1546,counting_pas,1546,11073
simplified-cocome,simplified-cocome__BRF_clone_1.23__moc_1.64__mcnn_1.80__moncnn_1.45__MaxEval_102__ProbPAs_0.95__sb_none_sbth_6000__Algo_pesa2,1546,perfQ,15988
simplified-cocome,simplified-cocome__BRF_clone_1.23__moc_1.64__mcnn_1.80__moncnn_1.45__MaxEval_102__ProbPAs_0.95__sb_none_sbth_6000__Algo_pesa2,reliability,175
simplified-cocome,simplified-cocome__BRF_clone_1.23__moc_1.64__mcnn_1.80__moncnn_1.45__MaxEval_102__ProbPAs_0.95__sb_none_sbth_6000__Algo_pesa2,1550,uml2lqn,16723
NSGA,simplified-cocome__BRF_clone_1.23__moc_1.64__mcnn_1.80__moncnn_1.45__MaxEval_102__ProbPAs_0.95__sb_none_sbth_6000__Algo_pesa2,1550,invoke_solver,137
NSGA,simplified-cocome__BRF_clone_1.23__moc_1.64__mcnn_1.80__moncnn_1.45__MaxEval_102__ProbPAs_0.95__sb_none_sbth_6000__Algo_pesa2,1550,lqn2uml,15804
NSGA,simplified-cocome__BRF_clone_1.23__moc_1.64__mcnn_1.80__moncnn_1.45__MaxEval_102__ProbPAs_0.95__sb_none_sbth_6000__Algo_pesa2,1550,counting_pas,1550,10139
simplified-cocome,simplified-cocome__BRF_clone_1.23__moc_1.64__mcnn_1.80__moncnn_1.45__MaxEval_102__ProbPAs_0.95__sb_none_sbth_6000__Algo_pesa2,1550,perfQ,16383
simplified-cocome,simplified-cocome__BRF_clone_1.23__moc_1.64__mcnn_1.80__moncnn_1.45__MaxEval_102__ProbPAs_0.95__sb_none_sbth_6000__Algo_pesa2,reliability,175
simplified-cocome,simplified-cocome__BRF_clone_1.23__moc_1.64__mcnn_1.80__moncnn_1.45__MaxEval_102__ProbPAs_0.95__sb_none_sbth_6000__Algo_pesa2,1554,uml2lqn,17413
NSGA,simplified-cocome__BRF_clone_1.23__moc_1.64__mcnn_1.80__moncnn_1.45__MaxEval_102__ProbPAs_0.95__sb_none_sbth_6000__Algo_pesa2,1554,invoke_solver,325
NSGA,simplified-cocome__BRF_clone_1.23__moc_1.64__mcnn_1.80__moncnn_1.45__MaxEval_102__ProbPAs_0.95__sb_none_sbth_6000__Algo_pesa2,1554,lqn2uml,16833
NSGA,simplified-cocome__BRF_clone_1.23__moc_1.64__mcnn_1.80__moncnn_1.45__MaxEval_102__ProbPAs_0.95__sb_none_sbth_6000__Algo_pesa2,1554,counting_pas,1554,12326
simplified-cocome,simplified-cocome__BRF_clone_1.23__moc_1.64__mcnn_1.80__moncnn_1.45__MaxEval_102__ProbPAs_0.95__sb_none_sbth_6000__Algo_pesa2,1554,perfQ,13172
simplified-cocome,simplified-cocome__BRF_clone_1.23__moc_1.64__mcnn_1.80__moncnn_1.45__MaxEval_102__ProbPAs_0.95__sb_none_sbth_6000__Algo_pesa2,reliability,154
simplified-cocome,simplified-cocome__BRF_clone_1.23__moc_1.64__mcnn_1.80__moncnn_1.45__MaxEval_102__ProbPAs_0.95__sb_none_sbth_6000__Algo_pesa2,1558,uml2lqn,17117
NSGA,simplified-cocome__BRF_clone_1.23__moc_1.64__mcnn_1.80__moncnn_1.45__MaxEval_102__ProbPAs_0.95__sb_none_sbth_6000__Algo_pesa2,1558,invoke_solver,309
NSGA,simplified-cocome__BRF_clone_1.23__moc_1.64__mcnn_1.80__moncnn_1.45__MaxEval_102__ProbPAs_0.95__sb_none_sbth_6000__Algo_pesa2,1558,lqn2uml,16530
NSGA,simplified-cocome__BRF_clone_1.23__moc_1.64__mcnn_1.80__moncnn_1.45__MaxEval_102__ProbPAs_0.95__sb_none_sbth_6000__Algo_pesa2,1558,counting_pas,1558,13370
simplified-cocome,simplified-cocome__BRF_clone_1.23__moc_1.64__mcnn_1.80__moncnn_1.45__MaxEval_102__ProbPAs_0.95__sb_none_sbth_6000__Algo_pesa2,1558,perfQ,17699
simplified-cocome,simplified-cocome__BRF_clone_1.23__moc_1.64__mcnn_1.80__moncnn_1.45__MaxEval_102__ProbPAs_0.95__sb_none_sbth_6000__Algo_pesa2,reliability,160
simplified-cocome,simplified-cocome__BRF_clone_1.23__moc_1.64__mcnn_1.80__moncnn_1.45__MaxEval_102__ProbPAs_0.95__sb_none_sbth_6000__Algo_pesa2,1562,uml2lqn,17811
NSGA,simplified-cocome__BRF_clone_1.23__moc_1.64__mcnn_1.80__moncnn_1.45__MaxEval_102__ProbPAs_0.95__sb_none_sbth_6000__Algo_pesa2,1562,invoke_solver,101
NSGA,simplified-cocome__BRF_clone_1.23__moc_1.64__mcnn_1.80__moncnn_1.45__MaxEval_102__ProbPAs_0.95__sb_none_sbth_6000__Algo_pesa2,1562,lqn2uml,17219
NSGA,simplified-cocome__BRF_clone_1.23__moc_1.64__mcnn_1.80__moncnn_1.45__MaxEval_102__ProbPAs_0.95__sb_none_sbth_6000__Algo_pesa2,1562,counting_pas,1562,17564
simplified-cocome,simplified-cocome__BRF_clone_1.23__moc_1.64__mcnn_1.80__moncnn_1.45__MaxEval_102__ProbPAs_0.95__sb_none_sbth_6000__Algo_pesa2,1562,perfQ,16206
simplified-cocome,simplified-cocome__BRF_clone_1.23__moc_1.64__mcnn_1.80__moncnn_1.45__MaxEval_102__ProbPAs_0.95__sb_none_sbth_6000__Algo_pesa2,reliability,208
simplified-cocome,simplified-cocome__BRF_clone_1.23__moc_1.64__mcnn_1.80__moncnn_1.45__MaxEval_102__ProbPAs_0.95__sb_none_sbth_6000__Algo_pesa2,1564,uml2lqn,18070
NSGA,simplified-cocome__BRF_clone_1.23__moc_1.64__mcnn_1.80__moncnn_1.45__MaxEval_102__ProbPAs_0.95__sb_none_sbth_6000__Algo_pesa2,1564,invoke_solver,276
NSGA,simplified-cocome__BRF_clone_1.23__moc_1.64__mcnn_1.80__moncnn_1.45__MaxEval_102__ProbPAs_0.95__sb_none_sbth_6000__Algo_pesa2,1564,lqn2uml,13039
NSGA,simplified-cocome__BRF_clone_1.23__moc_1.64__mcnn_1.80__moncnn_1.45__MaxEval_102__ProbPAs_0.95__sb_none_sbth_6000__Algo_pesa2,1564,counting_pas,1564,14712
simplified-cocome,simplified-cocome__BRF_clone_1.23__moc_1.64__mcnn_1.80__moncnn_1.45__MaxEval_102__ProbPAs_0.95__sb_none_sbth_6000__Algo_pesa2,1564,perfQ,15919
simplified-cocome,simplified-cocome__BRF_clone_1.23__moc_1.64__mcnn_1.80__moncnn_1.45__MaxEval_102__ProbPAs_0.95__sb_none_sbth_6000__Algo_pesa2,reliability,200
simplified-cocome,simplified-cocome__BRF_clone_1.23__moc_1.64__mcnn_1.80__moncnn_1.45__MaxEval_102__ProbPAs_0.95__sb_none_sbth_6000__Algo_pesa2,1568,uml2lqn,17120
NSGA,simplified-cocome__BRF_clone_1.23__moc_1.64__mcnn_1.80__moncnn_1.45__MaxEval_102__ProbPAs_0.95__sb_none_sbth_6000__Algo_pesa2,1568,invoke_solver,365
NSGA,simplified-cocome__BRF_clone_1.23__moc_1.64__mcnn_1.80__moncnn_1.45__MaxEval_102__ProbPAs_0.95__sb_none_sbth_6000__Algo_pesa2,1568,lqn2uml,13708
NSGA,simplified-cocome__BRF_clone_1.23__moc_1.64__mcnn_1.80__moncnn_1.45__MaxEval_102__ProbPAs_0.95__sb_none_sbth_6000__Algo_pesa2,1568,counting_pas,1568,7647
simplified-cocome,simplified-cocome__BRF_clone_1.23__moc_1.64__mcnn_1.80__moncnn_1.45__MaxEval_102__ProbPAs_0.95__sb_none_sbth_6000__Algo_pesa2,1568,perfQ,14387
simplified-cocome,simplified-cocome__BRF_clone_1.23__moc_1.64__mcnn_1.80__moncnn_1.45__MaxEval_102__ProbPAs_0.95__sb_none_sbth_6000__Algo_pesa2,reliability,234
simplified-cocome,simplified-cocome__BRF_clone_1.23__moc_1.64__mcnn_1.80__moncnn_1.45__MaxEval_102__ProbPAs_0.95__sb_none_sbth_6000__Algo_pesa2,1574,uml2lqn,18199
NSGA,simplified-cocome__BRF_clone_1.23__moc_1.64__mcnn_1.80__moncnn_1.45__MaxEval_102__ProbPAs_0.95__sb_none_sbth_6000__Algo_pesa2,1574,invoke_solver,92
NSGA,simplified-cocome__BRF_clone_1.23__moc_1.64__mcnn_1.80__moncnn_1.45__MaxEval_102__ProbPAs_0.95__sb_none_sbth_6000__Algo_pesa2,1574,lqn2uml,16133
NSGA,simplified-cocome__BRF_clone_1.23__moc_1.64__mcnn_1.80__moncnn_1.45__MaxEval_102__ProbPAs_0.95__sb_none_sbth_6000__Algo_pesa2,1574,counting_pas,1574,22099
simplified-cocome,simplified-cocome__BRF_clone_1.23__moc_1.64__mcnn_1.80__moncnn_1.45__MaxEval_102__ProbPAs_0.95__sb_none_sbth_6000__Algo_pesa2,1574,perfQ,16305
simplified-cocome,simplified-cocome__BRF_clone_1.23__moc_1.64__mcnn_1.80__moncnn_1.45__MaxEval_102__ProbPAs_0.95__sb_none_sbth_6000__Algo_pesa2,reliability,174
simplified-cocome,simplified-cocome__BRF_clone_1.23__moc_1.64__mcnn_1.80__moncnn_1.45__MaxEval_102__ProbPAs_0.95__sb_none_sbth_6000__Algo_pesa2,1576,uml2lqn,18988
NSGA,simplified-cocome__BRF_clone_1.23__moc_1.64__mcnn_1.80__moncnn_1.45__MaxEval_102__ProbPAs_0.95__sb_none_sbth_6000__Algo_pesa2,1576,invoke_solver,173
NSGA,simplified-cocome__BRF_clone_1.23__moc_1.64__mcnn_1.80__moncnn_1.45__MaxEval_102__ProbPAs_0.95__sb_none_sbth_6000__Algo_pesa2,1576,lqn2uml,17096
NSGA,simplified-cocome__BRF_clone_1.23__moc_1.64__mcnn_1.80__moncnn_1.45__MaxEval_102__ProbPAs_0.95__sb_none_sbth_6000__Algo_pesa2,1576,counting_pas,1576,14572
simplified-cocome,simplified-cocome__BRF_clone_1.23__moc_1.64__mcnn_1.80__moncnn_1.45__MaxEval_102__ProbPAs_0.95__sb_none_sbth_6000__Algo_pesa2,1576,perfQ,16492
simplified-cocome,simplified-cocome__BRF_clone_1.23__moc_1.64__mcnn_1.80__moncnn_1.45__MaxEval_102__ProbPAs_0.95__sb_none_sbth_6000__Algo_pesa2,reliability,195
simplified-cocome,simplified-cocome__BRF_clone_1.23__moc_1.64__mcnn_1.80__moncnn_1.45__MaxEval_102__ProbPAs_0.95__sb_none_sbth_6000__Algo_pesa2,1580,uml2lqn,17699
NSGA,simplified-cocome__BRF_clone_1.23__moc_1.64__mcnn_1.80__moncnn_1.45__MaxEval_102__ProbPAs_0.95__sb_none_sbth_6000__Algo_pesa2,1580,invoke_solver,123
NSGA,simplified-cocome__BRF_clone_1.23__moc_1.64__mcnn_1.80__moncnn_1.45__MaxEval_102__ProbPAs_0.95__sb_none_sbth_6000__Algo_pesa2,1580,lqn2uml,15291
NSGA,simplified-cocome__BRF_clone_1.23__moc_1.64__mcnn_1.80__moncnn_1.45__MaxEval_102__ProbPAs_0.95__sb_none_sbth_6000__Algo_pesa2,1580,counting_pas,1580,11777
simplified-cocome,simplified-cocome__BRF_clone_1.23__moc_1.64__mcnn_1.80__moncnn_1.45__MaxEval_102__ProbPAs_0.95__sb_none_sbth_6000__Algo_pesa2,1580,perfQ,15229
simplified-cocome,simplified-cocome__BRF_clone_1.23__moc_1.64__mcnn_1.80__moncnn_1.45__MaxEval_102__ProbPAs_0.95__sb_none_sbth_6000__Algo_pesa2,reliability,185
simplified-cocome,simplified-cocome__BRF_clone_1.23__moc_1.64__mcnn_1.80__moncnn_1.45__MaxEval_102__ProbPAs_0.95__sb_none_sbth_6000__Algo_pesa2,1584,uml2lqn,18687
NSGA,simplified-cocome__BRF_clone_1.23__moc_1.64__mcnn_1.80__moncnn_1.45__MaxEval_102__ProbPAs_0.95__sb_none_sbth_6000__Algo_pesa2,1584,invoke_solver,139
NSGA,simplified-cocome__BRF_clone_1.23__moc_1.64__mcnn_1.80__moncnn_1.45__MaxEval_102__ProbPAs_0.95__sb_none_sbth_6000__Algo_pesa2,1584,lqn2uml,18065
NSGA,simplified-cocome__BRF_clone_1.23__moc_1.64__mcnn_1.80__moncnn_1.45__MaxEval_102__ProbPAs_0.95__sb_none_sbth_6000__Algo_pesa2,1584,counting_pas,1584,11542
simplified-cocome,simplified-cocome__BRF_clone_1.23__moc_1.64__mcnn_1.80__moncnn_1.45__MaxEval_102__ProbPAs_0.95__sb_none_sbth_6000__Algo_pesa2,1584,perfQ,15521
simplified-cocome,simplified-cocome__BRF_clone_1.23__moc_1.64__mcnn_1.80__moncnn_1.45__MaxEval_102__ProbPAs_0.95__sb_none_sbth_6000__Algo_pesa2,reliability,180
simplified-cocome,simplified-cocome__BRF_clone_1.23__moc_1.64__mcnn_1.80__moncnn_1.45__MaxEval_102__ProbPAs_0.95__sb_none_sbth_6000__Algo_pesa2,1588,uml2lqn,14520
NSGA,simplified-cocome__BRF_clone_1.23__moc_1.64__mcnn_1.80__moncnn_1.45__MaxEval_102__ProbPAs_0.95__sb_none_sbth_6000__Algo_pesa2,1588,invoke_solver,48
NSGA,simplified-cocome__BRF_clone_1.23__moc_1.64__mcnn_1.80__moncnn_1.45__MaxEval_102__ProbPAs_0.95__sb_none_sbth_6000__Algo_pesa2,1588,lqn2uml,13676
NSGA,simplified-cocome__BRF_clone_1.23__moc_1.64__mcnn_1.80__moncnn_1.45__MaxEval_102__ProbPAs_0.95__sb_none_sbth_6000__Algo_pesa2,1588,counting_pas,1588,15311
simplified-cocome,simplified-cocome__BRF_clone_1.23__moc_1.64__mcnn_1.80__moncnn_1.45__MaxEval_102__ProbPAs_0.95__sb_none_sbth_6000__Algo_pesa2,1588,perfQ,16918
simplified-cocome,simplified-cocome__BRF_clone_1.23__moc_1.64__mcnn_1.80__moncnn_1.45__MaxEval_102__ProbPAs_0.95__sb_none_sbth_6000__Algo_pesa2,reliability,188
simplified-cocome,simplified-cocome__BRF_clone_1.23__moc_1.64__mcnn_1.80__moncnn_1.45__MaxEval_102__ProbPAs_0.95__sb_none_sbth_6000__Algo_pesa2,1592,uml2lqn,18660
NSGA,simplified-cocome__BRF_clone_1.23__moc_1.64__mcnn_1.80__moncnn_1.45__MaxEval_102__ProbPAs_0.95__sb_none_sbth_6000__Algo_pesa2,1592,invoke_solver,304
NSGA,simplified-cocome__BRF_clone_1.23__moc_1.64__mcnn_1.80__moncnn_1.45__MaxEval_102__ProbPAs_0.95__sb_none_sbth_6000__Algo_pesa2,1592,lqn2uml,14791
NSGA,simplified-cocome__BRF_clone_1.23__moc_1.64__mcnn_1.80__moncnn_1.45__MaxEval_102__ProbPAs_0.95__sb_none_sbth_6000__Algo_pesa2,1592,counting_pas,1592,14346
simplified-cocome,simplified-cocome__BRF_clone_1.23__moc_1.64__mcnn_1.80__moncnn_1.45__MaxEval_102__ProbPAs_0.95__sb_none_sbth_6000__Algo_pesa2,1592,perfQ,13710
simplified-cocome,simplified-cocome__BRF_clone_1.23__moc_1.64__mcnn_1.80__moncnn_1.45__MaxEval_102__ProbPAs_0.95__sb_none_sbth_6000__Algo_pesa2,reliability,210
simplified-cocome,simplified-cocome__BRF_clone_1.23__moc_1.64__mcnn_1.80__moncnn_1.45__MaxEval_102__ProbPAs_0.95__sb_none_sbth_6000__Algo_pesa2,1596,uml2lqn,18003
NSGA,simplified-cocome__BRF_clone_1.23__moc_1.64__mcnn_1.80__moncnn_1.45__MaxEval_102__ProbPAs_0.95__sb_none_sbth_6000__Algo_pesa2,1596,invoke_solver,333
NSGA,simplified-cocome__BRF_clone_1.23__moc_1.64__mcnn_1.80__moncnn_1.45__MaxEval_102__ProbPAs_0.95__sb_none_sbth_6000__Algo_pesa2,1596,lqn2uml,14659
NSGA,simplified-cocome__BRF_clone_1.23__moc_1.64__mcnn_1.80__moncnn_1.45__MaxEval_102__ProbPAs_0.95__sb_none_sbth_6000__Algo_pesa2,1596,counting_pas,1596,18545
simplified-cocome,simplified-cocome__BRF_clone_1.23__moc_1.64__mcnn_1.80__moncnn_1.45__MaxEval_102__ProbPAs_0.95__sb_none_sbth_6000__Algo_pesa2,1596,perfQ,15749
simplified-cocome,simplified-cocome__BRF_clone_1.23__moc_1.64__mcnn_1.80__moncnn_1.45__MaxEval_102__ProbPAs_0.95__sb_none_sbth_6000__Algo_pesa2,reliability,150
simplified-cocome,simplified-cocome__BRF_clone_1.23__moc_1.64__mcnn_1.80__moncnn_1.45__MaxEval_102__ProbPAs_0.95__sb_none_sbth_6000__Algo_pesa2,1598,uml2lqn,19203
NSGA,simplified-cocome__BRF_clone_1.23__moc_1.64__mcnn_1.80__moncnn_1.45__MaxEval_102__ProbPAs_0.95__sb_none_sbth_6000__Algo_pesa2,1598,invoke_solver,173
NSGA,simplified-cocome__BRF_clone_1.23__moc_1.64__mcnn_1.80__moncnn_1.45__MaxEval_102__ProbPAs_0.95__sb_none_sbth_6000__Algo_pesa2,1598,lqn2uml,15921
NSGA,simplified-cocome__BRF_clone_1.23__moc_1.64__mcnn_1.80__moncnn_1.45__MaxEval_102__ProbPAs_0.95__sb_none_sbth_6000__Algo_pesa2,1598,counting_pas,1598,13956
simplified-cocome,simplified-cocome__BRF_clone_1.23__moc_1.64__mcnn_1.80__moncnn_1.45__MaxEval_102__ProbPAs_0.95__sb_none_sbth_6000__Algo_pesa2,1598,perfQ,14760
simplified-cocome,simplified-cocome__BRF_clone_1.23__moc_1.64__mcnn_1.80__moncnn_1.45__MaxEval_102__ProbPAs_0.95__sb_none_sbth_6000__Algo_pesa2,reliability,176
simplified-cocome,simplified-cocome__BRF_clone_1.23__moc_1.64__mcnn_1.80__moncnn_1.45__MaxEval_102__ProbPAs_0.95__sb_none_sbth_6000__Algo_pesa2,1600,uml2lqn,18012
NSGA,simplified-cocome__BRF_clone_1.23__moc_1.64__mcnn_1.80__moncnn_1.45__MaxEval_102__ProbPAs_0.95__sb_none_sbth_6000__Algo_pesa2,1600,invoke_solver,129
NSGA,simplified-cocome__BRF_clone_1.23__moc_1.64__mcnn_1.80__moncnn_1.45__MaxEval_102__ProbPAs_0.95__sb_none_sbth_6000__Algo_pesa2,1600,lqn2uml,14711
NSGA,simplified-cocome__BRF_clone_1.23__moc_1.64__mcnn_1.80__moncnn_1.45__MaxEval_102__ProbPAs_0.95__sb_none_sbth_6000__Algo_pesa2,1600,counting_pas,1600,13350
simplified-cocome,simplified-cocome__BRF_clone_1.23__moc_1.64__mcnn_1.80__moncnn_1.45__MaxEval_102__ProbPAs_0.95__sb_none_sbth_6000__Algo_pesa2,1600,perfQ,15436
simplified-cocome,simplified-cocome__BRF_clone_1.23__moc_1.64__mcnn_1.80__moncnn_1.45__MaxEval_102__ProbPAs_0.95__sb_none_sbth_6000__Algo_pesa2,reliability,209
simplified-cocome,simplified-cocome__BRF_clone_1.23__moc_1.64__mcnn_1.80__moncnn_1.45__MaxEval_102__ProbPAs_0.95__sb_none_sbth_6000__Algo_pesa2,1604,uml2lqn,15810
NSGA,simplified-cocome__BRF_clone_1.23__moc_1.64__mcnn_1.80__moncnn_1.45__MaxEval_102__ProbPAs_0.95__sb_none_sbth_6000__Algo_pesa2,1604,invoke_solver,48
NSGA,simplified-cocome__BRF_clone_1.23__moc_1.64__mcnn_1.80__moncnn_1.45__MaxEval_102__ProbPAs_0.95__sb_none_sbth_6000__Algo_pesa2,1604,lqn2uml,15631
NSGA,simplified-cocome__BRF_clone_1.23__moc_1.64__mcnn_1.80__moncnn_1.45__MaxEval_102__ProbPAs_0.95__sb_none_sbth_6000__Algo_pesa2,1604,counting_pas,1604,13966
simplified-cocome,simplified-cocome__BRF_clone_1.23__moc_1.64__mcnn_1.80__moncnn_1.45__MaxEval_102__ProbPAs_0.95__sb_none_sbth_6000__Algo_pesa2,1604,perfQ,17617
simplified-cocome,simplified-cocome__BRF_clone_1.23__moc_1.64__mcnn_1.80__moncnn_1.45__MaxEval_102__ProbPAs_0.95__sb_none_sbth_6000__Algo_pesa2,reliability,222
simplified-cocome,simplified-cocome__BRF_clone_1.23__moc_1.64__mcnn_1.80__moncnn_1.45__MaxEval_102__ProbPAs_0.95__sb_none_sbth_6000__Algo_pesa2,1608,uml2lqn,16540
NSGA,simplified-cocome__BRF_clone_1.23__moc_1.64__mcnn_1.80__moncnn_1.45__MaxEval_102__ProbPAs_0.95__sb_none_sbth_6000__Algo_pesa2,1608,invoke_solver,118
NSGA,simplified-cocome__BRF_clone_1.23__moc_1.64__mcnn_1.80__moncnn_1.45__MaxEval_102__ProbPAs_0.95__sb_none_sbth_6000__Algo_pesa2,1608,lqn2uml,16079
NSGA,simplified-cocome__BRF_clone_1.23__moc_1.64__mcnn_1.80__moncnn_1.45__MaxEval_102__ProbPAs_0.95__sb_none_sbth_6000__Algo_pesa2,1608,counting_pas,1608,7838
simplified-cocome,simplified-cocome__BRF_clone_1.23__moc_1.64__mcnn_1.80__moncnn_1.45__MaxEval_102__ProbPAs_0.95__sb_none_sbth_6000__Algo_pesa2,1608,perfQ,13324
simplified-cocome,simplified-cocome__BRF_clone_1.23__moc_1.64__mcnn_1.80__moncnn_1.45__MaxEval_102__ProbPAs_0.95__sb_none_sbth_6000__Algo_pesa2,reliability,210
simplified-cocome,simplified-cocome__BRF_clone_1.23__moc_1.64__mcnn_1.80__moncnn_1.45__MaxEval_102__ProbPAs_0.95__sb_none_sbth_6000__Algo_pesa2,1612,uml2lqn,19349
NSGA,simplified-cocome__BRF_clone_1.23__moc_1.64__mcnn_1.80__moncnn_1.45__MaxEval_102__ProbPAs_0.95__sb_none_sbth_6000__Algo_pesa2,1612,invoke_solver,95
NSGA,simplified-cocome__BRF_clone_1.23__moc_1.64__mcnn_1.80__moncnn_1.45__MaxEval_102__ProbPAs_0.95__sb_none_sbth_6000__Algo_pesa2,1612,lqn2uml,16226
NSGA,simplified-cocome__BRF_clone_1.23__moc_1.64__mcnn_1.80__moncnn_1.45__MaxEval_102__ProbPAs_0.95__sb_none_sbth_6000__Algo_pesa2,1612,counting_pas,1612,20323
simplified-cocome,simplified-cocome__BRF_clone_1.23__moc_1.64__mcnn_1.80__moncnn_1.45__MaxEval_102__ProbPAs_0.95__sb_none_sbth_6000__Algo_pesa2,1612,perfQ,13145
simplified-cocome,simplified-cocome__BRF_clone_1.23__moc_1.64__mcnn_1.80__moncnn_1.45__MaxEval_102__ProbPAs_0.95__sb_none_sbth_6000__Algo_pesa2,reliability,202
simplified-cocome,simplified-cocome__BRF_clone_1.23__moc_1.64__mcnn_1.80__moncnn_1.45__MaxEval_102__ProbPAs_0.95__sb_none_sbth_6000__Algo_pesa2,1616,uml2lqn,16242
NSGA,simplified-cocome__BRF_clone_1.23__moc_1.64__mcnn_1.80__moncnn_1.45__MaxEval_102__ProbPAs_0.95__sb_none_sbth_6000__Algo_pesa2,1616,invoke_solver,73
NSGA,simplified-cocome__BRF_clone_1.23__moc_1.64__mcnn_1.80__moncnn_1.45__MaxEval_102__ProbPAs_0.95__sb_none_sbth_6000__Algo_pesa2,1616,lqn2uml,12999
NSGA,simplified-cocome__BRF_clone_1.23__moc_1.64__mcnn_1.80__moncnn_1.45__MaxEval_102__ProbPAs_0.95__sb_none_sbth_6000__Algo_pesa2,1616,counting_pas,1616,10177
simplified-cocome,simplified-cocome__BRF_clone_1.23__moc_1.64__mcnn_1.80__moncnn_1.45__MaxEval_102__ProbPAs_0.95__sb_none_sbth_6000__Algo_pesa2,1616,perfQ,15511
simplified-cocome,simplified-cocome__BRF_clone_1.23__moc_1.64__mcnn_1.80__moncnn_1.45__MaxEval_102__ProbPAs_0.95__sb_none_sbth_6000__Algo_pesa2,reliability,151
simplified-cocome,simplified-cocome__BRF_clone_1.23__moc_1.64__mcnn_1.80__moncnn_1.45__MaxEval_102__ProbPAs_0.95__sb_none_sbth_6000__Algo_pesa2,1620,uml2lqn,17355
NSGA,simplified-cocome__BRF_clone_1.23__moc_1.64__mcnn_1.80__moncnn_1.45__MaxEval_102__ProbPAs_0.95__sb_none_sbth_6000__Algo_pesa2,1620,invoke_solver,295
NSGA,simplified-cocome__BRF_clone_1.23__moc_1.64__mcnn_1.80__moncnn_1.45__MaxEval_102__ProbPAs_0.95__sb_none_sbth_6000__Algo_pesa2,1620,lqn2uml,17859
NSGA,simplified-cocome__BRF_clone_1.23__moc_1.64__mcnn_1.80__moncnn_1.45__MaxEval_102__ProbPAs_0.95__sb_none_sbth_6000__Algo_pesa2,1620,counting_pas,1620,22354
simplified-cocome,simplified-cocome__BRF_clone_1.23__moc_1.64__mcnn_1.80__moncnn_1.45__MaxEval_102__ProbPAs_0.95__sb_none_sbth_6000__Algo_pesa2,1620,perfQ,18063
simplified-cocome,simplified-cocome__BRF_clone_1.23__moc_1.64__mcnn_1.80__moncnn_1.45__MaxEval_102__ProbPAs_0.95__sb_none_sbth_6000__Algo_pesa2,reliability,182
simplified-cocome,simplified-cocome__BRF_clone_1.23__moc_1.64__mcnn_1.80__moncnn_1.45__MaxEval_102__ProbPAs_0.95__sb_none_sbth_6000__Algo_pesa2,1622,uml2lqn,18389
NSGA,simplified-cocome__BRF_clone_1.23__moc_1.64__mcnn_1.80__moncnn_1.45__MaxEval_102__ProbPAs_0.95__sb_none_sbth_6000__Algo_pesa2,1622,invoke_solver,129
NSGA,simplified-cocome__BRF_clone_1.23__moc_1.64__mcnn_1.80__moncnn_1.45__MaxEval_102__ProbPAs_0.95__sb_none_sbth_6000__Algo_pesa2,1622,lqn2uml,17614
NSGA,simplified-cocome__BRF_clone_1.23__moc_1.64__mcnn_1.80__moncnn_1.45__MaxEval_102__ProbPAs_0.95__sb_none_sbth_6000__Algo_pesa2,1622,counting_pas,1622,11820
simplified-cocome,simplified-cocome__BRF_clone_1.23__moc_1.64__mcnn_1.80__moncnn_1.45__MaxEval_102__ProbPAs_0.95__sb_none_sbth_6000__Algo_pesa2,1622,perfQ,17777
simplified-cocome,simplified-cocome__BRF_clone_1.23__moc_1.64__mcnn_1.80__moncnn_1.45__MaxEval_102__ProbPAs_0.95__sb_none_sbth_6000__Algo_pesa2,reliability,151
simplified-cocome,simplified-cocome__BRF_clone_1.23__moc_1.64__mcnn_1.80__moncnn_1.45__MaxEval_102__ProbPAs_0.95__sb_none_sbth_6000__Algo_pesa2,1626,uml2lqn,19327
NSGA,simplified-cocome__BRF_clone_1.23__moc_1.64__mcnn_1.80__moncnn_1.45__MaxEval_102__ProbPAs_0.95__sb_none_sbth_6000__Algo_pesa2,1626,invoke_solver,85
NSGA,simplified-cocome__BRF_clone_1.23__moc_1.64__mcnn_1.80__moncnn_1.45__MaxEval_102__ProbPAs_0.95__sb_none_sbth_6000__Algo_pesa2,1626,lqn2uml,17737
NSGA,simplified-cocome__BRF_clone_1.23__moc_1.64__mcnn_1.80__moncnn_1.45__MaxEval_102__ProbPAs_0.95__sb_none_sbth_6000__Algo_pesa2,1626,counting_pas,1626,16432
simplified-cocome,simplified-cocome__BRF_clone_1.23__moc_1.64__mcnn_1.80__moncnn_1.45__MaxEval_102__ProbPAs_0.95__sb_none_sbth_6000__Algo_pesa2,1626,perfQ,16756
simplified-cocome,simplified-cocome__BRF_clone_1.23__moc_1.64__mcnn_1.80__moncnn_1.45__MaxEval_102__ProbPAs_0.95__sb_none_sbth_6000__Algo_pesa2,reliability,177
simplified-cocome,simplified-cocome__BRF_clone_1.23__moc_1.64__mcnn_1.80__moncnn_1.45__MaxEval_102__ProbPAs_0.95__sb_none_sbth_6000__Algo_pesa2,1630,uml2lqn,15713
NSGA,simplified-cocome__BRF_clone_1.23__moc_1.64__mcnn_1.80__moncnn_1.45__MaxEval_102__ProbPAs_0.95__sb_none_sbth_6000__Algo_pesa2,1630,invoke_solver,188
NSGA,simplified-cocome__BRF_clone_1.23__moc_1.64__mcnn_1.80__moncnn_1.45__MaxEval_102__ProbPAs_0.95__sb_none_sbth_6000__Algo_pesa2,1630,lqn2uml,15567
NSGA,simplified-cocome__BRF_clone_1.23__moc_1.64__mcnn_1.80__moncnn_1.45__MaxEval_102__ProbPAs_0.95__sb_none_sbth_6000__Algo_pesa2,1630,counting_pas,1630,13541
simplified-cocome,simplified-cocome__BRF_clone_1.23__moc_1.64__mcnn_1.80__moncnn_1.45__MaxEval_102__ProbPAs_0.95__sb_none_sbth_6000__Algo_pesa2,1630,perfQ,15799
simplified-cocome,simplified-cocome__BRF_clone_1.23__moc_1.64__mcnn_1.80__moncnn_1.45__MaxEval_102__ProbPAs_0.95__sb_none_sbth_6000__Algo_pesa2,reliability,206
simplified-cocome,simplified-cocome__BRF_clone_1.23__moc_1.64__mcnn_1.80__moncnn_1.45__MaxEval_102__ProbPAs_0.95__sb_none_sbth_6000__Algo_pesa2,1634,uml2lqn,18407
NSGA,simplified-cocome__BRF_clone_1.23__moc_1.64__mcnn_1.80__moncnn_1.45__MaxEval_102__ProbPAs_0.95__sb_none_sbth_6000__Algo_pesa2,1634,invoke_solver,168
NSGA,simplified-cocome__BRF_clone_1.23__moc_1.64__mcnn_1.80__moncnn_1.45__MaxEval_102__ProbPAs_0.95__sb_none_sbth_6000__Algo_pesa2,1634,lqn2uml,17327
NSGA,simplified-cocome__BRF_clone_1.23__moc_1.64__mcnn_1.80__moncnn_1.45__MaxEval_102__ProbPAs_0.95__sb_none_sbth_6000__Algo_pesa2,1634,counting_pas,1634,16524
simplified-cocome,simplified-cocome__BRF_clone_1.23__moc_1.64__mcnn_1.80__moncnn_1.45__MaxEval_102__ProbPAs_0.95__sb_none_sbth_6000__Algo_pesa2,1634,perfQ,16025
simplified-cocome,simplified-cocome__BRF_clone_1.23__moc_1.64__mcnn_1.80__moncnn_1.45__MaxEval_102__ProbPAs_0.95__sb_none_sbth_6000__Algo_pesa2,reliability,187
simplified-cocome,simplified-cocome__BRF_clone_1.23__moc_1.64__mcnn_1.80__moncnn_1.45__MaxEval_102__ProbPAs_0.95__sb_none_sbth_6000__Algo_pesa2,1636,uml2lqn,19370
NSGA,simplified-cocome__BRF_clone_1.23__moc_1.64__mcnn_1.80__moncnn_1.45__MaxEval_102__ProbPAs_0.95__sb_none_sbth_6000__Algo_pesa2,1636,invoke_solver,151
NSGA,simplified-cocome__BRF_clone_1.23__moc_1.64__mcnn_1.80__moncnn_1.45__MaxEval_102__ProbPAs_0.95__sb_none_sbth_6000__Algo_pesa2,1636,lqn2uml,17248
NSGA,simplified-cocome__BRF_clone_1.23__moc_1.64__mcnn_1.80__moncnn_1.45__MaxEval_102__ProbPAs_0.95__sb_none_sbth_6000__Algo_pesa2,1636,counting_pas,1636,7219
simplified-cocome,simplified-cocome__BRF_clone_1.23__moc_1.64__mcnn_1.80__moncnn_1.45__MaxEval_102__ProbPAs_0.95__sb_none_sbth_6000__Algo_pesa2,1636,perfQ,15684
simplified-cocome,simplified-cocome__BRF_clone_1.23__moc_1.64__mcnn_1.80__moncnn_1.45__MaxEval_102__ProbPAs_0.95__sb_none_sbth_6000__Algo_pesa2,reliability,151
simplified-cocome,simplified-cocome__BRF_clone_1.23__moc_1.64__mcnn_1.80__moncnn_1.45__MaxEval_102__ProbPAs_0.95__sb_none_sbth_6000__Algo_pesa2,1638,uml2lqn,18381
NSGA,simplified-cocome__BRF_clone_1.23__moc_1.64__mcnn_1.80__moncnn_1.45__MaxEval_102__ProbPAs_0.95__sb_none_sbth_6000__Algo_pesa2,1638,invoke_solver,43
NSGA,simplified-cocome__BRF_clone_1.23__moc_1.64__mcnn_1.80__moncnn_1.45__MaxEval_102__ProbPAs_0.95__sb_none_sbth_6000__Algo_pesa2,1638,lqn2uml,13607
NSGA,simplified-cocome__BRF_clone_1.23__moc_1.64__mcnn_1.80__moncnn_1.45__MaxEval_102__ProbPAs_0.95__sb_none_sbth_6000__Algo_pesa2,1638,counting_pas,1638,12427
simplified-cocome,simplified-cocome__BRF_clone_1.23__moc_1.64__mcnn_1.80__moncnn_1.45__MaxEval_102__ProbPAs_0.95__sb_none_sbth_6000__Algo_pesa2,1638,perfQ,15142
simplified-cocome,simplified-cocome__BRF_clone_1.23__moc_1.64__mcnn_1.80__moncnn_1.45__MaxEval_102__ProbPAs_0.95__sb_none_sbth_6000__Algo_pesa2,reliability,184
simplified-cocome,simplified-cocome__BRF_clone_1.23__moc_1.64__mcnn_1.80__moncnn_1.45__MaxEval_102__ProbPAs_0.95__sb_none_sbth_6000__Algo_pesa2,1640,uml2lqn,20098
NSGA,simplified-cocome__BRF_clone_1.23__moc_1.64__mcnn_1.80__moncnn_1.45__MaxEval_102__ProbPAs_0.95__sb_none_sbth_6000__Algo_pesa2,1640,invoke_solver,107
NSGA,simplified-cocome__BRF_clone_1.23__moc_1.64__mcnn_1.80__moncnn_1.45__MaxEval_102__ProbPAs_0.95__sb_none_sbth_6000__Algo_pesa2,1640,lqn2uml,16196
NSGA,simplified-cocome__BRF_clone_1.23__moc_1.64__mcnn_1.80__moncnn_1.45__MaxEval_102__ProbPAs_0.95__sb_none_sbth_6000__Algo_pesa2,1640,counting_pas,1640,14940
simplified-cocome,simplified-cocome__BRF_clone_1.23__moc_1.64__mcnn_1.80__moncnn_1.45__MaxEval_102__ProbPAs_0.95__sb_none_sbth_6000__Algo_pesa2,1640,perfQ,17716
simplified-cocome,simplified-cocome__BRF_clone_1.23__moc_1.64__mcnn_1.80__moncnn_1.45__MaxEval_102__ProbPAs_0.95__sb_none_sbth_6000__Algo_pesa2,reliability,208
simplified-cocome,simplified-cocome__BRF_clone_1.23__moc_1.64__mcnn_1.80__moncnn_1.45__MaxEval_102__ProbPAs_0.95__sb_none_sbth_6000__Algo_pesa2,1644,uml2lqn,17983
NSGA,simplified-cocome__BRF_clone_1.23__moc_1.64__mcnn_1.80__moncnn_1.45__MaxEval_102__ProbPAs_0.95__sb_none_sbth_6000__Algo_pesa2,1644,invoke_solver,53
NSGA,simplified-cocome__BRF_clone_1.23__moc_1.64__mcnn_1.80__moncnn_1.45__MaxEval_102__ProbPAs_0.95__sb_none_sbth_6000__Algo_pesa2,1644,lqn2uml,17359
NSGA,simplified-cocome__BRF_clone_1.23__moc_1.64__mcnn_1.80__moncnn_1.45__MaxEval_102__ProbPAs_0.95__sb_none_sbth_6000__Algo_pesa2,1644,counting_pas,1644,20238
simplified-cocome,simplified-cocome__BRF_clone_1.23__moc_1.64__mcnn_1.80__moncnn_1.45__MaxEval_102__ProbPAs_0.95__sb_none_sbth_6000__Algo_pesa2,1644,perfQ,14604
simplified-cocome,simplified-cocome__BRF_clone_1.23__moc_1.64__mcnn_1.80__moncnn_1.45__MaxEval_102__ProbPAs_0.95__sb_none_sbth_6000__Algo_pesa2,reliability,215
simplified-cocome,simplified-cocome__BRF_clone_1.23__moc_1.64__mcnn_1.80__moncnn_1.45__MaxEval_102__ProbPAs_0.95__sb_none_sbth_6000__Algo_pesa2,1646,uml2lqn,17780
NSGA,simplified-cocome__BRF_clone_1.23__moc_1.64__mcnn_1.80__moncnn_1.45__MaxEval_102__ProbPAs_0.95__sb_none_sbth_6000__Algo_pesa2,1646,invoke_solver,153
NSGA,simplified-cocome__BRF_clone_1.23__moc_1.64__mcnn_1.80__moncnn_1.45__MaxEval_102__ProbPAs_0.95__sb_none_sbth_6000__Algo_pesa2,1646,lqn2uml,16279
NSGA,simplified-cocome__BRF_clone_1.23__moc_1.64__mcnn_1.80__moncnn_1.45__MaxEval_102__ProbPAs_0.95__sb_none_sbth_6000__Algo_pesa2,1646,counting_pas,1646,7736
simplified-cocome,simplified-cocome__BRF_clone_1.23__moc_1.64__mcnn_1.80__moncnn_1.45__MaxEval_102__ProbPAs_0.95__sb_none_sbth_6000__Algo_pesa2,1646,perfQ,17009
simplified-cocome,simplified-cocome__BRF_clone_1.23__moc_1.64__mcnn_1.80__moncnn_1.45__MaxEval_102__ProbPAs_0.95__sb_none_sbth_6000__Algo_pesa2,reliability,188
simplified-cocome,simplified-cocome__BRF_clone_1.23__moc_1.64__mcnn_1.80__moncnn_1.45__MaxEval_102__ProbPAs_0.95__sb_none_sbth_6000__Algo_pesa2,1650,uml2lqn,19125
NSGA,simplified-cocome__BRF_clone_1.23__moc_1.64__mcnn_1.80__moncnn_1.45__MaxEval_102__ProbPAs_0.95__sb_none_sbth_6000__Algo_pesa2,1650,invoke_solver,110
NSGA,simplified-cocome__BRF_clone_1.23__moc_1.64__mcnn_1.80__moncnn_1.45__MaxEval_102__ProbPAs_0.95__sb_none_sbth_6000__Algo_pesa2,1650,lqn2uml,18268
NSGA,simplified-cocome__BRF_clone_1.23__moc_1.64__mcnn_1.80__moncnn_1.45__MaxEval_102__ProbPAs_0.95__sb_none_sbth_6000__Algo_pesa2,1650,counting_pas,1650,8396
simplified-cocome,simplified-cocome__BRF_clone_1.23__moc_1.64__mcnn_1.80__moncnn_1.45__MaxEval_102__ProbPAs_0.95__sb_none_sbth_6000__Algo_pesa2,1650,perfQ,15038
simplified-cocome,simplified-cocome__BRF_clone_1.23__moc_1.64__mcnn_1.80__moncnn_1.45__MaxEval_102__ProbPAs_0.95__sb_none_sbth_6000__Algo_pesa2,reliability,196
simplified-cocome,simplified-cocome__BRF_clone_1.23__moc_1.64__mcnn_1.80__moncnn_1.45__MaxEval_102__ProbPAs_0.95__sb_none_sbth_6000__Algo_pesa2,1654,uml2lqn,18337
NSGA,simplified-cocome__BRF_clone_1.23__moc_1.64__mcnn_1.80__moncnn_1.45__MaxEval_102__ProbPAs_0.95__sb_none_sbth_6000__Algo_pesa2,1654,invoke_solver,330
NSGA,simplified-cocome__BRF_clone_1.23__moc_1.64__mcnn_1.80__moncnn_1.45__MaxEval_102__ProbPAs_0.95__sb_none_sbth_6000__Algo_pesa2,1654,lqn2uml,16166
NSGA,simplified-cocome__BRF_clone_1.23__moc_1.64__mcnn_1.80__moncnn_1.45__MaxEval_102__ProbPAs_0.95__sb_none_sbth_6000__Algo_pesa2,1654,counting_pas,1654,12146
simplified-cocome,simplified-cocome__BRF_clone_1.23__moc_1.64__mcnn_1.80__moncnn_1.45__MaxEval_102__ProbPAs_0.95__sb_none_sbth_6000__Algo_pesa2,1654,perfQ,18149
simplified-cocome,simplified-cocome__BRF_clone_1.23__moc_1.64__mcnn_1.80__moncnn_1.45__MaxEval_102__ProbPAs_0.95__sb_none_sbth_6000__Algo_pesa2,reliability,173
simplified-cocome,simplified-cocome__BRF_clone_1.23__moc_1.64__mcnn_1.80__moncnn_1.45__MaxEval_102__ProbPAs_0.95__sb_none_sbth_6000__Algo_pesa2,1656,uml2lqn,18409
NSGA,simplified-cocome__BRF_clone_1.23__moc_1.64__mcnn_1.80__moncnn_1.45__MaxEval_102__ProbPAs_0.95__sb_none_sbth_6000__Algo_pesa2,1656,invoke_solver,322
NSGA,simplified-cocome__BRF_clone_1.23__moc_1.64__mcnn_1.80__moncnn_1.45__MaxEval_102__ProbPAs_0.95__sb_none_sbth_6000__Algo_pesa2,1656,lqn2uml,16714
NSGA,simplified-cocome__BRF_clone_1.23__moc_1.64__mcnn_1.80__moncnn_1.45__MaxEval_102__ProbPAs_0.95__sb_none_sbth_6000__Algo_pesa2,1656,counting_pas,1656,15651
simplified-cocome,simplified-cocome__BRF_clone_1.23__moc_1.64__mcnn_1.80__moncnn_1.45__MaxEval_102__ProbPAs_0.95__sb_none_sbth_6000__Algo_pesa2,1656,perfQ,20257
simplified-cocome,simplified-cocome__BRF_clone_1.23__moc_1.64__mcnn_1.80__moncnn_1.45__MaxEval_102__ProbPAs_0.95__sb_none_sbth_6000__Algo_pesa2,reliability,161
simplified-cocome,simplified-cocome__BRF_clone_1.23__moc_1.64__mcnn_1.80__moncnn_1.45__MaxEval_102__ProbPAs_0.95__sb_none_sbth_6000__Algo_pesa2,1660,uml2lqn,20383
NSGA,simplified-cocome__BRF_clone_1.23__moc_1.64__mcnn_1.80__moncnn_1.45__MaxEval_102__ProbPAs_0.95__sb_none_sbth_6000__Algo_pesa2,1660,invoke_solver,287
NSGA,simplified-cocome__BRF_clone_1.23__moc_1.64__mcnn_1.80__moncnn_1.45__MaxEval_102__ProbPAs_0.95__sb_none_sbth_6000__Algo_pesa2,1660,lqn2uml,15978
NSGA,simplified-cocome__BRF_clone_1.23__moc_1.64__mcnn_1.80__moncnn_1.45__MaxEval_102__ProbPAs_0.95__sb_none_sbth_6000__Algo_pesa2,1660,counting_pas,1660,14804
simplified-cocome,simplified-cocome__BRF_clone_1.23__moc_1.64__mcnn_1.80__moncnn_1.45__MaxEval_102__ProbPAs_0.95__sb_none_sbth_6000__Algo_pesa2,1660,perfQ,16026
simplified-cocome,simplified-cocome__BRF_clone_1.23__moc_1.64__mcnn_1.80__moncnn_1.45__MaxEval_102__ProbPAs_0.95__sb_none_sbth_6000__Algo_pesa2,reliability,209
simplified-cocome,simplified-cocome__BRF_clone_1.23__moc_1.64__mcnn_1.80__moncnn_1.45__MaxEval_102__ProbPAs_0.95__sb_none_sbth_6000__Algo_pesa2,1664,uml2lqn,18065
NSGA,simplified-cocome__BRF_clone_1.23__moc_1.64__mcnn_1.80__moncnn_1.45__MaxEval_102__ProbPAs_0.95__sb_none_sbth_6000__Algo_pesa2,1664,invoke_solver,77
NSGA,simplified-cocome__BRF_clone_1.23__moc_1.64__mcnn_1.80__moncnn_1.45__MaxEval_102__ProbPAs_0.95__sb_none_sbth_6000__Algo_pesa2,1664,lqn2uml,17554
NSGA,simplified-cocome__BRF_clone_1.23__moc_1.64__mcnn_1.80__moncnn_1.45__MaxEval_102__ProbPAs_0.95__sb_none_sbth_6000__Algo_pesa2,1664,counting_pas,1664,9041
simplified-cocome,simplified-cocome__BRF_clone_1.23__moc_1.64__mcnn_1.80__moncnn_1.45__MaxEval_102__ProbPAs_0.95__sb_none_sbth_6000__Algo_pesa2,1664,perfQ,16050
simplified-cocome,simplified-cocome__BRF_clone_1.23__moc_1.64__mcnn_1.80__moncnn_1.45__MaxEval_102__ProbPAs_0.95__sb_none_sbth_6000__Algo_pesa2,reliability,185
simplified-cocome,simplified-cocome__BRF_clone_1.23__moc_1.64__mcnn_1.80__moncnn_1.45__MaxEval_102__ProbPAs_0.95__sb_none_sbth_6000__Algo_pesa2,1668,uml2lqn,19330
NSGA,simplified-cocome__BRF_clone_1.23__moc_1.64__mcnn_1.80__moncnn_1.45__MaxEval_102__ProbPAs_0.95__sb_none_sbth_6000__Algo_pesa2,1668,invoke_solver,117
NSGA,simplified-cocome__BRF_clone_1.23__moc_1.64__mcnn_1.80__moncnn_1.45__MaxEval_102__ProbPAs_0.95__sb_none_sbth_6000__Algo_pesa2,1668,lqn2uml,17948
NSGA,simplified-cocome__BRF_clone_1.23__moc_1.64__mcnn_1.80__moncnn_1.45__MaxEval_102__ProbPAs_0.95__sb_none_sbth_6000__Algo_pesa2,1668,counting_pas,1668,16223
simplified-cocome,simplified-cocome__BRF_clone_1.23__moc_1.64__mcnn_1.80__moncnn_1.45__MaxEval_102__ProbPAs_0.95__sb_none_sbth_6000__Algo_pesa2,1668,perfQ,17843
simplified-cocome,simplified-cocome__BRF_clone_1.23__moc_1.64__mcnn_1.80__moncnn_1.45__MaxEval_102__ProbPAs_0.95__sb_none_sbth_6000__Algo_pesa2,reliability,232
simplified-cocome,simplified-cocome__BRF_clone_1.23__moc_1.64__mcnn_1.80__moncnn_1.45__MaxEval_102__ProbPAs_0.95__sb_none_sbth_6000__Algo_pesa2,1670,uml2lqn,19326
NSGA,simplified-cocome__BRF_clone_1.23__moc_1.64__mcnn_1.80__moncnn_1.45__MaxEval_102__ProbPAs_0.95__sb_none_sbth_6000__Algo_pesa2,1670,invoke_solver,117
NSGA,simplified-cocome__BRF_clone_1.23__moc_1.64__mcnn_1.80__moncnn_1.45__MaxEval_102__ProbPAs_0.95__sb_none_sbth_6000__Algo_pesa2,1670,lqn2uml,16313
NSGA,simplified-cocome__BRF_clone_1.23__moc_1.64__mcnn_1.80__moncnn_1.45__MaxEval_102__ProbPAs_0.95__sb_none_sbth_6000__Algo_pesa2,1670,counting_pas,1670,10662
simplified-cocome,simplified-cocome__BRF_clone_1.23__moc_1.64__mcnn_1.80__moncnn_1.45__MaxEval_102__ProbPAs_0.95__sb_none_sbth_6000__Algo_pesa2,1670,perfQ,16561
simplified-cocome,simplified-cocome__BRF_clone_1.23__moc_1.64__mcnn_1.80__moncnn_1.45__MaxEval_102__ProbPAs_0.95__sb_none_sbth_6000__Algo_pesa2,reliability,165
simplified-cocome,simplified-cocome__BRF_clone_1.23__moc_1.64__mcnn_1.80__moncnn_1.45__MaxEval_102__ProbPAs_0.95__sb_none_sbth_6000__Algo_pesa2,1674,uml2lqn,15929
NSGA,simplified-cocome__BRF_clone_1.23__moc_1.64__mcnn_1.80__moncnn_1.45__MaxEval_102__ProbPAs_0.95__sb_none_sbth_6000__Algo_pesa2,1674,invoke_solver,302
NSGA,simplified-cocome__BRF_clone_1.23__moc_1.64__mcnn_1.80__moncnn_1.45__MaxEval_102__ProbPAs_0.95__sb_none_sbth_6000__Algo_pesa2,1674,lqn2uml,15552
NSGA,simplified-cocome__BRF_clone_1.23__moc_1.64__mcnn_1.80__moncnn_1.45__MaxEval_102__ProbPAs_0.95__sb_none_sbth_6000__Algo_pesa2,1674,counting_pas,1674,13408
simplified-cocome,simplified-cocome__BRF_clone_1.23__moc_1.64__mcnn_1.80__moncnn_1.45__MaxEval_102__ProbPAs_0.95__sb_none_sbth_6000__Algo_pesa2,1674,perfQ,15985
simplified-cocome,simplified-cocome__BRF_clone_1.23__moc_1.64__mcnn_1.80__moncnn_1.45__MaxEval_102__ProbPAs_0.95__sb_none_sbth_6000__Algo_pesa2,reliability,139
simplified-cocome,simplified-cocome__BRF_clone_1.23__moc_1.64__mcnn_1.80__moncnn_1.45__MaxEval_102__ProbPAs_0.95__sb_none_sbth_6000__Algo_pesa2,1678,uml2lqn,19390
NSGA,simplified-cocome__BRF_clone_1.23__moc_1.64__mcnn_1.80__moncnn_1.45__MaxEval_102__ProbPAs_0.95__sb_none_sbth_6000__Algo_pesa2,1678,invoke_solver,172
NSGA,simplified-cocome__BRF_clone_1.23__moc_1.64__mcnn_1.80__moncnn_1.45__MaxEval_102__ProbPAs_0.95__sb_none_sbth_6000__Algo_pesa2,1678,lqn2uml,17201
NSGA,simplified-cocome__BRF_clone_1.23__moc_1.64__mcnn_1.80__moncnn_1.45__MaxEval_102__ProbPAs_0.95__sb_none_sbth_6000__Algo_pesa2,1678,counting_pas,1678,11513
simplified-cocome,simplified-cocome__BRF_clone_1.23__moc_1.64__mcnn_1.80__moncnn_1.45__MaxEval_102__ProbPAs_0.95__sb_none_sbth_6000__Algo_pesa2,1678,perfQ,16236
simplified-cocome,simplified-cocome__BRF_clone_1.23__moc_1.64__mcnn_1.80__moncnn_1.45__MaxEval_102__ProbPAs_0.95__sb_none_sbth_6000__Algo_pesa2,reliability,200
simplified-cocome,simplified-cocome__BRF_clone_1.23__moc_1.64__mcnn_1.80__moncnn_1.45__MaxEval_102__ProbPAs_0.95__sb_none_sbth_6000__Algo_pesa2,1680,uml2lqn,16189
NSGA,simplified-cocome__BRF_clone_1.23__moc_1.64__mcnn_1.80__moncnn_1.45__MaxEval_102__ProbPAs_0.95__sb_none_sbth_6000__Algo_pesa2,1680,invoke_solver,52
NSGA,simplified-cocome__BRF_clone_1.23__moc_1.64__mcnn_1.80__moncnn_1.45__MaxEval_102__ProbPAs_0.95__sb_none_sbth_6000__Algo_pesa2,1680,lqn2uml,14750
NSGA,simplified-cocome__BRF_clone_1.23__moc_1.64__mcnn_1.80__moncnn_1.45__MaxEval_102__ProbPAs_0.95__sb_none_sbth_6000__Algo_pesa2,1680,counting_pas,1680,8534
simplified-cocome,simplified-cocome__BRF_clone_1.23__moc_1.64__mcnn_1.80__moncnn_1.45__MaxEval_102__ProbPAs_0.95__sb_none_sbth_6000__Algo_pesa2,1680,perfQ,14426
simplified-cocome,simplified-cocome__BRF_clone_1.23__moc_1.64__mcnn_1.80__moncnn_1.45__MaxEval_102__ProbPAs_0.95__sb_none_sbth_6000__Algo_pesa2,reliability,174
simplified-cocome,simplified-cocome__BRF_clone_1.23__moc_1.64__mcnn_1.80__moncnn_1.45__MaxEval_102__ProbPAs_0.95__sb_none_sbth_6000__Algo_pesa2,1684,uml2lqn,19136
NSGA,simplified-cocome__BRF_clone_1.23__moc_1.64__mcnn_1.80__moncnn_1.45__MaxEval_102__ProbPAs_0.95__sb_none_sbth_6000__Algo_pesa2,1684,invoke_solver,94
NSGA,simplified-cocome__BRF_clone_1.23__moc_1.64__mcnn_1.80__moncnn_1.45__MaxEval_102__ProbPAs_0.95__sb_none_sbth_6000__Algo_pesa2,1684,lqn2uml,16153
NSGA,simplified-cocome__BRF_clone_1.23__moc_1.64__mcnn_1.80__moncnn_1.45__MaxEval_102__ProbPAs_0.95__sb_none_sbth_6000__Algo_pesa2,1684,counting_pas,1684,9661
simplified-cocome,simplified-cocome__BRF_clone_1.23__moc_1.64__mcnn_1.80__moncnn_1.45__MaxEval_102__ProbPAs_0.95__sb_none_sbth_6000__Algo_pesa2,1684,perfQ,14450
simplified-cocome,simplified-cocome__BRF_clone_1.23__moc_1.64__mcnn_1.80__moncnn_1.45__MaxEval_102__ProbPAs_0.95__sb_none_sbth_6000__Algo_pesa2,reliability,187
simplified-cocome,simplified-cocome__BRF_clone_1.23__moc_1.64__mcnn_1.80__moncnn_1.45__MaxEval_102__ProbPAs_0.95__sb_none_sbth_6000__Algo_pesa2,1688,uml2lqn,16484
NSGA,simplified-cocome__BRF_clone_1.23__moc_1.64__mcnn_1.80__moncnn_1.45__MaxEval_102__ProbPAs_0.95__sb_none_sbth_6000__Algo_pesa2,1688,invoke_solver,124
NSGA,simplified-cocome__BRF_clone_1.23__moc_1.64__mcnn_1.80__moncnn_1.45__MaxEval_102__ProbPAs_0.95__sb_none_sbth_6000__Algo_pesa2,1688,lqn2uml,15281
NSGA,simplified-cocome__BRF_clone_1.23__moc_1.64__mcnn_1.80__moncnn_1.45__MaxEval_102__ProbPAs_0.95__sb_none_sbth_6000__Algo_pesa2,1688,counting_pas,1688,8503
simplified-cocome,simplified-cocome__BRF_clone_1.23__moc_1.64__mcnn_1.80__moncnn_1.45__MaxEval_102__ProbPAs_0.95__sb_none_sbth_6000__Algo_pesa2,1688,perfQ,14210
simplified-cocome,simplified-cocome__BRF_clone_1.23__moc_1.64__mcnn_1.80__moncnn_1.45__MaxEval_102__ProbPAs_0.95__sb_none_sbth_6000__Algo_pesa2,reliability,173
simplified-cocome,simplified-cocome__BRF_clone_1.23__moc_1.64__mcnn_1.80__moncnn_1.45__MaxEval_102__ProbPAs_0.95__sb_none_sbth_6000__Algo_pesa2,1692,uml2lqn,17147
NSGA,simplified-cocome__BRF_clone_1.23__moc_1.64__mcnn_1.80__moncnn_1.45__MaxEval_102__ProbPAs_0.95__sb_none_sbth_6000__Algo_pesa2,1692,invoke_solver,128
NSGA,simplified-cocome__BRF_clone_1.23__moc_1.64__mcnn_1.80__moncnn_1.45__MaxEval_102__ProbPAs_0.95__sb_none_sbth_6000__Algo_pesa2,1692,lqn2uml,13366
NSGA,simplified-cocome__BRF_clone_1.23__moc_1.64__mcnn_1.80__moncnn_1.45__MaxEval_102__ProbPAs_0.95__sb_none_sbth_6000__Algo_pesa2,1692,counting_pas,1692,8899
simplified-cocome,simplified-cocome__BRF_clone_1.23__moc_1.64__mcnn_1.80__moncnn_1.45__MaxEval_102__ProbPAs_0.95__sb_none_sbth_6000__Algo_pesa2,1692,perfQ,11814
simplified-cocome,simplified-cocome__BRF_clone_1.23__moc_1.64__mcnn_1.80__moncnn_1.45__MaxEval_102__ProbPAs_0.95__sb_none_sbth_6000__Algo_pesa2,reliability,166
simplified-cocome,simplified-cocome__BRF_clone_1.23__moc_1.64__mcnn_1.80__moncnn_1.45__MaxEval_102__ProbPAs_0.95__sb_none_sbth_6000__Algo_pesa2,1694,uml2lqn,17139
NSGA,simplified-cocome__BRF_clone_1.23__moc_1.64__mcnn_1.80__moncnn_1.45__MaxEval_102__ProbPAs_0.95__sb_none_sbth_6000__Algo_pesa2,1694,invoke_solver,67
NSGA,simplified-cocome__BRF_clone_1.23__moc_1.64__mcnn_1.80__moncnn_1.45__MaxEval_102__ProbPAs_0.95__sb_none_sbth_6000__Algo_pesa2,1694,lqn2uml,14717
NSGA,simplified-cocome__BRF_clone_1.23__moc_1.64__mcnn_1.80__moncnn_1.45__MaxEval_102__ProbPAs_0.95__sb_none_sbth_6000__Algo_pesa2,1694,counting_pas,1694,10745
simplified-cocome,simplified-cocome__BRF_clone_1.23__moc_1.64__mcnn_1.80__moncnn_1.45__MaxEval_102__ProbPAs_0.95__sb_none_sbth_6000__Algo_pesa2,1694,perfQ,14809
simplified-cocome,simplified-cocome__BRF_clone_1.23__moc_1.64__mcnn_1.80__moncnn_1.45__MaxEval_102__ProbPAs_0.95__sb_none_sbth_6000__Algo_pesa2,reliability,223
simplified-cocome,simplified-cocome__BRF_clone_1.23__moc_1.64__mcnn_1.80__moncnn_1.45__MaxEval_102__ProbPAs_0.95__sb_none_sbth_6000__Algo_pesa2,1696,uml2lqn,15693
NSGA,simplified-cocome__BRF_clone_1.23__moc_1.64__mcnn_1.80__moncnn_1.45__MaxEval_102__ProbPAs_0.95__sb_none_sbth_6000__Algo_pesa2,1696,invoke_solver,205
NSGA,simplified-cocome__BRF_clone_1.23__moc_1.64__mcnn_1.80__moncnn_1.45__MaxEval_102__ProbPAs_0.95__sb_none_sbth_6000__Algo_pesa2,1696,lqn2uml,14998
NSGA,simplified-cocome__BRF_clone_1.23__moc_1.64__mcnn_1.80__moncnn_1.45__MaxEval_102__ProbPAs_0.95__sb_none_sbth_6000__Algo_pesa2,1696,counting_pas,1696,8877
simplified-cocome,simplified-cocome__BRF_clone_1.23__moc_1.64__mcnn_1.80__moncnn_1.45__MaxEval_102__ProbPAs_0.95__sb_none_sbth_6000__Algo_pesa2,1696,perfQ,15219
simplified-cocome,simplified-cocome__BRF_clone_1.23__moc_1.64__mcnn_1.80__moncnn_1.45__MaxEval_102__ProbPAs_0.95__sb_none_sbth_6000__Algo_pesa2,reliability,193
simplified-cocome,simplified-cocome__BRF_clone_1.23__moc_1.64__mcnn_1.80__moncnn_1.45__MaxEval_102__ProbPAs_0.95__sb_none_sbth_6000__Algo_pesa2,1698,uml2lqn,15609
NSGA,simplified-cocome__BRF_clone_1.23__moc_1.64__mcnn_1.80__moncnn_1.45__MaxEval_102__ProbPAs_0.95__sb_none_sbth_6000__Algo_pesa2,1698,invoke_solver,125
NSGA,simplified-cocome__BRF_clone_1.23__moc_1.64__mcnn_1.80__moncnn_1.45__MaxEval_102__ProbPAs_0.95__sb_none_sbth_6000__Algo_pesa2,1698,lqn2uml,14538
NSGA,simplified-cocome__BRF_clone_1.23__moc_1.64__mcnn_1.80__moncnn_1.45__MaxEval_102__ProbPAs_0.95__sb_none_sbth_6000__Algo_pesa2,1698,counting_pas,1698,10174
simplified-cocome,simplified-cocome__BRF_clone_1.23__moc_1.64__mcnn_1.80__moncnn_1.45__MaxEval_102__ProbPAs_0.95__sb_none_sbth_6000__Algo_pesa2,1698,perfQ,14799
simplified-cocome,simplified-cocome__BRF_clone_1.23__moc_1.64__mcnn_1.80__moncnn_1.45__MaxEval_102__ProbPAs_0.95__sb_none_sbth_6000__Algo_pesa2,reliability,261
simplified-cocome,simplified-cocome__BRF_clone_1.23__moc_1.64__mcnn_1.80__moncnn_1.45__MaxEval_102__ProbPAs_0.95__sb_none_sbth_6000__Algo_pesa2,1702,uml2lqn,17139
NSGA,simplified-cocome__BRF_clone_1.23__moc_1.64__mcnn_1.80__moncnn_1.45__MaxEval_102__ProbPAs_0.95__sb_none_sbth_6000__Algo_pesa2,1702,invoke_solver,87
NSGA,simplified-cocome__BRF_clone_1.23__moc_1.64__mcnn_1.80__moncnn_1.45__MaxEval_102__ProbPAs_0.95__sb_none_sbth_6000__Algo_pesa2,1702,lqn2uml,15691
NSGA,simplified-cocome__BRF_clone_1.23__moc_1.64__mcnn_1.80__moncnn_1.45__MaxEval_102__ProbPAs_0.95__sb_none_sbth_6000__Algo_pesa2,1702,counting_pas,1702,9953
simplified-cocome,simplified-cocome__BRF_clone_1.23__moc_1.64__mcnn_1.80__moncnn_1.45__MaxEval_102__ProbPAs_0.95__sb_none_sbth_6000__Algo_pesa2,1702,perfQ,15231
simplified-cocome,simplified-cocome__BRF_clone_1.23__moc_1.64__mcnn_1.80__moncnn_1.45__MaxEval_102__ProbPAs_0.95__sb_none_sbth_6000__Algo_pesa2,reliability,203
simplified-cocome,simplified-cocome__BRF_clone_1.23__moc_1.64__mcnn_1.80__moncnn_1.45__MaxEval_102__ProbPAs_0.95__sb_none_sbth_6000__Algo_pesa2,1706,uml2lqn,17813
NSGA,simplified-cocome__BRF_clone_1.23__moc_1.64__mcnn_1.80__moncnn_1.45__MaxEval_102__ProbPAs_0.95__sb_none_sbth_6000__Algo_pesa2,1706,invoke_solver,120
NSGA,simplified-cocome__BRF_clone_1.23__moc_1.64__mcnn_1.80__moncnn_1.45__MaxEval_102__ProbPAs_0.95__sb_none_sbth_6000__Algo_pesa2,1706,lqn2uml,17359
NSGA,simplified-cocome__BRF_clone_1.23__moc_1.64__mcnn_1.80__moncnn_1.45__MaxEval_102__ProbPAs_0.95__sb_none_sbth_6000__Algo_pesa2,1706,counting_pas,1706,8358
simplified-cocome,simplified-cocome__BRF_clone_1.23__moc_1.64__mcnn_1.80__moncnn_1.45__MaxEval_102__ProbPAs_0.95__sb_none_sbth_6000__Algo_pesa2,1706,perfQ,16595
simplified-cocome,simplified-cocome__BRF_clone_1.23__moc_1.64__mcnn_1.80__moncnn_1.45__MaxEval_102__ProbPAs_0.95__sb_none_sbth_6000__Algo_pesa2,reliability,210
simplified-cocome,simplified-cocome__BRF_clone_1.23__moc_1.64__mcnn_1.80__moncnn_1.45__MaxEval_102__ProbPAs_0.95__sb_none_sbth_6000__Algo_pesa2,1710,uml2lqn,18075
NSGA,simplified-cocome__BRF_clone_1.23__moc_1.64__mcnn_1.80__moncnn_1.45__MaxEval_102__ProbPAs_0.95__sb_none_sbth_6000__Algo_pesa2,1710,invoke_solver,166
NSGA,simplified-cocome__BRF_clone_1.23__moc_1.64__mcnn_1.80__moncnn_1.45__MaxEval_102__ProbPAs_0.95__sb_none_sbth_6000__Algo_pesa2,1710,lqn2uml,12152
NSGA,simplified-cocome__BRF_clone_1.23__moc_1.64__mcnn_1.80__moncnn_1.45__MaxEval_102__ProbPAs_0.95__sb_none_sbth_6000__Algo_pesa2,1710,counting_pas,1710,8198
simplified-cocome,simplified-cocome__BRF_clone_1.23__moc_1.64__mcnn_1.80__moncnn_1.45__MaxEval_102__ProbPAs_0.95__sb_none_sbth_6000__Algo_pesa2,1710,perfQ,14787
simplified-cocome,simplified-cocome__BRF_clone_1.23__moc_1.64__mcnn_1.80__moncnn_1.45__MaxEval_102__ProbPAs_0.95__sb_none_sbth_6000__Algo_pesa2,reliability,194
simplified-cocome,simplified-cocome__BRF_clone_1.23__moc_1.64__mcnn_1.80__moncnn_1.45__MaxEval_102__ProbPAs_0.95__sb_none_sbth_6000__Algo_pesa2,1714,uml2lqn,16335
NSGA,simplified-cocome__BRF_clone_1.23__moc_1.64__mcnn_1.80__moncnn_1.45__MaxEval_102__ProbPAs_0.95__sb_none_sbth_6000__Algo_pesa2,1714,invoke_solver,117
NSGA,simplified-cocome__BRF_clone_1.23__moc_1.64__mcnn_1.80__moncnn_1.45__MaxEval_102__ProbPAs_0.95__sb_none_sbth_6000__Algo_pesa2,1714,lqn2uml,16494
NSGA,simplified-cocome__BRF_clone_1.23__moc_1.64__mcnn_1.80__moncnn_1.45__MaxEval_102__ProbPAs_0.95__sb_none_sbth_6000__Algo_pesa2,1714,counting_pas,1714,10645
simplified-cocome,simplified-cocome__BRF_clone_1.23__moc_1.64__mcnn_1.80__moncnn_1.45__MaxEval_102__ProbPAs_0.95__sb_none_sbth_6000__Algo_pesa2,1714,perfQ,16197
simplified-cocome,simplified-cocome__BRF_clone_1.23__moc_1.64__mcnn_1.80__moncnn_1.45__MaxEval_102__ProbPAs_0.95__sb_none_sbth_6000__Algo_pesa2,reliability,184
simplified-cocome,simplified-cocome__BRF_clone_1.23__moc_1.64__mcnn_1.80__moncnn_1.45__MaxEval_102__ProbPAs_0.95__sb_none_sbth_6000__Algo_pesa2,1716,uml2lqn,17829
NSGA,simplified-cocome__BRF_clone_1.23__moc_1.64__mcnn_1.80__moncnn_1.45__MaxEval_102__ProbPAs_0.95__sb_none_sbth_6000__Algo_pesa2,1716,invoke_solver,175
NSGA,simplified-cocome__BRF_clone_1.23__moc_1.64__mcnn_1.80__moncnn_1.45__MaxEval_102__ProbPAs_0.95__sb_none_sbth_6000__Algo_pesa2,1716,lqn2uml,16666
NSGA,simplified-cocome__BRF_clone_1.23__moc_1.64__mcnn_1.80__moncnn_1.45__MaxEval_102__ProbPAs_0.95__sb_none_sbth_6000__Algo_pesa2,1716,counting_pas,1716,8844
simplified-cocome,simplified-cocome__BRF_clone_1.23__moc_1.64__mcnn_1.80__moncnn_1.45__MaxEval_102__ProbPAs_0.95__sb_none_sbth_6000__Algo_pesa2,1716,perfQ,14906
simplified-cocome,simplified-cocome__BRF_clone_1.23__moc_1.64__mcnn_1.80__moncnn_1.45__MaxEval_102__ProbPAs_0.95__sb_none_sbth_6000__Algo_pesa2,reliability,201
simplified-cocome,simplified-cocome__BRF_clone_1.23__moc_1.64__mcnn_1.80__moncnn_1.45__MaxEval_102__ProbPAs_0.95__sb_none_sbth_6000__Algo_pesa2,1720,uml2lqn,18611
NSGA,simplified-cocome__BRF_clone_1.23__moc_1.64__mcnn_1.80__moncnn_1.45__MaxEval_102__ProbPAs_0.95__sb_none_sbth_6000__Algo_pesa2,1720,invoke_solver,406
NSGA,simplified-cocome__BRF_clone_1.23__moc_1.64__mcnn_1.80__moncnn_1.45__MaxEval_102__ProbPAs_0.95__sb_none_sbth_6000__Algo_pesa2,1720,lqn2uml,16606
NSGA,simplified-cocome__BRF_clone_1.23__moc_1.64__mcnn_1.80__moncnn_1.45__MaxEval_102__ProbPAs_0.95__sb_none_sbth_6000__Algo_pesa2,1720,counting_pas,1720,10702
simplified-cocome,simplified-cocome__BRF_clone_1.23__moc_1.64__mcnn_1.80__moncnn_1.45__MaxEval_102__ProbPAs_0.95__sb_none_sbth_6000__Algo_pesa2,1720,perfQ,15632
simplified-cocome,simplified-cocome__BRF_clone_1.23__moc_1.64__mcnn_1.80__moncnn_1.45__MaxEval_102__ProbPAs_0.95__sb_none_sbth_6000__Algo_pesa2,reliability,178
simplified-cocome,simplified-cocome__BRF_clone_1.23__moc_1.64__mcnn_1.80__moncnn_1.45__MaxEval_102__ProbPAs_0.95__sb_none_sbth_6000__Algo_pesa2,1724,uml2lqn,15715
NSGA,simplified-cocome__BRF_clone_1.23__moc_1.64__mcnn_1.80__moncnn_1.45__MaxEval_102__ProbPAs_0.95__sb_none_sbth_6000__Algo_pesa2,1724,invoke_solver,68
NSGA,simplified-cocome__BRF_clone_1.23__moc_1.64__mcnn_1.80__moncnn_1.45__MaxEval_102__ProbPAs_0.95__sb_none_sbth_6000__Algo_pesa2,1724,lqn2uml,10775
NSGA,simplified-cocome__BRF_clone_1.23__moc_1.64__mcnn_1.80__moncnn_1.45__MaxEval_102__ProbPAs_0.95__sb_none_sbth_6000__Algo_pesa2,1724,counting_pas,1724,8408
simplified-cocome,simplified-cocome__BRF_clone_1.23__moc_1.64__mcnn_1.80__moncnn_1.45__MaxEval_102__ProbPAs_0.95__sb_none_sbth_6000__Algo_pesa2,1724,perfQ,13481
simplified-cocome,simplified-cocome__BRF_clone_1.23__moc_1.64__mcnn_1.80__moncnn_1.45__MaxEval_102__ProbPAs_0.95__sb_none_sbth_6000__Algo_pesa2,reliability,186
simplified-cocome,simplified-cocome__BRF_clone_1.23__moc_1.64__mcnn_1.80__moncnn_1.45__MaxEval_102__ProbPAs_0.95__sb_none_sbth_6000__Algo_pesa2,1728,uml2lqn,15639
NSGA,simplified-cocome__BRF_clone_1.23__moc_1.64__mcnn_1.80__moncnn_1.45__MaxEval_102__ProbPAs_0.95__sb_none_sbth_6000__Algo_pesa2,1728,invoke_solver,62
NSGA,simplified-cocome__BRF_clone_1.23__moc_1.64__mcnn_1.80__moncnn_1.45__MaxEval_102__ProbPAs_0.95__sb_none_sbth_6000__Algo_pesa2,1728,lqn2uml,16347
NSGA,simplified-cocome__BRF_clone_1.23__moc_1.64__mcnn_1.80__moncnn_1.45__MaxEval_102__ProbPAs_0.95__sb_none_sbth_6000__Algo_pesa2,1728,counting_pas,1728,8795
simplified-cocome,simplified-cocome__BRF_clone_1.23__moc_1.64__mcnn_1.80__moncnn_1.45__MaxEval_102__ProbPAs_0.95__sb_none_sbth_6000__Algo_pesa2,1728,perfQ,16265
simplified-cocome,simplified-cocome__BRF_clone_1.23__moc_1.64__mcnn_1.80__moncnn_1.45__MaxEval_102__ProbPAs_0.95__sb_none_sbth_6000__Algo_pesa2,reliability,163
simplified-cocome,simplified-cocome__BRF_clone_1.23__moc_1.64__mcnn_1.80__moncnn_1.45__MaxEval_102__ProbPAs_0.95__sb_none_sbth_6000__Algo_pesa2,1732,uml2lqn,17835
NSGA,simplified-cocome__BRF_clone_1.23__moc_1.64__mcnn_1.80__moncnn_1.45__MaxEval_102__ProbPAs_0.95__sb_none_sbth_6000__Algo_pesa2,1732,invoke_solver,121
NSGA,simplified-cocome__BRF_clone_1.23__moc_1.64__mcnn_1.80__moncnn_1.45__MaxEval_102__ProbPAs_0.95__sb_none_sbth_6000__Algo_pesa2,1732,lqn2uml,16714
NSGA,simplified-cocome__BRF_clone_1.23__moc_1.64__mcnn_1.80__moncnn_1.45__MaxEval_102__ProbPAs_0.95__sb_none_sbth_6000__Algo_pesa2,1732,counting_pas,1732,7640
simplified-cocome,simplified-cocome__BRF_clone_1.23__moc_1.64__mcnn_1.80__moncnn_1.45__MaxEval_102__ProbPAs_0.95__sb_none_sbth_6000__Algo_pesa2,1732,perfQ,11669
simplified-cocome,simplified-cocome__BRF_clone_1.23__moc_1.64__mcnn_1.80__moncnn_1.45__MaxEval_102__ProbPAs_0.95__sb_none_sbth_6000__Algo_pesa2,reliability,163
simplified-cocome,simplified-cocome__BRF_clone_1.23__moc_1.64__mcnn_1.80__moncnn_1.45__MaxEval_102__ProbPAs_0.95__sb_none_sbth_6000__Algo_pesa2,1736,uml2lqn,16975
NSGA,simplified-cocome__BRF_clone_1.23__moc_1.64__mcnn_1.80__moncnn_1.45__MaxEval_102__ProbPAs_0.95__sb_none_sbth_6000__Algo_pesa2,1736,invoke_solver,106
NSGA,simplified-cocome__BRF_clone_1.23__moc_1.64__mcnn_1.80__moncnn_1.45__MaxEval_102__ProbPAs_0.95__sb_none_sbth_6000__Algo_pesa2,1736,lqn2uml,14833
NSGA,simplified-cocome__BRF_clone_1.23__moc_1.64__mcnn_1.80__moncnn_1.45__MaxEval_102__ProbPAs_0.95__sb_none_sbth_6000__Algo_pesa2,1736,counting_pas,1736,11865
simplified-cocome,simplified-cocome__BRF_clone_1.23__moc_1.64__mcnn_1.80__moncnn_1.45__MaxEval_102__ProbPAs_0.95__sb_none_sbth_6000__Algo_pesa2,1736,perfQ,14918
simplified-cocome,simplified-cocome__BRF_clone_1.23__moc_1.64__mcnn_1.80__moncnn_1.45__MaxEval_102__ProbPAs_0.95__sb_none_sbth_6000__Algo_pesa2,reliability,185
simplified-cocome,simplified-cocome__BRF_clone_1.23__moc_1.64__mcnn_1.80__moncnn_1.45__MaxEval_102__ProbPAs_0.95__sb_none_sbth_6000__Algo_pesa2,1740,uml2lqn,17738
NSGA,simplified-cocome__BRF_clone_1.23__moc_1.64__mcnn_1.80__moncnn_1.45__MaxEval_102__ProbPAs_0.95__sb_none_sbth_6000__Algo_pesa2,1740,invoke_solver,209
NSGA,simplified-cocome__BRF_clone_1.23__moc_1.64__mcnn_1.80__moncnn_1.45__MaxEval_102__ProbPAs_0.95__sb_none_sbth_6000__Algo_pesa2,1740,lqn2uml,16532
NSGA,simplified-cocome__BRF_clone_1.23__moc_1.64__mcnn_1.80__moncnn_1.45__MaxEval_102__ProbPAs_0.95__sb_none_sbth_6000__Algo_pesa2,1740,counting_pas,1740,8674
simplified-cocome,simplified-cocome__BRF_clone_1.23__moc_1.64__mcnn_1.80__moncnn_1.45__MaxEval_102__ProbPAs_0.95__sb_none_sbth_6000__Algo_pesa2,1740,perfQ,15790
simplified-cocome,simplified-cocome__BRF_clone_1.23__moc_1.64__mcnn_1.80__moncnn_1.45__MaxEval_102__ProbPAs_0.95__sb_none_sbth_6000__Algo_pesa2,reliability,223
simplified-cocome,simplified-cocome__BRF_clone_1.23__moc_1.64__mcnn_1.80__moncnn_1.45__MaxEval_102__ProbPAs_0.95__sb_none_sbth_6000__Algo_pesa2,1744,uml2lqn,18667
NSGA,simplified-cocome__BRF_clone_1.23__moc_1.64__mcnn_1.80__moncnn_1.45__MaxEval_102__ProbPAs_0.95__sb_none_sbth_6000__Algo_pesa2,1744,invoke_solver,155
NSGA,simplified-cocome__BRF_clone_1.23__moc_1.64__mcnn_1.80__moncnn_1.45__MaxEval_102__ProbPAs_0.95__sb_none_sbth_6000__Algo_pesa2,1744,lqn2uml,17774
NSGA,simplified-cocome__BRF_clone_1.23__moc_1.64__mcnn_1.80__moncnn_1.45__MaxEval_102__ProbPAs_0.95__sb_none_sbth_6000__Algo_pesa2,1744,counting_pas,1744,8339
simplified-cocome,simplified-cocome__BRF_clone_1.23__moc_1.64__mcnn_1.80__moncnn_1.45__MaxEval_102__ProbPAs_0.95__sb_none_sbth_6000__Algo_pesa2,1744,perfQ,17141
simplified-cocome,simplified-cocome__BRF_clone_1.23__moc_1.64__mcnn_1.80__moncnn_1.45__MaxEval_102__ProbPAs_0.95__sb_none_sbth_6000__Algo_pesa2,reliability,211
simplified-cocome,simplified-cocome__BRF_clone_1.23__moc_1.64__mcnn_1.80__moncnn_1.45__MaxEval_102__ProbPAs_0.95__sb_none_sbth_6000__Algo_pesa2,1748,uml2lqn,16177
NSGA,simplified-cocome__BRF_clone_1.23__moc_1.64__mcnn_1.80__moncnn_1.45__MaxEval_102__ProbPAs_0.95__sb_none_sbth_6000__Algo_pesa2,1748,invoke_solver,160
NSGA,simplified-cocome__BRF_clone_1.23__moc_1.64__mcnn_1.80__moncnn_1.45__MaxEval_102__ProbPAs_0.95__sb_none_sbth_6000__Algo_pesa2,1748,lqn2uml,15438
NSGA,simplified-cocome__BRF_clone_1.23__moc_1.64__mcnn_1.80__moncnn_1.45__MaxEval_102__ProbPAs_0.95__sb_none_sbth_6000__Algo_pesa2,1748,counting_pas,1748,9163
simplified-cocome,simplified-cocome__BRF_clone_1.23__moc_1.64__mcnn_1.80__moncnn_1.45__MaxEval_102__ProbPAs_0.95__sb_none_sbth_6000__Algo_pesa2,1748,perfQ,14806
simplified-cocome,simplified-cocome__BRF_clone_1.23__moc_1.64__mcnn_1.80__moncnn_1.45__MaxEval_102__ProbPAs_0.95__sb_none_sbth_6000__Algo_pesa2,reliability,170
simplified-cocome,simplified-cocome__BRF_clone_1.23__moc_1.64__mcnn_1.80__moncnn_1.45__MaxEval_102__ProbPAs_0.95__sb_none_sbth_6000__Algo_pesa2,1752,uml2lqn,15961
NSGA,simplified-cocome__BRF_clone_1.23__moc_1.64__mcnn_1.80__moncnn_1.45__MaxEval_102__ProbPAs_0.95__sb_none_sbth_6000__Algo_pesa2,1752,invoke_solver,164
NSGA,simplified-cocome__BRF_clone_1.23__moc_1.64__mcnn_1.80__moncnn_1.45__MaxEval_102__ProbPAs_0.95__sb_none_sbth_6000__Algo_pesa2,1752,lqn2uml,12717
NSGA,simplified-cocome__BRF_clone_1.23__moc_1.64__mcnn_1.80__moncnn_1.45__MaxEval_102__ProbPAs_0.95__sb_none_sbth_6000__Algo_pesa2,1752,counting_pas,1752,7914
simplified-cocome,simplified-cocome__BRF_clone_1.23__moc_1.64__mcnn_1.80__moncnn_1.45__MaxEval_102__ProbPAs_0.95__sb_none_sbth_6000__Algo_pesa2,1752,perfQ,15404
simplified-cocome,simplified-cocome__BRF_clone_1.23__moc_1.64__mcnn_1.80__moncnn_1.45__MaxEval_102__ProbPAs_0.95__sb_none_sbth_6000__Algo_pesa2,reliability,182
simplified-cocome,simplified-cocome__BRF_clone_1.23__moc_1.64__mcnn_1.80__moncnn_1.45__MaxEval_102__ProbPAs_0.95__sb_none_sbth_6000__Algo_pesa2,1756,uml2lqn,18391
NSGA,simplified-cocome__BRF_clone_1.23__moc_1.64__mcnn_1.80__moncnn_1.45__MaxEval_102__ProbPAs_0.95__sb_none_sbth_6000__Algo_pesa2,1756,invoke_solver,133
NSGA,simplified-cocome__BRF_clone_1.23__moc_1.64__mcnn_1.80__moncnn_1.45__MaxEval_102__ProbPAs_0.95__sb_none_sbth_6000__Algo_pesa2,1756,lqn2uml,15976
NSGA,simplified-cocome__BRF_clone_1.23__moc_1.64__mcnn_1.80__moncnn_1.45__MaxEval_102__ProbPAs_0.95__sb_none_sbth_6000__Algo_pesa2,1756,counting_pas,1756,11972
simplified-cocome,simplified-cocome__BRF_clone_1.23__moc_1.64__mcnn_1.80__moncnn_1.45__MaxEval_102__ProbPAs_0.95__sb_none_sbth_6000__Algo_pesa2,1756,perfQ,14830
simplified-cocome,simplified-cocome__BRF_clone_1.23__moc_1.64__mcnn_1.80__moncnn_1.45__MaxEval_102__ProbPAs_0.95__sb_none_sbth_6000__Algo_pesa2,reliability,155
simplified-cocome,simplified-cocome__BRF_clone_1.23__moc_1.64__mcnn_1.80__moncnn_1.45__MaxEval_102__ProbPAs_0.95__sb_none_sbth_6000__Algo_pesa2,1760,uml2lqn,18786
NSGA,simplified-cocome__BRF_clone_1.23__moc_1.64__mcnn_1.80__moncnn_1.45__MaxEval_102__ProbPAs_0.95__sb_none_sbth_6000__Algo_pesa2,1760,invoke_solver,74
NSGA,simplified-cocome__BRF_clone_1.23__moc_1.64__mcnn_1.80__moncnn_1.45__MaxEval_102__ProbPAs_0.95__sb_none_sbth_6000__Algo_pesa2,1760,lqn2uml,17326
NSGA,simplified-cocome__BRF_clone_1.23__moc_1.64__mcnn_1.80__moncnn_1.45__MaxEval_102__ProbPAs_0.95__sb_none_sbth_6000__Algo_pesa2,1760,counting_pas,1760,13297
simplified-cocome,simplified-cocome__BRF_clone_1.23__moc_1.64__mcnn_1.80__moncnn_1.45__MaxEval_102__ProbPAs_0.95__sb_none_sbth_6000__Algo_pesa2,1760,perfQ,14118
simplified-cocome,simplified-cocome__BRF_clone_1.23__moc_1.64__mcnn_1.80__moncnn_1.45__MaxEval_102__ProbPAs_0.95__sb_none_sbth_6000__Algo_pesa2,reliability,150
simplified-cocome,simplified-cocome__BRF_clone_1.23__moc_1.64__mcnn_1.80__moncnn_1.45__MaxEval_102__ProbPAs_0.95__sb_none_sbth_6000__Algo_pesa2,1764,uml2lqn,17780
NSGA,simplified-cocome__BRF_clone_1.23__moc_1.64__mcnn_1.80__moncnn_1.45__MaxEval_102__ProbPAs_0.95__sb_none_sbth_6000__Algo_pesa2,1764,invoke_solver,77
NSGA,simplified-cocome__BRF_clone_1.23__moc_1.64__mcnn_1.80__moncnn_1.45__MaxEval_102__ProbPAs_0.95__sb_none_sbth_6000__Algo_pesa2,1764,lqn2uml,15778
NSGA,simplified-cocome__BRF_clone_1.23__moc_1.64__mcnn_1.80__moncnn_1.45__MaxEval_102__ProbPAs_0.95__sb_none_sbth_6000__Algo_pesa2,1764,counting_pas,1764,8354
simplified-cocome,simplified-cocome__BRF_clone_1.23__moc_1.64__mcnn_1.80__moncnn_1.45__MaxEval_102__ProbPAs_0.95__sb_none_sbth_6000__Algo_pesa2,1764,perfQ,15710
simplified-cocome,simplified-cocome__BRF_clone_1.23__moc_1.64__mcnn_1.80__moncnn_1.45__MaxEval_102__ProbPAs_0.95__sb_none_sbth_6000__Algo_pesa2,reliability,174
simplified-cocome,simplified-cocome__BRF_clone_1.23__moc_1.64__mcnn_1.80__moncnn_1.45__MaxEval_102__ProbPAs_0.95__sb_none_sbth_6000__Algo_pesa2,1768,uml2lqn,19129
NSGA,simplified-cocome__BRF_clone_1.23__moc_1.64__mcnn_1.80__moncnn_1.45__MaxEval_102__ProbPAs_0.95__sb_none_sbth_6000__Algo_pesa2,1768,invoke_solver,87
NSGA,simplified-cocome__BRF_clone_1.23__moc_1.64__mcnn_1.80__moncnn_1.45__MaxEval_102__ProbPAs_0.95__sb_none_sbth_6000__Algo_pesa2,1768,lqn2uml,15123
NSGA,simplified-cocome__BRF_clone_1.23__moc_1.64__mcnn_1.80__moncnn_1.45__MaxEval_102__ProbPAs_0.95__sb_none_sbth_6000__Algo_pesa2,1768,counting_pas,1768,7506
simplified-cocome,simplified-cocome__BRF_clone_1.23__moc_1.64__mcnn_1.80__moncnn_1.45__MaxEval_102__ProbPAs_0.95__sb_none_sbth_6000__Algo_pesa2,1768,perfQ,16689
simplified-cocome,simplified-cocome__BRF_clone_1.23__moc_1.64__mcnn_1.80__moncnn_1.45__MaxEval_102__ProbPAs_0.95__sb_none_sbth_6000__Algo_pesa2,reliability,183
simplified-cocome,simplified-cocome__BRF_clone_1.23__moc_1.64__mcnn_1.80__moncnn_1.45__MaxEval_102__ProbPAs_0.95__sb_none_sbth_6000__Algo_pesa2,1772,uml2lqn,17563
NSGA,simplified-cocome__BRF_clone_1.23__moc_1.64__mcnn_1.80__moncnn_1.45__MaxEval_102__ProbPAs_0.95__sb_none_sbth_6000__Algo_pesa2,1772,invoke_solver,164
NSGA,simplified-cocome__BRF_clone_1.23__moc_1.64__mcnn_1.80__moncnn_1.45__MaxEval_102__ProbPAs_0.95__sb_none_sbth_6000__Algo_pesa2,1772,lqn2uml,14568
NSGA,simplified-cocome__BRF_clone_1.23__moc_1.64__mcnn_1.80__moncnn_1.45__MaxEval_102__ProbPAs_0.95__sb_none_sbth_6000__Algo_pesa2,1772,counting_pas,1772,7971
simplified-cocome,simplified-cocome__BRF_clone_1.23__moc_1.64__mcnn_1.80__moncnn_1.45__MaxEval_102__ProbPAs_0.95__sb_none_sbth_6000__Algo_pesa2,1772,perfQ,14237
simplified-cocome,simplified-cocome__BRF_clone_1.23__moc_1.64__mcnn_1.80__moncnn_1.45__MaxEval_102__ProbPAs_0.95__sb_none_sbth_6000__Algo_pesa2,reliability,152
simplified-cocome,simplified-cocome__BRF_clone_1.23__moc_1.64__mcnn_1.80__moncnn_1.45__MaxEval_102__ProbPAs_0.95__sb_none_sbth_6000__Algo_pesa2,1778,uml2lqn,16177
NSGA,simplified-cocome__BRF_clone_1.23__moc_1.64__mcnn_1.80__moncnn_1.45__MaxEval_102__ProbPAs_0.95__sb_none_sbth_6000__Algo_pesa2,1778,invoke_solver,97
NSGA,simplified-cocome__BRF_clone_1.23__moc_1.64__mcnn_1.80__moncnn_1.45__MaxEval_102__ProbPAs_0.95__sb_none_sbth_6000__Algo_pesa2,1778,lqn2uml,13978
NSGA,simplified-cocome__BRF_clone_1.23__moc_1.64__mcnn_1.80__moncnn_1.45__MaxEval_102__ProbPAs_0.95__sb_none_sbth_6000__Algo_pesa2,1778,counting_pas,1778,8203
simplified-cocome,simplified-cocome__BRF_clone_1.23__moc_1.64__mcnn_1.80__moncnn_1.45__MaxEval_102__ProbPAs_0.95__sb_none_sbth_6000__Algo_pesa2,1778,perfQ,14135
simplified-cocome,simplified-cocome__BRF_clone_1.23__moc_1.64__mcnn_1.80__moncnn_1.45__MaxEval_102__ProbPAs_0.95__sb_none_sbth_6000__Algo_pesa2,reliability,171
simplified-cocome,simplified-cocome__BRF_clone_1.23__moc_1.64__mcnn_1.80__moncnn_1.45__MaxEval_102__ProbPAs_0.95__sb_none_sbth_6000__Algo_pesa2,1780,uml2lqn,17397
NSGA,simplified-cocome__BRF_clone_1.23__moc_1.64__mcnn_1.80__moncnn_1.45__MaxEval_102__ProbPAs_0.95__sb_none_sbth_6000__Algo_pesa2,1780,invoke_solver,125
NSGA,simplified-cocome__BRF_clone_1.23__moc_1.64__mcnn_1.80__moncnn_1.45__MaxEval_102__ProbPAs_0.95__sb_none_sbth_6000__Algo_pesa2,1780,lqn2uml,15398
NSGA,simplified-cocome__BRF_clone_1.23__moc_1.64__mcnn_1.80__moncnn_1.45__MaxEval_102__ProbPAs_0.95__sb_none_sbth_6000__Algo_pesa2,1780,counting_pas,1780,9207
simplified-cocome,simplified-cocome__BRF_clone_1.23__moc_1.64__mcnn_1.80__moncnn_1.45__MaxEval_102__ProbPAs_0.95__sb_none_sbth_6000__Algo_pesa2,1780,perfQ,15589
simplified-cocome,simplified-cocome__BRF_clone_1.23__moc_1.64__mcnn_1.80__moncnn_1.45__MaxEval_102__ProbPAs_0.95__sb_none_sbth_6000__Algo_pesa2,reliability,147
simplified-cocome,simplified-cocome__BRF_clone_1.23__moc_1.64__mcnn_1.80__moncnn_1.45__MaxEval_102__ProbPAs_0.95__sb_none_sbth_6000__Algo_pesa2,1782,uml2lqn,15528
NSGA,simplified-cocome__BRF_clone_1.23__moc_1.64__mcnn_1.80__moncnn_1.45__MaxEval_102__ProbPAs_0.95__sb_none_sbth_6000__Algo_pesa2,1782,invoke_solver,330
NSGA,simplified-cocome__BRF_clone_1.23__moc_1.64__mcnn_1.80__moncnn_1.45__MaxEval_102__ProbPAs_0.95__sb_none_sbth_6000__Algo_pesa2,1782,lqn2uml,14779
NSGA,simplified-cocome__BRF_clone_1.23__moc_1.64__mcnn_1.80__moncnn_1.45__MaxEval_102__ProbPAs_0.95__sb_none_sbth_6000__Algo_pesa2,1782,counting_pas,1782,7992
simplified-cocome,simplified-cocome__BRF_clone_1.23__moc_1.64__mcnn_1.80__moncnn_1.45__MaxEval_102__ProbPAs_0.95__sb_none_sbth_6000__Algo_pesa2,1782,perfQ,14771
simplified-cocome,simplified-cocome__BRF_clone_1.23__moc_1.64__mcnn_1.80__moncnn_1.45__MaxEval_102__ProbPAs_0.95__sb_none_sbth_6000__Algo_pesa2,reliability,155
simplified-cocome,simplified-cocome__BRF_clone_1.23__moc_1.64__mcnn_1.80__moncnn_1.45__MaxEval_102__ProbPAs_0.95__sb_none_sbth_6000__Algo_pesa2,1786,uml2lqn,16201
NSGA,simplified-cocome__BRF_clone_1.23__moc_1.64__mcnn_1.80__moncnn_1.45__MaxEval_102__ProbPAs_0.95__sb_none_sbth_6000__Algo_pesa2,1786,invoke_solver,56
NSGA,simplified-cocome__BRF_clone_1.23__moc_1.64__mcnn_1.80__moncnn_1.45__MaxEval_102__ProbPAs_0.95__sb_none_sbth_6000__Algo_pesa2,1786,lqn2uml,14591
NSGA,simplified-cocome__BRF_clone_1.23__moc_1.64__mcnn_1.80__moncnn_1.45__MaxEval_102__ProbPAs_0.95__sb_none_sbth_6000__Algo_pesa2,1786,counting_pas,1786,14362
simplified-cocome,simplified-cocome__BRF_clone_1.23__moc_1.64__mcnn_1.80__moncnn_1.45__MaxEval_102__ProbPAs_0.95__sb_none_sbth_6000__Algo_pesa2,1786,perfQ,14739
simplified-cocome,simplified-cocome__BRF_clone_1.23__moc_1.64__mcnn_1.80__moncnn_1.45__MaxEval_102__ProbPAs_0.95__sb_none_sbth_6000__Algo_pesa2,reliability,224
simplified-cocome,simplified-cocome__BRF_clone_1.23__moc_1.64__mcnn_1.80__moncnn_1.45__MaxEval_102__ProbPAs_0.95__sb_none_sbth_6000__Algo_pesa2,1788,uml2lqn,17734
NSGA,simplified-cocome__BRF_clone_1.23__moc_1.64__mcnn_1.80__moncnn_1.45__MaxEval_102__ProbPAs_0.95__sb_none_sbth_6000__Algo_pesa2,1788,invoke_solver,112
NSGA,simplified-cocome__BRF_clone_1.23__moc_1.64__mcnn_1.80__moncnn_1.45__MaxEval_102__ProbPAs_0.95__sb_none_sbth_6000__Algo_pesa2,1788,lqn2uml,16183
NSGA,simplified-cocome__BRF_clone_1.23__moc_1.64__mcnn_1.80__moncnn_1.45__MaxEval_102__ProbPAs_0.95__sb_none_sbth_6000__Algo_pesa2,1788,counting_pas,1788,8685
simplified-cocome,simplified-cocome__BRF_clone_1.23__moc_1.64__mcnn_1.80__moncnn_1.45__MaxEval_102__ProbPAs_0.95__sb_none_sbth_6000__Algo_pesa2,1788,perfQ,16428
simplified-cocome,simplified-cocome__BRF_clone_1.23__moc_1.64__mcnn_1.80__moncnn_1.45__MaxEval_102__ProbPAs_0.95__sb_none_sbth_6000__Algo_pesa2,reliability,186
simplified-cocome,simplified-cocome__BRF_clone_1.23__moc_1.64__mcnn_1.80__moncnn_1.45__MaxEval_102__ProbPAs_0.95__sb_none_sbth_6000__Algo_pesa2,1790,uml2lqn,17686
NSGA,simplified-cocome__BRF_clone_1.23__moc_1.64__mcnn_1.80__moncnn_1.45__MaxEval_102__ProbPAs_0.95__sb_none_sbth_6000__Algo_pesa2,1790,invoke_solver,49
NSGA,simplified-cocome__BRF_clone_1.23__moc_1.64__mcnn_1.80__moncnn_1.45__MaxEval_102__ProbPAs_0.95__sb_none_sbth_6000__Algo_pesa2,1790,lqn2uml,15555
NSGA,simplified-cocome__BRF_clone_1.23__moc_1.64__mcnn_1.80__moncnn_1.45__MaxEval_102__ProbPAs_0.95__sb_none_sbth_6000__Algo_pesa2,1790,counting_pas,1790,9087
simplified-cocome,simplified-cocome__BRF_clone_1.23__moc_1.64__mcnn_1.80__moncnn_1.45__MaxEval_102__ProbPAs_0.95__sb_none_sbth_6000__Algo_pesa2,1790,perfQ,16366
simplified-cocome,simplified-cocome__BRF_clone_1.23__moc_1.64__mcnn_1.80__moncnn_1.45__MaxEval_102__ProbPAs_0.95__sb_none_sbth_6000__Algo_pesa2,reliability,172
simplified-cocome,simplified-cocome__BRF_clone_1.23__moc_1.64__mcnn_1.80__moncnn_1.45__MaxEval_102__ProbPAs_0.95__sb_none_sbth_6000__Algo_pesa2,1794,uml2lqn,18055
NSGA,simplified-cocome__BRF_clone_1.23__moc_1.64__mcnn_1.80__moncnn_1.45__MaxEval_102__ProbPAs_0.95__sb_none_sbth_6000__Algo_pesa2,1794,invoke_solver,145
NSGA,simplified-cocome__BRF_clone_1.23__moc_1.64__mcnn_1.80__moncnn_1.45__MaxEval_102__ProbPAs_0.95__sb_none_sbth_6000__Algo_pesa2,1794,lqn2uml,14902
NSGA,simplified-cocome__BRF_clone_1.23__moc_1.64__mcnn_1.80__moncnn_1.45__MaxEval_102__ProbPAs_0.95__sb_none_sbth_6000__Algo_pesa2,1794,counting_pas,1794,21827
simplified-cocome,simplified-cocome__BRF_clone_1.23__moc_1.64__mcnn_1.80__moncnn_1.45__MaxEval_102__ProbPAs_0.95__sb_none_sbth_6000__Algo_pesa2,1794,perfQ,15926
simplified-cocome,simplified-cocome__BRF_clone_1.23__moc_1.64__mcnn_1.80__moncnn_1.45__MaxEval_102__ProbPAs_0.95__sb_none_sbth_6000__Algo_pesa2,reliability,116
simplified-cocome,simplified-cocome__BRF_clone_1.23__moc_1.64__mcnn_1.80__moncnn_1.45__MaxEval_102__ProbPAs_0.95__sb_none_sbth_6000__Algo_pesa2,1798,uml2lqn,18148
NSGA,simplified-cocome__BRF_clone_1.23__moc_1.64__mcnn_1.80__moncnn_1.45__MaxEval_102__ProbPAs_0.95__sb_none_sbth_6000__Algo_pesa2,1798,invoke_solver,194
NSGA,simplified-cocome__BRF_clone_1.23__moc_1.64__mcnn_1.80__moncnn_1.45__MaxEval_102__ProbPAs_0.95__sb_none_sbth_6000__Algo_pesa2,1798,lqn2uml,16645
NSGA,simplified-cocome__BRF_clone_1.23__moc_1.64__mcnn_1.80__moncnn_1.45__MaxEval_102__ProbPAs_0.95__sb_none_sbth_6000__Algo_pesa2,1798,counting_pas,1798,23176
simplified-cocome,simplified-cocome__BRF_clone_1.23__moc_1.64__mcnn_1.80__moncnn_1.45__MaxEval_102__ProbPAs_0.95__sb_none_sbth_6000__Algo_pesa2,1798,perfQ,15959
simplified-cocome,simplified-cocome__BRF_clone_1.23__moc_1.64__mcnn_1.80__moncnn_1.45__MaxEval_102__ProbPAs_0.95__sb_none_sbth_6000__Algo_pesa2,reliability,190
simplified-cocome,simplified-cocome__BRF_clone_1.23__moc_1.64__mcnn_1.80__moncnn_1.45__MaxEval_102__ProbPAs_0.95__sb_none_sbth_6000__Algo_pesa2,1802,uml2lqn,18956
NSGA,simplified-cocome__BRF_clone_1.23__moc_1.64__mcnn_1.80__moncnn_1.45__MaxEval_102__ProbPAs_0.95__sb_none_sbth_6000__Algo_pesa2,1802,invoke_solver,196
NSGA,simplified-cocome__BRF_clone_1.23__moc_1.64__mcnn_1.80__moncnn_1.45__MaxEval_102__ProbPAs_0.95__sb_none_sbth_6000__Algo_pesa2,1802,lqn2uml,15650
NSGA,simplified-cocome__BRF_clone_1.23__moc_1.64__mcnn_1.80__moncnn_1.45__MaxEval_102__ProbPAs_0.95__sb_none_sbth_6000__Algo_pesa2,1802,counting_pas,1802,20402
simplified-cocome,simplified-cocome__BRF_clone_1.23__moc_1.64__mcnn_1.80__moncnn_1.45__MaxEval_102__ProbPAs_0.95__sb_none_sbth_6000__Algo_pesa2,1802,perfQ,15778
simplified-cocome,simplified-cocome__BRF_clone_1.23__moc_1.64__mcnn_1.80__moncnn_1.45__MaxEval_102__ProbPAs_0.95__sb_none_sbth_6000__Algo_pesa2,reliability,184
simplified-cocome,simplified-cocome__BRF_clone_1.23__moc_1.64__mcnn_1.80__moncnn_1.45__MaxEval_102__ProbPAs_0.95__sb_none_sbth_6000__Algo_pesa2,1806,uml2lqn,15727
NSGA,simplified-cocome__BRF_clone_1.23__moc_1.64__mcnn_1.80__moncnn_1.45__MaxEval_102__ProbPAs_0.95__sb_none_sbth_6000__Algo_pesa2,1806,invoke_solver,192
NSGA,simplified-cocome__BRF_clone_1.23__moc_1.64__mcnn_1.80__moncnn_1.45__MaxEval_102__ProbPAs_0.95__sb_none_sbth_6000__Algo_pesa2,1806,lqn2uml,11985
NSGA,simplified-cocome__BRF_clone_1.23__moc_1.64__mcnn_1.80__moncnn_1.45__MaxEval_102__ProbPAs_0.95__sb_none_sbth_6000__Algo_pesa2,1806,counting_pas,1806,15335
simplified-cocome,simplified-cocome__BRF_clone_1.23__moc_1.64__mcnn_1.80__moncnn_1.45__MaxEval_102__ProbPAs_0.95__sb_none_sbth_6000__Algo_pesa2,1806,perfQ,12917
simplified-cocome,simplified-cocome__BRF_clone_1.23__moc_1.64__mcnn_1.80__moncnn_1.45__MaxEval_102__ProbPAs_0.95__sb_none_sbth_6000__Algo_pesa2,reliability,197
simplified-cocome,simplified-cocome__BRF_clone_1.23__moc_1.64__mcnn_1.80__moncnn_1.45__MaxEval_102__ProbPAs_0.95__sb_none_sbth_6000__Algo_pesa2,1810,uml2lqn,17947
NSGA,simplified-cocome__BRF_clone_1.23__moc_1.64__mcnn_1.80__moncnn_1.45__MaxEval_102__ProbPAs_0.95__sb_none_sbth_6000__Algo_pesa2,1810,invoke_solver,416
NSGA,simplified-cocome__BRF_clone_1.23__moc_1.64__mcnn_1.80__moncnn_1.45__MaxEval_102__ProbPAs_0.95__sb_none_sbth_6000__Algo_pesa2,1810,lqn2uml,16192
NSGA,simplified-cocome__BRF_clone_1.23__moc_1.64__mcnn_1.80__moncnn_1.45__MaxEval_102__ProbPAs_0.95__sb_none_sbth_6000__Algo_pesa2,1810,counting_pas,1810,18479
simplified-cocome,simplified-cocome__BRF_clone_1.23__moc_1.64__mcnn_1.80__moncnn_1.45__MaxEval_102__ProbPAs_0.95__sb_none_sbth_6000__Algo_pesa2,1810,perfQ,16430
simplified-cocome,simplified-cocome__BRF_clone_1.23__moc_1.64__mcnn_1.80__moncnn_1.45__MaxEval_102__ProbPAs_0.95__sb_none_sbth_6000__Algo_pesa2,reliability,161
simplified-cocome,simplified-cocome__BRF_clone_1.23__moc_1.64__mcnn_1.80__moncnn_1.45__MaxEval_102__ProbPAs_0.95__sb_none_sbth_6000__Algo_pesa2,1814,uml2lqn,16464
NSGA,simplified-cocome__BRF_clone_1.23__moc_1.64__mcnn_1.80__moncnn_1.45__MaxEval_102__ProbPAs_0.95__sb_none_sbth_6000__Algo_pesa2,1814,invoke_solver,118
NSGA,simplified-cocome__BRF_clone_1.23__moc_1.64__mcnn_1.80__moncnn_1.45__MaxEval_102__ProbPAs_0.95__sb_none_sbth_6000__Algo_pesa2,1814,lqn2uml,14604
NSGA,simplified-cocome__BRF_clone_1.23__moc_1.64__mcnn_1.80__moncnn_1.45__MaxEval_102__ProbPAs_0.95__sb_none_sbth_6000__Algo_pesa2,1814,counting_pas,1814,8194
simplified-cocome,simplified-cocome__BRF_clone_1.23__moc_1.64__mcnn_1.80__moncnn_1.45__MaxEval_102__ProbPAs_0.95__sb_none_sbth_6000__Algo_pesa2,1814,perfQ,17497
simplified-cocome,simplified-cocome__BRF_clone_1.23__moc_1.64__mcnn_1.80__moncnn_1.45__MaxEval_102__ProbPAs_0.95__sb_none_sbth_6000__Algo_pesa2,reliability,187
simplified-cocome,simplified-cocome__BRF_clone_1.23__moc_1.64__mcnn_1.80__moncnn_1.45__MaxEval_102__ProbPAs_0.95__sb_none_sbth_6000__Algo_pesa2,1818,uml2lqn,17799
NSGA,simplified-cocome__BRF_clone_1.23__moc_1.64__mcnn_1.80__moncnn_1.45__MaxEval_102__ProbPAs_0.95__sb_none_sbth_6000__Algo_pesa2,1818,invoke_solver,339
NSGA,simplified-cocome__BRF_clone_1.23__moc_1.64__mcnn_1.80__moncnn_1.45__MaxEval_102__ProbPAs_0.95__sb_none_sbth_6000__Algo_pesa2,1818,lqn2uml,14385
NSGA,simplified-cocome__BRF_clone_1.23__moc_1.64__mcnn_1.80__moncnn_1.45__MaxEval_102__ProbPAs_0.95__sb_none_sbth_6000__Algo_pesa2,1818,counting_pas,1818,14787
simplified-cocome,simplified-cocome__BRF_clone_1.23__moc_1.64__mcnn_1.80__moncnn_1.45__MaxEval_102__ProbPAs_0.95__sb_none_sbth_6000__Algo_pesa2,1818,perfQ,16212
simplified-cocome,simplified-cocome__BRF_clone_1.23__moc_1.64__mcnn_1.80__moncnn_1.45__MaxEval_102__ProbPAs_0.95__sb_none_sbth_6000__Algo_pesa2,reliability,197
simplified-cocome,simplified-cocome__BRF_clone_1.23__moc_1.64__mcnn_1.80__moncnn_1.45__MaxEval_102__ProbPAs_0.95__sb_none_sbth_6000__Algo_pesa2,1822,uml2lqn,21265
NSGA,simplified-cocome__BRF_clone_1.23__moc_1.64__mcnn_1.80__moncnn_1.45__MaxEval_102__ProbPAs_0.95__sb_none_sbth_6000__Algo_pesa2,1822,invoke_solver,51
NSGA,simplified-cocome__BRF_clone_1.23__moc_1.64__mcnn_1.80__moncnn_1.45__MaxEval_102__ProbPAs_0.95__sb_none_sbth_6000__Algo_pesa2,1822,lqn2uml,18067
NSGA,simplified-cocome__BRF_clone_1.23__moc_1.64__mcnn_1.80__moncnn_1.45__MaxEval_102__ProbPAs_0.95__sb_none_sbth_6000__Algo_pesa2,1822,counting_pas,1822,11264
simplified-cocome,simplified-cocome__BRF_clone_1.23__moc_1.64__mcnn_1.80__moncnn_1.45__MaxEval_102__ProbPAs_0.95__sb_none_sbth_6000__Algo_pesa2,1822,perfQ,15612
simplified-cocome,simplified-cocome__BRF_clone_1.23__moc_1.64__mcnn_1.80__moncnn_1.45__MaxEval_102__ProbPAs_0.95__sb_none_sbth_6000__Algo_pesa2,reliability,222
simplified-cocome,simplified-cocome__BRF_clone_1.23__moc_1.64__mcnn_1.80__moncnn_1.45__MaxEval_102__ProbPAs_0.95__sb_none_sbth_6000__Algo_pesa2,1824,uml2lqn,18611
NSGA,simplified-cocome__BRF_clone_1.23__moc_1.64__mcnn_1.80__moncnn_1.45__MaxEval_102__ProbPAs_0.95__sb_none_sbth_6000__Algo_pesa2,1824,invoke_solver,77
NSGA,simplified-cocome__BRF_clone_1.23__moc_1.64__mcnn_1.80__moncnn_1.45__MaxEval_102__ProbPAs_0.95__sb_none_sbth_6000__Algo_pesa2,1824,lqn2uml,16064
NSGA,simplified-cocome__BRF_clone_1.23__moc_1.64__mcnn_1.80__moncnn_1.45__MaxEval_102__ProbPAs_0.95__sb_none_sbth_6000__Algo_pesa2,1824,counting_pas,1824,19791
simplified-cocome,simplified-cocome__BRF_clone_1.23__moc_1.64__mcnn_1.80__moncnn_1.45__MaxEval_102__ProbPAs_0.95__sb_none_sbth_6000__Algo_pesa2,1824,perfQ,15525
simplified-cocome,simplified-cocome__BRF_clone_1.23__moc_1.64__mcnn_1.80__moncnn_1.45__MaxEval_102__ProbPAs_0.95__sb_none_sbth_6000__Algo_pesa2,reliability,152
simplified-cocome,simplified-cocome__BRF_clone_1.23__moc_1.64__mcnn_1.80__moncnn_1.45__MaxEval_102__ProbPAs_0.95__sb_none_sbth_6000__Algo_pesa2,1828,uml2lqn,16542
NSGA,simplified-cocome__BRF_clone_1.23__moc_1.64__mcnn_1.80__moncnn_1.45__MaxEval_102__ProbPAs_0.95__sb_none_sbth_6000__Algo_pesa2,1828,invoke_solver,177
NSGA,simplified-cocome__BRF_clone_1.23__moc_1.64__mcnn_1.80__moncnn_1.45__MaxEval_102__ProbPAs_0.95__sb_none_sbth_6000__Algo_pesa2,1828,lqn2uml,16982
NSGA,simplified-cocome__BRF_clone_1.23__moc_1.64__mcnn_1.80__moncnn_1.45__MaxEval_102__ProbPAs_0.95__sb_none_sbth_6000__Algo_pesa2,1828,counting_pas,1828,14148
simplified-cocome,simplified-cocome__BRF_clone_1.23__moc_1.64__mcnn_1.80__moncnn_1.45__MaxEval_102__ProbPAs_0.95__sb_none_sbth_6000__Algo_pesa2,1828,perfQ,16080
simplified-cocome,simplified-cocome__BRF_clone_1.23__moc_1.64__mcnn_1.80__moncnn_1.45__MaxEval_102__ProbPAs_0.95__sb_none_sbth_6000__Algo_pesa2,reliability,211
simplified-cocome,simplified-cocome__BRF_clone_1.23__moc_1.64__mcnn_1.80__moncnn_1.45__MaxEval_102__ProbPAs_0.95__sb_none_sbth_6000__Algo_pesa2,1832,uml2lqn,16264
NSGA,simplified-cocome__BRF_clone_1.23__moc_1.64__mcnn_1.80__moncnn_1.45__MaxEval_102__ProbPAs_0.95__sb_none_sbth_6000__Algo_pesa2,1832,invoke_solver,91
NSGA,simplified-cocome__BRF_clone_1.23__moc_1.64__mcnn_1.80__moncnn_1.45__MaxEval_102__ProbPAs_0.95__sb_none_sbth_6000__Algo_pesa2,1832,lqn2uml,16827
NSGA,simplified-cocome__BRF_clone_1.23__moc_1.64__mcnn_1.80__moncnn_1.45__MaxEval_102__ProbPAs_0.95__sb_none_sbth_6000__Algo_pesa2,1832,counting_pas,1832,18303
simplified-cocome,simplified-cocome__BRF_clone_1.23__moc_1.64__mcnn_1.80__moncnn_1.45__MaxEval_102__ProbPAs_0.95__sb_none_sbth_6000__Algo_pesa2,1832,perfQ,13571
simplified-cocome,simplified-cocome__BRF_clone_1.23__moc_1.64__mcnn_1.80__moncnn_1.45__MaxEval_102__ProbPAs_0.95__sb_none_sbth_6000__Algo_pesa2,reliability,190
simplified-cocome,simplified-cocome__BRF_clone_1.23__moc_1.64__mcnn_1.80__moncnn_1.45__MaxEval_102__ProbPAs_0.95__sb_none_sbth_6000__Algo_pesa2,1836,uml2lqn,16401
NSGA,simplified-cocome__BRF_clone_1.23__moc_1.64__mcnn_1.80__moncnn_1.45__MaxEval_102__ProbPAs_0.95__sb_none_sbth_6000__Algo_pesa2,1836,invoke_solver,161
NSGA,simplified-cocome__BRF_clone_1.23__moc_1.64__mcnn_1.80__moncnn_1.45__MaxEval_102__ProbPAs_0.95__sb_none_sbth_6000__Algo_pesa2,1836,lqn2uml,15558
NSGA,simplified-cocome__BRF_clone_1.23__moc_1.64__mcnn_1.80__moncnn_1.45__MaxEval_102__ProbPAs_0.95__sb_none_sbth_6000__Algo_pesa2,1836,counting_pas,1836,8941
simplified-cocome,simplified-cocome__BRF_clone_1.23__moc_1.64__mcnn_1.80__moncnn_1.45__MaxEval_102__ProbPAs_0.95__sb_none_sbth_6000__Algo_pesa2,1836,perfQ,16590
simplified-cocome,simplified-cocome__BRF_clone_1.23__moc_1.64__mcnn_1.80__moncnn_1.45__MaxEval_102__ProbPAs_0.95__sb_none_sbth_6000__Algo_pesa2,reliability,188
simplified-cocome,simplified-cocome__BRF_clone_1.23__moc_1.64__mcnn_1.80__moncnn_1.45__MaxEval_102__ProbPAs_0.95__sb_none_sbth_6000__Algo_pesa2,1838,uml2lqn,18301
NSGA,simplified-cocome__BRF_clone_1.23__moc_1.64__mcnn_1.80__moncnn_1.45__MaxEval_102__ProbPAs_0.95__sb_none_sbth_6000__Algo_pesa2,1838,invoke_solver,292
NSGA,simplified-cocome__BRF_clone_1.23__moc_1.64__mcnn_1.80__moncnn_1.45__MaxEval_102__ProbPAs_0.95__sb_none_sbth_6000__Algo_pesa2,1838,lqn2uml,14739
NSGA,simplified-cocome__BRF_clone_1.23__moc_1.64__mcnn_1.80__moncnn_1.45__MaxEval_102__ProbPAs_0.95__sb_none_sbth_6000__Algo_pesa2,1838,counting_pas,1838,15383
simplified-cocome,simplified-cocome__BRF_clone_1.23__moc_1.64__mcnn_1.80__moncnn_1.45__MaxEval_102__ProbPAs_0.95__sb_none_sbth_6000__Algo_pesa2,1838,perfQ,13182
simplified-cocome,simplified-cocome__BRF_clone_1.23__moc_1.64__mcnn_1.80__moncnn_1.45__MaxEval_102__ProbPAs_0.95__sb_none_sbth_6000__Algo_pesa2,reliability,170
simplified-cocome,simplified-cocome__BRF_clone_1.23__moc_1.64__mcnn_1.80__moncnn_1.45__MaxEval_102__ProbPAs_0.95__sb_none_sbth_6000__Algo_pesa2,1842,uml2lqn,14923
NSGA,simplified-cocome__BRF_clone_1.23__moc_1.64__mcnn_1.80__moncnn_1.45__MaxEval_102__ProbPAs_0.95__sb_none_sbth_6000__Algo_pesa2,1842,invoke_solver,182
NSGA,simplified-cocome__BRF_clone_1.23__moc_1.64__mcnn_1.80__moncnn_1.45__MaxEval_102__ProbPAs_0.95__sb_none_sbth_6000__Algo_pesa2,1842,lqn2uml,15321
NSGA,simplified-cocome__BRF_clone_1.23__moc_1.64__mcnn_1.80__moncnn_1.45__MaxEval_102__ProbPAs_0.95__sb_none_sbth_6000__Algo_pesa2,1842,counting_pas,1842,8516
simplified-cocome,simplified-cocome__BRF_clone_1.23__moc_1.64__mcnn_1.80__moncnn_1.45__MaxEval_102__ProbPAs_0.95__sb_none_sbth_6000__Algo_pesa2,1842,perfQ,14108
simplified-cocome,simplified-cocome__BRF_clone_1.23__moc_1.64__mcnn_1.80__moncnn_1.45__MaxEval_102__ProbPAs_0.95__sb_none_sbth_6000__Algo_pesa2,reliability,165
simplified-cocome,simplified-cocome__BRF_clone_1.23__moc_1.64__mcnn_1.80__moncnn_1.45__MaxEval_102__ProbPAs_0.95__sb_none_sbth_6000__Algo_pesa2,1846,uml2lqn,18350
NSGA,simplified-cocome__BRF_clone_1.23__moc_1.64__mcnn_1.80__moncnn_1.45__MaxEval_102__ProbPAs_0.95__sb_none_sbth_6000__Algo_pesa2,1846,invoke_solver,85
NSGA,simplified-cocome__BRF_clone_1.23__moc_1.64__mcnn_1.80__moncnn_1.45__MaxEval_102__ProbPAs_0.95__sb_none_sbth_6000__Algo_pesa2,1846,lqn2uml,16238
NSGA,simplified-cocome__BRF_clone_1.23__moc_1.64__mcnn_1.80__moncnn_1.45__MaxEval_102__ProbPAs_0.95__sb_none_sbth_6000__Algo_pesa2,1846,counting_pas,1846,9213
simplified-cocome,simplified-cocome__BRF_clone_1.23__moc_1.64__mcnn_1.80__moncnn_1.45__MaxEval_102__ProbPAs_0.95__sb_none_sbth_6000__Algo_pesa2,1846,perfQ,16167
simplified-cocome,simplified-cocome__BRF_clone_1.23__moc_1.64__mcnn_1.80__moncnn_1.45__MaxEval_102__ProbPAs_0.95__sb_none_sbth_6000__Algo_pesa2,reliability,217
simplified-cocome,simplified-cocome__BRF_clone_1.23__moc_1.64__mcnn_1.80__moncnn_1.45__MaxEval_102__ProbPAs_0.95__sb_none_sbth_6000__Algo_pesa2,1848,uml2lqn,17362
NSGA,simplified-cocome__BRF_clone_1.23__moc_1.64__mcnn_1.80__moncnn_1.45__MaxEval_102__ProbPAs_0.95__sb_none_sbth_6000__Algo_pesa2,1848,invoke_solver,306
NSGA,simplified-cocome__BRF_clone_1.23__moc_1.64__mcnn_1.80__moncnn_1.45__MaxEval_102__ProbPAs_0.95__sb_none_sbth_6000__Algo_pesa2,1848,lqn2uml,15888
NSGA,simplified-cocome__BRF_clone_1.23__moc_1.64__mcnn_1.80__moncnn_1.45__MaxEval_102__ProbPAs_0.95__sb_none_sbth_6000__Algo_pesa2,1848,counting_pas,1848,7494
simplified-cocome,simplified-cocome__BRF_clone_1.23__moc_1.64__mcnn_1.80__moncnn_1.45__MaxEval_102__ProbPAs_0.95__sb_none_sbth_6000__Algo_pesa2,1848,perfQ,15093
simplified-cocome,simplified-cocome__BRF_clone_1.23__moc_1.64__mcnn_1.80__moncnn_1.45__MaxEval_102__ProbPAs_0.95__sb_none_sbth_6000__Algo_pesa2,reliability,207
simplified-cocome,simplified-cocome__BRF_clone_1.23__moc_1.64__mcnn_1.80__moncnn_1.45__MaxEval_102__ProbPAs_0.95__sb_none_sbth_6000__Algo_pesa2,1852,uml2lqn,19038
NSGA,simplified-cocome__BRF_clone_1.23__moc_1.64__mcnn_1.80__moncnn_1.45__MaxEval_102__ProbPAs_0.95__sb_none_sbth_6000__Algo_pesa2,1852,invoke_solver,161
NSGA,simplified-cocome__BRF_clone_1.23__moc_1.64__mcnn_1.80__moncnn_1.45__MaxEval_102__ProbPAs_0.95__sb_none_sbth_6000__Algo_pesa2,1852,lqn2uml,15855
NSGA,simplified-cocome__BRF_clone_1.23__moc_1.64__mcnn_1.80__moncnn_1.45__MaxEval_102__ProbPAs_0.95__sb_none_sbth_6000__Algo_pesa2,1852,counting_pas,1852,21359
simplified-cocome,simplified-cocome__BRF_clone_1.23__moc_1.64__mcnn_1.80__moncnn_1.45__MaxEval_102__ProbPAs_0.95__sb_none_sbth_6000__Algo_pesa2,1852,perfQ,15992
simplified-cocome,simplified-cocome__BRF_clone_1.23__moc_1.64__mcnn_1.80__moncnn_1.45__MaxEval_102__ProbPAs_0.95__sb_none_sbth_6000__Algo_pesa2,reliability,225
simplified-cocome,simplified-cocome__BRF_clone_1.23__moc_1.64__mcnn_1.80__moncnn_1.45__MaxEval_102__ProbPAs_0.95__sb_none_sbth_6000__Algo_pesa2,1856,uml2lqn,15447
NSGA,simplified-cocome__BRF_clone_1.23__moc_1.64__mcnn_1.80__moncnn_1.45__MaxEval_102__ProbPAs_0.95__sb_none_sbth_6000__Algo_pesa2,1856,invoke_solver,193
NSGA,simplified-cocome__BRF_clone_1.23__moc_1.64__mcnn_1.80__moncnn_1.45__MaxEval_102__ProbPAs_0.95__sb_none_sbth_6000__Algo_pesa2,1856,lqn2uml,15538
NSGA,simplified-cocome__BRF_clone_1.23__moc_1.64__mcnn_1.80__moncnn_1.45__MaxEval_102__ProbPAs_0.95__sb_none_sbth_6000__Algo_pesa2,1856,counting_pas,1856,20000
simplified-cocome,simplified-cocome__BRF_clone_1.23__moc_1.64__mcnn_1.80__moncnn_1.45__MaxEval_102__ProbPAs_0.95__sb_none_sbth_6000__Algo_pesa2,1856,perfQ,13482
simplified-cocome,simplified-cocome__BRF_clone_1.23__moc_1.64__mcnn_1.80__moncnn_1.45__MaxEval_102__ProbPAs_0.95__sb_none_sbth_6000__Algo_pesa2,reliability,147
simplified-cocome,simplified-cocome__BRF_clone_1.23__moc_1.64__mcnn_1.80__moncnn_1.45__MaxEval_102__ProbPAs_0.95__sb_none_sbth_6000__Algo_pesa2,1860,uml2lqn,19051
NSGA,simplified-cocome__BRF_clone_1.23__moc_1.64__mcnn_1.80__moncnn_1.45__MaxEval_102__ProbPAs_0.95__sb_none_sbth_6000__Algo_pesa2,1860,invoke_solver,163
NSGA,simplified-cocome__BRF_clone_1.23__moc_1.64__mcnn_1.80__moncnn_1.45__MaxEval_102__ProbPAs_0.95__sb_none_sbth_6000__Algo_pesa2,1860,lqn2uml,16199
NSGA,simplified-cocome__BRF_clone_1.23__moc_1.64__mcnn_1.80__moncnn_1.45__MaxEval_102__ProbPAs_0.95__sb_none_sbth_6000__Algo_pesa2,1860,counting_pas,1860,20605
simplified-cocome,simplified-cocome__BRF_clone_1.23__moc_1.64__mcnn_1.80__moncnn_1.45__MaxEval_102__ProbPAs_0.95__sb_none_sbth_6000__Algo_pesa2,1860,perfQ,14331
simplified-cocome,simplified-cocome__BRF_clone_1.23__moc_1.64__mcnn_1.80__moncnn_1.45__MaxEval_102__ProbPAs_0.95__sb_none_sbth_6000__Algo_pesa2,reliability,152
simplified-cocome,simplified-cocome__BRF_clone_1.23__moc_1.64__mcnn_1.80__moncnn_1.45__MaxEval_102__ProbPAs_0.95__sb_none_sbth_6000__Algo_pesa2,1864,uml2lqn,17407
NSGA,simplified-cocome__BRF_clone_1.23__moc_1.64__mcnn_1.80__moncnn_1.45__MaxEval_102__ProbPAs_0.95__sb_none_sbth_6000__Algo_pesa2,1864,invoke_solver,177
NSGA,simplified-cocome__BRF_clone_1.23__moc_1.64__mcnn_1.80__moncnn_1.45__MaxEval_102__ProbPAs_0.95__sb_none_sbth_6000__Algo_pesa2,1864,lqn2uml,16570
NSGA,simplified-cocome__BRF_clone_1.23__moc_1.64__mcnn_1.80__moncnn_1.45__MaxEval_102__ProbPAs_0.95__sb_none_sbth_6000__Algo_pesa2,1864,counting_pas,1864,15092
simplified-cocome,simplified-cocome__BRF_clone_1.23__moc_1.64__mcnn_1.80__moncnn_1.45__MaxEval_102__ProbPAs_0.95__sb_none_sbth_6000__Algo_pesa2,1864,perfQ,13305
simplified-cocome,simplified-cocome__BRF_clone_1.23__moc_1.64__mcnn_1.80__moncnn_1.45__MaxEval_102__ProbPAs_0.95__sb_none_sbth_6000__Algo_pesa2,reliability,198
simplified-cocome,simplified-cocome__BRF_clone_1.23__moc_1.64__mcnn_1.80__moncnn_1.45__MaxEval_102__ProbPAs_0.95__sb_none_sbth_6000__Algo_pesa2,1868,uml2lqn,17905
NSGA,simplified-cocome__BRF_clone_1.23__moc_1.64__mcnn_1.80__moncnn_1.45__MaxEval_102__ProbPAs_0.95__sb_none_sbth_6000__Algo_pesa2,1868,invoke_solver,157
NSGA,simplified-cocome__BRF_clone_1.23__moc_1.64__mcnn_1.80__moncnn_1.45__MaxEval_102__ProbPAs_0.95__sb_none_sbth_6000__Algo_pesa2,1868,lqn2uml,14629
NSGA,simplified-cocome__BRF_clone_1.23__moc_1.64__mcnn_1.80__moncnn_1.45__MaxEval_102__ProbPAs_0.95__sb_none_sbth_6000__Algo_pesa2,1868,counting_pas,1868,16322
simplified-cocome,simplified-cocome__BRF_clone_1.23__moc_1.64__mcnn_1.80__moncnn_1.45__MaxEval_102__ProbPAs_0.95__sb_none_sbth_6000__Algo_pesa2,1868,perfQ,16719
simplified-cocome,simplified-cocome__BRF_clone_1.23__moc_1.64__mcnn_1.80__moncnn_1.45__MaxEval_102__ProbPAs_0.95__sb_none_sbth_6000__Algo_pesa2,reliability,176
simplified-cocome,simplified-cocome__BRF_clone_1.23__moc_1.64__mcnn_1.80__moncnn_1.45__MaxEval_102__ProbPAs_0.95__sb_none_sbth_6000__Algo_pesa2,1870,uml2lqn,15712
NSGA,simplified-cocome__BRF_clone_1.23__moc_1.64__mcnn_1.80__moncnn_1.45__MaxEval_102__ProbPAs_0.95__sb_none_sbth_6000__Algo_pesa2,1870,invoke_solver,172
NSGA,simplified-cocome__BRF_clone_1.23__moc_1.64__mcnn_1.80__moncnn_1.45__MaxEval_102__ProbPAs_0.95__sb_none_sbth_6000__Algo_pesa2,1870,lqn2uml,13940
NSGA,simplified-cocome__BRF_clone_1.23__moc_1.64__mcnn_1.80__moncnn_1.45__MaxEval_102__ProbPAs_0.95__sb_none_sbth_6000__Algo_pesa2,1870,counting_pas,1870,11593
simplified-cocome,simplified-cocome__BRF_clone_1.23__moc_1.64__mcnn_1.80__moncnn_1.45__MaxEval_102__ProbPAs_0.95__sb_none_sbth_6000__Algo_pesa2,1870,perfQ,14836
simplified-cocome,simplified-cocome__BRF_clone_1.23__moc_1.64__mcnn_1.80__moncnn_1.45__MaxEval_102__ProbPAs_0.95__sb_none_sbth_6000__Algo_pesa2,reliability,170
simplified-cocome,simplified-cocome__BRF_clone_1.23__moc_1.64__mcnn_1.80__moncnn_1.45__MaxEval_102__ProbPAs_0.95__sb_none_sbth_6000__Algo_pesa2,1876,uml2lqn,18888
NSGA,simplified-cocome__BRF_clone_1.23__moc_1.64__mcnn_1.80__moncnn_1.45__MaxEval_102__ProbPAs_0.95__sb_none_sbth_6000__Algo_pesa2,1876,invoke_solver,319
NSGA,simplified-cocome__BRF_clone_1.23__moc_1.64__mcnn_1.80__moncnn_1.45__MaxEval_102__ProbPAs_0.95__sb_none_sbth_6000__Algo_pesa2,1876,lqn2uml,16793
NSGA,simplified-cocome__BRF_clone_1.23__moc_1.64__mcnn_1.80__moncnn_1.45__MaxEval_102__ProbPAs_0.95__sb_none_sbth_6000__Algo_pesa2,1876,counting_pas,1876,25486
simplified-cocome,simplified-cocome__BRF_clone_1.23__moc_1.64__mcnn_1.80__moncnn_1.45__MaxEval_102__ProbPAs_0.95__sb_none_sbth_6000__Algo_pesa2,1876,perfQ,15100
simplified-cocome,simplified-cocome__BRF_clone_1.23__moc_1.64__mcnn_1.80__moncnn_1.45__MaxEval_102__ProbPAs_0.95__sb_none_sbth_6000__Algo_pesa2,reliability,203
simplified-cocome,simplified-cocome__BRF_clone_1.23__moc_1.64__mcnn_1.80__moncnn_1.45__MaxEval_102__ProbPAs_0.95__sb_none_sbth_6000__Algo_pesa2,1878,uml2lqn,16196
NSGA,simplified-cocome__BRF_clone_1.23__moc_1.64__mcnn_1.80__moncnn_1.45__MaxEval_102__ProbPAs_0.95__sb_none_sbth_6000__Algo_pesa2,1878,invoke_solver,74
NSGA,simplified-cocome__BRF_clone_1.23__moc_1.64__mcnn_1.80__moncnn_1.45__MaxEval_102__ProbPAs_0.95__sb_none_sbth_6000__Algo_pesa2,1878,lqn2uml,16162
NSGA,simplified-cocome__BRF_clone_1.23__moc_1.64__mcnn_1.80__moncnn_1.45__MaxEval_102__ProbPAs_0.95__sb_none_sbth_6000__Algo_pesa2,1878,counting_pas,1878,7933
simplified-cocome,simplified-cocome__BRF_clone_1.23__moc_1.64__mcnn_1.80__moncnn_1.45__MaxEval_102__ProbPAs_0.95__sb_none_sbth_6000__Algo_pesa2,1878,perfQ,16646
simplified-cocome,simplified-cocome__BRF_clone_1.23__moc_1.64__mcnn_1.80__moncnn_1.45__MaxEval_102__ProbPAs_0.95__sb_none_sbth_6000__Algo_pesa2,reliability,200
simplified-cocome,simplified-cocome__BRF_clone_1.23__moc_1.64__mcnn_1.80__moncnn_1.45__MaxEval_102__ProbPAs_0.95__sb_none_sbth_6000__Algo_pesa2,1882,uml2lqn,18086
NSGA,simplified-cocome__BRF_clone_1.23__moc_1.64__mcnn_1.80__moncnn_1.45__MaxEval_102__ProbPAs_0.95__sb_none_sbth_6000__Algo_pesa2,1882,invoke_solver,314
NSGA,simplified-cocome__BRF_clone_1.23__moc_1.64__mcnn_1.80__moncnn_1.45__MaxEval_102__ProbPAs_0.95__sb_none_sbth_6000__Algo_pesa2,1882,lqn2uml,16453
NSGA,simplified-cocome__BRF_clone_1.23__moc_1.64__mcnn_1.80__moncnn_1.45__MaxEval_102__ProbPAs_0.95__sb_none_sbth_6000__Algo_pesa2,1882,counting_pas,1882,22283
simplified-cocome,simplified-cocome__BRF_clone_1.23__moc_1.64__mcnn_1.80__moncnn_1.45__MaxEval_102__ProbPAs_0.95__sb_none_sbth_6000__Algo_pesa2,1882,perfQ,15993
simplified-cocome,simplified-cocome__BRF_clone_1.23__moc_1.64__mcnn_1.80__moncnn_1.45__MaxEval_102__ProbPAs_0.95__sb_none_sbth_6000__Algo_pesa2,reliability,224
simplified-cocome,simplified-cocome__BRF_clone_1.23__moc_1.64__mcnn_1.80__moncnn_1.45__MaxEval_102__ProbPAs_0.95__sb_none_sbth_6000__Algo_pesa2,1886,uml2lqn,16292
NSGA,simplified-cocome__BRF_clone_1.23__moc_1.64__mcnn_1.80__moncnn_1.45__MaxEval_102__ProbPAs_0.95__sb_none_sbth_6000__Algo_pesa2,1886,invoke_solver,222
NSGA,simplified-cocome__BRF_clone_1.23__moc_1.64__mcnn_1.80__moncnn_1.45__MaxEval_102__ProbPAs_0.95__sb_none_sbth_6000__Algo_pesa2,1886,lqn2uml,15121
NSGA,simplified-cocome__BRF_clone_1.23__moc_1.64__mcnn_1.80__moncnn_1.45__MaxEval_102__ProbPAs_0.95__sb_none_sbth_6000__Algo_pesa2,1886,counting_pas,1886,21143
simplified-cocome,simplified-cocome__BRF_clone_1.23__moc_1.64__mcnn_1.80__moncnn_1.45__MaxEval_102__ProbPAs_0.95__sb_none_sbth_6000__Algo_pesa2,1886,perfQ,16047
simplified-cocome,simplified-cocome__BRF_clone_1.23__moc_1.64__mcnn_1.80__moncnn_1.45__MaxEval_102__ProbPAs_0.95__sb_none_sbth_6000__Algo_pesa2,reliability,202
simplified-cocome,simplified-cocome__BRF_clone_1.23__moc_1.64__mcnn_1.80__moncnn_1.45__MaxEval_102__ProbPAs_0.95__sb_none_sbth_6000__Algo_pesa2,1890,uml2lqn,19641
NSGA,simplified-cocome__BRF_clone_1.23__moc_1.64__mcnn_1.80__moncnn_1.45__MaxEval_102__ProbPAs_0.95__sb_none_sbth_6000__Algo_pesa2,1890,invoke_solver,103
NSGA,simplified-cocome__BRF_clone_1.23__moc_1.64__mcnn_1.80__moncnn_1.45__MaxEval_102__ProbPAs_0.95__sb_none_sbth_6000__Algo_pesa2,1890,lqn2uml,15854
NSGA,simplified-cocome__BRF_clone_1.23__moc_1.64__mcnn_1.80__moncnn_1.45__MaxEval_102__ProbPAs_0.95__sb_none_sbth_6000__Algo_pesa2,1890,counting_pas,1890,21323
simplified-cocome,simplified-cocome__BRF_clone_1.23__moc_1.64__mcnn_1.80__moncnn_1.45__MaxEval_102__ProbPAs_0.95__sb_none_sbth_6000__Algo_pesa2,1890,perfQ,15935
simplified-cocome,simplified-cocome__BRF_clone_1.23__moc_1.64__mcnn_1.80__moncnn_1.45__MaxEval_102__ProbPAs_0.95__sb_none_sbth_6000__Algo_pesa2,reliability,172
simplified-cocome,simplified-cocome__BRF_clone_1.23__moc_1.64__mcnn_1.80__moncnn_1.45__MaxEval_102__ProbPAs_0.95__sb_none_sbth_6000__Algo_pesa2,1892,uml2lqn,16717
NSGA,simplified-cocome__BRF_clone_1.23__moc_1.64__mcnn_1.80__moncnn_1.45__MaxEval_102__ProbPAs_0.95__sb_none_sbth_6000__Algo_pesa2,1892,invoke_solver,175
NSGA,simplified-cocome__BRF_clone_1.23__moc_1.64__mcnn_1.80__moncnn_1.45__MaxEval_102__ProbPAs_0.95__sb_none_sbth_6000__Algo_pesa2,1892,lqn2uml,17356
NSGA,simplified-cocome__BRF_clone_1.23__moc_1.64__mcnn_1.80__moncnn_1.45__MaxEval_102__ProbPAs_0.95__sb_none_sbth_6000__Algo_pesa2,1892,counting_pas,1892,13166
simplified-cocome,simplified-cocome__BRF_clone_1.23__moc_1.64__mcnn_1.80__moncnn_1.45__MaxEval_102__ProbPAs_0.95__sb_none_sbth_6000__Algo_pesa2,1892,perfQ,16280
simplified-cocome,simplified-cocome__BRF_clone_1.23__moc_1.64__mcnn_1.80__moncnn_1.45__MaxEval_102__ProbPAs_0.95__sb_none_sbth_6000__Algo_pesa2,reliability,222
simplified-cocome,simplified-cocome__BRF_clone_1.23__moc_1.64__mcnn_1.80__moncnn_1.45__MaxEval_102__ProbPAs_0.95__sb_none_sbth_6000__Algo_pesa2,1896,uml2lqn,17868
NSGA,simplified-cocome__BRF_clone_1.23__moc_1.64__mcnn_1.80__moncnn_1.45__MaxEval_102__ProbPAs_0.95__sb_none_sbth_6000__Algo_pesa2,1896,invoke_solver,186
NSGA,simplified-cocome__BRF_clone_1.23__moc_1.64__mcnn_1.80__moncnn_1.45__MaxEval_102__ProbPAs_0.95__sb_none_sbth_6000__Algo_pesa2,1896,lqn2uml,16075
NSGA,simplified-cocome__BRF_clone_1.23__moc_1.64__mcnn_1.80__moncnn_1.45__MaxEval_102__ProbPAs_0.95__sb_none_sbth_6000__Algo_pesa2,1896,counting_pas,1896,7674
simplified-cocome,simplified-cocome__BRF_clone_1.23__moc_1.64__mcnn_1.80__moncnn_1.45__MaxEval_102__ProbPAs_0.95__sb_none_sbth_6000__Algo_pesa2,1896,perfQ,14953
simplified-cocome,simplified-cocome__BRF_clone_1.23__moc_1.64__mcnn_1.80__moncnn_1.45__MaxEval_102__ProbPAs_0.95__sb_none_sbth_6000__Algo_pesa2,reliability,152
simplified-cocome,simplified-cocome__BRF_clone_1.23__moc_1.64__mcnn_1.80__moncnn_1.45__MaxEval_102__ProbPAs_0.95__sb_none_sbth_6000__Algo_pesa2,1900,uml2lqn,18147
NSGA,simplified-cocome__BRF_clone_1.23__moc_1.64__mcnn_1.80__moncnn_1.45__MaxEval_102__ProbPAs_0.95__sb_none_sbth_6000__Algo_pesa2,1900,invoke_solver,89
NSGA,simplified-cocome__BRF_clone_1.23__moc_1.64__mcnn_1.80__moncnn_1.45__MaxEval_102__ProbPAs_0.95__sb_none_sbth_6000__Algo_pesa2,1900,lqn2uml,14818
NSGA,simplified-cocome__BRF_clone_1.23__moc_1.64__mcnn_1.80__moncnn_1.45__MaxEval_102__ProbPAs_0.95__sb_none_sbth_6000__Algo_pesa2,1900,counting_pas,1900,11672
simplified-cocome,simplified-cocome__BRF_clone_1.23__moc_1.64__mcnn_1.80__moncnn_1.45__MaxEval_102__ProbPAs_0.95__sb_none_sbth_6000__Algo_pesa2,1900,perfQ,16600
simplified-cocome,simplified-cocome__BRF_clone_1.23__moc_1.64__mcnn_1.80__moncnn_1.45__MaxEval_102__ProbPAs_0.95__sb_none_sbth_6000__Algo_pesa2,reliability,182
simplified-cocome,simplified-cocome__BRF_clone_1.23__moc_1.64__mcnn_1.80__moncnn_1.45__MaxEval_102__ProbPAs_0.95__sb_none_sbth_6000__Algo_pesa2,1904,uml2lqn,19407
NSGA,simplified-cocome__BRF_clone_1.23__moc_1.64__mcnn_1.80__moncnn_1.45__MaxEval_102__ProbPAs_0.95__sb_none_sbth_6000__Algo_pesa2,1904,invoke_solver,337
NSGA,simplified-cocome__BRF_clone_1.23__moc_1.64__mcnn_1.80__moncnn_1.45__MaxEval_102__ProbPAs_0.95__sb_none_sbth_6000__Algo_pesa2,1904,lqn2uml,14359
NSGA,simplified-cocome__BRF_clone_1.23__moc_1.64__mcnn_1.80__moncnn_1.45__MaxEval_102__ProbPAs_0.95__sb_none_sbth_6000__Algo_pesa2,1904,counting_pas,1904,20695
simplified-cocome,simplified-cocome__BRF_clone_1.23__moc_1.64__mcnn_1.80__moncnn_1.45__MaxEval_102__ProbPAs_0.95__sb_none_sbth_6000__Algo_pesa2,1904,perfQ,14713
simplified-cocome,simplified-cocome__BRF_clone_1.23__moc_1.64__mcnn_1.80__moncnn_1.45__MaxEval_102__ProbPAs_0.95__sb_none_sbth_6000__Algo_pesa2,reliability,233
simplified-cocome,simplified-cocome__BRF_clone_1.23__moc_1.64__mcnn_1.80__moncnn_1.45__MaxEval_102__ProbPAs_0.95__sb_none_sbth_6000__Algo_pesa2,1910,uml2lqn,15802
NSGA,simplified-cocome__BRF_clone_1.23__moc_1.64__mcnn_1.80__moncnn_1.45__MaxEval_102__ProbPAs_0.95__sb_none_sbth_6000__Algo_pesa2,1910,invoke_solver,312
NSGA,simplified-cocome__BRF_clone_1.23__moc_1.64__mcnn_1.80__moncnn_1.45__MaxEval_102__ProbPAs_0.95__sb_none_sbth_6000__Algo_pesa2,1910,lqn2uml,16608
NSGA,simplified-cocome__BRF_clone_1.23__moc_1.64__mcnn_1.80__moncnn_1.45__MaxEval_102__ProbPAs_0.95__sb_none_sbth_6000__Algo_pesa2,1910,counting_pas,1910,10196
simplified-cocome,simplified-cocome__BRF_clone_1.23__moc_1.64__mcnn_1.80__moncnn_1.45__MaxEval_102__ProbPAs_0.95__sb_none_sbth_6000__Algo_pesa2,1910,perfQ,15273
simplified-cocome,simplified-cocome__BRF_clone_1.23__moc_1.64__mcnn_1.80__moncnn_1.45__MaxEval_102__ProbPAs_0.95__sb_none_sbth_6000__Algo_pesa2,reliability,170
simplified-cocome,simplified-cocome__BRF_clone_1.23__moc_1.64__mcnn_1.80__moncnn_1.45__MaxEval_102__ProbPAs_0.95__sb_none_sbth_6000__Algo_pesa2,1912,uml2lqn,18287
NSGA,simplified-cocome__BRF_clone_1.23__moc_1.64__mcnn_1.80__moncnn_1.45__MaxEval_102__ProbPAs_0.95__sb_none_sbth_6000__Algo_pesa2,1912,invoke_solver,312
NSGA,simplified-cocome__BRF_clone_1.23__moc_1.64__mcnn_1.80__moncnn_1.45__MaxEval_102__ProbPAs_0.95__sb_none_sbth_6000__Algo_pesa2,1912,lqn2uml,14842
NSGA,simplified-cocome__BRF_clone_1.23__moc_1.64__mcnn_1.80__moncnn_1.45__MaxEval_102__ProbPAs_0.95__sb_none_sbth_6000__Algo_pesa2,1912,counting_pas,1912,16441
simplified-cocome,simplified-cocome__BRF_clone_1.23__moc_1.64__mcnn_1.80__moncnn_1.45__MaxEval_102__ProbPAs_0.95__sb_none_sbth_6000__Algo_pesa2,1912,perfQ,17553
simplified-cocome,simplified-cocome__BRF_clone_1.23__moc_1.64__mcnn_1.80__moncnn_1.45__MaxEval_102__ProbPAs_0.95__sb_none_sbth_6000__Algo_pesa2,reliability,185
simplified-cocome,simplified-cocome__BRF_clone_1.23__moc_1.64__mcnn_1.80__moncnn_1.45__MaxEval_102__ProbPAs_0.95__sb_none_sbth_6000__Algo_pesa2,1914,uml2lqn,17408
NSGA,simplified-cocome__BRF_clone_1.23__moc_1.64__mcnn_1.80__moncnn_1.45__MaxEval_102__ProbPAs_0.95__sb_none_sbth_6000__Algo_pesa2,1914,invoke_solver,105
NSGA,simplified-cocome__BRF_clone_1.23__moc_1.64__mcnn_1.80__moncnn_1.45__MaxEval_102__ProbPAs_0.95__sb_none_sbth_6000__Algo_pesa2,1914,lqn2uml,15072
NSGA,simplified-cocome__BRF_clone_1.23__moc_1.64__mcnn_1.80__moncnn_1.45__MaxEval_102__ProbPAs_0.95__sb_none_sbth_6000__Algo_pesa2,1914,counting_pas,1914,7777
simplified-cocome,simplified-cocome__BRF_clone_1.23__moc_1.64__mcnn_1.80__moncnn_1.45__MaxEval_102__ProbPAs_0.95__sb_none_sbth_6000__Algo_pesa2,1914,perfQ,15367
simplified-cocome,simplified-cocome__BRF_clone_1.23__moc_1.64__mcnn_1.80__moncnn_1.45__MaxEval_102__ProbPAs_0.95__sb_none_sbth_6000__Algo_pesa2,reliability,163
simplified-cocome,simplified-cocome__BRF_clone_1.23__moc_1.64__mcnn_1.80__moncnn_1.45__MaxEval_102__ProbPAs_0.95__sb_none_sbth_6000__Algo_pesa2,1916,uml2lqn,19327
NSGA,simplified-cocome__BRF_clone_1.23__moc_1.64__mcnn_1.80__moncnn_1.45__MaxEval_102__ProbPAs_0.95__sb_none_sbth_6000__Algo_pesa2,1916,invoke_solver,102
NSGA,simplified-cocome__BRF_clone_1.23__moc_1.64__mcnn_1.80__moncnn_1.45__MaxEval_102__ProbPAs_0.95__sb_none_sbth_6000__Algo_pesa2,1916,lqn2uml,16237
NSGA,simplified-cocome__BRF_clone_1.23__moc_1.64__mcnn_1.80__moncnn_1.45__MaxEval_102__ProbPAs_0.95__sb_none_sbth_6000__Algo_pesa2,1916,counting_pas,1916,12211
simplified-cocome,simplified-cocome__BRF_clone_1.23__moc_1.64__mcnn_1.80__moncnn_1.45__MaxEval_102__ProbPAs_0.95__sb_none_sbth_6000__Algo_pesa2,1916,perfQ,15662
simplified-cocome,simplified-cocome__BRF_clone_1.23__moc_1.64__mcnn_1.80__moncnn_1.45__MaxEval_102__ProbPAs_0.95__sb_none_sbth_6000__Algo_pesa2,reliability,200
simplified-cocome,simplified-cocome__BRF_clone_1.23__moc_1.64__mcnn_1.80__moncnn_1.45__MaxEval_102__ProbPAs_0.95__sb_none_sbth_6000__Algo_pesa2,1920,uml2lqn,15461
NSGA,simplified-cocome__BRF_clone_1.23__moc_1.64__mcnn_1.80__moncnn_1.45__MaxEval_102__ProbPAs_0.95__sb_none_sbth_6000__Algo_pesa2,1920,invoke_solver,386
NSGA,simplified-cocome__BRF_clone_1.23__moc_1.64__mcnn_1.80__moncnn_1.45__MaxEval_102__ProbPAs_0.95__sb_none_sbth_6000__Algo_pesa2,1920,lqn2uml,16924
NSGA,simplified-cocome__BRF_clone_1.23__moc_1.64__mcnn_1.80__moncnn_1.45__MaxEval_102__ProbPAs_0.95__sb_none_sbth_6000__Algo_pesa2,1920,counting_pas,1920,13528
simplified-cocome,simplified-cocome__BRF_clone_1.23__moc_1.64__mcnn_1.80__moncnn_1.45__MaxEval_102__ProbPAs_0.95__sb_none_sbth_6000__Algo_pesa2,1920,perfQ,16879
simplified-cocome,simplified-cocome__BRF_clone_1.23__moc_1.64__mcnn_1.80__moncnn_1.45__MaxEval_102__ProbPAs_0.95__sb_none_sbth_6000__Algo_pesa2,reliability,186
simplified-cocome,simplified-cocome__BRF_clone_1.23__moc_1.64__mcnn_1.80__moncnn_1.45__MaxEval_102__ProbPAs_0.95__sb_none_sbth_6000__Algo_pesa2,1924,uml2lqn,18551
NSGA,simplified-cocome__BRF_clone_1.23__moc_1.64__mcnn_1.80__moncnn_1.45__MaxEval_102__ProbPAs_0.95__sb_none_sbth_6000__Algo_pesa2,1924,invoke_solver,340
NSGA,simplified-cocome__BRF_clone_1.23__moc_1.64__mcnn_1.80__moncnn_1.45__MaxEval_102__ProbPAs_0.95__sb_none_sbth_6000__Algo_pesa2,1924,lqn2uml,14158
NSGA,simplified-cocome__BRF_clone_1.23__moc_1.64__mcnn_1.80__moncnn_1.45__MaxEval_102__ProbPAs_0.95__sb_none_sbth_6000__Algo_pesa2,1924,counting_pas,1924,16183
simplified-cocome,simplified-cocome__BRF_clone_1.23__moc_1.64__mcnn_1.80__moncnn_1.45__MaxEval_102__ProbPAs_0.95__sb_none_sbth_6000__Algo_pesa2,1924,perfQ,14514
simplified-cocome,simplified-cocome__BRF_clone_1.23__moc_1.64__mcnn_1.80__moncnn_1.45__MaxEval_102__ProbPAs_0.95__sb_none_sbth_6000__Algo_pesa2,reliability,166
simplified-cocome,simplified-cocome__BRF_clone_1.23__moc_1.64__mcnn_1.80__moncnn_1.45__MaxEval_102__ProbPAs_0.95__sb_none_sbth_6000__Algo_pesa2,1928,uml2lqn,18762
NSGA,simplified-cocome__BRF_clone_1.23__moc_1.64__mcnn_1.80__moncnn_1.45__MaxEval_102__ProbPAs_0.95__sb_none_sbth_6000__Algo_pesa2,1928,invoke_solver,73
NSGA,simplified-cocome__BRF_clone_1.23__moc_1.64__mcnn_1.80__moncnn_1.45__MaxEval_102__ProbPAs_0.95__sb_none_sbth_6000__Algo_pesa2,1928,lqn2uml,18386
NSGA,simplified-cocome__BRF_clone_1.23__moc_1.64__mcnn_1.80__moncnn_1.45__MaxEval_102__ProbPAs_0.95__sb_none_sbth_6000__Algo_pesa2,1928,counting_pas,1928,8306
simplified-cocome,simplified-cocome__BRF_clone_1.23__moc_1.64__mcnn_1.80__moncnn_1.45__MaxEval_102__ProbPAs_0.95__sb_none_sbth_6000__Algo_pesa2,1928,perfQ,16494
simplified-cocome,simplified-cocome__BRF_clone_1.23__moc_1.64__mcnn_1.80__moncnn_1.45__MaxEval_102__ProbPAs_0.95__sb_none_sbth_6000__Algo_pesa2,reliability,175
simplified-cocome,simplified-cocome__BRF_clone_1.23__moc_1.64__mcnn_1.80__moncnn_1.45__MaxEval_102__ProbPAs_0.95__sb_none_sbth_6000__Algo_pesa2,1932,uml2lqn,19183
NSGA,simplified-cocome__BRF_clone_1.23__moc_1.64__mcnn_1.80__moncnn_1.45__MaxEval_102__ProbPAs_0.95__sb_none_sbth_6000__Algo_pesa2,1932,invoke_solver,182
NSGA,simplified-cocome__BRF_clone_1.23__moc_1.64__mcnn_1.80__moncnn_1.45__MaxEval_102__ProbPAs_0.95__sb_none_sbth_6000__Algo_pesa2,1932,lqn2uml,18152
NSGA,simplified-cocome__BRF_clone_1.23__moc_1.64__mcnn_1.80__moncnn_1.45__MaxEval_102__ProbPAs_0.95__sb_none_sbth_6000__Algo_pesa2,1932,counting_pas,1932,9998
simplified-cocome,simplified-cocome__BRF_clone_1.23__moc_1.64__mcnn_1.80__moncnn_1.45__MaxEval_102__ProbPAs_0.95__sb_none_sbth_6000__Algo_pesa2,1932,perfQ,16293
simplified-cocome,simplified-cocome__BRF_clone_1.23__moc_1.64__mcnn_1.80__moncnn_1.45__MaxEval_102__ProbPAs_0.95__sb_none_sbth_6000__Algo_pesa2,reliability,197
simplified-cocome,simplified-cocome__BRF_clone_1.23__moc_1.64__mcnn_1.80__moncnn_1.45__MaxEval_102__ProbPAs_0.95__sb_none_sbth_6000__Algo_pesa2,1936,uml2lqn,19067
NSGA,simplified-cocome__BRF_clone_1.23__moc_1.64__mcnn_1.80__moncnn_1.45__MaxEval_102__ProbPAs_0.95__sb_none_sbth_6000__Algo_pesa2,1936,invoke_solver,356
NSGA,simplified-cocome__BRF_clone_1.23__moc_1.64__mcnn_1.80__moncnn_1.45__MaxEval_102__ProbPAs_0.95__sb_none_sbth_6000__Algo_pesa2,1936,lqn2uml,16280
NSGA,simplified-cocome__BRF_clone_1.23__moc_1.64__mcnn_1.80__moncnn_1.45__MaxEval_102__ProbPAs_0.95__sb_none_sbth_6000__Algo_pesa2,1936,counting_pas,1936,11086
simplified-cocome,simplified-cocome__BRF_clone_1.23__moc_1.64__mcnn_1.80__moncnn_1.45__MaxEval_102__ProbPAs_0.95__sb_none_sbth_6000__Algo_pesa2,1936,perfQ,16145
simplified-cocome,simplified-cocome__BRF_clone_1.23__moc_1.64__mcnn_1.80__moncnn_1.45__MaxEval_102__ProbPAs_0.95__sb_none_sbth_6000__Algo_pesa2,reliability,194
simplified-cocome,simplified-cocome__BRF_clone_1.23__moc_1.64__mcnn_1.80__moncnn_1.45__MaxEval_102__ProbPAs_0.95__sb_none_sbth_6000__Algo_pesa2,1938,uml2lqn,18959
NSGA,simplified-cocome__BRF_clone_1.23__moc_1.64__mcnn_1.80__moncnn_1.45__MaxEval_102__ProbPAs_0.95__sb_none_sbth_6000__Algo_pesa2,1938,invoke_solver,386
NSGA,simplified-cocome__BRF_clone_1.23__moc_1.64__mcnn_1.80__moncnn_1.45__MaxEval_102__ProbPAs_0.95__sb_none_sbth_6000__Algo_pesa2,1938,lqn2uml,15553
NSGA,simplified-cocome__BRF_clone_1.23__moc_1.64__mcnn_1.80__moncnn_1.45__MaxEval_102__ProbPAs_0.95__sb_none_sbth_6000__Algo_pesa2,1938,counting_pas,1938,22291
simplified-cocome,simplified-cocome__BRF_clone_1.23__moc_1.64__mcnn_1.80__moncnn_1.45__MaxEval_102__ProbPAs_0.95__sb_none_sbth_6000__Algo_pesa2,1938,perfQ,12777
simplified-cocome,simplified-cocome__BRF_clone_1.23__moc_1.64__mcnn_1.80__moncnn_1.45__MaxEval_102__ProbPAs_0.95__sb_none_sbth_6000__Algo_pesa2,reliability,188
simplified-cocome,simplified-cocome__BRF_clone_1.23__moc_1.64__mcnn_1.80__moncnn_1.45__MaxEval_102__ProbPAs_0.95__sb_none_sbth_6000__Algo_pesa2,1942,uml2lqn,16071
NSGA,simplified-cocome__BRF_clone_1.23__moc_1.64__mcnn_1.80__moncnn_1.45__MaxEval_102__ProbPAs_0.95__sb_none_sbth_6000__Algo_pesa2,1942,invoke_solver,178
NSGA,simplified-cocome__BRF_clone_1.23__moc_1.64__mcnn_1.80__moncnn_1.45__MaxEval_102__ProbPAs_0.95__sb_none_sbth_6000__Algo_pesa2,1942,lqn2uml,16312
NSGA,simplified-cocome__BRF_clone_1.23__moc_1.64__mcnn_1.80__moncnn_1.45__MaxEval_102__ProbPAs_0.95__sb_none_sbth_6000__Algo_pesa2,1942,counting_pas,1942,22413
simplified-cocome,simplified-cocome__BRF_clone_1.23__moc_1.64__mcnn_1.80__moncnn_1.45__MaxEval_102__ProbPAs_0.95__sb_none_sbth_6000__Algo_pesa2,1942,perfQ,15868
simplified-cocome,simplified-cocome__BRF_clone_1.23__moc_1.64__mcnn_1.80__moncnn_1.45__MaxEval_102__ProbPAs_0.95__sb_none_sbth_6000__Algo_pesa2,reliability,181
simplified-cocome,simplified-cocome__BRF_clone_1.23__moc_1.64__mcnn_1.80__moncnn_1.45__MaxEval_102__ProbPAs_0.95__sb_none_sbth_6000__Algo_pesa2,1946,uml2lqn,17530
NSGA,simplified-cocome__BRF_clone_1.23__moc_1.64__mcnn_1.80__moncnn_1.45__MaxEval_102__ProbPAs_0.95__sb_none_sbth_6000__Algo_pesa2,1946,invoke_solver,158
NSGA,simplified-cocome__BRF_clone_1.23__moc_1.64__mcnn_1.80__moncnn_1.45__MaxEval_102__ProbPAs_0.95__sb_none_sbth_6000__Algo_pesa2,1946,lqn2uml,17031
NSGA,simplified-cocome__BRF_clone_1.23__moc_1.64__mcnn_1.80__moncnn_1.45__MaxEval_102__ProbPAs_0.95__sb_none_sbth_6000__Algo_pesa2,1946,counting_pas,1946,21415
simplified-cocome,simplified-cocome__BRF_clone_1.23__moc_1.64__mcnn_1.80__moncnn_1.45__MaxEval_102__ProbPAs_0.95__sb_none_sbth_6000__Algo_pesa2,1946,perfQ,16316
simplified-cocome,simplified-cocome__BRF_clone_1.23__moc_1.64__mcnn_1.80__moncnn_1.45__MaxEval_102__ProbPAs_0.95__sb_none_sbth_6000__Algo_pesa2,reliability,206
simplified-cocome,simplified-cocome__BRF_clone_1.23__moc_1.64__mcnn_1.80__moncnn_1.45__MaxEval_102__ProbPAs_0.95__sb_none_sbth_6000__Algo_pesa2,1950,uml2lqn,17755
NSGA,simplified-cocome__BRF_clone_1.23__moc_1.64__mcnn_1.80__moncnn_1.45__MaxEval_102__ProbPAs_0.95__sb_none_sbth_6000__Algo_pesa2,1950,invoke_solver,110
NSGA,simplified-cocome__BRF_clone_1.23__moc_1.64__mcnn_1.80__moncnn_1.45__MaxEval_102__ProbPAs_0.95__sb_none_sbth_6000__Algo_pesa2,1950,lqn2uml,17325
NSGA,simplified-cocome__BRF_clone_1.23__moc_1.64__mcnn_1.80__moncnn_1.45__MaxEval_102__ProbPAs_0.95__sb_none_sbth_6000__Algo_pesa2,1950,counting_pas,1950,17745
simplified-cocome,simplified-cocome__BRF_clone_1.23__moc_1.64__mcnn_1.80__moncnn_1.45__MaxEval_102__ProbPAs_0.95__sb_none_sbth_6000__Algo_pesa2,1950,perfQ,13576
simplified-cocome,simplified-cocome__BRF_clone_1.23__moc_1.64__mcnn_1.80__moncnn_1.45__MaxEval_102__ProbPAs_0.95__sb_none_sbth_6000__Algo_pesa2,reliability,230
simplified-cocome,simplified-cocome__BRF_clone_1.23__moc_1.64__mcnn_1.80__moncnn_1.45__MaxEval_102__ProbPAs_0.95__sb_none_sbth_6000__Algo_pesa2,1954,uml2lqn,15847
NSGA,simplified-cocome__BRF_clone_1.23__moc_1.64__mcnn_1.80__moncnn_1.45__MaxEval_102__ProbPAs_0.95__sb_none_sbth_6000__Algo_pesa2,1954,invoke_solver,171
NSGA,simplified-cocome__BRF_clone_1.23__moc_1.64__mcnn_1.80__moncnn_1.45__MaxEval_102__ProbPAs_0.95__sb_none_sbth_6000__Algo_pesa2,1954,lqn2uml,15269
NSGA,simplified-cocome__BRF_clone_1.23__moc_1.64__mcnn_1.80__moncnn_1.45__MaxEval_102__ProbPAs_0.95__sb_none_sbth_6000__Algo_pesa2,1954,counting_pas,1954,12140
simplified-cocome,simplified-cocome__BRF_clone_1.23__moc_1.64__mcnn_1.80__moncnn_1.45__MaxEval_102__ProbPAs_0.95__sb_none_sbth_6000__Algo_pesa2,1954,perfQ,14250
simplified-cocome,simplified-cocome__BRF_clone_1.23__moc_1.64__mcnn_1.80__moncnn_1.45__MaxEval_102__ProbPAs_0.95__sb_none_sbth_6000__Algo_pesa2,reliability,176
simplified-cocome,simplified-cocome__BRF_clone_1.23__moc_1.64__mcnn_1.80__moncnn_1.45__MaxEval_102__ProbPAs_0.95__sb_none_sbth_6000__Algo_pesa2,1958,uml2lqn,18918
NSGA,simplified-cocome__BRF_clone_1.23__moc_1.64__mcnn_1.80__moncnn_1.45__MaxEval_102__ProbPAs_0.95__sb_none_sbth_6000__Algo_pesa2,1958,invoke_solver,262
NSGA,simplified-cocome__BRF_clone_1.23__moc_1.64__mcnn_1.80__moncnn_1.45__MaxEval_102__ProbPAs_0.95__sb_none_sbth_6000__Algo_pesa2,1958,lqn2uml,17449
NSGA,simplified-cocome__BRF_clone_1.23__moc_1.64__mcnn_1.80__moncnn_1.45__MaxEval_102__ProbPAs_0.95__sb_none_sbth_6000__Algo_pesa2,1958,counting_pas,1958,14810
simplified-cocome,simplified-cocome__BRF_clone_1.23__moc_1.64__mcnn_1.80__moncnn_1.45__MaxEval_102__ProbPAs_0.95__sb_none_sbth_6000__Algo_pesa2,1958,perfQ,13260
simplified-cocome,simplified-cocome__BRF_clone_1.23__moc_1.64__mcnn_1.80__moncnn_1.45__MaxEval_102__ProbPAs_0.95__sb_none_sbth_6000__Algo_pesa2,reliability,203
simplified-cocome,simplified-cocome__BRF_clone_1.23__moc_1.64__mcnn_1.80__moncnn_1.45__MaxEval_102__ProbPAs_0.95__sb_none_sbth_6000__Algo_pesa2,1962,uml2lqn,16961
NSGA,simplified-cocome__BRF_clone_1.23__moc_1.64__mcnn_1.80__moncnn_1.45__MaxEval_102__ProbPAs_0.95__sb_none_sbth_6000__Algo_pesa2,1962,invoke_solver,355
NSGA,simplified-cocome__BRF_clone_1.23__moc_1.64__mcnn_1.80__moncnn_1.45__MaxEval_102__ProbPAs_0.95__sb_none_sbth_6000__Algo_pesa2,1962,lqn2uml,15534
NSGA,simplified-cocome__BRF_clone_1.23__moc_1.64__mcnn_1.80__moncnn_1.45__MaxEval_102__ProbPAs_0.95__sb_none_sbth_6000__Algo_pesa2,1962,counting_pas,1962,15830
simplified-cocome,simplified-cocome__BRF_clone_1.23__moc_1.64__mcnn_1.80__moncnn_1.45__MaxEval_102__ProbPAs_0.95__sb_none_sbth_6000__Algo_pesa2,1962,perfQ,13441
simplified-cocome,simplified-cocome__BRF_clone_1.23__moc_1.64__mcnn_1.80__moncnn_1.45__MaxEval_102__ProbPAs_0.95__sb_none_sbth_6000__Algo_pesa2,reliability,147
simplified-cocome,simplified-cocome__BRF_clone_1.23__moc_1.64__mcnn_1.80__moncnn_1.45__MaxEval_102__ProbPAs_0.95__sb_none_sbth_6000__Algo_pesa2,1966,uml2lqn,16690
NSGA,simplified-cocome__BRF_clone_1.23__moc_1.64__mcnn_1.80__moncnn_1.45__MaxEval_102__ProbPAs_0.95__sb_none_sbth_6000__Algo_pesa2,1966,invoke_solver,55
NSGA,simplified-cocome__BRF_clone_1.23__moc_1.64__mcnn_1.80__moncnn_1.45__MaxEval_102__ProbPAs_0.95__sb_none_sbth_6000__Algo_pesa2,1966,lqn2uml,17335
NSGA,simplified-cocome__BRF_clone_1.23__moc_1.64__mcnn_1.80__moncnn_1.45__MaxEval_102__ProbPAs_0.95__sb_none_sbth_6000__Algo_pesa2,1966,counting_pas,1966,13245
simplified-cocome,simplified-cocome__BRF_clone_1.23__moc_1.64__mcnn_1.80__moncnn_1.45__MaxEval_102__ProbPAs_0.95__sb_none_sbth_6000__Algo_pesa2,1966,perfQ,12826
simplified-cocome,simplified-cocome__BRF_clone_1.23__moc_1.64__mcnn_1.80__moncnn_1.45__MaxEval_102__ProbPAs_0.95__sb_none_sbth_6000__Algo_pesa2,reliability,214
simplified-cocome,simplified-cocome__BRF_clone_1.23__moc_1.64__mcnn_1.80__moncnn_1.45__MaxEval_102__ProbPAs_0.95__sb_none_sbth_6000__Algo_pesa2,1970,uml2lqn,18137
NSGA,simplified-cocome__BRF_clone_1.23__moc_1.64__mcnn_1.80__moncnn_1.45__MaxEval_102__ProbPAs_0.95__sb_none_sbth_6000__Algo_pesa2,1970,invoke_solver,380
NSGA,simplified-cocome__BRF_clone_1.23__moc_1.64__mcnn_1.80__moncnn_1.45__MaxEval_102__ProbPAs_0.95__sb_none_sbth_6000__Algo_pesa2,1970,lqn2uml,13451
NSGA,simplified-cocome__BRF_clone_1.23__moc_1.64__mcnn_1.80__moncnn_1.45__MaxEval_102__ProbPAs_0.95__sb_none_sbth_6000__Algo_pesa2,1970,counting_pas,1970,7459
simplified-cocome,simplified-cocome__BRF_clone_1.23__moc_1.64__mcnn_1.80__moncnn_1.45__MaxEval_102__ProbPAs_0.95__sb_none_sbth_6000__Algo_pesa2,1970,perfQ,16421
simplified-cocome,simplified-cocome__BRF_clone_1.23__moc_1.64__mcnn_1.80__moncnn_1.45__MaxEval_102__ProbPAs_0.95__sb_none_sbth_6000__Algo_pesa2,reliability,194
simplified-cocome,simplified-cocome__BRF_clone_1.23__moc_1.64__mcnn_1.80__moncnn_1.45__MaxEval_102__ProbPAs_0.95__sb_none_sbth_6000__Algo_pesa2,1974,uml2lqn,16493
NSGA,simplified-cocome__BRF_clone_1.23__moc_1.64__mcnn_1.80__moncnn_1.45__MaxEval_102__ProbPAs_0.95__sb_none_sbth_6000__Algo_pesa2,1974,invoke_solver,193
NSGA,simplified-cocome__BRF_clone_1.23__moc_1.64__mcnn_1.80__moncnn_1.45__MaxEval_102__ProbPAs_0.95__sb_none_sbth_6000__Algo_pesa2,1974,lqn2uml,15771
NSGA,simplified-cocome__BRF_clone_1.23__moc_1.64__mcnn_1.80__moncnn_1.45__MaxEval_102__ProbPAs_0.95__sb_none_sbth_6000__Algo_pesa2,1974,counting_pas,1974,8269
simplified-cocome,simplified-cocome__BRF_clone_1.23__moc_1.64__mcnn_1.80__moncnn_1.45__MaxEval_102__ProbPAs_0.95__sb_none_sbth_6000__Algo_pesa2,1974,perfQ,15431
simplified-cocome,simplified-cocome__BRF_clone_1.23__moc_1.64__mcnn_1.80__moncnn_1.45__MaxEval_102__ProbPAs_0.95__sb_none_sbth_6000__Algo_pesa2,reliability,161
simplified-cocome,simplified-cocome__BRF_clone_1.23__moc_1.64__mcnn_1.80__moncnn_1.45__MaxEval_102__ProbPAs_0.95__sb_none_sbth_6000__Algo_pesa2,1978,uml2lqn,17172
NSGA,simplified-cocome__BRF_clone_1.23__moc_1.64__mcnn_1.80__moncnn_1.45__MaxEval_102__ProbPAs_0.95__sb_none_sbth_6000__Algo_pesa2,1978,invoke_solver,390
NSGA,simplified-cocome__BRF_clone_1.23__moc_1.64__mcnn_1.80__moncnn_1.45__MaxEval_102__ProbPAs_0.95__sb_none_sbth_6000__Algo_pesa2,1978,lqn2uml,16253
NSGA,simplified-cocome__BRF_clone_1.23__moc_1.64__mcnn_1.80__moncnn_1.45__MaxEval_102__ProbPAs_0.95__sb_none_sbth_6000__Algo_pesa2,1978,counting_pas,1978,8722
simplified-cocome,simplified-cocome__BRF_clone_1.23__moc_1.64__mcnn_1.80__moncnn_1.45__MaxEval_102__ProbPAs_0.95__sb_none_sbth_6000__Algo_pesa2,1978,perfQ,13390
simplified-cocome,simplified-cocome__BRF_clone_1.23__moc_1.64__mcnn_1.80__moncnn_1.45__MaxEval_102__ProbPAs_0.95__sb_none_sbth_6000__Algo_pesa2,reliability,157
simplified-cocome,simplified-cocome__BRF_clone_1.23__moc_1.64__mcnn_1.80__moncnn_1.45__MaxEval_102__ProbPAs_0.95__sb_none_sbth_6000__Algo_pesa2,1980,uml2lqn,18495
NSGA,simplified-cocome__BRF_clone_1.23__moc_1.64__mcnn_1.80__moncnn_1.45__MaxEval_102__ProbPAs_0.95__sb_none_sbth_6000__Algo_pesa2,1980,invoke_solver,419
NSGA,simplified-cocome__BRF_clone_1.23__moc_1.64__mcnn_1.80__moncnn_1.45__MaxEval_102__ProbPAs_0.95__sb_none_sbth_6000__Algo_pesa2,1980,lqn2uml,16375
NSGA,simplified-cocome__BRF_clone_1.23__moc_1.64__mcnn_1.80__moncnn_1.45__MaxEval_102__ProbPAs_0.95__sb_none_sbth_6000__Algo_pesa2,1980,counting_pas,1980,8469
simplified-cocome,simplified-cocome__BRF_clone_1.23__moc_1.64__mcnn_1.80__moncnn_1.45__MaxEval_102__ProbPAs_0.95__sb_none_sbth_6000__Algo_pesa2,1980,perfQ,14263
simplified-cocome,simplified-cocome__BRF_clone_1.23__moc_1.64__mcnn_1.80__moncnn_1.45__MaxEval_102__ProbPAs_0.95__sb_none_sbth_6000__Algo_pesa2,reliability,184
simplified-cocome,simplified-cocome__BRF_clone_1.23__moc_1.64__mcnn_1.80__moncnn_1.45__MaxEval_102__ProbPAs_0.95__sb_none_sbth_6000__Algo_pesa2,1984,uml2lqn,18265
NSGA,simplified-cocome__BRF_clone_1.23__moc_1.64__mcnn_1.80__moncnn_1.45__MaxEval_102__ProbPAs_0.95__sb_none_sbth_6000__Algo_pesa2,1984,invoke_solver,322
NSGA,simplified-cocome__BRF_clone_1.23__moc_1.64__mcnn_1.80__moncnn_1.45__MaxEval_102__ProbPAs_0.95__sb_none_sbth_6000__Algo_pesa2,1984,lqn2uml,16293
NSGA,simplified-cocome__BRF_clone_1.23__moc_1.64__mcnn_1.80__moncnn_1.45__MaxEval_102__ProbPAs_0.95__sb_none_sbth_6000__Algo_pesa2,1984,counting_pas,1984,8964
simplified-cocome,simplified-cocome__BRF_clone_1.23__moc_1.64__mcnn_1.80__moncnn_1.45__MaxEval_102__ProbPAs_0.95__sb_none_sbth_6000__Algo_pesa2,1984,perfQ,13769
simplified-cocome,simplified-cocome__BRF_clone_1.23__moc_1.64__mcnn_1.80__moncnn_1.45__MaxEval_102__ProbPAs_0.95__sb_none_sbth_6000__Algo_pesa2,reliability,184
simplified-cocome,simplified-cocome__BRF_clone_1.23__moc_1.64__mcnn_1.80__moncnn_1.45__MaxEval_102__ProbPAs_0.95__sb_none_sbth_6000__Algo_pesa2,1986,uml2lqn,15649
NSGA,simplified-cocome__BRF_clone_1.23__moc_1.64__mcnn_1.80__moncnn_1.45__MaxEval_102__ProbPAs_0.95__sb_none_sbth_6000__Algo_pesa2,1986,invoke_solver,100
NSGA,simplified-cocome__BRF_clone_1.23__moc_1.64__mcnn_1.80__moncnn_1.45__MaxEval_102__ProbPAs_0.95__sb_none_sbth_6000__Algo_pesa2,1986,lqn2uml,14160
NSGA,simplified-cocome__BRF_clone_1.23__moc_1.64__mcnn_1.80__moncnn_1.45__MaxEval_102__ProbPAs_0.95__sb_none_sbth_6000__Algo_pesa2,1986,counting_pas,1986,8342
simplified-cocome,simplified-cocome__BRF_clone_1.23__moc_1.64__mcnn_1.80__moncnn_1.45__MaxEval_102__ProbPAs_0.95__sb_none_sbth_6000__Algo_pesa2,1986,perfQ,14767
simplified-cocome,simplified-cocome__BRF_clone_1.23__moc_1.64__mcnn_1.80__moncnn_1.45__MaxEval_102__ProbPAs_0.95__sb_none_sbth_6000__Algo_pesa2,reliability,173
simplified-cocome,simplified-cocome__BRF_clone_1.23__moc_1.64__mcnn_1.80__moncnn_1.45__MaxEval_102__ProbPAs_0.95__sb_none_sbth_6000__Algo_pesa2,1990,uml2lqn,16182
NSGA,simplified-cocome__BRF_clone_1.23__moc_1.64__mcnn_1.80__moncnn_1.45__MaxEval_102__ProbPAs_0.95__sb_none_sbth_6000__Algo_pesa2,1990,invoke_solver,74
NSGA,simplified-cocome__BRF_clone_1.23__moc_1.64__mcnn_1.80__moncnn_1.45__MaxEval_102__ProbPAs_0.95__sb_none_sbth_6000__Algo_pesa2,1990,lqn2uml,13160
NSGA,simplified-cocome__BRF_clone_1.23__moc_1.64__mcnn_1.80__moncnn_1.45__MaxEval_102__ProbPAs_0.95__sb_none_sbth_6000__Algo_pesa2,1990,counting_pas,1990,9906
simplified-cocome,simplified-cocome__BRF_clone_1.23__moc_1.64__mcnn_1.80__moncnn_1.45__MaxEval_102__ProbPAs_0.95__sb_none_sbth_6000__Algo_pesa2,1990,perfQ,14247
simplified-cocome,simplified-cocome__BRF_clone_1.23__moc_1.64__mcnn_1.80__moncnn_1.45__MaxEval_102__ProbPAs_0.95__sb_none_sbth_6000__Algo_pesa2,reliability,161
simplified-cocome,simplified-cocome__BRF_clone_1.23__moc_1.64__mcnn_1.80__moncnn_1.45__MaxEval_102__ProbPAs_0.95__sb_none_sbth_6000__Algo_pesa2,1992,uml2lqn,17293
NSGA,simplified-cocome__BRF_clone_1.23__moc_1.64__mcnn_1.80__moncnn_1.45__MaxEval_102__ProbPAs_0.95__sb_none_sbth_6000__Algo_pesa2,1992,invoke_solver,334
NSGA,simplified-cocome__BRF_clone_1.23__moc_1.64__mcnn_1.80__moncnn_1.45__MaxEval_102__ProbPAs_0.95__sb_none_sbth_6000__Algo_pesa2,1992,lqn2uml,15459
NSGA,simplified-cocome__BRF_clone_1.23__moc_1.64__mcnn_1.80__moncnn_1.45__MaxEval_102__ProbPAs_0.95__sb_none_sbth_6000__Algo_pesa2,1992,counting_pas,1992,16600
simplified-cocome,simplified-cocome__BRF_clone_1.23__moc_1.64__mcnn_1.80__moncnn_1.45__MaxEval_102__ProbPAs_0.95__sb_none_sbth_6000__Algo_pesa2,1992,perfQ,15732
simplified-cocome,simplified-cocome__BRF_clone_1.23__moc_1.64__mcnn_1.80__moncnn_1.45__MaxEval_102__ProbPAs_0.95__sb_none_sbth_6000__Algo_pesa2,reliability,222
simplified-cocome,simplified-cocome__BRF_clone_1.23__moc_1.64__mcnn_1.80__moncnn_1.45__MaxEval_102__ProbPAs_0.95__sb_none_sbth_6000__Algo_pesa2,1996,uml2lqn,17011
NSGA,simplified-cocome__BRF_clone_1.23__moc_1.64__mcnn_1.80__moncnn_1.45__MaxEval_102__ProbPAs_0.95__sb_none_sbth_6000__Algo_pesa2,1996,invoke_solver,150
NSGA,simplified-cocome__BRF_clone_1.23__moc_1.64__mcnn_1.80__moncnn_1.45__MaxEval_102__ProbPAs_0.95__sb_none_sbth_6000__Algo_pesa2,1996,lqn2uml,16151
NSGA,simplified-cocome__BRF_clone_1.23__moc_1.64__mcnn_1.80__moncnn_1.45__MaxEval_102__ProbPAs_0.95__sb_none_sbth_6000__Algo_pesa2,1996,counting_pas,1996,7851
simplified-cocome,simplified-cocome__BRF_clone_1.23__moc_1.64__mcnn_1.80__moncnn_1.45__MaxEval_102__ProbPAs_0.95__sb_none_sbth_6000__Algo_pesa2,1996,perfQ,15348
simplified-cocome,simplified-cocome__BRF_clone_1.23__moc_1.64__mcnn_1.80__moncnn_1.45__MaxEval_102__ProbPAs_0.95__sb_none_sbth_6000__Algo_pesa2,reliability,216
simplified-cocome,simplified-cocome__BRF_clone_1.23__moc_1.64__mcnn_1.80__moncnn_1.45__MaxEval_102__ProbPAs_0.95__sb_none_sbth_6000__Algo_pesa2,2000,uml2lqn,17256
NSGA,simplified-cocome__BRF_clone_1.23__moc_1.64__mcnn_1.80__moncnn_1.45__MaxEval_102__ProbPAs_0.95__sb_none_sbth_6000__Algo_pesa2,2000,invoke_solver,140
NSGA,simplified-cocome__BRF_clone_1.23__moc_1.64__mcnn_1.80__moncnn_1.45__MaxEval_102__ProbPAs_0.95__sb_none_sbth_6000__Algo_pesa2,2000,lqn2uml,15649
NSGA,simplified-cocome__BRF_clone_1.23__moc_1.64__mcnn_1.80__moncnn_1.45__MaxEval_102__ProbPAs_0.95__sb_none_sbth_6000__Algo_pesa2,2000,counting_pas,2000,8794
simplified-cocome,simplified-cocome__BRF_clone_1.23__moc_1.64__mcnn_1.80__moncnn_1.45__MaxEval_102__ProbPAs_0.95__sb_none_sbth_6000__Algo_pesa2,2000,perfQ,14944
simplified-cocome,simplified-cocome__BRF_clone_1.23__moc_1.64__mcnn_1.80__moncnn_1.45__MaxEval_102__ProbPAs_0.95__sb_none_sbth_6000__Algo_pesa2,reliability,168
simplified-cocome,simplified-cocome__BRF_clone_1.23__moc_1.64__mcnn_1.80__moncnn_1.45__MaxEval_102__ProbPAs_0.95__sb_none_sbth_6000__Algo_pesa2,2002,uml2lqn,15606
NSGA,simplified-cocome__BRF_clone_1.23__moc_1.64__mcnn_1.80__moncnn_1.45__MaxEval_102__ProbPAs_0.95__sb_none_sbth_6000__Algo_pesa2,2002,invoke_solver,357
NSGA,simplified-cocome__BRF_clone_1.23__moc_1.64__mcnn_1.80__moncnn_1.45__MaxEval_102__ProbPAs_0.95__sb_none_sbth_6000__Algo_pesa2,2002,lqn2uml,14714
NSGA,simplified-cocome__BRF_clone_1.23__moc_1.64__mcnn_1.80__moncnn_1.45__MaxEval_102__ProbPAs_0.95__sb_none_sbth_6000__Algo_pesa2,2002,counting_pas,2002,9650
simplified-cocome,simplified-cocome__BRF_clone_1.23__moc_1.64__mcnn_1.80__moncnn_1.45__MaxEval_102__ProbPAs_0.95__sb_none_sbth_6000__Algo_pesa2,2002,perfQ,15694
simplified-cocome,simplified-cocome__BRF_clone_1.23__moc_1.64__mcnn_1.80__moncnn_1.45__MaxEval_102__ProbPAs_0.95__sb_none_sbth_6000__Algo_pesa2,reliability,157
simplified-cocome,simplified-cocome__BRF_clone_1.23__moc_1.64__mcnn_1.80__moncnn_1.45__MaxEval_102__ProbPAs_0.95__sb_none_sbth_6000__Algo_pesa2,2006,uml2lqn,16566
NSGA,simplified-cocome__BRF_clone_1.23__moc_1.64__mcnn_1.80__moncnn_1.45__MaxEval_102__ProbPAs_0.95__sb_none_sbth_6000__Algo_pesa2,2006,invoke_solver,337
NSGA,simplified-cocome__BRF_clone_1.23__moc_1.64__mcnn_1.80__moncnn_1.45__MaxEval_102__ProbPAs_0.95__sb_none_sbth_6000__Algo_pesa2,2006,lqn2uml,15128
NSGA,simplified-cocome__BRF_clone_1.23__moc_1.64__mcnn_1.80__moncnn_1.45__MaxEval_102__ProbPAs_0.95__sb_none_sbth_6000__Algo_pesa2,2006,counting_pas,2006,9654
simplified-cocome,simplified-cocome__BRF_clone_1.23__moc_1.64__mcnn_1.80__moncnn_1.45__MaxEval_102__ProbPAs_0.95__sb_none_sbth_6000__Algo_pesa2,2006,perfQ,14932
simplified-cocome,simplified-cocome__BRF_clone_1.23__moc_1.64__mcnn_1.80__moncnn_1.45__MaxEval_102__ProbPAs_0.95__sb_none_sbth_6000__Algo_pesa2,reliability,166
simplified-cocome,simplified-cocome__BRF_clone_1.23__moc_1.64__mcnn_1.80__moncnn_1.45__MaxEval_102__ProbPAs_0.95__sb_none_sbth_6000__Algo_pesa2,2008,uml2lqn,15252
NSGA,simplified-cocome__BRF_clone_1.23__moc_1.64__mcnn_1.80__moncnn_1.45__MaxEval_102__ProbPAs_0.95__sb_none_sbth_6000__Algo_pesa2,2008,invoke_solver,268
NSGA,simplified-cocome__BRF_clone_1.23__moc_1.64__mcnn_1.80__moncnn_1.45__MaxEval_102__ProbPAs_0.95__sb_none_sbth_6000__Algo_pesa2,2008,lqn2uml,13830
NSGA,simplified-cocome__BRF_clone_1.23__moc_1.64__mcnn_1.80__moncnn_1.45__MaxEval_102__ProbPAs_0.95__sb_none_sbth_6000__Algo_pesa2,2008,counting_pas,2008,9711
simplified-cocome,simplified-cocome__BRF_clone_1.23__moc_1.64__mcnn_1.80__moncnn_1.45__MaxEval_102__ProbPAs_0.95__sb_none_sbth_6000__Algo_pesa2,2008,perfQ,12524
simplified-cocome,simplified-cocome__BRF_clone_1.23__moc_1.64__mcnn_1.80__moncnn_1.45__MaxEval_102__ProbPAs_0.95__sb_none_sbth_6000__Algo_pesa2,reliability,170
simplified-cocome,simplified-cocome__BRF_clone_1.23__moc_1.64__mcnn_1.80__moncnn_1.45__MaxEval_102__ProbPAs_0.95__sb_none_sbth_6000__Algo_pesa2,2012,uml2lqn,15123
NSGA,simplified-cocome__BRF_clone_1.23__moc_1.64__mcnn_1.80__moncnn_1.45__MaxEval_102__ProbPAs_0.95__sb_none_sbth_6000__Algo_pesa2,2012,invoke_solver,196
NSGA,simplified-cocome__BRF_clone_1.23__moc_1.64__mcnn_1.80__moncnn_1.45__MaxEval_102__ProbPAs_0.95__sb_none_sbth_6000__Algo_pesa2,2012,lqn2uml,12838
NSGA,simplified-cocome__BRF_clone_1.23__moc_1.64__mcnn_1.80__moncnn_1.45__MaxEval_102__ProbPAs_0.95__sb_none_sbth_6000__Algo_pesa2,2012,counting_pas,2012,8481
simplified-cocome,simplified-cocome__BRF_clone_1.23__moc_1.64__mcnn_1.80__moncnn_1.45__MaxEval_102__ProbPAs_0.95__sb_none_sbth_6000__Algo_pesa2,2012,perfQ,14484
simplified-cocome,simplified-cocome__BRF_clone_1.23__moc_1.64__mcnn_1.80__moncnn_1.45__MaxEval_102__ProbPAs_0.95__sb_none_sbth_6000__Algo_pesa2,reliability,202
simplified-cocome,simplified-cocome__BRF_clone_1.23__moc_1.64__mcnn_1.80__moncnn_1.45__MaxEval_102__ProbPAs_0.95__sb_none_sbth_6000__Algo_pesa2,2016,uml2lqn,16480
NSGA,simplified-cocome__BRF_clone_1.23__moc_1.64__mcnn_1.80__moncnn_1.45__MaxEval_102__ProbPAs_0.95__sb_none_sbth_6000__Algo_pesa2,2016,invoke_solver,156
NSGA,simplified-cocome__BRF_clone_1.23__moc_1.64__mcnn_1.80__moncnn_1.45__MaxEval_102__ProbPAs_0.95__sb_none_sbth_6000__Algo_pesa2,2016,lqn2uml,13683
NSGA,simplified-cocome__BRF_clone_1.23__moc_1.64__mcnn_1.80__moncnn_1.45__MaxEval_102__ProbPAs_0.95__sb_none_sbth_6000__Algo_pesa2,2016,counting_pas,2016,8618
simplified-cocome,simplified-cocome__BRF_clone_1.23__moc_1.64__mcnn_1.80__moncnn_1.45__MaxEval_102__ProbPAs_0.95__sb_none_sbth_6000__Algo_pesa2,2016,perfQ,14718
simplified-cocome,simplified-cocome__BRF_clone_1.23__moc_1.64__mcnn_1.80__moncnn_1.45__MaxEval_102__ProbPAs_0.95__sb_none_sbth_6000__Algo_pesa2,reliability,184
simplified-cocome,simplified-cocome__BRF_clone_1.23__moc_1.64__mcnn_1.80__moncnn_1.45__MaxEval_102__ProbPAs_0.95__sb_none_sbth_6000__Algo_pesa2,2018,uml2lqn,17008
NSGA,simplified-cocome__BRF_clone_1.23__moc_1.64__mcnn_1.80__moncnn_1.45__MaxEval_102__ProbPAs_0.95__sb_none_sbth_6000__Algo_pesa2,2018,invoke_solver,100
NSGA,simplified-cocome__BRF_clone_1.23__moc_1.64__mcnn_1.80__moncnn_1.45__MaxEval_102__ProbPAs_0.95__sb_none_sbth_6000__Algo_pesa2,2018,lqn2uml,16907
NSGA,simplified-cocome__BRF_clone_1.23__moc_1.64__mcnn_1.80__moncnn_1.45__MaxEval_102__ProbPAs_0.95__sb_none_sbth_6000__Algo_pesa2,2018,counting_pas,2018,8087
simplified-cocome,simplified-cocome__BRF_clone_1.23__moc_1.64__mcnn_1.80__moncnn_1.45__MaxEval_102__ProbPAs_0.95__sb_none_sbth_6000__Algo_pesa2,2018,perfQ,15477
simplified-cocome,simplified-cocome__BRF_clone_1.23__moc_1.64__mcnn_1.80__moncnn_1.45__MaxEval_102__ProbPAs_0.95__sb_none_sbth_6000__Algo_pesa2,reliability,166
simplified-cocome,simplified-cocome__BRF_clone_1.23__moc_1.64__mcnn_1.80__moncnn_1.45__MaxEval_102__ProbPAs_0.95__sb_none_sbth_6000__Algo_pesa2,2022,uml2lqn,17277
NSGA,simplified-cocome__BRF_clone_1.23__moc_1.64__mcnn_1.80__moncnn_1.45__MaxEval_102__ProbPAs_0.95__sb_none_sbth_6000__Algo_pesa2,2022,invoke_solver,70
NSGA,simplified-cocome__BRF_clone_1.23__moc_1.64__mcnn_1.80__moncnn_1.45__MaxEval_102__ProbPAs_0.95__sb_none_sbth_6000__Algo_pesa2,2022,lqn2uml,14903
NSGA,simplified-cocome__BRF_clone_1.23__moc_1.64__mcnn_1.80__moncnn_1.45__MaxEval_102__ProbPAs_0.95__sb_none_sbth_6000__Algo_pesa2,2022,counting_pas,2022,8828
simplified-cocome,simplified-cocome__BRF_clone_1.23__moc_1.64__mcnn_1.80__moncnn_1.45__MaxEval_102__ProbPAs_0.95__sb_none_sbth_6000__Algo_pesa2,2022,perfQ,14965
simplified-cocome,simplified-cocome__BRF_clone_1.23__moc_1.64__mcnn_1.80__moncnn_1.45__MaxEval_102__ProbPAs_0.95__sb_none_sbth_6000__Algo_pesa2,reliability,209
simplified-cocome,simplified-cocome__BRF_clone_1.23__moc_1.64__mcnn_1.80__moncnn_1.45__MaxEval_102__ProbPAs_0.95__sb_none_sbth_6000__Algo_pesa2,2026,uml2lqn,17801
NSGA,simplified-cocome__BRF_clone_1.23__moc_1.64__mcnn_1.80__moncnn_1.45__MaxEval_102__ProbPAs_0.95__sb_none_sbth_6000__Algo_pesa2,2026,invoke_solver,304
NSGA,simplified-cocome__BRF_clone_1.23__moc_1.64__mcnn_1.80__moncnn_1.45__MaxEval_102__ProbPAs_0.95__sb_none_sbth_6000__Algo_pesa2,2026,lqn2uml,17467
NSGA,simplified-cocome__BRF_clone_1.23__moc_1.64__mcnn_1.80__moncnn_1.45__MaxEval_102__ProbPAs_0.95__sb_none_sbth_6000__Algo_pesa2,2026,counting_pas,2026,8560
simplified-cocome,simplified-cocome__BRF_clone_1.23__moc_1.64__mcnn_1.80__moncnn_1.45__MaxEval_102__ProbPAs_0.95__sb_none_sbth_6000__Algo_pesa2,2026,perfQ,14840
simplified-cocome,simplified-cocome__BRF_clone_1.23__moc_1.64__mcnn_1.80__moncnn_1.45__MaxEval_102__ProbPAs_0.95__sb_none_sbth_6000__Algo_pesa2,reliability,203
simplified-cocome,simplified-cocome__BRF_clone_1.23__moc_1.64__mcnn_1.80__moncnn_1.45__MaxEval_102__ProbPAs_0.95__sb_none_sbth_6000__Algo_pesa2,2032,uml2lqn,15228
NSGA,simplified-cocome__BRF_clone_1.23__moc_1.64__mcnn_1.80__moncnn_1.45__MaxEval_102__ProbPAs_0.95__sb_none_sbth_6000__Algo_pesa2,2032,invoke_solver,91
NSGA,simplified-cocome__BRF_clone_1.23__moc_1.64__mcnn_1.80__moncnn_1.45__MaxEval_102__ProbPAs_0.95__sb_none_sbth_6000__Algo_pesa2,2032,lqn2uml,15436
NSGA,simplified-cocome__BRF_clone_1.23__moc_1.64__mcnn_1.80__moncnn_1.45__MaxEval_102__ProbPAs_0.95__sb_none_sbth_6000__Algo_pesa2,2032,counting_pas,2032,8778
simplified-cocome,simplified-cocome__BRF_clone_1.23__moc_1.64__mcnn_1.80__moncnn_1.45__MaxEval_102__ProbPAs_0.95__sb_none_sbth_6000__Algo_pesa2,2032,perfQ,15375
simplified-cocome,simplified-cocome__BRF_clone_1.23__moc_1.64__mcnn_1.80__moncnn_1.45__MaxEval_102__ProbPAs_0.95__sb_none_sbth_6000__Algo_pesa2,reliability,206
simplified-cocome,simplified-cocome__BRF_clone_1.23__moc_1.64__mcnn_1.80__moncnn_1.45__MaxEval_102__ProbPAs_0.95__sb_none_sbth_6000__Algo_pesa2,2034,uml2lqn,14479
NSGA,simplified-cocome__BRF_clone_1.23__moc_1.64__mcnn_1.80__moncnn_1.45__MaxEval_102__ProbPAs_0.95__sb_none_sbth_6000__Algo_pesa2,2034,invoke_solver,64
NSGA,simplified-cocome__BRF_clone_1.23__moc_1.64__mcnn_1.80__moncnn_1.45__MaxEval_102__ProbPAs_0.95__sb_none_sbth_6000__Algo_pesa2,2034,lqn2uml,13321
NSGA,simplified-cocome__BRF_clone_1.23__moc_1.64__mcnn_1.80__moncnn_1.45__MaxEval_102__ProbPAs_0.95__sb_none_sbth_6000__Algo_pesa2,2034,counting_pas,2034,9524
simplified-cocome,simplified-cocome__BRF_clone_1.23__moc_1.64__mcnn_1.80__moncnn_1.45__MaxEval_102__ProbPAs_0.95__sb_none_sbth_6000__Algo_pesa2,2034,perfQ,10399
simplified-cocome,simplified-cocome__BRF_clone_1.23__moc_1.64__mcnn_1.80__moncnn_1.45__MaxEval_102__ProbPAs_0.95__sb_none_sbth_6000__Algo_pesa2,reliability,181
simplified-cocome,simplified-cocome__BRF_clone_1.23__moc_1.64__mcnn_1.80__moncnn_1.45__MaxEval_102__ProbPAs_0.95__sb_none_sbth_6000__Algo_pesa2,2036,uml2lqn,15983
NSGA,simplified-cocome__BRF_clone_1.23__moc_1.64__mcnn_1.80__moncnn_1.45__MaxEval_102__ProbPAs_0.95__sb_none_sbth_6000__Algo_pesa2,2036,invoke_solver,297
NSGA,simplified-cocome__BRF_clone_1.23__moc_1.64__mcnn_1.80__moncnn_1.45__MaxEval_102__ProbPAs_0.95__sb_none_sbth_6000__Algo_pesa2,2036,lqn2uml,15211
NSGA,simplified-cocome__BRF_clone_1.23__moc_1.64__mcnn_1.80__moncnn_1.45__MaxEval_102__ProbPAs_0.95__sb_none_sbth_6000__Algo_pesa2,2036,counting_pas,2036,8960
simplified-cocome,simplified-cocome__BRF_clone_1.23__moc_1.64__mcnn_1.80__moncnn_1.45__MaxEval_102__ProbPAs_0.95__sb_none_sbth_6000__Algo_pesa2,2036,perfQ,15687
simplified-cocome,simplified-cocome__BRF_clone_1.23__moc_1.64__mcnn_1.80__moncnn_1.45__MaxEval_102__ProbPAs_0.95__sb_none_sbth_6000__Algo_pesa2,reliability,201
simplified-cocome,simplified-cocome__BRF_clone_1.23__moc_1.64__mcnn_1.80__moncnn_1.45__MaxEval_102__ProbPAs_0.95__sb_none_sbth_6000__Algo_pesa2,2040,uml2lqn,14617
NSGA,simplified-cocome__BRF_clone_1.23__moc_1.64__mcnn_1.80__moncnn_1.45__MaxEval_102__ProbPAs_0.95__sb_none_sbth_6000__Algo_pesa2,2040,invoke_solver,108
NSGA,simplified-cocome__BRF_clone_1.23__moc_1.64__mcnn_1.80__moncnn_1.45__MaxEval_102__ProbPAs_0.95__sb_none_sbth_6000__Algo_pesa2,2040,lqn2uml,15299
NSGA,simplified-cocome__BRF_clone_1.23__moc_1.64__mcnn_1.80__moncnn_1.45__MaxEval_102__ProbPAs_0.95__sb_none_sbth_6000__Algo_pesa2,2040,counting_pas,2040,9078
simplified-cocome,simplified-cocome__BRF_clone_1.23__moc_1.64__mcnn_1.80__moncnn_1.45__MaxEval_102__ProbPAs_0.95__sb_none_sbth_6000__Algo_pesa2,2040,perfQ,13307
simplified-cocome,simplified-cocome__BRF_clone_1.23__moc_1.64__mcnn_1.80__moncnn_1.45__MaxEval_102__ProbPAs_0.95__sb_none_sbth_6000__Algo_pesa2,reliability,239
simplified-cocome,simplified-cocome__BRF_clone_1.23__moc_1.64__mcnn_1.80__moncnn_1.45__MaxEval_102__ProbPAs_0.95__sb_none_sbth_6000__Algo_pesa2,2042,uml2lqn,16512
NSGA,simplified-cocome__BRF_clone_1.23__moc_1.64__mcnn_1.80__moncnn_1.45__MaxEval_102__ProbPAs_0.95__sb_none_sbth_6000__Algo_pesa2,2042,invoke_solver,281
NSGA,simplified-cocome__BRF_clone_1.23__moc_1.64__mcnn_1.80__moncnn_1.45__MaxEval_102__ProbPAs_0.95__sb_none_sbth_6000__Algo_pesa2,2042,lqn2uml,15294
NSGA,simplified-cocome__BRF_clone_1.23__moc_1.64__mcnn_1.80__moncnn_1.45__MaxEval_102__ProbPAs_0.95__sb_none_sbth_6000__Algo_pesa2,2042,counting_pas,2042,15091
simplified-cocome,simplified-cocome__BRF_clone_1.23__moc_1.64__mcnn_1.80__moncnn_1.45__MaxEval_102__ProbPAs_0.95__sb_none_sbth_6000__Algo_pesa2,2042,perfQ,14290
simplified-cocome,simplified-cocome__BRF_clone_1.23__moc_1.64__mcnn_1.80__moncnn_1.45__MaxEval_102__ProbPAs_0.95__sb_none_sbth_6000__Algo_pesa2,reliability,170
simplified-cocome,simplified-cocome__BRF_clone_1.23__moc_1.64__mcnn_1.80__moncnn_1.45__MaxEval_102__ProbPAs_0.95__sb_none_sbth_6000__Algo_pesa2,2044,uml2lqn,15405
NSGA,simplified-cocome__BRF_clone_1.23__moc_1.64__mcnn_1.80__moncnn_1.45__MaxEval_102__ProbPAs_0.95__sb_none_sbth_6000__Algo_pesa2,2044,invoke_solver,371
NSGA,simplified-cocome__BRF_clone_1.23__moc_1.64__mcnn_1.80__moncnn_1.45__MaxEval_102__ProbPAs_0.95__sb_none_sbth_6000__Algo_pesa2,2044,lqn2uml,14119
NSGA,simplified-cocome__BRF_clone_1.23__moc_1.64__mcnn_1.80__moncnn_1.45__MaxEval_102__ProbPAs_0.95__sb_none_sbth_6000__Algo_pesa2,2044,counting_pas,2044,14984
simplified-cocome,simplified-cocome__BRF_clone_1.23__moc_1.64__mcnn_1.80__moncnn_1.45__MaxEval_102__ProbPAs_0.95__sb_none_sbth_6000__Algo_pesa2,2044,perfQ,14952
simplified-cocome,simplified-cocome__BRF_clone_1.23__moc_1.64__mcnn_1.80__moncnn_1.45__MaxEval_102__ProbPAs_0.95__sb_none_sbth_6000__Algo_pesa2,reliability,205
simplified-cocome,simplified-cocome__BRF_clone_1.23__moc_1.64__mcnn_1.80__moncnn_1.45__MaxEval_102__ProbPAs_0.95__sb_none_sbth_6000__Algo_pesa2,2046,uml2lqn,17903
NSGA,simplified-cocome__BRF_clone_1.23__moc_1.64__mcnn_1.80__moncnn_1.45__MaxEval_102__ProbPAs_0.95__sb_none_sbth_6000__Algo_pesa2,2046,invoke_solver,194
NSGA,simplified-cocome__BRF_clone_1.23__moc_1.64__mcnn_1.80__moncnn_1.45__MaxEval_102__ProbPAs_0.95__sb_none_sbth_6000__Algo_pesa2,2046,lqn2uml,15965
NSGA,simplified-cocome__BRF_clone_1.23__moc_1.64__mcnn_1.80__moncnn_1.45__MaxEval_102__ProbPAs_0.95__sb_none_sbth_6000__Algo_pesa2,2046,counting_pas,2046,9062
simplified-cocome,simplified-cocome__BRF_clone_1.23__moc_1.64__mcnn_1.80__moncnn_1.45__MaxEval_102__ProbPAs_0.95__sb_none_sbth_6000__Algo_pesa2,2046,perfQ,16061
simplified-cocome,simplified-cocome__BRF_clone_1.23__moc_1.64__mcnn_1.80__moncnn_1.45__MaxEval_102__ProbPAs_0.95__sb_none_sbth_6000__Algo_pesa2,reliability,204
simplified-cocome,simplified-cocome__BRF_clone_1.23__moc_1.64__mcnn_1.80__moncnn_1.45__MaxEval_102__ProbPAs_0.95__sb_none_sbth_6000__Algo_pesa2,2050,uml2lqn,17180
NSGA,simplified-cocome__BRF_clone_1.23__moc_1.64__mcnn_1.80__moncnn_1.45__MaxEval_102__ProbPAs_0.95__sb_none_sbth_6000__Algo_pesa2,2050,invoke_solver,235
NSGA,simplified-cocome__BRF_clone_1.23__moc_1.64__mcnn_1.80__moncnn_1.45__MaxEval_102__ProbPAs_0.95__sb_none_sbth_6000__Algo_pesa2,2050,lqn2uml,13735
NSGA,simplified-cocome__BRF_clone_1.23__moc_1.64__mcnn_1.80__moncnn_1.45__MaxEval_102__ProbPAs_0.95__sb_none_sbth_6000__Algo_pesa2,2050,counting_pas,2050,8106
simplified-cocome,simplified-cocome__BRF_clone_1.23__moc_1.64__mcnn_1.80__moncnn_1.45__MaxEval_102__ProbPAs_0.95__sb_none_sbth_6000__Algo_pesa2,2050,perfQ,14964
simplified-cocome,simplified-cocome__BRF_clone_1.23__moc_1.64__mcnn_1.80__moncnn_1.45__MaxEval_102__ProbPAs_0.95__sb_none_sbth_6000__Algo_pesa2,reliability,201
simplified-cocome,simplified-cocome__BRF_clone_1.23__moc_1.64__mcnn_1.80__moncnn_1.45__MaxEval_102__ProbPAs_0.95__sb_none_sbth_6000__Algo_pesa2,2054,uml2lqn,15287
NSGA,simplified-cocome__BRF_clone_1.23__moc_1.64__mcnn_1.80__moncnn_1.45__MaxEval_102__ProbPAs_0.95__sb_none_sbth_6000__Algo_pesa2,2054,invoke_solver,416
NSGA,simplified-cocome__BRF_clone_1.23__moc_1.64__mcnn_1.80__moncnn_1.45__MaxEval_102__ProbPAs_0.95__sb_none_sbth_6000__Algo_pesa2,2054,lqn2uml,12904
NSGA,simplified-cocome__BRF_clone_1.23__moc_1.64__mcnn_1.80__moncnn_1.45__MaxEval_102__ProbPAs_0.95__sb_none_sbth_6000__Algo_pesa2,2054,counting_pas,2054,7400
simplified-cocome,simplified-cocome__BRF_clone_1.23__moc_1.64__mcnn_1.80__moncnn_1.45__MaxEval_102__ProbPAs_0.95__sb_none_sbth_6000__Algo_pesa2,2054,perfQ,12899
simplified-cocome,simplified-cocome__BRF_clone_1.23__moc_1.64__mcnn_1.80__moncnn_1.45__MaxEval_102__ProbPAs_0.95__sb_none_sbth_6000__Algo_pesa2,reliability,191
simplified-cocome,simplified-cocome__BRF_clone_1.23__moc_1.64__mcnn_1.80__moncnn_1.45__MaxEval_102__ProbPAs_0.95__sb_none_sbth_6000__Algo_pesa2,2058,uml2lqn,18501
NSGA,simplified-cocome__BRF_clone_1.23__moc_1.64__mcnn_1.80__moncnn_1.45__MaxEval_102__ProbPAs_0.95__sb_none_sbth_6000__Algo_pesa2,2058,invoke_solver,282
NSGA,simplified-cocome__BRF_clone_1.23__moc_1.64__mcnn_1.80__moncnn_1.45__MaxEval_102__ProbPAs_0.95__sb_none_sbth_6000__Algo_pesa2,2058,lqn2uml,16464
NSGA,simplified-cocome__BRF_clone_1.23__moc_1.64__mcnn_1.80__moncnn_1.45__MaxEval_102__ProbPAs_0.95__sb_none_sbth_6000__Algo_pesa2,2058,counting_pas,2058,9147
simplified-cocome,simplified-cocome__BRF_clone_1.23__moc_1.64__mcnn_1.80__moncnn_1.45__MaxEval_102__ProbPAs_0.95__sb_none_sbth_6000__Algo_pesa2,2058,perfQ,16253
simplified-cocome,simplified-cocome__BRF_clone_1.23__moc_1.64__mcnn_1.80__moncnn_1.45__MaxEval_102__ProbPAs_0.95__sb_none_sbth_6000__Algo_pesa2,reliability,162
simplified-cocome,simplified-cocome__BRF_clone_1.23__moc_1.64__mcnn_1.80__moncnn_1.45__MaxEval_102__ProbPAs_0.95__sb_none_sbth_6000__Algo_pesa2,2060,uml2lqn,17249
NSGA,simplified-cocome__BRF_clone_1.23__moc_1.64__mcnn_1.80__moncnn_1.45__MaxEval_102__ProbPAs_0.95__sb_none_sbth_6000__Algo_pesa2,2060,invoke_solver,361
NSGA,simplified-cocome__BRF_clone_1.23__moc_1.64__mcnn_1.80__moncnn_1.45__MaxEval_102__ProbPAs_0.95__sb_none_sbth_6000__Algo_pesa2,2060,lqn2uml,14772
NSGA,simplified-cocome__BRF_clone_1.23__moc_1.64__mcnn_1.80__moncnn_1.45__MaxEval_102__ProbPAs_0.95__sb_none_sbth_6000__Algo_pesa2,2060,counting_pas,2060,8912
simplified-cocome,simplified-cocome__BRF_clone_1.23__moc_1.64__mcnn_1.80__moncnn_1.45__MaxEval_102__ProbPAs_0.95__sb_none_sbth_6000__Algo_pesa2,2060,perfQ,12636
simplified-cocome,simplified-cocome__BRF_clone_1.23__moc_1.64__mcnn_1.80__moncnn_1.45__MaxEval_102__ProbPAs_0.95__sb_none_sbth_6000__Algo_pesa2,reliability,209
simplified-cocome,simplified-cocome__BRF_clone_1.23__moc_1.64__mcnn_1.80__moncnn_1.45__MaxEval_102__ProbPAs_0.95__sb_none_sbth_6000__Algo_pesa2,2062,uml2lqn,15124
NSGA,simplified-cocome__BRF_clone_1.23__moc_1.64__mcnn_1.80__moncnn_1.45__MaxEval_102__ProbPAs_0.95__sb_none_sbth_6000__Algo_pesa2,2062,invoke_solver,142
NSGA,simplified-cocome__BRF_clone_1.23__moc_1.64__mcnn_1.80__moncnn_1.45__MaxEval_102__ProbPAs_0.95__sb_none_sbth_6000__Algo_pesa2,2062,lqn2uml,13867
NSGA,simplified-cocome__BRF_clone_1.23__moc_1.64__mcnn_1.80__moncnn_1.45__MaxEval_102__ProbPAs_0.95__sb_none_sbth_6000__Algo_pesa2,2062,counting_pas,2062,8699
simplified-cocome,simplified-cocome__BRF_clone_1.23__moc_1.64__mcnn_1.80__moncnn_1.45__MaxEval_102__ProbPAs_0.95__sb_none_sbth_6000__Algo_pesa2,2062,perfQ,14666
simplified-cocome,simplified-cocome__BRF_clone_1.23__moc_1.64__mcnn_1.80__moncnn_1.45__MaxEval_102__ProbPAs_0.95__sb_none_sbth_6000__Algo_pesa2,reliability,163
simplified-cocome,simplified-cocome__BRF_clone_1.23__moc_1.64__mcnn_1.80__moncnn_1.45__MaxEval_102__ProbPAs_0.95__sb_none_sbth_6000__Algo_pesa2,2066,uml2lqn,15432
NSGA,simplified-cocome__BRF_clone_1.23__moc_1.64__mcnn_1.80__moncnn_1.45__MaxEval_102__ProbPAs_0.95__sb_none_sbth_6000__Algo_pesa2,2066,invoke_solver,176
NSGA,simplified-cocome__BRF_clone_1.23__moc_1.64__mcnn_1.80__moncnn_1.45__MaxEval_102__ProbPAs_0.95__sb_none_sbth_6000__Algo_pesa2,2066,lqn2uml,12674
NSGA,simplified-cocome__BRF_clone_1.23__moc_1.64__mcnn_1.80__moncnn_1.45__MaxEval_102__ProbPAs_0.95__sb_none_sbth_6000__Algo_pesa2,2066,counting_pas,2066,7684
simplified-cocome,simplified-cocome__BRF_clone_1.23__moc_1.64__mcnn_1.80__moncnn_1.45__MaxEval_102__ProbPAs_0.95__sb_none_sbth_6000__Algo_pesa2,2066,perfQ,15281
simplified-cocome,simplified-cocome__BRF_clone_1.23__moc_1.64__mcnn_1.80__moncnn_1.45__MaxEval_102__ProbPAs_0.95__sb_none_sbth_6000__Algo_pesa2,reliability,179
simplified-cocome,simplified-cocome__BRF_clone_1.23__moc_1.64__mcnn_1.80__moncnn_1.45__MaxEval_102__ProbPAs_0.95__sb_none_sbth_6000__Algo_pesa2,2070,uml2lqn,17589
NSGA,simplified-cocome__BRF_clone_1.23__moc_1.64__mcnn_1.80__moncnn_1.45__MaxEval_102__ProbPAs_0.95__sb_none_sbth_6000__Algo_pesa2,2070,invoke_solver,286
NSGA,simplified-cocome__BRF_clone_1.23__moc_1.64__mcnn_1.80__moncnn_1.45__MaxEval_102__ProbPAs_0.95__sb_none_sbth_6000__Algo_pesa2,2070,lqn2uml,15675
NSGA,simplified-cocome__BRF_clone_1.23__moc_1.64__mcnn_1.80__moncnn_1.45__MaxEval_102__ProbPAs_0.95__sb_none_sbth_6000__Algo_pesa2,2070,counting_pas,2070,9095
simplified-cocome,simplified-cocome__BRF_clone_1.23__moc_1.64__mcnn_1.80__moncnn_1.45__MaxEval_102__ProbPAs_0.95__sb_none_sbth_6000__Algo_pesa2,2070,perfQ,13289
simplified-cocome,simplified-cocome__BRF_clone_1.23__moc_1.64__mcnn_1.80__moncnn_1.45__MaxEval_102__ProbPAs_0.95__sb_none_sbth_6000__Algo_pesa2,reliability,185
simplified-cocome,simplified-cocome__BRF_clone_1.23__moc_1.64__mcnn_1.80__moncnn_1.45__MaxEval_102__ProbPAs_0.95__sb_none_sbth_6000__Algo_pesa2,2072,uml2lqn,16657
NSGA,simplified-cocome__BRF_clone_1.23__moc_1.64__mcnn_1.80__moncnn_1.45__MaxEval_102__ProbPAs_0.95__sb_none_sbth_6000__Algo_pesa2,2072,invoke_solver,97
NSGA,simplified-cocome__BRF_clone_1.23__moc_1.64__mcnn_1.80__moncnn_1.45__MaxEval_102__ProbPAs_0.95__sb_none_sbth_6000__Algo_pesa2,2072,lqn2uml,14006
NSGA,simplified-cocome__BRF_clone_1.23__moc_1.64__mcnn_1.80__moncnn_1.45__MaxEval_102__ProbPAs_0.95__sb_none_sbth_6000__Algo_pesa2,2072,counting_pas,2072,21290
simplified-cocome,simplified-cocome__BRF_clone_1.23__moc_1.64__mcnn_1.80__moncnn_1.45__MaxEval_102__ProbPAs_0.95__sb_none_sbth_6000__Algo_pesa2,2072,perfQ,13987
simplified-cocome,simplified-cocome__BRF_clone_1.23__moc_1.64__mcnn_1.80__moncnn_1.45__MaxEval_102__ProbPAs_0.95__sb_none_sbth_6000__Algo_pesa2,reliability,197
simplified-cocome,simplified-cocome__BRF_clone_1.23__moc_1.64__mcnn_1.80__moncnn_1.45__MaxEval_102__ProbPAs_0.95__sb_none_sbth_6000__Algo_pesa2,2076,uml2lqn,16480
NSGA,simplified-cocome__BRF_clone_1.23__moc_1.64__mcnn_1.80__moncnn_1.45__MaxEval_102__ProbPAs_0.95__sb_none_sbth_6000__Algo_pesa2,2076,invoke_solver,359
NSGA,simplified-cocome__BRF_clone_1.23__moc_1.64__mcnn_1.80__moncnn_1.45__MaxEval_102__ProbPAs_0.95__sb_none_sbth_6000__Algo_pesa2,2076,lqn2uml,15086
NSGA,simplified-cocome__BRF_clone_1.23__moc_1.64__mcnn_1.80__moncnn_1.45__MaxEval_102__ProbPAs_0.95__sb_none_sbth_6000__Algo_pesa2,2076,counting_pas,2076,8913
simplified-cocome,simplified-cocome__BRF_clone_1.23__moc_1.64__mcnn_1.80__moncnn_1.45__MaxEval_102__ProbPAs_0.95__sb_none_sbth_6000__Algo_pesa2,2076,perfQ,13934
simplified-cocome,simplified-cocome__BRF_clone_1.23__moc_1.64__mcnn_1.80__moncnn_1.45__MaxEval_102__ProbPAs_0.95__sb_none_sbth_6000__Algo_pesa2,reliability,219
simplified-cocome,simplified-cocome__BRF_clone_1.23__moc_1.64__mcnn_1.80__moncnn_1.45__MaxEval_102__ProbPAs_0.95__sb_none_sbth_6000__Algo_pesa2,2080,uml2lqn,11277
NSGA,simplified-cocome__BRF_clone_1.23__moc_1.64__mcnn_1.80__moncnn_1.45__MaxEval_102__ProbPAs_0.95__sb_none_sbth_6000__Algo_pesa2,2080,invoke_solver,83
NSGA,simplified-cocome__BRF_clone_1.23__moc_1.64__mcnn_1.80__moncnn_1.45__MaxEval_102__ProbPAs_0.95__sb_none_sbth_6000__Algo_pesa2,2080,lqn2uml,11180
NSGA,simplified-cocome__BRF_clone_1.23__moc_1.64__mcnn_1.80__moncnn_1.45__MaxEval_102__ProbPAs_0.95__sb_none_sbth_6000__Algo_pesa2,2080,counting_pas,2080,20141
simplified-cocome,simplified-cocome__BRF_clone_1.23__moc_1.64__mcnn_1.80__moncnn_1.45__MaxEval_102__ProbPAs_0.95__sb_none_sbth_6000__Algo_pesa2,2080,perfQ,15419
simplified-cocome,simplified-cocome__BRF_clone_1.23__moc_1.64__mcnn_1.80__moncnn_1.45__MaxEval_102__ProbPAs_0.95__sb_none_sbth_6000__Algo_pesa2,reliability,239
simplified-cocome,simplified-cocome__BRF_clone_1.23__moc_1.64__mcnn_1.80__moncnn_1.45__MaxEval_102__ProbPAs_0.95__sb_none_sbth_6000__Algo_pesa2,2084,uml2lqn,16501
NSGA,simplified-cocome__BRF_clone_1.23__moc_1.64__mcnn_1.80__moncnn_1.45__MaxEval_102__ProbPAs_0.95__sb_none_sbth_6000__Algo_pesa2,2084,invoke_solver,339
NSGA,simplified-cocome__BRF_clone_1.23__moc_1.64__mcnn_1.80__moncnn_1.45__MaxEval_102__ProbPAs_0.95__sb_none_sbth_6000__Algo_pesa2,2084,lqn2uml,15570
NSGA,simplified-cocome__BRF_clone_1.23__moc_1.64__mcnn_1.80__moncnn_1.45__MaxEval_102__ProbPAs_0.95__sb_none_sbth_6000__Algo_pesa2,2084,counting_pas,2084,20677
simplified-cocome,simplified-cocome__BRF_clone_1.23__moc_1.64__mcnn_1.80__moncnn_1.45__MaxEval_102__ProbPAs_0.95__sb_none_sbth_6000__Algo_pesa2,2084,perfQ,15845
simplified-cocome,simplified-cocome__BRF_clone_1.23__moc_1.64__mcnn_1.80__moncnn_1.45__MaxEval_102__ProbPAs_0.95__sb_none_sbth_6000__Algo_pesa2,reliability,212
simplified-cocome,simplified-cocome__BRF_clone_1.23__moc_1.64__mcnn_1.80__moncnn_1.45__MaxEval_102__ProbPAs_0.95__sb_none_sbth_6000__Algo_pesa2,2088,uml2lqn,17642
NSGA,simplified-cocome__BRF_clone_1.23__moc_1.64__mcnn_1.80__moncnn_1.45__MaxEval_102__ProbPAs_0.95__sb_none_sbth_6000__Algo_pesa2,2088,invoke_solver,374
NSGA,simplified-cocome__BRF_clone_1.23__moc_1.64__mcnn_1.80__moncnn_1.45__MaxEval_102__ProbPAs_0.95__sb_none_sbth_6000__Algo_pesa2,2088,lqn2uml,15046
NSGA,simplified-cocome__BRF_clone_1.23__moc_1.64__mcnn_1.80__moncnn_1.45__MaxEval_102__ProbPAs_0.95__sb_none_sbth_6000__Algo_pesa2,2088,counting_pas,2088,8639
simplified-cocome,simplified-cocome__BRF_clone_1.23__moc_1.64__mcnn_1.80__moncnn_1.45__MaxEval_102__ProbPAs_0.95__sb_none_sbth_6000__Algo_pesa2,2088,perfQ,16250
simplified-cocome,simplified-cocome__BRF_clone_1.23__moc_1.64__mcnn_1.80__moncnn_1.45__MaxEval_102__ProbPAs_0.95__sb_none_sbth_6000__Algo_pesa2,reliability,171
simplified-cocome,simplified-cocome__BRF_clone_1.23__moc_1.64__mcnn_1.80__moncnn_1.45__MaxEval_102__ProbPAs_0.95__sb_none_sbth_6000__Algo_pesa2,2090,uml2lqn,17431
NSGA,simplified-cocome__BRF_clone_1.23__moc_1.64__mcnn_1.80__moncnn_1.45__MaxEval_102__ProbPAs_0.95__sb_none_sbth_6000__Algo_pesa2,2090,invoke_solver,347
NSGA,simplified-cocome__BRF_clone_1.23__moc_1.64__mcnn_1.80__moncnn_1.45__MaxEval_102__ProbPAs_0.95__sb_none_sbth_6000__Algo_pesa2,2090,lqn2uml,14798
NSGA,simplified-cocome__BRF_clone_1.23__moc_1.64__mcnn_1.80__moncnn_1.45__MaxEval_102__ProbPAs_0.95__sb_none_sbth_6000__Algo_pesa2,2090,counting_pas,2090,7786
simplified-cocome,simplified-cocome__BRF_clone_1.23__moc_1.64__mcnn_1.80__moncnn_1.45__MaxEval_102__ProbPAs_0.95__sb_none_sbth_6000__Algo_pesa2,2090,perfQ,15264
simplified-cocome,simplified-cocome__BRF_clone_1.23__moc_1.64__mcnn_1.80__moncnn_1.45__MaxEval_102__ProbPAs_0.95__sb_none_sbth_6000__Algo_pesa2,reliability,194
simplified-cocome,simplified-cocome__BRF_clone_1.23__moc_1.64__mcnn_1.80__moncnn_1.45__MaxEval_102__ProbPAs_0.95__sb_none_sbth_6000__Algo_pesa2,2096,uml2lqn,15061
NSGA,simplified-cocome__BRF_clone_1.23__moc_1.64__mcnn_1.80__moncnn_1.45__MaxEval_102__ProbPAs_0.95__sb_none_sbth_6000__Algo_pesa2,2096,invoke_solver,291
NSGA,simplified-cocome__BRF_clone_1.23__moc_1.64__mcnn_1.80__moncnn_1.45__MaxEval_102__ProbPAs_0.95__sb_none_sbth_6000__Algo_pesa2,2096,lqn2uml,15222
NSGA,simplified-cocome__BRF_clone_1.23__moc_1.64__mcnn_1.80__moncnn_1.45__MaxEval_102__ProbPAs_0.95__sb_none_sbth_6000__Algo_pesa2,2096,counting_pas,2096,8664
simplified-cocome,simplified-cocome__BRF_clone_1.23__moc_1.64__mcnn_1.80__moncnn_1.45__MaxEval_102__ProbPAs_0.95__sb_none_sbth_6000__Algo_pesa2,2096,perfQ,15604
simplified-cocome,simplified-cocome__BRF_clone_1.23__moc_1.64__mcnn_1.80__moncnn_1.45__MaxEval_102__ProbPAs_0.95__sb_none_sbth_6000__Algo_pesa2,reliability,229
simplified-cocome,simplified-cocome__BRF_clone_1.23__moc_1.64__mcnn_1.80__moncnn_1.45__MaxEval_102__ProbPAs_0.95__sb_none_sbth_6000__Algo_pesa2,2098,uml2lqn,16631
NSGA,simplified-cocome__BRF_clone_1.23__moc_1.64__mcnn_1.80__moncnn_1.45__MaxEval_102__ProbPAs_0.95__sb_none_sbth_6000__Algo_pesa2,2098,invoke_solver,325
NSGA,simplified-cocome__BRF_clone_1.23__moc_1.64__mcnn_1.80__moncnn_1.45__MaxEval_102__ProbPAs_0.95__sb_none_sbth_6000__Algo_pesa2,2098,lqn2uml,15163
NSGA,simplified-cocome__BRF_clone_1.23__moc_1.64__mcnn_1.80__moncnn_1.45__MaxEval_102__ProbPAs_0.95__sb_none_sbth_6000__Algo_pesa2,2098,counting_pas,2098,8703
simplified-cocome,simplified-cocome__BRF_clone_1.23__moc_1.64__mcnn_1.80__moncnn_1.45__MaxEval_102__ProbPAs_0.95__sb_none_sbth_6000__Algo_pesa2,2098,perfQ,14675
simplified-cocome,simplified-cocome__BRF_clone_1.23__moc_1.64__mcnn_1.80__moncnn_1.45__MaxEval_102__ProbPAs_0.95__sb_none_sbth_6000__Algo_pesa2,reliability,194
simplified-cocome,simplified-cocome__BRF_clone_1.23__moc_1.64__mcnn_1.80__moncnn_1.45__MaxEval_102__ProbPAs_0.95__sb_none_sbth_6000__Algo_pesa2,2100,uml2lqn,16250
NSGA,simplified-cocome__BRF_clone_1.23__moc_1.64__mcnn_1.80__moncnn_1.45__MaxEval_102__ProbPAs_0.95__sb_none_sbth_6000__Algo_pesa2,2100,invoke_solver,341
NSGA,simplified-cocome__BRF_clone_1.23__moc_1.64__mcnn_1.80__moncnn_1.45__MaxEval_102__ProbPAs_0.95__sb_none_sbth_6000__Algo_pesa2,2100,lqn2uml,14818
NSGA,simplified-cocome__BRF_clone_1.23__moc_1.64__mcnn_1.80__moncnn_1.45__MaxEval_102__ProbPAs_0.95__sb_none_sbth_6000__Algo_pesa2,2100,counting_pas,2100,9300
simplified-cocome,simplified-cocome__BRF_clone_1.23__moc_1.64__mcnn_1.80__moncnn_1.45__MaxEval_102__ProbPAs_0.95__sb_none_sbth_6000__Algo_pesa2,2100,perfQ,14224
simplified-cocome,simplified-cocome__BRF_clone_1.23__moc_1.64__mcnn_1.80__moncnn_1.45__MaxEval_102__ProbPAs_0.95__sb_none_sbth_6000__Algo_pesa2,reliability,177
simplified-cocome,simplified-cocome__BRF_clone_1.23__moc_1.64__mcnn_1.80__moncnn_1.45__MaxEval_102__ProbPAs_0.95__sb_none_sbth_6000__Algo_pesa2,2106,uml2lqn,15955
NSGA,simplified-cocome__BRF_clone_1.23__moc_1.64__mcnn_1.80__moncnn_1.45__MaxEval_102__ProbPAs_0.95__sb_none_sbth_6000__Algo_pesa2,2106,invoke_solver,357
NSGA,simplified-cocome__BRF_clone_1.23__moc_1.64__mcnn_1.80__moncnn_1.45__MaxEval_102__ProbPAs_0.95__sb_none_sbth_6000__Algo_pesa2,2106,lqn2uml,14083
NSGA,simplified-cocome__BRF_clone_1.23__moc_1.64__mcnn_1.80__moncnn_1.45__MaxEval_102__ProbPAs_0.95__sb_none_sbth_6000__Algo_pesa2,2106,counting_pas,2106,11337
simplified-cocome,simplified-cocome__BRF_clone_1.23__moc_1.64__mcnn_1.80__moncnn_1.45__MaxEval_102__ProbPAs_0.95__sb_none_sbth_6000__Algo_pesa2,2106,perfQ,13527
simplified-cocome,simplified-cocome__BRF_clone_1.23__moc_1.64__mcnn_1.80__moncnn_1.45__MaxEval_102__ProbPAs_0.95__sb_none_sbth_6000__Algo_pesa2,reliability,238
simplified-cocome,simplified-cocome__BRF_clone_1.23__moc_1.64__mcnn_1.80__moncnn_1.45__MaxEval_102__ProbPAs_0.95__sb_none_sbth_6000__Algo_pesa2,2108,uml2lqn,17277
NSGA,simplified-cocome__BRF_clone_1.23__moc_1.64__mcnn_1.80__moncnn_1.45__MaxEval_102__ProbPAs_0.95__sb_none_sbth_6000__Algo_pesa2,2108,invoke_solver,138
NSGA,simplified-cocome__BRF_clone_1.23__moc_1.64__mcnn_1.80__moncnn_1.45__MaxEval_102__ProbPAs_0.95__sb_none_sbth_6000__Algo_pesa2,2108,lqn2uml,14831
NSGA,simplified-cocome__BRF_clone_1.23__moc_1.64__mcnn_1.80__moncnn_1.45__MaxEval_102__ProbPAs_0.95__sb_none_sbth_6000__Algo_pesa2,2108,counting_pas,2108,7430
simplified-cocome,simplified-cocome__BRF_clone_1.23__moc_1.64__mcnn_1.80__moncnn_1.45__MaxEval_102__ProbPAs_0.95__sb_none_sbth_6000__Algo_pesa2,2108,perfQ,14281
simplified-cocome,simplified-cocome__BRF_clone_1.23__moc_1.64__mcnn_1.80__moncnn_1.45__MaxEval_102__ProbPAs_0.95__sb_none_sbth_6000__Algo_pesa2,reliability,215
simplified-cocome,simplified-cocome__BRF_clone_1.23__moc_1.64__mcnn_1.80__moncnn_1.45__MaxEval_102__ProbPAs_0.95__sb_none_sbth_6000__Algo_pesa2,2110,uml2lqn,17983
NSGA,simplified-cocome__BRF_clone_1.23__moc_1.64__mcnn_1.80__moncnn_1.45__MaxEval_102__ProbPAs_0.95__sb_none_sbth_6000__Algo_pesa2,2110,invoke_solver,102
NSGA,simplified-cocome__BRF_clone_1.23__moc_1.64__mcnn_1.80__moncnn_1.45__MaxEval_102__ProbPAs_0.95__sb_none_sbth_6000__Algo_pesa2,2110,lqn2uml,13412
NSGA,simplified-cocome__BRF_clone_1.23__moc_1.64__mcnn_1.80__moncnn_1.45__MaxEval_102__ProbPAs_0.95__sb_none_sbth_6000__Algo_pesa2,2110,counting_pas,2110,7761
simplified-cocome,simplified-cocome__BRF_clone_1.23__moc_1.64__mcnn_1.80__moncnn_1.45__MaxEval_102__ProbPAs_0.95__sb_none_sbth_6000__Algo_pesa2,2110,perfQ,11305
simplified-cocome,simplified-cocome__BRF_clone_1.23__moc_1.64__mcnn_1.80__moncnn_1.45__MaxEval_102__ProbPAs_0.95__sb_none_sbth_6000__Algo_pesa2,reliability,181
simplified-cocome,simplified-cocome__BRF_clone_1.23__moc_1.64__mcnn_1.80__moncnn_1.45__MaxEval_102__ProbPAs_0.95__sb_none_sbth_6000__Algo_pesa2,2114,uml2lqn,16848
NSGA,simplified-cocome__BRF_clone_1.23__moc_1.64__mcnn_1.80__moncnn_1.45__MaxEval_102__ProbPAs_0.95__sb_none_sbth_6000__Algo_pesa2,2114,invoke_solver,106
NSGA,simplified-cocome__BRF_clone_1.23__moc_1.64__mcnn_1.80__moncnn_1.45__MaxEval_102__ProbPAs_0.95__sb_none_sbth_6000__Algo_pesa2,2114,lqn2uml,15482
NSGA,simplified-cocome__BRF_clone_1.23__moc_1.64__mcnn_1.80__moncnn_1.45__MaxEval_102__ProbPAs_0.95__sb_none_sbth_6000__Algo_pesa2,2114,counting_pas,2114,8913
simplified-cocome,simplified-cocome__BRF_clone_1.23__moc_1.64__mcnn_1.80__moncnn_1.45__MaxEval_102__ProbPAs_0.95__sb_none_sbth_6000__Algo_pesa2,2114,perfQ,16126
simplified-cocome,simplified-cocome__BRF_clone_1.23__moc_1.64__mcnn_1.80__moncnn_1.45__MaxEval_102__ProbPAs_0.95__sb_none_sbth_6000__Algo_pesa2,reliability,181
simplified-cocome,simplified-cocome__BRF_clone_1.23__moc_1.64__mcnn_1.80__moncnn_1.45__MaxEval_102__ProbPAs_0.95__sb_none_sbth_6000__Algo_pesa2,2116,uml2lqn,17487
NSGA,simplified-cocome__BRF_clone_1.23__moc_1.64__mcnn_1.80__moncnn_1.45__MaxEval_102__ProbPAs_0.95__sb_none_sbth_6000__Algo_pesa2,2116,invoke_solver,354
NSGA,simplified-cocome__BRF_clone_1.23__moc_1.64__mcnn_1.80__moncnn_1.45__MaxEval_102__ProbPAs_0.95__sb_none_sbth_6000__Algo_pesa2,2116,lqn2uml,16244
NSGA,simplified-cocome__BRF_clone_1.23__moc_1.64__mcnn_1.80__moncnn_1.45__MaxEval_102__ProbPAs_0.95__sb_none_sbth_6000__Algo_pesa2,2116,counting_pas,2116,9032
simplified-cocome,simplified-cocome__BRF_clone_1.23__moc_1.64__mcnn_1.80__moncnn_1.45__MaxEval_102__ProbPAs_0.95__sb_none_sbth_6000__Algo_pesa2,2116,perfQ,16058
simplified-cocome,simplified-cocome__BRF_clone_1.23__moc_1.64__mcnn_1.80__moncnn_1.45__MaxEval_102__ProbPAs_0.95__sb_none_sbth_6000__Algo_pesa2,reliability,186
simplified-cocome,simplified-cocome__BRF_clone_1.23__moc_1.64__mcnn_1.80__moncnn_1.45__MaxEval_102__ProbPAs_0.95__sb_none_sbth_6000__Algo_pesa2,2122,uml2lqn,17422
NSGA,simplified-cocome__BRF_clone_1.23__moc_1.64__mcnn_1.80__moncnn_1.45__MaxEval_102__ProbPAs_0.95__sb_none_sbth_6000__Algo_pesa2,2122,invoke_solver,350
NSGA,simplified-cocome__BRF_clone_1.23__moc_1.64__mcnn_1.80__moncnn_1.45__MaxEval_102__ProbPAs_0.95__sb_none_sbth_6000__Algo_pesa2,2122,lqn2uml,15226
NSGA,simplified-cocome__BRF_clone_1.23__moc_1.64__mcnn_1.80__moncnn_1.45__MaxEval_102__ProbPAs_0.95__sb_none_sbth_6000__Algo_pesa2,2122,counting_pas,2122,9851
simplified-cocome,simplified-cocome__BRF_clone_1.23__moc_1.64__mcnn_1.80__moncnn_1.45__MaxEval_102__ProbPAs_0.95__sb_none_sbth_6000__Algo_pesa2,2122,perfQ,14977
simplified-cocome,simplified-cocome__BRF_clone_1.23__moc_1.64__mcnn_1.80__moncnn_1.45__MaxEval_102__ProbPAs_0.95__sb_none_sbth_6000__Algo_pesa2,reliability,210
simplified-cocome,simplified-cocome__BRF_clone_1.23__moc_1.64__mcnn_1.80__moncnn_1.45__MaxEval_102__ProbPAs_0.95__sb_none_sbth_6000__Algo_pesa2,2124,uml2lqn,16071
NSGA,simplified-cocome__BRF_clone_1.23__moc_1.64__mcnn_1.80__moncnn_1.45__MaxEval_102__ProbPAs_0.95__sb_none_sbth_6000__Algo_pesa2,2124,invoke_solver,384
NSGA,simplified-cocome__BRF_clone_1.23__moc_1.64__mcnn_1.80__moncnn_1.45__MaxEval_102__ProbPAs_0.95__sb_none_sbth_6000__Algo_pesa2,2124,lqn2uml,15179
NSGA,simplified-cocome__BRF_clone_1.23__moc_1.64__mcnn_1.80__moncnn_1.45__MaxEval_102__ProbPAs_0.95__sb_none_sbth_6000__Algo_pesa2,2124,counting_pas,2124,7634
simplified-cocome,simplified-cocome__BRF_clone_1.23__moc_1.64__mcnn_1.80__moncnn_1.45__MaxEval_102__ProbPAs_0.95__sb_none_sbth_6000__Algo_pesa2,2124,perfQ,13983
simplified-cocome,simplified-cocome__BRF_clone_1.23__moc_1.64__mcnn_1.80__moncnn_1.45__MaxEval_102__ProbPAs_0.95__sb_none_sbth_6000__Algo_pesa2,reliability,176
simplified-cocome,simplified-cocome__BRF_clone_1.23__moc_1.64__mcnn_1.80__moncnn_1.45__MaxEval_102__ProbPAs_0.95__sb_none_sbth_6000__Algo_pesa2,2128,uml2lqn,15016
NSGA,simplified-cocome__BRF_clone_1.23__moc_1.64__mcnn_1.80__moncnn_1.45__MaxEval_102__ProbPAs_0.95__sb_none_sbth_6000__Algo_pesa2,2128,invoke_solver,39
NSGA,simplified-cocome__BRF_clone_1.23__moc_1.64__mcnn_1.80__moncnn_1.45__MaxEval_102__ProbPAs_0.95__sb_none_sbth_6000__Algo_pesa2,2128,lqn2uml,16019
NSGA,simplified-cocome__BRF_clone_1.23__moc_1.64__mcnn_1.80__moncnn_1.45__MaxEval_102__ProbPAs_0.95__sb_none_sbth_6000__Algo_pesa2,2128,counting_pas,2128,27330
simplified-cocome,simplified-cocome__BRF_clone_1.23__moc_1.64__mcnn_1.80__moncnn_1.45__MaxEval_102__ProbPAs_0.95__sb_none_sbth_6000__Algo_pesa2,2128,perfQ,15257
simplified-cocome,simplified-cocome__BRF_clone_1.23__moc_1.64__mcnn_1.80__moncnn_1.45__MaxEval_102__ProbPAs_0.95__sb_none_sbth_6000__Algo_pesa2,reliability,189
simplified-cocome,simplified-cocome__BRF_clone_1.23__moc_1.64__mcnn_1.80__moncnn_1.45__MaxEval_102__ProbPAs_0.95__sb_none_sbth_6000__Algo_pesa2,2132,uml2lqn,16989
NSGA,simplified-cocome__BRF_clone_1.23__moc_1.64__mcnn_1.80__moncnn_1.45__MaxEval_102__ProbPAs_0.95__sb_none_sbth_6000__Algo_pesa2,2132,invoke_solver,139
NSGA,simplified-cocome__BRF_clone_1.23__moc_1.64__mcnn_1.80__moncnn_1.45__MaxEval_102__ProbPAs_0.95__sb_none_sbth_6000__Algo_pesa2,2132,lqn2uml,14534
NSGA,simplified-cocome__BRF_clone_1.23__moc_1.64__mcnn_1.80__moncnn_1.45__MaxEval_102__ProbPAs_0.95__sb_none_sbth_6000__Algo_pesa2,2132,counting_pas,2132,20888
simplified-cocome,simplified-cocome__BRF_clone_1.23__moc_1.64__mcnn_1.80__moncnn_1.45__MaxEval_102__ProbPAs_0.95__sb_none_sbth_6000__Algo_pesa2,2132,perfQ,15939
simplified-cocome,simplified-cocome__BRF_clone_1.23__moc_1.64__mcnn_1.80__moncnn_1.45__MaxEval_102__ProbPAs_0.95__sb_none_sbth_6000__Algo_pesa2,reliability,245
simplified-cocome,simplified-cocome__BRF_clone_1.23__moc_1.64__mcnn_1.80__moncnn_1.45__MaxEval_102__ProbPAs_0.95__sb_none_sbth_6000__Algo_pesa2,2136,uml2lqn,17120
NSGA,simplified-cocome__BRF_clone_1.23__moc_1.64__mcnn_1.80__moncnn_1.45__MaxEval_102__ProbPAs_0.95__sb_none_sbth_6000__Algo_pesa2,2136,invoke_solver,191
NSGA,simplified-cocome__BRF_clone_1.23__moc_1.64__mcnn_1.80__moncnn_1.45__MaxEval_102__ProbPAs_0.95__sb_none_sbth_6000__Algo_pesa2,2136,lqn2uml,13531
NSGA,simplified-cocome__BRF_clone_1.23__moc_1.64__mcnn_1.80__moncnn_1.45__MaxEval_102__ProbPAs_0.95__sb_none_sbth_6000__Algo_pesa2,2136,counting_pas,2136,20566
simplified-cocome,simplified-cocome__BRF_clone_1.23__moc_1.64__mcnn_1.80__moncnn_1.45__MaxEval_102__ProbPAs_0.95__sb_none_sbth_6000__Algo_pesa2,2136,perfQ,13556
simplified-cocome,simplified-cocome__BRF_clone_1.23__moc_1.64__mcnn_1.80__moncnn_1.45__MaxEval_102__ProbPAs_0.95__sb_none_sbth_6000__Algo_pesa2,reliability,168
simplified-cocome,simplified-cocome__BRF_clone_1.23__moc_1.64__mcnn_1.80__moncnn_1.45__MaxEval_102__ProbPAs_0.95__sb_none_sbth_6000__Algo_pesa2,2140,uml2lqn,15266
NSGA,simplified-cocome__BRF_clone_1.23__moc_1.64__mcnn_1.80__moncnn_1.45__MaxEval_102__ProbPAs_0.95__sb_none_sbth_6000__Algo_pesa2,2140,invoke_solver,294
NSGA,simplified-cocome__BRF_clone_1.23__moc_1.64__mcnn_1.80__moncnn_1.45__MaxEval_102__ProbPAs_0.95__sb_none_sbth_6000__Algo_pesa2,2140,lqn2uml,13005
NSGA,simplified-cocome__BRF_clone_1.23__moc_1.64__mcnn_1.80__moncnn_1.45__MaxEval_102__ProbPAs_0.95__sb_none_sbth_6000__Algo_pesa2,2140,counting_pas,2140,20936
simplified-cocome,simplified-cocome__BRF_clone_1.23__moc_1.64__mcnn_1.80__moncnn_1.45__MaxEval_102__ProbPAs_0.95__sb_none_sbth_6000__Algo_pesa2,2140,perfQ,14237
simplified-cocome,simplified-cocome__BRF_clone_1.23__moc_1.64__mcnn_1.80__moncnn_1.45__MaxEval_102__ProbPAs_0.95__sb_none_sbth_6000__Algo_pesa2,reliability,214
simplified-cocome,simplified-cocome__BRF_clone_1.23__moc_1.64__mcnn_1.80__moncnn_1.45__MaxEval_102__ProbPAs_0.95__sb_none_sbth_6000__Algo_pesa2,2144,uml2lqn,14522
NSGA,simplified-cocome__BRF_clone_1.23__moc_1.64__mcnn_1.80__moncnn_1.45__MaxEval_102__ProbPAs_0.95__sb_none_sbth_6000__Algo_pesa2,2144,invoke_solver,347
NSGA,simplified-cocome__BRF_clone_1.23__moc_1.64__mcnn_1.80__moncnn_1.45__MaxEval_102__ProbPAs_0.95__sb_none_sbth_6000__Algo_pesa2,2144,lqn2uml,15605
NSGA,simplified-cocome__BRF_clone_1.23__moc_1.64__mcnn_1.80__moncnn_1.45__MaxEval_102__ProbPAs_0.95__sb_none_sbth_6000__Algo_pesa2,2144,counting_pas,2144,9308
simplified-cocome,simplified-cocome__BRF_clone_1.23__moc_1.64__mcnn_1.80__moncnn_1.45__MaxEval_102__ProbPAs_0.95__sb_none_sbth_6000__Algo_pesa2,2144,perfQ,13964
simplified-cocome,simplified-cocome__BRF_clone_1.23__moc_1.64__mcnn_1.80__moncnn_1.45__MaxEval_102__ProbPAs_0.95__sb_none_sbth_6000__Algo_pesa2,reliability,192
simplified-cocome,simplified-cocome__BRF_clone_1.23__moc_1.64__mcnn_1.80__moncnn_1.45__MaxEval_102__ProbPAs_0.95__sb_none_sbth_6000__Algo_pesa2,2150,uml2lqn,15555
NSGA,simplified-cocome__BRF_clone_1.23__moc_1.64__mcnn_1.80__moncnn_1.45__MaxEval_102__ProbPAs_0.95__sb_none_sbth_6000__Algo_pesa2,2150,invoke_solver,134
NSGA,simplified-cocome__BRF_clone_1.23__moc_1.64__mcnn_1.80__moncnn_1.45__MaxEval_102__ProbPAs_0.95__sb_none_sbth_6000__Algo_pesa2,2150,lqn2uml,15311
NSGA,simplified-cocome__BRF_clone_1.23__moc_1.64__mcnn_1.80__moncnn_1.45__MaxEval_102__ProbPAs_0.95__sb_none_sbth_6000__Algo_pesa2,2150,counting_pas,2150,17837
simplified-cocome,simplified-cocome__BRF_clone_1.23__moc_1.64__mcnn_1.80__moncnn_1.45__MaxEval_102__ProbPAs_0.95__sb_none_sbth_6000__Algo_pesa2,2150,perfQ,13555
simplified-cocome,simplified-cocome__BRF_clone_1.23__moc_1.64__mcnn_1.80__moncnn_1.45__MaxEval_102__ProbPAs_0.95__sb_none_sbth_6000__Algo_pesa2,reliability,225
simplified-cocome,simplified-cocome__BRF_clone_1.23__moc_1.64__mcnn_1.80__moncnn_1.45__MaxEval_102__ProbPAs_0.95__sb_none_sbth_6000__Algo_pesa2,2152,uml2lqn,16779
NSGA,simplified-cocome__BRF_clone_1.23__moc_1.64__mcnn_1.80__moncnn_1.45__MaxEval_102__ProbPAs_0.95__sb_none_sbth_6000__Algo_pesa2,2152,invoke_solver,301
NSGA,simplified-cocome__BRF_clone_1.23__moc_1.64__mcnn_1.80__moncnn_1.45__MaxEval_102__ProbPAs_0.95__sb_none_sbth_6000__Algo_pesa2,2152,lqn2uml,15127
NSGA,simplified-cocome__BRF_clone_1.23__moc_1.64__mcnn_1.80__moncnn_1.45__MaxEval_102__ProbPAs_0.95__sb_none_sbth_6000__Algo_pesa2,2152,counting_pas,2152,8750
simplified-cocome,simplified-cocome__BRF_clone_1.23__moc_1.64__mcnn_1.80__moncnn_1.45__MaxEval_102__ProbPAs_0.95__sb_none_sbth_6000__Algo_pesa2,2152,perfQ,13328
simplified-cocome,simplified-cocome__BRF_clone_1.23__moc_1.64__mcnn_1.80__moncnn_1.45__MaxEval_102__ProbPAs_0.95__sb_none_sbth_6000__Algo_pesa2,reliability,226
simplified-cocome,simplified-cocome__BRF_clone_1.23__moc_1.64__mcnn_1.80__moncnn_1.45__MaxEval_102__ProbPAs_0.95__sb_none_sbth_6000__Algo_pesa2,2158,uml2lqn,16224
NSGA,simplified-cocome__BRF_clone_1.23__moc_1.64__mcnn_1.80__moncnn_1.45__MaxEval_102__ProbPAs_0.95__sb_none_sbth_6000__Algo_pesa2,2158,invoke_solver,292
NSGA,simplified-cocome__BRF_clone_1.23__moc_1.64__mcnn_1.80__moncnn_1.45__MaxEval_102__ProbPAs_0.95__sb_none_sbth_6000__Algo_pesa2,2158,lqn2uml,14128
NSGA,simplified-cocome__BRF_clone_1.23__moc_1.64__mcnn_1.80__moncnn_1.45__MaxEval_102__ProbPAs_0.95__sb_none_sbth_6000__Algo_pesa2,2158,counting_pas,2158,9205
simplified-cocome,simplified-cocome__BRF_clone_1.23__moc_1.64__mcnn_1.80__moncnn_1.45__MaxEval_102__ProbPAs_0.95__sb_none_sbth_6000__Algo_pesa2,2158,perfQ,15511
simplified-cocome,simplified-cocome__BRF_clone_1.23__moc_1.64__mcnn_1.80__moncnn_1.45__MaxEval_102__ProbPAs_0.95__sb_none_sbth_6000__Algo_pesa2,reliability,222
simplified-cocome,simplified-cocome__BRF_clone_1.23__moc_1.64__mcnn_1.80__moncnn_1.45__MaxEval_102__ProbPAs_0.95__sb_none_sbth_6000__Algo_pesa2,2162,uml2lqn,17274
NSGA,simplified-cocome__BRF_clone_1.23__moc_1.64__mcnn_1.80__moncnn_1.45__MaxEval_102__ProbPAs_0.95__sb_none_sbth_6000__Algo_pesa2,2162,invoke_solver,272
NSGA,simplified-cocome__BRF_clone_1.23__moc_1.64__mcnn_1.80__moncnn_1.45__MaxEval_102__ProbPAs_0.95__sb_none_sbth_6000__Algo_pesa2,2162,lqn2uml,11808
NSGA,simplified-cocome__BRF_clone_1.23__moc_1.64__mcnn_1.80__moncnn_1.45__MaxEval_102__ProbPAs_0.95__sb_none_sbth_6000__Algo_pesa2,2162,counting_pas,2162,25121
simplified-cocome,simplified-cocome__BRF_clone_1.23__moc_1.64__mcnn_1.80__moncnn_1.45__MaxEval_102__ProbPAs_0.95__sb_none_sbth_6000__Algo_pesa2,2162,perfQ,15082
simplified-cocome,simplified-cocome__BRF_clone_1.23__moc_1.64__mcnn_1.80__moncnn_1.45__MaxEval_102__ProbPAs_0.95__sb_none_sbth_6000__Algo_pesa2,reliability,223
simplified-cocome,simplified-cocome__BRF_clone_1.23__moc_1.64__mcnn_1.80__moncnn_1.45__MaxEval_102__ProbPAs_0.95__sb_none_sbth_6000__Algo_pesa2,2166,uml2lqn,17742
NSGA,simplified-cocome__BRF_clone_1.23__moc_1.64__mcnn_1.80__moncnn_1.45__MaxEval_102__ProbPAs_0.95__sb_none_sbth_6000__Algo_pesa2,2166,invoke_solver,278
NSGA,simplified-cocome__BRF_clone_1.23__moc_1.64__mcnn_1.80__moncnn_1.45__MaxEval_102__ProbPAs_0.95__sb_none_sbth_6000__Algo_pesa2,2166,lqn2uml,15193
NSGA,simplified-cocome__BRF_clone_1.23__moc_1.64__mcnn_1.80__moncnn_1.45__MaxEval_102__ProbPAs_0.95__sb_none_sbth_6000__Algo_pesa2,2166,counting_pas,2166,21522
simplified-cocome,simplified-cocome__BRF_clone_1.23__moc_1.64__mcnn_1.80__moncnn_1.45__MaxEval_102__ProbPAs_0.95__sb_none_sbth_6000__Algo_pesa2,2166,perfQ,13234
simplified-cocome,simplified-cocome__BRF_clone_1.23__moc_1.64__mcnn_1.80__moncnn_1.45__MaxEval_102__ProbPAs_0.95__sb_none_sbth_6000__Algo_pesa2,reliability,164
simplified-cocome,simplified-cocome__BRF_clone_1.23__moc_1.64__mcnn_1.80__moncnn_1.45__MaxEval_102__ProbPAs_0.95__sb_none_sbth_6000__Algo_pesa2,2168,uml2lqn,17149
NSGA,simplified-cocome__BRF_clone_1.23__moc_1.64__mcnn_1.80__moncnn_1.45__MaxEval_102__ProbPAs_0.95__sb_none_sbth_6000__Algo_pesa2,2168,invoke_solver,334
NSGA,simplified-cocome__BRF_clone_1.23__moc_1.64__mcnn_1.80__moncnn_1.45__MaxEval_102__ProbPAs_0.95__sb_none_sbth_6000__Algo_pesa2,2168,lqn2uml,14089
NSGA,simplified-cocome__BRF_clone_1.23__moc_1.64__mcnn_1.80__moncnn_1.45__MaxEval_102__ProbPAs_0.95__sb_none_sbth_6000__Algo_pesa2,2168,counting_pas,2168,23117
simplified-cocome,simplified-cocome__BRF_clone_1.23__moc_1.64__mcnn_1.80__moncnn_1.45__MaxEval_102__ProbPAs_0.95__sb_none_sbth_6000__Algo_pesa2,2168,perfQ,14061
simplified-cocome,simplified-cocome__BRF_clone_1.23__moc_1.64__mcnn_1.80__moncnn_1.45__MaxEval_102__ProbPAs_0.95__sb_none_sbth_6000__Algo_pesa2,reliability,186
simplified-cocome,simplified-cocome__BRF_clone_1.23__moc_1.64__mcnn_1.80__moncnn_1.45__MaxEval_102__ProbPAs_0.95__sb_none_sbth_6000__Algo_pesa2,2172,uml2lqn,17459
NSGA,simplified-cocome__BRF_clone_1.23__moc_1.64__mcnn_1.80__moncnn_1.45__MaxEval_102__ProbPAs_0.95__sb_none_sbth_6000__Algo_pesa2,2172,invoke_solver,183
NSGA,simplified-cocome__BRF_clone_1.23__moc_1.64__mcnn_1.80__moncnn_1.45__MaxEval_102__ProbPAs_0.95__sb_none_sbth_6000__Algo_pesa2,2172,lqn2uml,14646
NSGA,simplified-cocome__BRF_clone_1.23__moc_1.64__mcnn_1.80__moncnn_1.45__MaxEval_102__ProbPAs_0.95__sb_none_sbth_6000__Algo_pesa2,2172,counting_pas,2172,13033
simplified-cocome,simplified-cocome__BRF_clone_1.23__moc_1.64__mcnn_1.80__moncnn_1.45__MaxEval_102__ProbPAs_0.95__sb_none_sbth_6000__Algo_pesa2,2172,perfQ,15262
simplified-cocome,simplified-cocome__BRF_clone_1.23__moc_1.64__mcnn_1.80__moncnn_1.45__MaxEval_102__ProbPAs_0.95__sb_none_sbth_6000__Algo_pesa2,reliability,183
simplified-cocome,simplified-cocome__BRF_clone_1.23__moc_1.64__mcnn_1.80__moncnn_1.45__MaxEval_102__ProbPAs_0.95__sb_none_sbth_6000__Algo_pesa2,2176,uml2lqn,16986
NSGA,simplified-cocome__BRF_clone_1.23__moc_1.64__mcnn_1.80__moncnn_1.45__MaxEval_102__ProbPAs_0.95__sb_none_sbth_6000__Algo_pesa2,2176,invoke_solver,309
NSGA,simplified-cocome__BRF_clone_1.23__moc_1.64__mcnn_1.80__moncnn_1.45__MaxEval_102__ProbPAs_0.95__sb_none_sbth_6000__Algo_pesa2,2176,lqn2uml,15568
NSGA,simplified-cocome__BRF_clone_1.23__moc_1.64__mcnn_1.80__moncnn_1.45__MaxEval_102__ProbPAs_0.95__sb_none_sbth_6000__Algo_pesa2,2176,counting_pas,2176,20719
simplified-cocome,simplified-cocome__BRF_clone_1.23__moc_1.64__mcnn_1.80__moncnn_1.45__MaxEval_102__ProbPAs_0.95__sb_none_sbth_6000__Algo_pesa2,2176,perfQ,14875
simplified-cocome,simplified-cocome__BRF_clone_1.23__moc_1.64__mcnn_1.80__moncnn_1.45__MaxEval_102__ProbPAs_0.95__sb_none_sbth_6000__Algo_pesa2,reliability,223
simplified-cocome,simplified-cocome__BRF_clone_1.23__moc_1.64__mcnn_1.80__moncnn_1.45__MaxEval_102__ProbPAs_0.95__sb_none_sbth_6000__Algo_pesa2,2180,uml2lqn,17707
NSGA,simplified-cocome__BRF_clone_1.23__moc_1.64__mcnn_1.80__moncnn_1.45__MaxEval_102__ProbPAs_0.95__sb_none_sbth_6000__Algo_pesa2,2180,invoke_solver,137
NSGA,simplified-cocome__BRF_clone_1.23__moc_1.64__mcnn_1.80__moncnn_1.45__MaxEval_102__ProbPAs_0.95__sb_none_sbth_6000__Algo_pesa2,2180,lqn2uml,16265
NSGA,simplified-cocome__BRF_clone_1.23__moc_1.64__mcnn_1.80__moncnn_1.45__MaxEval_102__ProbPAs_0.95__sb_none_sbth_6000__Algo_pesa2,2180,counting_pas,2180,7411
simplified-cocome,simplified-cocome__BRF_clone_1.23__moc_1.64__mcnn_1.80__moncnn_1.45__MaxEval_102__ProbPAs_0.95__sb_none_sbth_6000__Algo_pesa2,2180,perfQ,15846
simplified-cocome,simplified-cocome__BRF_clone_1.23__moc_1.64__mcnn_1.80__moncnn_1.45__MaxEval_102__ProbPAs_0.95__sb_none_sbth_6000__Algo_pesa2,reliability,160
simplified-cocome,simplified-cocome__BRF_clone_1.23__moc_1.64__mcnn_1.80__moncnn_1.45__MaxEval_102__ProbPAs_0.95__sb_none_sbth_6000__Algo_pesa2,2184,uml2lqn,16732
NSGA,simplified-cocome__BRF_clone_1.23__moc_1.64__mcnn_1.80__moncnn_1.45__MaxEval_102__ProbPAs_0.95__sb_none_sbth_6000__Algo_pesa2,2184,invoke_solver,278
NSGA,simplified-cocome__BRF_clone_1.23__moc_1.64__mcnn_1.80__moncnn_1.45__MaxEval_102__ProbPAs_0.95__sb_none_sbth_6000__Algo_pesa2,2184,lqn2uml,15160
NSGA,simplified-cocome__BRF_clone_1.23__moc_1.64__mcnn_1.80__moncnn_1.45__MaxEval_102__ProbPAs_0.95__sb_none_sbth_6000__Algo_pesa2,2184,counting_pas,2184,11613
simplified-cocome,simplified-cocome__BRF_clone_1.23__moc_1.64__mcnn_1.80__moncnn_1.45__MaxEval_102__ProbPAs_0.95__sb_none_sbth_6000__Algo_pesa2,2184,perfQ,17055
simplified-cocome,simplified-cocome__BRF_clone_1.23__moc_1.64__mcnn_1.80__moncnn_1.45__MaxEval_102__ProbPAs_0.95__sb_none_sbth_6000__Algo_pesa2,reliability,202
simplified-cocome,simplified-cocome__BRF_clone_1.23__moc_1.64__mcnn_1.80__moncnn_1.45__MaxEval_102__ProbPAs_0.95__sb_none_sbth_6000__Algo_pesa2,2188,uml2lqn,15135
NSGA,simplified-cocome__BRF_clone_1.23__moc_1.64__mcnn_1.80__moncnn_1.45__MaxEval_102__ProbPAs_0.95__sb_none_sbth_6000__Algo_pesa2,2188,invoke_solver,336
NSGA,simplified-cocome__BRF_clone_1.23__moc_1.64__mcnn_1.80__moncnn_1.45__MaxEval_102__ProbPAs_0.95__sb_none_sbth_6000__Algo_pesa2,2188,lqn2uml,13284
NSGA,simplified-cocome__BRF_clone_1.23__moc_1.64__mcnn_1.80__moncnn_1.45__MaxEval_102__ProbPAs_0.95__sb_none_sbth_6000__Algo_pesa2,2188,counting_pas,2188,18414
simplified-cocome,simplified-cocome__BRF_clone_1.23__moc_1.64__mcnn_1.80__moncnn_1.45__MaxEval_102__ProbPAs_0.95__sb_none_sbth_6000__Algo_pesa2,2188,perfQ,13664
simplified-cocome,simplified-cocome__BRF_clone_1.23__moc_1.64__mcnn_1.80__moncnn_1.45__MaxEval_102__ProbPAs_0.95__sb_none_sbth_6000__Algo_pesa2,reliability,240
simplified-cocome,simplified-cocome__BRF_clone_1.23__moc_1.64__mcnn_1.80__moncnn_1.45__MaxEval_102__ProbPAs_0.95__sb_none_sbth_6000__Algo_pesa2,2190,uml2lqn,17247
NSGA,simplified-cocome__BRF_clone_1.23__moc_1.64__mcnn_1.80__moncnn_1.45__MaxEval_102__ProbPAs_0.95__sb_none_sbth_6000__Algo_pesa2,2190,invoke_solver,71
NSGA,simplified-cocome__BRF_clone_1.23__moc_1.64__mcnn_1.80__moncnn_1.45__MaxEval_102__ProbPAs_0.95__sb_none_sbth_6000__Algo_pesa2,2190,lqn2uml,15664
NSGA,simplified-cocome__BRF_clone_1.23__moc_1.64__mcnn_1.80__moncnn_1.45__MaxEval_102__ProbPAs_0.95__sb_none_sbth_6000__Algo_pesa2,2190,counting_pas,2190,8126
simplified-cocome,simplified-cocome__BRF_clone_1.23__moc_1.64__mcnn_1.80__moncnn_1.45__MaxEval_102__ProbPAs_0.95__sb_none_sbth_6000__Algo_pesa2,2190,perfQ,16180
simplified-cocome,simplified-cocome__BRF_clone_1.23__moc_1.64__mcnn_1.80__moncnn_1.45__MaxEval_102__ProbPAs_0.95__sb_none_sbth_6000__Algo_pesa2,reliability,190
simplified-cocome,simplified-cocome__BRF_clone_1.23__moc_1.64__mcnn_1.80__moncnn_1.45__MaxEval_102__ProbPAs_0.95__sb_none_sbth_6000__Algo_pesa2,2194,uml2lqn,15811
NSGA,simplified-cocome__BRF_clone_1.23__moc_1.64__mcnn_1.80__moncnn_1.45__MaxEval_102__ProbPAs_0.95__sb_none_sbth_6000__Algo_pesa2,2194,invoke_solver,326
NSGA,simplified-cocome__BRF_clone_1.23__moc_1.64__mcnn_1.80__moncnn_1.45__MaxEval_102__ProbPAs_0.95__sb_none_sbth_6000__Algo_pesa2,2194,lqn2uml,14215
NSGA,simplified-cocome__BRF_clone_1.23__moc_1.64__mcnn_1.80__moncnn_1.45__MaxEval_102__ProbPAs_0.95__sb_none_sbth_6000__Algo_pesa2,2194,counting_pas,2194,19855
simplified-cocome,simplified-cocome__BRF_clone_1.23__moc_1.64__mcnn_1.80__moncnn_1.45__MaxEval_102__ProbPAs_0.95__sb_none_sbth_6000__Algo_pesa2,2194,perfQ,13795
simplified-cocome,simplified-cocome__BRF_clone_1.23__moc_1.64__mcnn_1.80__moncnn_1.45__MaxEval_102__ProbPAs_0.95__sb_none_sbth_6000__Algo_pesa2,reliability,204
simplified-cocome,simplified-cocome__BRF_clone_1.23__moc_1.64__mcnn_1.80__moncnn_1.45__MaxEval_102__ProbPAs_0.95__sb_none_sbth_6000__Algo_pesa2,2200,uml2lqn,15766
NSGA,simplified-cocome__BRF_clone_1.23__moc_1.64__mcnn_1.80__moncnn_1.45__MaxEval_102__ProbPAs_0.95__sb_none_sbth_6000__Algo_pesa2,2200,invoke_solver,233
NSGA,simplified-cocome__BRF_clone_1.23__moc_1.64__mcnn_1.80__moncnn_1.45__MaxEval_102__ProbPAs_0.95__sb_none_sbth_6000__Algo_pesa2,2200,lqn2uml,15360
NSGA,simplified-cocome__BRF_clone_1.23__moc_1.64__mcnn_1.80__moncnn_1.45__MaxEval_102__ProbPAs_0.95__sb_none_sbth_6000__Algo_pesa2,2200,counting_pas,2200,8126
simplified-cocome,simplified-cocome__BRF_clone_1.23__moc_1.64__mcnn_1.80__moncnn_1.45__MaxEval_102__ProbPAs_0.95__sb_none_sbth_6000__Algo_pesa2,2200,perfQ,14790
simplified-cocome,simplified-cocome__BRF_clone_1.23__moc_1.64__mcnn_1.80__moncnn_1.45__MaxEval_102__ProbPAs_0.95__sb_none_sbth_6000__Algo_pesa2,reliability,172
simplified-cocome,simplified-cocome__BRF_clone_1.23__moc_1.64__mcnn_1.80__moncnn_1.45__MaxEval_102__ProbPAs_0.95__sb_none_sbth_6000__Algo_pesa2,2204,uml2lqn,14893
NSGA,simplified-cocome__BRF_clone_1.23__moc_1.64__mcnn_1.80__moncnn_1.45__MaxEval_102__ProbPAs_0.95__sb_none_sbth_6000__Algo_pesa2,2204,invoke_solver,314
NSGA,simplified-cocome__BRF_clone_1.23__moc_1.64__mcnn_1.80__moncnn_1.45__MaxEval_102__ProbPAs_0.95__sb_none_sbth_6000__Algo_pesa2,2204,lqn2uml,12034
NSGA,simplified-cocome__BRF_clone_1.23__moc_1.64__mcnn_1.80__moncnn_1.45__MaxEval_102__ProbPAs_0.95__sb_none_sbth_6000__Algo_pesa2,2204,counting_pas,2204,8067
simplified-cocome,simplified-cocome__BRF_clone_1.23__moc_1.64__mcnn_1.80__moncnn_1.45__MaxEval_102__ProbPAs_0.95__sb_none_sbth_6000__Algo_pesa2,2204,perfQ,13708
simplified-cocome,simplified-cocome__BRF_clone_1.23__moc_1.64__mcnn_1.80__moncnn_1.45__MaxEval_102__ProbPAs_0.95__sb_none_sbth_6000__Algo_pesa2,reliability,159
simplified-cocome,simplified-cocome__BRF_clone_1.23__moc_1.64__mcnn_1.80__moncnn_1.45__MaxEval_102__ProbPAs_0.95__sb_none_sbth_6000__Algo_pesa2,2206,uml2lqn,16391
NSGA,simplified-cocome__BRF_clone_1.23__moc_1.64__mcnn_1.80__moncnn_1.45__MaxEval_102__ProbPAs_0.95__sb_none_sbth_6000__Algo_pesa2,2206,invoke_solver,316
NSGA,simplified-cocome__BRF_clone_1.23__moc_1.64__mcnn_1.80__moncnn_1.45__MaxEval_102__ProbPAs_0.95__sb_none_sbth_6000__Algo_pesa2,2206,lqn2uml,15308
NSGA,simplified-cocome__BRF_clone_1.23__moc_1.64__mcnn_1.80__moncnn_1.45__MaxEval_102__ProbPAs_0.95__sb_none_sbth_6000__Algo_pesa2,2206,counting_pas,2206,10018
simplified-cocome,simplified-cocome__BRF_clone_1.23__moc_1.64__mcnn_1.80__moncnn_1.45__MaxEval_102__ProbPAs_0.95__sb_none_sbth_6000__Algo_pesa2,2206,perfQ,15781
simplified-cocome,simplified-cocome__BRF_clone_1.23__moc_1.64__mcnn_1.80__moncnn_1.45__MaxEval_102__ProbPAs_0.95__sb_none_sbth_6000__Algo_pesa2,reliability,202
simplified-cocome,simplified-cocome__BRF_clone_1.23__moc_1.64__mcnn_1.80__moncnn_1.45__MaxEval_102__ProbPAs_0.95__sb_none_sbth_6000__Algo_pesa2,2210,uml2lqn,15917
NSGA,simplified-cocome__BRF_clone_1.23__moc_1.64__mcnn_1.80__moncnn_1.45__MaxEval_102__ProbPAs_0.95__sb_none_sbth_6000__Algo_pesa2,2210,invoke_solver,100
NSGA,simplified-cocome__BRF_clone_1.23__moc_1.64__mcnn_1.80__moncnn_1.45__MaxEval_102__ProbPAs_0.95__sb_none_sbth_6000__Algo_pesa2,2210,lqn2uml,15491
NSGA,simplified-cocome__BRF_clone_1.23__moc_1.64__mcnn_1.80__moncnn_1.45__MaxEval_102__ProbPAs_0.95__sb_none_sbth_6000__Algo_pesa2,2210,counting_pas,2210,8191
simplified-cocome,simplified-cocome__BRF_clone_1.23__moc_1.64__mcnn_1.80__moncnn_1.45__MaxEval_102__ProbPAs_0.95__sb_none_sbth_6000__Algo_pesa2,2210,perfQ,13146
simplified-cocome,simplified-cocome__BRF_clone_1.23__moc_1.64__mcnn_1.80__moncnn_1.45__MaxEval_102__ProbPAs_0.95__sb_none_sbth_6000__Algo_pesa2,reliability,195
simplified-cocome,simplified-cocome__BRF_clone_1.23__moc_1.64__mcnn_1.80__moncnn_1.45__MaxEval_102__ProbPAs_0.95__sb_none_sbth_6000__Algo_pesa2,2214,uml2lqn,14970
NSGA,simplified-cocome__BRF_clone_1.23__moc_1.64__mcnn_1.80__moncnn_1.45__MaxEval_102__ProbPAs_0.95__sb_none_sbth_6000__Algo_pesa2,2214,invoke_solver,40
NSGA,simplified-cocome__BRF_clone_1.23__moc_1.64__mcnn_1.80__moncnn_1.45__MaxEval_102__ProbPAs_0.95__sb_none_sbth_6000__Algo_pesa2,2214,lqn2uml,13183
NSGA,simplified-cocome__BRF_clone_1.23__moc_1.64__mcnn_1.80__moncnn_1.45__MaxEval_102__ProbPAs_0.95__sb_none_sbth_6000__Algo_pesa2,2214,counting_pas,2214,8251
simplified-cocome,simplified-cocome__BRF_clone_1.23__moc_1.64__mcnn_1.80__moncnn_1.45__MaxEval_102__ProbPAs_0.95__sb_none_sbth_6000__Algo_pesa2,2214,perfQ,12934
simplified-cocome,simplified-cocome__BRF_clone_1.23__moc_1.64__mcnn_1.80__moncnn_1.45__MaxEval_102__ProbPAs_0.95__sb_none_sbth_6000__Algo_pesa2,reliability,213
simplified-cocome,simplified-cocome__BRF_clone_1.23__moc_1.64__mcnn_1.80__moncnn_1.45__MaxEval_102__ProbPAs_0.95__sb_none_sbth_6000__Algo_pesa2,2218,uml2lqn,17052
NSGA,simplified-cocome__BRF_clone_1.23__moc_1.64__mcnn_1.80__moncnn_1.45__MaxEval_102__ProbPAs_0.95__sb_none_sbth_6000__Algo_pesa2,2218,invoke_solver,327
NSGA,simplified-cocome__BRF_clone_1.23__moc_1.64__mcnn_1.80__moncnn_1.45__MaxEval_102__ProbPAs_0.95__sb_none_sbth_6000__Algo_pesa2,2218,lqn2uml,15185
NSGA,simplified-cocome__BRF_clone_1.23__moc_1.64__mcnn_1.80__moncnn_1.45__MaxEval_102__ProbPAs_0.95__sb_none_sbth_6000__Algo_pesa2,2218,counting_pas,2218,8563
simplified-cocome,simplified-cocome__BRF_clone_1.23__moc_1.64__mcnn_1.80__moncnn_1.45__MaxEval_102__ProbPAs_0.95__sb_none_sbth_6000__Algo_pesa2,2218,perfQ,15135
simplified-cocome,simplified-cocome__BRF_clone_1.23__moc_1.64__mcnn_1.80__moncnn_1.45__MaxEval_102__ProbPAs_0.95__sb_none_sbth_6000__Algo_pesa2,reliability,215
simplified-cocome,simplified-cocome__BRF_clone_1.23__moc_1.64__mcnn_1.80__moncnn_1.45__MaxEval_102__ProbPAs_0.95__sb_none_sbth_6000__Algo_pesa2,2222,uml2lqn,15635
NSGA,simplified-cocome__BRF_clone_1.23__moc_1.64__mcnn_1.80__moncnn_1.45__MaxEval_102__ProbPAs_0.95__sb_none_sbth_6000__Algo_pesa2,2222,invoke_solver,288
NSGA,simplified-cocome__BRF_clone_1.23__moc_1.64__mcnn_1.80__moncnn_1.45__MaxEval_102__ProbPAs_0.95__sb_none_sbth_6000__Algo_pesa2,2222,lqn2uml,13804
NSGA,simplified-cocome__BRF_clone_1.23__moc_1.64__mcnn_1.80__moncnn_1.45__MaxEval_102__ProbPAs_0.95__sb_none_sbth_6000__Algo_pesa2,2222,counting_pas,2222,19228
simplified-cocome,simplified-cocome__BRF_clone_1.23__moc_1.64__mcnn_1.80__moncnn_1.45__MaxEval_102__ProbPAs_0.95__sb_none_sbth_6000__Algo_pesa2,2222,perfQ,15424
simplified-cocome,simplified-cocome__BRF_clone_1.23__moc_1.64__mcnn_1.80__moncnn_1.45__MaxEval_102__ProbPAs_0.95__sb_none_sbth_6000__Algo_pesa2,reliability,193
simplified-cocome,simplified-cocome__BRF_clone_1.23__moc_1.64__mcnn_1.80__moncnn_1.45__MaxEval_102__ProbPAs_0.95__sb_none_sbth_6000__Algo_pesa2,2226,uml2lqn,16073
NSGA,simplified-cocome__BRF_clone_1.23__moc_1.64__mcnn_1.80__moncnn_1.45__MaxEval_102__ProbPAs_0.95__sb_none_sbth_6000__Algo_pesa2,2226,invoke_solver,253
NSGA,simplified-cocome__BRF_clone_1.23__moc_1.64__mcnn_1.80__moncnn_1.45__MaxEval_102__ProbPAs_0.95__sb_none_sbth_6000__Algo_pesa2,2226,lqn2uml,15181
NSGA,simplified-cocome__BRF_clone_1.23__moc_1.64__mcnn_1.80__moncnn_1.45__MaxEval_102__ProbPAs_0.95__sb_none_sbth_6000__Algo_pesa2,2226,counting_pas,2226,19954
simplified-cocome,simplified-cocome__BRF_clone_1.23__moc_1.64__mcnn_1.80__moncnn_1.45__MaxEval_102__ProbPAs_0.95__sb_none_sbth_6000__Algo_pesa2,2226,perfQ,13648
simplified-cocome,simplified-cocome__BRF_clone_1.23__moc_1.64__mcnn_1.80__moncnn_1.45__MaxEval_102__ProbPAs_0.95__sb_none_sbth_6000__Algo_pesa2,reliability,186
simplified-cocome,simplified-cocome__BRF_clone_1.23__moc_1.64__mcnn_1.80__moncnn_1.45__MaxEval_102__ProbPAs_0.95__sb_none_sbth_6000__Algo_pesa2,2230,uml2lqn,14799
NSGA,simplified-cocome__BRF_clone_1.23__moc_1.64__mcnn_1.80__moncnn_1.45__MaxEval_102__ProbPAs_0.95__sb_none_sbth_6000__Algo_pesa2,2230,invoke_solver,158
NSGA,simplified-cocome__BRF_clone_1.23__moc_1.64__mcnn_1.80__moncnn_1.45__MaxEval_102__ProbPAs_0.95__sb_none_sbth_6000__Algo_pesa2,2230,lqn2uml,14742
NSGA,simplified-cocome__BRF_clone_1.23__moc_1.64__mcnn_1.80__moncnn_1.45__MaxEval_102__ProbPAs_0.95__sb_none_sbth_6000__Algo_pesa2,2230,counting_pas,2230,22948
simplified-cocome,simplified-cocome__BRF_clone_1.23__moc_1.64__mcnn_1.80__moncnn_1.45__MaxEval_102__ProbPAs_0.95__sb_none_sbth_6000__Algo_pesa2,2230,perfQ,15084
simplified-cocome,simplified-cocome__BRF_clone_1.23__moc_1.64__mcnn_1.80__moncnn_1.45__MaxEval_102__ProbPAs_0.95__sb_none_sbth_6000__Algo_pesa2,reliability,205
simplified-cocome,simplified-cocome__BRF_clone_1.23__moc_1.64__mcnn_1.80__moncnn_1.45__MaxEval_102__ProbPAs_0.95__sb_none_sbth_6000__Algo_pesa2,2234,uml2lqn,18247
NSGA,simplified-cocome__BRF_clone_1.23__moc_1.64__mcnn_1.80__moncnn_1.45__MaxEval_102__ProbPAs_0.95__sb_none_sbth_6000__Algo_pesa2,2234,invoke_solver,75
NSGA,simplified-cocome__BRF_clone_1.23__moc_1.64__mcnn_1.80__moncnn_1.45__MaxEval_102__ProbPAs_0.95__sb_none_sbth_6000__Algo_pesa2,2234,lqn2uml,14720
NSGA,simplified-cocome__BRF_clone_1.23__moc_1.64__mcnn_1.80__moncnn_1.45__MaxEval_102__ProbPAs_0.95__sb_none_sbth_6000__Algo_pesa2,2234,counting_pas,2234,9589
simplified-cocome,simplified-cocome__BRF_clone_1.23__moc_1.64__mcnn_1.80__moncnn_1.45__MaxEval_102__ProbPAs_0.95__sb_none_sbth_6000__Algo_pesa2,2234,perfQ,13821
simplified-cocome,simplified-cocome__BRF_clone_1.23__moc_1.64__mcnn_1.80__moncnn_1.45__MaxEval_102__ProbPAs_0.95__sb_none_sbth_6000__Algo_pesa2,reliability,176
simplified-cocome,simplified-cocome__BRF_clone_1.23__moc_1.64__mcnn_1.80__moncnn_1.45__MaxEval_102__ProbPAs_0.95__sb_none_sbth_6000__Algo_pesa2,2236,uml2lqn,15387
NSGA,simplified-cocome__BRF_clone_1.23__moc_1.64__mcnn_1.80__moncnn_1.45__MaxEval_102__ProbPAs_0.95__sb_none_sbth_6000__Algo_pesa2,2236,invoke_solver,332
NSGA,simplified-cocome__BRF_clone_1.23__moc_1.64__mcnn_1.80__moncnn_1.45__MaxEval_102__ProbPAs_0.95__sb_none_sbth_6000__Algo_pesa2,2236,lqn2uml,15575
NSGA,simplified-cocome__BRF_clone_1.23__moc_1.64__mcnn_1.80__moncnn_1.45__MaxEval_102__ProbPAs_0.95__sb_none_sbth_6000__Algo_pesa2,2236,counting_pas,2236,16908
simplified-cocome,simplified-cocome__BRF_clone_1.23__moc_1.64__mcnn_1.80__moncnn_1.45__MaxEval_102__ProbPAs_0.95__sb_none_sbth_6000__Algo_pesa2,2236,perfQ,16735
simplified-cocome,simplified-cocome__BRF_clone_1.23__moc_1.64__mcnn_1.80__moncnn_1.45__MaxEval_102__ProbPAs_0.95__sb_none_sbth_6000__Algo_pesa2,reliability,165
simplified-cocome,simplified-cocome__BRF_clone_1.23__moc_1.64__mcnn_1.80__moncnn_1.45__MaxEval_102__ProbPAs_0.95__sb_none_sbth_6000__Algo_pesa2,2238,uml2lqn,17942
NSGA,simplified-cocome__BRF_clone_1.23__moc_1.64__mcnn_1.80__moncnn_1.45__MaxEval_102__ProbPAs_0.95__sb_none_sbth_6000__Algo_pesa2,2238,invoke_solver,176
NSGA,simplified-cocome__BRF_clone_1.23__moc_1.64__mcnn_1.80__moncnn_1.45__MaxEval_102__ProbPAs_0.95__sb_none_sbth_6000__Algo_pesa2,2238,lqn2uml,15702
NSGA,simplified-cocome__BRF_clone_1.23__moc_1.64__mcnn_1.80__moncnn_1.45__MaxEval_102__ProbPAs_0.95__sb_none_sbth_6000__Algo_pesa2,2238,counting_pas,2238,7622
simplified-cocome,simplified-cocome__BRF_clone_1.23__moc_1.64__mcnn_1.80__moncnn_1.45__MaxEval_102__ProbPAs_0.95__sb_none_sbth_6000__Algo_pesa2,2238,perfQ,14547
simplified-cocome,simplified-cocome__BRF_clone_1.23__moc_1.64__mcnn_1.80__moncnn_1.45__MaxEval_102__ProbPAs_0.95__sb_none_sbth_6000__Algo_pesa2,reliability,177
simplified-cocome,simplified-cocome__BRF_clone_1.23__moc_1.64__mcnn_1.80__moncnn_1.45__MaxEval_102__ProbPAs_0.95__sb_none_sbth_6000__Algo_pesa2,2240,uml2lqn,16746
NSGA,simplified-cocome__BRF_clone_1.23__moc_1.64__mcnn_1.80__moncnn_1.45__MaxEval_102__ProbPAs_0.95__sb_none_sbth_6000__Algo_pesa2,2240,invoke_solver,307
NSGA,simplified-cocome__BRF_clone_1.23__moc_1.64__mcnn_1.80__moncnn_1.45__MaxEval_102__ProbPAs_0.95__sb_none_sbth_6000__Algo_pesa2,2240,lqn2uml,15331
NSGA,simplified-cocome__BRF_clone_1.23__moc_1.64__mcnn_1.80__moncnn_1.45__MaxEval_102__ProbPAs_0.95__sb_none_sbth_6000__Algo_pesa2,2240,counting_pas,2240,22469
simplified-cocome,simplified-cocome__BRF_clone_1.23__moc_1.64__mcnn_1.80__moncnn_1.45__MaxEval_102__ProbPAs_0.95__sb_none_sbth_6000__Algo_pesa2,2240,perfQ,15598
simplified-cocome,simplified-cocome__BRF_clone_1.23__moc_1.64__mcnn_1.80__moncnn_1.45__MaxEval_102__ProbPAs_0.95__sb_none_sbth_6000__Algo_pesa2,reliability,215
simplified-cocome,simplified-cocome__BRF_clone_1.23__moc_1.64__mcnn_1.80__moncnn_1.45__MaxEval_102__ProbPAs_0.95__sb_none_sbth_6000__Algo_pesa2,2242,uml2lqn,18234
NSGA,simplified-cocome__BRF_clone_1.23__moc_1.64__mcnn_1.80__moncnn_1.45__MaxEval_102__ProbPAs_0.95__sb_none_sbth_6000__Algo_pesa2,2242,invoke_solver,221
NSGA,simplified-cocome__BRF_clone_1.23__moc_1.64__mcnn_1.80__moncnn_1.45__MaxEval_102__ProbPAs_0.95__sb_none_sbth_6000__Algo_pesa2,2242,lqn2uml,13822
NSGA,simplified-cocome__BRF_clone_1.23__moc_1.64__mcnn_1.80__moncnn_1.45__MaxEval_102__ProbPAs_0.95__sb_none_sbth_6000__Algo_pesa2,2242,counting_pas,2242,8285
simplified-cocome,simplified-cocome__BRF_clone_1.23__moc_1.64__mcnn_1.80__moncnn_1.45__MaxEval_102__ProbPAs_0.95__sb_none_sbth_6000__Algo_pesa2,2242,perfQ,14187
simplified-cocome,simplified-cocome__BRF_clone_1.23__moc_1.64__mcnn_1.80__moncnn_1.45__MaxEval_102__ProbPAs_0.95__sb_none_sbth_6000__Algo_pesa2,reliability,170
simplified-cocome,simplified-cocome__BRF_clone_1.23__moc_1.64__mcnn_1.80__moncnn_1.45__MaxEval_102__ProbPAs_0.95__sb_none_sbth_6000__Algo_pesa2,2246,uml2lqn,17142
NSGA,simplified-cocome__BRF_clone_1.23__moc_1.64__mcnn_1.80__moncnn_1.45__MaxEval_102__ProbPAs_0.95__sb_none_sbth_6000__Algo_pesa2,2246,invoke_solver,71
NSGA,simplified-cocome__BRF_clone_1.23__moc_1.64__mcnn_1.80__moncnn_1.45__MaxEval_102__ProbPAs_0.95__sb_none_sbth_6000__Algo_pesa2,2246,lqn2uml,16448
NSGA,simplified-cocome__BRF_clone_1.23__moc_1.64__mcnn_1.80__moncnn_1.45__MaxEval_102__ProbPAs_0.95__sb_none_sbth_6000__Algo_pesa2,2246,counting_pas,2246,22060
simplified-cocome,simplified-cocome__BRF_clone_1.23__moc_1.64__mcnn_1.80__moncnn_1.45__MaxEval_102__ProbPAs_0.95__sb_none_sbth_6000__Algo_pesa2,2246,perfQ,14215
simplified-cocome,simplified-cocome__BRF_clone_1.23__moc_1.64__mcnn_1.80__moncnn_1.45__MaxEval_102__ProbPAs_0.95__sb_none_sbth_6000__Algo_pesa2,reliability,191
simplified-cocome,simplified-cocome__BRF_clone_1.23__moc_1.64__mcnn_1.80__moncnn_1.45__MaxEval_102__ProbPAs_0.95__sb_none_sbth_6000__Algo_pesa2,2250,uml2lqn,17794
NSGA,simplified-cocome__BRF_clone_1.23__moc_1.64__mcnn_1.80__moncnn_1.45__MaxEval_102__ProbPAs_0.95__sb_none_sbth_6000__Algo_pesa2,2250,invoke_solver,83
NSGA,simplified-cocome__BRF_clone_1.23__moc_1.64__mcnn_1.80__moncnn_1.45__MaxEval_102__ProbPAs_0.95__sb_none_sbth_6000__Algo_pesa2,2250,lqn2uml,15206
NSGA,simplified-cocome__BRF_clone_1.23__moc_1.64__mcnn_1.80__moncnn_1.45__MaxEval_102__ProbPAs_0.95__sb_none_sbth_6000__Algo_pesa2,2250,counting_pas,2250,32412
simplified-cocome,simplified-cocome__BRF_clone_1.23__moc_1.64__mcnn_1.80__moncnn_1.45__MaxEval_102__ProbPAs_0.95__sb_none_sbth_6000__Algo_pesa2,2250,perfQ,15091
simplified-cocome,simplified-cocome__BRF_clone_1.23__moc_1.64__mcnn_1.80__moncnn_1.45__MaxEval_102__ProbPAs_0.95__sb_none_sbth_6000__Algo_pesa2,reliability,200
simplified-cocome,simplified-cocome__BRF_clone_1.23__moc_1.64__mcnn_1.80__moncnn_1.45__MaxEval_102__ProbPAs_0.95__sb_none_sbth_6000__Algo_pesa2,2254,uml2lqn,17131
NSGA,simplified-cocome__BRF_clone_1.23__moc_1.64__mcnn_1.80__moncnn_1.45__MaxEval_102__ProbPAs_0.95__sb_none_sbth_6000__Algo_pesa2,2254,invoke_solver,240
NSGA,simplified-cocome__BRF_clone_1.23__moc_1.64__mcnn_1.80__moncnn_1.45__MaxEval_102__ProbPAs_0.95__sb_none_sbth_6000__Algo_pesa2,2254,lqn2uml,15763
NSGA,simplified-cocome__BRF_clone_1.23__moc_1.64__mcnn_1.80__moncnn_1.45__MaxEval_102__ProbPAs_0.95__sb_none_sbth_6000__Algo_pesa2,2254,counting_pas,2254,20596
simplified-cocome,simplified-cocome__BRF_clone_1.23__moc_1.64__mcnn_1.80__moncnn_1.45__MaxEval_102__ProbPAs_0.95__sb_none_sbth_6000__Algo_pesa2,2254,perfQ,15776
simplified-cocome,simplified-cocome__BRF_clone_1.23__moc_1.64__mcnn_1.80__moncnn_1.45__MaxEval_102__ProbPAs_0.95__sb_none_sbth_6000__Algo_pesa2,reliability,180
simplified-cocome,simplified-cocome__BRF_clone_1.23__moc_1.64__mcnn_1.80__moncnn_1.45__MaxEval_102__ProbPAs_0.95__sb_none_sbth_6000__Algo_pesa2,2256,uml2lqn,17464
NSGA,simplified-cocome__BRF_clone_1.23__moc_1.64__mcnn_1.80__moncnn_1.45__MaxEval_102__ProbPAs_0.95__sb_none_sbth_6000__Algo_pesa2,2256,invoke_solver,229
NSGA,simplified-cocome__BRF_clone_1.23__moc_1.64__mcnn_1.80__moncnn_1.45__MaxEval_102__ProbPAs_0.95__sb_none_sbth_6000__Algo_pesa2,2256,lqn2uml,16469
NSGA,simplified-cocome__BRF_clone_1.23__moc_1.64__mcnn_1.80__moncnn_1.45__MaxEval_102__ProbPAs_0.95__sb_none_sbth_6000__Algo_pesa2,2256,counting_pas,2256,9648
simplified-cocome,simplified-cocome__BRF_clone_1.23__moc_1.64__mcnn_1.80__moncnn_1.45__MaxEval_102__ProbPAs_0.95__sb_none_sbth_6000__Algo_pesa2,2256,perfQ,15459
simplified-cocome,simplified-cocome__BRF_clone_1.23__moc_1.64__mcnn_1.80__moncnn_1.45__MaxEval_102__ProbPAs_0.95__sb_none_sbth_6000__Algo_pesa2,reliability,192
simplified-cocome,simplified-cocome__BRF_clone_1.23__moc_1.64__mcnn_1.80__moncnn_1.45__MaxEval_102__ProbPAs_0.95__sb_none_sbth_6000__Algo_pesa2,2260,uml2lqn,16097
NSGA,simplified-cocome__BRF_clone_1.23__moc_1.64__mcnn_1.80__moncnn_1.45__MaxEval_102__ProbPAs_0.95__sb_none_sbth_6000__Algo_pesa2,2260,invoke_solver,258
NSGA,simplified-cocome__BRF_clone_1.23__moc_1.64__mcnn_1.80__moncnn_1.45__MaxEval_102__ProbPAs_0.95__sb_none_sbth_6000__Algo_pesa2,2260,lqn2uml,16573
NSGA,simplified-cocome__BRF_clone_1.23__moc_1.64__mcnn_1.80__moncnn_1.45__MaxEval_102__ProbPAs_0.95__sb_none_sbth_6000__Algo_pesa2,2260,counting_pas,2260,9299
simplified-cocome,simplified-cocome__BRF_clone_1.23__moc_1.64__mcnn_1.80__moncnn_1.45__MaxEval_102__ProbPAs_0.95__sb_none_sbth_6000__Algo_pesa2,2260,perfQ,15032
simplified-cocome,simplified-cocome__BRF_clone_1.23__moc_1.64__mcnn_1.80__moncnn_1.45__MaxEval_102__ProbPAs_0.95__sb_none_sbth_6000__Algo_pesa2,reliability,211
simplified-cocome,simplified-cocome__BRF_clone_1.23__moc_1.64__mcnn_1.80__moncnn_1.45__MaxEval_102__ProbPAs_0.95__sb_none_sbth_6000__Algo_pesa2,2264,uml2lqn,17946
NSGA,simplified-cocome__BRF_clone_1.23__moc_1.64__mcnn_1.80__moncnn_1.45__MaxEval_102__ProbPAs_0.95__sb_none_sbth_6000__Algo_pesa2,2264,invoke_solver,235
NSGA,simplified-cocome__BRF_clone_1.23__moc_1.64__mcnn_1.80__moncnn_1.45__MaxEval_102__ProbPAs_0.95__sb_none_sbth_6000__Algo_pesa2,2264,lqn2uml,15120
NSGA,simplified-cocome__BRF_clone_1.23__moc_1.64__mcnn_1.80__moncnn_1.45__MaxEval_102__ProbPAs_0.95__sb_none_sbth_6000__Algo_pesa2,2264,counting_pas,2264,14914
simplified-cocome,simplified-cocome__BRF_clone_1.23__moc_1.64__mcnn_1.80__moncnn_1.45__MaxEval_102__ProbPAs_0.95__sb_none_sbth_6000__Algo_pesa2,2264,perfQ,16280
simplified-cocome,simplified-cocome__BRF_clone_1.23__moc_1.64__mcnn_1.80__moncnn_1.45__MaxEval_102__ProbPAs_0.95__sb_none_sbth_6000__Algo_pesa2,reliability,166
simplified-cocome,simplified-cocome__BRF_clone_1.23__moc_1.64__mcnn_1.80__moncnn_1.45__MaxEval_102__ProbPAs_0.95__sb_none_sbth_6000__Algo_pesa2,2268,uml2lqn,16037
NSGA,simplified-cocome__BRF_clone_1.23__moc_1.64__mcnn_1.80__moncnn_1.45__MaxEval_102__ProbPAs_0.95__sb_none_sbth_6000__Algo_pesa2,2268,invoke_solver,268
NSGA,simplified-cocome__BRF_clone_1.23__moc_1.64__mcnn_1.80__moncnn_1.45__MaxEval_102__ProbPAs_0.95__sb_none_sbth_6000__Algo_pesa2,2268,lqn2uml,15083
NSGA,simplified-cocome__BRF_clone_1.23__moc_1.64__mcnn_1.80__moncnn_1.45__MaxEval_102__ProbPAs_0.95__sb_none_sbth_6000__Algo_pesa2,2268,counting_pas,2268,8282
simplified-cocome,simplified-cocome__BRF_clone_1.23__moc_1.64__mcnn_1.80__moncnn_1.45__MaxEval_102__ProbPAs_0.95__sb_none_sbth_6000__Algo_pesa2,2268,perfQ,15760
simplified-cocome,simplified-cocome__BRF_clone_1.23__moc_1.64__mcnn_1.80__moncnn_1.45__MaxEval_102__ProbPAs_0.95__sb_none_sbth_6000__Algo_pesa2,reliability,180
simplified-cocome,simplified-cocome__BRF_clone_1.23__moc_1.64__mcnn_1.80__moncnn_1.45__MaxEval_102__ProbPAs_0.95__sb_none_sbth_6000__Algo_pesa2,2272,uml2lqn,18339
NSGA,simplified-cocome__BRF_clone_1.23__moc_1.64__mcnn_1.80__moncnn_1.45__MaxEval_102__ProbPAs_0.95__sb_none_sbth_6000__Algo_pesa2,2272,invoke_solver,332
NSGA,simplified-cocome__BRF_clone_1.23__moc_1.64__mcnn_1.80__moncnn_1.45__MaxEval_102__ProbPAs_0.95__sb_none_sbth_6000__Algo_pesa2,2272,lqn2uml,17191
NSGA,simplified-cocome__BRF_clone_1.23__moc_1.64__mcnn_1.80__moncnn_1.45__MaxEval_102__ProbPAs_0.95__sb_none_sbth_6000__Algo_pesa2,2272,counting_pas,2272,17625
simplified-cocome,simplified-cocome__BRF_clone_1.23__moc_1.64__mcnn_1.80__moncnn_1.45__MaxEval_102__ProbPAs_0.95__sb_none_sbth_6000__Algo_pesa2,2272,perfQ,15632
simplified-cocome,simplified-cocome__BRF_clone_1.23__moc_1.64__mcnn_1.80__moncnn_1.45__MaxEval_102__ProbPAs_0.95__sb_none_sbth_6000__Algo_pesa2,reliability,253
simplified-cocome,simplified-cocome__BRF_clone_1.23__moc_1.64__mcnn_1.80__moncnn_1.45__MaxEval_102__ProbPAs_0.95__sb_none_sbth_6000__Algo_pesa2,2276,uml2lqn,15038
NSGA,simplified-cocome__BRF_clone_1.23__moc_1.64__mcnn_1.80__moncnn_1.45__MaxEval_102__ProbPAs_0.95__sb_none_sbth_6000__Algo_pesa2,2276,invoke_solver,270
NSGA,simplified-cocome__BRF_clone_1.23__moc_1.64__mcnn_1.80__moncnn_1.45__MaxEval_102__ProbPAs_0.95__sb_none_sbth_6000__Algo_pesa2,2276,lqn2uml,14105
NSGA,simplified-cocome__BRF_clone_1.23__moc_1.64__mcnn_1.80__moncnn_1.45__MaxEval_102__ProbPAs_0.95__sb_none_sbth_6000__Algo_pesa2,2276,counting_pas,2276,22625
simplified-cocome,simplified-cocome__BRF_clone_1.23__moc_1.64__mcnn_1.80__moncnn_1.45__MaxEval_102__ProbPAs_0.95__sb_none_sbth_6000__Algo_pesa2,2276,perfQ,14667
simplified-cocome,simplified-cocome__BRF_clone_1.23__moc_1.64__mcnn_1.80__moncnn_1.45__MaxEval_102__ProbPAs_0.95__sb_none_sbth_6000__Algo_pesa2,reliability,176
simplified-cocome,simplified-cocome__BRF_clone_1.23__moc_1.64__mcnn_1.80__moncnn_1.45__MaxEval_102__ProbPAs_0.95__sb_none_sbth_6000__Algo_pesa2,2280,uml2lqn,17659
NSGA,simplified-cocome__BRF_clone_1.23__moc_1.64__mcnn_1.80__moncnn_1.45__MaxEval_102__ProbPAs_0.95__sb_none_sbth_6000__Algo_pesa2,2280,invoke_solver,361
NSGA,simplified-cocome__BRF_clone_1.23__moc_1.64__mcnn_1.80__moncnn_1.45__MaxEval_102__ProbPAs_0.95__sb_none_sbth_6000__Algo_pesa2,2280,lqn2uml,16218
NSGA,simplified-cocome__BRF_clone_1.23__moc_1.64__mcnn_1.80__moncnn_1.45__MaxEval_102__ProbPAs_0.95__sb_none_sbth_6000__Algo_pesa2,2280,counting_pas,2280,21149
simplified-cocome,simplified-cocome__BRF_clone_1.23__moc_1.64__mcnn_1.80__moncnn_1.45__MaxEval_102__ProbPAs_0.95__sb_none_sbth_6000__Algo_pesa2,2280,perfQ,14318
simplified-cocome,simplified-cocome__BRF_clone_1.23__moc_1.64__mcnn_1.80__moncnn_1.45__MaxEval_102__ProbPAs_0.95__sb_none_sbth_6000__Algo_pesa2,reliability,199
simplified-cocome,simplified-cocome__BRF_clone_1.23__moc_1.64__mcnn_1.80__moncnn_1.45__MaxEval_102__ProbPAs_0.95__sb_none_sbth_6000__Algo_pesa2,2284,uml2lqn,14229
NSGA,simplified-cocome__BRF_clone_1.23__moc_1.64__mcnn_1.80__moncnn_1.45__MaxEval_102__ProbPAs_0.95__sb_none_sbth_6000__Algo_pesa2,2284,invoke_solver,285
NSGA,simplified-cocome__BRF_clone_1.23__moc_1.64__mcnn_1.80__moncnn_1.45__MaxEval_102__ProbPAs_0.95__sb_none_sbth_6000__Algo_pesa2,2284,lqn2uml,15501
NSGA,simplified-cocome__BRF_clone_1.23__moc_1.64__mcnn_1.80__moncnn_1.45__MaxEval_102__ProbPAs_0.95__sb_none_sbth_6000__Algo_pesa2,2284,counting_pas,2284,17997
simplified-cocome,simplified-cocome__BRF_clone_1.23__moc_1.64__mcnn_1.80__moncnn_1.45__MaxEval_102__ProbPAs_0.95__sb_none_sbth_6000__Algo_pesa2,2284,perfQ,16189
simplified-cocome,simplified-cocome__BRF_clone_1.23__moc_1.64__mcnn_1.80__moncnn_1.45__MaxEval_102__ProbPAs_0.95__sb_none_sbth_6000__Algo_pesa2,reliability,197
simplified-cocome,simplified-cocome__BRF_clone_1.23__moc_1.64__mcnn_1.80__moncnn_1.45__MaxEval_102__ProbPAs_0.95__sb_none_sbth_6000__Algo_pesa2,2288,uml2lqn,16748
NSGA,simplified-cocome__BRF_clone_1.23__moc_1.64__mcnn_1.80__moncnn_1.45__MaxEval_102__ProbPAs_0.95__sb_none_sbth_6000__Algo_pesa2,2288,invoke_solver,269
NSGA,simplified-cocome__BRF_clone_1.23__moc_1.64__mcnn_1.80__moncnn_1.45__MaxEval_102__ProbPAs_0.95__sb_none_sbth_6000__Algo_pesa2,2288,lqn2uml,14146
NSGA,simplified-cocome__BRF_clone_1.23__moc_1.64__mcnn_1.80__moncnn_1.45__MaxEval_102__ProbPAs_0.95__sb_none_sbth_6000__Algo_pesa2,2288,counting_pas,2288,8835
simplified-cocome,simplified-cocome__BRF_clone_1.23__moc_1.64__mcnn_1.80__moncnn_1.45__MaxEval_102__ProbPAs_0.95__sb_none_sbth_6000__Algo_pesa2,2288,perfQ,12046
simplified-cocome,simplified-cocome__BRF_clone_1.23__moc_1.64__mcnn_1.80__moncnn_1.45__MaxEval_102__ProbPAs_0.95__sb_none_sbth_6000__Algo_pesa2,reliability,168
simplified-cocome,simplified-cocome__BRF_clone_1.23__moc_1.64__mcnn_1.80__moncnn_1.45__MaxEval_102__ProbPAs_0.95__sb_none_sbth_6000__Algo_pesa2,2292,uml2lqn,16795
NSGA,simplified-cocome__BRF_clone_1.23__moc_1.64__mcnn_1.80__moncnn_1.45__MaxEval_102__ProbPAs_0.95__sb_none_sbth_6000__Algo_pesa2,2292,invoke_solver,269
NSGA,simplified-cocome__BRF_clone_1.23__moc_1.64__mcnn_1.80__moncnn_1.45__MaxEval_102__ProbPAs_0.95__sb_none_sbth_6000__Algo_pesa2,2292,lqn2uml,13996
NSGA,simplified-cocome__BRF_clone_1.23__moc_1.64__mcnn_1.80__moncnn_1.45__MaxEval_102__ProbPAs_0.95__sb_none_sbth_6000__Algo_pesa2,2292,counting_pas,2292,12464
simplified-cocome,simplified-cocome__BRF_clone_1.23__moc_1.64__mcnn_1.80__moncnn_1.45__MaxEval_102__ProbPAs_0.95__sb_none_sbth_6000__Algo_pesa2,2292,perfQ,17964
simplified-cocome,simplified-cocome__BRF_clone_1.23__moc_1.64__mcnn_1.80__moncnn_1.45__MaxEval_102__ProbPAs_0.95__sb_none_sbth_6000__Algo_pesa2,reliability,183
simplified-cocome,simplified-cocome__BRF_clone_1.23__moc_1.64__mcnn_1.80__moncnn_1.45__MaxEval_102__ProbPAs_0.95__sb_none_sbth_6000__Algo_pesa2,2296,uml2lqn,18151
NSGA,simplified-cocome__BRF_clone_1.23__moc_1.64__mcnn_1.80__moncnn_1.45__MaxEval_102__ProbPAs_0.95__sb_none_sbth_6000__Algo_pesa2,2296,invoke_solver,231
NSGA,simplified-cocome__BRF_clone_1.23__moc_1.64__mcnn_1.80__moncnn_1.45__MaxEval_102__ProbPAs_0.95__sb_none_sbth_6000__Algo_pesa2,2296,lqn2uml,15792
NSGA,simplified-cocome__BRF_clone_1.23__moc_1.64__mcnn_1.80__moncnn_1.45__MaxEval_102__ProbPAs_0.95__sb_none_sbth_6000__Algo_pesa2,2296,counting_pas,2296,14494
simplified-cocome,simplified-cocome__BRF_clone_1.23__moc_1.64__mcnn_1.80__moncnn_1.45__MaxEval_102__ProbPAs_0.95__sb_none_sbth_6000__Algo_pesa2,2296,perfQ,16273
simplified-cocome,simplified-cocome__BRF_clone_1.23__moc_1.64__mcnn_1.80__moncnn_1.45__MaxEval_102__ProbPAs_0.95__sb_none_sbth_6000__Algo_pesa2,reliability,155
simplified-cocome,simplified-cocome__BRF_clone_1.23__moc_1.64__mcnn_1.80__moncnn_1.45__MaxEval_102__ProbPAs_0.95__sb_none_sbth_6000__Algo_pesa2,2298,uml2lqn,19030
NSGA,simplified-cocome__BRF_clone_1.23__moc_1.64__mcnn_1.80__moncnn_1.45__MaxEval_102__ProbPAs_0.95__sb_none_sbth_6000__Algo_pesa2,2298,invoke_solver,70
NSGA,simplified-cocome__BRF_clone_1.23__moc_1.64__mcnn_1.80__moncnn_1.45__MaxEval_102__ProbPAs_0.95__sb_none_sbth_6000__Algo_pesa2,2298,lqn2uml,15949
NSGA,simplified-cocome__BRF_clone_1.23__moc_1.64__mcnn_1.80__moncnn_1.45__MaxEval_102__ProbPAs_0.95__sb_none_sbth_6000__Algo_pesa2,2298,counting_pas,2298,9252
simplified-cocome,simplified-cocome__BRF_clone_1.23__moc_1.64__mcnn_1.80__moncnn_1.45__MaxEval_102__ProbPAs_0.95__sb_none_sbth_6000__Algo_pesa2,2298,perfQ,15450
simplified-cocome,simplified-cocome__BRF_clone_1.23__moc_1.64__mcnn_1.80__moncnn_1.45__MaxEval_102__ProbPAs_0.95__sb_none_sbth_6000__Algo_pesa2,reliability,184
simplified-cocome,simplified-cocome__BRF_clone_1.23__moc_1.64__mcnn_1.80__moncnn_1.45__MaxEval_102__ProbPAs_0.95__sb_none_sbth_6000__Algo_pesa2,2302,uml2lqn,18529
NSGA,simplified-cocome__BRF_clone_1.23__moc_1.64__mcnn_1.80__moncnn_1.45__MaxEval_102__ProbPAs_0.95__sb_none_sbth_6000__Algo_pesa2,2302,invoke_solver,248
NSGA,simplified-cocome__BRF_clone_1.23__moc_1.64__mcnn_1.80__moncnn_1.45__MaxEval_102__ProbPAs_0.95__sb_none_sbth_6000__Algo_pesa2,2302,lqn2uml,15217
NSGA,simplified-cocome__BRF_clone_1.23__moc_1.64__mcnn_1.80__moncnn_1.45__MaxEval_102__ProbPAs_0.95__sb_none_sbth_6000__Algo_pesa2,2302,counting_pas,2302,8561
simplified-cocome,simplified-cocome__BRF_clone_1.23__moc_1.64__mcnn_1.80__moncnn_1.45__MaxEval_102__ProbPAs_0.95__sb_none_sbth_6000__Algo_pesa2,2302,perfQ,15964
simplified-cocome,simplified-cocome__BRF_clone_1.23__moc_1.64__mcnn_1.80__moncnn_1.45__MaxEval_102__ProbPAs_0.95__sb_none_sbth_6000__Algo_pesa2,reliability,173
simplified-cocome,simplified-cocome__BRF_clone_1.23__moc_1.64__mcnn_1.80__moncnn_1.45__MaxEval_102__ProbPAs_0.95__sb_none_sbth_6000__Algo_pesa2,2306,uml2lqn,18208
NSGA,simplified-cocome__BRF_clone_1.23__moc_1.64__mcnn_1.80__moncnn_1.45__MaxEval_102__ProbPAs_0.95__sb_none_sbth_6000__Algo_pesa2,2306,invoke_solver,181
NSGA,simplified-cocome__BRF_clone_1.23__moc_1.64__mcnn_1.80__moncnn_1.45__MaxEval_102__ProbPAs_0.95__sb_none_sbth_6000__Algo_pesa2,2306,lqn2uml,17388
NSGA,simplified-cocome__BRF_clone_1.23__moc_1.64__mcnn_1.80__moncnn_1.45__MaxEval_102__ProbPAs_0.95__sb_none_sbth_6000__Algo_pesa2,2306,counting_pas,2306,14084
simplified-cocome,simplified-cocome__BRF_clone_1.23__moc_1.64__mcnn_1.80__moncnn_1.45__MaxEval_102__ProbPAs_0.95__sb_none_sbth_6000__Algo_pesa2,2306,perfQ,14145
simplified-cocome,simplified-cocome__BRF_clone_1.23__moc_1.64__mcnn_1.80__moncnn_1.45__MaxEval_102__ProbPAs_0.95__sb_none_sbth_6000__Algo_pesa2,reliability,194
simplified-cocome,simplified-cocome__BRF_clone_1.23__moc_1.64__mcnn_1.80__moncnn_1.45__MaxEval_102__ProbPAs_0.95__sb_none_sbth_6000__Algo_pesa2,2310,uml2lqn,17794
NSGA,simplified-cocome__BRF_clone_1.23__moc_1.64__mcnn_1.80__moncnn_1.45__MaxEval_102__ProbPAs_0.95__sb_none_sbth_6000__Algo_pesa2,2310,invoke_solver,266
NSGA,simplified-cocome__BRF_clone_1.23__moc_1.64__mcnn_1.80__moncnn_1.45__MaxEval_102__ProbPAs_0.95__sb_none_sbth_6000__Algo_pesa2,2310,lqn2uml,15841
NSGA,simplified-cocome__BRF_clone_1.23__moc_1.64__mcnn_1.80__moncnn_1.45__MaxEval_102__ProbPAs_0.95__sb_none_sbth_6000__Algo_pesa2,2310,counting_pas,2310,8966
simplified-cocome,simplified-cocome__BRF_clone_1.23__moc_1.64__mcnn_1.80__moncnn_1.45__MaxEval_102__ProbPAs_0.95__sb_none_sbth_6000__Algo_pesa2,2310,perfQ,14344
simplified-cocome,simplified-cocome__BRF_clone_1.23__moc_1.64__mcnn_1.80__moncnn_1.45__MaxEval_102__ProbPAs_0.95__sb_none_sbth_6000__Algo_pesa2,reliability,175
simplified-cocome,simplified-cocome__BRF_clone_1.23__moc_1.64__mcnn_1.80__moncnn_1.45__MaxEval_102__ProbPAs_0.95__sb_none_sbth_6000__Algo_pesa2,2314,uml2lqn,17250
NSGA,simplified-cocome__BRF_clone_1.23__moc_1.64__mcnn_1.80__moncnn_1.45__MaxEval_102__ProbPAs_0.95__sb_none_sbth_6000__Algo_pesa2,2314,invoke_solver,104
NSGA,simplified-cocome__BRF_clone_1.23__moc_1.64__mcnn_1.80__moncnn_1.45__MaxEval_102__ProbPAs_0.95__sb_none_sbth_6000__Algo_pesa2,2314,lqn2uml,13576
NSGA,simplified-cocome__BRF_clone_1.23__moc_1.64__mcnn_1.80__moncnn_1.45__MaxEval_102__ProbPAs_0.95__sb_none_sbth_6000__Algo_pesa2,2314,counting_pas,2314,8049
simplified-cocome,simplified-cocome__BRF_clone_1.23__moc_1.64__mcnn_1.80__moncnn_1.45__MaxEval_102__ProbPAs_0.95__sb_none_sbth_6000__Algo_pesa2,2314,perfQ,16408
simplified-cocome,simplified-cocome__BRF_clone_1.23__moc_1.64__mcnn_1.80__moncnn_1.45__MaxEval_102__ProbPAs_0.95__sb_none_sbth_6000__Algo_pesa2,reliability,171
simplified-cocome,simplified-cocome__BRF_clone_1.23__moc_1.64__mcnn_1.80__moncnn_1.45__MaxEval_102__ProbPAs_0.95__sb_none_sbth_6000__Algo_pesa2,2318,uml2lqn,16382
NSGA,simplified-cocome__BRF_clone_1.23__moc_1.64__mcnn_1.80__moncnn_1.45__MaxEval_102__ProbPAs_0.95__sb_none_sbth_6000__Algo_pesa2,2318,invoke_solver,318
NSGA,simplified-cocome__BRF_clone_1.23__moc_1.64__mcnn_1.80__moncnn_1.45__MaxEval_102__ProbPAs_0.95__sb_none_sbth_6000__Algo_pesa2,2318,lqn2uml,16168
NSGA,simplified-cocome__BRF_clone_1.23__moc_1.64__mcnn_1.80__moncnn_1.45__MaxEval_102__ProbPAs_0.95__sb_none_sbth_6000__Algo_pesa2,2318,counting_pas,2318,12202
simplified-cocome,simplified-cocome__BRF_clone_1.23__moc_1.64__mcnn_1.80__moncnn_1.45__MaxEval_102__ProbPAs_0.95__sb_none_sbth_6000__Algo_pesa2,2318,perfQ,14042
simplified-cocome,simplified-cocome__BRF_clone_1.23__moc_1.64__mcnn_1.80__moncnn_1.45__MaxEval_102__ProbPAs_0.95__sb_none_sbth_6000__Algo_pesa2,reliability,218
simplified-cocome,simplified-cocome__BRF_clone_1.23__moc_1.64__mcnn_1.80__moncnn_1.45__MaxEval_102__ProbPAs_0.95__sb_none_sbth_6000__Algo_pesa2,2322,uml2lqn,15858
NSGA,simplified-cocome__BRF_clone_1.23__moc_1.64__mcnn_1.80__moncnn_1.45__MaxEval_102__ProbPAs_0.95__sb_none_sbth_6000__Algo_pesa2,2322,invoke_solver,303
NSGA,simplified-cocome__BRF_clone_1.23__moc_1.64__mcnn_1.80__moncnn_1.45__MaxEval_102__ProbPAs_0.95__sb_none_sbth_6000__Algo_pesa2,2322,lqn2uml,15238
NSGA,simplified-cocome__BRF_clone_1.23__moc_1.64__mcnn_1.80__moncnn_1.45__MaxEval_102__ProbPAs_0.95__sb_none_sbth_6000__Algo_pesa2,2322,counting_pas,2322,8372
simplified-cocome,simplified-cocome__BRF_clone_1.23__moc_1.64__mcnn_1.80__moncnn_1.45__MaxEval_102__ProbPAs_0.95__sb_none_sbth_6000__Algo_pesa2,2322,perfQ,13771
simplified-cocome,simplified-cocome__BRF_clone_1.23__moc_1.64__mcnn_1.80__moncnn_1.45__MaxEval_102__ProbPAs_0.95__sb_none_sbth_6000__Algo_pesa2,reliability,161
simplified-cocome,simplified-cocome__BRF_clone_1.23__moc_1.64__mcnn_1.80__moncnn_1.45__MaxEval_102__ProbPAs_0.95__sb_none_sbth_6000__Algo_pesa2,2326,uml2lqn,16349
NSGA,simplified-cocome__BRF_clone_1.23__moc_1.64__mcnn_1.80__moncnn_1.45__MaxEval_102__ProbPAs_0.95__sb_none_sbth_6000__Algo_pesa2,2326,invoke_solver,336
NSGA,simplified-cocome__BRF_clone_1.23__moc_1.64__mcnn_1.80__moncnn_1.45__MaxEval_102__ProbPAs_0.95__sb_none_sbth_6000__Algo_pesa2,2326,lqn2uml,14161
NSGA,simplified-cocome__BRF_clone_1.23__moc_1.64__mcnn_1.80__moncnn_1.45__MaxEval_102__ProbPAs_0.95__sb_none_sbth_6000__Algo_pesa2,2326,counting_pas,2326,9645
simplified-cocome,simplified-cocome__BRF_clone_1.23__moc_1.64__mcnn_1.80__moncnn_1.45__MaxEval_102__ProbPAs_0.95__sb_none_sbth_6000__Algo_pesa2,2326,perfQ,13975
simplified-cocome,simplified-cocome__BRF_clone_1.23__moc_1.64__mcnn_1.80__moncnn_1.45__MaxEval_102__ProbPAs_0.95__sb_none_sbth_6000__Algo_pesa2,reliability,209
simplified-cocome,simplified-cocome__BRF_clone_1.23__moc_1.64__mcnn_1.80__moncnn_1.45__MaxEval_102__ProbPAs_0.95__sb_none_sbth_6000__Algo_pesa2,2330,uml2lqn,14564
NSGA,simplified-cocome__BRF_clone_1.23__moc_1.64__mcnn_1.80__moncnn_1.45__MaxEval_102__ProbPAs_0.95__sb_none_sbth_6000__Algo_pesa2,2330,invoke_solver,181
NSGA,simplified-cocome__BRF_clone_1.23__moc_1.64__mcnn_1.80__moncnn_1.45__MaxEval_102__ProbPAs_0.95__sb_none_sbth_6000__Algo_pesa2,2330,lqn2uml,9421
NSGA,simplified-cocome__BRF_clone_1.23__moc_1.64__mcnn_1.80__moncnn_1.45__MaxEval_102__ProbPAs_0.95__sb_none_sbth_6000__Algo_pesa2,2330,counting_pas,2330,10208
simplified-cocome,simplified-cocome__BRF_clone_1.23__moc_1.64__mcnn_1.80__moncnn_1.45__MaxEval_102__ProbPAs_0.95__sb_none_sbth_6000__Algo_pesa2,2330,perfQ,11783
simplified-cocome,simplified-cocome__BRF_clone_1.23__moc_1.64__mcnn_1.80__moncnn_1.45__MaxEval_102__ProbPAs_0.95__sb_none_sbth_6000__Algo_pesa2,reliability,204
simplified-cocome,simplified-cocome__BRF_clone_1.23__moc_1.64__mcnn_1.80__moncnn_1.45__MaxEval_102__ProbPAs_0.95__sb_none_sbth_6000__Algo_pesa2,2334,uml2lqn,16512
NSGA,simplified-cocome__BRF_clone_1.23__moc_1.64__mcnn_1.80__moncnn_1.45__MaxEval_102__ProbPAs_0.95__sb_none_sbth_6000__Algo_pesa2,2334,invoke_solver,299
NSGA,simplified-cocome__BRF_clone_1.23__moc_1.64__mcnn_1.80__moncnn_1.45__MaxEval_102__ProbPAs_0.95__sb_none_sbth_6000__Algo_pesa2,2334,lqn2uml,14516
NSGA,simplified-cocome__BRF_clone_1.23__moc_1.64__mcnn_1.80__moncnn_1.45__MaxEval_102__ProbPAs_0.95__sb_none_sbth_6000__Algo_pesa2,2334,counting_pas,2334,19232
simplified-cocome,simplified-cocome__BRF_clone_1.23__moc_1.64__mcnn_1.80__moncnn_1.45__MaxEval_102__ProbPAs_0.95__sb_none_sbth_6000__Algo_pesa2,2334,perfQ,15012
simplified-cocome,simplified-cocome__BRF_clone_1.23__moc_1.64__mcnn_1.80__moncnn_1.45__MaxEval_102__ProbPAs_0.95__sb_none_sbth_6000__Algo_pesa2,reliability,145
simplified-cocome,simplified-cocome__BRF_clone_1.23__moc_1.64__mcnn_1.80__moncnn_1.45__MaxEval_102__ProbPAs_0.95__sb_none_sbth_6000__Algo_pesa2,2338,uml2lqn,15653
NSGA,simplified-cocome__BRF_clone_1.23__moc_1.64__mcnn_1.80__moncnn_1.45__MaxEval_102__ProbPAs_0.95__sb_none_sbth_6000__Algo_pesa2,2338,invoke_solver,383
NSGA,simplified-cocome__BRF_clone_1.23__moc_1.64__mcnn_1.80__moncnn_1.45__MaxEval_102__ProbPAs_0.95__sb_none_sbth_6000__Algo_pesa2,2338,lqn2uml,15683
NSGA,simplified-cocome__BRF_clone_1.23__moc_1.64__mcnn_1.80__moncnn_1.45__MaxEval_102__ProbPAs_0.95__sb_none_sbth_6000__Algo_pesa2,2338,counting_pas,2338,7399
simplified-cocome,simplified-cocome__BRF_clone_1.23__moc_1.64__mcnn_1.80__moncnn_1.45__MaxEval_102__ProbPAs_0.95__sb_none_sbth_6000__Algo_pesa2,2338,perfQ,15984
simplified-cocome,simplified-cocome__BRF_clone_1.23__moc_1.64__mcnn_1.80__moncnn_1.45__MaxEval_102__ProbPAs_0.95__sb_none_sbth_6000__Algo_pesa2,reliability,170
simplified-cocome,simplified-cocome__BRF_clone_1.23__moc_1.64__mcnn_1.80__moncnn_1.45__MaxEval_102__ProbPAs_0.95__sb_none_sbth_6000__Algo_pesa2,2342,uml2lqn,17288
NSGA,simplified-cocome__BRF_clone_1.23__moc_1.64__mcnn_1.80__moncnn_1.45__MaxEval_102__ProbPAs_0.95__sb_none_sbth_6000__Algo_pesa2,2342,invoke_solver,326
NSGA,simplified-cocome__BRF_clone_1.23__moc_1.64__mcnn_1.80__moncnn_1.45__MaxEval_102__ProbPAs_0.95__sb_none_sbth_6000__Algo_pesa2,2342,lqn2uml,14752
NSGA,simplified-cocome__BRF_clone_1.23__moc_1.64__mcnn_1.80__moncnn_1.45__MaxEval_102__ProbPAs_0.95__sb_none_sbth_6000__Algo_pesa2,2342,counting_pas,2342,8143
simplified-cocome,simplified-cocome__BRF_clone_1.23__moc_1.64__mcnn_1.80__moncnn_1.45__MaxEval_102__ProbPAs_0.95__sb_none_sbth_6000__Algo_pesa2,2342,perfQ,14674
simplified-cocome,simplified-cocome__BRF_clone_1.23__moc_1.64__mcnn_1.80__moncnn_1.45__MaxEval_102__ProbPAs_0.95__sb_none_sbth_6000__Algo_pesa2,reliability,215
simplified-cocome,simplified-cocome__BRF_clone_1.23__moc_1.64__mcnn_1.80__moncnn_1.45__MaxEval_102__ProbPAs_0.95__sb_none_sbth_6000__Algo_pesa2,2344,uml2lqn,16510
NSGA,simplified-cocome__BRF_clone_1.23__moc_1.64__mcnn_1.80__moncnn_1.45__MaxEval_102__ProbPAs_0.95__sb_none_sbth_6000__Algo_pesa2,2344,invoke_solver,307
NSGA,simplified-cocome__BRF_clone_1.23__moc_1.64__mcnn_1.80__moncnn_1.45__MaxEval_102__ProbPAs_0.95__sb_none_sbth_6000__Algo_pesa2,2344,lqn2uml,14014
NSGA,simplified-cocome__BRF_clone_1.23__moc_1.64__mcnn_1.80__moncnn_1.45__MaxEval_102__ProbPAs_0.95__sb_none_sbth_6000__Algo_pesa2,2344,counting_pas,2344,13724
simplified-cocome,simplified-cocome__BRF_clone_1.23__moc_1.64__mcnn_1.80__moncnn_1.45__MaxEval_102__ProbPAs_0.95__sb_none_sbth_6000__Algo_pesa2,2344,perfQ,15388
simplified-cocome,simplified-cocome__BRF_clone_1.23__moc_1.64__mcnn_1.80__moncnn_1.45__MaxEval_102__ProbPAs_0.95__sb_none_sbth_6000__Algo_pesa2,reliability,224
simplified-cocome,simplified-cocome__BRF_clone_1.23__moc_1.64__mcnn_1.80__moncnn_1.45__MaxEval_102__ProbPAs_0.95__sb_none_sbth_6000__Algo_pesa2,2348,uml2lqn,15523
NSGA,simplified-cocome__BRF_clone_1.23__moc_1.64__mcnn_1.80__moncnn_1.45__MaxEval_102__ProbPAs_0.95__sb_none_sbth_6000__Algo_pesa2,2348,invoke_solver,316
NSGA,simplified-cocome__BRF_clone_1.23__moc_1.64__mcnn_1.80__moncnn_1.45__MaxEval_102__ProbPAs_0.95__sb_none_sbth_6000__Algo_pesa2,2348,lqn2uml,14984
NSGA,simplified-cocome__BRF_clone_1.23__moc_1.64__mcnn_1.80__moncnn_1.45__MaxEval_102__ProbPAs_0.95__sb_none_sbth_6000__Algo_pesa2,2348,counting_pas,2348,9980
simplified-cocome,simplified-cocome__BRF_clone_1.23__moc_1.64__mcnn_1.80__moncnn_1.45__MaxEval_102__ProbPAs_0.95__sb_none_sbth_6000__Algo_pesa2,2348,perfQ,14419
simplified-cocome,simplified-cocome__BRF_clone_1.23__moc_1.64__mcnn_1.80__moncnn_1.45__MaxEval_102__ProbPAs_0.95__sb_none_sbth_6000__Algo_pesa2,reliability,196
simplified-cocome,simplified-cocome__BRF_clone_1.23__moc_1.64__mcnn_1.80__moncnn_1.45__MaxEval_102__ProbPAs_0.95__sb_none_sbth_6000__Algo_pesa2,2350,uml2lqn,16902
NSGA,simplified-cocome__BRF_clone_1.23__moc_1.64__mcnn_1.80__moncnn_1.45__MaxEval_102__ProbPAs_0.95__sb_none_sbth_6000__Algo_pesa2,2350,invoke_solver,301
NSGA,simplified-cocome__BRF_clone_1.23__moc_1.64__mcnn_1.80__moncnn_1.45__MaxEval_102__ProbPAs_0.95__sb_none_sbth_6000__Algo_pesa2,2350,lqn2uml,15471
NSGA,simplified-cocome__BRF_clone_1.23__moc_1.64__mcnn_1.80__moncnn_1.45__MaxEval_102__ProbPAs_0.95__sb_none_sbth_6000__Algo_pesa2,2350,counting_pas,2350,11736
simplified-cocome,simplified-cocome__BRF_clone_1.23__moc_1.64__mcnn_1.80__moncnn_1.45__MaxEval_102__ProbPAs_0.95__sb_none_sbth_6000__Algo_pesa2,2350,perfQ,15426
simplified-cocome,simplified-cocome__BRF_clone_1.23__moc_1.64__mcnn_1.80__moncnn_1.45__MaxEval_102__ProbPAs_0.95__sb_none_sbth_6000__Algo_pesa2,reliability,183
simplified-cocome,simplified-cocome__BRF_clone_1.23__moc_1.64__mcnn_1.80__moncnn_1.45__MaxEval_102__ProbPAs_0.95__sb_none_sbth_6000__Algo_pesa2,2354,uml2lqn,15802
NSGA,simplified-cocome__BRF_clone_1.23__moc_1.64__mcnn_1.80__moncnn_1.45__MaxEval_102__ProbPAs_0.95__sb_none_sbth_6000__Algo_pesa2,2354,invoke_solver,136
NSGA,simplified-cocome__BRF_clone_1.23__moc_1.64__mcnn_1.80__moncnn_1.45__MaxEval_102__ProbPAs_0.95__sb_none_sbth_6000__Algo_pesa2,2354,lqn2uml,12934
NSGA,simplified-cocome__BRF_clone_1.23__moc_1.64__mcnn_1.80__moncnn_1.45__MaxEval_102__ProbPAs_0.95__sb_none_sbth_6000__Algo_pesa2,2354,counting_pas,2354,7337
simplified-cocome,simplified-cocome__BRF_clone_1.23__moc_1.64__mcnn_1.80__moncnn_1.45__MaxEval_102__ProbPAs_0.95__sb_none_sbth_6000__Algo_pesa2,2354,perfQ,13785
simplified-cocome,simplified-cocome__BRF_clone_1.23__moc_1.64__mcnn_1.80__moncnn_1.45__MaxEval_102__ProbPAs_0.95__sb_none_sbth_6000__Algo_pesa2,reliability,128
simplified-cocome,simplified-cocome__BRF_clone_1.23__moc_1.64__mcnn_1.80__moncnn_1.45__MaxEval_102__ProbPAs_0.95__sb_none_sbth_6000__Algo_pesa2,2358,uml2lqn,17403
NSGA,simplified-cocome__BRF_clone_1.23__moc_1.64__mcnn_1.80__moncnn_1.45__MaxEval_102__ProbPAs_0.95__sb_none_sbth_6000__Algo_pesa2,2358,invoke_solver,348
NSGA,simplified-cocome__BRF_clone_1.23__moc_1.64__mcnn_1.80__moncnn_1.45__MaxEval_102__ProbPAs_0.95__sb_none_sbth_6000__Algo_pesa2,2358,lqn2uml,15975
NSGA,simplified-cocome__BRF_clone_1.23__moc_1.64__mcnn_1.80__moncnn_1.45__MaxEval_102__ProbPAs_0.95__sb_none_sbth_6000__Algo_pesa2,2358,counting_pas,2358,18518
simplified-cocome,simplified-cocome__BRF_clone_1.23__moc_1.64__mcnn_1.80__moncnn_1.45__MaxEval_102__ProbPAs_0.95__sb_none_sbth_6000__Algo_pesa2,2358,perfQ,15934
simplified-cocome,simplified-cocome__BRF_clone_1.23__moc_1.64__mcnn_1.80__moncnn_1.45__MaxEval_102__ProbPAs_0.95__sb_none_sbth_6000__Algo_pesa2,reliability,176
simplified-cocome,simplified-cocome__BRF_clone_1.23__moc_1.64__mcnn_1.80__moncnn_1.45__MaxEval_102__ProbPAs_0.95__sb_none_sbth_6000__Algo_pesa2,2364,uml2lqn,18031
NSGA,simplified-cocome__BRF_clone_1.23__moc_1.64__mcnn_1.80__moncnn_1.45__MaxEval_102__ProbPAs_0.95__sb_none_sbth_6000__Algo_pesa2,2364,invoke_solver,105
NSGA,simplified-cocome__BRF_clone_1.23__moc_1.64__mcnn_1.80__moncnn_1.45__MaxEval_102__ProbPAs_0.95__sb_none_sbth_6000__Algo_pesa2,2364,lqn2uml,15246
NSGA,simplified-cocome__BRF_clone_1.23__moc_1.64__mcnn_1.80__moncnn_1.45__MaxEval_102__ProbPAs_0.95__sb_none_sbth_6000__Algo_pesa2,2364,counting_pas,2364,18140
simplified-cocome,simplified-cocome__BRF_clone_1.23__moc_1.64__mcnn_1.80__moncnn_1.45__MaxEval_102__ProbPAs_0.95__sb_none_sbth_6000__Algo_pesa2,2364,perfQ,16494
simplified-cocome,simplified-cocome__BRF_clone_1.23__moc_1.64__mcnn_1.80__moncnn_1.45__MaxEval_102__ProbPAs_0.95__sb_none_sbth_6000__Algo_pesa2,reliability,160
simplified-cocome,simplified-cocome__BRF_clone_1.23__moc_1.64__mcnn_1.80__moncnn_1.45__MaxEval_102__ProbPAs_0.95__sb_none_sbth_6000__Algo_pesa2,2368,uml2lqn,16228
NSGA,simplified-cocome__BRF_clone_1.23__moc_1.64__mcnn_1.80__moncnn_1.45__MaxEval_102__ProbPAs_0.95__sb_none_sbth_6000__Algo_pesa2,2368,invoke_solver,244
NSGA,simplified-cocome__BRF_clone_1.23__moc_1.64__mcnn_1.80__moncnn_1.45__MaxEval_102__ProbPAs_0.95__sb_none_sbth_6000__Algo_pesa2,2368,lqn2uml,16688
NSGA,simplified-cocome__BRF_clone_1.23__moc_1.64__mcnn_1.80__moncnn_1.45__MaxEval_102__ProbPAs_0.95__sb_none_sbth_6000__Algo_pesa2,2368,counting_pas,2368,20480
simplified-cocome,simplified-cocome__BRF_clone_1.23__moc_1.64__mcnn_1.80__moncnn_1.45__MaxEval_102__ProbPAs_0.95__sb_none_sbth_6000__Algo_pesa2,2368,perfQ,15861
simplified-cocome,simplified-cocome__BRF_clone_1.23__moc_1.64__mcnn_1.80__moncnn_1.45__MaxEval_102__ProbPAs_0.95__sb_none_sbth_6000__Algo_pesa2,reliability,175
simplified-cocome,simplified-cocome__BRF_clone_1.23__moc_1.64__mcnn_1.80__moncnn_1.45__MaxEval_102__ProbPAs_0.95__sb_none_sbth_6000__Algo_pesa2,2370,uml2lqn,13621
NSGA,simplified-cocome__BRF_clone_1.23__moc_1.64__mcnn_1.80__moncnn_1.45__MaxEval_102__ProbPAs_0.95__sb_none_sbth_6000__Algo_pesa2,2370,invoke_solver,274
NSGA,simplified-cocome__BRF_clone_1.23__moc_1.64__mcnn_1.80__moncnn_1.45__MaxEval_102__ProbPAs_0.95__sb_none_sbth_6000__Algo_pesa2,2370,lqn2uml,13262
NSGA,simplified-cocome__BRF_clone_1.23__moc_1.64__mcnn_1.80__moncnn_1.45__MaxEval_102__ProbPAs_0.95__sb_none_sbth_6000__Algo_pesa2,2370,counting_pas,2370,20888
simplified-cocome,simplified-cocome__BRF_clone_1.23__moc_1.64__mcnn_1.80__moncnn_1.45__MaxEval_102__ProbPAs_0.95__sb_none_sbth_6000__Algo_pesa2,2370,perfQ,15103
simplified-cocome,simplified-cocome__BRF_clone_1.23__moc_1.64__mcnn_1.80__moncnn_1.45__MaxEval_102__ProbPAs_0.95__sb_none_sbth_6000__Algo_pesa2,reliability,187
simplified-cocome,simplified-cocome__BRF_clone_1.23__moc_1.64__mcnn_1.80__moncnn_1.45__MaxEval_102__ProbPAs_0.95__sb_none_sbth_6000__Algo_pesa2,2372,uml2lqn,18869
NSGA,simplified-cocome__BRF_clone_1.23__moc_1.64__mcnn_1.80__moncnn_1.45__MaxEval_102__ProbPAs_0.95__sb_none_sbth_6000__Algo_pesa2,2372,invoke_solver,87
NSGA,simplified-cocome__BRF_clone_1.23__moc_1.64__mcnn_1.80__moncnn_1.45__MaxEval_102__ProbPAs_0.95__sb_none_sbth_6000__Algo_pesa2,2372,lqn2uml,16054
NSGA,simplified-cocome__BRF_clone_1.23__moc_1.64__mcnn_1.80__moncnn_1.45__MaxEval_102__ProbPAs_0.95__sb_none_sbth_6000__Algo_pesa2,2372,counting_pas,2372,21888
simplified-cocome,simplified-cocome__BRF_clone_1.23__moc_1.64__mcnn_1.80__moncnn_1.45__MaxEval_102__ProbPAs_0.95__sb_none_sbth_6000__Algo_pesa2,2372,perfQ,16059
simplified-cocome,simplified-cocome__BRF_clone_1.23__moc_1.64__mcnn_1.80__moncnn_1.45__MaxEval_102__ProbPAs_0.95__sb_none_sbth_6000__Algo_pesa2,reliability,192
simplified-cocome,simplified-cocome__BRF_clone_1.23__moc_1.64__mcnn_1.80__moncnn_1.45__MaxEval_102__ProbPAs_0.95__sb_none_sbth_6000__Algo_pesa2,2376,uml2lqn,16244
NSGA,simplified-cocome__BRF_clone_1.23__moc_1.64__mcnn_1.80__moncnn_1.45__MaxEval_102__ProbPAs_0.95__sb_none_sbth_6000__Algo_pesa2,2376,invoke_solver,293
NSGA,simplified-cocome__BRF_clone_1.23__moc_1.64__mcnn_1.80__moncnn_1.45__MaxEval_102__ProbPAs_0.95__sb_none_sbth_6000__Algo_pesa2,2376,lqn2uml,15208
NSGA,simplified-cocome__BRF_clone_1.23__moc_1.64__mcnn_1.80__moncnn_1.45__MaxEval_102__ProbPAs_0.95__sb_none_sbth_6000__Algo_pesa2,2376,counting_pas,2376,18071
simplified-cocome,simplified-cocome__BRF_clone_1.23__moc_1.64__mcnn_1.80__moncnn_1.45__MaxEval_102__ProbPAs_0.95__sb_none_sbth_6000__Algo_pesa2,2376,perfQ,16075
simplified-cocome,simplified-cocome__BRF_clone_1.23__moc_1.64__mcnn_1.80__moncnn_1.45__MaxEval_102__ProbPAs_0.95__sb_none_sbth_6000__Algo_pesa2,reliability,199
simplified-cocome,simplified-cocome__BRF_clone_1.23__moc_1.64__mcnn_1.80__moncnn_1.45__MaxEval_102__ProbPAs_0.95__sb_none_sbth_6000__Algo_pesa2,2378,uml2lqn,17138
NSGA,simplified-cocome__BRF_clone_1.23__moc_1.64__mcnn_1.80__moncnn_1.45__MaxEval_102__ProbPAs_0.95__sb_none_sbth_6000__Algo_pesa2,2378,invoke_solver,149
NSGA,simplified-cocome__BRF_clone_1.23__moc_1.64__mcnn_1.80__moncnn_1.45__MaxEval_102__ProbPAs_0.95__sb_none_sbth_6000__Algo_pesa2,2378,lqn2uml,15853
NSGA,simplified-cocome__BRF_clone_1.23__moc_1.64__mcnn_1.80__moncnn_1.45__MaxEval_102__ProbPAs_0.95__sb_none_sbth_6000__Algo_pesa2,2378,counting_pas,2378,17095
simplified-cocome,simplified-cocome__BRF_clone_1.23__moc_1.64__mcnn_1.80__moncnn_1.45__MaxEval_102__ProbPAs_0.95__sb_none_sbth_6000__Algo_pesa2,2378,perfQ,13185
simplified-cocome,simplified-cocome__BRF_clone_1.23__moc_1.64__mcnn_1.80__moncnn_1.45__MaxEval_102__ProbPAs_0.95__sb_none_sbth_6000__Algo_pesa2,reliability,176
simplified-cocome,simplified-cocome__BRF_clone_1.23__moc_1.64__mcnn_1.80__moncnn_1.45__MaxEval_102__ProbPAs_0.95__sb_none_sbth_6000__Algo_pesa2,2382,uml2lqn,14261
NSGA,simplified-cocome__BRF_clone_1.23__moc_1.64__mcnn_1.80__moncnn_1.45__MaxEval_102__ProbPAs_0.95__sb_none_sbth_6000__Algo_pesa2,2382,invoke_solver,309
NSGA,simplified-cocome__BRF_clone_1.23__moc_1.64__mcnn_1.80__moncnn_1.45__MaxEval_102__ProbPAs_0.95__sb_none_sbth_6000__Algo_pesa2,2382,lqn2uml,12507
NSGA,simplified-cocome__BRF_clone_1.23__moc_1.64__mcnn_1.80__moncnn_1.45__MaxEval_102__ProbPAs_0.95__sb_none_sbth_6000__Algo_pesa2,2382,counting_pas,2382,13360
simplified-cocome,simplified-cocome__BRF_clone_1.23__moc_1.64__mcnn_1.80__moncnn_1.45__MaxEval_102__ProbPAs_0.95__sb_none_sbth_6000__Algo_pesa2,2382,perfQ,15681
simplified-cocome,simplified-cocome__BRF_clone_1.23__moc_1.64__mcnn_1.80__moncnn_1.45__MaxEval_102__ProbPAs_0.95__sb_none_sbth_6000__Algo_pesa2,reliability,200
simplified-cocome,simplified-cocome__BRF_clone_1.23__moc_1.64__mcnn_1.80__moncnn_1.45__MaxEval_102__ProbPAs_0.95__sb_none_sbth_6000__Algo_pesa2,2386,uml2lqn,15255
NSGA,simplified-cocome__BRF_clone_1.23__moc_1.64__mcnn_1.80__moncnn_1.45__MaxEval_102__ProbPAs_0.95__sb_none_sbth_6000__Algo_pesa2,2386,invoke_solver,232
NSGA,simplified-cocome__BRF_clone_1.23__moc_1.64__mcnn_1.80__moncnn_1.45__MaxEval_102__ProbPAs_0.95__sb_none_sbth_6000__Algo_pesa2,2386,lqn2uml,12923
NSGA,simplified-cocome__BRF_clone_1.23__moc_1.64__mcnn_1.80__moncnn_1.45__MaxEval_102__ProbPAs_0.95__sb_none_sbth_6000__Algo_pesa2,2386,counting_pas,2386,10866
simplified-cocome,simplified-cocome__BRF_clone_1.23__moc_1.64__mcnn_1.80__moncnn_1.45__MaxEval_102__ProbPAs_0.95__sb_none_sbth_6000__Algo_pesa2,2386,perfQ,15327
simplified-cocome,simplified-cocome__BRF_clone_1.23__moc_1.64__mcnn_1.80__moncnn_1.45__MaxEval_102__ProbPAs_0.95__sb_none_sbth_6000__Algo_pesa2,reliability,197
simplified-cocome,simplified-cocome__BRF_clone_1.23__moc_1.64__mcnn_1.80__moncnn_1.45__MaxEval_102__ProbPAs_0.95__sb_none_sbth_6000__Algo_pesa2,2390,uml2lqn,16121
NSGA,simplified-cocome__BRF_clone_1.23__moc_1.64__mcnn_1.80__moncnn_1.45__MaxEval_102__ProbPAs_0.95__sb_none_sbth_6000__Algo_pesa2,2390,invoke_solver,90
NSGA,simplified-cocome__BRF_clone_1.23__moc_1.64__mcnn_1.80__moncnn_1.45__MaxEval_102__ProbPAs_0.95__sb_none_sbth_6000__Algo_pesa2,2390,lqn2uml,14494
NSGA,simplified-cocome__BRF_clone_1.23__moc_1.64__mcnn_1.80__moncnn_1.45__MaxEval_102__ProbPAs_0.95__sb_none_sbth_6000__Algo_pesa2,2390,counting_pas,2390,8125
simplified-cocome,simplified-cocome__BRF_clone_1.23__moc_1.64__mcnn_1.80__moncnn_1.45__MaxEval_102__ProbPAs_0.95__sb_none_sbth_6000__Algo_pesa2,2390,perfQ,12106
simplified-cocome,simplified-cocome__BRF_clone_1.23__moc_1.64__mcnn_1.80__moncnn_1.45__MaxEval_102__ProbPAs_0.95__sb_none_sbth_6000__Algo_pesa2,reliability,154
simplified-cocome,simplified-cocome__BRF_clone_1.23__moc_1.64__mcnn_1.80__moncnn_1.45__MaxEval_102__ProbPAs_0.95__sb_none_sbth_6000__Algo_pesa2,2394,uml2lqn,14525
NSGA,simplified-cocome__BRF_clone_1.23__moc_1.64__mcnn_1.80__moncnn_1.45__MaxEval_102__ProbPAs_0.95__sb_none_sbth_6000__Algo_pesa2,2394,invoke_solver,118
NSGA,simplified-cocome__BRF_clone_1.23__moc_1.64__mcnn_1.80__moncnn_1.45__MaxEval_102__ProbPAs_0.95__sb_none_sbth_6000__Algo_pesa2,2394,lqn2uml,14211
NSGA,simplified-cocome__BRF_clone_1.23__moc_1.64__mcnn_1.80__moncnn_1.45__MaxEval_102__ProbPAs_0.95__sb_none_sbth_6000__Algo_pesa2,2394,counting_pas,2394,19500
simplified-cocome,simplified-cocome__BRF_clone_1.23__moc_1.64__mcnn_1.80__moncnn_1.45__MaxEval_102__ProbPAs_0.95__sb_none_sbth_6000__Algo_pesa2,2394,perfQ,15282
simplified-cocome,simplified-cocome__BRF_clone_1.23__moc_1.64__mcnn_1.80__moncnn_1.45__MaxEval_102__ProbPAs_0.95__sb_none_sbth_6000__Algo_pesa2,reliability,198
simplified-cocome,simplified-cocome__BRF_clone_1.23__moc_1.64__mcnn_1.80__moncnn_1.45__MaxEval_102__ProbPAs_0.95__sb_none_sbth_6000__Algo_pesa2,2396,uml2lqn,13457
NSGA,simplified-cocome__BRF_clone_1.23__moc_1.64__mcnn_1.80__moncnn_1.45__MaxEval_102__ProbPAs_0.95__sb_none_sbth_6000__Algo_pesa2,2396,invoke_solver,285
NSGA,simplified-cocome__BRF_clone_1.23__moc_1.64__mcnn_1.80__moncnn_1.45__MaxEval_102__ProbPAs_0.95__sb_none_sbth_6000__Algo_pesa2,2396,lqn2uml,13867
NSGA,simplified-cocome__BRF_clone_1.23__moc_1.64__mcnn_1.80__moncnn_1.45__MaxEval_102__ProbPAs_0.95__sb_none_sbth_6000__Algo_pesa2,2396,counting_pas,2396,15336
simplified-cocome,simplified-cocome__BRF_clone_1.23__moc_1.64__mcnn_1.80__moncnn_1.45__MaxEval_102__ProbPAs_0.95__sb_none_sbth_6000__Algo_pesa2,2396,perfQ,12458
simplified-cocome,simplified-cocome__BRF_clone_1.23__moc_1.64__mcnn_1.80__moncnn_1.45__MaxEval_102__ProbPAs_0.95__sb_none_sbth_6000__Algo_pesa2,reliability,117
simplified-cocome,simplified-cocome__BRF_clone_1.23__moc_1.64__mcnn_1.80__moncnn_1.45__MaxEval_102__ProbPAs_0.95__sb_none_sbth_6000__Algo_pesa2,2400,uml2lqn,16355
NSGA,simplified-cocome__BRF_clone_1.23__moc_1.64__mcnn_1.80__moncnn_1.45__MaxEval_102__ProbPAs_0.95__sb_none_sbth_6000__Algo_pesa2,2400,invoke_solver,136
NSGA,simplified-cocome__BRF_clone_1.23__moc_1.64__mcnn_1.80__moncnn_1.45__MaxEval_102__ProbPAs_0.95__sb_none_sbth_6000__Algo_pesa2,2400,lqn2uml,14503
NSGA,simplified-cocome__BRF_clone_1.23__moc_1.64__mcnn_1.80__moncnn_1.45__MaxEval_102__ProbPAs_0.95__sb_none_sbth_6000__Algo_pesa2,2400,counting_pas,2400,15653
simplified-cocome,simplified-cocome__BRF_clone_1.23__moc_1.64__mcnn_1.80__moncnn_1.45__MaxEval_102__ProbPAs_0.95__sb_none_sbth_6000__Algo_pesa2,2400,perfQ,12128
simplified-cocome,simplified-cocome__BRF_clone_1.23__moc_1.64__mcnn_1.80__moncnn_1.45__MaxEval_102__ProbPAs_0.95__sb_none_sbth_6000__Algo_pesa2,reliability,174
simplified-cocome,simplified-cocome__BRF_clone_1.23__moc_1.64__mcnn_1.80__moncnn_1.45__MaxEval_102__ProbPAs_0.95__sb_none_sbth_6000__Algo_pesa2,2404,uml2lqn,10517
NSGA,simplified-cocome__BRF_clone_1.23__moc_1.64__mcnn_1.80__moncnn_1.45__MaxEval_102__ProbPAs_0.95__sb_none_sbth_6000__Algo_pesa2,2404,invoke_solver,154
NSGA,simplified-cocome__BRF_clone_1.23__moc_1.64__mcnn_1.80__moncnn_1.45__MaxEval_102__ProbPAs_0.95__sb_none_sbth_6000__Algo_pesa2,2404,lqn2uml,11905
NSGA,simplified-cocome__BRF_clone_1.23__moc_1.64__mcnn_1.80__moncnn_1.45__MaxEval_102__ProbPAs_0.95__sb_none_sbth_6000__Algo_pesa2,2404,counting_pas,2404,7377
simplified-cocome,simplified-cocome__BRF_clone_1.23__moc_1.64__mcnn_1.80__moncnn_1.45__MaxEval_102__ProbPAs_0.95__sb_none_sbth_6000__Algo_pesa2,2404,perfQ,8949
simplified-cocome,simplified-cocome__BRF_clone_1.23__moc_1.64__mcnn_1.80__moncnn_1.45__MaxEval_102__ProbPAs_0.95__sb_none_sbth_6000__Algo_pesa2,reliability,171
simplified-cocome,simplified-cocome__BRF_clone_1.23__moc_1.64__mcnn_1.80__moncnn_1.45__MaxEval_102__ProbPAs_0.95__sb_none_sbth_6000__Algo_pesa2,2408,uml2lqn,12585
NSGA,simplified-cocome__BRF_clone_1.23__moc_1.64__mcnn_1.80__moncnn_1.45__MaxEval_102__ProbPAs_0.95__sb_none_sbth_6000__Algo_pesa2,2408,invoke_solver,108
NSGA,simplified-cocome__BRF_clone_1.23__moc_1.64__mcnn_1.80__moncnn_1.45__MaxEval_102__ProbPAs_0.95__sb_none_sbth_6000__Algo_pesa2,2408,lqn2uml,10852
NSGA,simplified-cocome__BRF_clone_1.23__moc_1.64__mcnn_1.80__moncnn_1.45__MaxEval_102__ProbPAs_0.95__sb_none_sbth_6000__Algo_pesa2,2408,counting_pas,2408,7620
simplified-cocome,simplified-cocome__BRF_clone_1.23__moc_1.64__mcnn_1.80__moncnn_1.45__MaxEval_102__ProbPAs_0.95__sb_none_sbth_6000__Algo_pesa2,2408,perfQ,12906
simplified-cocome,simplified-cocome__BRF_clone_1.23__moc_1.64__mcnn_1.80__moncnn_1.45__MaxEval_102__ProbPAs_0.95__sb_none_sbth_6000__Algo_pesa2,reliability,228
simplified-cocome,simplified-cocome__BRF_clone_1.23__moc_1.64__mcnn_1.80__moncnn_1.45__MaxEval_102__ProbPAs_0.95__sb_none_sbth_6000__Algo_pesa2,2412,uml2lqn,13143
NSGA,simplified-cocome__BRF_clone_1.23__moc_1.64__mcnn_1.80__moncnn_1.45__MaxEval_102__ProbPAs_0.95__sb_none_sbth_6000__Algo_pesa2,2412,invoke_solver,112
NSGA,simplified-cocome__BRF_clone_1.23__moc_1.64__mcnn_1.80__moncnn_1.45__MaxEval_102__ProbPAs_0.95__sb_none_sbth_6000__Algo_pesa2,2412,lqn2uml,11132
NSGA,simplified-cocome__BRF_clone_1.23__moc_1.64__mcnn_1.80__moncnn_1.45__MaxEval_102__ProbPAs_0.95__sb_none_sbth_6000__Algo_pesa2,2412,counting_pas,2412,12737
simplified-cocome,simplified-cocome__BRF_clone_1.23__moc_1.64__mcnn_1.80__moncnn_1.45__MaxEval_102__ProbPAs_0.95__sb_none_sbth_6000__Algo_pesa2,2412,perfQ,12153
simplified-cocome,simplified-cocome__BRF_clone_1.23__moc_1.64__mcnn_1.80__moncnn_1.45__MaxEval_102__ProbPAs_0.95__sb_none_sbth_6000__Algo_pesa2,reliability,191
simplified-cocome,simplified-cocome__BRF_clone_1.23__moc_1.64__mcnn_1.80__moncnn_1.45__MaxEval_102__ProbPAs_0.95__sb_none_sbth_6000__Algo_pesa2,2416,uml2lqn,12244
NSGA,simplified-cocome__BRF_clone_1.23__moc_1.64__mcnn_1.80__moncnn_1.45__MaxEval_102__ProbPAs_0.95__sb_none_sbth_6000__Algo_pesa2,2416,invoke_solver,308
NSGA,simplified-cocome__BRF_clone_1.23__moc_1.64__mcnn_1.80__moncnn_1.45__MaxEval_102__ProbPAs_0.95__sb_none_sbth_6000__Algo_pesa2,2416,lqn2uml,12087
NSGA,simplified-cocome__BRF_clone_1.23__moc_1.64__mcnn_1.80__moncnn_1.45__MaxEval_102__ProbPAs_0.95__sb_none_sbth_6000__Algo_pesa2,2416,counting_pas,2416,17101
simplified-cocome,simplified-cocome__BRF_clone_1.23__moc_1.64__mcnn_1.80__moncnn_1.45__MaxEval_102__ProbPAs_0.95__sb_none_sbth_6000__Algo_pesa2,2416,perfQ,9360
simplified-cocome,simplified-cocome__BRF_clone_1.23__moc_1.64__mcnn_1.80__moncnn_1.45__MaxEval_102__ProbPAs_0.95__sb_none_sbth_6000__Algo_pesa2,reliability,192
simplified-cocome,simplified-cocome__BRF_clone_1.23__moc_1.64__mcnn_1.80__moncnn_1.45__MaxEval_102__ProbPAs_0.95__sb_none_sbth_6000__Algo_pesa2,2420,uml2lqn,14011
NSGA,simplified-cocome__BRF_clone_1.23__moc_1.64__mcnn_1.80__moncnn_1.45__MaxEval_102__ProbPAs_0.95__sb_none_sbth_6000__Algo_pesa2,2420,invoke_solver,170
NSGA,simplified-cocome__BRF_clone_1.23__moc_1.64__mcnn_1.80__moncnn_1.45__MaxEval_102__ProbPAs_0.95__sb_none_sbth_6000__Algo_pesa2,2420,lqn2uml,11540
NSGA,simplified-cocome__BRF_clone_1.23__moc_1.64__mcnn_1.80__moncnn_1.45__MaxEval_102__ProbPAs_0.95__sb_none_sbth_6000__Algo_pesa2,2420,counting_pas,2420,13095
simplified-cocome,simplified-cocome__BRF_clone_1.23__moc_1.64__mcnn_1.80__moncnn_1.45__MaxEval_102__ProbPAs_0.95__sb_none_sbth_6000__Algo_pesa2,2420,perfQ,12417
simplified-cocome,simplified-cocome__BRF_clone_1.23__moc_1.64__mcnn_1.80__moncnn_1.45__MaxEval_102__ProbPAs_0.95__sb_none_sbth_6000__Algo_pesa2,reliability,189
simplified-cocome,simplified-cocome__BRF_clone_1.23__moc_1.64__mcnn_1.80__moncnn_1.45__MaxEval_102__ProbPAs_0.95__sb_none_sbth_6000__Algo_pesa2,2424,uml2lqn,12523
NSGA,simplified-cocome__BRF_clone_1.23__moc_1.64__mcnn_1.80__moncnn_1.45__MaxEval_102__ProbPAs_0.95__sb_none_sbth_6000__Algo_pesa2,2424,invoke_solver,70
NSGA,simplified-cocome__BRF_clone_1.23__moc_1.64__mcnn_1.80__moncnn_1.45__MaxEval_102__ProbPAs_0.95__sb_none_sbth_6000__Algo_pesa2,2424,lqn2uml,11475
NSGA,simplified-cocome__BRF_clone_1.23__moc_1.64__mcnn_1.80__moncnn_1.45__MaxEval_102__ProbPAs_0.95__sb_none_sbth_6000__Algo_pesa2,2424,counting_pas,2424,10801
simplified-cocome,simplified-cocome__BRF_clone_1.23__moc_1.64__mcnn_1.80__moncnn_1.45__MaxEval_102__ProbPAs_0.95__sb_none_sbth_6000__Algo_pesa2,2424,perfQ,11292
simplified-cocome,simplified-cocome__BRF_clone_1.23__moc_1.64__mcnn_1.80__moncnn_1.45__MaxEval_102__ProbPAs_0.95__sb_none_sbth_6000__Algo_pesa2,reliability,184
simplified-cocome,simplified-cocome__BRF_clone_1.23__moc_1.64__mcnn_1.80__moncnn_1.45__MaxEval_102__ProbPAs_0.95__sb_none_sbth_6000__Algo_pesa2,2428,uml2lqn,12683
NSGA,simplified-cocome__BRF_clone_1.23__moc_1.64__mcnn_1.80__moncnn_1.45__MaxEval_102__ProbPAs_0.95__sb_none_sbth_6000__Algo_pesa2,2428,invoke_solver,268
NSGA,simplified-cocome__BRF_clone_1.23__moc_1.64__mcnn_1.80__moncnn_1.45__MaxEval_102__ProbPAs_0.95__sb_none_sbth_6000__Algo_pesa2,2428,lqn2uml,10989
NSGA,simplified-cocome__BRF_clone_1.23__moc_1.64__mcnn_1.80__moncnn_1.45__MaxEval_102__ProbPAs_0.95__sb_none_sbth_6000__Algo_pesa2,2428,counting_pas,2428,10224
simplified-cocome,simplified-cocome__BRF_clone_1.23__moc_1.64__mcnn_1.80__moncnn_1.45__MaxEval_102__ProbPAs_0.95__sb_none_sbth_6000__Algo_pesa2,2428,perfQ,13380
simplified-cocome,simplified-cocome__BRF_clone_1.23__moc_1.64__mcnn_1.80__moncnn_1.45__MaxEval_102__ProbPAs_0.95__sb_none_sbth_6000__Algo_pesa2,reliability,186
simplified-cocome,simplified-cocome__BRF_clone_1.23__moc_1.64__mcnn_1.80__moncnn_1.45__MaxEval_102__ProbPAs_0.95__sb_none_sbth_6000__Algo_pesa2,2430,uml2lqn,12709
NSGA,simplified-cocome__BRF_clone_1.23__moc_1.64__mcnn_1.80__moncnn_1.45__MaxEval_102__ProbPAs_0.95__sb_none_sbth_6000__Algo_pesa2,2430,invoke_solver,242
NSGA,simplified-cocome__BRF_clone_1.23__moc_1.64__mcnn_1.80__moncnn_1.45__MaxEval_102__ProbPAs_0.95__sb_none_sbth_6000__Algo_pesa2,2430,lqn2uml,12304
NSGA,simplified-cocome__BRF_clone_1.23__moc_1.64__mcnn_1.80__moncnn_1.45__MaxEval_102__ProbPAs_0.95__sb_none_sbth_6000__Algo_pesa2,2430,counting_pas,2430,8090
simplified-cocome,simplified-cocome__BRF_clone_1.23__moc_1.64__mcnn_1.80__moncnn_1.45__MaxEval_102__ProbPAs_0.95__sb_none_sbth_6000__Algo_pesa2,2430,perfQ,13037
simplified-cocome,simplified-cocome__BRF_clone_1.23__moc_1.64__mcnn_1.80__moncnn_1.45__MaxEval_102__ProbPAs_0.95__sb_none_sbth_6000__Algo_pesa2,reliability,173
simplified-cocome,simplified-cocome__BRF_clone_1.23__moc_1.64__mcnn_1.80__moncnn_1.45__MaxEval_102__ProbPAs_0.95__sb_none_sbth_6000__Algo_pesa2,2434,uml2lqn,12539
NSGA,simplified-cocome__BRF_clone_1.23__moc_1.64__mcnn_1.80__moncnn_1.45__MaxEval_102__ProbPAs_0.95__sb_none_sbth_6000__Algo_pesa2,2434,invoke_solver,309
NSGA,simplified-cocome__BRF_clone_1.23__moc_1.64__mcnn_1.80__moncnn_1.45__MaxEval_102__ProbPAs_0.95__sb_none_sbth_6000__Algo_pesa2,2434,lqn2uml,12051
NSGA,simplified-cocome__BRF_clone_1.23__moc_1.64__mcnn_1.80__moncnn_1.45__MaxEval_102__ProbPAs_0.95__sb_none_sbth_6000__Algo_pesa2,2434,counting_pas,2434,11600
simplified-cocome,simplified-cocome__BRF_clone_1.23__moc_1.64__mcnn_1.80__moncnn_1.45__MaxEval_102__ProbPAs_0.95__sb_none_sbth_6000__Algo_pesa2,2434,perfQ,12468
simplified-cocome,simplified-cocome__BRF_clone_1.23__moc_1.64__mcnn_1.80__moncnn_1.45__MaxEval_102__ProbPAs_0.95__sb_none_sbth_6000__Algo_pesa2,reliability,181
simplified-cocome,simplified-cocome__BRF_clone_1.23__moc_1.64__mcnn_1.80__moncnn_1.45__MaxEval_102__ProbPAs_0.95__sb_none_sbth_6000__Algo_pesa2,2436,uml2lqn,15166
NSGA,simplified-cocome__BRF_clone_1.23__moc_1.64__mcnn_1.80__moncnn_1.45__MaxEval_102__ProbPAs_0.95__sb_none_sbth_6000__Algo_pesa2,2436,invoke_solver,264
NSGA,simplified-cocome__BRF_clone_1.23__moc_1.64__mcnn_1.80__moncnn_1.45__MaxEval_102__ProbPAs_0.95__sb_none_sbth_6000__Algo_pesa2,2436,lqn2uml,12494
NSGA,simplified-cocome__BRF_clone_1.23__moc_1.64__mcnn_1.80__moncnn_1.45__MaxEval_102__ProbPAs_0.95__sb_none_sbth_6000__Algo_pesa2,2436,counting_pas,2436,12325
simplified-cocome,simplified-cocome__BRF_clone_1.23__moc_1.64__mcnn_1.80__moncnn_1.45__MaxEval_102__ProbPAs_0.95__sb_none_sbth_6000__Algo_pesa2,2436,perfQ,10007
simplified-cocome,simplified-cocome__BRF_clone_1.23__moc_1.64__mcnn_1.80__moncnn_1.45__MaxEval_102__ProbPAs_0.95__sb_none_sbth_6000__Algo_pesa2,reliability,219
simplified-cocome,simplified-cocome__BRF_clone_1.23__moc_1.64__mcnn_1.80__moncnn_1.45__MaxEval_102__ProbPAs_0.95__sb_none_sbth_6000__Algo_pesa2,2440,uml2lqn,12450
NSGA,simplified-cocome__BRF_clone_1.23__moc_1.64__mcnn_1.80__moncnn_1.45__MaxEval_102__ProbPAs_0.95__sb_none_sbth_6000__Algo_pesa2,2440,invoke_solver,297
NSGA,simplified-cocome__BRF_clone_1.23__moc_1.64__mcnn_1.80__moncnn_1.45__MaxEval_102__ProbPAs_0.95__sb_none_sbth_6000__Algo_pesa2,2440,lqn2uml,11196
NSGA,simplified-cocome__BRF_clone_1.23__moc_1.64__mcnn_1.80__moncnn_1.45__MaxEval_102__ProbPAs_0.95__sb_none_sbth_6000__Algo_pesa2,2440,counting_pas,2440,8493
simplified-cocome,simplified-cocome__BRF_clone_1.23__moc_1.64__mcnn_1.80__moncnn_1.45__MaxEval_102__ProbPAs_0.95__sb_none_sbth_6000__Algo_pesa2,2440,perfQ,10470
simplified-cocome,simplified-cocome__BRF_clone_1.23__moc_1.64__mcnn_1.80__moncnn_1.45__MaxEval_102__ProbPAs_0.95__sb_none_sbth_6000__Algo_pesa2,reliability,174
simplified-cocome,simplified-cocome__BRF_clone_1.23__moc_1.64__mcnn_1.80__moncnn_1.45__MaxEval_102__ProbPAs_0.95__sb_none_sbth_6000__Algo_pesa2,2444,uml2lqn,11016
NSGA,simplified-cocome__BRF_clone_1.23__moc_1.64__mcnn_1.80__moncnn_1.45__MaxEval_102__ProbPAs_0.95__sb_none_sbth_6000__Algo_pesa2,2444,invoke_solver,84
NSGA,simplified-cocome__BRF_clone_1.23__moc_1.64__mcnn_1.80__moncnn_1.45__MaxEval_102__ProbPAs_0.95__sb_none_sbth_6000__Algo_pesa2,2444,lqn2uml,13568
NSGA,simplified-cocome__BRF_clone_1.23__moc_1.64__mcnn_1.80__moncnn_1.45__MaxEval_102__ProbPAs_0.95__sb_none_sbth_6000__Algo_pesa2,2444,counting_pas,2444,7944
simplified-cocome,simplified-cocome__BRF_clone_1.23__moc_1.64__mcnn_1.80__moncnn_1.45__MaxEval_102__ProbPAs_0.95__sb_none_sbth_6000__Algo_pesa2,2444,perfQ,10754
simplified-cocome,simplified-cocome__BRF_clone_1.23__moc_1.64__mcnn_1.80__moncnn_1.45__MaxEval_102__ProbPAs_0.95__sb_none_sbth_6000__Algo_pesa2,reliability,127
simplified-cocome,simplified-cocome__BRF_clone_1.23__moc_1.64__mcnn_1.80__moncnn_1.45__MaxEval_102__ProbPAs_0.95__sb_none_sbth_6000__Algo_pesa2,2450,uml2lqn,13217
NSGA,simplified-cocome__BRF_clone_1.23__moc_1.64__mcnn_1.80__moncnn_1.45__MaxEval_102__ProbPAs_0.95__sb_none_sbth_6000__Algo_pesa2,2450,invoke_solver,316
NSGA,simplified-cocome__BRF_clone_1.23__moc_1.64__mcnn_1.80__moncnn_1.45__MaxEval_102__ProbPAs_0.95__sb_none_sbth_6000__Algo_pesa2,2450,lqn2uml,11838
NSGA,simplified-cocome__BRF_clone_1.23__moc_1.64__mcnn_1.80__moncnn_1.45__MaxEval_102__ProbPAs_0.95__sb_none_sbth_6000__Algo_pesa2,2450,counting_pas,2450,7686
simplified-cocome,simplified-cocome__BRF_clone_1.23__moc_1.64__mcnn_1.80__moncnn_1.45__MaxEval_102__ProbPAs_0.95__sb_none_sbth_6000__Algo_pesa2,2450,perfQ,11957
simplified-cocome,simplified-cocome__BRF_clone_1.23__moc_1.64__mcnn_1.80__moncnn_1.45__MaxEval_102__ProbPAs_0.95__sb_none_sbth_6000__Algo_pesa2,reliability,198
simplified-cocome,simplified-cocome__BRF_clone_1.23__moc_1.64__mcnn_1.80__moncnn_1.45__MaxEval_102__ProbPAs_0.95__sb_none_sbth_6000__Algo_pesa2,2452,uml2lqn,13371
NSGA,simplified-cocome__BRF_clone_1.23__moc_1.64__mcnn_1.80__moncnn_1.45__MaxEval_102__ProbPAs_0.95__sb_none_sbth_6000__Algo_pesa2,2452,invoke_solver,316
NSGA,simplified-cocome__BRF_clone_1.23__moc_1.64__mcnn_1.80__moncnn_1.45__MaxEval_102__ProbPAs_0.95__sb_none_sbth_6000__Algo_pesa2,2452,lqn2uml,12534
NSGA,simplified-cocome__BRF_clone_1.23__moc_1.64__mcnn_1.80__moncnn_1.45__MaxEval_102__ProbPAs_0.95__sb_none_sbth_6000__Algo_pesa2,2452,counting_pas,2452,8579
simplified-cocome,simplified-cocome__BRF_clone_1.23__moc_1.64__mcnn_1.80__moncnn_1.45__MaxEval_102__ProbPAs_0.95__sb_none_sbth_6000__Algo_pesa2,2452,perfQ,11809
simplified-cocome,simplified-cocome__BRF_clone_1.23__moc_1.64__mcnn_1.80__moncnn_1.45__MaxEval_102__ProbPAs_0.95__sb_none_sbth_6000__Algo_pesa2,reliability,211
simplified-cocome,simplified-cocome__BRF_clone_1.23__moc_1.64__mcnn_1.80__moncnn_1.45__MaxEval_102__ProbPAs_0.95__sb_none_sbth_6000__Algo_pesa2,2456,uml2lqn,13764
NSGA,simplified-cocome__BRF_clone_1.23__moc_1.64__mcnn_1.80__moncnn_1.45__MaxEval_102__ProbPAs_0.95__sb_none_sbth_6000__Algo_pesa2,2456,invoke_solver,108
NSGA,simplified-cocome__BRF_clone_1.23__moc_1.64__mcnn_1.80__moncnn_1.45__MaxEval_102__ProbPAs_0.95__sb_none_sbth_6000__Algo_pesa2,2456,lqn2uml,10846
NSGA,simplified-cocome__BRF_clone_1.23__moc_1.64__mcnn_1.80__moncnn_1.45__MaxEval_102__ProbPAs_0.95__sb_none_sbth_6000__Algo_pesa2,2456,counting_pas,2456,9535
simplified-cocome,simplified-cocome__BRF_clone_1.23__moc_1.64__mcnn_1.80__moncnn_1.45__MaxEval_102__ProbPAs_0.95__sb_none_sbth_6000__Algo_pesa2,2456,perfQ,12127
simplified-cocome,simplified-cocome__BRF_clone_1.23__moc_1.64__mcnn_1.80__moncnn_1.45__MaxEval_102__ProbPAs_0.95__sb_none_sbth_6000__Algo_pesa2,reliability,166
simplified-cocome,simplified-cocome__BRF_clone_1.23__moc_1.64__mcnn_1.80__moncnn_1.45__MaxEval_102__ProbPAs_0.95__sb_none_sbth_6000__Algo_pesa2,2460,uml2lqn,10552
NSGA,simplified-cocome__BRF_clone_1.23__moc_1.64__mcnn_1.80__moncnn_1.45__MaxEval_102__ProbPAs_0.95__sb_none_sbth_6000__Algo_pesa2,2460,invoke_solver,72
NSGA,simplified-cocome__BRF_clone_1.23__moc_1.64__mcnn_1.80__moncnn_1.45__MaxEval_102__ProbPAs_0.95__sb_none_sbth_6000__Algo_pesa2,2460,lqn2uml,9984
NSGA,simplified-cocome__BRF_clone_1.23__moc_1.64__mcnn_1.80__moncnn_1.45__MaxEval_102__ProbPAs_0.95__sb_none_sbth_6000__Algo_pesa2,2460,counting_pas,2460,8537
simplified-cocome,simplified-cocome__BRF_clone_1.23__moc_1.64__mcnn_1.80__moncnn_1.45__MaxEval_102__ProbPAs_0.95__sb_none_sbth_6000__Algo_pesa2,2460,perfQ,9375
simplified-cocome,simplified-cocome__BRF_clone_1.23__moc_1.64__mcnn_1.80__moncnn_1.45__MaxEval_102__ProbPAs_0.95__sb_none_sbth_6000__Algo_pesa2,reliability,154
simplified-cocome,simplified-cocome__BRF_clone_1.23__moc_1.64__mcnn_1.80__moncnn_1.45__MaxEval_102__ProbPAs_0.95__sb_none_sbth_6000__Algo_pesa2,2464,uml2lqn,9807
NSGA,simplified-cocome__BRF_clone_1.23__moc_1.64__mcnn_1.80__moncnn_1.45__MaxEval_102__ProbPAs_0.95__sb_none_sbth_6000__Algo_pesa2,2464,invoke_solver,63
NSGA,simplified-cocome__BRF_clone_1.23__moc_1.64__mcnn_1.80__moncnn_1.45__MaxEval_102__ProbPAs_0.95__sb_none_sbth_6000__Algo_pesa2,2464,lqn2uml,10532
NSGA,simplified-cocome__BRF_clone_1.23__moc_1.64__mcnn_1.80__moncnn_1.45__MaxEval_102__ProbPAs_0.95__sb_none_sbth_6000__Algo_pesa2,2464,counting_pas,2464,12247
simplified-cocome,simplified-cocome__BRF_clone_1.23__moc_1.64__mcnn_1.80__moncnn_1.45__MaxEval_102__ProbPAs_0.95__sb_none_sbth_6000__Algo_pesa2,2464,perfQ,8310
simplified-cocome,simplified-cocome__BRF_clone_1.23__moc_1.64__mcnn_1.80__moncnn_1.45__MaxEval_102__ProbPAs_0.95__sb_none_sbth_6000__Algo_pesa2,reliability,168
simplified-cocome,simplified-cocome__BRF_clone_1.23__moc_1.64__mcnn_1.80__moncnn_1.45__MaxEval_102__ProbPAs_0.95__sb_none_sbth_6000__Algo_pesa2,2468,uml2lqn,12559
NSGA,simplified-cocome__BRF_clone_1.23__moc_1.64__mcnn_1.80__moncnn_1.45__MaxEval_102__ProbPAs_0.95__sb_none_sbth_6000__Algo_pesa2,2468,invoke_solver,163
NSGA,simplified-cocome__BRF_clone_1.23__moc_1.64__mcnn_1.80__moncnn_1.45__MaxEval_102__ProbPAs_0.95__sb_none_sbth_6000__Algo_pesa2,2468,lqn2uml,10003
NSGA,simplified-cocome__BRF_clone_1.23__moc_1.64__mcnn_1.80__moncnn_1.45__MaxEval_102__ProbPAs_0.95__sb_none_sbth_6000__Algo_pesa2,2468,counting_pas,2468,12008
simplified-cocome,simplified-cocome__BRF_clone_1.23__moc_1.64__mcnn_1.80__moncnn_1.45__MaxEval_102__ProbPAs_0.95__sb_none_sbth_6000__Algo_pesa2,2468,perfQ,9665
simplified-cocome,simplified-cocome__BRF_clone_1.23__moc_1.64__mcnn_1.80__moncnn_1.45__MaxEval_102__ProbPAs_0.95__sb_none_sbth_6000__Algo_pesa2,reliability,196
simplified-cocome,simplified-cocome__BRF_clone_1.23__moc_1.64__mcnn_1.80__moncnn_1.45__MaxEval_102__ProbPAs_0.95__sb_none_sbth_6000__Algo_pesa2,2472,uml2lqn,12717
NSGA,simplified-cocome__BRF_clone_1.23__moc_1.64__mcnn_1.80__moncnn_1.45__MaxEval_102__ProbPAs_0.95__sb_none_sbth_6000__Algo_pesa2,2472,invoke_solver,110
NSGA,simplified-cocome__BRF_clone_1.23__moc_1.64__mcnn_1.80__moncnn_1.45__MaxEval_102__ProbPAs_0.95__sb_none_sbth_6000__Algo_pesa2,2472,lqn2uml,11002
NSGA,simplified-cocome__BRF_clone_1.23__moc_1.64__mcnn_1.80__moncnn_1.45__MaxEval_102__ProbPAs_0.95__sb_none_sbth_6000__Algo_pesa2,2472,counting_pas,2472,7717
simplified-cocome,simplified-cocome__BRF_clone_1.23__moc_1.64__mcnn_1.80__moncnn_1.45__MaxEval_102__ProbPAs_0.95__sb_none_sbth_6000__Algo_pesa2,2472,perfQ,11344
simplified-cocome,simplified-cocome__BRF_clone_1.23__moc_1.64__mcnn_1.80__moncnn_1.45__MaxEval_102__ProbPAs_0.95__sb_none_sbth_6000__Algo_pesa2,reliability,164
simplified-cocome,simplified-cocome__BRF_clone_1.23__moc_1.64__mcnn_1.80__moncnn_1.45__MaxEval_102__ProbPAs_0.95__sb_none_sbth_6000__Algo_pesa2,2476,uml2lqn,11294
NSGA,simplified-cocome__BRF_clone_1.23__moc_1.64__mcnn_1.80__moncnn_1.45__MaxEval_102__ProbPAs_0.95__sb_none_sbth_6000__Algo_pesa2,2476,invoke_solver,278
NSGA,simplified-cocome__BRF_clone_1.23__moc_1.64__mcnn_1.80__moncnn_1.45__MaxEval_102__ProbPAs_0.95__sb_none_sbth_6000__Algo_pesa2,2476,lqn2uml,11194
NSGA,simplified-cocome__BRF_clone_1.23__moc_1.64__mcnn_1.80__moncnn_1.45__MaxEval_102__ProbPAs_0.95__sb_none_sbth_6000__Algo_pesa2,2476,counting_pas,2476,17131
simplified-cocome,simplified-cocome__BRF_clone_1.23__moc_1.64__mcnn_1.80__moncnn_1.45__MaxEval_102__ProbPAs_0.95__sb_none_sbth_6000__Algo_pesa2,2476,perfQ,10557
simplified-cocome,simplified-cocome__BRF_clone_1.23__moc_1.64__mcnn_1.80__moncnn_1.45__MaxEval_102__ProbPAs_0.95__sb_none_sbth_6000__Algo_pesa2,reliability,187
simplified-cocome,simplified-cocome__BRF_clone_1.23__moc_1.64__mcnn_1.80__moncnn_1.45__MaxEval_102__ProbPAs_0.95__sb_none_sbth_6000__Algo_pesa2,2480,uml2lqn,12081
NSGA,simplified-cocome__BRF_clone_1.23__moc_1.64__mcnn_1.80__moncnn_1.45__MaxEval_102__ProbPAs_0.95__sb_none_sbth_6000__Algo_pesa2,2480,invoke_solver,84
NSGA,simplified-cocome__BRF_clone_1.23__moc_1.64__mcnn_1.80__moncnn_1.45__MaxEval_102__ProbPAs_0.95__sb_none_sbth_6000__Algo_pesa2,2480,lqn2uml,10945
NSGA,simplified-cocome__BRF_clone_1.23__moc_1.64__mcnn_1.80__moncnn_1.45__MaxEval_102__ProbPAs_0.95__sb_none_sbth_6000__Algo_pesa2,2480,counting_pas,2480,7642
simplified-cocome,simplified-cocome__BRF_clone_1.23__moc_1.64__mcnn_1.80__moncnn_1.45__MaxEval_102__ProbPAs_0.95__sb_none_sbth_6000__Algo_pesa2,2480,perfQ,8997
simplified-cocome,simplified-cocome__BRF_clone_1.23__moc_1.64__mcnn_1.80__moncnn_1.45__MaxEval_102__ProbPAs_0.95__sb_none_sbth_6000__Algo_pesa2,reliability,148
simplified-cocome,simplified-cocome__BRF_clone_1.23__moc_1.64__mcnn_1.80__moncnn_1.45__MaxEval_102__ProbPAs_0.95__sb_none_sbth_6000__Algo_pesa2,2482,uml2lqn,9096
NSGA,simplified-cocome__BRF_clone_1.23__moc_1.64__mcnn_1.80__moncnn_1.45__MaxEval_102__ProbPAs_0.95__sb_none_sbth_6000__Algo_pesa2,2482,invoke_solver,253
NSGA,simplified-cocome__BRF_clone_1.23__moc_1.64__mcnn_1.80__moncnn_1.45__MaxEval_102__ProbPAs_0.95__sb_none_sbth_6000__Algo_pesa2,2482,lqn2uml,9870
NSGA,simplified-cocome__BRF_clone_1.23__moc_1.64__mcnn_1.80__moncnn_1.45__MaxEval_102__ProbPAs_0.95__sb_none_sbth_6000__Algo_pesa2,2482,counting_pas,2482,13184
simplified-cocome,simplified-cocome__BRF_clone_1.23__moc_1.64__mcnn_1.80__moncnn_1.45__MaxEval_102__ProbPAs_0.95__sb_none_sbth_6000__Algo_pesa2,2482,perfQ,9030
simplified-cocome,simplified-cocome__BRF_clone_1.23__moc_1.64__mcnn_1.80__moncnn_1.45__MaxEval_102__ProbPAs_0.95__sb_none_sbth_6000__Algo_pesa2,reliability,156
simplified-cocome,simplified-cocome__BRF_clone_1.23__moc_1.64__mcnn_1.80__moncnn_1.45__MaxEval_102__ProbPAs_0.95__sb_none_sbth_6000__Algo_pesa2,2484,uml2lqn,12728
NSGA,simplified-cocome__BRF_clone_1.23__moc_1.64__mcnn_1.80__moncnn_1.45__MaxEval_102__ProbPAs_0.95__sb_none_sbth_6000__Algo_pesa2,2484,invoke_solver,83
NSGA,simplified-cocome__BRF_clone_1.23__moc_1.64__mcnn_1.80__moncnn_1.45__MaxEval_102__ProbPAs_0.95__sb_none_sbth_6000__Algo_pesa2,2484,lqn2uml,8287
NSGA,simplified-cocome__BRF_clone_1.23__moc_1.64__mcnn_1.80__moncnn_1.45__MaxEval_102__ProbPAs_0.95__sb_none_sbth_6000__Algo_pesa2,2484,counting_pas,2484,12542
simplified-cocome,simplified-cocome__BRF_clone_1.23__moc_1.64__mcnn_1.80__moncnn_1.45__MaxEval_102__ProbPAs_0.95__sb_none_sbth_6000__Algo_pesa2,2484,perfQ,10320
simplified-cocome,simplified-cocome__BRF_clone_1.23__moc_1.64__mcnn_1.80__moncnn_1.45__MaxEval_102__ProbPAs_0.95__sb_none_sbth_6000__Algo_pesa2,reliability,211
simplified-cocome,simplified-cocome__BRF_clone_1.23__moc_1.64__mcnn_1.80__moncnn_1.45__MaxEval_102__ProbPAs_0.95__sb_none_sbth_6000__Algo_pesa2,2490,uml2lqn,10902
NSGA,simplified-cocome__BRF_clone_1.23__moc_1.64__mcnn_1.80__moncnn_1.45__MaxEval_102__ProbPAs_0.95__sb_none_sbth_6000__Algo_pesa2,2490,invoke_solver,377
NSGA,simplified-cocome__BRF_clone_1.23__moc_1.64__mcnn_1.80__moncnn_1.45__MaxEval_102__ProbPAs_0.95__sb_none_sbth_6000__Algo_pesa2,2490,lqn2uml,7461
NSGA,simplified-cocome__BRF_clone_1.23__moc_1.64__mcnn_1.80__moncnn_1.45__MaxEval_102__ProbPAs_0.95__sb_none_sbth_6000__Algo_pesa2,2490,counting_pas,2490,13330
simplified-cocome,simplified-cocome__BRF_clone_1.23__moc_1.64__mcnn_1.80__moncnn_1.45__MaxEval_102__ProbPAs_0.95__sb_none_sbth_6000__Algo_pesa2,2490,perfQ,9872
simplified-cocome,simplified-cocome__BRF_clone_1.23__moc_1.64__mcnn_1.80__moncnn_1.45__MaxEval_102__ProbPAs_0.95__sb_none_sbth_6000__Algo_pesa2,reliability,136
simplified-cocome,simplified-cocome__BRF_clone_1.23__moc_1.64__mcnn_1.80__moncnn_1.45__MaxEval_102__ProbPAs_0.95__sb_none_sbth_6000__Algo_pesa2,2492,uml2lqn,10438
NSGA,simplified-cocome__BRF_clone_1.23__moc_1.64__mcnn_1.80__moncnn_1.45__MaxEval_102__ProbPAs_0.95__sb_none_sbth_6000__Algo_pesa2,2492,invoke_solver,186
NSGA,simplified-cocome__BRF_clone_1.23__moc_1.64__mcnn_1.80__moncnn_1.45__MaxEval_102__ProbPAs_0.95__sb_none_sbth_6000__Algo_pesa2,2492,lqn2uml,8624
NSGA,simplified-cocome__BRF_clone_1.23__moc_1.64__mcnn_1.80__moncnn_1.45__MaxEval_102__ProbPAs_0.95__sb_none_sbth_6000__Algo_pesa2,2492,counting_pas,2492,10912
simplified-cocome,simplified-cocome__BRF_clone_1.23__moc_1.64__mcnn_1.80__moncnn_1.45__MaxEval_102__ProbPAs_0.95__sb_none_sbth_6000__Algo_pesa2,2492,perfQ,8981
simplified-cocome,simplified-cocome__BRF_clone_1.23__moc_1.64__mcnn_1.80__moncnn_1.45__MaxEval_102__ProbPAs_0.95__sb_none_sbth_6000__Algo_pesa2,reliability,196
simplified-cocome,simplified-cocome__BRF_clone_1.23__moc_1.64__mcnn_1.80__moncnn_1.45__MaxEval_102__ProbPAs_0.95__sb_none_sbth_6000__Algo_pesa2,2496,uml2lqn,9705
NSGA,simplified-cocome__BRF_clone_1.23__moc_1.64__mcnn_1.80__moncnn_1.45__MaxEval_102__ProbPAs_0.95__sb_none_sbth_6000__Algo_pesa2,2496,invoke_solver,68
NSGA,simplified-cocome__BRF_clone_1.23__moc_1.64__mcnn_1.80__moncnn_1.45__MaxEval_102__ProbPAs_0.95__sb_none_sbth_6000__Algo_pesa2,2496,lqn2uml,7655
NSGA,simplified-cocome__BRF_clone_1.23__moc_1.64__mcnn_1.80__moncnn_1.45__MaxEval_102__ProbPAs_0.95__sb_none_sbth_6000__Algo_pesa2,2496,counting_pas,2496,10203
simplified-cocome,simplified-cocome__BRF_clone_1.23__moc_1.64__mcnn_1.80__moncnn_1.45__MaxEval_102__ProbPAs_0.95__sb_none_sbth_6000__Algo_pesa2,2496,perfQ,10038
simplified-cocome,simplified-cocome__BRF_clone_1.23__moc_1.64__mcnn_1.80__moncnn_1.45__MaxEval_102__ProbPAs_0.95__sb_none_sbth_6000__Algo_pesa2,reliability,191
simplified-cocome,simplified-cocome__BRF_clone_1.23__moc_1.64__mcnn_1.80__moncnn_1.45__MaxEval_102__ProbPAs_0.95__sb_none_sbth_6000__Algo_pesa2,2502,uml2lqn,9886
NSGA,simplified-cocome__BRF_clone_1.23__moc_1.64__mcnn_1.80__moncnn_1.45__MaxEval_102__ProbPAs_0.95__sb_none_sbth_6000__Algo_pesa2,2502,invoke_solver,98
NSGA,simplified-cocome__BRF_clone_1.23__moc_1.64__mcnn_1.80__moncnn_1.45__MaxEval_102__ProbPAs_0.95__sb_none_sbth_6000__Algo_pesa2,2502,lqn2uml,9862
NSGA,simplified-cocome__BRF_clone_1.23__moc_1.64__mcnn_1.80__moncnn_1.45__MaxEval_102__ProbPAs_0.95__sb_none_sbth_6000__Algo_pesa2,2502,counting_pas,2502,8545
simplified-cocome,simplified-cocome__BRF_clone_1.23__moc_1.64__mcnn_1.80__moncnn_1.45__MaxEval_102__ProbPAs_0.95__sb_none_sbth_6000__Algo_pesa2,2502,perfQ,7830
simplified-cocome,simplified-cocome__BRF_clone_1.23__moc_1.64__mcnn_1.80__moncnn_1.45__MaxEval_102__ProbPAs_0.95__sb_none_sbth_6000__Algo_pesa2,reliability,183
simplified-cocome,simplified-cocome__BRF_clone_1.23__moc_1.64__mcnn_1.80__moncnn_1.45__MaxEval_102__ProbPAs_0.95__sb_none_sbth_6000__Algo_pesa2,2504,uml2lqn,11737
NSGA,simplified-cocome__BRF_clone_1.23__moc_1.64__mcnn_1.80__moncnn_1.45__MaxEval_102__ProbPAs_0.95__sb_none_sbth_6000__Algo_pesa2,2504,invoke_solver,238
NSGA,simplified-cocome__BRF_clone_1.23__moc_1.64__mcnn_1.80__moncnn_1.45__MaxEval_102__ProbPAs_0.95__sb_none_sbth_6000__Algo_pesa2,2504,lqn2uml,8430
NSGA,simplified-cocome__BRF_clone_1.23__moc_1.64__mcnn_1.80__moncnn_1.45__MaxEval_102__ProbPAs_0.95__sb_none_sbth_6000__Algo_pesa2,2504,counting_pas,2504,8578
simplified-cocome,simplified-cocome__BRF_clone_1.23__moc_1.64__mcnn_1.80__moncnn_1.45__MaxEval_102__ProbPAs_0.95__sb_none_sbth_6000__Algo_pesa2,2504,perfQ,8482
simplified-cocome,simplified-cocome__BRF_clone_1.23__moc_1.64__mcnn_1.80__moncnn_1.45__MaxEval_102__ProbPAs_0.95__sb_none_sbth_6000__Algo_pesa2,reliability,173
simplified-cocome,simplified-cocome__BRF_clone_1.23__moc_1.64__mcnn_1.80__moncnn_1.45__MaxEval_102__ProbPAs_0.95__sb_none_sbth_6000__Algo_pesa2,2508,uml2lqn,7051
NSGA,simplified-cocome__BRF_clone_1.23__moc_1.64__mcnn_1.80__moncnn_1.45__MaxEval_102__ProbPAs_0.95__sb_none_sbth_6000__Algo_pesa2,2508,invoke_solver,227
NSGA,simplified-cocome__BRF_clone_1.23__moc_1.64__mcnn_1.80__moncnn_1.45__MaxEval_102__ProbPAs_0.95__sb_none_sbth_6000__Algo_pesa2,2508,lqn2uml,7194
NSGA,simplified-cocome__BRF_clone_1.23__moc_1.64__mcnn_1.80__moncnn_1.45__MaxEval_102__ProbPAs_0.95__sb_none_sbth_6000__Algo_pesa2,2508,counting_pas,2508,8125
simplified-cocome,simplified-cocome__BRF_clone_1.23__moc_1.64__mcnn_1.80__moncnn_1.45__MaxEval_102__ProbPAs_0.95__sb_none_sbth_6000__Algo_pesa2,2508,perfQ,9233
simplified-cocome,simplified-cocome__BRF_clone_1.23__moc_1.64__mcnn_1.80__moncnn_1.45__MaxEval_102__ProbPAs_0.95__sb_none_sbth_6000__Algo_pesa2,reliability,167
simplified-cocome,simplified-cocome__BRF_clone_1.23__moc_1.64__mcnn_1.80__moncnn_1.45__MaxEval_102__ProbPAs_0.95__sb_none_sbth_6000__Algo_pesa2,2512,uml2lqn,8957
NSGA,simplified-cocome__BRF_clone_1.23__moc_1.64__mcnn_1.80__moncnn_1.45__MaxEval_102__ProbPAs_0.95__sb_none_sbth_6000__Algo_pesa2,2512,invoke_solver,282
NSGA,simplified-cocome__BRF_clone_1.23__moc_1.64__mcnn_1.80__moncnn_1.45__MaxEval_102__ProbPAs_0.95__sb_none_sbth_6000__Algo_pesa2,2512,lqn2uml,3748
NSGA,simplified-cocome__BRF_clone_1.23__moc_1.64__mcnn_1.80__moncnn_1.45__MaxEval_102__ProbPAs_0.95__sb_none_sbth_6000__Algo_pesa2,2512,counting_pas,2512,11833
simplified-cocome,simplified-cocome__BRF_clone_1.23__moc_1.64__mcnn_1.80__moncnn_1.45__MaxEval_102__ProbPAs_0.95__sb_none_sbth_6000__Algo_pesa2,2512,perfQ,7643
simplified-cocome,simplified-cocome__BRF_clone_1.23__moc_1.64__mcnn_1.80__moncnn_1.45__MaxEval_102__ProbPAs_0.95__sb_none_sbth_6000__Algo_pesa2,reliability,131
simplified-cocome,simplified-cocome__BRF_clone_1.23__moc_1.64__mcnn_1.80__moncnn_1.45__MaxEval_102__ProbPAs_0.95__sb_none_sbth_6000__Algo_pesa2,2518,uml2lqn,10975
NSGA,simplified-cocome__BRF_clone_1.23__moc_1.64__mcnn_1.80__moncnn_1.45__MaxEval_102__ProbPAs_0.95__sb_none_sbth_6000__Algo_pesa2,2518,invoke_solver,81
NSGA,simplified-cocome__BRF_clone_1.23__moc_1.64__mcnn_1.80__moncnn_1.45__MaxEval_102__ProbPAs_0.95__sb_none_sbth_6000__Algo_pesa2,2518,lqn2uml,10210
NSGA,simplified-cocome__BRF_clone_1.23__moc_1.64__mcnn_1.80__moncnn_1.45__MaxEval_102__ProbPAs_0.95__sb_none_sbth_6000__Algo_pesa2,2518,counting_pas,2518,11505
simplified-cocome,simplified-cocome__BRF_clone_1.23__moc_1.64__mcnn_1.80__moncnn_1.45__MaxEval_102__ProbPAs_0.95__sb_none_sbth_6000__Algo_pesa2,2518,perfQ,6765
simplified-cocome,simplified-cocome__BRF_clone_1.23__moc_1.64__mcnn_1.80__moncnn_1.45__MaxEval_102__ProbPAs_0.95__sb_none_sbth_6000__Algo_pesa2,reliability,142
simplified-cocome,simplified-cocome__BRF_clone_1.23__moc_1.64__mcnn_1.80__moncnn_1.45__MaxEval_102__ProbPAs_0.95__sb_none_sbth_6000__Algo_pesa2,2520,uml2lqn,9906
NSGA,simplified-cocome__BRF_clone_1.23__moc_1.64__mcnn_1.80__moncnn_1.45__MaxEval_102__ProbPAs_0.95__sb_none_sbth_6000__Algo_pesa2,2520,invoke_solver,127
NSGA,simplified-cocome__BRF_clone_1.23__moc_1.64__mcnn_1.80__moncnn_1.45__MaxEval_102__ProbPAs_0.95__sb_none_sbth_6000__Algo_pesa2,2520,lqn2uml,6762
NSGA,simplified-cocome__BRF_clone_1.23__moc_1.64__mcnn_1.80__moncnn_1.45__MaxEval_102__ProbPAs_0.95__sb_none_sbth_6000__Algo_pesa2,2520,counting_pas,2520,8234
simplified-cocome,simplified-cocome__BRF_clone_1.23__moc_1.64__mcnn_1.80__moncnn_1.45__MaxEval_102__ProbPAs_0.95__sb_none_sbth_6000__Algo_pesa2,2520,perfQ,6725
simplified-cocome,simplified-cocome__BRF_clone_1.23__moc_1.64__mcnn_1.80__moncnn_1.45__MaxEval_102__ProbPAs_0.95__sb_none_sbth_6000__Algo_pesa2,reliability,150
simplified-cocome,simplified-cocome__BRF_clone_1.23__moc_1.64__mcnn_1.80__moncnn_1.45__MaxEval_102__ProbPAs_0.95__sb_none_sbth_6000__Algo_pesa2,2522,uml2lqn,8743
NSGA,simplified-cocome__BRF_clone_1.23__moc_1.64__mcnn_1.80__moncnn_1.45__MaxEval_102__ProbPAs_0.95__sb_none_sbth_6000__Algo_pesa2,2522,invoke_solver,266
NSGA,simplified-cocome__BRF_clone_1.23__moc_1.64__mcnn_1.80__moncnn_1.45__MaxEval_102__ProbPAs_0.95__sb_none_sbth_6000__Algo_pesa2,2522,lqn2uml,7660
NSGA,simplified-cocome__BRF_clone_1.23__moc_1.64__mcnn_1.80__moncnn_1.45__MaxEval_102__ProbPAs_0.95__sb_none_sbth_6000__Algo_pesa2,2522,counting_pas,2522,10999
simplified-cocome,simplified-cocome__BRF_clone_1.23__moc_1.64__mcnn_1.80__moncnn_1.45__MaxEval_102__ProbPAs_0.95__sb_none_sbth_6000__Algo_pesa2,2522,perfQ,3548
simplified-cocome,simplified-cocome__BRF_clone_1.23__moc_1.64__mcnn_1.80__moncnn_1.45__MaxEval_102__ProbPAs_0.95__sb_none_sbth_6000__Algo_pesa2,reliability,189
simplified-cocome,simplified-cocome__BRF_clone_1.23__moc_1.64__mcnn_1.80__moncnn_1.45__MaxEval_102__ProbPAs_0.95__sb_none_sbth_6000__Algo_pesa2,2526,uml2lqn,7568
NSGA,simplified-cocome__BRF_clone_1.23__moc_1.64__mcnn_1.80__moncnn_1.45__MaxEval_102__ProbPAs_0.95__sb_none_sbth_6000__Algo_pesa2,2526,invoke_solver,223
NSGA,simplified-cocome__BRF_clone_1.23__moc_1.64__mcnn_1.80__moncnn_1.45__MaxEval_102__ProbPAs_0.95__sb_none_sbth_6000__Algo_pesa2,2526,lqn2uml,7145
NSGA,simplified-cocome__BRF_clone_1.23__moc_1.64__mcnn_1.80__moncnn_1.45__MaxEval_102__ProbPAs_0.95__sb_none_sbth_6000__Algo_pesa2,2526,counting_pas,2526,7945
simplified-cocome,simplified-cocome__BRF_clone_1.23__moc_1.64__mcnn_1.80__moncnn_1.45__MaxEval_102__ProbPAs_0.95__sb_none_sbth_6000__Algo_pesa2,2526,perfQ,6468
simplified-cocome,simplified-cocome__BRF_clone_1.23__moc_1.64__mcnn_1.80__moncnn_1.45__MaxEval_102__ProbPAs_0.95__sb_none_sbth_6000__Algo_pesa2,reliability,162
simplified-cocome,simplified-cocome__BRF_clone_1.23__moc_1.64__mcnn_1.80__moncnn_1.45__MaxEval_102__ProbPAs_0.95__sb_none_sbth_6000__Algo_pesa2,2532,uml2lqn,10069
NSGA,simplified-cocome__BRF_clone_1.23__moc_1.64__mcnn_1.80__moncnn_1.45__MaxEval_102__ProbPAs_0.95__sb_none_sbth_6000__Algo_pesa2,2532,invoke_solver,217
NSGA,simplified-cocome__BRF_clone_1.23__moc_1.64__mcnn_1.80__moncnn_1.45__MaxEval_102__ProbPAs_0.95__sb_none_sbth_6000__Algo_pesa2,2532,lqn2uml,8749
NSGA,simplified-cocome__BRF_clone_1.23__moc_1.64__mcnn_1.80__moncnn_1.45__MaxEval_102__ProbPAs_0.95__sb_none_sbth_6000__Algo_pesa2,2532,counting_pas,2532,8832
simplified-cocome,simplified-cocome__BRF_clone_1.23__moc_1.64__mcnn_1.80__moncnn_1.45__MaxEval_102__ProbPAs_0.95__sb_none_sbth_6000__Algo_pesa2,2532,perfQ,6747
simplified-cocome,simplified-cocome__BRF_clone_1.23__moc_1.64__mcnn_1.80__moncnn_1.45__MaxEval_102__ProbPAs_0.95__sb_none_sbth_6000__Algo_pesa2,reliability,169
simplified-cocome,simplified-cocome__BRF_clone_1.23__moc_1.64__mcnn_1.80__moncnn_1.45__MaxEval_102__ProbPAs_0.95__sb_none_sbth_6000__Algo_pesa2,2534,uml2lqn,8651
NSGA,simplified-cocome__BRF_clone_1.23__moc_1.64__mcnn_1.80__moncnn_1.45__MaxEval_102__ProbPAs_0.95__sb_none_sbth_6000__Algo_pesa2,2534,invoke_solver,208
NSGA,simplified-cocome__BRF_clone_1.23__moc_1.64__mcnn_1.80__moncnn_1.45__MaxEval_102__ProbPAs_0.95__sb_none_sbth_6000__Algo_pesa2,2534,lqn2uml,5117
NSGA,simplified-cocome__BRF_clone_1.23__moc_1.64__mcnn_1.80__moncnn_1.45__MaxEval_102__ProbPAs_0.95__sb_none_sbth_6000__Algo_pesa2,2534,counting_pas,2534,8776
simplified-cocome,simplified-cocome__BRF_clone_1.23__moc_1.64__mcnn_1.80__moncnn_1.45__MaxEval_102__ProbPAs_0.95__sb_none_sbth_6000__Algo_pesa2,2534,perfQ,6843
simplified-cocome,simplified-cocome__BRF_clone_1.23__moc_1.64__mcnn_1.80__moncnn_1.45__MaxEval_102__ProbPAs_0.95__sb_none_sbth_6000__Algo_pesa2,reliability,141
simplified-cocome,simplified-cocome__BRF_clone_1.23__moc_1.64__mcnn_1.80__moncnn_1.45__MaxEval_102__ProbPAs_0.95__sb_none_sbth_6000__Algo_pesa2,2538,uml2lqn,6655
NSGA,simplified-cocome__BRF_clone_1.23__moc_1.64__mcnn_1.80__moncnn_1.45__MaxEval_102__ProbPAs_0.95__sb_none_sbth_6000__Algo_pesa2,2538,invoke_solver,68
NSGA,simplified-cocome__BRF_clone_1.23__moc_1.64__mcnn_1.80__moncnn_1.45__MaxEval_102__ProbPAs_0.95__sb_none_sbth_6000__Algo_pesa2,2538,lqn2uml,5715
NSGA,simplified-cocome__BRF_clone_1.23__moc_1.64__mcnn_1.80__moncnn_1.45__MaxEval_102__ProbPAs_0.95__sb_none_sbth_6000__Algo_pesa2,2538,counting_pas,2538,8540
simplified-cocome,simplified-cocome__BRF_clone_1.23__moc_1.64__mcnn_1.80__moncnn_1.45__MaxEval_102__ProbPAs_0.95__sb_none_sbth_6000__Algo_pesa2,2538,perfQ,8435
simplified-cocome,simplified-cocome__BRF_clone_1.23__moc_1.64__mcnn_1.80__moncnn_1.45__MaxEval_102__ProbPAs_0.95__sb_none_sbth_6000__Algo_pesa2,reliability,176
simplified-cocome,simplified-cocome__BRF_clone_1.23__moc_1.64__mcnn_1.80__moncnn_1.45__MaxEval_102__ProbPAs_0.95__sb_none_sbth_6000__Algo_pesa2,2542,uml2lqn,7572
NSGA,simplified-cocome__BRF_clone_1.23__moc_1.64__mcnn_1.80__moncnn_1.45__MaxEval_102__ProbPAs_0.95__sb_none_sbth_6000__Algo_pesa2,2542,invoke_solver,251
NSGA,simplified-cocome__BRF_clone_1.23__moc_1.64__mcnn_1.80__moncnn_1.45__MaxEval_102__ProbPAs_0.95__sb_none_sbth_6000__Algo_pesa2,2542,lqn2uml,6387
NSGA,simplified-cocome__BRF_clone_1.23__moc_1.64__mcnn_1.80__moncnn_1.45__MaxEval_102__ProbPAs_0.95__sb_none_sbth_6000__Algo_pesa2,2542,counting_pas,2542,8211
simplified-cocome,simplified-cocome__BRF_clone_1.23__moc_1.64__mcnn_1.80__moncnn_1.45__MaxEval_102__ProbPAs_0.95__sb_none_sbth_6000__Algo_pesa2,2542,perfQ,5492
simplified-cocome,simplified-cocome__BRF_clone_1.23__moc_1.64__mcnn_1.80__moncnn_1.45__MaxEval_102__ProbPAs_0.95__sb_none_sbth_6000__Algo_pesa2,reliability,205
simplified-cocome,simplified-cocome__BRF_clone_1.23__moc_1.64__mcnn_1.80__moncnn_1.45__MaxEval_102__ProbPAs_0.95__sb_none_sbth_6000__Algo_pesa2,2546,uml2lqn,6812
NSGA,simplified-cocome__BRF_clone_1.23__moc_1.64__mcnn_1.80__moncnn_1.45__MaxEval_102__ProbPAs_0.95__sb_none_sbth_6000__Algo_pesa2,2546,invoke_solver,255
NSGA,simplified-cocome__BRF_clone_1.23__moc_1.64__mcnn_1.80__moncnn_1.45__MaxEval_102__ProbPAs_0.95__sb_none_sbth_6000__Algo_pesa2,2546,lqn2uml,4452
NSGA,simplified-cocome__BRF_clone_1.23__moc_1.64__mcnn_1.80__moncnn_1.45__MaxEval_102__ProbPAs_0.95__sb_none_sbth_6000__Algo_pesa2,2546,counting_pas,2546,10757
simplified-cocome,simplified-cocome__BRF_clone_1.23__moc_1.64__mcnn_1.80__moncnn_1.45__MaxEval_102__ProbPAs_0.95__sb_none_sbth_6000__Algo_pesa2,2546,perfQ,3195
simplified-cocome,simplified-cocome__BRF_clone_1.23__moc_1.64__mcnn_1.80__moncnn_1.45__MaxEval_102__ProbPAs_0.95__sb_none_sbth_6000__Algo_pesa2,reliability,133
simplified-cocome,simplified-cocome__BRF_clone_1.23__moc_1.64__mcnn_1.80__moncnn_1.45__MaxEval_102__ProbPAs_0.95__sb_none_sbth_6000__Algo_pesa2,2548,uml2lqn,7149
NSGA,simplified-cocome__BRF_clone_1.23__moc_1.64__mcnn_1.80__moncnn_1.45__MaxEval_102__ProbPAs_0.95__sb_none_sbth_6000__Algo_pesa2,2548,invoke_solver,216
NSGA,simplified-cocome__BRF_clone_1.23__moc_1.64__mcnn_1.80__moncnn_1.45__MaxEval_102__ProbPAs_0.95__sb_none_sbth_6000__Algo_pesa2,2548,lqn2uml,5289
NSGA,simplified-cocome__BRF_clone_1.23__moc_1.64__mcnn_1.80__moncnn_1.45__MaxEval_102__ProbPAs_0.95__sb_none_sbth_6000__Algo_pesa2,2548,counting_pas,2548,9625
simplified-cocome,simplified-cocome__BRF_clone_1.23__moc_1.64__mcnn_1.80__moncnn_1.45__MaxEval_102__ProbPAs_0.95__sb_none_sbth_6000__Algo_pesa2,2548,perfQ,5544
simplified-cocome,simplified-cocome__BRF_clone_1.23__moc_1.64__mcnn_1.80__moncnn_1.45__MaxEval_102__ProbPAs_0.95__sb_none_sbth_6000__Algo_pesa2,reliability,155
simplified-cocome,simplified-cocome__BRF_clone_1.23__moc_1.64__mcnn_1.80__moncnn_1.45__MaxEval_102__ProbPAs_0.95__sb_none_sbth_6000__Algo_pesa2,2550,uml2lqn,6076
NSGA,simplified-cocome__BRF_clone_1.23__moc_1.64__mcnn_1.80__moncnn_1.45__MaxEval_102__ProbPAs_0.95__sb_none_sbth_6000__Algo_pesa2,2550,invoke_solver,44
NSGA,simplified-cocome__BRF_clone_1.23__moc_1.64__mcnn_1.80__moncnn_1.45__MaxEval_102__ProbPAs_0.95__sb_none_sbth_6000__Algo_pesa2,2550,lqn2uml,5542
NSGA,simplified-cocome__BRF_clone_1.23__moc_1.64__mcnn_1.80__moncnn_1.45__MaxEval_102__ProbPAs_0.95__sb_none_sbth_6000__Algo_pesa2,2550,counting_pas,2550,10084
simplified-cocome,simplified-cocome__BRF_clone_1.23__moc_1.64__mcnn_1.80__moncnn_1.45__MaxEval_102__ProbPAs_0.95__sb_none_sbth_6000__Algo_pesa2,2550,perfQ,6043
simplified-cocome,simplified-cocome__BRF_clone_1.23__moc_1.64__mcnn_1.80__moncnn_1.45__MaxEval_102__ProbPAs_0.95__sb_none_sbth_6000__Algo_pesa2,reliability,190
simplified-cocome,simplified-cocome__BRF_clone_1.23__moc_1.64__mcnn_1.80__moncnn_1.45__MaxEval_102__ProbPAs_0.95__sb_none_sbth_6000__Algo_pesa2,2554,uml2lqn,6928
NSGA,simplified-cocome__BRF_clone_1.23__moc_1.64__mcnn_1.80__moncnn_1.45__MaxEval_102__ProbPAs_0.95__sb_none_sbth_6000__Algo_pesa2,2554,invoke_solver,80
NSGA,simplified-cocome__BRF_clone_1.23__moc_1.64__mcnn_1.80__moncnn_1.45__MaxEval_102__ProbPAs_0.95__sb_none_sbth_6000__Algo_pesa2,2554,lqn2uml,4768
NSGA,simplified-cocome__BRF_clone_1.23__moc_1.64__mcnn_1.80__moncnn_1.45__MaxEval_102__ProbPAs_0.95__sb_none_sbth_6000__Algo_pesa2,2554,counting_pas,2554,8147
simplified-cocome,simplified-cocome__BRF_clone_1.23__moc_1.64__mcnn_1.80__moncnn_1.45__MaxEval_102__ProbPAs_0.95__sb_none_sbth_6000__Algo_pesa2,2554,perfQ,6359
simplified-cocome,simplified-cocome__BRF_clone_1.23__moc_1.64__mcnn_1.80__moncnn_1.45__MaxEval_102__ProbPAs_0.95__sb_none_sbth_6000__Algo_pesa2,reliability,168
simplified-cocome,simplified-cocome__BRF_clone_1.23__moc_1.64__mcnn_1.80__moncnn_1.45__MaxEval_102__ProbPAs_0.95__sb_none_sbth_6000__Algo_pesa2,2556,uml2lqn,7159
NSGA,simplified-cocome__BRF_clone_1.23__moc_1.64__mcnn_1.80__moncnn_1.45__MaxEval_102__ProbPAs_0.95__sb_none_sbth_6000__Algo_pesa2,2556,invoke_solver,72
NSGA,simplified-cocome__BRF_clone_1.23__moc_1.64__mcnn_1.80__moncnn_1.45__MaxEval_102__ProbPAs_0.95__sb_none_sbth_6000__Algo_pesa2,2556,lqn2uml,4347
NSGA,simplified-cocome__BRF_clone_1.23__moc_1.64__mcnn_1.80__moncnn_1.45__MaxEval_102__ProbPAs_0.95__sb_none_sbth_6000__Algo_pesa2,2556,counting_pas,2556,9378
simplified-cocome,simplified-cocome__BRF_clone_1.23__moc_1.64__mcnn_1.80__moncnn_1.45__MaxEval_102__ProbPAs_0.95__sb_none_sbth_6000__Algo_pesa2,2556,perfQ,5481
simplified-cocome,simplified-cocome__BRF_clone_1.23__moc_1.64__mcnn_1.80__moncnn_1.45__MaxEval_102__ProbPAs_0.95__sb_none_sbth_6000__Algo_pesa2,reliability,174
simplified-cocome,simplified-cocome__BRF_clone_1.23__moc_1.64__mcnn_1.80__moncnn_1.45__MaxEval_102__ProbPAs_0.95__sb_none_sbth_6000__Algo_pesa2,2562,uml2lqn,6492
NSGA,simplified-cocome__BRF_clone_1.23__moc_1.64__mcnn_1.80__moncnn_1.45__MaxEval_102__ProbPAs_0.95__sb_none_sbth_6000__Algo_pesa2,2562,invoke_solver,323
NSGA,simplified-cocome__BRF_clone_1.23__moc_1.64__mcnn_1.80__moncnn_1.45__MaxEval_102__ProbPAs_0.95__sb_none_sbth_6000__Algo_pesa2,2562,lqn2uml,5360
NSGA,simplified-cocome__BRF_clone_1.23__moc_1.64__mcnn_1.80__moncnn_1.45__MaxEval_102__ProbPAs_0.95__sb_none_sbth_6000__Algo_pesa2,2562,counting_pas,2562,8139
simplified-cocome,simplified-cocome__BRF_clone_1.23__moc_1.64__mcnn_1.80__moncnn_1.45__MaxEval_102__ProbPAs_0.95__sb_none_sbth_6000__Algo_pesa2,2562,perfQ,3947
simplified-cocome,simplified-cocome__BRF_clone_1.23__moc_1.64__mcnn_1.80__moncnn_1.45__MaxEval_102__ProbPAs_0.95__sb_none_sbth_6000__Algo_pesa2,reliability,153
simplified-cocome,simplified-cocome__BRF_clone_1.23__moc_1.64__mcnn_1.80__moncnn_1.45__MaxEval_102__ProbPAs_0.95__sb_none_sbth_6000__Algo_pesa2,2564,uml2lqn,6568
NSGA,simplified-cocome__BRF_clone_1.23__moc_1.64__mcnn_1.80__moncnn_1.45__MaxEval_102__ProbPAs_0.95__sb_none_sbth_6000__Algo_pesa2,2564,invoke_solver,59
NSGA,simplified-cocome__BRF_clone_1.23__moc_1.64__mcnn_1.80__moncnn_1.45__MaxEval_102__ProbPAs_0.95__sb_none_sbth_6000__Algo_pesa2,2564,lqn2uml,6370
NSGA,simplified-cocome__BRF_clone_1.23__moc_1.64__mcnn_1.80__moncnn_1.45__MaxEval_102__ProbPAs_0.95__sb_none_sbth_6000__Algo_pesa2,2564,counting_pas,2564,9288
simplified-cocome,simplified-cocome__BRF_clone_1.23__moc_1.64__mcnn_1.80__moncnn_1.45__MaxEval_102__ProbPAs_0.95__sb_none_sbth_6000__Algo_pesa2,2564,perfQ,4971
simplified-cocome,simplified-cocome__BRF_clone_1.23__moc_1.64__mcnn_1.80__moncnn_1.45__MaxEval_102__ProbPAs_0.95__sb_none_sbth_6000__Algo_pesa2,reliability,144
simplified-cocome,simplified-cocome__BRF_clone_1.23__moc_1.64__mcnn_1.80__moncnn_1.45__MaxEval_102__ProbPAs_0.95__sb_none_sbth_6000__Algo_pesa2,2568,uml2lqn,6960
NSGA,simplified-cocome__BRF_clone_1.23__moc_1.64__mcnn_1.80__moncnn_1.45__MaxEval_102__ProbPAs_0.95__sb_none_sbth_6000__Algo_pesa2,2568,invoke_solver,227
NSGA,simplified-cocome__BRF_clone_1.23__moc_1.64__mcnn_1.80__moncnn_1.45__MaxEval_102__ProbPAs_0.95__sb_none_sbth_6000__Algo_pesa2,2568,lqn2uml,5237
NSGA,simplified-cocome__BRF_clone_1.23__moc_1.64__mcnn_1.80__moncnn_1.45__MaxEval_102__ProbPAs_0.95__sb_none_sbth_6000__Algo_pesa2,2568,counting_pas,2568,8417
simplified-cocome,simplified-cocome__BRF_clone_1.23__moc_1.64__mcnn_1.80__moncnn_1.45__MaxEval_102__ProbPAs_0.95__sb_none_sbth_6000__Algo_pesa2,2568,perfQ,3776
simplified-cocome,simplified-cocome__BRF_clone_1.23__moc_1.64__mcnn_1.80__moncnn_1.45__MaxEval_102__ProbPAs_0.95__sb_none_sbth_6000__Algo_pesa2,reliability,135
simplified-cocome,simplified-cocome__BRF_clone_1.23__moc_1.64__mcnn_1.80__moncnn_1.45__MaxEval_102__ProbPAs_0.95__sb_none_sbth_6000__Algo_pesa2,2572,uml2lqn,6448
NSGA,simplified-cocome__BRF_clone_1.23__moc_1.64__mcnn_1.80__moncnn_1.45__MaxEval_102__ProbPAs_0.95__sb_none_sbth_6000__Algo_pesa2,2572,invoke_solver,232
NSGA,simplified-cocome__BRF_clone_1.23__moc_1.64__mcnn_1.80__moncnn_1.45__MaxEval_102__ProbPAs_0.95__sb_none_sbth_6000__Algo_pesa2,2572,lqn2uml,4881
NSGA,simplified-cocome__BRF_clone_1.23__moc_1.64__mcnn_1.80__moncnn_1.45__MaxEval_102__ProbPAs_0.95__sb_none_sbth_6000__Algo_pesa2,2572,counting_pas,2572,8047
simplified-cocome,simplified-cocome__BRF_clone_1.23__moc_1.64__mcnn_1.80__moncnn_1.45__MaxEval_102__ProbPAs_0.95__sb_none_sbth_6000__Algo_pesa2,2572,perfQ,3284
simplified-cocome,simplified-cocome__BRF_clone_1.23__moc_1.64__mcnn_1.80__moncnn_1.45__MaxEval_102__ProbPAs_0.95__sb_none_sbth_6000__Algo_pesa2,reliability,170
simplified-cocome,simplified-cocome__BRF_clone_1.23__moc_1.64__mcnn_1.80__moncnn_1.45__MaxEval_102__ProbPAs_0.95__sb_none_sbth_6000__Algo_pesa2,2576,uml2lqn,5659
NSGA,simplified-cocome__BRF_clone_1.23__moc_1.64__mcnn_1.80__moncnn_1.45__MaxEval_102__ProbPAs_0.95__sb_none_sbth_6000__Algo_pesa2,2576,invoke_solver,222
NSGA,simplified-cocome__BRF_clone_1.23__moc_1.64__mcnn_1.80__moncnn_1.45__MaxEval_102__ProbPAs_0.95__sb_none_sbth_6000__Algo_pesa2,2576,lqn2uml,6268
NSGA,simplified-cocome__BRF_clone_1.23__moc_1.64__mcnn_1.80__moncnn_1.45__MaxEval_102__ProbPAs_0.95__sb_none_sbth_6000__Algo_pesa2,2576,counting_pas,2576,8787
simplified-cocome,simplified-cocome__BRF_clone_1.23__moc_1.64__mcnn_1.80__moncnn_1.45__MaxEval_102__ProbPAs_0.95__sb_none_sbth_6000__Algo_pesa2,2576,perfQ,3841
simplified-cocome,simplified-cocome__BRF_clone_1.23__moc_1.64__mcnn_1.80__moncnn_1.45__MaxEval_102__ProbPAs_0.95__sb_none_sbth_6000__Algo_pesa2,reliability,159
simplified-cocome,simplified-cocome__BRF_clone_1.23__moc_1.64__mcnn_1.80__moncnn_1.45__MaxEval_102__ProbPAs_0.95__sb_none_sbth_6000__Algo_pesa2,2578,uml2lqn,6944
NSGA,simplified-cocome__BRF_clone_1.23__moc_1.64__mcnn_1.80__moncnn_1.45__MaxEval_102__ProbPAs_0.95__sb_none_sbth_6000__Algo_pesa2,2578,invoke_solver,76
NSGA,simplified-cocome__BRF_clone_1.23__moc_1.64__mcnn_1.80__moncnn_1.45__MaxEval_102__ProbPAs_0.95__sb_none_sbth_6000__Algo_pesa2,2578,lqn2uml,6213
NSGA,simplified-cocome__BRF_clone_1.23__moc_1.64__mcnn_1.80__moncnn_1.45__MaxEval_102__ProbPAs_0.95__sb_none_sbth_6000__Algo_pesa2,2578,counting_pas,2578,7825
simplified-cocome,simplified-cocome__BRF_clone_1.23__moc_1.64__mcnn_1.80__moncnn_1.45__MaxEval_102__ProbPAs_0.95__sb_none_sbth_6000__Algo_pesa2,2578,perfQ,3632
simplified-cocome,simplified-cocome__BRF_clone_1.23__moc_1.64__mcnn_1.80__moncnn_1.45__MaxEval_102__ProbPAs_0.95__sb_none_sbth_6000__Algo_pesa2,reliability,158
simplified-cocome,simplified-cocome__BRF_clone_1.23__moc_1.64__mcnn_1.80__moncnn_1.45__MaxEval_102__ProbPAs_0.95__sb_none_sbth_6000__Algo_pesa2,2582,uml2lqn,6431
NSGA,simplified-cocome__BRF_clone_1.23__moc_1.64__mcnn_1.80__moncnn_1.45__MaxEval_102__ProbPAs_0.95__sb_none_sbth_6000__Algo_pesa2,2582,invoke_solver,130
NSGA,simplified-cocome__BRF_clone_1.23__moc_1.64__mcnn_1.80__moncnn_1.45__MaxEval_102__ProbPAs_0.95__sb_none_sbth_6000__Algo_pesa2,2582,lqn2uml,4886
NSGA,simplified-cocome__BRF_clone_1.23__moc_1.64__mcnn_1.80__moncnn_1.45__MaxEval_102__ProbPAs_0.95__sb_none_sbth_6000__Algo_pesa2,2582,counting_pas,2582,8951
simplified-cocome,simplified-cocome__BRF_clone_1.23__moc_1.64__mcnn_1.80__moncnn_1.45__MaxEval_102__ProbPAs_0.95__sb_none_sbth_6000__Algo_pesa2,2582,perfQ,3988
simplified-cocome,simplified-cocome__BRF_clone_1.23__moc_1.64__mcnn_1.80__moncnn_1.45__MaxEval_102__ProbPAs_0.95__sb_none_sbth_6000__Algo_pesa2,reliability,161
simplified-cocome,simplified-cocome__BRF_clone_1.23__moc_1.64__mcnn_1.80__moncnn_1.45__MaxEval_102__ProbPAs_0.95__sb_none_sbth_6000__Algo_pesa2,2586,uml2lqn,7732
NSGA,simplified-cocome__BRF_clone_1.23__moc_1.64__mcnn_1.80__moncnn_1.45__MaxEval_102__ProbPAs_0.95__sb_none_sbth_6000__Algo_pesa2,2586,invoke_solver,52
NSGA,simplified-cocome__BRF_clone_1.23__moc_1.64__mcnn_1.80__moncnn_1.45__MaxEval_102__ProbPAs_0.95__sb_none_sbth_6000__Algo_pesa2,2586,lqn2uml,3179
NSGA,simplified-cocome__BRF_clone_1.23__moc_1.64__mcnn_1.80__moncnn_1.45__MaxEval_102__ProbPAs_0.95__sb_none_sbth_6000__Algo_pesa2,2586,counting_pas,2586,9713
simplified-cocome,simplified-cocome__BRF_clone_1.23__moc_1.64__mcnn_1.80__moncnn_1.45__MaxEval_102__ProbPAs_0.95__sb_none_sbth_6000__Algo_pesa2,2586,perfQ,5234
simplified-cocome,simplified-cocome__BRF_clone_1.23__moc_1.64__mcnn_1.80__moncnn_1.45__MaxEval_102__ProbPAs_0.95__sb_none_sbth_6000__Algo_pesa2,reliability,160
simplified-cocome,simplified-cocome__BRF_clone_1.23__moc_1.64__mcnn_1.80__moncnn_1.45__MaxEval_102__ProbPAs_0.95__sb_none_sbth_6000__Algo_pesa2,2590,uml2lqn,6717
NSGA,simplified-cocome__BRF_clone_1.23__moc_1.64__mcnn_1.80__moncnn_1.45__MaxEval_102__ProbPAs_0.95__sb_none_sbth_6000__Algo_pesa2,2590,invoke_solver,125
NSGA,simplified-cocome__BRF_clone_1.23__moc_1.64__mcnn_1.80__moncnn_1.45__MaxEval_102__ProbPAs_0.95__sb_none_sbth_6000__Algo_pesa2,2590,lqn2uml,5907
NSGA,simplified-cocome__BRF_clone_1.23__moc_1.64__mcnn_1.80__moncnn_1.45__MaxEval_102__ProbPAs_0.95__sb_none_sbth_6000__Algo_pesa2,2590,counting_pas,2590,9251
simplified-cocome,simplified-cocome__BRF_clone_1.23__moc_1.64__mcnn_1.80__moncnn_1.45__MaxEval_102__ProbPAs_0.95__sb_none_sbth_6000__Algo_pesa2,2590,perfQ,4457
simplified-cocome,simplified-cocome__BRF_clone_1.23__moc_1.64__mcnn_1.80__moncnn_1.45__MaxEval_102__ProbPAs_0.95__sb_none_sbth_6000__Algo_pesa2,reliability,149
simplified-cocome,simplified-cocome__BRF_clone_1.23__moc_1.64__mcnn_1.80__moncnn_1.45__MaxEval_102__ProbPAs_0.95__sb_none_sbth_6000__Algo_pesa2,2592,uml2lqn,5484
NSGA,simplified-cocome__BRF_clone_1.23__moc_1.64__mcnn_1.80__moncnn_1.45__MaxEval_102__ProbPAs_0.95__sb_none_sbth_6000__Algo_pesa2,2592,invoke_solver,254
NSGA,simplified-cocome__BRF_clone_1.23__moc_1.64__mcnn_1.80__moncnn_1.45__MaxEval_102__ProbPAs_0.95__sb_none_sbth_6000__Algo_pesa2,2592,lqn2uml,3695
NSGA,simplified-cocome__BRF_clone_1.23__moc_1.64__mcnn_1.80__moncnn_1.45__MaxEval_102__ProbPAs_0.95__sb_none_sbth_6000__Algo_pesa2,2592,counting_pas,2592,7675
simplified-cocome,simplified-cocome__BRF_clone_1.23__moc_1.64__mcnn_1.80__moncnn_1.45__MaxEval_102__ProbPAs_0.95__sb_none_sbth_6000__Algo_pesa2,2592,perfQ,4167
simplified-cocome,simplified-cocome__BRF_clone_1.23__moc_1.64__mcnn_1.80__moncnn_1.45__MaxEval_102__ProbPAs_0.95__sb_none_sbth_6000__Algo_pesa2,reliability,187
simplified-cocome,simplified-cocome__BRF_clone_1.23__moc_1.64__mcnn_1.80__moncnn_1.45__MaxEval_102__ProbPAs_0.95__sb_none_sbth_6000__Algo_pesa2,2594,uml2lqn,5511
NSGA,simplified-cocome__BRF_clone_1.23__moc_1.64__mcnn_1.80__moncnn_1.45__MaxEval_102__ProbPAs_0.95__sb_none_sbth_6000__Algo_pesa2,2594,invoke_solver,342
NSGA,simplified-cocome__BRF_clone_1.23__moc_1.64__mcnn_1.80__moncnn_1.45__MaxEval_102__ProbPAs_0.95__sb_none_sbth_6000__Algo_pesa2,2594,lqn2uml,4572
NSGA,simplified-cocome__BRF_clone_1.23__moc_1.64__mcnn_1.80__moncnn_1.45__MaxEval_102__ProbPAs_0.95__sb_none_sbth_6000__Algo_pesa2,2594,counting_pas,2594,7678
simplified-cocome,simplified-cocome__BRF_clone_1.23__moc_1.64__mcnn_1.80__moncnn_1.45__MaxEval_102__ProbPAs_0.95__sb_none_sbth_6000__Algo_pesa2,2594,perfQ,4519
simplified-cocome,simplified-cocome__BRF_clone_1.23__moc_1.64__mcnn_1.80__moncnn_1.45__MaxEval_102__ProbPAs_0.95__sb_none_sbth_6000__Algo_pesa2,reliability,149
simplified-cocome,simplified-cocome__BRF_clone_1.23__moc_1.64__mcnn_1.80__moncnn_1.45__MaxEval_102__ProbPAs_0.95__sb_none_sbth_6000__Algo_pesa2,2598,uml2lqn,7019
NSGA,simplified-cocome__BRF_clone_1.23__moc_1.64__mcnn_1.80__moncnn_1.45__MaxEval_102__ProbPAs_0.95__sb_none_sbth_6000__Algo_pesa2,2598,invoke_solver,133
NSGA,simplified-cocome__BRF_clone_1.23__moc_1.64__mcnn_1.80__moncnn_1.45__MaxEval_102__ProbPAs_0.95__sb_none_sbth_6000__Algo_pesa2,2598,lqn2uml,3509
NSGA,simplified-cocome__BRF_clone_1.23__moc_1.64__mcnn_1.80__moncnn_1.45__MaxEval_102__ProbPAs_0.95__sb_none_sbth_6000__Algo_pesa2,2598,counting_pas,2598,9268
simplified-cocome,simplified-cocome__BRF_clone_1.23__moc_1.64__mcnn_1.80__moncnn_1.45__MaxEval_102__ProbPAs_0.95__sb_none_sbth_6000__Algo_pesa2,2598,perfQ,4672
simplified-cocome,simplified-cocome__BRF_clone_1.23__moc_1.64__mcnn_1.80__moncnn_1.45__MaxEval_102__ProbPAs_0.95__sb_none_sbth_6000__Algo_pesa2,reliability,166
simplified-cocome,simplified-cocome__BRF_clone_1.23__moc_1.64__mcnn_1.80__moncnn_1.45__MaxEval_102__ProbPAs_0.95__sb_none_sbth_6000__Algo_pesa2,2602,uml2lqn,4806
NSGA,simplified-cocome__BRF_clone_1.23__moc_1.64__mcnn_1.80__moncnn_1.45__MaxEval_102__ProbPAs_0.95__sb_none_sbth_6000__Algo_pesa2,2602,invoke_solver,211
NSGA,simplified-cocome__BRF_clone_1.23__moc_1.64__mcnn_1.80__moncnn_1.45__MaxEval_102__ProbPAs_0.95__sb_none_sbth_6000__Algo_pesa2,2602,lqn2uml,4866
NSGA,simplified-cocome__BRF_clone_1.23__moc_1.64__mcnn_1.80__moncnn_1.45__MaxEval_102__ProbPAs_0.95__sb_none_sbth_6000__Algo_pesa2,2602,counting_pas,2602,9085
simplified-cocome,simplified-cocome__BRF_clone_1.23__moc_1.64__mcnn_1.80__moncnn_1.45__MaxEval_102__ProbPAs_0.95__sb_none_sbth_6000__Algo_pesa2,2602,perfQ,4250
simplified-cocome,simplified-cocome__BRF_clone_1.23__moc_1.64__mcnn_1.80__moncnn_1.45__MaxEval_102__ProbPAs_0.95__sb_none_sbth_6000__Algo_pesa2,reliability,201
simplified-cocome,simplified-cocome__BRF_clone_1.23__moc_1.64__mcnn_1.80__moncnn_1.45__MaxEval_102__ProbPAs_0.95__sb_none_sbth_6000__Algo_pesa2,2606,uml2lqn,4995
NSGA,simplified-cocome__BRF_clone_1.23__moc_1.64__mcnn_1.80__moncnn_1.45__MaxEval_102__ProbPAs_0.95__sb_none_sbth_6000__Algo_pesa2,2606,invoke_solver,83
NSGA,simplified-cocome__BRF_clone_1.23__moc_1.64__mcnn_1.80__moncnn_1.45__MaxEval_102__ProbPAs_0.95__sb_none_sbth_6000__Algo_pesa2,2606,lqn2uml,3615
NSGA,simplified-cocome__BRF_clone_1.23__moc_1.64__mcnn_1.80__moncnn_1.45__MaxEval_102__ProbPAs_0.95__sb_none_sbth_6000__Algo_pesa2,2606,counting_pas,2606,8290
simplified-cocome,simplified-cocome__BRF_clone_1.23__moc_1.64__mcnn_1.80__moncnn_1.45__MaxEval_102__ProbPAs_0.95__sb_none_sbth_6000__Algo_pesa2,2606,perfQ,2399
simplified-cocome,simplified-cocome__BRF_clone_1.23__moc_1.64__mcnn_1.80__moncnn_1.45__MaxEval_102__ProbPAs_0.95__sb_none_sbth_6000__Algo_pesa2,reliability,152
simplified-cocome,simplified-cocome__BRF_clone_1.23__moc_1.64__mcnn_1.80__moncnn_1.45__MaxEval_102__ProbPAs_0.95__sb_none_sbth_6000__Algo_pesa2,2610,uml2lqn,6202
NSGA,simplified-cocome__BRF_clone_1.23__moc_1.64__mcnn_1.80__moncnn_1.45__MaxEval_102__ProbPAs_0.95__sb_none_sbth_6000__Algo_pesa2,2610,invoke_solver,60
NSGA,simplified-cocome__BRF_clone_1.23__moc_1.64__mcnn_1.80__moncnn_1.45__MaxEval_102__ProbPAs_0.95__sb_none_sbth_6000__Algo_pesa2,2610,lqn2uml,5031
NSGA,simplified-cocome__BRF_clone_1.23__moc_1.64__mcnn_1.80__moncnn_1.45__MaxEval_102__ProbPAs_0.95__sb_none_sbth_6000__Algo_pesa2,2610,counting_pas,2610,8076
simplified-cocome,simplified-cocome__BRF_clone_1.23__moc_1.64__mcnn_1.80__moncnn_1.45__MaxEval_102__ProbPAs_0.95__sb_none_sbth_6000__Algo_pesa2,2610,perfQ,4055
simplified-cocome,simplified-cocome__BRF_clone_1.23__moc_1.64__mcnn_1.80__moncnn_1.45__MaxEval_102__ProbPAs_0.95__sb_none_sbth_6000__Algo_pesa2,reliability,188
simplified-cocome,simplified-cocome__BRF_clone_1.23__moc_1.64__mcnn_1.80__moncnn_1.45__MaxEval_102__ProbPAs_0.95__sb_none_sbth_6000__Algo_pesa2,2614,uml2lqn,5237
NSGA,simplified-cocome__BRF_clone_1.23__moc_1.64__mcnn_1.80__moncnn_1.45__MaxEval_102__ProbPAs_0.95__sb_none_sbth_6000__Algo_pesa2,2614,invoke_solver,42
NSGA,simplified-cocome__BRF_clone_1.23__moc_1.64__mcnn_1.80__moncnn_1.45__MaxEval_102__ProbPAs_0.95__sb_none_sbth_6000__Algo_pesa2,2614,lqn2uml,2583
NSGA,simplified-cocome__BRF_clone_1.23__moc_1.64__mcnn_1.80__moncnn_1.45__MaxEval_102__ProbPAs_0.95__sb_none_sbth_6000__Algo_pesa2,2614,counting_pas,2614,7211
simplified-cocome,simplified-cocome__BRF_clone_1.23__moc_1.64__mcnn_1.80__moncnn_1.45__MaxEval_102__ProbPAs_0.95__sb_none_sbth_6000__Algo_pesa2,2614,perfQ,3356
simplified-cocome,simplified-cocome__BRF_clone_1.23__moc_1.64__mcnn_1.80__moncnn_1.45__MaxEval_102__ProbPAs_0.95__sb_none_sbth_6000__Algo_pesa2,reliability,237
simplified-cocome,simplified-cocome__BRF_clone_1.23__moc_1.64__mcnn_1.80__moncnn_1.45__MaxEval_102__ProbPAs_0.95__sb_none_sbth_6000__Algo_pesa2,2618,uml2lqn,5125
NSGA,simplified-cocome__BRF_clone_1.23__moc_1.64__mcnn_1.80__moncnn_1.45__MaxEval_102__ProbPAs_0.95__sb_none_sbth_6000__Algo_pesa2,2618,invoke_solver,224
NSGA,simplified-cocome__BRF_clone_1.23__moc_1.64__mcnn_1.80__moncnn_1.45__MaxEval_102__ProbPAs_0.95__sb_none_sbth_6000__Algo_pesa2,2618,lqn2uml,1928
NSGA,simplified-cocome__BRF_clone_1.23__moc_1.64__mcnn_1.80__moncnn_1.45__MaxEval_102__ProbPAs_0.95__sb_none_sbth_6000__Algo_pesa2,2618,counting_pas,2618,5102
simplified-cocome,simplified-cocome__BRF_clone_1.23__moc_1.64__mcnn_1.80__moncnn_1.45__MaxEval_102__ProbPAs_0.95__sb_none_sbth_6000__Algo_pesa2,2618,perfQ,4498
simplified-cocome,simplified-cocome__BRF_clone_1.23__moc_1.64__mcnn_1.80__moncnn_1.45__MaxEval_102__ProbPAs_0.95__sb_none_sbth_6000__Algo_pesa2,reliability,144
simplified-cocome,simplified-cocome__BRF_clone_1.23__moc_1.64__mcnn_1.80__moncnn_1.45__MaxEval_102__ProbPAs_0.95__sb_none_sbth_6000__Algo_pesa2,2622,uml2lqn,3769
NSGA,simplified-cocome__BRF_clone_1.23__moc_1.64__mcnn_1.80__moncnn_1.45__MaxEval_102__ProbPAs_0.95__sb_none_sbth_6000__Algo_pesa2,2622,invoke_solver,133
NSGA,simplified-cocome__BRF_clone_1.23__moc_1.64__mcnn_1.80__moncnn_1.45__MaxEval_102__ProbPAs_0.95__sb_none_sbth_6000__Algo_pesa2,2622,lqn2uml,1379
NSGA,simplified-cocome__BRF_clone_1.23__moc_1.64__mcnn_1.80__moncnn_1.45__MaxEval_102__ProbPAs_0.95__sb_none_sbth_6000__Algo_pesa2,2622,counting_pas,2622,7040
simplified-cocome,simplified-cocome__BRF_clone_1.23__moc_1.64__mcnn_1.80__moncnn_1.45__MaxEval_102__ProbPAs_0.95__sb_none_sbth_6000__Algo_pesa2,2622,perfQ,2015
simplified-cocome,simplified-cocome__BRF_clone_1.23__moc_1.64__mcnn_1.80__moncnn_1.45__MaxEval_102__ProbPAs_0.95__sb_none_sbth_6000__Algo_pesa2,reliability,174
simplified-cocome,simplified-cocome__BRF_clone_1.23__moc_1.64__mcnn_1.80__moncnn_1.45__MaxEval_102__ProbPAs_0.95__sb_none_sbth_6000__Algo_pesa2,2626,uml2lqn,4702
NSGA,simplified-cocome__BRF_clone_1.23__moc_1.64__mcnn_1.80__moncnn_1.45__MaxEval_102__ProbPAs_0.95__sb_none_sbth_6000__Algo_pesa2,2626,invoke_solver,243
NSGA,simplified-cocome__BRF_clone_1.23__moc_1.64__mcnn_1.80__moncnn_1.45__MaxEval_102__ProbPAs_0.95__sb_none_sbth_6000__Algo_pesa2,2626,lqn2uml,3720
NSGA,simplified-cocome__BRF_clone_1.23__moc_1.64__mcnn_1.80__moncnn_1.45__MaxEval_102__ProbPAs_0.95__sb_none_sbth_6000__Algo_pesa2,2626,counting_pas,2626,8444
simplified-cocome,simplified-cocome__BRF_clone_1.23__moc_1.64__mcnn_1.80__moncnn_1.45__MaxEval_102__ProbPAs_0.95__sb_none_sbth_6000__Algo_pesa2,2626,perfQ,2444
simplified-cocome,simplified-cocome__BRF_clone_1.23__moc_1.64__mcnn_1.80__moncnn_1.45__MaxEval_102__ProbPAs_0.95__sb_none_sbth_6000__Algo_pesa2,reliability,105
simplified-cocome,simplified-cocome__BRF_clone_1.23__moc_1.64__mcnn_1.80__moncnn_1.45__MaxEval_102__ProbPAs_0.95__sb_none_sbth_6000__Algo_pesa2,2630,uml2lqn,5059
NSGA,simplified-cocome__BRF_clone_1.23__moc_1.64__mcnn_1.80__moncnn_1.45__MaxEval_102__ProbPAs_0.95__sb_none_sbth_6000__Algo_pesa2,2630,invoke_solver,372
NSGA,simplified-cocome__BRF_clone_1.23__moc_1.64__mcnn_1.80__moncnn_1.45__MaxEval_102__ProbPAs_0.95__sb_none_sbth_6000__Algo_pesa2,2630,lqn2uml,3611
NSGA,simplified-cocome__BRF_clone_1.23__moc_1.64__mcnn_1.80__moncnn_1.45__MaxEval_102__ProbPAs_0.95__sb_none_sbth_6000__Algo_pesa2,2630,counting_pas,2630,8128
simplified-cocome,simplified-cocome__BRF_clone_1.23__moc_1.64__mcnn_1.80__moncnn_1.45__MaxEval_102__ProbPAs_0.95__sb_none_sbth_6000__Algo_pesa2,2630,perfQ,2723
simplified-cocome,simplified-cocome__BRF_clone_1.23__moc_1.64__mcnn_1.80__moncnn_1.45__MaxEval_102__ProbPAs_0.95__sb_none_sbth_6000__Algo_pesa2,reliability,150
simplified-cocome,simplified-cocome__BRF_clone_1.23__moc_1.64__mcnn_1.80__moncnn_1.45__MaxEval_102__ProbPAs_0.95__sb_none_sbth_6000__Algo_pesa2,2632,uml2lqn,5990
NSGA,simplified-cocome__BRF_clone_1.23__moc_1.64__mcnn_1.80__moncnn_1.45__MaxEval_102__ProbPAs_0.95__sb_none_sbth_6000__Algo_pesa2,2632,invoke_solver,223
NSGA,simplified-cocome__BRF_clone_1.23__moc_1.64__mcnn_1.80__moncnn_1.45__MaxEval_102__ProbPAs_0.95__sb_none_sbth_6000__Algo_pesa2,2632,lqn2uml,4075
NSGA,simplified-cocome__BRF_clone_1.23__moc_1.64__mcnn_1.80__moncnn_1.45__MaxEval_102__ProbPAs_0.95__sb_none_sbth_6000__Algo_pesa2,2632,counting_pas,2632,8876
simplified-cocome,simplified-cocome__BRF_clone_1.23__moc_1.64__mcnn_1.80__moncnn_1.45__MaxEval_102__ProbPAs_0.95__sb_none_sbth_6000__Algo_pesa2,2632,perfQ,1730
simplified-cocome,simplified-cocome__BRF_clone_1.23__moc_1.64__mcnn_1.80__moncnn_1.45__MaxEval_102__ProbPAs_0.95__sb_none_sbth_6000__Algo_pesa2,reliability,104
simplified-cocome,simplified-cocome__BRF_clone_1.23__moc_1.64__mcnn_1.80__moncnn_1.45__MaxEval_102__ProbPAs_0.95__sb_none_sbth_6000__Algo_pesa2,2636,uml2lqn,4907
NSGA,simplified-cocome__BRF_clone_1.23__moc_1.64__mcnn_1.80__moncnn_1.45__MaxEval_102__ProbPAs_0.95__sb_none_sbth_6000__Algo_pesa2,2636,invoke_solver,219
NSGA,simplified-cocome__BRF_clone_1.23__moc_1.64__mcnn_1.80__moncnn_1.45__MaxEval_102__ProbPAs_0.95__sb_none_sbth_6000__Algo_pesa2,2636,lqn2uml,3726
NSGA,simplified-cocome__BRF_clone_1.23__moc_1.64__mcnn_1.80__moncnn_1.45__MaxEval_102__ProbPAs_0.95__sb_none_sbth_6000__Algo_pesa2,2636,counting_pas,2636,6444
simplified-cocome,simplified-cocome__BRF_clone_1.23__moc_1.64__mcnn_1.80__moncnn_1.45__MaxEval_102__ProbPAs_0.95__sb_none_sbth_6000__Algo_pesa2,2636,perfQ,1886
simplified-cocome,simplified-cocome__BRF_clone_1.23__moc_1.64__mcnn_1.80__moncnn_1.45__MaxEval_102__ProbPAs_0.95__sb_none_sbth_6000__Algo_pesa2,reliability,152
simplified-cocome,simplified-cocome__BRF_clone_1.23__moc_1.64__mcnn_1.80__moncnn_1.45__MaxEval_102__ProbPAs_0.95__sb_none_sbth_6000__Algo_pesa2,2640,uml2lqn,3895
NSGA,simplified-cocome__BRF_clone_1.23__moc_1.64__mcnn_1.80__moncnn_1.45__MaxEval_102__ProbPAs_0.95__sb_none_sbth_6000__Algo_pesa2,2640,invoke_solver,214
NSGA,simplified-cocome__BRF_clone_1.23__moc_1.64__mcnn_1.80__moncnn_1.45__MaxEval_102__ProbPAs_0.95__sb_none_sbth_6000__Algo_pesa2,2640,lqn2uml,3297
NSGA,simplified-cocome__BRF_clone_1.23__moc_1.64__mcnn_1.80__moncnn_1.45__MaxEval_102__ProbPAs_0.95__sb_none_sbth_6000__Algo_pesa2,2640,counting_pas,2640,7874
simplified-cocome,simplified-cocome__BRF_clone_1.23__moc_1.64__mcnn_1.80__moncnn_1.45__MaxEval_102__ProbPAs_0.95__sb_none_sbth_6000__Algo_pesa2,2640,perfQ,2179
simplified-cocome,simplified-cocome__BRF_clone_1.23__moc_1.64__mcnn_1.80__moncnn_1.45__MaxEval_102__ProbPAs_0.95__sb_none_sbth_6000__Algo_pesa2,reliability,161
simplified-cocome,simplified-cocome__BRF_clone_1.23__moc_1.64__mcnn_1.80__moncnn_1.45__MaxEval_102__ProbPAs_0.95__sb_none_sbth_6000__Algo_pesa2,2644,uml2lqn,5721
NSGA,simplified-cocome__BRF_clone_1.23__moc_1.64__mcnn_1.80__moncnn_1.45__MaxEval_102__ProbPAs_0.95__sb_none_sbth_6000__Algo_pesa2,2644,invoke_solver,69
NSGA,simplified-cocome__BRF_clone_1.23__moc_1.64__mcnn_1.80__moncnn_1.45__MaxEval_102__ProbPAs_0.95__sb_none_sbth_6000__Algo_pesa2,2644,lqn2uml,2299
NSGA,simplified-cocome__BRF_clone_1.23__moc_1.64__mcnn_1.80__moncnn_1.45__MaxEval_102__ProbPAs_0.95__sb_none_sbth_6000__Algo_pesa2,2644,counting_pas,2644,7673
simplified-cocome,simplified-cocome__BRF_clone_1.23__moc_1.64__mcnn_1.80__moncnn_1.45__MaxEval_102__ProbPAs_0.95__sb_none_sbth_6000__Algo_pesa2,2644,perfQ,1775
simplified-cocome,simplified-cocome__BRF_clone_1.23__moc_1.64__mcnn_1.80__moncnn_1.45__MaxEval_102__ProbPAs_0.95__sb_none_sbth_6000__Algo_pesa2,reliability,106
simplified-cocome,simplified-cocome__BRF_clone_1.23__moc_1.64__mcnn_1.80__moncnn_1.45__MaxEval_102__ProbPAs_0.95__sb_none_sbth_6000__Algo_pesa2,2648,uml2lqn,6768
NSGA,simplified-cocome__BRF_clone_1.23__moc_1.64__mcnn_1.80__moncnn_1.45__MaxEval_102__ProbPAs_0.95__sb_none_sbth_6000__Algo_pesa2,2648,invoke_solver,84
NSGA,simplified-cocome__BRF_clone_1.23__moc_1.64__mcnn_1.80__moncnn_1.45__MaxEval_102__ProbPAs_0.95__sb_none_sbth_6000__Algo_pesa2,2648,lqn2uml,4703
NSGA,simplified-cocome__BRF_clone_1.23__moc_1.64__mcnn_1.80__moncnn_1.45__MaxEval_102__ProbPAs_0.95__sb_none_sbth_6000__Algo_pesa2,2648,counting_pas,2648,7646
simplified-cocome,simplified-cocome__BRF_clone_1.23__moc_1.64__mcnn_1.80__moncnn_1.45__MaxEval_102__ProbPAs_0.95__sb_none_sbth_6000__Algo_pesa2,2648,perfQ,1980
simplified-cocome,simplified-cocome__BRF_clone_1.23__moc_1.64__mcnn_1.80__moncnn_1.45__MaxEval_102__ProbPAs_0.95__sb_none_sbth_6000__Algo_pesa2,reliability,148
simplified-cocome,simplified-cocome__BRF_clone_1.23__moc_1.64__mcnn_1.80__moncnn_1.45__MaxEval_102__ProbPAs_0.95__sb_none_sbth_6000__Algo_pesa2,2652,uml2lqn,5159
NSGA,simplified-cocome__BRF_clone_1.23__moc_1.64__mcnn_1.80__moncnn_1.45__MaxEval_102__ProbPAs_0.95__sb_none_sbth_6000__Algo_pesa2,2652,invoke_solver,65
NSGA,simplified-cocome__BRF_clone_1.23__moc_1.64__mcnn_1.80__moncnn_1.45__MaxEval_102__ProbPAs_0.95__sb_none_sbth_6000__Algo_pesa2,2652,lqn2uml,3054
NSGA,simplified-cocome__BRF_clone_1.23__moc_1.64__mcnn_1.80__moncnn_1.45__MaxEval_102__ProbPAs_0.95__sb_none_sbth_6000__Algo_pesa2,2652,counting_pas,2652,7971
simplified-cocome,simplified-cocome__BRF_clone_1.23__moc_1.64__mcnn_1.80__moncnn_1.45__MaxEval_102__ProbPAs_0.95__sb_none_sbth_6000__Algo_pesa2,2652,perfQ,1776
simplified-cocome,simplified-cocome__BRF_clone_1.23__moc_1.64__mcnn_1.80__moncnn_1.45__MaxEval_102__ProbPAs_0.95__sb_none_sbth_6000__Algo_pesa2,reliability,113
simplified-cocome,simplified-cocome__BRF_clone_1.23__moc_1.64__mcnn_1.80__moncnn_1.45__MaxEval_102__ProbPAs_0.95__sb_none_sbth_6000__Algo_pesa2,2656,uml2lqn,5524
NSGA,simplified-cocome__BRF_clone_1.23__moc_1.64__mcnn_1.80__moncnn_1.45__MaxEval_102__ProbPAs_0.95__sb_none_sbth_6000__Algo_pesa2,2656,invoke_solver,76
NSGA,simplified-cocome__BRF_clone_1.23__moc_1.64__mcnn_1.80__moncnn_1.45__MaxEval_102__ProbPAs_0.95__sb_none_sbth_6000__Algo_pesa2,2656,lqn2uml,3737
NSGA,simplified-cocome__BRF_clone_1.23__moc_1.64__mcnn_1.80__moncnn_1.45__MaxEval_102__ProbPAs_0.95__sb_none_sbth_6000__Algo_pesa2,2656,counting_pas,2656,6793
simplified-cocome,simplified-cocome__BRF_clone_1.23__moc_1.64__mcnn_1.80__moncnn_1.45__MaxEval_102__ProbPAs_0.95__sb_none_sbth_6000__Algo_pesa2,2656,perfQ,3125
simplified-cocome,simplified-cocome__BRF_clone_1.23__moc_1.64__mcnn_1.80__moncnn_1.45__MaxEval_102__ProbPAs_0.95__sb_none_sbth_6000__Algo_pesa2,reliability,94
simplified-cocome,simplified-cocome__BRF_clone_1.23__moc_1.64__mcnn_1.80__moncnn_1.45__MaxEval_102__ProbPAs_0.95__sb_none_sbth_6000__Algo_pesa2,2660,uml2lqn,3022
NSGA,simplified-cocome__BRF_clone_1.23__moc_1.64__mcnn_1.80__moncnn_1.45__MaxEval_102__ProbPAs_0.95__sb_none_sbth_6000__Algo_pesa2,2660,invoke_solver,43
NSGA,simplified-cocome__BRF_clone_1.23__moc_1.64__mcnn_1.80__moncnn_1.45__MaxEval_102__ProbPAs_0.95__sb_none_sbth_6000__Algo_pesa2,2660,lqn2uml,1807
NSGA,simplified-cocome__BRF_clone_1.23__moc_1.64__mcnn_1.80__moncnn_1.45__MaxEval_102__ProbPAs_0.95__sb_none_sbth_6000__Algo_pesa2,2660,counting_pas,2660,4903
simplified-cocome,simplified-cocome__BRF_clone_1.23__moc_1.64__mcnn_1.80__moncnn_1.45__MaxEval_102__ProbPAs_0.95__sb_none_sbth_6000__Algo_pesa2,2660,perfQ,2609
simplified-cocome,simplified-cocome__BRF_clone_1.23__moc_1.64__mcnn_1.80__moncnn_1.45__MaxEval_102__ProbPAs_0.95__sb_none_sbth_6000__Algo_pesa2,reliability,140
simplified-cocome,simplified-cocome__BRF_clone_1.23__moc_1.64__mcnn_1.80__moncnn_1.45__MaxEval_102__ProbPAs_0.95__sb_none_sbth_6000__Algo_pesa2,2664,uml2lqn,3520
NSGA,simplified-cocome__BRF_clone_1.23__moc_1.64__mcnn_1.80__moncnn_1.45__MaxEval_102__ProbPAs_0.95__sb_none_sbth_6000__Algo_pesa2,2664,invoke_solver,203
NSGA,simplified-cocome__BRF_clone_1.23__moc_1.64__mcnn_1.80__moncnn_1.45__MaxEval_102__ProbPAs_0.95__sb_none_sbth_6000__Algo_pesa2,2664,lqn2uml,1954
NSGA,simplified-cocome__BRF_clone_1.23__moc_1.64__mcnn_1.80__moncnn_1.45__MaxEval_102__ProbPAs_0.95__sb_none_sbth_6000__Algo_pesa2,2664,counting_pas,2664,5710
simplified-cocome,simplified-cocome__BRF_clone_1.23__moc_1.64__mcnn_1.80__moncnn_1.45__MaxEval_102__ProbPAs_0.95__sb_none_sbth_6000__Algo_pesa2,2664,perfQ,2010
simplified-cocome,simplified-cocome__BRF_clone_1.23__moc_1.64__mcnn_1.80__moncnn_1.45__MaxEval_102__ProbPAs_0.95__sb_none_sbth_6000__Algo_pesa2,reliability,93
simplified-cocome,simplified-cocome__BRF_clone_1.23__moc_1.64__mcnn_1.80__moncnn_1.45__MaxEval_102__ProbPAs_0.95__sb_none_sbth_6000__Algo_pesa2,2668,uml2lqn,2599
NSGA,simplified-cocome__BRF_clone_1.23__moc_1.64__mcnn_1.80__moncnn_1.45__MaxEval_102__ProbPAs_0.95__sb_none_sbth_6000__Algo_pesa2,2668,invoke_solver,149
NSGA,simplified-cocome__BRF_clone_1.23__moc_1.64__mcnn_1.80__moncnn_1.45__MaxEval_102__ProbPAs_0.95__sb_none_sbth_6000__Algo_pesa2,2668,lqn2uml,1989
NSGA,simplified-cocome__BRF_clone_1.23__moc_1.64__mcnn_1.80__moncnn_1.45__MaxEval_102__ProbPAs_0.95__sb_none_sbth_6000__Algo_pesa2,2668,counting_pas,2668,5890
simplified-cocome,simplified-cocome__BRF_clone_1.23__moc_1.64__mcnn_1.80__moncnn_1.45__MaxEval_102__ProbPAs_0.95__sb_none_sbth_6000__Algo_pesa2,2668,perfQ,2432
simplified-cocome,simplified-cocome__BRF_clone_1.23__moc_1.64__mcnn_1.80__moncnn_1.45__MaxEval_102__ProbPAs_0.95__sb_none_sbth_6000__Algo_pesa2,reliability,109
simplified-cocome,simplified-cocome__BRF_clone_1.23__moc_1.64__mcnn_1.80__moncnn_1.45__MaxEval_102__ProbPAs_0.95__sb_none_sbth_6000__Algo_pesa2,2672,uml2lqn,2702
NSGA,simplified-cocome__BRF_clone_1.23__moc_1.64__mcnn_1.80__moncnn_1.45__MaxEval_102__ProbPAs_0.95__sb_none_sbth_6000__Algo_pesa2,2672,invoke_solver,41
NSGA,simplified-cocome__BRF_clone_1.23__moc_1.64__mcnn_1.80__moncnn_1.45__MaxEval_102__ProbPAs_0.95__sb_none_sbth_6000__Algo_pesa2,2672,lqn2uml,2461
NSGA,simplified-cocome__BRF_clone_1.23__moc_1.64__mcnn_1.80__moncnn_1.45__MaxEval_102__ProbPAs_0.95__sb_none_sbth_6000__Algo_pesa2,2672,counting_pas,2672,7169
simplified-cocome,simplified-cocome__BRF_clone_1.23__moc_1.64__mcnn_1.80__moncnn_1.45__MaxEval_102__ProbPAs_0.95__sb_none_sbth_6000__Algo_pesa2,2672,perfQ,2975
simplified-cocome,simplified-cocome__BRF_clone_1.23__moc_1.64__mcnn_1.80__moncnn_1.45__MaxEval_102__ProbPAs_0.95__sb_none_sbth_6000__Algo_pesa2,reliability,155
simplified-cocome,simplified-cocome__BRF_clone_1.23__moc_1.64__mcnn_1.80__moncnn_1.45__MaxEval_102__ProbPAs_0.95__sb_none_sbth_6000__Algo_pesa2,2676,uml2lqn,3561
NSGA,simplified-cocome__BRF_clone_1.23__moc_1.64__mcnn_1.80__moncnn_1.45__MaxEval_102__ProbPAs_0.95__sb_none_sbth_6000__Algo_pesa2,2676,invoke_solver,364
NSGA,simplified-cocome__BRF_clone_1.23__moc_1.64__mcnn_1.80__moncnn_1.45__MaxEval_102__ProbPAs_0.95__sb_none_sbth_6000__Algo_pesa2,2676,lqn2uml,3079
NSGA,simplified-cocome__BRF_clone_1.23__moc_1.64__mcnn_1.80__moncnn_1.45__MaxEval_102__ProbPAs_0.95__sb_none_sbth_6000__Algo_pesa2,2676,counting_pas,2676,7569
simplified-cocome,simplified-cocome__BRF_clone_1.23__moc_1.64__mcnn_1.80__moncnn_1.45__MaxEval_102__ProbPAs_0.95__sb_none_sbth_6000__Algo_pesa2,2676,perfQ,2838
simplified-cocome,simplified-cocome__BRF_clone_1.23__moc_1.64__mcnn_1.80__moncnn_1.45__MaxEval_102__ProbPAs_0.95__sb_none_sbth_6000__Algo_pesa2,reliability,125
simplified-cocome,simplified-cocome__BRF_clone_1.23__moc_1.64__mcnn_1.80__moncnn_1.45__MaxEval_102__ProbPAs_0.95__sb_none_sbth_6000__Algo_pesa2,2680,uml2lqn,3629
NSGA,simplified-cocome__BRF_clone_1.23__moc_1.64__mcnn_1.80__moncnn_1.45__MaxEval_102__ProbPAs_0.95__sb_none_sbth_6000__Algo_pesa2,2680,invoke_solver,56
NSGA,simplified-cocome__BRF_clone_1.23__moc_1.64__mcnn_1.80__moncnn_1.45__MaxEval_102__ProbPAs_0.95__sb_none_sbth_6000__Algo_pesa2,2680,lqn2uml,3315
NSGA,simplified-cocome__BRF_clone_1.23__moc_1.64__mcnn_1.80__moncnn_1.45__MaxEval_102__ProbPAs_0.95__sb_none_sbth_6000__Algo_pesa2,2680,counting_pas,2680,7989
simplified-cocome,simplified-cocome__BRF_clone_1.23__moc_1.64__mcnn_1.80__moncnn_1.45__MaxEval_102__ProbPAs_0.95__sb_none_sbth_6000__Algo_pesa2,2680,perfQ,2197
simplified-cocome,simplified-cocome__BRF_clone_1.23__moc_1.64__mcnn_1.80__moncnn_1.45__MaxEval_102__ProbPAs_0.95__sb_none_sbth_6000__Algo_pesa2,reliability,79
simplified-cocome,simplified-cocome__BRF_clone_1.23__moc_1.64__mcnn_1.80__moncnn_1.45__MaxEval_102__ProbPAs_0.95__sb_none_sbth_6000__Algo_pesa2,2684,uml2lqn,4160
NSGA,simplified-cocome__BRF_clone_1.23__moc_1.64__mcnn_1.80__moncnn_1.45__MaxEval_102__ProbPAs_0.95__sb_none_sbth_6000__Algo_pesa2,2684,invoke_solver,52
NSGA,simplified-cocome__BRF_clone_1.23__moc_1.64__mcnn_1.80__moncnn_1.45__MaxEval_102__ProbPAs_0.95__sb_none_sbth_6000__Algo_pesa2,2684,lqn2uml,3047
NSGA,simplified-cocome__BRF_clone_1.23__moc_1.64__mcnn_1.80__moncnn_1.45__MaxEval_102__ProbPAs_0.95__sb_none_sbth_6000__Algo_pesa2,2684,counting_pas,2684,8366
simplified-cocome,simplified-cocome__BRF_clone_1.23__moc_1.64__mcnn_1.80__moncnn_1.45__MaxEval_102__ProbPAs_0.95__sb_none_sbth_6000__Algo_pesa2,2684,perfQ,1542
simplified-cocome,simplified-cocome__BRF_clone_1.23__moc_1.64__mcnn_1.80__moncnn_1.45__MaxEval_102__ProbPAs_0.95__sb_none_sbth_6000__Algo_pesa2,reliability,121
simplified-cocome,simplified-cocome__BRF_clone_1.23__moc_1.64__mcnn_1.80__moncnn_1.45__MaxEval_102__ProbPAs_0.95__sb_none_sbth_6000__Algo_pesa2,2686,uml2lqn,2752
NSGA,simplified-cocome__BRF_clone_1.23__moc_1.64__mcnn_1.80__moncnn_1.45__MaxEval_102__ProbPAs_0.95__sb_none_sbth_6000__Algo_pesa2,2686,invoke_solver,177
NSGA,simplified-cocome__BRF_clone_1.23__moc_1.64__mcnn_1.80__moncnn_1.45__MaxEval_102__ProbPAs_0.95__sb_none_sbth_6000__Algo_pesa2,2686,lqn2uml,2054
NSGA,simplified-cocome__BRF_clone_1.23__moc_1.64__mcnn_1.80__moncnn_1.45__MaxEval_102__ProbPAs_0.95__sb_none_sbth_6000__Algo_pesa2,2686,counting_pas,2686,5280
simplified-cocome,simplified-cocome__BRF_clone_1.23__moc_1.64__mcnn_1.80__moncnn_1.45__MaxEval_102__ProbPAs_0.95__sb_none_sbth_6000__Algo_pesa2,2686,perfQ,1300
simplified-cocome,simplified-cocome__BRF_clone_1.23__moc_1.64__mcnn_1.80__moncnn_1.45__MaxEval_102__ProbPAs_0.95__sb_none_sbth_6000__Algo_pesa2,reliability,89
simplified-cocome,simplified-cocome__BRF_clone_1.23__moc_1.64__mcnn_1.80__moncnn_1.45__MaxEval_102__ProbPAs_0.95__sb_none_sbth_6000__Algo_pesa2,2690,uml2lqn,3021
NSGA,simplified-cocome__BRF_clone_1.23__moc_1.64__mcnn_1.80__moncnn_1.45__MaxEval_102__ProbPAs_0.95__sb_none_sbth_6000__Algo_pesa2,2690,invoke_solver,270
NSGA,simplified-cocome__BRF_clone_1.23__moc_1.64__mcnn_1.80__moncnn_1.45__MaxEval_102__ProbPAs_0.95__sb_none_sbth_6000__Algo_pesa2,2690,lqn2uml,1384
NSGA,simplified-cocome__BRF_clone_1.23__moc_1.64__mcnn_1.80__moncnn_1.45__MaxEval_102__ProbPAs_0.95__sb_none_sbth_6000__Algo_pesa2,2690,counting_pas,2690,4544
simplified-cocome,simplified-cocome__BRF_clone_1.23__moc_1.64__mcnn_1.80__moncnn_1.45__MaxEval_102__ProbPAs_0.95__sb_none_sbth_6000__Algo_pesa2,2690,perfQ,1364
simplified-cocome,simplified-cocome__BRF_clone_1.23__moc_1.64__mcnn_1.80__moncnn_1.45__MaxEval_102__ProbPAs_0.95__sb_none_sbth_6000__Algo_pesa2,reliability,82
simplified-cocome,simplified-cocome__BRF_clone_1.23__moc_1.64__mcnn_1.80__moncnn_1.45__MaxEval_102__ProbPAs_0.95__sb_none_sbth_6000__Algo_pesa2,2694,uml2lqn,2660
NSGA,simplified-cocome__BRF_clone_1.23__moc_1.64__mcnn_1.80__moncnn_1.45__MaxEval_102__ProbPAs_0.95__sb_none_sbth_6000__Algo_pesa2,2694,invoke_solver,156
NSGA,simplified-cocome__BRF_clone_1.23__moc_1.64__mcnn_1.80__moncnn_1.45__MaxEval_102__ProbPAs_0.95__sb_none_sbth_6000__Algo_pesa2,2694,lqn2uml,2761
NSGA,simplified-cocome__BRF_clone_1.23__moc_1.64__mcnn_1.80__moncnn_1.45__MaxEval_102__ProbPAs_0.95__sb_none_sbth_6000__Algo_pesa2,2694,counting_pas,2694,5253
simplified-cocome,simplified-cocome__BRF_clone_1.23__moc_1.64__mcnn_1.80__moncnn_1.45__MaxEval_102__ProbPAs_0.95__sb_none_sbth_6000__Algo_pesa2,2694,perfQ,1341
simplified-cocome,simplified-cocome__BRF_clone_1.23__moc_1.64__mcnn_1.80__moncnn_1.45__MaxEval_102__ProbPAs_0.95__sb_none_sbth_6000__Algo_pesa2,reliability,104
simplified-cocome,simplified-cocome__BRF_clone_1.23__moc_1.64__mcnn_1.80__moncnn_1.45__MaxEval_102__ProbPAs_0.95__sb_none_sbth_6000__Algo_pesa2,2698,uml2lqn,2574
NSGA,simplified-cocome__BRF_clone_1.23__moc_1.64__mcnn_1.80__moncnn_1.45__MaxEval_102__ProbPAs_0.95__sb_none_sbth_6000__Algo_pesa2,2698,invoke_solver,147
NSGA,simplified-cocome__BRF_clone_1.23__moc_1.64__mcnn_1.80__moncnn_1.45__MaxEval_102__ProbPAs_0.95__sb_none_sbth_6000__Algo_pesa2,2698,lqn2uml,2687
NSGA,simplified-cocome__BRF_clone_1.23__moc_1.64__mcnn_1.80__moncnn_1.45__MaxEval_102__ProbPAs_0.95__sb_none_sbth_6000__Algo_pesa2,2698,counting_pas,2698,5679
simplified-cocome,simplified-cocome__BRF_clone_1.23__moc_1.64__mcnn_1.80__moncnn_1.45__MaxEval_102__ProbPAs_0.95__sb_none_sbth_6000__Algo_pesa2,2698,perfQ,1716
simplified-cocome,simplified-cocome__BRF_clone_1.23__moc_1.64__mcnn_1.80__moncnn_1.45__MaxEval_102__ProbPAs_0.95__sb_none_sbth_6000__Algo_pesa2,reliability,81
simplified-cocome,simplified-cocome__BRF_clone_1.23__moc_1.64__mcnn_1.80__moncnn_1.45__MaxEval_102__ProbPAs_0.95__sb_none_sbth_6000__Algo_pesa2,2702,uml2lqn,2711
NSGA,simplified-cocome__BRF_clone_1.23__moc_1.64__mcnn_1.80__moncnn_1.45__MaxEval_102__ProbPAs_0.95__sb_none_sbth_6000__Algo_pesa2,2702,invoke_solver,156
NSGA,simplified-cocome__BRF_clone_1.23__moc_1.64__mcnn_1.80__moncnn_1.45__MaxEval_102__ProbPAs_0.95__sb_none_sbth_6000__Algo_pesa2,2702,lqn2uml,2338
NSGA,simplified-cocome__BRF_clone_1.23__moc_1.64__mcnn_1.80__moncnn_1.45__MaxEval_102__ProbPAs_0.95__sb_none_sbth_6000__Algo_pesa2,2702,counting_pas,2702,5229
simplified-cocome,simplified-cocome__BRF_clone_1.23__moc_1.64__mcnn_1.80__moncnn_1.45__MaxEval_102__ProbPAs_0.95__sb_none_sbth_6000__Algo_pesa2,2702,perfQ,1962
simplified-cocome,simplified-cocome__BRF_clone_1.23__moc_1.64__mcnn_1.80__moncnn_1.45__MaxEval_102__ProbPAs_0.95__sb_none_sbth_6000__Algo_pesa2,reliability,204
simplified-cocome,simplified-cocome__BRF_clone_1.23__moc_1.64__mcnn_1.80__moncnn_1.45__MaxEval_102__ProbPAs_0.95__sb_none_sbth_6000__Algo_pesa2,2706,uml2lqn,2548
NSGA,simplified-cocome__BRF_clone_1.23__moc_1.64__mcnn_1.80__moncnn_1.45__MaxEval_102__ProbPAs_0.95__sb_none_sbth_6000__Algo_pesa2,2706,invoke_solver,170
NSGA,simplified-cocome__BRF_clone_1.23__moc_1.64__mcnn_1.80__moncnn_1.45__MaxEval_102__ProbPAs_0.95__sb_none_sbth_6000__Algo_pesa2,2706,lqn2uml,2017
NSGA,simplified-cocome__BRF_clone_1.23__moc_1.64__mcnn_1.80__moncnn_1.45__MaxEval_102__ProbPAs_0.95__sb_none_sbth_6000__Algo_pesa2,2706,counting_pas,2706,5119
simplified-cocome,simplified-cocome__BRF_clone_1.23__moc_1.64__mcnn_1.80__moncnn_1.45__MaxEval_102__ProbPAs_0.95__sb_none_sbth_6000__Algo_pesa2,2706,perfQ,1435
simplified-cocome,simplified-cocome__BRF_clone_1.23__moc_1.64__mcnn_1.80__moncnn_1.45__MaxEval_102__ProbPAs_0.95__sb_none_sbth_6000__Algo_pesa2,reliability,83
simplified-cocome,simplified-cocome__BRF_clone_1.23__moc_1.64__mcnn_1.80__moncnn_1.45__MaxEval_102__ProbPAs_0.95__sb_none_sbth_6000__Algo_pesa2,2710,uml2lqn,2548
NSGA,simplified-cocome__BRF_clone_1.23__moc_1.64__mcnn_1.80__moncnn_1.45__MaxEval_102__ProbPAs_0.95__sb_none_sbth_6000__Algo_pesa2,2710,invoke_solver,37
NSGA,simplified-cocome__BRF_clone_1.23__moc_1.64__mcnn_1.80__moncnn_1.45__MaxEval_102__ProbPAs_0.95__sb_none_sbth_6000__Algo_pesa2,2710,lqn2uml,2428
NSGA,simplified-cocome__BRF_clone_1.23__moc_1.64__mcnn_1.80__moncnn_1.45__MaxEval_102__ProbPAs_0.95__sb_none_sbth_6000__Algo_pesa2,2710,counting_pas,2710,6015
simplified-cocome,simplified-cocome__BRF_clone_1.23__moc_1.64__mcnn_1.80__moncnn_1.45__MaxEval_102__ProbPAs_0.95__sb_none_sbth_6000__Algo_pesa2,2710,perfQ,1392
simplified-cocome,simplified-cocome__BRF_clone_1.23__moc_1.64__mcnn_1.80__moncnn_1.45__MaxEval_102__ProbPAs_0.95__sb_none_sbth_6000__Algo_pesa2,reliability,82
simplified-cocome,simplified-cocome__BRF_clone_1.23__moc_1.64__mcnn_1.80__moncnn_1.45__MaxEval_102__ProbPAs_0.95__sb_none_sbth_6000__Algo_pesa2,2714,uml2lqn,4091
NSGA,simplified-cocome__BRF_clone_1.23__moc_1.64__mcnn_1.80__moncnn_1.45__MaxEval_102__ProbPAs_0.95__sb_none_sbth_6000__Algo_pesa2,2714,invoke_solver,202
NSGA,simplified-cocome__BRF_clone_1.23__moc_1.64__mcnn_1.80__moncnn_1.45__MaxEval_102__ProbPAs_0.95__sb_none_sbth_6000__Algo_pesa2,2714,lqn2uml,2063
NSGA,simplified-cocome__BRF_clone_1.23__moc_1.64__mcnn_1.80__moncnn_1.45__MaxEval_102__ProbPAs_0.95__sb_none_sbth_6000__Algo_pesa2,2714,counting_pas,2714,5457
simplified-cocome,simplified-cocome__BRF_clone_1.23__moc_1.64__mcnn_1.80__moncnn_1.45__MaxEval_102__ProbPAs_0.95__sb_none_sbth_6000__Algo_pesa2,2714,perfQ,1293
simplified-cocome,simplified-cocome__BRF_clone_1.23__moc_1.64__mcnn_1.80__moncnn_1.45__MaxEval_102__ProbPAs_0.95__sb_none_sbth_6000__Algo_pesa2,reliability,89
simplified-cocome,simplified-cocome__BRF_clone_1.23__moc_1.64__mcnn_1.80__moncnn_1.45__MaxEval_102__ProbPAs_0.95__sb_none_sbth_6000__Algo_pesa2,2720,uml2lqn,2214
NSGA,simplified-cocome__BRF_clone_1.23__moc_1.64__mcnn_1.80__moncnn_1.45__MaxEval_102__ProbPAs_0.95__sb_none_sbth_6000__Algo_pesa2,2720,invoke_solver,147
NSGA,simplified-cocome__BRF_clone_1.23__moc_1.64__mcnn_1.80__moncnn_1.45__MaxEval_102__ProbPAs_0.95__sb_none_sbth_6000__Algo_pesa2,2720,lqn2uml,1368
NSGA,simplified-cocome__BRF_clone_1.23__moc_1.64__mcnn_1.80__moncnn_1.45__MaxEval_102__ProbPAs_0.95__sb_none_sbth_6000__Algo_pesa2,2720,counting_pas,2720,4285
simplified-cocome,simplified-cocome__BRF_clone_1.23__moc_1.64__mcnn_1.80__moncnn_1.45__MaxEval_102__ProbPAs_0.95__sb_none_sbth_6000__Algo_pesa2,2720,perfQ,1676
simplified-cocome,simplified-cocome__BRF_clone_1.23__moc_1.64__mcnn_1.80__moncnn_1.45__MaxEval_102__ProbPAs_0.95__sb_none_sbth_6000__Algo_pesa2,reliability,114
simplified-cocome,simplified-cocome__BRF_clone_1.23__moc_1.64__mcnn_1.80__moncnn_1.45__MaxEval_102__ProbPAs_0.95__sb_none_sbth_6000__Algo_pesa2,2722,uml2lqn,2254
NSGA,simplified-cocome__BRF_clone_1.23__moc_1.64__mcnn_1.80__moncnn_1.45__MaxEval_102__ProbPAs_0.95__sb_none_sbth_6000__Algo_pesa2,2722,invoke_solver,43
NSGA,simplified-cocome__BRF_clone_1.23__moc_1.64__mcnn_1.80__moncnn_1.45__MaxEval_102__ProbPAs_0.95__sb_none_sbth_6000__Algo_pesa2,2722,lqn2uml,1370
NSGA,simplified-cocome__BRF_clone_1.23__moc_1.64__mcnn_1.80__moncnn_1.45__MaxEval_102__ProbPAs_0.95__sb_none_sbth_6000__Algo_pesa2,2722,counting_pas,2722,4172
simplified-cocome,simplified-cocome__BRF_clone_1.23__moc_1.64__mcnn_1.80__moncnn_1.45__MaxEval_102__ProbPAs_0.95__sb_none_sbth_6000__Algo_pesa2,2722,perfQ,1302
simplified-cocome,simplified-cocome__BRF_clone_1.23__moc_1.64__mcnn_1.80__moncnn_1.45__MaxEval_102__ProbPAs_0.95__sb_none_sbth_6000__Algo_pesa2,reliability,110
simplified-cocome,simplified-cocome__BRF_clone_1.23__moc_1.64__mcnn_1.80__moncnn_1.45__MaxEval_102__ProbPAs_0.95__sb_none_sbth_6000__Algo_pesa2,2726,uml2lqn,2219
NSGA,simplified-cocome__BRF_clone_1.23__moc_1.64__mcnn_1.80__moncnn_1.45__MaxEval_102__ProbPAs_0.95__sb_none_sbth_6000__Algo_pesa2,2726,invoke_solver,156
NSGA,simplified-cocome__BRF_clone_1.23__moc_1.64__mcnn_1.80__moncnn_1.45__MaxEval_102__ProbPAs_0.95__sb_none_sbth_6000__Algo_pesa2,2726,lqn2uml,1361
NSGA,simplified-cocome__BRF_clone_1.23__moc_1.64__mcnn_1.80__moncnn_1.45__MaxEval_102__ProbPAs_0.95__sb_none_sbth_6000__Algo_pesa2,2726,counting_pas,2726,4050
simplified-cocome,simplified-cocome__BRF_clone_1.23__moc_1.64__mcnn_1.80__moncnn_1.45__MaxEval_102__ProbPAs_0.95__sb_none_sbth_6000__Algo_pesa2,2726,perfQ,1353
simplified-cocome,simplified-cocome__BRF_clone_1.23__moc_1.64__mcnn_1.80__moncnn_1.45__MaxEval_102__ProbPAs_0.95__sb_none_sbth_6000__Algo_pesa2,reliability,113
simplified-cocome,simplified-cocome__BRF_clone_1.23__moc_1.64__mcnn_1.80__moncnn_1.45__MaxEval_102__ProbPAs_0.95__sb_none_sbth_6000__Algo_pesa2,2728,uml2lqn,2213
NSGA,simplified-cocome__BRF_clone_1.23__moc_1.64__mcnn_1.80__moncnn_1.45__MaxEval_102__ProbPAs_0.95__sb_none_sbth_6000__Algo_pesa2,2728,invoke_solver,43
NSGA,simplified-cocome__BRF_clone_1.23__moc_1.64__mcnn_1.80__moncnn_1.45__MaxEval_102__ProbPAs_0.95__sb_none_sbth_6000__Algo_pesa2,2728,lqn2uml,1305
NSGA,simplified-cocome__BRF_clone_1.23__moc_1.64__mcnn_1.80__moncnn_1.45__MaxEval_102__ProbPAs_0.95__sb_none_sbth_6000__Algo_pesa2,2728,counting_pas,2728,4447
simplified-cocome,simplified-cocome__BRF_clone_1.23__moc_1.64__mcnn_1.80__moncnn_1.45__MaxEval_102__ProbPAs_0.95__sb_none_sbth_6000__Algo_pesa2,2728,perfQ,1317
simplified-cocome,simplified-cocome__BRF_clone_1.23__moc_1.64__mcnn_1.80__moncnn_1.45__MaxEval_102__ProbPAs_0.95__sb_none_sbth_6000__Algo_pesa2,reliability,103
simplified-cocome,simplified-cocome__BRF_clone_1.23__moc_1.64__mcnn_1.80__moncnn_1.45__MaxEval_102__ProbPAs_0.95__sb_none_sbth_6000__Algo_pesa2,2732,uml2lqn,2705
NSGA,simplified-cocome__BRF_clone_1.23__moc_1.64__mcnn_1.80__moncnn_1.45__MaxEval_102__ProbPAs_0.95__sb_none_sbth_6000__Algo_pesa2,2732,invoke_solver,43
NSGA,simplified-cocome__BRF_clone_1.23__moc_1.64__mcnn_1.80__moncnn_1.45__MaxEval_102__ProbPAs_0.95__sb_none_sbth_6000__Algo_pesa2,2732,lqn2uml,1322
NSGA,simplified-cocome__BRF_clone_1.23__moc_1.64__mcnn_1.80__moncnn_1.45__MaxEval_102__ProbPAs_0.95__sb_none_sbth_6000__Algo_pesa2,2732,counting_pas,2732,4082
simplified-cocome,simplified-cocome__BRF_clone_1.23__moc_1.64__mcnn_1.80__moncnn_1.45__MaxEval_102__ProbPAs_0.95__sb_none_sbth_6000__Algo_pesa2,2732,perfQ,1654
simplified-cocome,simplified-cocome__BRF_clone_1.23__moc_1.64__mcnn_1.80__moncnn_1.45__MaxEval_102__ProbPAs_0.95__sb_none_sbth_6000__Algo_pesa2,reliability,78
simplified-cocome,simplified-cocome__BRF_clone_1.23__moc_1.64__mcnn_1.80__moncnn_1.45__MaxEval_102__ProbPAs_0.95__sb_none_sbth_6000__Algo_pesa2,2736,uml2lqn,2699
NSGA,simplified-cocome__BRF_clone_1.23__moc_1.64__mcnn_1.80__moncnn_1.45__MaxEval_102__ProbPAs_0.95__sb_none_sbth_6000__Algo_pesa2,2736,invoke_solver,163
NSGA,simplified-cocome__BRF_clone_1.23__moc_1.64__mcnn_1.80__moncnn_1.45__MaxEval_102__ProbPAs_0.95__sb_none_sbth_6000__Algo_pesa2,2736,lqn2uml,1301
NSGA,simplified-cocome__BRF_clone_1.23__moc_1.64__mcnn_1.80__moncnn_1.45__MaxEval_102__ProbPAs_0.95__sb_none_sbth_6000__Algo_pesa2,2736,counting_pas,2736,3637
simplified-cocome,simplified-cocome__BRF_clone_1.23__moc_1.64__mcnn_1.80__moncnn_1.45__MaxEval_102__ProbPAs_0.95__sb_none_sbth_6000__Algo_pesa2,2736,perfQ,1742
simplified-cocome,simplified-cocome__BRF_clone_1.23__moc_1.64__mcnn_1.80__moncnn_1.45__MaxEval_102__ProbPAs_0.95__sb_none_sbth_6000__Algo_pesa2,reliability,111
simplified-cocome,simplified-cocome__BRF_clone_1.23__moc_1.64__mcnn_1.80__moncnn_1.45__MaxEval_102__ProbPAs_0.95__sb_none_sbth_6000__Algo_pesa2,2740,uml2lqn,2529
NSGA,simplified-cocome__BRF_clone_1.23__moc_1.64__mcnn_1.80__moncnn_1.45__MaxEval_102__ProbPAs_0.95__sb_none_sbth_6000__Algo_pesa2,2740,invoke_solver,71
NSGA,simplified-cocome__BRF_clone_1.23__moc_1.64__mcnn_1.80__moncnn_1.45__MaxEval_102__ProbPAs_0.95__sb_none_sbth_6000__Algo_pesa2,2740,lqn2uml,1733
NSGA,simplified-cocome__BRF_clone_1.23__moc_1.64__mcnn_1.80__moncnn_1.45__MaxEval_102__ProbPAs_0.95__sb_none_sbth_6000__Algo_pesa2,2740,counting_pas,2740,3978
simplified-cocome,simplified-cocome__BRF_clone_1.23__moc_1.64__mcnn_1.80__moncnn_1.45__MaxEval_102__ProbPAs_0.95__sb_none_sbth_6000__Algo_pesa2,2740,perfQ,1775
simplified-cocome,simplified-cocome__BRF_clone_1.23__moc_1.64__mcnn_1.80__moncnn_1.45__MaxEval_102__ProbPAs_0.95__sb_none_sbth_6000__Algo_pesa2,reliability,85
simplified-cocome,simplified-cocome__BRF_clone_1.23__moc_1.64__mcnn_1.80__moncnn_1.45__MaxEval_102__ProbPAs_0.95__sb_none_sbth_6000__Algo_pesa2,2744,uml2lqn,2459
NSGA,simplified-cocome__BRF_clone_1.23__moc_1.64__mcnn_1.80__moncnn_1.45__MaxEval_102__ProbPAs_0.95__sb_none_sbth_6000__Algo_pesa2,2744,invoke_solver,262
NSGA,simplified-cocome__BRF_clone_1.23__moc_1.64__mcnn_1.80__moncnn_1.45__MaxEval_102__ProbPAs_0.95__sb_none_sbth_6000__Algo_pesa2,2744,lqn2uml,1610
NSGA,simplified-cocome__BRF_clone_1.23__moc_1.64__mcnn_1.80__moncnn_1.45__MaxEval_102__ProbPAs_0.95__sb_none_sbth_6000__Algo_pesa2,2744,counting_pas,2744,3719
simplified-cocome,simplified-cocome__BRF_clone_1.23__moc_1.64__mcnn_1.80__moncnn_1.45__MaxEval_102__ProbPAs_0.95__sb_none_sbth_6000__Algo_pesa2,2744,perfQ,1757
simplified-cocome,simplified-cocome__BRF_clone_1.23__moc_1.64__mcnn_1.80__moncnn_1.45__MaxEval_102__ProbPAs_0.95__sb_none_sbth_6000__Algo_pesa2,reliability,90
simplified-cocome,simplified-cocome__BRF_clone_1.23__moc_1.64__mcnn_1.80__moncnn_1.45__MaxEval_102__ProbPAs_0.95__sb_none_sbth_6000__Algo_pesa2,2748,uml2lqn,2276
NSGA,simplified-cocome__BRF_clone_1.23__moc_1.64__mcnn_1.80__moncnn_1.45__MaxEval_102__ProbPAs_0.95__sb_none_sbth_6000__Algo_pesa2,2748,invoke_solver,174
NSGA,simplified-cocome__BRF_clone_1.23__moc_1.64__mcnn_1.80__moncnn_1.45__MaxEval_102__ProbPAs_0.95__sb_none_sbth_6000__Algo_pesa2,2748,lqn2uml,1445
NSGA,simplified-cocome__BRF_clone_1.23__moc_1.64__mcnn_1.80__moncnn_1.45__MaxEval_102__ProbPAs_0.95__sb_none_sbth_6000__Algo_pesa2,2748,counting_pas,2748,4738
simplified-cocome,simplified-cocome__BRF_clone_1.23__moc_1.64__mcnn_1.80__moncnn_1.45__MaxEval_102__ProbPAs_0.95__sb_none_sbth_6000__Algo_pesa2,2748,perfQ,1329
simplified-cocome,simplified-cocome__BRF_clone_1.23__moc_1.64__mcnn_1.80__moncnn_1.45__MaxEval_102__ProbPAs_0.95__sb_none_sbth_6000__Algo_pesa2,reliability,77
simplified-cocome,simplified-cocome__BRF_clone_1.23__moc_1.64__mcnn_1.80__moncnn_1.45__MaxEval_102__ProbPAs_0.95__sb_none_sbth_6000__Algo_pesa2,2752,uml2lqn,2056
NSGA,simplified-cocome__BRF_clone_1.23__moc_1.64__mcnn_1.80__moncnn_1.45__MaxEval_102__ProbPAs_0.95__sb_none_sbth_6000__Algo_pesa2,2752,invoke_solver,134
NSGA,simplified-cocome__BRF_clone_1.23__moc_1.64__mcnn_1.80__moncnn_1.45__MaxEval_102__ProbPAs_0.95__sb_none_sbth_6000__Algo_pesa2,2752,lqn2uml,1359
NSGA,simplified-cocome__BRF_clone_1.23__moc_1.64__mcnn_1.80__moncnn_1.45__MaxEval_102__ProbPAs_0.95__sb_none_sbth_6000__Algo_pesa2,2752,counting_pas,2752,3911
simplified-cocome,simplified-cocome__BRF_clone_1.23__moc_1.64__mcnn_1.80__moncnn_1.45__MaxEval_102__ProbPAs_0.95__sb_none_sbth_6000__Algo_pesa2,2752,perfQ,1317
simplified-cocome,simplified-cocome__BRF_clone_1.23__moc_1.64__mcnn_1.80__moncnn_1.45__MaxEval_102__ProbPAs_0.95__sb_none_sbth_6000__Algo_pesa2,reliability,93
simplified-cocome,simplified-cocome__BRF_clone_1.23__moc_1.64__mcnn_1.80__moncnn_1.45__MaxEval_102__ProbPAs_0.95__sb_none_sbth_6000__Algo_pesa2,2756,uml2lqn,2535
NSGA,simplified-cocome__BRF_clone_1.23__moc_1.64__mcnn_1.80__moncnn_1.45__MaxEval_102__ProbPAs_0.95__sb_none_sbth_6000__Algo_pesa2,2756,invoke_solver,174
NSGA,simplified-cocome__BRF_clone_1.23__moc_1.64__mcnn_1.80__moncnn_1.45__MaxEval_102__ProbPAs_0.95__sb_none_sbth_6000__Algo_pesa2,2756,lqn2uml,1332
NSGA,simplified-cocome__BRF_clone_1.23__moc_1.64__mcnn_1.80__moncnn_1.45__MaxEval_102__ProbPAs_0.95__sb_none_sbth_6000__Algo_pesa2,2756,counting_pas,2756,5026
simplified-cocome,simplified-cocome__BRF_clone_1.23__moc_1.64__mcnn_1.80__moncnn_1.45__MaxEval_102__ProbPAs_0.95__sb_none_sbth_6000__Algo_pesa2,2756,perfQ,1303
simplified-cocome,simplified-cocome__BRF_clone_1.23__moc_1.64__mcnn_1.80__moncnn_1.45__MaxEval_102__ProbPAs_0.95__sb_none_sbth_6000__Algo_pesa2,reliability,91
simplified-cocome,simplified-cocome__BRF_clone_1.23__moc_1.64__mcnn_1.80__moncnn_1.45__MaxEval_102__ProbPAs_0.95__sb_none_sbth_6000__Algo_pesa2,2760,uml2lqn,2263
NSGA,simplified-cocome__BRF_clone_1.23__moc_1.64__mcnn_1.80__moncnn_1.45__MaxEval_102__ProbPAs_0.95__sb_none_sbth_6000__Algo_pesa2,2760,invoke_solver,147
NSGA,simplified-cocome__BRF_clone_1.23__moc_1.64__mcnn_1.80__moncnn_1.45__MaxEval_102__ProbPAs_0.95__sb_none_sbth_6000__Algo_pesa2,2760,lqn2uml,1363
NSGA,simplified-cocome__BRF_clone_1.23__moc_1.64__mcnn_1.80__moncnn_1.45__MaxEval_102__ProbPAs_0.95__sb_none_sbth_6000__Algo_pesa2,2760,counting_pas,2760,4452
simplified-cocome,simplified-cocome__BRF_clone_1.23__moc_1.64__mcnn_1.80__moncnn_1.45__MaxEval_102__ProbPAs_0.95__sb_none_sbth_6000__Algo_pesa2,2760,perfQ,1356
simplified-cocome,simplified-cocome__BRF_clone_1.23__moc_1.64__mcnn_1.80__moncnn_1.45__MaxEval_102__ProbPAs_0.95__sb_none_sbth_6000__Algo_pesa2,reliability,79
simplified-cocome,simplified-cocome__BRF_clone_1.23__moc_1.64__mcnn_1.80__moncnn_1.45__MaxEval_102__ProbPAs_0.95__sb_none_sbth_6000__Algo_pesa2,2764,uml2lqn,2324
NSGA,simplified-cocome__BRF_clone_1.23__moc_1.64__mcnn_1.80__moncnn_1.45__MaxEval_102__ProbPAs_0.95__sb_none_sbth_6000__Algo_pesa2,2764,invoke_solver,202
NSGA,simplified-cocome__BRF_clone_1.23__moc_1.64__mcnn_1.80__moncnn_1.45__MaxEval_102__ProbPAs_0.95__sb_none_sbth_6000__Algo_pesa2,2764,lqn2uml,1320
NSGA,simplified-cocome__BRF_clone_1.23__moc_1.64__mcnn_1.80__moncnn_1.45__MaxEval_102__ProbPAs_0.95__sb_none_sbth_6000__Algo_pesa2,2764,counting_pas,2764,5266
simplified-cocome,simplified-cocome__BRF_clone_1.23__moc_1.64__mcnn_1.80__moncnn_1.45__MaxEval_102__ProbPAs_0.95__sb_none_sbth_6000__Algo_pesa2,2764,perfQ,1632
simplified-cocome,simplified-cocome__BRF_clone_1.23__moc_1.64__mcnn_1.80__moncnn_1.45__MaxEval_102__ProbPAs_0.95__sb_none_sbth_6000__Algo_pesa2,reliability,94
simplified-cocome,simplified-cocome__BRF_clone_1.23__moc_1.64__mcnn_1.80__moncnn_1.45__MaxEval_102__ProbPAs_0.95__sb_none_sbth_6000__Algo_pesa2,2768,uml2lqn,2176
NSGA,simplified-cocome__BRF_clone_1.23__moc_1.64__mcnn_1.80__moncnn_1.45__MaxEval_102__ProbPAs_0.95__sb_none_sbth_6000__Algo_pesa2,2768,invoke_solver,175
NSGA,simplified-cocome__BRF_clone_1.23__moc_1.64__mcnn_1.80__moncnn_1.45__MaxEval_102__ProbPAs_0.95__sb_none_sbth_6000__Algo_pesa2,2768,lqn2uml,1345
NSGA,simplified-cocome__BRF_clone_1.23__moc_1.64__mcnn_1.80__moncnn_1.45__MaxEval_102__ProbPAs_0.95__sb_none_sbth_6000__Algo_pesa2,2768,counting_pas,2768,5362
simplified-cocome,simplified-cocome__BRF_clone_1.23__moc_1.64__mcnn_1.80__moncnn_1.45__MaxEval_102__ProbPAs_0.95__sb_none_sbth_6000__Algo_pesa2,2768,perfQ,1597
simplified-cocome,simplified-cocome__BRF_clone_1.23__moc_1.64__mcnn_1.80__moncnn_1.45__MaxEval_102__ProbPAs_0.95__sb_none_sbth_6000__Algo_pesa2,reliability,126
simplified-cocome,simplified-cocome__BRF_clone_1.23__moc_1.64__mcnn_1.80__moncnn_1.45__MaxEval_102__ProbPAs_0.95__sb_none_sbth_6000__Algo_pesa2,2772,uml2lqn,2186
NSGA,simplified-cocome__BRF_clone_1.23__moc_1.64__mcnn_1.80__moncnn_1.45__MaxEval_102__ProbPAs_0.95__sb_none_sbth_6000__Algo_pesa2,2772,invoke_solver,222
NSGA,simplified-cocome__BRF_clone_1.23__moc_1.64__mcnn_1.80__moncnn_1.45__MaxEval_102__ProbPAs_0.95__sb_none_sbth_6000__Algo_pesa2,2772,lqn2uml,1867
NSGA,simplified-cocome__BRF_clone_1.23__moc_1.64__mcnn_1.80__moncnn_1.45__MaxEval_102__ProbPAs_0.95__sb_none_sbth_6000__Algo_pesa2,2772,counting_pas,2772,5108
simplified-cocome,simplified-cocome__BRF_clone_1.23__moc_1.64__mcnn_1.80__moncnn_1.45__MaxEval_102__ProbPAs_0.95__sb_none_sbth_6000__Algo_pesa2,2772,perfQ,1362
simplified-cocome,simplified-cocome__BRF_clone_1.23__moc_1.64__mcnn_1.80__moncnn_1.45__MaxEval_102__ProbPAs_0.95__sb_none_sbth_6000__Algo_pesa2,reliability,80
simplified-cocome,simplified-cocome__BRF_clone_1.23__moc_1.64__mcnn_1.80__moncnn_1.45__MaxEval_102__ProbPAs_0.95__sb_none_sbth_6000__Algo_pesa2,2776,uml2lqn,2400
NSGA,simplified-cocome__BRF_clone_1.23__moc_1.64__mcnn_1.80__moncnn_1.45__MaxEval_102__ProbPAs_0.95__sb_none_sbth_6000__Algo_pesa2,2776,invoke_solver,134
NSGA,simplified-cocome__BRF_clone_1.23__moc_1.64__mcnn_1.80__moncnn_1.45__MaxEval_102__ProbPAs_0.95__sb_none_sbth_6000__Algo_pesa2,2776,lqn2uml,1851
NSGA,simplified-cocome__BRF_clone_1.23__moc_1.64__mcnn_1.80__moncnn_1.45__MaxEval_102__ProbPAs_0.95__sb_none_sbth_6000__Algo_pesa2,2776,counting_pas,2776,4225
simplified-cocome,simplified-cocome__BRF_clone_1.23__moc_1.64__mcnn_1.80__moncnn_1.45__MaxEval_102__ProbPAs_0.95__sb_none_sbth_6000__Algo_pesa2,2776,perfQ,1291
simplified-cocome,simplified-cocome__BRF_clone_1.23__moc_1.64__mcnn_1.80__moncnn_1.45__MaxEval_102__ProbPAs_0.95__sb_none_sbth_6000__Algo_pesa2,reliability,81
simplified-cocome,simplified-cocome__BRF_clone_1.23__moc_1.64__mcnn_1.80__moncnn_1.45__MaxEval_102__ProbPAs_0.95__sb_none_sbth_6000__Algo_pesa2,2780,uml2lqn,2164
NSGA,simplified-cocome__BRF_clone_1.23__moc_1.64__mcnn_1.80__moncnn_1.45__MaxEval_102__ProbPAs_0.95__sb_none_sbth_6000__Algo_pesa2,2780,invoke_solver,37
NSGA,simplified-cocome__BRF_clone_1.23__moc_1.64__mcnn_1.80__moncnn_1.45__MaxEval_102__ProbPAs_0.95__sb_none_sbth_6000__Algo_pesa2,2780,lqn2uml,1374
NSGA,simplified-cocome__BRF_clone_1.23__moc_1.64__mcnn_1.80__moncnn_1.45__MaxEval_102__ProbPAs_0.95__sb_none_sbth_6000__Algo_pesa2,2780,counting_pas,2780,4109
simplified-cocome,simplified-cocome__BRF_clone_1.23__moc_1.64__mcnn_1.80__moncnn_1.45__MaxEval_102__ProbPAs_0.95__sb_none_sbth_6000__Algo_pesa2,2780,perfQ,1326
simplified-cocome,simplified-cocome__BRF_clone_1.23__moc_1.64__mcnn_1.80__moncnn_1.45__MaxEval_102__ProbPAs_0.95__sb_none_sbth_6000__Algo_pesa2,reliability,97
simplified-cocome,simplified-cocome__BRF_clone_1.23__moc_1.64__mcnn_1.80__moncnn_1.45__MaxEval_102__ProbPAs_0.95__sb_none_sbth_6000__Algo_pesa2,2784,uml2lqn,2091
NSGA,simplified-cocome__BRF_clone_1.23__moc_1.64__mcnn_1.80__moncnn_1.45__MaxEval_102__ProbPAs_0.95__sb_none_sbth_6000__Algo_pesa2,2784,invoke_solver,41
NSGA,simplified-cocome__BRF_clone_1.23__moc_1.64__mcnn_1.80__moncnn_1.45__MaxEval_102__ProbPAs_0.95__sb_none_sbth_6000__Algo_pesa2,2784,lqn2uml,1380
NSGA,simplified-cocome__BRF_clone_1.23__moc_1.64__mcnn_1.80__moncnn_1.45__MaxEval_102__ProbPAs_0.95__sb_none_sbth_6000__Algo_pesa2,2784,counting_pas,2784,3983
simplified-cocome,simplified-cocome__BRF_clone_1.23__moc_1.64__mcnn_1.80__moncnn_1.45__MaxEval_102__ProbPAs_0.95__sb_none_sbth_6000__Algo_pesa2,2784,perfQ,1302
simplified-cocome,simplified-cocome__BRF_clone_1.23__moc_1.64__mcnn_1.80__moncnn_1.45__MaxEval_102__ProbPAs_0.95__sb_none_sbth_6000__Algo_pesa2,reliability,80
simplified-cocome,simplified-cocome__BRF_clone_1.23__moc_1.64__mcnn_1.80__moncnn_1.45__MaxEval_102__ProbPAs_0.95__sb_none_sbth_6000__Algo_pesa2,2788,uml2lqn,2078
NSGA,simplified-cocome__BRF_clone_1.23__moc_1.64__mcnn_1.80__moncnn_1.45__MaxEval_102__ProbPAs_0.95__sb_none_sbth_6000__Algo_pesa2,2788,invoke_solver,40
NSGA,simplified-cocome__BRF_clone_1.23__moc_1.64__mcnn_1.80__moncnn_1.45__MaxEval_102__ProbPAs_0.95__sb_none_sbth_6000__Algo_pesa2,2788,lqn2uml,1325
NSGA,simplified-cocome__BRF_clone_1.23__moc_1.64__mcnn_1.80__moncnn_1.45__MaxEval_102__ProbPAs_0.95__sb_none_sbth_6000__Algo_pesa2,2788,counting_pas,2788,3975
simplified-cocome,simplified-cocome__BRF_clone_1.23__moc_1.64__mcnn_1.80__moncnn_1.45__MaxEval_102__ProbPAs_0.95__sb_none_sbth_6000__Algo_pesa2,2788,perfQ,1302
simplified-cocome,simplified-cocome__BRF_clone_1.23__moc_1.64__mcnn_1.80__moncnn_1.45__MaxEval_102__ProbPAs_0.95__sb_none_sbth_6000__Algo_pesa2,reliability,78
simplified-cocome,simplified-cocome__BRF_clone_1.23__moc_1.64__mcnn_1.80__moncnn_1.45__MaxEval_102__ProbPAs_0.95__sb_none_sbth_6000__Algo_pesa2,2790,uml2lqn,2125
NSGA,simplified-cocome__BRF_clone_1.23__moc_1.64__mcnn_1.80__moncnn_1.45__MaxEval_102__ProbPAs_0.95__sb_none_sbth_6000__Algo_pesa2,2790,invoke_solver,37
NSGA,simplified-cocome__BRF_clone_1.23__moc_1.64__mcnn_1.80__moncnn_1.45__MaxEval_102__ProbPAs_0.95__sb_none_sbth_6000__Algo_pesa2,2790,lqn2uml,1353
NSGA,simplified-cocome__BRF_clone_1.23__moc_1.64__mcnn_1.80__moncnn_1.45__MaxEval_102__ProbPAs_0.95__sb_none_sbth_6000__Algo_pesa2,2790,counting_pas,2790,4115
simplified-cocome,simplified-cocome__BRF_clone_1.23__moc_1.64__mcnn_1.80__moncnn_1.45__MaxEval_102__ProbPAs_0.95__sb_none_sbth_6000__Algo_pesa2,2790,perfQ,1286
simplified-cocome,simplified-cocome__BRF_clone_1.23__moc_1.64__mcnn_1.80__moncnn_1.45__MaxEval_102__ProbPAs_0.95__sb_none_sbth_6000__Algo_pesa2,reliability,78
simplified-cocome,simplified-cocome__BRF_clone_1.23__moc_1.64__mcnn_1.80__moncnn_1.45__MaxEval_102__ProbPAs_0.95__sb_none_sbth_6000__Algo_pesa2,2794,uml2lqn,2152
NSGA,simplified-cocome__BRF_clone_1.23__moc_1.64__mcnn_1.80__moncnn_1.45__MaxEval_102__ProbPAs_0.95__sb_none_sbth_6000__Algo_pesa2,2794,invoke_solver,84
NSGA,simplified-cocome__BRF_clone_1.23__moc_1.64__mcnn_1.80__moncnn_1.45__MaxEval_102__ProbPAs_0.95__sb_none_sbth_6000__Algo_pesa2,2794,lqn2uml,1349
NSGA,simplified-cocome__BRF_clone_1.23__moc_1.64__mcnn_1.80__moncnn_1.45__MaxEval_102__ProbPAs_0.95__sb_none_sbth_6000__Algo_pesa2,2794,counting_pas,2794,4256
simplified-cocome,simplified-cocome__BRF_clone_1.23__moc_1.64__mcnn_1.80__moncnn_1.45__MaxEval_102__ProbPAs_0.95__sb_none_sbth_6000__Algo_pesa2,2794,perfQ,1275
simplified-cocome,simplified-cocome__BRF_clone_1.23__moc_1.64__mcnn_1.80__moncnn_1.45__MaxEval_102__ProbPAs_0.95__sb_none_sbth_6000__Algo_pesa2,reliability,100
simplified-cocome,simplified-cocome__BRF_clone_1.23__moc_1.64__mcnn_1.80__moncnn_1.45__MaxEval_102__ProbPAs_0.95__sb_none_sbth_6000__Algo_pesa2,2798,uml2lqn,2083
NSGA,simplified-cocome__BRF_clone_1.23__moc_1.64__mcnn_1.80__moncnn_1.45__MaxEval_102__ProbPAs_0.95__sb_none_sbth_6000__Algo_pesa2,2798,invoke_solver,126
NSGA,simplified-cocome__BRF_clone_1.23__moc_1.64__mcnn_1.80__moncnn_1.45__MaxEval_102__ProbPAs_0.95__sb_none_sbth_6000__Algo_pesa2,2798,lqn2uml,1393
NSGA,simplified-cocome__BRF_clone_1.23__moc_1.64__mcnn_1.80__moncnn_1.45__MaxEval_102__ProbPAs_0.95__sb_none_sbth_6000__Algo_pesa2,2798,counting_pas,2798,4059
simplified-cocome,simplified-cocome__BRF_clone_1.23__moc_1.64__mcnn_1.80__moncnn_1.45__MaxEval_102__ProbPAs_0.95__sb_none_sbth_6000__Algo_pesa2,2798,perfQ,1289
simplified-cocome,simplified-cocome__BRF_clone_1.23__moc_1.64__mcnn_1.80__moncnn_1.45__MaxEval_102__ProbPAs_0.95__sb_none_sbth_6000__Algo_pesa2,reliability,78
simplified-cocome,simplified-cocome__BRF_clone_1.23__moc_1.64__mcnn_1.80__moncnn_1.45__MaxEval_102__ProbPAs_0.95__sb_none_sbth_6000__Algo_pesa2,2800,uml2lqn,2038
NSGA,simplified-cocome__BRF_clone_1.23__moc_1.64__mcnn_1.80__moncnn_1.45__MaxEval_102__ProbPAs_0.95__sb_none_sbth_6000__Algo_pesa2,2800,invoke_solver,40
NSGA,simplified-cocome__BRF_clone_1.23__moc_1.64__mcnn_1.80__moncnn_1.45__MaxEval_102__ProbPAs_0.95__sb_none_sbth_6000__Algo_pesa2,2800,lqn2uml,1343
NSGA,simplified-cocome__BRF_clone_1.23__moc_1.64__mcnn_1.80__moncnn_1.45__MaxEval_102__ProbPAs_0.95__sb_none_sbth_6000__Algo_pesa2,2800,counting_pas,2800,3547
simplified-cocome,simplified-cocome__BRF_clone_1.23__moc_1.64__mcnn_1.80__moncnn_1.45__MaxEval_102__ProbPAs_0.95__sb_none_sbth_6000__Algo_pesa2,2800,perfQ,1270
simplified-cocome,simplified-cocome__BRF_clone_1.23__moc_1.64__mcnn_1.80__moncnn_1.45__MaxEval_102__ProbPAs_0.95__sb_none_sbth_6000__Algo_pesa2,reliability,96
simplified-cocome,simplified-cocome__BRF_clone_1.23__moc_1.64__mcnn_1.80__moncnn_1.45__MaxEval_102__ProbPAs_0.95__sb_none_sbth_6000__Algo_pesa2,2804,uml2lqn,2039
NSGA,simplified-cocome__BRF_clone_1.23__moc_1.64__mcnn_1.80__moncnn_1.45__MaxEval_102__ProbPAs_0.95__sb_none_sbth_6000__Algo_pesa2,2804,invoke_solver,133
NSGA,simplified-cocome__BRF_clone_1.23__moc_1.64__mcnn_1.80__moncnn_1.45__MaxEval_102__ProbPAs_0.95__sb_none_sbth_6000__Algo_pesa2,2804,lqn2uml,1372
NSGA,simplified-cocome__BRF_clone_1.23__moc_1.64__mcnn_1.80__moncnn_1.45__MaxEval_102__ProbPAs_0.95__sb_none_sbth_6000__Algo_pesa2,2804,counting_pas,2804,3916
simplified-cocome,simplified-cocome__BRF_clone_1.23__moc_1.64__mcnn_1.80__moncnn_1.45__MaxEval_102__ProbPAs_0.95__sb_none_sbth_6000__Algo_pesa2,2804,perfQ,1284
simplified-cocome,simplified-cocome__BRF_clone_1.23__moc_1.64__mcnn_1.80__moncnn_1.45__MaxEval_102__ProbPAs_0.95__sb_none_sbth_6000__Algo_pesa2,reliability,78
simplified-cocome,simplified-cocome__BRF_clone_1.23__moc_1.64__mcnn_1.80__moncnn_1.45__MaxEval_102__ProbPAs_0.95__sb_none_sbth_6000__Algo_pesa2,2808,uml2lqn,2286
NSGA,simplified-cocome__BRF_clone_1.23__moc_1.64__mcnn_1.80__moncnn_1.45__MaxEval_102__ProbPAs_0.95__sb_none_sbth_6000__Algo_pesa2,2808,invoke_solver,177
NSGA,simplified-cocome__BRF_clone_1.23__moc_1.64__mcnn_1.80__moncnn_1.45__MaxEval_102__ProbPAs_0.95__sb_none_sbth_6000__Algo_pesa2,2808,lqn2uml,1422
NSGA,simplified-cocome__BRF_clone_1.23__moc_1.64__mcnn_1.80__moncnn_1.45__MaxEval_102__ProbPAs_0.95__sb_none_sbth_6000__Algo_pesa2,2808,counting_pas,2808,4772
simplified-cocome,simplified-cocome__BRF_clone_1.23__moc_1.64__mcnn_1.80__moncnn_1.45__MaxEval_102__ProbPAs_0.95__sb_none_sbth_6000__Algo_pesa2,2808,perfQ,1331
simplified-cocome,simplified-cocome__BRF_clone_1.23__moc_1.64__mcnn_1.80__moncnn_1.45__MaxEval_102__ProbPAs_0.95__sb_none_sbth_6000__Algo_pesa2,reliability,95
simplified-cocome,simplified-cocome__BRF_clone_1.23__moc_1.64__mcnn_1.80__moncnn_1.45__MaxEval_102__ProbPAs_0.95__sb_none_sbth_6000__Algo_pesa2,2812,uml2lqn,2184
NSGA,simplified-cocome__BRF_clone_1.23__moc_1.64__mcnn_1.80__moncnn_1.45__MaxEval_102__ProbPAs_0.95__sb_none_sbth_6000__Algo_pesa2,2812,invoke_solver,146
NSGA,simplified-cocome__BRF_clone_1.23__moc_1.64__mcnn_1.80__moncnn_1.45__MaxEval_102__ProbPAs_0.95__sb_none_sbth_6000__Algo_pesa2,2812,lqn2uml,1387
NSGA,simplified-cocome__BRF_clone_1.23__moc_1.64__mcnn_1.80__moncnn_1.45__MaxEval_102__ProbPAs_0.95__sb_none_sbth_6000__Algo_pesa2,2812,counting_pas,2812,4280
simplified-cocome,simplified-cocome__BRF_clone_1.23__moc_1.64__mcnn_1.80__moncnn_1.45__MaxEval_102__ProbPAs_0.95__sb_none_sbth_6000__Algo_pesa2,2812,perfQ,1297
simplified-cocome,simplified-cocome__BRF_clone_1.23__moc_1.64__mcnn_1.80__moncnn_1.45__MaxEval_102__ProbPAs_0.95__sb_none_sbth_6000__Algo_pesa2,reliability,97
simplified-cocome,simplified-cocome__BRF_clone_1.23__moc_1.64__mcnn_1.80__moncnn_1.45__MaxEval_102__ProbPAs_0.95__sb_none_sbth_6000__Algo_pesa2,2816,uml2lqn,2200
NSGA,simplified-cocome__BRF_clone_1.23__moc_1.64__mcnn_1.80__moncnn_1.45__MaxEval_102__ProbPAs_0.95__sb_none_sbth_6000__Algo_pesa2,2816,invoke_solver,45
NSGA,simplified-cocome__BRF_clone_1.23__moc_1.64__mcnn_1.80__moncnn_1.45__MaxEval_102__ProbPAs_0.95__sb_none_sbth_6000__Algo_pesa2,2816,lqn2uml,1368
NSGA,simplified-cocome__BRF_clone_1.23__moc_1.64__mcnn_1.80__moncnn_1.45__MaxEval_102__ProbPAs_0.95__sb_none_sbth_6000__Algo_pesa2,2816,counting_pas,2816,4514
simplified-cocome,simplified-cocome__BRF_clone_1.23__moc_1.64__mcnn_1.80__moncnn_1.45__MaxEval_102__ProbPAs_0.95__sb_none_sbth_6000__Algo_pesa2,2816,perfQ,1284
simplified-cocome,simplified-cocome__BRF_clone_1.23__moc_1.64__mcnn_1.80__moncnn_1.45__MaxEval_102__ProbPAs_0.95__sb_none_sbth_6000__Algo_pesa2,reliability,112
simplified-cocome,simplified-cocome__BRF_clone_1.23__moc_1.64__mcnn_1.80__moncnn_1.45__MaxEval_102__ProbPAs_0.95__sb_none_sbth_6000__Algo_pesa2,2818,uml2lqn,2044
NSGA,simplified-cocome__BRF_clone_1.23__moc_1.64__mcnn_1.80__moncnn_1.45__MaxEval_102__ProbPAs_0.95__sb_none_sbth_6000__Algo_pesa2,2818,invoke_solver,134
NSGA,simplified-cocome__BRF_clone_1.23__moc_1.64__mcnn_1.80__moncnn_1.45__MaxEval_102__ProbPAs_0.95__sb_none_sbth_6000__Algo_pesa2,2818,lqn2uml,1378
NSGA,simplified-cocome__BRF_clone_1.23__moc_1.64__mcnn_1.80__moncnn_1.45__MaxEval_102__ProbPAs_0.95__sb_none_sbth_6000__Algo_pesa2,2818,counting_pas,2818,3921
simplified-cocome,simplified-cocome__BRF_clone_1.23__moc_1.64__mcnn_1.80__moncnn_1.45__MaxEval_102__ProbPAs_0.95__sb_none_sbth_6000__Algo_pesa2,2818,perfQ,1306
simplified-cocome,simplified-cocome__BRF_clone_1.23__moc_1.64__mcnn_1.80__moncnn_1.45__MaxEval_102__ProbPAs_0.95__sb_none_sbth_6000__Algo_pesa2,reliability,90
simplified-cocome,simplified-cocome__BRF_clone_1.23__moc_1.64__mcnn_1.80__moncnn_1.45__MaxEval_102__ProbPAs_0.95__sb_none_sbth_6000__Algo_pesa2,2820,uml2lqn,2153
NSGA,simplified-cocome__BRF_clone_1.23__moc_1.64__mcnn_1.80__moncnn_1.45__MaxEval_102__ProbPAs_0.95__sb_none_sbth_6000__Algo_pesa2,2820,invoke_solver,84
NSGA,simplified-cocome__BRF_clone_1.23__moc_1.64__mcnn_1.80__moncnn_1.45__MaxEval_102__ProbPAs_0.95__sb_none_sbth_6000__Algo_pesa2,2820,lqn2uml,1329
NSGA,simplified-cocome__BRF_clone_1.23__moc_1.64__mcnn_1.80__moncnn_1.45__MaxEval_102__ProbPAs_0.95__sb_none_sbth_6000__Algo_pesa2,2820,counting_pas,2820,4239
simplified-cocome,simplified-cocome__BRF_clone_1.23__moc_1.64__mcnn_1.80__moncnn_1.45__MaxEval_102__ProbPAs_0.95__sb_none_sbth_6000__Algo_pesa2,2820,perfQ,1295
simplified-cocome,simplified-cocome__BRF_clone_1.23__moc_1.64__mcnn_1.80__moncnn_1.45__MaxEval_102__ProbPAs_0.95__sb_none_sbth_6000__Algo_pesa2,reliability,81
simplified-cocome,simplified-cocome__BRF_clone_1.23__moc_1.64__mcnn_1.80__moncnn_1.45__MaxEval_102__ProbPAs_0.95__sb_none_sbth_6000__Algo_pesa2,2824,uml2lqn,2116
NSGA,simplified-cocome__BRF_clone_1.23__moc_1.64__mcnn_1.80__moncnn_1.45__MaxEval_102__ProbPAs_0.95__sb_none_sbth_6000__Algo_pesa2,2824,invoke_solver,43
NSGA,simplified-cocome__BRF_clone_1.23__moc_1.64__mcnn_1.80__moncnn_1.45__MaxEval_102__ProbPAs_0.95__sb_none_sbth_6000__Algo_pesa2,2824,lqn2uml,1334
NSGA,simplified-cocome__BRF_clone_1.23__moc_1.64__mcnn_1.80__moncnn_1.45__MaxEval_102__ProbPAs_0.95__sb_none_sbth_6000__Algo_pesa2,2824,counting_pas,2824,4074
simplified-cocome,simplified-cocome__BRF_clone_1.23__moc_1.64__mcnn_1.80__moncnn_1.45__MaxEval_102__ProbPAs_0.95__sb_none_sbth_6000__Algo_pesa2,2824,perfQ,1270
simplified-cocome,simplified-cocome__BRF_clone_1.23__moc_1.64__mcnn_1.80__moncnn_1.45__MaxEval_102__ProbPAs_0.95__sb_none_sbth_6000__Algo_pesa2,reliability,81
simplified-cocome,simplified-cocome__BRF_clone_1.23__moc_1.64__mcnn_1.80__moncnn_1.45__MaxEval_102__ProbPAs_0.95__sb_none_sbth_6000__Algo_pesa2,2828,uml2lqn,2147
NSGA,simplified-cocome__BRF_clone_1.23__moc_1.64__mcnn_1.80__moncnn_1.45__MaxEval_102__ProbPAs_0.95__sb_none_sbth_6000__Algo_pesa2,2828,invoke_solver,121
NSGA,simplified-cocome__BRF_clone_1.23__moc_1.64__mcnn_1.80__moncnn_1.45__MaxEval_102__ProbPAs_0.95__sb_none_sbth_6000__Algo_pesa2,2828,lqn2uml,1346
NSGA,simplified-cocome__BRF_clone_1.23__moc_1.64__mcnn_1.80__moncnn_1.45__MaxEval_102__ProbPAs_0.95__sb_none_sbth_6000__Algo_pesa2,2828,counting_pas,2828,3910
simplified-cocome,simplified-cocome__BRF_clone_1.23__moc_1.64__mcnn_1.80__moncnn_1.45__MaxEval_102__ProbPAs_0.95__sb_none_sbth_6000__Algo_pesa2,2828,perfQ,1299
simplified-cocome,simplified-cocome__BRF_clone_1.23__moc_1.64__mcnn_1.80__moncnn_1.45__MaxEval_102__ProbPAs_0.95__sb_none_sbth_6000__Algo_pesa2,reliability,80
simplified-cocome,simplified-cocome__BRF_clone_1.23__moc_1.64__mcnn_1.80__moncnn_1.45__MaxEval_102__ProbPAs_0.95__sb_none_sbth_6000__Algo_pesa2,2832,uml2lqn,2070
NSGA,simplified-cocome__BRF_clone_1.23__moc_1.64__mcnn_1.80__moncnn_1.45__MaxEval_102__ProbPAs_0.95__sb_none_sbth_6000__Algo_pesa2,2832,invoke_solver,232
NSGA,simplified-cocome__BRF_clone_1.23__moc_1.64__mcnn_1.80__moncnn_1.45__MaxEval_102__ProbPAs_0.95__sb_none_sbth_6000__Algo_pesa2,2832,lqn2uml,1363
NSGA,simplified-cocome__BRF_clone_1.23__moc_1.64__mcnn_1.80__moncnn_1.45__MaxEval_102__ProbPAs_0.95__sb_none_sbth_6000__Algo_pesa2,2832,counting_pas,2832,3672
simplified-cocome,simplified-cocome__BRF_clone_1.23__moc_1.64__mcnn_1.80__moncnn_1.45__MaxEval_102__ProbPAs_0.95__sb_none_sbth_6000__Algo_pesa2,2832,perfQ,1293
simplified-cocome,simplified-cocome__BRF_clone_1.23__moc_1.64__mcnn_1.80__moncnn_1.45__MaxEval_102__ProbPAs_0.95__sb_none_sbth_6000__Algo_pesa2,reliability,81
simplified-cocome,simplified-cocome__BRF_clone_1.23__moc_1.64__mcnn_1.80__moncnn_1.45__MaxEval_102__ProbPAs_0.95__sb_none_sbth_6000__Algo_pesa2,2836,uml2lqn,2016
NSGA,simplified-cocome__BRF_clone_1.23__moc_1.64__mcnn_1.80__moncnn_1.45__MaxEval_102__ProbPAs_0.95__sb_none_sbth_6000__Algo_pesa2,2836,invoke_solver,133
NSGA,simplified-cocome__BRF_clone_1.23__moc_1.64__mcnn_1.80__moncnn_1.45__MaxEval_102__ProbPAs_0.95__sb_none_sbth_6000__Algo_pesa2,2836,lqn2uml,1297
NSGA,simplified-cocome__BRF_clone_1.23__moc_1.64__mcnn_1.80__moncnn_1.45__MaxEval_102__ProbPAs_0.95__sb_none_sbth_6000__Algo_pesa2,2836,counting_pas,2836,3922
simplified-cocome,simplified-cocome__BRF_clone_1.23__moc_1.64__mcnn_1.80__moncnn_1.45__MaxEval_102__ProbPAs_0.95__sb_none_sbth_6000__Algo_pesa2,2836,perfQ,1176
simplified-cocome,simplified-cocome__BRF_clone_1.23__moc_1.64__mcnn_1.80__moncnn_1.45__MaxEval_102__ProbPAs_0.95__sb_none_sbth_6000__Algo_pesa2,reliability,81
simplified-cocome,simplified-cocome__BRF_clone_1.23__moc_1.64__mcnn_1.80__moncnn_1.45__MaxEval_102__ProbPAs_0.95__sb_none_sbth_6000__Algo_pesa2,2838,uml2lqn,1886
NSGA,simplified-cocome__BRF_clone_1.23__moc_1.64__mcnn_1.80__moncnn_1.45__MaxEval_102__ProbPAs_0.95__sb_none_sbth_6000__Algo_pesa2,2838,invoke_solver,158
NSGA,simplified-cocome__BRF_clone_1.23__moc_1.64__mcnn_1.80__moncnn_1.45__MaxEval_102__ProbPAs_0.95__sb_none_sbth_6000__Algo_pesa2,2838,lqn2uml,1217
NSGA,simplified-cocome__BRF_clone_1.23__moc_1.64__mcnn_1.80__moncnn_1.45__MaxEval_102__ProbPAs_0.95__sb_none_sbth_6000__Algo_pesa2,2838,counting_pas,2838,3635
simplified-cocome,simplified-cocome__BRF_clone_1.23__moc_1.64__mcnn_1.80__moncnn_1.45__MaxEval_102__ProbPAs_0.95__sb_none_sbth_6000__Algo_pesa2,2838,perfQ,1139
simplified-cocome,simplified-cocome__BRF_clone_1.23__moc_1.64__mcnn_1.80__moncnn_1.45__MaxEval_102__ProbPAs_0.95__sb_none_sbth_6000__Algo_pesa2,reliability,77
simplified-cocome,simplified-cocome__BRF_clone_1.23__moc_1.64__mcnn_1.80__moncnn_1.45__MaxEval_102__ProbPAs_0.95__sb_none_sbth_6000__Algo_pesa2,2840,uml2lqn,1914
NSGA,simplified-cocome__BRF_clone_1.23__moc_1.64__mcnn_1.80__moncnn_1.45__MaxEval_102__ProbPAs_0.95__sb_none_sbth_6000__Algo_pesa2,2840,invoke_solver,154
NSGA,simplified-cocome__BRF_clone_1.23__moc_1.64__mcnn_1.80__moncnn_1.45__MaxEval_102__ProbPAs_0.95__sb_none_sbth_6000__Algo_pesa2,2840,lqn2uml,1167
NSGA,simplified-cocome__BRF_clone_1.23__moc_1.64__mcnn_1.80__moncnn_1.45__MaxEval_102__ProbPAs_0.95__sb_none_sbth_6000__Algo_pesa2,2840,counting_pas,2840,3758
simplified-cocome,simplified-cocome__BRF_clone_1.23__moc_1.64__mcnn_1.80__moncnn_1.45__MaxEval_102__ProbPAs_0.95__sb_none_sbth_6000__Algo_pesa2,2840,perfQ,1126
simplified-cocome,simplified-cocome__BRF_clone_1.23__moc_1.64__mcnn_1.80__moncnn_1.45__MaxEval_102__ProbPAs_0.95__sb_none_sbth_6000__Algo_pesa2,reliability,77
simplified-cocome,simplified-cocome__BRF_clone_1.23__moc_1.64__mcnn_1.80__moncnn_1.45__MaxEval_102__ProbPAs_0.95__sb_none_sbth_6000__Algo_pesa2,2844,uml2lqn,1956
NSGA,simplified-cocome__BRF_clone_1.23__moc_1.64__mcnn_1.80__moncnn_1.45__MaxEval_102__ProbPAs_0.95__sb_none_sbth_6000__Algo_pesa2,2844,invoke_solver,158
NSGA,simplified-cocome__BRF_clone_1.23__moc_1.64__mcnn_1.80__moncnn_1.45__MaxEval_102__ProbPAs_0.95__sb_none_sbth_6000__Algo_pesa2,2844,lqn2uml,1176
NSGA,simplified-cocome__BRF_clone_1.23__moc_1.64__mcnn_1.80__moncnn_1.45__MaxEval_102__ProbPAs_0.95__sb_none_sbth_6000__Algo_pesa2,2844,counting_pas,2844,4073
simplified-cocome,simplified-cocome__BRF_clone_1.23__moc_1.64__mcnn_1.80__moncnn_1.45__MaxEval_102__ProbPAs_0.95__sb_none_sbth_6000__Algo_pesa2,2844,perfQ,1109
simplified-cocome,simplified-cocome__BRF_clone_1.23__moc_1.64__mcnn_1.80__moncnn_1.45__MaxEval_102__ProbPAs_0.95__sb_none_sbth_6000__Algo_pesa2,reliability,98
simplified-cocome,simplified-cocome__BRF_clone_1.23__moc_1.64__mcnn_1.80__moncnn_1.45__MaxEval_102__ProbPAs_0.95__sb_none_sbth_6000__Algo_pesa2,2848,uml2lqn,1956
NSGA,simplified-cocome__BRF_clone_1.23__moc_1.64__mcnn_1.80__moncnn_1.45__MaxEval_102__ProbPAs_0.95__sb_none_sbth_6000__Algo_pesa2,2848,invoke_solver,150
NSGA,simplified-cocome__BRF_clone_1.23__moc_1.64__mcnn_1.80__moncnn_1.45__MaxEval_102__ProbPAs_0.95__sb_none_sbth_6000__Algo_pesa2,2848,lqn2uml,1150
NSGA,simplified-cocome__BRF_clone_1.23__moc_1.64__mcnn_1.80__moncnn_1.45__MaxEval_102__ProbPAs_0.95__sb_none_sbth_6000__Algo_pesa2,2848,counting_pas,2848,4142
simplified-cocome,simplified-cocome__BRF_clone_1.23__moc_1.64__mcnn_1.80__moncnn_1.45__MaxEval_102__ProbPAs_0.95__sb_none_sbth_6000__Algo_pesa2,2848,perfQ,1112
simplified-cocome,simplified-cocome__BRF_clone_1.23__moc_1.64__mcnn_1.80__moncnn_1.45__MaxEval_102__ProbPAs_0.95__sb_none_sbth_6000__Algo_pesa2,reliability,105
simplified-cocome,simplified-cocome__BRF_clone_1.23__moc_1.64__mcnn_1.80__moncnn_1.45__MaxEval_102__ProbPAs_0.95__sb_none_sbth_6000__Algo_pesa2,2850,uml2lqn,1962
NSGA,simplified-cocome__BRF_clone_1.23__moc_1.64__mcnn_1.80__moncnn_1.45__MaxEval_102__ProbPAs_0.95__sb_none_sbth_6000__Algo_pesa2,2850,invoke_solver,36
NSGA,simplified-cocome__BRF_clone_1.23__moc_1.64__mcnn_1.80__moncnn_1.45__MaxEval_102__ProbPAs_0.95__sb_none_sbth_6000__Algo_pesa2,2850,lqn2uml,1155
NSGA,simplified-cocome__BRF_clone_1.23__moc_1.64__mcnn_1.80__moncnn_1.45__MaxEval_102__ProbPAs_0.95__sb_none_sbth_6000__Algo_pesa2,2850,counting_pas,2850,4116
simplified-cocome,simplified-cocome__BRF_clone_1.23__moc_1.64__mcnn_1.80__moncnn_1.45__MaxEval_102__ProbPAs_0.95__sb_none_sbth_6000__Algo_pesa2,2850,perfQ,1136
simplified-cocome,simplified-cocome__BRF_clone_1.23__moc_1.64__mcnn_1.80__moncnn_1.45__MaxEval_102__ProbPAs_0.95__sb_none_sbth_6000__Algo_pesa2,reliability,88
simplified-cocome,simplified-cocome__BRF_clone_1.23__moc_1.64__mcnn_1.80__moncnn_1.45__MaxEval_102__ProbPAs_0.95__sb_none_sbth_6000__Algo_pesa2,2854,uml2lqn,1955
NSGA,simplified-cocome__BRF_clone_1.23__moc_1.64__mcnn_1.80__moncnn_1.45__MaxEval_102__ProbPAs_0.95__sb_none_sbth_6000__Algo_pesa2,2854,invoke_solver,36
NSGA,simplified-cocome__BRF_clone_1.23__moc_1.64__mcnn_1.80__moncnn_1.45__MaxEval_102__ProbPAs_0.95__sb_none_sbth_6000__Algo_pesa2,2854,lqn2uml,1160
NSGA,simplified-cocome__BRF_clone_1.23__moc_1.64__mcnn_1.80__moncnn_1.45__MaxEval_102__ProbPAs_0.95__sb_none_sbth_6000__Algo_pesa2,2854,counting_pas,2854,4107
simplified-cocome,simplified-cocome__BRF_clone_1.23__moc_1.64__mcnn_1.80__moncnn_1.45__MaxEval_102__ProbPAs_0.95__sb_none_sbth_6000__Algo_pesa2,2854,perfQ,1105
simplified-cocome,simplified-cocome__BRF_clone_1.23__moc_1.64__mcnn_1.80__moncnn_1.45__MaxEval_102__ProbPAs_0.95__sb_none_sbth_6000__Algo_pesa2,reliability,94
simplified-cocome,simplified-cocome__BRF_clone_1.23__moc_1.64__mcnn_1.80__moncnn_1.45__MaxEval_102__ProbPAs_0.95__sb_none_sbth_6000__Algo_pesa2,2856,uml2lqn,1972
NSGA,simplified-cocome__BRF_clone_1.23__moc_1.64__mcnn_1.80__moncnn_1.45__MaxEval_102__ProbPAs_0.95__sb_none_sbth_6000__Algo_pesa2,2856,invoke_solver,132
NSGA,simplified-cocome__BRF_clone_1.23__moc_1.64__mcnn_1.80__moncnn_1.45__MaxEval_102__ProbPAs_0.95__sb_none_sbth_6000__Algo_pesa2,2856,lqn2uml,1214
NSGA,simplified-cocome__BRF_clone_1.23__moc_1.64__mcnn_1.80__moncnn_1.45__MaxEval_102__ProbPAs_0.95__sb_none_sbth_6000__Algo_pesa2,2856,counting_pas,2856,4506
simplified-cocome,simplified-cocome__BRF_clone_1.23__moc_1.64__mcnn_1.80__moncnn_1.45__MaxEval_102__ProbPAs_0.95__sb_none_sbth_6000__Algo_pesa2,2856,perfQ,1124
simplified-cocome,simplified-cocome__BRF_clone_1.23__moc_1.64__mcnn_1.80__moncnn_1.45__MaxEval_102__ProbPAs_0.95__sb_none_sbth_6000__Algo_pesa2,reliability,82
simplified-cocome,simplified-cocome__BRF_clone_1.23__moc_1.64__mcnn_1.80__moncnn_1.45__MaxEval_102__ProbPAs_0.95__sb_none_sbth_6000__Algo_pesa2,2860,uml2lqn,2055
NSGA,simplified-cocome__BRF_clone_1.23__moc_1.64__mcnn_1.80__moncnn_1.45__MaxEval_102__ProbPAs_0.95__sb_none_sbth_6000__Algo_pesa2,2860,invoke_solver,195
NSGA,simplified-cocome__BRF_clone_1.23__moc_1.64__mcnn_1.80__moncnn_1.45__MaxEval_102__ProbPAs_0.95__sb_none_sbth_6000__Algo_pesa2,2860,lqn2uml,1206
NSGA,simplified-cocome__BRF_clone_1.23__moc_1.64__mcnn_1.80__moncnn_1.45__MaxEval_102__ProbPAs_0.95__sb_none_sbth_6000__Algo_pesa2,2860,counting_pas,2860,4774
simplified-cocome,simplified-cocome__BRF_clone_1.23__moc_1.64__mcnn_1.80__moncnn_1.45__MaxEval_102__ProbPAs_0.95__sb_none_sbth_6000__Algo_pesa2,2860,perfQ,1148
simplified-cocome,simplified-cocome__BRF_clone_1.23__moc_1.64__mcnn_1.80__moncnn_1.45__MaxEval_102__ProbPAs_0.95__sb_none_sbth_6000__Algo_pesa2,reliability,82
simplified-cocome,simplified-cocome__BRF_clone_1.23__moc_1.64__mcnn_1.80__moncnn_1.45__MaxEval_102__ProbPAs_0.95__sb_none_sbth_6000__Algo_pesa2,2862,uml2lqn,1968
NSGA,simplified-cocome__BRF_clone_1.23__moc_1.64__mcnn_1.80__moncnn_1.45__MaxEval_102__ProbPAs_0.95__sb_none_sbth_6000__Algo_pesa2,2862,invoke_solver,42
NSGA,simplified-cocome__BRF_clone_1.23__moc_1.64__mcnn_1.80__moncnn_1.45__MaxEval_102__ProbPAs_0.95__sb_none_sbth_6000__Algo_pesa2,2862,lqn2uml,1185
NSGA,simplified-cocome__BRF_clone_1.23__moc_1.64__mcnn_1.80__moncnn_1.45__MaxEval_102__ProbPAs_0.95__sb_none_sbth_6000__Algo_pesa2,2862,counting_pas,2862,4071
simplified-cocome,simplified-cocome__BRF_clone_1.23__moc_1.64__mcnn_1.80__moncnn_1.45__MaxEval_102__ProbPAs_0.95__sb_none_sbth_6000__Algo_pesa2,2862,perfQ,1132
simplified-cocome,simplified-cocome__BRF_clone_1.23__moc_1.64__mcnn_1.80__moncnn_1.45__MaxEval_102__ProbPAs_0.95__sb_none_sbth_6000__Algo_pesa2,reliability,82
simplified-cocome,simplified-cocome__BRF_clone_1.23__moc_1.64__mcnn_1.80__moncnn_1.45__MaxEval_102__ProbPAs_0.95__sb_none_sbth_6000__Algo_pesa2,2866,uml2lqn,1921
NSGA,simplified-cocome__BRF_clone_1.23__moc_1.64__mcnn_1.80__moncnn_1.45__MaxEval_102__ProbPAs_0.95__sb_none_sbth_6000__Algo_pesa2,2866,invoke_solver,121
NSGA,simplified-cocome__BRF_clone_1.23__moc_1.64__mcnn_1.80__moncnn_1.45__MaxEval_102__ProbPAs_0.95__sb_none_sbth_6000__Algo_pesa2,2866,lqn2uml,1163
NSGA,simplified-cocome__BRF_clone_1.23__moc_1.64__mcnn_1.80__moncnn_1.45__MaxEval_102__ProbPAs_0.95__sb_none_sbth_6000__Algo_pesa2,2866,counting_pas,2866,3910
simplified-cocome,simplified-cocome__BRF_clone_1.23__moc_1.64__mcnn_1.80__moncnn_1.45__MaxEval_102__ProbPAs_0.95__sb_none_sbth_6000__Algo_pesa2,2866,perfQ,1120
simplified-cocome,simplified-cocome__BRF_clone_1.23__moc_1.64__mcnn_1.80__moncnn_1.45__MaxEval_102__ProbPAs_0.95__sb_none_sbth_6000__Algo_pesa2,reliability,78
simplified-cocome,simplified-cocome__BRF_clone_1.23__moc_1.64__mcnn_1.80__moncnn_1.45__MaxEval_102__ProbPAs_0.95__sb_none_sbth_6000__Algo_pesa2,2870,uml2lqn,2002
NSGA,simplified-cocome__BRF_clone_1.23__moc_1.64__mcnn_1.80__moncnn_1.45__MaxEval_102__ProbPAs_0.95__sb_none_sbth_6000__Algo_pesa2,2870,invoke_solver,29
NSGA,simplified-cocome__BRF_clone_1.23__moc_1.64__mcnn_1.80__moncnn_1.45__MaxEval_102__ProbPAs_0.95__sb_none_sbth_6000__Algo_pesa2,2870,lqn2uml,1143
NSGA,simplified-cocome__BRF_clone_1.23__moc_1.64__mcnn_1.80__moncnn_1.45__MaxEval_102__ProbPAs_0.95__sb_none_sbth_6000__Algo_pesa2,2870,counting_pas,2870,4506
simplified-cocome,simplified-cocome__BRF_clone_1.23__moc_1.64__mcnn_1.80__moncnn_1.45__MaxEval_102__ProbPAs_0.95__sb_none_sbth_6000__Algo_pesa2,2870,perfQ,1126
simplified-cocome,simplified-cocome__BRF_clone_1.23__moc_1.64__mcnn_1.80__moncnn_1.45__MaxEval_102__ProbPAs_0.95__sb_none_sbth_6000__Algo_pesa2,reliability,79
simplified-cocome,simplified-cocome__BRF_clone_1.23__moc_1.64__mcnn_1.80__moncnn_1.45__MaxEval_102__ProbPAs_0.95__sb_none_sbth_6000__Algo_pesa2,2874,uml2lqn,1890
NSGA,simplified-cocome__BRF_clone_1.23__moc_1.64__mcnn_1.80__moncnn_1.45__MaxEval_102__ProbPAs_0.95__sb_none_sbth_6000__Algo_pesa2,2874,invoke_solver,154
NSGA,simplified-cocome__BRF_clone_1.23__moc_1.64__mcnn_1.80__moncnn_1.45__MaxEval_102__ProbPAs_0.95__sb_none_sbth_6000__Algo_pesa2,2874,lqn2uml,1157
NSGA,simplified-cocome__BRF_clone_1.23__moc_1.64__mcnn_1.80__moncnn_1.45__MaxEval_102__ProbPAs_0.95__sb_none_sbth_6000__Algo_pesa2,2874,counting_pas,2874,3752
simplified-cocome,simplified-cocome__BRF_clone_1.23__moc_1.64__mcnn_1.80__moncnn_1.45__MaxEval_102__ProbPAs_0.95__sb_none_sbth_6000__Algo_pesa2,2874,perfQ,1111
simplified-cocome,simplified-cocome__BRF_clone_1.23__moc_1.64__mcnn_1.80__moncnn_1.45__MaxEval_102__ProbPAs_0.95__sb_none_sbth_6000__Algo_pesa2,reliability,77
simplified-cocome,simplified-cocome__BRF_clone_1.23__moc_1.64__mcnn_1.80__moncnn_1.45__MaxEval_102__ProbPAs_0.95__sb_none_sbth_6000__Algo_pesa2,2876,uml2lqn,1982
NSGA,simplified-cocome__BRF_clone_1.23__moc_1.64__mcnn_1.80__moncnn_1.45__MaxEval_102__ProbPAs_0.95__sb_none_sbth_6000__Algo_pesa2,2876,invoke_solver,177
NSGA,simplified-cocome__BRF_clone_1.23__moc_1.64__mcnn_1.80__moncnn_1.45__MaxEval_102__ProbPAs_0.95__sb_none_sbth_6000__Algo_pesa2,2876,lqn2uml,1160
NSGA,simplified-cocome__BRF_clone_1.23__moc_1.64__mcnn_1.80__moncnn_1.45__MaxEval_102__ProbPAs_0.95__sb_none_sbth_6000__Algo_pesa2,2876,counting_pas,2876,4484
simplified-cocome,simplified-cocome__BRF_clone_1.23__moc_1.64__mcnn_1.80__moncnn_1.45__MaxEval_102__ProbPAs_0.95__sb_none_sbth_6000__Algo_pesa2,2876,perfQ,1099
simplified-cocome,simplified-cocome__BRF_clone_1.23__moc_1.64__mcnn_1.80__moncnn_1.45__MaxEval_102__ProbPAs_0.95__sb_none_sbth_6000__Algo_pesa2,reliability,107
simplified-cocome,simplified-cocome__BRF_clone_1.23__moc_1.64__mcnn_1.80__moncnn_1.45__MaxEval_102__ProbPAs_0.95__sb_none_sbth_6000__Algo_pesa2,2880,uml2lqn,1902
NSGA,simplified-cocome__BRF_clone_1.23__moc_1.64__mcnn_1.80__moncnn_1.45__MaxEval_102__ProbPAs_0.95__sb_none_sbth_6000__Algo_pesa2,2880,invoke_solver,60
NSGA,simplified-cocome__BRF_clone_1.23__moc_1.64__mcnn_1.80__moncnn_1.45__MaxEval_102__ProbPAs_0.95__sb_none_sbth_6000__Algo_pesa2,2880,lqn2uml,1179
NSGA,simplified-cocome__BRF_clone_1.23__moc_1.64__mcnn_1.80__moncnn_1.45__MaxEval_102__ProbPAs_0.95__sb_none_sbth_6000__Algo_pesa2,2880,counting_pas,2880,3763
simplified-cocome,simplified-cocome__BRF_clone_1.23__moc_1.64__mcnn_1.80__moncnn_1.45__MaxEval_102__ProbPAs_0.95__sb_none_sbth_6000__Algo_pesa2,2880,perfQ,1110
simplified-cocome,simplified-cocome__BRF_clone_1.23__moc_1.64__mcnn_1.80__moncnn_1.45__MaxEval_102__ProbPAs_0.95__sb_none_sbth_6000__Algo_pesa2,reliability,81
simplified-cocome,simplified-cocome__BRF_clone_1.23__moc_1.64__mcnn_1.80__moncnn_1.45__MaxEval_102__ProbPAs_0.95__sb_none_sbth_6000__Algo_pesa2,2884,uml2lqn,1921
NSGA,simplified-cocome__BRF_clone_1.23__moc_1.64__mcnn_1.80__moncnn_1.45__MaxEval_102__ProbPAs_0.95__sb_none_sbth_6000__Algo_pesa2,2884,invoke_solver,120
NSGA,simplified-cocome__BRF_clone_1.23__moc_1.64__mcnn_1.80__moncnn_1.45__MaxEval_102__ProbPAs_0.95__sb_none_sbth_6000__Algo_pesa2,2884,lqn2uml,1148
NSGA,simplified-cocome__BRF_clone_1.23__moc_1.64__mcnn_1.80__moncnn_1.45__MaxEval_102__ProbPAs_0.95__sb_none_sbth_6000__Algo_pesa2,2884,counting_pas,2884,3859
simplified-cocome,simplified-cocome__BRF_clone_1.23__moc_1.64__mcnn_1.80__moncnn_1.45__MaxEval_102__ProbPAs_0.95__sb_none_sbth_6000__Algo_pesa2,2884,perfQ,1118
simplified-cocome,simplified-cocome__BRF_clone_1.23__moc_1.64__mcnn_1.80__moncnn_1.45__MaxEval_102__ProbPAs_0.95__sb_none_sbth_6000__Algo_pesa2,reliability,81
simplified-cocome,simplified-cocome__BRF_clone_1.23__moc_1.64__mcnn_1.80__moncnn_1.45__MaxEval_102__ProbPAs_0.95__sb_none_sbth_6000__Algo_pesa2,2888,uml2lqn,1983
NSGA,simplified-cocome__BRF_clone_1.23__moc_1.64__mcnn_1.80__moncnn_1.45__MaxEval_102__ProbPAs_0.95__sb_none_sbth_6000__Algo_pesa2,2888,invoke_solver,233
NSGA,simplified-cocome__BRF_clone_1.23__moc_1.64__mcnn_1.80__moncnn_1.45__MaxEval_102__ProbPAs_0.95__sb_none_sbth_6000__Algo_pesa2,2888,lqn2uml,1243
NSGA,simplified-cocome__BRF_clone_1.23__moc_1.64__mcnn_1.80__moncnn_1.45__MaxEval_102__ProbPAs_0.95__sb_none_sbth_6000__Algo_pesa2,2888,counting_pas,2888,3673
simplified-cocome,simplified-cocome__BRF_clone_1.23__moc_1.64__mcnn_1.80__moncnn_1.45__MaxEval_102__ProbPAs_0.95__sb_none_sbth_6000__Algo_pesa2,2888,perfQ,1153
simplified-cocome,simplified-cocome__BRF_clone_1.23__moc_1.64__mcnn_1.80__moncnn_1.45__MaxEval_102__ProbPAs_0.95__sb_none_sbth_6000__Algo_pesa2,reliability,96
simplified-cocome,simplified-cocome__BRF_clone_1.23__moc_1.64__mcnn_1.80__moncnn_1.45__MaxEval_102__ProbPAs_0.95__sb_none_sbth_6000__Algo_pesa2,2892,uml2lqn,1966
NSGA,simplified-cocome__BRF_clone_1.23__moc_1.64__mcnn_1.80__moncnn_1.45__MaxEval_102__ProbPAs_0.95__sb_none_sbth_6000__Algo_pesa2,2892,invoke_solver,157
NSGA,simplified-cocome__BRF_clone_1.23__moc_1.64__mcnn_1.80__moncnn_1.45__MaxEval_102__ProbPAs_0.95__sb_none_sbth_6000__Algo_pesa2,2892,lqn2uml,1205
NSGA,simplified-cocome__BRF_clone_1.23__moc_1.64__mcnn_1.80__moncnn_1.45__MaxEval_102__ProbPAs_0.95__sb_none_sbth_6000__Algo_pesa2,2892,counting_pas,2892,3829
simplified-cocome,simplified-cocome__BRF_clone_1.23__moc_1.64__mcnn_1.80__moncnn_1.45__MaxEval_102__ProbPAs_0.95__sb_none_sbth_6000__Algo_pesa2,2892,perfQ,1142
simplified-cocome,simplified-cocome__BRF_clone_1.23__moc_1.64__mcnn_1.80__moncnn_1.45__MaxEval_102__ProbPAs_0.95__sb_none_sbth_6000__Algo_pesa2,reliability,88
simplified-cocome,simplified-cocome__BRF_clone_1.23__moc_1.64__mcnn_1.80__moncnn_1.45__MaxEval_102__ProbPAs_0.95__sb_none_sbth_6000__Algo_pesa2,2898,uml2lqn,1946
NSGA,simplified-cocome__BRF_clone_1.23__moc_1.64__mcnn_1.80__moncnn_1.45__MaxEval_102__ProbPAs_0.95__sb_none_sbth_6000__Algo_pesa2,2898,invoke_solver,121
NSGA,simplified-cocome__BRF_clone_1.23__moc_1.64__mcnn_1.80__moncnn_1.45__MaxEval_102__ProbPAs_0.95__sb_none_sbth_6000__Algo_pesa2,2898,lqn2uml,1194
NSGA,simplified-cocome__BRF_clone_1.23__moc_1.64__mcnn_1.80__moncnn_1.45__MaxEval_102__ProbPAs_0.95__sb_none_sbth_6000__Algo_pesa2,2898,counting_pas,2898,3915
simplified-cocome,simplified-cocome__BRF_clone_1.23__moc_1.64__mcnn_1.80__moncnn_1.45__MaxEval_102__ProbPAs_0.95__sb_none_sbth_6000__Algo_pesa2,2898,perfQ,1145
simplified-cocome,simplified-cocome__BRF_clone_1.23__moc_1.64__mcnn_1.80__moncnn_1.45__MaxEval_102__ProbPAs_0.95__sb_none_sbth_6000__Algo_pesa2,reliability,80
simplified-cocome,simplified-cocome__BRF_clone_1.23__moc_1.64__mcnn_1.80__moncnn_1.45__MaxEval_102__ProbPAs_0.95__sb_none_sbth_6000__Algo_pesa2,2900,uml2lqn,1901
NSGA,simplified-cocome__BRF_clone_1.23__moc_1.64__mcnn_1.80__moncnn_1.45__MaxEval_102__ProbPAs_0.95__sb_none_sbth_6000__Algo_pesa2,2900,invoke_solver,40
NSGA,simplified-cocome__BRF_clone_1.23__moc_1.64__mcnn_1.80__moncnn_1.45__MaxEval_102__ProbPAs_0.95__sb_none_sbth_6000__Algo_pesa2,2900,lqn2uml,1193
NSGA,simplified-cocome__BRF_clone_1.23__moc_1.64__mcnn_1.80__moncnn_1.45__MaxEval_102__ProbPAs_0.95__sb_none_sbth_6000__Algo_pesa2,2900,counting_pas,2900,3559
simplified-cocome,simplified-cocome__BRF_clone_1.23__moc_1.64__mcnn_1.80__moncnn_1.45__MaxEval_102__ProbPAs_0.95__sb_none_sbth_6000__Algo_pesa2,2900,perfQ,1144
simplified-cocome,simplified-cocome__BRF_clone_1.23__moc_1.64__mcnn_1.80__moncnn_1.45__MaxEval_102__ProbPAs_0.95__sb_none_sbth_6000__Algo_pesa2,reliability,80
simplified-cocome,simplified-cocome__BRF_clone_1.23__moc_1.64__mcnn_1.80__moncnn_1.45__MaxEval_102__ProbPAs_0.95__sb_none_sbth_6000__Algo_pesa2,2904,uml2lqn,1888
NSGA,simplified-cocome__BRF_clone_1.23__moc_1.64__mcnn_1.80__moncnn_1.45__MaxEval_102__ProbPAs_0.95__sb_none_sbth_6000__Algo_pesa2,2904,invoke_solver,66
NSGA,simplified-cocome__BRF_clone_1.23__moc_1.64__mcnn_1.80__moncnn_1.45__MaxEval_102__ProbPAs_0.95__sb_none_sbth_6000__Algo_pesa2,2904,lqn2uml,1189
NSGA,simplified-cocome__BRF_clone_1.23__moc_1.64__mcnn_1.80__moncnn_1.45__MaxEval_102__ProbPAs_0.95__sb_none_sbth_6000__Algo_pesa2,2904,counting_pas,2904,3555
simplified-cocome,simplified-cocome__BRF_clone_1.23__moc_1.64__mcnn_1.80__moncnn_1.45__MaxEval_102__ProbPAs_0.95__sb_none_sbth_6000__Algo_pesa2,2904,perfQ,1150
simplified-cocome,simplified-cocome__BRF_clone_1.23__moc_1.64__mcnn_1.80__moncnn_1.45__MaxEval_102__ProbPAs_0.95__sb_none_sbth_6000__Algo_pesa2,reliability,77
simplified-cocome,simplified-cocome__BRF_clone_1.23__moc_1.64__mcnn_1.80__moncnn_1.45__MaxEval_102__ProbPAs_0.95__sb_none_sbth_6000__Algo_pesa2,2908,uml2lqn,1965
NSGA,simplified-cocome__BRF_clone_1.23__moc_1.64__mcnn_1.80__moncnn_1.45__MaxEval_102__ProbPAs_0.95__sb_none_sbth_6000__Algo_pesa2,2908,invoke_solver,120
NSGA,simplified-cocome__BRF_clone_1.23__moc_1.64__mcnn_1.80__moncnn_1.45__MaxEval_102__ProbPAs_0.95__sb_none_sbth_6000__Algo_pesa2,2908,lqn2uml,1177
NSGA,simplified-cocome__BRF_clone_1.23__moc_1.64__mcnn_1.80__moncnn_1.45__MaxEval_102__ProbPAs_0.95__sb_none_sbth_6000__Algo_pesa2,2908,counting_pas,2908,3910
simplified-cocome,simplified-cocome__BRF_clone_1.23__moc_1.64__mcnn_1.80__moncnn_1.45__MaxEval_102__ProbPAs_0.95__sb_none_sbth_6000__Algo_pesa2,2908,perfQ,1123
simplified-cocome,simplified-cocome__BRF_clone_1.23__moc_1.64__mcnn_1.80__moncnn_1.45__MaxEval_102__ProbPAs_0.95__sb_none_sbth_6000__Algo_pesa2,reliability,77
simplified-cocome,simplified-cocome__BRF_clone_1.23__moc_1.64__mcnn_1.80__moncnn_1.45__MaxEval_102__ProbPAs_0.95__sb_none_sbth_6000__Algo_pesa2,2910,uml2lqn,1933
NSGA,simplified-cocome__BRF_clone_1.23__moc_1.64__mcnn_1.80__moncnn_1.45__MaxEval_102__ProbPAs_0.95__sb_none_sbth_6000__Algo_pesa2,2910,invoke_solver,40
NSGA,simplified-cocome__BRF_clone_1.23__moc_1.64__mcnn_1.80__moncnn_1.45__MaxEval_102__ProbPAs_0.95__sb_none_sbth_6000__Algo_pesa2,2910,lqn2uml,1188
NSGA,simplified-cocome__BRF_clone_1.23__moc_1.64__mcnn_1.80__moncnn_1.45__MaxEval_102__ProbPAs_0.95__sb_none_sbth_6000__Algo_pesa2,2910,counting_pas,2910,3809
simplified-cocome,simplified-cocome__BRF_clone_1.23__moc_1.64__mcnn_1.80__moncnn_1.45__MaxEval_102__ProbPAs_0.95__sb_none_sbth_6000__Algo_pesa2,2910,perfQ,1128
simplified-cocome,simplified-cocome__BRF_clone_1.23__moc_1.64__mcnn_1.80__moncnn_1.45__MaxEval_102__ProbPAs_0.95__sb_none_sbth_6000__Algo_pesa2,reliability,77
simplified-cocome,simplified-cocome__BRF_clone_1.23__moc_1.64__mcnn_1.80__moncnn_1.45__MaxEval_102__ProbPAs_0.95__sb_none_sbth_6000__Algo_pesa2,2914,uml2lqn,1931
NSGA,simplified-cocome__BRF_clone_1.23__moc_1.64__mcnn_1.80__moncnn_1.45__MaxEval_102__ProbPAs_0.95__sb_none_sbth_6000__Algo_pesa2,2914,invoke_solver,144
NSGA,simplified-cocome__BRF_clone_1.23__moc_1.64__mcnn_1.80__moncnn_1.45__MaxEval_102__ProbPAs_0.95__sb_none_sbth_6000__Algo_pesa2,2914,lqn2uml,1189
NSGA,simplified-cocome__BRF_clone_1.23__moc_1.64__mcnn_1.80__moncnn_1.45__MaxEval_102__ProbPAs_0.95__sb_none_sbth_6000__Algo_pesa2,2914,counting_pas,2914,3827
simplified-cocome,simplified-cocome__BRF_clone_1.23__moc_1.64__mcnn_1.80__moncnn_1.45__MaxEval_102__ProbPAs_0.95__sb_none_sbth_6000__Algo_pesa2,2914,perfQ,1128
simplified-cocome,simplified-cocome__BRF_clone_1.23__moc_1.64__mcnn_1.80__moncnn_1.45__MaxEval_102__ProbPAs_0.95__sb_none_sbth_6000__Algo_pesa2,reliability,83
