algorithm,problem_tag,performance_antipattern,target_element,fuzziness
0,paf,createReport,1.0000
0,paf,getMeanTimeToDeliveryReport,1.0000
0,paf,rollInReceivedOrder,1.0000
0,paf,getMeanTimeToDelivery,1.0000
0,paf,getTransactionContext,1.0000
0,paf,queryOrderById,1.0000
0,paf,enterOrderID,1.0000
0,paf,getEnterpriseByID,1.0000
0,paf,queryStockItem,1.0000
0,paf,getTransaction,1.0000
0,ep,Persistence,1.0000
0,ep,DataStore,1.0000
0,ep,Enterprise,1.0000
0,ep,Reporting,1.0000
1,paf,createReport,1.0000
1,paf,getMeanTimeToDeliveryReport,1.0000
1,paf,queryOrderById,1.0000
1,paf,enterOrderID,1.0000
1,paf,getEnterpriseByID,1.0000
1,paf,getTransaction,1.0000
1,paf,queryStockItem,1.0000
1,ep,Persistence,1.0000
1,ep,DataStore,1.0000
1,ep,Enterprise,1.0000
1,ep,Reporting,1.0000
2,paf,createReport,0.9507
2,paf,getMeanTimeToDeliveryReport,1.0000
2,paf,rollInReceivedOrder,1.0000
2,paf,getMeanTimeToDelivery,1.0000
2,paf,queryOrderById,1.0000
2,paf,getEnterpriseByID,1.0000
2,paf,getTransaction,1.0000
2,paf,queryStockItem,1.0000
2,ep,Persistence,1.0000
2,ep,DataStore,1.0000
2,ep,Enterprise,1.0000
2,ep,Reporting,1.0000
3,paf,createReport,1.0000
3,paf,getMeanTimeToDeliveryReport,1.0000
3,paf,getMeanTimeToDelivery,1.0000
3,paf,queryOrderById,1.0000
3,paf,enterOrderID,1.0000
3,paf,getEnterpriseByID,1.0000
3,paf,getTransaction,1.0000
3,ep,DataStore,1.0000
4,paf,getMeanTimeToDeliveryReport,1.0000
4,paf,getMeanTimeToDelivery,1.0000
4,paf,getTransactionContext,1.0000
4,paf,queryOrderById,1.0000
4,paf,enterOrderID,1.0000
4,paf,getEnterpriseByID,1.0000
4,paf,queryStockItem,1.0000
4,ep,Persistence,0.9616
4,ep,Enterprise,0.9616
4,ep,Reporting,0.9616
5,paf,createReport,1.0000
5,paf,getMeanTimeToDeliveryReport,1.0000
5,paf,getMeanTimeToDelivery,1.0000
5,paf,queryOrderById,1.0000
5,paf,enterOrderID,1.0000
5,paf,getEnterpriseByID,1.0000
5,paf,queryStockItem,1.0000
5,ep,Persistence,1.0000
5,ep,DataStore,1.0000
5,ep,Enterprise,1.0000
5,ep,Reporting,1.0000
6,paf,createReport,1.0000
6,paf,getMeanTimeToDelivery,1.0000
6,paf,getTransactionContext,1.0000
6,paf,queryOrderById,1.0000
6,paf,enterOrderID,1.0000
6,paf,getEnterpriseByID,1.0000
6,paf,queryStockItem,1.0000
6,ep,Persistence,1.0000
6,ep,DataStore,1.0000
6,ep,Enterprise,1.0000
7,paf,getMeanTimeToDeliveryReport,1.0000
7,paf,getMeanTimeToDelivery,1.0000
7,paf,getTransactionContext,1.0000
7,paf,queryOrderById,1.0000
7,paf,getEnterpriseByID,1.0000
7,paf,queryStockItem,1.0000
7,ep,Persistence,1.0000
7,ep,DataStore,1.0000
7,ep,Enterprise,1.0000
7,ep,Reporting,1.0000
8,paf,createReport,1.0000
8,paf,getMeanTimeToDeliveryReport,1.0000
8,paf,getMeanTimeToDelivery,1.0000
8,paf,getTransactionContext,1.0000
8,paf,scanProduct,1.0000
8,paf,enterOrderID,0.9580
8,paf,getEnterpriseByID,1.0000
8,paf,queryStockItem,1.0000
8,ep,Persistence,1.0000
8,ep,DataStore,1.0000
8,ep,Enterprise,1.0000
8,ep,Reporting,1.0000
9,paf,createReport,1.0000
9,paf,getMeanTimeToDeliveryReport,1.0000
9,paf,getMeanTimeToDelivery,1.0000
9,paf,getTransactionContext,1.0000
9,paf,queryOrderById,1.0000
9,paf,enterOrderID,1.0000
9,paf,getEnterpriseByID,1.0000
9,paf,getTransaction,1.0000
10,paf,createReport,1.0000
10,paf,getMeanTimeToDeliveryReport,1.0000
10,paf,getMeanTimeToDelivery,1.0000
10,paf,queryOrderById,1.0000
10,paf,pressButton,1.0000
10,paf,enterOrderID,1.0000
10,paf,getEnterpriseByID,1.0000
10,paf,queryStockItem,1.0000
10,paf,getTransaction,1.0000
10,ep,GUIStore,1.0000
10,ep,GUIReporting,1.0000
11,paf,createReport,1.0000
11,paf,getMeanTimeToDeliveryReport,1.0000
11,paf,getMeanTimeToDelivery,1.0000
11,paf,getTransactionContext,1.0000
11,paf,queryOrderById,1.0000
11,paf,enterOrderID,1.0000
11,paf,getEnterpriseByID,1.0000
11,paf,getTransaction,1.0000
11,paf,queryStockItem,1.0000
12,paf,createReport,1.0000
12,paf,getMeanTimeToDeliveryReport,1.0000
12,paf,getMeanTimeToDelivery,1.0000
12,paf,getTransactionContext,1.0000
12,paf,queryOrderById,1.0000
12,paf,enterOrderID,1.0000
12,paf,getEnterpriseByID,1.0000
12,paf,getTransaction,1.0000
12,paf,queryStockItem,1.0000
12,ep,Persistence,1.0000
12,ep,DataStore,1.0000
12,ep,Reporting,1.0000
13,paf,createReport,1.0000
13,paf,getMeanTimeToDeliveryReport,1.0000
13,paf,getMeanTimeToDelivery,1.0000
13,paf,getTransactionContext,0.9557
13,paf,queryOrderById,0.9557
13,paf,enterOrderID,1.0000
13,paf,getEnterpriseByID,1.0000
13,paf,getTransaction,1.0000
13,paf,queryStockItem,0.9557
14,paf,createReport,1.0000
14,paf,getMeanTimeToDelivery,1.0000
14,paf,getTransactionContext,0.9790
14,paf,queryOrderById,0.9790
14,paf,enterOrderID,1.0000
14,paf,getEnterpriseByID,1.0000
14,paf,getTransaction,1.0000
14,paf,queryStockItem,0.9790
15,paf,getMeanTimeToDeliveryReport,1.0000
15,paf,rollInReceivedOrder,1.0000
15,paf,getMeanTimeToDelivery,1.0000
15,paf,getTransactionContext,1.0000
15,paf,queryOrderById,1.0000
15,paf,enterOrderID,1.0000
15,paf,getEnterpriseByID,1.0000
15,paf,getTransaction,1.0000
15,paf,queryStockItem,1.0000
15,ep,Persistence,1.0000
15,ep,DataStore,1.0000
15,ep,Enterprise,1.0000
15,ep,Reporting,1.0000
16,paf,getMeanTimeToDeliveryReport,1.0000
16,paf,getMeanTimeToDelivery,1.0000
16,paf,getTransactionContext,1.0000
16,paf,queryOrderById,1.0000
16,paf,getEnterpriseByID,1.0000
16,paf,queryStockItem,1.0000
16,ep,Persistence,1.0000
16,ep,DataStore,1.0000
16,ep,Enterprise,1.0000
16,ep,Reporting,1.0000
20,paf,getMeanTimeToDeliveryReport,1.0000
20,paf,getMeanTimeToDelivery,1.0000
20,paf,getTransactionContext,1.0000
20,paf,queryOrderById,1.0000
20,paf,enterOrderID,1.0000
20,paf,getEnterpriseByID,1.0000
20,paf,queryStockItem,1.0000
20,ep,Persistence,0.9616
20,ep,Enterprise,0.9616
20,ep,Reporting,0.9616
24,paf,createReport,1.0000
24,paf,getMeanTimeToDeliveryReport,1.0000
24,paf,getMeanTimeToDelivery,1.0000
24,paf,getTransactionContext,1.0000
24,paf,queryOrderById,1.0000
24,paf,enterOrderID,1.0000
24,paf,getEnterpriseByID,1.0000
24,paf,getTransaction,1.0000
24,paf,queryStockItem,1.0000
28,paf,getMeanTimeToDeliveryReport,1.0000
28,paf,getMeanTimeToDelivery,1.0000
28,paf,getTransactionContext,1.0000
28,paf,queryOrderById,1.0000
28,paf,getEnterpriseByID,1.0000
28,paf,queryStockItem,1.0000
28,ep,Persistence,1.0000
28,ep,DataStore,1.0000
28,ep,Enterprise,1.0000
28,ep,Reporting,1.0000
32,paf,createReport,1.0000
32,paf,getMeanTimeToDeliveryReport,1.0000
32,paf,getMeanTimeToDelivery,1.0000
32,paf,getTransactionContext,1.0000
32,paf,queryOrderById,1.0000
32,paf,enterOrderID,1.0000
32,paf,getEnterpriseByID,1.0000
32,paf,getTransaction,1.0000
32,paf,queryStockItem,1.0000
36,paf,createReport,1.0000
36,paf,getMeanTimeToDeliveryReport,1.0000
36,paf,getMeanTimeToDelivery,1.0000
36,paf,getTransactionContext,1.0000
36,paf,enterOrderID,1.0000
36,paf,queryStockItem,1.0000
36,ep,Persistence,1.0000
36,ep,DataStore,1.0000
36,ep,Enterprise,1.0000
36,ep,Reporting,1.0000
40,paf,createReport,1.0000
40,paf,getMeanTimeToDeliveryReport,1.0000
40,paf,getMeanTimeToDelivery,1.0000
40,paf,queryOrderById,1.0000
40,paf,pressButton,1.0000
40,paf,enterOrderID,1.0000
40,paf,getEnterpriseByID,1.0000
40,paf,queryStockItem,1.0000
40,paf,getTransaction,1.0000
40,ep,GUIStore,1.0000
40,ep,GUIReporting,1.0000
44,paf,createReport,1.0000
44,paf,getMeanTimeToDeliveryReport,1.0000
44,paf,getTransactionContext,1.0000
44,paf,enterOrderID,1.0000
44,paf,getEnterpriseByID,1.0000
44,paf,queryStockItem,1.0000
44,ep,Persistence,1.0000
44,ep,DataStore,1.0000
44,ep,Enterprise,1.0000
44,ep,Reporting,1.0000
48,paf,getMeanTimeToDeliveryReport,1.0000
48,paf,getMeanTimeToDelivery,1.0000
48,paf,getTransactionContext,1.0000
48,paf,queryOrderById,1.0000
48,paf,enterOrderID,1.0000
48,paf,getEnterpriseByID,1.0000
48,paf,getTransaction,1.0000
48,paf,queryStockItem,1.0000
48,ep,Persistence,1.0000
48,ep,DataStore,1.0000
48,ep,Enterprise,1.0000
48,ep,Reporting,1.0000
50,paf,createReport,1.0000
50,paf,getMeanTimeToDeliveryReport,1.0000
50,paf,getMeanTimeToDelivery,1.0000
50,paf,queryOrderById,1.0000
50,paf,enterOrderID,1.0000
50,paf,getEnterpriseByID,1.0000
50,paf,getTransaction,1.0000
50,ep,DataStore,1.0000
54,paf,createReport,1.0000
54,paf,getMeanTimeToDeliveryReport,1.0000
54,paf,getMeanTimeToDelivery,1.0000
54,paf,queryOrderById,1.0000
54,paf,enterOrderID,1.0000
54,paf,getEnterpriseByID,1.0000
54,paf,getTransaction,1.0000
54,ep,DataStore,1.0000
58,paf,getMeanTimeToDeliveryReport,1.0000
58,paf,rollInReceivedOrder,1.0000
58,paf,getMeanTimeToDelivery,1.0000
58,paf,getTransactionContext,1.0000
58,paf,queryOrderById,1.0000
58,paf,enterOrderID,1.0000
58,paf,getEnterpriseByID,1.0000
58,paf,getTransaction,1.0000
58,paf,queryStockItem,1.0000
58,ep,Persistence,1.0000
58,ep,DataStore,1.0000
58,ep,Enterprise,1.0000
58,ep,Reporting,1.0000
62,paf,getMeanTimeToDeliveryReport,1.0000
62,paf,getMeanTimeToDelivery,1.0000
62,paf,getTransactionContext,1.0000
62,paf,queryOrderById,1.0000
62,paf,enterOrderID,1.0000
62,paf,getEnterpriseByID,1.0000
62,paf,getTransaction,1.0000
62,paf,queryStockItem,1.0000
62,ep,Persistence,1.0000
62,ep,DataStore,1.0000
62,ep,Reporting,1.0000
66,paf,createReport,1.0000
66,paf,getMeanTimeToDeliveryReport,1.0000
66,paf,getMeanTimeToDelivery,1.0000
66,paf,queryOrderById,1.0000
66,paf,enterOrderID,1.0000
66,paf,getEnterpriseByID,1.0000
66,paf,queryStockItem,1.0000
66,ep,Persistence,1.0000
66,ep,DataStore,1.0000
66,ep,Enterprise,1.0000
66,ep,Reporting,1.0000
70,paf,createReport,1.0000
70,paf,getMeanTimeToDeliveryReport,1.0000
70,paf,getMeanTimeToDelivery,1.0000
70,paf,getTransactionContext,1.0000
70,paf,queryOrderById,1.0000
70,paf,enterOrderID,1.0000
70,paf,getEnterpriseByID,1.0000
70,paf,getTransaction,1.0000
74,paf,createReport,1.0000
74,paf,getMeanTimeToDeliveryReport,1.0000
74,paf,getMeanTimeToDelivery,1.0000
74,paf,queryOrderById,1.0000
74,paf,enterOrderID,1.0000
74,paf,getEnterpriseByID,1.0000
74,paf,queryStockItem,1.0000
74,ep,Persistence,1.0000
74,ep,DataStore,1.0000
74,ep,Enterprise,1.0000
74,ep,Reporting,1.0000
78,paf,getMeanTimeToDeliveryReport,1.0000
78,paf,rollInReceivedOrder,1.0000
78,paf,getMeanTimeToDelivery,1.0000
78,paf,getTransactionContext,1.0000
78,paf,queryOrderById,1.0000
78,paf,getEnterpriseByID,1.0000
78,paf,queryStockItem,1.0000
78,paf,getTransaction,1.0000
78,ep,Persistence,1.0000
78,ep,DataStore,1.0000
78,ep,Enterprise,1.0000
78,ep,Reporting,1.0000
82,paf,createReport,1.0000
82,paf,getMeanTimeToDeliveryReport,1.0000
82,paf,getMeanTimeToDelivery,1.0000
82,paf,queryOrderById,1.0000
82,paf,enterOrderID,1.0000
82,paf,getEnterpriseByID,1.0000
82,paf,queryStockItem,1.0000
82,ep,Persistence,1.0000
82,ep,DataStore,1.0000
82,ep,Enterprise,1.0000
82,ep,Reporting,1.0000
86,paf,createReport,0.9507
86,paf,getMeanTimeToDeliveryReport,1.0000
86,paf,rollInReceivedOrder,1.0000
86,paf,getMeanTimeToDelivery,1.0000
86,paf,queryOrderById,1.0000
86,paf,getEnterpriseByID,1.0000
86,paf,getTransaction,1.0000
86,paf,queryStockItem,1.0000
86,ep,Persistence,1.0000
86,ep,DataStore,1.0000
86,ep,Enterprise,1.0000
86,ep,Reporting,1.0000
90,paf,getMeanTimeToDeliveryReport,1.0000
90,paf,getMeanTimeToDelivery,1.0000
90,paf,getTransactionContext,1.0000
90,paf,queryOrderById,1.0000
90,paf,getEnterpriseByID,1.0000
90,paf,queryStockItem,1.0000
90,ep,Persistence,1.0000
90,ep,DataStore,1.0000
90,ep,Enterprise,1.0000
90,ep,Reporting,1.0000
94,paf,createReport,1.0000
94,paf,getMeanTimeToDeliveryReport,1.0000
94,paf,rollInReceivedOrder,1.0000
94,paf,getMeanTimeToDelivery,1.0000
94,paf,getTransactionContext,1.0000
94,paf,enterOrderID,1.0000
94,paf,getEnterpriseByID,1.0000
94,paf,queryStockItem,1.0000
94,ep,Persistence,1.0000
94,ep,DataStore,1.0000
94,ep,Enterprise,1.0000
94,ep,Reporting,1.0000
98,paf,createReport,1.0000
98,paf,getMeanTimeToDeliveryReport,1.0000
98,paf,getMeanTimeToDelivery,1.0000
98,paf,getTransactionContext,1.0000
98,paf,queryOrderById,1.0000
98,paf,enterOrderID,1.0000
98,paf,getEnterpriseByID,1.0000
98,paf,queryStockItem,1.0000
98,paf,getTransaction,1.0000
98,ep,Persistence,1.0000
98,ep,Enterprise,1.0000
98,ep,Reporting,1.0000
102,paf,createReport,1.0000
102,paf,getMeanTimeToDeliveryReport,1.0000
102,paf,getMeanTimeToDelivery,1.0000
102,paf,queryOrderById,1.0000
102,paf,enterOrderID,1.0000
102,paf,getEnterpriseByID,1.0000
102,paf,getTransaction,1.0000
102,ep,DataStore,1.0000
106,paf,createReport,1.0000
106,paf,getMeanTimeToDeliveryReport,1.0000
106,paf,getMeanTimeToDelivery,1.0000
106,paf,queryOrderById,1.0000
106,paf,pressButton,1.0000
106,paf,enterOrderID,1.0000
106,paf,getEnterpriseByID,1.0000
106,paf,queryStockItem,1.0000
106,paf,getTransaction,1.0000
106,ep,GUIStore,1.0000
106,ep,GUIReporting,1.0000
110,paf,createReport,1.0000
110,paf,getMeanTimeToDeliveryReport,1.0000
110,paf,getMeanTimeToDelivery,1.0000
110,paf,getTransactionContext,1.0000
110,paf,queryOrderById,1.0000
110,paf,enterOrderID,1.0000
110,paf,getEnterpriseByID,1.0000
110,paf,getTransaction,1.0000
112,paf,createReport,1.0000
112,paf,getMeanTimeToDeliveryReport,1.0000
112,paf,getMeanTimeToDelivery,1.0000
112,paf,getTransactionContext,1.0000
112,paf,queryOrderById,1.0000
112,paf,enterOrderID,1.0000
112,paf,getEnterpriseByID,1.0000
112,paf,getTransaction,1.0000
112,paf,queryStockItem,1.0000
116,paf,createReport,1.0000
116,paf,getMeanTimeToDeliveryReport,1.0000
116,paf,getMeanTimeToDelivery,1.0000
116,paf,getTransactionContext,1.0000
116,paf,scanProduct,1.0000
116,paf,enterOrderID,0.9580
116,paf,getEnterpriseByID,1.0000
116,paf,queryStockItem,1.0000
116,ep,Persistence,1.0000
116,ep,DataStore,1.0000
116,ep,Enterprise,1.0000
116,ep,Reporting,1.0000
118,paf,getMeanTimeToDeliveryReport,1.0000
118,paf,getMeanTimeToDelivery,1.0000
118,paf,getTransactionContext,1.0000
118,paf,queryOrderById,1.0000
118,paf,enterOrderID,1.0000
118,paf,getEnterpriseByID,1.0000
118,paf,getTransaction,1.0000
118,paf,queryStockItem,1.0000
118,ep,Persistence,1.0000
118,ep,DataStore,1.0000
118,ep,Enterprise,1.0000
118,ep,Reporting,1.0000
122,paf,createReport,0.9507
122,paf,getMeanTimeToDeliveryReport,1.0000
122,paf,rollInReceivedOrder,1.0000
122,paf,getMeanTimeToDelivery,1.0000
122,paf,queryOrderById,1.0000
122,paf,getEnterpriseByID,1.0000
122,paf,getTransaction,1.0000
122,paf,queryStockItem,1.0000
122,ep,Persistence,1.0000
122,ep,DataStore,1.0000
122,ep,Enterprise,1.0000
122,ep,Reporting,1.0000
126,paf,createReport,0.9507
126,paf,getMeanTimeToDeliveryReport,1.0000
126,paf,rollInReceivedOrder,1.0000
126,paf,getMeanTimeToDelivery,1.0000
126,paf,queryOrderById,1.0000
126,paf,getEnterpriseByID,1.0000
126,paf,getTransaction,1.0000
126,paf,queryStockItem,1.0000
126,ep,Persistence,1.0000
126,ep,DataStore,1.0000
126,ep,Enterprise,1.0000
126,ep,Reporting,1.0000
130,paf,createReport,0.9507
130,paf,getMeanTimeToDeliveryReport,1.0000
130,paf,rollInReceivedOrder,1.0000
130,paf,getMeanTimeToDelivery,1.0000
130,paf,queryOrderById,1.0000
130,paf,getEnterpriseByID,1.0000
130,paf,getTransaction,1.0000
130,paf,queryStockItem,1.0000
130,ep,Persistence,1.0000
130,ep,DataStore,1.0000
130,ep,Enterprise,1.0000
130,ep,Reporting,1.0000
134,paf,createReport,1.0000
134,paf,getMeanTimeToDeliveryReport,1.0000
134,paf,queryOrderById,1.0000
134,paf,enterOrderID,1.0000
134,paf,getEnterpriseByID,1.0000
134,paf,getTransaction,1.0000
134,paf,queryStockItem,1.0000
134,ep,Persistence,1.0000
134,ep,DataStore,1.0000
134,ep,Enterprise,1.0000
134,ep,Reporting,1.0000
136,paf,getMeanTimeToDeliveryReport,1.0000
136,paf,getMeanTimeToDelivery,1.0000
136,paf,getTransactionContext,1.0000
136,paf,queryOrderById,1.0000
136,paf,enterOrderID,1.0000
136,paf,getEnterpriseByID,1.0000
136,paf,getTransaction,1.0000
136,paf,queryStockItem,1.0000
136,ep,Persistence,1.0000
136,ep,DataStore,1.0000
136,ep,Enterprise,1.0000
136,ep,Reporting,1.0000
140,paf,createReport,1.0000
140,paf,getMeanTimeToDeliveryReport,1.0000
140,paf,getMeanTimeToDelivery,1.0000
140,paf,getTransactionContext,1.0000
140,paf,enterOrderID,1.0000
140,paf,getEnterpriseByID,1.0000
140,paf,queryStockItem,1.0000
140,ep,Persistence,1.0000
140,ep,DataStore,1.0000
140,ep,Enterprise,1.0000
140,ep,Reporting,1.0000
142,paf,getMeanTimeToDeliveryReport,1.0000
142,paf,rollInReceivedOrder,1.0000
142,paf,getMeanTimeToDelivery,1.0000
142,paf,getTransactionContext,1.0000
142,paf,queryOrderById,1.0000
142,paf,enterOrderID,1.0000
142,paf,getEnterpriseByID,1.0000
142,paf,getTransaction,1.0000
142,paf,queryStockItem,1.0000
142,ep,Persistence,1.0000
142,ep,DataStore,1.0000
142,ep,Enterprise,1.0000
142,ep,Reporting,1.0000
144,paf,createReport,1.0000
144,paf,getMeanTimeToDeliveryReport,1.0000
144,paf,getMeanTimeToDelivery,1.0000
144,paf,getTransactionContext,1.0000
144,paf,queryOrderById,1.0000
144,paf,enterOrderID,1.0000
144,paf,getEnterpriseByID,1.0000
144,paf,getTransaction,1.0000
146,paf,getMeanTimeToDeliveryReport,1.0000
146,paf,rollInReceivedOrder,1.0000
146,paf,getMeanTimeToDelivery,1.0000
146,paf,getTransactionContext,1.0000
146,paf,queryOrderById,1.0000
146,paf,getEnterpriseByID,1.0000
146,paf,queryStockItem,1.0000
146,paf,getTransaction,1.0000
146,ep,Persistence,1.0000
146,ep,DataStore,1.0000
146,ep,Enterprise,1.0000
146,ep,Reporting,1.0000
148,paf,getMeanTimeToDeliveryReport,1.0000
148,paf,getMeanTimeToDelivery,1.0000
148,paf,getTransactionContext,1.0000
148,paf,queryOrderById,1.0000
148,paf,enterOrderID,1.0000
148,paf,getEnterpriseByID,1.0000
148,paf,queryStockItem,1.0000
148,ep,Persistence,0.9616
148,ep,Enterprise,0.9616
148,ep,Reporting,0.9616
150,paf,createReport,1.0000
150,paf,getMeanTimeToDelivery,1.0000
150,paf,getTransactionContext,0.9790
150,paf,queryOrderById,0.9790
150,paf,enterOrderID,1.0000
150,paf,getEnterpriseByID,1.0000
150,paf,getTransaction,1.0000
150,paf,queryStockItem,0.9790
152,paf,createReport,1.0000
152,paf,getMeanTimeToDeliveryReport,1.0000
152,paf,getMeanTimeToDelivery,1.0000
152,paf,getTransactionContext,1.0000
152,paf,queryOrderById,1.0000
152,paf,enterOrderID,1.0000
152,paf,getEnterpriseByID,1.0000
152,paf,getTransaction,1.0000
156,paf,getMeanTimeToDeliveryReport,1.0000
156,paf,getMeanTimeToDelivery,1.0000
156,paf,getTransactionContext,1.0000
156,paf,queryOrderById,1.0000
156,paf,enterOrderID,1.0000
156,paf,getEnterpriseByID,1.0000
156,paf,getTransaction,1.0000
156,paf,queryStockItem,1.0000
156,ep,Persistence,1.0000
156,ep,DataStore,1.0000
156,ep,Enterprise,1.0000
156,ep,Reporting,1.0000
160,paf,createReport,1.0000
160,paf,getMeanTimeToDeliveryReport,1.0000
160,paf,getMeanTimeToDelivery,1.0000
160,paf,getTransactionContext,1.0000
160,paf,scanProduct,1.0000
160,paf,enterOrderID,0.9580
160,paf,getEnterpriseByID,1.0000
160,paf,queryStockItem,1.0000
160,ep,Persistence,1.0000
160,ep,DataStore,1.0000
160,ep,Enterprise,1.0000
160,ep,Reporting,1.0000
164,paf,getMeanTimeToDeliveryReport,1.0000
164,paf,getMeanTimeToDelivery,1.0000
164,paf,getTransactionContext,1.0000
164,paf,queryOrderById,1.0000
164,paf,enterOrderID,1.0000
164,paf,getEnterpriseByID,1.0000
164,paf,getTransaction,1.0000
164,paf,queryStockItem,1.0000
164,ep,Persistence,1.0000
164,ep,DataStore,1.0000
164,ep,Reporting,1.0000
168,paf,createReport,0.9507
168,paf,getMeanTimeToDeliveryReport,1.0000
168,paf,rollInReceivedOrder,1.0000
168,paf,getMeanTimeToDelivery,1.0000
168,paf,queryOrderById,1.0000
168,paf,getEnterpriseByID,1.0000
168,paf,getTransaction,1.0000
168,paf,queryStockItem,1.0000
168,ep,Persistence,1.0000
168,ep,DataStore,1.0000
168,ep,Enterprise,1.0000
168,ep,Reporting,1.0000
172,paf,createReport,1.0000
172,paf,getMeanTimeToDeliveryReport,1.0000
172,paf,getMeanTimeToDelivery,1.0000
172,paf,getTransactionContext,1.0000
172,paf,scanProduct,1.0000
172,paf,enterOrderID,0.9580
172,paf,getEnterpriseByID,1.0000
172,paf,queryStockItem,1.0000
172,ep,Persistence,1.0000
172,ep,DataStore,1.0000
172,ep,Enterprise,1.0000
172,ep,Reporting,1.0000
176,paf,createReport,1.0000
176,paf,getMeanTimeToDeliveryReport,1.0000
176,paf,getMeanTimeToDelivery,1.0000
176,paf,queryOrderById,1.0000
176,paf,getEnterpriseByID,1.0000
176,paf,getTransaction,1.0000
176,paf,queryStockItem,1.0000
176,ep,Persistence,1.0000
176,ep,DataStore,1.0000
176,ep,Enterprise,1.0000
176,ep,Reporting,1.0000
180,paf,getMeanTimeToDeliveryReport,1.0000
180,paf,getMeanTimeToDelivery,1.0000
180,paf,getTransactionContext,1.0000
180,paf,queryOrderById,1.0000
180,paf,getEnterpriseByID,1.0000
180,paf,queryStockItem,1.0000
180,ep,Persistence,1.0000
180,ep,DataStore,1.0000
180,ep,Enterprise,1.0000
180,ep,Reporting,1.0000
184,paf,getMeanTimeToDeliveryReport,1.0000
184,paf,rollInReceivedOrder,1.0000
184,paf,getMeanTimeToDelivery,1.0000
184,paf,getTransactionContext,1.0000
184,paf,queryOrderById,1.0000
184,paf,enterOrderID,1.0000
184,paf,getEnterpriseByID,1.0000
184,paf,getTransaction,1.0000
184,paf,queryStockItem,1.0000
184,ep,Persistence,1.0000
184,ep,DataStore,1.0000
184,ep,Enterprise,1.0000
184,ep,Reporting,1.0000
188,paf,createReport,1.0000
188,paf,getMeanTimeToDeliveryReport,1.0000
188,paf,getMeanTimeToDelivery,1.0000
188,paf,getTransactionContext,1.0000
188,paf,queryOrderById,1.0000
188,paf,enterOrderID,1.0000
188,paf,getEnterpriseByID,1.0000
188,paf,getTransaction,1.0000
192,paf,createReport,1.0000
192,paf,getMeanTimeToDeliveryReport,1.0000
192,paf,getMeanTimeToDelivery,1.0000
192,paf,getTransactionContext,1.0000
192,paf,queryOrderById,1.0000
192,paf,enterOrderID,1.0000
192,paf,getEnterpriseByID,1.0000
192,paf,getTransaction,1.0000
196,paf,createReport,1.0000
196,paf,getMeanTimeToDeliveryReport,1.0000
196,paf,getMeanTimeToDelivery,1.0000
196,paf,getTransactionContext,1.0000
196,paf,queryOrderById,1.0000
196,paf,enterOrderID,1.0000
196,paf,getEnterpriseByID,1.0000
196,paf,getTransaction,1.0000
200,paf,getMeanTimeToDeliveryReport,1.0000
200,paf,getMeanTimeToDelivery,1.0000
200,paf,getTransactionContext,1.0000
200,paf,queryOrderById,1.0000
200,paf,enterOrderID,1.0000
200,paf,getEnterpriseByID,1.0000
200,paf,getTransaction,1.0000
200,paf,queryStockItem,1.0000
200,ep,Persistence,1.0000
200,ep,DataStore,1.0000
200,ep,Reporting,1.0000
204,paf,createReport,1.0000
204,paf,getMeanTimeToDeliveryReport,1.0000
204,paf,getMeanTimeToDelivery,1.0000
204,paf,getTransactionContext,1.0000
204,paf,queryOrderById,1.0000
204,paf,enterOrderID,1.0000
204,paf,getEnterpriseByID,1.0000
204,paf,getTransaction,1.0000
206,paf,getMeanTimeToDeliveryReport,1.0000
206,paf,getMeanTimeToDelivery,1.0000
206,paf,getTransactionContext,1.0000
206,paf,queryOrderById,1.0000
206,paf,enterOrderID,1.0000
206,paf,getEnterpriseByID,1.0000
206,paf,getTransaction,1.0000
206,paf,queryStockItem,1.0000
206,ep,Persistence,1.0000
206,ep,DataStore,1.0000
206,ep,Enterprise,1.0000
206,ep,Reporting,1.0000
210,paf,createReport,0.9507
210,paf,getMeanTimeToDeliveryReport,1.0000
210,paf,rollInReceivedOrder,1.0000
210,paf,getMeanTimeToDelivery,1.0000
210,paf,queryOrderById,1.0000
210,paf,getEnterpriseByID,1.0000
210,paf,getTransaction,1.0000
210,paf,queryStockItem,1.0000
210,ep,Persistence,1.0000
210,ep,DataStore,1.0000
210,ep,Enterprise,1.0000
210,ep,Reporting,1.0000
214,paf,createReport,1.0000
214,paf,getMeanTimeToDeliveryReport,1.0000
214,paf,getMeanTimeToDelivery,1.0000
214,paf,getTransactionContext,1.0000
214,paf,queryOrderById,1.0000
214,paf,enterOrderID,1.0000
214,paf,getEnterpriseByID,1.0000
214,paf,getTransaction,1.0000
218,paf,createReport,1.0000
218,paf,getMeanTimeToDeliveryReport,1.0000
218,paf,enterOrderID,1.0000
218,paf,getEnterpriseByID,1.0000
218,paf,getTransaction,1.0000
222,paf,createReport,1.0000
222,paf,getMeanTimeToDeliveryReport,1.0000
222,paf,getMeanTimeToDelivery,1.0000
222,paf,queryOrderById,1.0000
222,paf,pressButton,1.0000
222,paf,enterOrderID,1.0000
222,paf,getEnterpriseByID,1.0000
222,paf,queryStockItem,1.0000
222,paf,getTransaction,1.0000
222,ep,GUIStore,1.0000
222,ep,GUIReporting,1.0000
226,paf,getMeanTimeToDeliveryReport,1.0000
226,paf,getMeanTimeToDelivery,1.0000
226,paf,getTransactionContext,1.0000
226,paf,queryOrderById,1.0000
226,paf,enterOrderID,1.0000
226,paf,getEnterpriseByID,1.0000
226,paf,getTransaction,1.0000
226,paf,queryStockItem,1.0000
226,ep,Persistence,1.0000
226,ep,DataStore,1.0000
226,ep,Enterprise,1.0000
226,ep,Reporting,1.0000
228,paf,getMeanTimeToDeliveryReport,1.0000
228,paf,rollInReceivedOrder,1.0000
228,paf,getMeanTimeToDelivery,1.0000
228,paf,getTransactionContext,1.0000
228,paf,queryOrderById,1.0000
228,paf,enterOrderID,1.0000
228,paf,getEnterpriseByID,1.0000
228,paf,getTransaction,1.0000
228,paf,queryStockItem,1.0000
228,ep,Persistence,1.0000
228,ep,DataStore,1.0000
228,ep,Enterprise,1.0000
228,ep,Reporting,1.0000
232,paf,createReport,1.0000
232,paf,getMeanTimeToDeliveryReport,1.0000
232,paf,getMeanTimeToDelivery,1.0000
232,paf,getTransactionContext,1.0000
232,paf,queryOrderById,1.0000
232,paf,enterOrderID,1.0000
232,paf,getEnterpriseByID,1.0000
232,paf,getTransaction,1.0000
236,paf,createReport,1.0000
236,paf,getTransactionContext,1.0000
236,paf,queryOrderById,1.0000
236,paf,enterOrderID,1.0000
240,paf,createReport,1.0000
240,paf,getMeanTimeToDeliveryReport,1.0000
240,paf,getTransactionContext,1.0000
240,paf,enterOrderID,1.0000
240,paf,getEnterpriseByID,1.0000
240,paf,queryStockItem,1.0000
240,ep,Persistence,1.0000
240,ep,DataStore,1.0000
240,ep,Enterprise,1.0000
240,ep,Reporting,1.0000
244,paf,createReport,1.0000
244,paf,getMeanTimeToDeliveryReport,1.0000
244,paf,getMeanTimeToDelivery,1.0000
244,paf,getTransactionContext,1.0000
244,paf,queryOrderById,1.0000
244,paf,enterOrderID,1.0000
244,paf,getEnterpriseByID,1.0000
244,paf,getTransaction,1.0000
244,paf,queryStockItem,1.0000
248,paf,createReport,1.0000
248,paf,getTransactionContext,1.0000
248,paf,queryOrderById,1.0000
248,paf,enterOrderID,1.0000
252,paf,createReport,1.0000
252,paf,getMeanTimeToDeliveryReport,1.0000
252,paf,getTransactionContext,1.0000
252,paf,enterOrderID,1.0000
252,paf,getEnterpriseByID,1.0000
252,paf,queryStockItem,1.0000
252,ep,Persistence,1.0000
252,ep,DataStore,1.0000
252,ep,Enterprise,1.0000
252,ep,Reporting,1.0000
256,paf,createReport,1.0000
256,paf,getMeanTimeToDeliveryReport,1.0000
256,paf,enterOrderID,1.0000
256,paf,getEnterpriseByID,1.0000
256,paf,getTransaction,1.0000
260,paf,getMeanTimeToDeliveryReport,1.0000
260,paf,getMeanTimeToDelivery,1.0000
260,paf,getTransactionContext,1.0000
260,paf,queryOrderById,1.0000
260,paf,enterOrderID,1.0000
260,paf,getEnterpriseByID,1.0000
260,paf,queryStockItem,1.0000
260,ep,Persistence,0.9616
260,ep,Enterprise,0.9616
260,ep,Reporting,0.9616
264,paf,createReport,1.0000
264,paf,getTransactionContext,1.0000
264,paf,queryOrderById,1.0000
264,paf,enterOrderID,1.0000
268,paf,createReport,0.9507
268,paf,getMeanTimeToDeliveryReport,1.0000
268,paf,rollInReceivedOrder,1.0000
268,paf,getMeanTimeToDelivery,1.0000
268,paf,queryOrderById,1.0000
268,paf,getEnterpriseByID,1.0000
268,paf,getTransaction,1.0000
268,paf,queryStockItem,1.0000
268,ep,Persistence,1.0000
268,ep,DataStore,1.0000
268,ep,Enterprise,1.0000
268,ep,Reporting,1.0000
272,paf,createReport,1.0000
272,paf,getMeanTimeToDeliveryReport,1.0000
272,paf,getTransactionContext,1.0000
272,paf,enterOrderID,1.0000
272,paf,getEnterpriseByID,1.0000
272,paf,queryStockItem,1.0000
272,ep,Persistence,1.0000
272,ep,DataStore,1.0000
272,ep,Enterprise,1.0000
272,ep,Reporting,1.0000
274,paf,createReport,1.0000
274,paf,getTransactionContext,1.0000
274,paf,queryOrderById,1.0000
274,paf,enterOrderID,1.0000
278,paf,getMeanTimeToDeliveryReport,1.0000
278,paf,getMeanTimeToDelivery,1.0000
278,paf,getTransactionContext,1.0000
278,paf,queryOrderById,1.0000
278,paf,enterOrderID,1.0000
278,paf,getEnterpriseByID,1.0000
278,paf,queryStockItem,1.0000
278,ep,Persistence,0.9616
278,ep,Enterprise,0.9616
278,ep,Reporting,0.9616
282,paf,createReport,1.0000
282,paf,getMeanTimeToDeliveryReport,1.0000
282,paf,enterOrderID,1.0000
282,paf,getEnterpriseByID,1.0000
282,paf,getTransaction,1.0000
286,paf,getMeanTimeToDeliveryReport,1.0000
286,paf,getMeanTimeToDelivery,1.0000
286,paf,getTransactionContext,1.0000
286,paf,queryOrderById,1.0000
286,paf,getEnterpriseByID,1.0000
286,paf,queryStockItem,1.0000
286,ep,Persistence,1.0000
286,ep,DataStore,1.0000
286,ep,Enterprise,1.0000
286,ep,Reporting,1.0000
290,paf,createReport,1.0000
290,paf,getTransactionContext,1.0000
290,paf,queryOrderById,1.0000
290,paf,enterOrderID,1.0000
294,paf,createReport,1.0000
294,paf,getMeanTimeToDeliveryReport,1.0000
294,paf,getMeanTimeToDelivery,1.0000
294,paf,getTransactionContext,1.0000
294,paf,queryOrderById,1.0000
294,paf,enterOrderID,1.0000
294,paf,getEnterpriseByID,1.0000
294,paf,getTransaction,1.0000
294,paf,queryStockItem,1.0000
300,paf,createReport,1.0000
300,paf,getMeanTimeToDeliveryReport,1.0000
300,paf,getMeanTimeToDelivery,1.0000
300,paf,getTransactionContext,1.0000
300,paf,queryOrderById,1.0000
300,paf,enterOrderID,1.0000
300,paf,getEnterpriseByID,1.0000
300,paf,getTransaction,1.0000
300,paf,queryStockItem,1.0000
300,ep,Persistence,1.0000
300,ep,DataStore,1.0000
300,ep,Enterprise,1.0000
300,ep,Reporting,1.0000
302,paf,createReport,1.0000
302,paf,getMeanTimeToDeliveryReport,1.0000
302,paf,getMeanTimeToDelivery,1.0000
302,paf,queryOrderById,1.0000
302,paf,pressButton,1.0000
302,paf,enterOrderID,1.0000
302,paf,getEnterpriseByID,1.0000
302,paf,queryStockItem,1.0000
302,paf,getTransaction,1.0000
302,ep,GUIStore,1.0000
302,ep,GUIReporting,1.0000
306,paf,createReport,1.0000
306,paf,getMeanTimeToDeliveryReport,1.0000
306,paf,getMeanTimeToDelivery,1.0000
306,paf,getTransactionContext,1.0000
306,paf,queryOrderById,1.0000
306,paf,enterOrderID,1.0000
306,paf,getEnterpriseByID,1.0000
306,paf,getTransaction,1.0000
310,paf,getMeanTimeToDeliveryReport,1.0000
310,paf,getMeanTimeToDelivery,1.0000
310,paf,getTransactionContext,1.0000
310,paf,queryOrderById,1.0000
310,paf,enterOrderID,1.0000
310,paf,getEnterpriseByID,1.0000
310,paf,getTransaction,1.0000
310,paf,queryStockItem,1.0000
310,ep,Persistence,1.0000
310,ep,DataStore,1.0000
310,ep,Enterprise,1.0000
310,ep,Reporting,1.0000
314,paf,createReport,1.0000
314,paf,getMeanTimeToDeliveryReport,1.0000
314,paf,getTransactionContext,1.0000
314,paf,enterOrderID,1.0000
314,paf,getEnterpriseByID,1.0000
314,paf,queryStockItem,1.0000
314,ep,Persistence,1.0000
314,ep,DataStore,1.0000
314,ep,Enterprise,1.0000
314,ep,Reporting,1.0000
318,paf,getMeanTimeToDeliveryReport,1.0000
318,paf,rollInReceivedOrder,1.0000
318,paf,getMeanTimeToDelivery,1.0000
318,paf,getTransactionContext,1.0000
318,paf,queryOrderById,1.0000
318,paf,enterOrderID,1.0000
318,paf,getEnterpriseByID,1.0000
318,paf,getTransaction,1.0000
318,paf,queryStockItem,1.0000
318,ep,Persistence,1.0000
318,ep,DataStore,1.0000
318,ep,Enterprise,1.0000
318,ep,Reporting,1.0000
322,paf,getMeanTimeToDeliveryReport,1.0000
322,paf,getMeanTimeToDelivery,1.0000
322,paf,getTransactionContext,1.0000
322,paf,queryOrderById,1.0000
322,paf,enterOrderID,1.0000
322,paf,getEnterpriseByID,1.0000
322,paf,getTransaction,1.0000
322,paf,queryStockItem,1.0000
322,ep,Persistence,1.0000
322,ep,DataStore,1.0000
322,ep,Enterprise,1.0000
322,ep,Reporting,1.0000
328,paf,createReport,1.0000
328,paf,getMeanTimeToDeliveryReport,1.0000
328,paf,getMeanTimeToDelivery,1.0000
328,paf,getTransactionContext,1.0000
328,paf,queryOrderById,1.0000
328,paf,enterOrderID,1.0000
328,paf,getEnterpriseByID,1.0000
328,paf,getTransaction,1.0000
330,paf,createReport,1.0000
330,paf,getMeanTimeToDeliveryReport,1.0000
330,paf,getMeanTimeToDelivery,1.0000
330,paf,getTransactionContext,1.0000
330,paf,scanProduct,1.0000
330,paf,enterOrderID,0.9580
330,paf,getEnterpriseByID,1.0000
330,paf,queryStockItem,1.0000
330,ep,Persistence,1.0000
330,ep,DataStore,1.0000
330,ep,Enterprise,1.0000
330,ep,Reporting,1.0000
334,paf,createReport,0.9507
334,paf,getMeanTimeToDeliveryReport,1.0000
334,paf,rollInReceivedOrder,1.0000
334,paf,getMeanTimeToDelivery,1.0000
334,paf,queryOrderById,1.0000
334,paf,getEnterpriseByID,1.0000
334,paf,getTransaction,1.0000
334,paf,queryStockItem,1.0000
334,ep,Persistence,1.0000
334,ep,DataStore,1.0000
334,ep,Enterprise,1.0000
334,ep,Reporting,1.0000
338,paf,getMeanTimeToDeliveryReport,1.0000
338,paf,getMeanTimeToDelivery,1.0000
338,paf,getTransactionContext,1.0000
338,paf,queryOrderById,1.0000
338,paf,enterOrderID,1.0000
338,paf,getEnterpriseByID,1.0000
338,paf,getTransaction,1.0000
338,paf,queryStockItem,1.0000
338,ep,Persistence,1.0000
338,ep,DataStore,1.0000
338,ep,Enterprise,1.0000
338,ep,Reporting,1.0000
342,paf,createReport,1.0000
342,paf,getMeanTimeToDeliveryReport,1.0000
342,paf,enterOrderID,1.0000
342,paf,getEnterpriseByID,1.0000
342,paf,getTransaction,1.0000
346,paf,createReport,1.0000
346,paf,getMeanTimeToDeliveryReport,1.0000
346,paf,getMeanTimeToDelivery,1.0000
346,paf,getTransactionContext,1.0000
346,paf,queryOrderById,1.0000
346,paf,enterOrderID,1.0000
346,paf,getEnterpriseByID,1.0000
346,paf,getTransaction,1.0000
348,paf,createReport,1.0000
348,paf,getTransactionContext,1.0000
348,paf,queryOrderById,1.0000
348,paf,enterOrderID,1.0000
352,paf,createReport,1.0000
352,paf,getTransactionContext,1.0000
352,paf,queryOrderById,1.0000
352,paf,enterOrderID,1.0000
356,paf,getMeanTimeToDeliveryReport,1.0000
356,paf,getMeanTimeToDelivery,1.0000
356,paf,getTransactionContext,1.0000
356,paf,queryOrderById,1.0000
356,paf,getEnterpriseByID,1.0000
356,paf,queryStockItem,1.0000
356,ep,Persistence,1.0000
356,ep,DataStore,1.0000
356,ep,Enterprise,1.0000
356,ep,Reporting,1.0000
358,paf,createReport,1.0000
358,paf,getMeanTimeToDeliveryReport,1.0000
358,paf,enterOrderID,1.0000
358,paf,getEnterpriseByID,1.0000
358,paf,getTransaction,1.0000
362,paf,createReport,1.0000
362,paf,getMeanTimeToDeliveryReport,1.0000
362,paf,getMeanTimeToDelivery,1.0000
362,paf,queryOrderById,1.0000
362,paf,getEnterpriseByID,1.0000
362,paf,getTransaction,1.0000
362,paf,queryStockItem,1.0000
362,ep,Persistence,1.0000
362,ep,DataStore,1.0000
362,ep,Enterprise,1.0000
362,ep,Reporting,1.0000
366,paf,getMeanTimeToDeliveryReport,1.0000
366,paf,getMeanTimeToDelivery,1.0000
366,paf,getTransactionContext,1.0000
366,paf,queryOrderById,1.0000
366,paf,enterOrderID,1.0000
366,paf,getEnterpriseByID,1.0000
366,paf,getTransaction,1.0000
366,paf,queryStockItem,1.0000
366,ep,Persistence,1.0000
366,ep,DataStore,1.0000
366,ep,Enterprise,1.0000
366,ep,Reporting,1.0000
370,paf,createReport,1.0000
370,paf,getMeanTimeToDeliveryReport,1.0000
370,paf,getMeanTimeToDelivery,1.0000
370,paf,getTransactionContext,1.0000
370,paf,queryOrderById,1.0000
370,paf,enterOrderID,1.0000
370,paf,getEnterpriseByID,1.0000
370,paf,getTransaction,1.0000
372,paf,createReport,1.0000
372,paf,getMeanTimeToDeliveryReport,1.0000
372,paf,getMeanTimeToDelivery,1.0000
372,paf,getTransactionContext,1.0000
372,paf,queryOrderById,1.0000
372,paf,enterOrderID,1.0000
372,paf,getEnterpriseByID,1.0000
372,paf,queryStockItem,1.0000
372,paf,getTransaction,1.0000
372,ep,Persistence,1.0000
372,ep,Enterprise,1.0000
372,ep,Reporting,1.0000
376,paf,getMeanTimeToDeliveryReport,1.0000
376,paf,rollInReceivedOrder,1.0000
376,paf,getMeanTimeToDelivery,1.0000
376,paf,getTransactionContext,1.0000
376,paf,queryOrderById,1.0000
376,paf,enterOrderID,1.0000
376,paf,getEnterpriseByID,1.0000
376,paf,getTransaction,1.0000
376,paf,queryStockItem,1.0000
376,ep,Persistence,1.0000
376,ep,DataStore,1.0000
376,ep,Enterprise,1.0000
376,ep,Reporting,1.0000
380,paf,createReport,1.0000
380,paf,getMeanTimeToDeliveryReport,1.0000
380,paf,getMeanTimeToDelivery,1.0000
380,paf,queryOrderById,1.0000
380,paf,pressButton,1.0000
380,paf,enterOrderID,1.0000
380,paf,getEnterpriseByID,1.0000
380,paf,queryStockItem,1.0000
380,paf,getTransaction,1.0000
380,ep,GUIStore,1.0000
380,ep,GUIReporting,1.0000
384,paf,getMeanTimeToDeliveryReport,1.0000
384,paf,getMeanTimeToDelivery,1.0000
384,paf,getTransactionContext,1.0000
384,paf,queryOrderById,1.0000
384,paf,enterOrderID,1.0000
384,paf,getEnterpriseByID,1.0000
384,paf,queryStockItem,1.0000
384,ep,Persistence,0.9616
384,ep,Enterprise,0.9616
384,ep,Reporting,0.9616
386,paf,createReport,1.0000
386,paf,getMeanTimeToDeliveryReport,1.0000
386,paf,getMeanTimeToDelivery,1.0000
386,paf,getTransactionContext,1.0000
386,paf,enterOrderID,1.0000
386,paf,getEnterpriseByID,1.0000
386,paf,queryStockItem,1.0000
386,ep,Persistence,1.0000
386,ep,DataStore,1.0000
386,ep,Enterprise,1.0000
386,ep,Reporting,1.0000
390,paf,createReport,1.0000
390,paf,getMeanTimeToDeliveryReport,1.0000
390,paf,enterOrderID,1.0000
390,paf,getEnterpriseByID,1.0000
390,paf,getTransaction,1.0000
392,paf,createReport,1.0000
392,paf,getTransactionContext,1.0000
392,paf,queryOrderById,1.0000
392,paf,enterOrderID,1.0000
396,paf,getMeanTimeToDeliveryReport,1.0000
396,paf,getMeanTimeToDelivery,1.0000
396,paf,queryOrderById,1.0000
396,paf,getTransactionContext,1.0000
396,paf,enterOrderID,1.0000
396,paf,getEnterpriseByID,1.0000
396,paf,getTransaction,1.0000
396,paf,queryStockItem,1.0000
396,ep,Persistence,1.0000
396,ep,DataStore,1.0000
396,ep,Enterprise,1.0000
396,ep,Reporting,1.0000
400,paf,createReport,1.0000
400,paf,getMeanTimeToDeliveryReport,1.0000
400,paf,getTransactionContext,1.0000
400,paf,enterOrderID,1.0000
400,paf,getEnterpriseByID,1.0000
400,paf,queryStockItem,1.0000
400,ep,Persistence,1.0000
400,ep,DataStore,1.0000
400,ep,Enterprise,1.0000
400,ep,Reporting,1.0000
404,paf,getMeanTimeToDeliveryReport,1.0000
404,paf,rollInReceivedOrder,1.0000
404,paf,getMeanTimeToDelivery,1.0000
404,paf,getTransactionContext,1.0000
404,paf,queryOrderById,1.0000
404,paf,enterOrderID,1.0000
404,paf,getEnterpriseByID,1.0000
404,paf,getTransaction,1.0000
404,paf,queryStockItem,1.0000
404,ep,Persistence,1.0000
404,ep,DataStore,1.0000
404,ep,Enterprise,1.0000
404,ep,Reporting,1.0000
408,paf,createReport,1.0000
408,paf,getMeanTimeToDeliveryReport,1.0000
408,paf,getMeanTimeToDelivery,1.0000
408,paf,getTransactionContext,1.0000
408,paf,queryOrderById,1.0000
408,paf,enterOrderID,1.0000
408,paf,getEnterpriseByID,1.0000
408,paf,getTransaction,1.0000
412,paf,createReport,1.0000
412,paf,queryOrderById,1.0000
412,paf,pressButton,1.0000
412,paf,enterOrderID,1.0000
412,ep,GUIStore,1.0000
412,ep,GUIReporting,1.0000
416,paf,createReport,0.9811
416,paf,getMeanTimeToDeliveryReport,1.0000
416,paf,getMeanTimeToDelivery,1.0000
416,paf,getTransactionContext,1.0000
416,paf,enterOrderID,1.0000
416,paf,getEnterpriseByID,1.0000
416,paf,queryStockItem,1.0000
416,ep,Persistence,1.0000
416,ep,DataStore,1.0000
416,ep,Enterprise,1.0000
416,ep,Reporting,1.0000
418,paf,getMeanTimeToDeliveryReport,1.0000
418,paf,rollInReceivedOrder,1.0000
418,paf,getMeanTimeToDelivery,1.0000
418,paf,getTransactionContext,1.0000
418,paf,queryOrderById,1.0000
418,paf,enterOrderID,1.0000
418,paf,getEnterpriseByID,1.0000
418,paf,getTransaction,1.0000
418,paf,queryStockItem,1.0000
418,ep,Persistence,1.0000
418,ep,DataStore,1.0000
418,ep,Enterprise,1.0000
418,ep,Reporting,1.0000
422,paf,getMeanTimeToDeliveryReport,1.0000
422,paf,getMeanTimeToDelivery,1.0000
422,paf,getTransactionContext,1.0000
422,paf,queryOrderById,1.0000
422,paf,enterOrderID,1.0000
422,paf,getEnterpriseByID,1.0000
422,paf,getTransaction,1.0000
422,paf,queryStockItem,1.0000
422,ep,Persistence,1.0000
422,ep,DataStore,1.0000
422,ep,Enterprise,1.0000
422,ep,Reporting,1.0000
426,paf,createReport,0.9507
426,paf,getMeanTimeToDeliveryReport,1.0000
426,paf,rollInReceivedOrder,1.0000
426,paf,getMeanTimeToDelivery,1.0000
426,paf,queryOrderById,1.0000
426,paf,getEnterpriseByID,1.0000
426,paf,getTransaction,1.0000
426,paf,queryStockItem,1.0000
426,ep,Persistence,1.0000
426,ep,DataStore,1.0000
426,ep,Enterprise,1.0000
426,ep,Reporting,1.0000
428,paf,createReport,0.9507
428,paf,getMeanTimeToDeliveryReport,1.0000
428,paf,rollInReceivedOrder,1.0000
428,paf,getMeanTimeToDelivery,1.0000
428,paf,queryOrderById,1.0000
428,paf,getEnterpriseByID,1.0000
428,paf,getTransaction,1.0000
428,paf,queryStockItem,1.0000
428,ep,Persistence,1.0000
428,ep,DataStore,1.0000
428,ep,Enterprise,1.0000
428,ep,Reporting,1.0000
432,paf,createReport,1.0000
432,paf,getMeanTimeToDeliveryReport,1.0000
432,paf,getMeanTimeToDelivery,1.0000
432,paf,queryOrderById,1.0000
432,paf,pressButton,1.0000
432,paf,enterOrderID,1.0000
432,paf,getEnterpriseByID,1.0000
432,paf,queryStockItem,1.0000
432,paf,getTransaction,1.0000
432,ep,GUIStore,1.0000
432,ep,GUIReporting,1.0000
436,paf,createReport,0.9811
436,paf,getMeanTimeToDeliveryReport,1.0000
436,paf,getMeanTimeToDelivery,1.0000
436,paf,getTransactionContext,1.0000
436,paf,enterOrderID,1.0000
436,paf,getEnterpriseByID,1.0000
436,paf,queryStockItem,1.0000
436,ep,Persistence,1.0000
436,ep,DataStore,1.0000
436,ep,Enterprise,1.0000
436,ep,Reporting,1.0000
440,paf,createReport,1.0000
440,paf,getMeanTimeToDeliveryReport,1.0000
440,paf,getMeanTimeToDelivery,1.0000
440,paf,queryOrderById,1.0000
440,paf,pressButton,1.0000
440,paf,enterOrderID,1.0000
440,paf,getEnterpriseByID,1.0000
440,paf,queryStockItem,1.0000
440,paf,getTransaction,1.0000
440,ep,GUIStore,1.0000
440,ep,GUIReporting,1.0000
444,paf,getMeanTimeToDeliveryReport,1.0000
444,paf,getMeanTimeToDelivery,1.0000
444,paf,getTransactionContext,1.0000
444,paf,queryOrderById,1.0000
444,paf,enterOrderID,1.0000
444,paf,getEnterpriseByID,1.0000
444,paf,queryStockItem,1.0000
444,ep,Persistence,0.9616
444,ep,Enterprise,0.9616
444,ep,Reporting,0.9616
446,paf,createReport,1.0000
446,paf,getMeanTimeToDeliveryReport,1.0000
446,paf,getMeanTimeToDelivery,1.0000
446,paf,queryOrderById,1.0000
446,paf,pressButton,1.0000
446,paf,enterOrderID,1.0000
446,paf,getEnterpriseByID,1.0000
446,paf,queryStockItem,1.0000
446,paf,getTransaction,1.0000
446,ep,GUIStore,1.0000
446,ep,GUIReporting,1.0000
448,paf,createReport,1.0000
448,paf,getTransactionContext,1.0000
448,paf,queryOrderById,1.0000
448,paf,enterOrderID,1.0000
452,paf,createReport,1.0000
452,paf,getMeanTimeToDeliveryReport,1.0000
452,paf,getMeanTimeToDelivery,1.0000
452,paf,getTransactionContext,1.0000
452,paf,scanProduct,1.0000
452,paf,enterOrderID,0.9580
452,paf,getEnterpriseByID,1.0000
452,paf,queryStockItem,1.0000
452,ep,Persistence,1.0000
452,ep,DataStore,1.0000
452,ep,Enterprise,1.0000
452,ep,Reporting,1.0000
456,paf,createReport,1.0000
456,paf,getMeanTimeToDeliveryReport,1.0000
456,paf,getMeanTimeToDelivery,1.0000
456,paf,getTransactionContext,1.0000
456,paf,scanProduct,1.0000
456,paf,enterOrderID,0.9580
456,paf,getEnterpriseByID,1.0000
456,paf,queryStockItem,1.0000
456,ep,Persistence,1.0000
456,ep,DataStore,1.0000
456,ep,Enterprise,1.0000
456,ep,Reporting,1.0000
460,paf,getMeanTimeToDeliveryReport,1.0000
460,paf,getMeanTimeToDelivery,1.0000
460,paf,getTransactionContext,1.0000
460,paf,queryOrderById,1.0000
460,paf,getEnterpriseByID,1.0000
460,paf,queryStockItem,1.0000
460,ep,Persistence,1.0000
460,ep,DataStore,1.0000
460,ep,Enterprise,1.0000
460,ep,Reporting,1.0000
464,paf,createReport,1.0000
464,paf,getMeanTimeToDeliveryReport,1.0000
464,paf,getMeanTimeToDelivery,1.0000
464,paf,getTransactionContext,1.0000
464,paf,enterOrderID,1.0000
464,paf,getEnterpriseByID,1.0000
464,paf,getTransaction,1.0000
464,paf,queryStockItem,1.0000
464,ep,Persistence,1.0000
464,ep,DataStore,1.0000
464,ep,Enterprise,1.0000
464,ep,Reporting,1.0000
468,paf,createReport,1.0000
468,paf,getMeanTimeToDeliveryReport,1.0000
468,paf,getTransactionContext,1.0000
468,paf,enterOrderID,1.0000
468,paf,getEnterpriseByID,1.0000
468,paf,queryStockItem,1.0000
468,ep,Persistence,1.0000
468,ep,DataStore,1.0000
468,ep,Enterprise,1.0000
468,ep,Reporting,1.0000
472,paf,getMeanTimeToDeliveryReport,1.0000
472,paf,rollInReceivedOrder,1.0000
472,paf,getMeanTimeToDelivery,1.0000
472,paf,getTransactionContext,1.0000
472,paf,queryOrderById,1.0000
472,paf,getEnterpriseByID,1.0000
472,paf,queryStockItem,1.0000
472,paf,getTransaction,1.0000
472,ep,Persistence,1.0000
472,ep,DataStore,1.0000
472,ep,Enterprise,1.0000
472,ep,Reporting,1.0000
476,paf,createReport,1.0000
476,paf,getMeanTimeToDeliveryReport,1.0000
476,paf,getMeanTimeToDelivery,1.0000
476,paf,queryOrderById,1.0000
476,paf,getEnterpriseByID,1.0000
476,paf,getTransaction,1.0000
476,paf,queryStockItem,1.0000
476,ep,Persistence,1.0000
476,ep,DataStore,1.0000
476,ep,Enterprise,1.0000
476,ep,Reporting,1.0000
478,paf,getMeanTimeToDeliveryReport,1.0000
478,paf,getMeanTimeToDelivery,1.0000
478,paf,getTransactionContext,1.0000
478,paf,queryOrderById,1.0000
478,paf,getEnterpriseByID,1.0000
478,paf,getTransaction,1.0000
478,paf,queryStockItem,1.0000
478,ep,Persistence,1.0000
478,ep,DataStore,1.0000
478,ep,Enterprise,1.0000
478,ep,Reporting,1.0000
480,paf,createReport,1.0000
480,paf,getMeanTimeToDeliveryReport,1.0000
480,paf,getMeanTimeToDelivery,1.0000
480,paf,getTransactionContext,1.0000
480,paf,scanProduct,1.0000
480,paf,enterOrderID,0.9580
480,paf,getEnterpriseByID,1.0000
480,paf,queryStockItem,1.0000
480,ep,Persistence,1.0000
480,ep,DataStore,1.0000
480,ep,Enterprise,1.0000
480,ep,Reporting,1.0000
484,paf,createReport,1.0000
484,paf,getMeanTimeToDeliveryReport,1.0000
484,paf,getTransactionContext,1.0000
484,paf,enterOrderID,1.0000
484,paf,getEnterpriseByID,1.0000
484,paf,queryStockItem,1.0000
484,ep,Persistence,1.0000
484,ep,DataStore,1.0000
484,ep,Enterprise,1.0000
484,ep,Reporting,1.0000
488,paf,createReport,1.0000
488,paf,getMeanTimeToDeliveryReport,1.0000
488,paf,getMeanTimeToDelivery,1.0000
488,paf,getTransactionContext,1.0000
488,paf,enterOrderID,1.0000
488,paf,getEnterpriseByID,1.0000
488,paf,getTransaction,1.0000
488,paf,queryStockItem,1.0000
488,ep,Persistence,1.0000
488,ep,DataStore,1.0000
488,ep,Enterprise,1.0000
488,ep,Reporting,1.0000
492,paf,createReport,1.0000
492,paf,getTransactionContext,1.0000
492,paf,queryOrderById,1.0000
492,paf,enterOrderID,1.0000
496,paf,createReport,1.0000
496,paf,getTransactionContext,1.0000
496,paf,queryOrderById,1.0000
496,paf,enterOrderID,1.0000
498,paf,getMeanTimeToDeliveryReport,1.0000
498,paf,rollInReceivedOrder,1.0000
498,paf,getMeanTimeToDelivery,1.0000
498,paf,getTransactionContext,1.0000
498,paf,queryOrderById,1.0000
498,paf,getEnterpriseByID,1.0000
498,paf,queryStockItem,1.0000
498,paf,getTransaction,1.0000
498,ep,Persistence,1.0000
498,ep,DataStore,1.0000
498,ep,Enterprise,1.0000
498,ep,Reporting,1.0000
502,paf,createReport,0.9811
502,paf,getMeanTimeToDeliveryReport,1.0000
502,paf,rollInReceivedOrder,1.0000
502,paf,getMeanTimeToDelivery,1.0000
502,paf,getTransactionContext,1.0000
502,paf,enterOrderID,1.0000
502,paf,getEnterpriseByID,1.0000
502,paf,queryStockItem,1.0000
502,ep,Persistence,1.0000
502,ep,DataStore,1.0000
502,ep,Enterprise,1.0000
502,ep,Reporting,1.0000
506,paf,createReport,0.9507
506,paf,getMeanTimeToDeliveryReport,1.0000
506,paf,rollInReceivedOrder,1.0000
506,paf,getMeanTimeToDelivery,1.0000
506,paf,queryOrderById,1.0000
506,paf,getEnterpriseByID,1.0000
506,paf,getTransaction,1.0000
506,paf,queryStockItem,1.0000
506,ep,Persistence,1.0000
506,ep,DataStore,1.0000
506,ep,Enterprise,1.0000
506,ep,Reporting,1.0000
510,paf,createReport,1.0000
510,paf,getMeanTimeToDeliveryReport,1.0000
510,paf,getMeanTimeToDelivery,1.0000
510,paf,getTransactionContext,1.0000
510,paf,queryOrderById,1.0000
510,paf,enterOrderID,1.0000
510,paf,getEnterpriseByID,1.0000
510,paf,getTransaction,1.0000
514,paf,createReport,1.0000
514,paf,getMeanTimeToDeliveryReport,1.0000
514,paf,getMeanTimeToDelivery,1.0000
514,paf,getTransactionContext,1.0000
514,paf,queryOrderById,1.0000
514,paf,enterOrderID,1.0000
514,paf,getEnterpriseByID,1.0000
514,paf,getTransaction,1.0000
518,paf,getMeanTimeToDeliveryReport,1.0000
518,paf,getMeanTimeToDelivery,1.0000
518,paf,getTransactionContext,1.0000
518,paf,queryOrderById,1.0000
518,paf,enterOrderID,1.0000
518,paf,getEnterpriseByID,1.0000
518,paf,getTransaction,1.0000
518,paf,queryStockItem,1.0000
518,ep,Persistence,1.0000
518,ep,DataStore,1.0000
518,ep,Enterprise,1.0000
518,ep,Reporting,1.0000
522,paf,getMeanTimeToDeliveryReport,1.0000
522,paf,getMeanTimeToDelivery,1.0000
522,paf,getTransactionContext,1.0000
522,paf,enterOrderID,1.0000
522,paf,getEnterpriseByID,1.0000
522,paf,getTransaction,1.0000
522,paf,queryStockItem,1.0000
522,ep,Persistence,1.0000
522,ep,DataStore,1.0000
522,ep,Enterprise,1.0000
522,ep,Reporting,1.0000
524,paf,createReport,1.0000
524,paf,getMeanTimeToDeliveryReport,1.0000
524,paf,getTransactionContext,1.0000
524,paf,enterOrderID,1.0000
524,paf,getEnterpriseByID,1.0000
524,paf,queryStockItem,1.0000
524,ep,Persistence,1.0000
524,ep,DataStore,1.0000
524,ep,Enterprise,1.0000
524,ep,Reporting,1.0000
528,paf,createReport,1.0000
528,paf,getMeanTimeToDeliveryReport,1.0000
528,paf,getMeanTimeToDelivery,1.0000
528,paf,getTransactionContext,1.0000
528,paf,scanProduct,1.0000
528,paf,enterOrderID,0.9580
528,paf,getEnterpriseByID,1.0000
528,paf,queryStockItem,1.0000
528,ep,Persistence,1.0000
528,ep,DataStore,1.0000
528,ep,Enterprise,1.0000
528,ep,Reporting,1.0000
530,paf,getMeanTimeToDeliveryReport,1.0000
530,paf,getMeanTimeToDelivery,1.0000
530,paf,getTransactionContext,1.0000
530,paf,queryOrderById,1.0000
530,paf,getEnterpriseByID,1.0000
530,paf,queryStockItem,1.0000
530,ep,Persistence,1.0000
530,ep,DataStore,1.0000
530,ep,Enterprise,1.0000
530,ep,Reporting,1.0000
532,paf,getMeanTimeToDeliveryReport,1.0000
532,paf,getMeanTimeToDelivery,1.0000
532,paf,getTransactionContext,1.0000
532,paf,queryOrderById,1.0000
532,paf,getEnterpriseByID,1.0000
532,paf,getTransaction,1.0000
532,paf,queryStockItem,1.0000
532,ep,Persistence,1.0000
532,ep,DataStore,1.0000
532,ep,Enterprise,1.0000
532,ep,Reporting,1.0000
534,paf,createReport,1.0000
534,paf,getMeanTimeToDeliveryReport,1.0000
534,paf,getMeanTimeToDelivery,1.0000
534,paf,queryOrderById,1.0000
534,paf,getEnterpriseByID,1.0000
534,paf,getTransaction,1.0000
534,paf,queryStockItem,1.0000
534,ep,Persistence,1.0000
534,ep,DataStore,1.0000
534,ep,Enterprise,1.0000
534,ep,Reporting,1.0000
536,paf,createReport,1.0000
536,paf,getMeanTimeToDeliveryReport,1.0000
536,paf,rollInReceivedOrder,1.0000
536,paf,getMeanTimeToDelivery,1.0000
536,paf,getTransactionContext,1.0000
536,paf,queryOrderById,1.0000
536,paf,getEnterpriseByID,1.0000
536,paf,queryStockItem,1.0000
536,paf,getTransaction,1.0000
536,ep,Persistence,1.0000
536,ep,DataStore,1.0000
536,ep,Enterprise,1.0000
536,ep,Reporting,1.0000
540,paf,getMeanTimeToDeliveryReport,1.0000
540,paf,getMeanTimeToDelivery,1.0000
540,paf,queryOrderById,1.0000
540,paf,getTransactionContext,1.0000
540,paf,enterOrderID,1.0000
540,paf,getEnterpriseByID,1.0000
540,paf,getTransaction,1.0000
540,paf,queryStockItem,1.0000
540,ep,Persistence,1.0000
540,ep,DataStore,1.0000
540,ep,Enterprise,1.0000
540,ep,Reporting,1.0000
544,paf,createReport,1.0000
544,paf,getMeanTimeToDeliveryReport,1.0000
544,paf,getMeanTimeToDelivery,1.0000
544,paf,getTransactionContext,1.0000
544,paf,queryOrderById,1.0000
544,paf,enterOrderID,1.0000
544,paf,getEnterpriseByID,1.0000
544,paf,getTransaction,1.0000
544,paf,queryStockItem,1.0000
544,ep,Persistence,1.0000
544,ep,DataStore,1.0000
544,ep,Enterprise,1.0000
544,ep,Reporting,1.0000
548,paf,getMeanTimeToDeliveryReport,1.0000
548,paf,getMeanTimeToDelivery,1.0000
548,paf,getTransactionContext,1.0000
548,paf,queryOrderById,1.0000
548,paf,enterOrderID,1.0000
548,paf,getEnterpriseByID,1.0000
548,paf,getTransaction,1.0000
548,paf,queryStockItem,1.0000
548,ep,Persistence,1.0000
548,ep,DataStore,1.0000
548,ep,Enterprise,1.0000
548,ep,Reporting,1.0000
552,paf,createReport,1.0000
552,paf,getMeanTimeToDeliveryReport,1.0000
552,paf,getMeanTimeToDelivery,1.0000
552,paf,getTransactionContext,1.0000
552,paf,queryOrderById,1.0000
552,paf,enterOrderID,1.0000
552,paf,getEnterpriseByID,1.0000
552,paf,getTransaction,1.0000
552,paf,queryStockItem,1.0000
552,ep,Persistence,1.0000
552,ep,DataStore,1.0000
552,ep,Enterprise,1.0000
552,ep,Reporting,1.0000
556,paf,getMeanTimeToDeliveryReport,1.0000
556,paf,getMeanTimeToDelivery,1.0000
556,paf,getTransactionContext,1.0000
556,paf,queryOrderById,1.0000
556,paf,enterOrderID,1.0000
556,paf,getEnterpriseByID,1.0000
556,paf,getTransaction,1.0000
556,paf,queryStockItem,1.0000
556,ep,Persistence,1.0000
556,ep,DataStore,1.0000
556,ep,Enterprise,1.0000
556,ep,Reporting,1.0000
560,paf,getMeanTimeToDeliveryReport,1.0000
560,paf,getMeanTimeToDelivery,1.0000
560,paf,getTransactionContext,1.0000
560,paf,queryOrderById,1.0000
560,paf,enterOrderID,1.0000
560,paf,getEnterpriseByID,1.0000
560,paf,getTransaction,1.0000
560,paf,queryStockItem,1.0000
560,ep,Persistence,1.0000
560,ep,DataStore,1.0000
560,ep,Enterprise,1.0000
560,ep,Reporting,1.0000
564,paf,getMeanTimeToDeliveryReport,1.0000
564,paf,getMeanTimeToDelivery,1.0000
564,paf,getTransactionContext,1.0000
564,paf,queryOrderById,1.0000
564,paf,getEnterpriseByID,1.0000
564,paf,getTransaction,1.0000
564,paf,queryStockItem,1.0000
564,ep,Persistence,1.0000
564,ep,DataStore,1.0000
564,ep,Enterprise,1.0000
564,ep,Reporting,1.0000
566,paf,createReport,1.0000
566,paf,getMeanTimeToDeliveryReport,1.0000
566,paf,getMeanTimeToDelivery,1.0000
566,paf,queryOrderById,1.0000
566,paf,getEnterpriseByID,1.0000
566,paf,getTransaction,1.0000
566,paf,queryStockItem,1.0000
566,ep,Persistence,1.0000
566,ep,DataStore,1.0000
566,ep,Enterprise,1.0000
566,ep,Reporting,1.0000
568,paf,getMeanTimeToDeliveryReport,1.0000
568,paf,getMeanTimeToDelivery,1.0000
568,paf,getTransactionContext,1.0000
568,paf,enterOrderID,1.0000
568,paf,getEnterpriseByID,1.0000
568,paf,getTransaction,1.0000
568,paf,queryStockItem,1.0000
568,ep,Persistence,1.0000
568,ep,DataStore,1.0000
568,ep,Enterprise,1.0000
568,ep,Reporting,1.0000
572,paf,createReport,1.0000
572,paf,getMeanTimeToDeliveryReport,1.0000
572,paf,getMeanTimeToDelivery,1.0000
572,paf,getTransactionContext,1.0000
572,paf,queryOrderById,1.0000
572,paf,enterOrderID,1.0000
572,paf,getEnterpriseByID,1.0000
572,paf,getTransaction,1.0000
576,paf,getMeanTimeToDeliveryReport,1.0000
576,paf,getMeanTimeToDelivery,1.0000
576,paf,getTransactionContext,1.0000
576,paf,queryOrderById,1.0000
576,paf,getEnterpriseByID,1.0000
576,paf,getTransaction,1.0000
576,paf,queryStockItem,1.0000
576,ep,Persistence,1.0000
576,ep,DataStore,1.0000
576,ep,Enterprise,1.0000
576,ep,Reporting,1.0000
580,paf,createReport,1.0000
580,paf,getMeanTimeToDeliveryReport,1.0000
580,paf,getTransactionContext,1.0000
580,paf,enterOrderID,1.0000
580,paf,getEnterpriseByID,1.0000
580,paf,queryStockItem,1.0000
580,ep,Persistence,1.0000
580,ep,DataStore,1.0000
580,ep,Enterprise,1.0000
580,ep,Reporting,1.0000
584,paf,createReport,0.9507
584,paf,getMeanTimeToDeliveryReport,1.0000
584,paf,rollInReceivedOrder,1.0000
584,paf,getMeanTimeToDelivery,1.0000
584,paf,queryOrderById,1.0000
584,paf,getEnterpriseByID,1.0000
584,paf,getTransaction,1.0000
584,paf,queryStockItem,1.0000
584,ep,Persistence,1.0000
584,ep,DataStore,1.0000
584,ep,Enterprise,1.0000
584,ep,Reporting,1.0000
588,paf,getMeanTimeToDeliveryReport,1.0000
588,paf,getTransactionContext,1.0000
588,paf,queryOrderById,1.0000
588,paf,enterOrderID,1.0000
588,paf,getEnterpriseByID,1.0000
588,paf,getTransaction,1.0000
588,paf,queryStockItem,1.0000
588,ep,Persistence,1.0000
588,ep,DataStore,1.0000
588,ep,Enterprise,1.0000
588,ep,Reporting,1.0000
592,paf,getMeanTimeToDeliveryReport,1.0000
592,paf,getMeanTimeToDelivery,1.0000
592,paf,getTransactionContext,1.0000
592,paf,queryOrderById,1.0000
592,paf,getEnterpriseByID,1.0000
592,paf,queryStockItem,1.0000
592,ep,Persistence,1.0000
592,ep,DataStore,1.0000
592,ep,Enterprise,1.0000
592,ep,Reporting,1.0000
596,paf,getMeanTimeToDeliveryReport,1.0000
596,paf,getMeanTimeToDelivery,1.0000
596,paf,getTransactionContext,1.0000
596,paf,enterOrderID,1.0000
596,paf,getEnterpriseByID,1.0000
596,paf,getTransaction,1.0000
596,paf,queryStockItem,1.0000
596,ep,Persistence,1.0000
596,ep,DataStore,1.0000
596,ep,Enterprise,1.0000
596,ep,Reporting,1.0000
600,paf,getMeanTimeToDeliveryReport,1.0000
600,paf,getMeanTimeToDelivery,1.0000
600,paf,queryOrderById,1.0000
600,paf,getTransactionContext,1.0000
600,paf,enterOrderID,1.0000
600,paf,getEnterpriseByID,1.0000
600,paf,getTransaction,1.0000
600,paf,queryStockItem,1.0000
600,ep,Persistence,1.0000
600,ep,DataStore,1.0000
600,ep,Enterprise,1.0000
600,ep,Reporting,1.0000
604,paf,getMeanTimeToDeliveryReport,1.0000
604,paf,getTransactionContext,1.0000
604,paf,queryOrderById,1.0000
604,paf,enterOrderID,1.0000
604,paf,getEnterpriseByID,1.0000
604,paf,getTransaction,1.0000
604,paf,queryStockItem,1.0000
604,ep,Persistence,1.0000
604,ep,DataStore,1.0000
604,ep,Enterprise,1.0000
604,ep,Reporting,1.0000
606,paf,getMeanTimeToDeliveryReport,1.0000
606,paf,rollInReceivedOrder,1.0000
606,paf,getMeanTimeToDelivery,1.0000
606,paf,getTransactionContext,1.0000
606,paf,queryOrderById,1.0000
606,paf,getEnterpriseByID,1.0000
606,paf,queryStockItem,1.0000
606,paf,getTransaction,1.0000
606,ep,Persistence,1.0000
606,ep,DataStore,1.0000
606,ep,Enterprise,1.0000
606,ep,Reporting,1.0000
610,paf,createReport,1.0000
610,paf,getMeanTimeToDeliveryReport,1.0000
610,paf,getMeanTimeToDelivery,1.0000
610,paf,getTransactionContext,1.0000
610,paf,enterOrderID,1.0000
610,paf,getEnterpriseByID,1.0000
610,paf,getTransaction,1.0000
610,paf,queryStockItem,1.0000
610,ep,Persistence,1.0000
610,ep,DataStore,1.0000
610,ep,Enterprise,1.0000
610,ep,Reporting,1.0000
612,paf,createReport,1.0000
612,paf,getMeanTimeToDeliveryReport,1.0000
612,paf,getMeanTimeToDelivery,1.0000
612,paf,getTransactionContext,1.0000
612,paf,enterOrderID,1.0000
612,paf,getEnterpriseByID,1.0000
612,paf,getTransaction,1.0000
612,paf,queryStockItem,1.0000
612,ep,Persistence,1.0000
612,ep,DataStore,1.0000
612,ep,Enterprise,1.0000
612,ep,Reporting,1.0000
614,paf,createReport,1.0000
614,paf,getTransactionContext,1.0000
614,paf,queryOrderById,1.0000
614,paf,enterOrderID,1.0000
618,paf,createReport,1.0000
618,paf,getMeanTimeToDeliveryReport,1.0000
618,paf,getMeanTimeToDelivery,1.0000
618,paf,getTransactionContext,1.0000
618,paf,queryOrderById,1.0000
618,paf,enterOrderID,1.0000
618,paf,getEnterpriseByID,1.0000
618,paf,getTransaction,1.0000
618,paf,queryStockItem,1.0000
618,ep,Persistence,1.0000
618,ep,DataStore,1.0000
618,ep,Enterprise,1.0000
618,ep,Reporting,1.0000
622,paf,createReport,1.0000
622,paf,getMeanTimeToDeliveryReport,1.0000
622,paf,getMeanTimeToDelivery,1.0000
622,paf,queryOrderById,1.0000
622,paf,getEnterpriseByID,1.0000
622,paf,getTransaction,1.0000
622,paf,queryStockItem,1.0000
622,ep,Persistence,1.0000
622,ep,DataStore,1.0000
622,ep,Enterprise,1.0000
622,ep,Reporting,1.0000
624,paf,getMeanTimeToDeliveryReport,1.0000
624,paf,getMeanTimeToDelivery,1.0000
624,paf,getTransactionContext,1.0000
624,paf,enterOrderID,1.0000
624,paf,getEnterpriseByID,1.0000
624,paf,getTransaction,1.0000
624,paf,queryStockItem,1.0000
624,ep,Persistence,1.0000
624,ep,DataStore,1.0000
624,ep,Enterprise,1.0000
624,ep,Reporting,1.0000
630,paf,createReport,1.0000
630,paf,getMeanTimeToDeliveryReport,1.0000
630,paf,getMeanTimeToDelivery,1.0000
630,paf,getTransactionContext,1.0000
630,paf,getEnterpriseByID,1.0000
630,paf,getTransaction,1.0000
630,paf,queryStockItem,1.0000
630,ep,Persistence,1.0000
630,ep,DataStore,1.0000
630,ep,Enterprise,1.0000
630,ep,Reporting,1.0000
632,paf,getMeanTimeToDeliveryReport,1.0000
632,paf,getMeanTimeToDelivery,1.0000
632,paf,getTransactionContext,1.0000
632,paf,enterOrderID,1.0000
632,paf,getEnterpriseByID,1.0000
632,paf,getTransaction,1.0000
632,paf,queryStockItem,1.0000
632,ep,Persistence,1.0000
632,ep,DataStore,1.0000
632,ep,Enterprise,1.0000
632,ep,Reporting,1.0000
636,paf,getMeanTimeToDeliveryReport,1.0000
636,paf,rollInReceivedOrder,1.0000
636,paf,getMeanTimeToDelivery,1.0000
636,paf,getTransactionContext,1.0000
636,paf,queryOrderById,1.0000
636,paf,getEnterpriseByID,1.0000
636,paf,queryStockItem,1.0000
636,paf,getTransaction,1.0000
636,ep,Persistence,1.0000
636,ep,DataStore,1.0000
636,ep,Enterprise,1.0000
636,ep,Reporting,1.0000
640,paf,createReport,1.0000
640,paf,getMeanTimeToDeliveryReport,1.0000
640,paf,getMeanTimeToDelivery,1.0000
640,paf,getTransactionContext,1.0000
640,paf,scanProduct,1.0000
640,paf,enterOrderID,0.9580
640,paf,getEnterpriseByID,1.0000
640,paf,queryStockItem,1.0000
640,ep,Persistence,1.0000
640,ep,DataStore,1.0000
640,ep,Enterprise,1.0000
640,ep,Reporting,1.0000
642,paf,createReport,1.0000
642,paf,getMeanTimeToDeliveryReport,1.0000
642,paf,getTransactionContext,1.0000
642,paf,enterOrderID,1.0000
642,paf,getEnterpriseByID,1.0000
642,paf,queryStockItem,1.0000
642,ep,Persistence,1.0000
642,ep,DataStore,1.0000
642,ep,Enterprise,1.0000
642,ep,Reporting,1.0000
646,paf,createReport,1.0000
646,paf,getMeanTimeToDeliveryReport,1.0000
646,paf,getMeanTimeToDelivery,1.0000
646,paf,getTransactionContext,1.0000
646,paf,getEnterpriseByID,1.0000
646,paf,getTransaction,1.0000
646,paf,queryStockItem,1.0000
646,ep,Persistence,1.0000
646,ep,DataStore,1.0000
646,ep,Enterprise,1.0000
646,ep,Reporting,1.0000
650,paf,getMeanTimeToDeliveryReport,1.0000
650,paf,getMeanTimeToDelivery,1.0000
650,paf,getTransactionContext,1.0000
650,paf,queryOrderById,1.0000
650,paf,enterOrderID,1.0000
650,paf,getEnterpriseByID,1.0000
650,paf,getTransaction,1.0000
650,paf,queryStockItem,1.0000
650,ep,Persistence,1.0000
650,ep,DataStore,1.0000
650,ep,Enterprise,1.0000
650,ep,Reporting,1.0000
654,paf,createReport,0.9507
654,paf,getMeanTimeToDeliveryReport,1.0000
654,paf,rollInReceivedOrder,1.0000
654,paf,getMeanTimeToDelivery,1.0000
654,paf,queryOrderById,1.0000
654,paf,getEnterpriseByID,1.0000
654,paf,getTransaction,1.0000
654,paf,queryStockItem,1.0000
654,ep,Persistence,1.0000
654,ep,DataStore,1.0000
654,ep,Enterprise,1.0000
654,ep,Reporting,1.0000
658,paf,getMeanTimeToDeliveryReport,1.0000
658,paf,rollInReceivedOrder,1.0000
658,paf,getMeanTimeToDelivery,1.0000
658,paf,getTransactionContext,1.0000
658,paf,queryOrderById,1.0000
658,paf,enterOrderID,1.0000
658,paf,getEnterpriseByID,1.0000
658,paf,getTransaction,1.0000
658,paf,queryStockItem,1.0000
658,ep,Persistence,1.0000
658,ep,DataStore,1.0000
658,ep,Enterprise,1.0000
658,ep,Reporting,1.0000
662,paf,createReport,1.0000
662,paf,getMeanTimeToDeliveryReport,1.0000
662,paf,getMeanTimeToDelivery,1.0000
662,paf,getTransactionContext,1.0000
662,paf,queryOrderById,1.0000
662,paf,enterOrderID,1.0000
662,paf,getEnterpriseByID,1.0000
662,paf,getTransaction,1.0000
666,paf,getMeanTimeToDeliveryReport,1.0000
666,paf,getTransactionContext,1.0000
666,paf,queryOrderById,1.0000
666,paf,enterOrderID,1.0000
666,paf,getEnterpriseByID,1.0000
666,paf,getTransaction,1.0000
666,paf,queryStockItem,1.0000
666,ep,Persistence,1.0000
666,ep,DataStore,1.0000
666,ep,Enterprise,1.0000
666,ep,Reporting,1.0000
670,paf,createReport,1.0000
670,paf,getMeanTimeToDeliveryReport,1.0000
670,paf,getMeanTimeToDelivery,1.0000
670,paf,getTransactionContext,1.0000
670,paf,scanProduct,1.0000
670,paf,enterOrderID,0.9580
670,paf,getEnterpriseByID,1.0000
670,paf,queryStockItem,1.0000
670,ep,Persistence,1.0000
670,ep,DataStore,1.0000
670,ep,Enterprise,1.0000
670,ep,Reporting,1.0000
674,paf,createReport,1.0000
674,paf,getMeanTimeToDeliveryReport,1.0000
674,paf,getMeanTimeToDelivery,1.0000
674,paf,getTransactionContext,1.0000
674,paf,queryOrderById,1.0000
674,paf,enterOrderID,1.0000
674,paf,getEnterpriseByID,1.0000
674,paf,getTransaction,1.0000
678,paf,createReport,1.0000
678,paf,getMeanTimeToDeliveryReport,1.0000
678,paf,rollInReceivedOrder,1.0000
678,paf,getMeanTimeToDelivery,1.0000
678,paf,getTransactionContext,1.0000
678,paf,enterOrderID,1.0000
678,paf,getEnterpriseByID,1.0000
678,paf,queryStockItem,1.0000
678,ep,Persistence,1.0000
678,ep,DataStore,1.0000
678,ep,Enterprise,1.0000
678,ep,Reporting,1.0000
682,paf,productBarCodeScannedEvent,1.0000
682,paf,getMeanTimeToDelivery,0.9823
682,paf,getTransactionContext,1.0000
682,paf,saleStartedEvent,1.0000
682,paf,enterOrderID,1.0000
682,paf,stopSale,1.0000
682,paf,getEnterpriseByID,0.9823
682,paf,queryStockItem,1.0000
682,ep,CashDeskApplication,1.0000
686,paf,getMeanTimeToDeliveryReport,1.0000
686,paf,getMeanTimeToDelivery,1.0000
686,paf,queryOrderById,1.0000
686,paf,getTransactionContext,1.0000
686,paf,enterOrderID,1.0000
686,paf,getEnterpriseByID,1.0000
686,paf,getTransaction,1.0000
686,paf,queryStockItem,1.0000
686,ep,Persistence,1.0000
686,ep,DataStore,1.0000
686,ep,Enterprise,1.0000
686,ep,Reporting,1.0000
690,paf,getMeanTimeToDeliveryReport,1.0000
690,paf,getMeanTimeToDelivery,1.0000
690,paf,queryOrderById,1.0000
690,paf,getTransactionContext,1.0000
690,paf,enterOrderID,1.0000
690,paf,getEnterpriseByID,1.0000
690,paf,getTransaction,1.0000
690,paf,queryStockItem,1.0000
690,ep,Persistence,1.0000
690,ep,DataStore,1.0000
690,ep,Enterprise,1.0000
690,ep,Reporting,1.0000
694,paf,createReport,1.0000
694,paf,getTransactionContext,1.0000
694,paf,queryOrderById,1.0000
694,paf,enterOrderID,1.0000
698,paf,getMeanTimeToDeliveryReport,1.0000
698,paf,getMeanTimeToDelivery,1.0000
698,paf,getTransactionContext,1.0000
698,paf,queryOrderById,1.0000
698,paf,getEnterpriseByID,1.0000
698,paf,queryStockItem,1.0000
698,ep,Persistence,1.0000
698,ep,DataStore,1.0000
698,ep,Enterprise,1.0000
698,ep,Reporting,1.0000
702,paf,getMeanTimeToDeliveryReport,1.0000
702,paf,rollInReceivedOrder,1.0000
702,paf,getMeanTimeToDelivery,1.0000
702,paf,getTransactionContext,1.0000
702,paf,queryOrderById,1.0000
702,paf,enterOrderID,1.0000
702,paf,getEnterpriseByID,1.0000
702,paf,getTransaction,1.0000
702,paf,queryStockItem,1.0000
702,ep,Persistence,1.0000
702,ep,DataStore,1.0000
702,ep,Enterprise,1.0000
702,ep,Reporting,1.0000
706,paf,getMeanTimeToDeliveryReport,1.0000
706,paf,getMeanTimeToDelivery,1.0000
706,paf,getTransactionContext,1.0000
706,paf,queryOrderById,1.0000
706,paf,enterOrderID,1.0000
706,paf,getEnterpriseByID,1.0000
706,paf,getTransaction,1.0000
706,paf,queryStockItem,1.0000
706,ep,Persistence,1.0000
706,ep,DataStore,1.0000
706,ep,Enterprise,1.0000
706,ep,Reporting,1.0000
710,paf,getMeanTimeToDeliveryReport,1.0000
710,paf,getMeanTimeToDelivery,1.0000
710,paf,getTransactionContext,1.0000
710,paf,queryOrderById,1.0000
710,paf,enterOrderID,1.0000
710,paf,getEnterpriseByID,1.0000
710,paf,getTransaction,1.0000
710,paf,queryStockItem,1.0000
710,ep,Persistence,1.0000
710,ep,DataStore,1.0000
710,ep,Enterprise,1.0000
710,ep,Reporting,1.0000
714,paf,createReport,1.0000
714,paf,getMeanTimeToDeliveryReport,1.0000
714,paf,getMeanTimeToDelivery,1.0000
714,paf,getTransactionContext,1.0000
714,paf,getEnterpriseByID,1.0000
714,paf,getTransaction,1.0000
714,paf,queryStockItem,1.0000
714,ep,Persistence,1.0000
714,ep,DataStore,1.0000
714,ep,Enterprise,1.0000
714,ep,Reporting,1.0000
718,paf,createReport,0.9507
718,paf,getMeanTimeToDeliveryReport,1.0000
718,paf,rollInReceivedOrder,1.0000
718,paf,getMeanTimeToDelivery,1.0000
718,paf,queryOrderById,1.0000
718,paf,getEnterpriseByID,1.0000
718,paf,getTransaction,1.0000
718,paf,queryStockItem,1.0000
718,ep,Persistence,1.0000
718,ep,DataStore,1.0000
718,ep,Enterprise,1.0000
718,ep,Reporting,1.0000
722,paf,createReport,1.0000
722,paf,getTransactionContext,1.0000
722,paf,queryOrderById,1.0000
722,paf,enterOrderID,1.0000
726,paf,getMeanTimeToDeliveryReport,1.0000
726,paf,rollInReceivedOrder,1.0000
726,paf,getMeanTimeToDelivery,1.0000
726,paf,getTransactionContext,1.0000
726,paf,queryOrderById,1.0000
726,paf,getEnterpriseByID,1.0000
726,paf,queryStockItem,1.0000
726,paf,getTransaction,1.0000
726,ep,Persistence,1.0000
726,ep,DataStore,1.0000
726,ep,Enterprise,1.0000
726,ep,Reporting,1.0000
728,paf,getMeanTimeToDeliveryReport,1.0000
728,paf,rollInReceivedOrder,1.0000
728,paf,getMeanTimeToDelivery,1.0000
728,paf,getTransactionContext,1.0000
728,paf,queryOrderById,1.0000
728,paf,enterOrderID,1.0000
728,paf,getEnterpriseByID,1.0000
728,paf,getTransaction,1.0000
728,paf,queryStockItem,1.0000
728,ep,Persistence,1.0000
728,ep,DataStore,1.0000
728,ep,Enterprise,1.0000
728,ep,Reporting,1.0000
730,paf,createReport,1.0000
730,paf,getMeanTimeToDeliveryReport,1.0000
730,paf,getTransactionContext,1.0000
730,paf,enterOrderID,1.0000
730,paf,getEnterpriseByID,1.0000
730,paf,queryStockItem,1.0000
730,ep,Persistence,1.0000
730,ep,DataStore,1.0000
730,ep,Enterprise,1.0000
730,ep,Reporting,1.0000
734,paf,createReport,1.0000
734,paf,getMeanTimeToDeliveryReport,1.0000
734,paf,getMeanTimeToDelivery,1.0000
734,paf,queryOrderById,1.0000
734,paf,getEnterpriseByID,1.0000
734,paf,getTransaction,1.0000
734,paf,queryStockItem,1.0000
734,ep,Persistence,1.0000
734,ep,DataStore,1.0000
734,ep,Enterprise,1.0000
734,ep,Reporting,1.0000
738,paf,getMeanTimeToDeliveryReport,1.0000
738,paf,rollInReceivedOrder,1.0000
738,paf,getMeanTimeToDelivery,1.0000
738,paf,getTransactionContext,1.0000
738,paf,queryOrderById,1.0000
738,paf,enterOrderID,1.0000
738,paf,getEnterpriseByID,1.0000
738,paf,getTransaction,1.0000
738,paf,queryStockItem,1.0000
738,ep,Persistence,1.0000
738,ep,DataStore,1.0000
738,ep,Enterprise,1.0000
738,ep,Reporting,1.0000
740,paf,createReport,1.0000
740,paf,getMeanTimeToDeliveryReport,1.0000
740,paf,rollInReceivedOrder,1.0000
740,paf,getMeanTimeToDelivery,1.0000
740,paf,getTransactionContext,1.0000
740,paf,enterOrderID,1.0000
740,paf,getEnterpriseByID,1.0000
740,paf,queryStockItem,1.0000
740,ep,Persistence,1.0000
740,ep,DataStore,1.0000
740,ep,Enterprise,1.0000
740,ep,Reporting,1.0000
742,paf,createReport,1.0000
742,paf,getMeanTimeToDeliveryReport,1.0000
742,paf,rollInReceivedOrder,1.0000
742,paf,getMeanTimeToDelivery,1.0000
742,paf,getTransactionContext,1.0000
742,paf,queryOrderById,1.0000
742,paf,getEnterpriseByID,1.0000
742,paf,queryStockItem,1.0000
742,paf,getTransaction,1.0000
742,ep,Persistence,1.0000
742,ep,DataStore,1.0000
742,ep,Enterprise,1.0000
742,ep,Reporting,1.0000
746,paf,createReport,1.0000
746,paf,getMeanTimeToDeliveryReport,1.0000
746,paf,getMeanTimeToDelivery,1.0000
746,paf,queryOrderById,1.0000
746,paf,getTransactionContext,1.0000
746,paf,enterOrderID,1.0000
746,paf,getEnterpriseByID,1.0000
746,paf,getTransaction,1.0000
750,paf,getMeanTimeToDeliveryReport,1.0000
750,paf,getMeanTimeToDelivery,1.0000
750,paf,queryOrderById,1.0000
750,paf,getTransactionContext,1.0000
750,paf,getEnterpriseByID,1.0000
750,paf,getTransaction,1.0000
750,paf,queryStockItem,1.0000
750,ep,Persistence,1.0000
750,ep,DataStore,1.0000
750,ep,Enterprise,1.0000
750,ep,Reporting,1.0000
754,paf,createReport,1.0000
754,paf,getMeanTimeToDeliveryReport,1.0000
754,paf,getMeanTimeToDelivery,1.0000
754,paf,getTransactionContext,1.0000
754,paf,queryOrderById,1.0000
754,paf,enterOrderID,1.0000
754,paf,getEnterpriseByID,1.0000
754,paf,getTransaction,1.0000
758,paf,getMeanTimeToDeliveryReport,1.0000
758,paf,getMeanTimeToDelivery,1.0000
758,paf,getTransactionContext,1.0000
758,paf,queryOrderById,1.0000
758,paf,enterOrderID,1.0000
758,paf,getEnterpriseByID,1.0000
758,paf,getTransaction,1.0000
758,paf,queryStockItem,1.0000
758,ep,Persistence,1.0000
758,ep,DataStore,1.0000
758,ep,Enterprise,1.0000
758,ep,Reporting,1.0000
762,paf,createReport,1.0000
762,paf,getMeanTimeToDeliveryReport,1.0000
762,paf,getMeanTimeToDelivery,1.0000
762,paf,getTransactionContext,1.0000
762,paf,getEnterpriseByID,1.0000
762,paf,getTransaction,1.0000
762,paf,queryStockItem,1.0000
762,ep,Persistence,1.0000
762,ep,DataStore,1.0000
762,ep,Enterprise,1.0000
762,ep,Reporting,1.0000
766,paf,createReport,1.0000
766,paf,getMeanTimeToDeliveryReport,1.0000
766,paf,getTransactionContext,1.0000
766,paf,enterOrderID,1.0000
766,paf,getEnterpriseByID,1.0000
766,paf,queryStockItem,1.0000
766,ep,Persistence,1.0000
766,ep,DataStore,1.0000
766,ep,Enterprise,1.0000
766,ep,Reporting,1.0000
770,paf,getMeanTimeToDeliveryReport,1.0000
770,paf,rollInReceivedOrder,1.0000
770,paf,getMeanTimeToDelivery,1.0000
770,paf,getTransactionContext,1.0000
770,paf,queryOrderById,1.0000
770,paf,enterOrderID,1.0000
770,paf,getEnterpriseByID,1.0000
770,paf,getTransaction,1.0000
770,paf,queryStockItem,1.0000
770,ep,Persistence,1.0000
770,ep,DataStore,1.0000
770,ep,Enterprise,1.0000
770,ep,Reporting,1.0000
774,paf,getMeanTimeToDeliveryReport,1.0000
774,paf,getMeanTimeToDelivery,1.0000
774,paf,getTransactionContext,1.0000
774,paf,queryOrderById,1.0000
774,paf,enterOrderID,1.0000
774,paf,getEnterpriseByID,1.0000
774,paf,getTransaction,1.0000
774,paf,queryStockItem,1.0000
774,ep,Persistence,1.0000
774,ep,DataStore,1.0000
774,ep,Enterprise,1.0000
774,ep,Reporting,1.0000
778,paf,createReport,1.0000
778,paf,getMeanTimeToDeliveryReport,1.0000
778,paf,getTransactionContext,1.0000
778,paf,enterOrderID,1.0000
778,paf,getEnterpriseByID,1.0000
778,paf,queryStockItem,1.0000
778,ep,Persistence,1.0000
778,ep,DataStore,1.0000
778,ep,Enterprise,1.0000
778,ep,Reporting,1.0000
782,paf,createReport,1.0000
782,paf,getMeanTimeToDeliveryReport,1.0000
782,paf,getMeanTimeToDelivery,1.0000
782,paf,getTransactionContext,1.0000
782,paf,queryOrderById,1.0000
782,paf,enterOrderID,1.0000
782,paf,getEnterpriseByID,1.0000
782,paf,getTransaction,1.0000
786,paf,rollInReceivedOrder,1.0000
786,paf,getMeanTimeToDelivery,1.0000
786,paf,getTransactionContext,1.0000
786,paf,queryOrderById,1.0000
786,paf,getEnterpriseByID,1.0000
786,paf,queryStockItem,1.0000
786,paf,getTransaction,1.0000
786,ep,Persistence,1.0000
786,ep,DataStore,1.0000
786,ep,Enterprise,1.0000
790,paf,createReport,1.0000
790,paf,getMeanTimeToDeliveryReport,1.0000
790,paf,getMeanTimeToDelivery,1.0000
790,paf,getTransactionContext,1.0000
790,paf,queryOrderById,1.0000
790,paf,enterOrderID,1.0000
790,paf,getEnterpriseByID,1.0000
790,paf,getTransaction,1.0000
792,paf,createReport,1.0000
792,paf,getMeanTimeToDeliveryReport,1.0000
792,paf,getTransactionContext,1.0000
792,paf,enterOrderID,1.0000
792,paf,getEnterpriseByID,1.0000
792,paf,queryStockItem,1.0000
792,ep,Persistence,1.0000
792,ep,DataStore,1.0000
792,ep,Enterprise,1.0000
792,ep,Reporting,1.0000
798,paf,getMeanTimeToDeliveryReport,1.0000
798,paf,getMeanTimeToDelivery,1.0000
798,paf,queryOrderById,1.0000
798,paf,getEnterpriseByID,1.0000
798,paf,getTransaction,1.0000
798,paf,queryStockItem,1.0000
798,ep,Persistence,1.0000
798,ep,DataStore,1.0000
798,ep,Enterprise,1.0000
798,ep,Reporting,1.0000
800,paf,createReport,1.0000
800,paf,getMeanTimeToDeliveryReport,1.0000
800,paf,getMeanTimeToDelivery,1.0000
800,paf,queryOrderById,1.0000
800,paf,getTransactionContext,1.0000
800,paf,enterOrderID,1.0000
800,paf,getEnterpriseByID,1.0000
800,paf,getTransaction,1.0000
802,paf,getMeanTimeToDeliveryReport,1.0000
802,paf,rollInReceivedOrder,1.0000
802,paf,getMeanTimeToDelivery,1.0000
802,paf,getTransactionContext,1.0000
802,paf,queryOrderById,1.0000
802,paf,getEnterpriseByID,1.0000
802,paf,queryStockItem,1.0000
802,paf,getTransaction,1.0000
802,ep,Persistence,1.0000
802,ep,DataStore,1.0000
802,ep,Enterprise,1.0000
802,ep,Reporting,1.0000
806,paf,createReport,1.0000
806,paf,getMeanTimeToDeliveryReport,1.0000
806,paf,getMeanTimeToDelivery,1.0000
806,paf,getTransactionContext,1.0000
806,paf,enterOrderID,1.0000
806,paf,getEnterpriseByID,1.0000
806,paf,getTransaction,1.0000
806,paf,queryStockItem,1.0000
806,ep,Persistence,1.0000
806,ep,DataStore,1.0000
806,ep,Enterprise,1.0000
806,ep,Reporting,1.0000
808,paf,getMeanTimeToDeliveryReport,1.0000
808,paf,rollInReceivedOrder,1.0000
808,paf,getMeanTimeToDelivery,1.0000
808,paf,getTransactionContext,1.0000
808,paf,queryOrderById,1.0000
808,paf,getEnterpriseByID,1.0000
808,paf,queryStockItem,1.0000
808,paf,getTransaction,1.0000
808,ep,Persistence,1.0000
808,ep,DataStore,1.0000
808,ep,Enterprise,1.0000
808,ep,Reporting,1.0000
812,paf,createReport,1.0000
812,paf,getMeanTimeToDeliveryReport,1.0000
812,paf,getMeanTimeToDelivery,1.0000
812,paf,getTransactionContext,1.0000
812,paf,queryOrderById,1.0000
812,paf,enterOrderID,1.0000
812,paf,getEnterpriseByID,1.0000
812,paf,getTransaction,1.0000
816,paf,createReport,1.0000
816,paf,getMeanTimeToDeliveryReport,1.0000
816,paf,getMeanTimeToDelivery,1.0000
816,paf,getTransactionContext,1.0000
816,paf,queryOrderById,1.0000
816,paf,enterOrderID,1.0000
816,paf,getEnterpriseByID,1.0000
816,paf,getTransaction,1.0000
820,paf,createReport,1.0000
820,paf,getMeanTimeToDeliveryReport,1.0000
820,paf,getMeanTimeToDelivery,1.0000
820,paf,getTransactionContext,1.0000
820,paf,scanProduct,1.0000
820,paf,enterOrderID,0.9580
820,paf,getEnterpriseByID,1.0000
820,paf,queryStockItem,1.0000
820,ep,Persistence,1.0000
820,ep,DataStore,1.0000
820,ep,Enterprise,1.0000
820,ep,Reporting,1.0000
824,paf,createReport,1.0000
824,paf,getMeanTimeToDeliveryReport,1.0000
824,paf,getMeanTimeToDelivery,1.0000
824,paf,getTransactionContext,1.0000
824,paf,queryOrderById,1.0000
824,paf,enterOrderID,1.0000
824,paf,getEnterpriseByID,1.0000
824,paf,getTransaction,1.0000
824,paf,queryStockItem,1.0000
824,ep,Persistence,1.0000
824,ep,DataStore,1.0000
824,ep,Enterprise,1.0000
824,ep,Reporting,1.0000
828,paf,getMeanTimeToDeliveryReport,1.0000
828,paf,getMeanTimeToDelivery,1.0000
828,paf,getTransactionContext,1.0000
828,paf,enterOrderID,1.0000
828,paf,getEnterpriseByID,1.0000
828,paf,getTransaction,1.0000
828,paf,queryStockItem,1.0000
828,ep,Persistence,1.0000
828,ep,DataStore,1.0000
828,ep,Enterprise,1.0000
828,ep,Reporting,1.0000
832,paf,createReport,0.9507
832,paf,getMeanTimeToDeliveryReport,1.0000
832,paf,rollInReceivedOrder,1.0000
832,paf,getMeanTimeToDelivery,1.0000
832,paf,queryOrderById,1.0000
832,paf,getEnterpriseByID,1.0000
832,paf,getTransaction,1.0000
832,paf,queryStockItem,1.0000
832,ep,Persistence,1.0000
832,ep,DataStore,1.0000
832,ep,Enterprise,1.0000
832,ep,Reporting,1.0000
838,paf,createReport,1.0000
838,paf,getMeanTimeToDeliveryReport,1.0000
838,paf,productBarCodeScannedEvent,0.9728
838,paf,getMeanTimeToDelivery,1.0000
838,paf,queryOrderById,1.0000
838,paf,pressButton,1.0000
838,paf,saleStartedEvent,0.9728
838,paf,enterOrderID,1.0000
838,paf,stopSale,0.9728
838,paf,getEnterpriseByID,1.0000
838,paf,getTransaction,1.0000
838,paf,queryStockItem,1.0000
838,ep,Persistence,0.9999
838,ep,CashDeskApplication,0.9728
838,ep,DataStore,0.9999
838,ep,GUIStore,1.0000
838,ep,GUIReporting,1.0000
838,ep,Reporting,0.9999
840,paf,getMeanTimeToDeliveryReport,1.0000
840,paf,getMeanTimeToDelivery,1.0000
840,paf,getTransactionContext,1.0000
840,paf,queryOrderById,1.0000
840,paf,enterOrderID,1.0000
840,paf,getEnterpriseByID,1.0000
840,paf,getTransaction,1.0000
840,paf,queryStockItem,1.0000
840,ep,Persistence,1.0000
840,ep,DataStore,1.0000
840,ep,Enterprise,1.0000
840,ep,Reporting,1.0000
844,paf,getMeanTimeToDeliveryReport,1.0000
844,paf,getMeanTimeToDelivery,1.0000
844,paf,queryOrderById,1.0000
844,paf,getEnterpriseByID,1.0000
844,paf,getTransaction,1.0000
844,paf,queryStockItem,1.0000
844,ep,Persistence,1.0000
844,ep,DataStore,1.0000
844,ep,Enterprise,1.0000
844,ep,Reporting,1.0000
850,paf,getMeanTimeToDeliveryReport,1.0000
850,paf,getMeanTimeToDelivery,1.0000
850,paf,queryOrderById,1.0000
850,paf,getEnterpriseByID,1.0000
850,paf,getTransaction,1.0000
850,paf,queryStockItem,1.0000
850,ep,Persistence,1.0000
850,ep,DataStore,1.0000
850,ep,Enterprise,1.0000
850,ep,Reporting,1.0000
852,paf,getMeanTimeToDeliveryReport,1.0000
852,paf,getMeanTimeToDelivery,1.0000
852,paf,getTransactionContext,1.0000
852,paf,queryOrderById,1.0000
852,paf,enterOrderID,1.0000
852,paf,getEnterpriseByID,1.0000
852,paf,getTransaction,1.0000
852,paf,queryStockItem,1.0000
852,ep,Persistence,1.0000
852,ep,DataStore,1.0000
852,ep,Enterprise,1.0000
852,ep,Reporting,1.0000
854,paf,createReport,1.0000
854,paf,getMeanTimeToDeliveryReport,1.0000
854,paf,getTransactionContext,1.0000
854,paf,enterOrderID,1.0000
854,paf,getEnterpriseByID,1.0000
854,paf,queryStockItem,1.0000
854,ep,Persistence,1.0000
854,ep,DataStore,1.0000
854,ep,Enterprise,1.0000
854,ep,Reporting,1.0000
860,paf,createReport,1.0000
860,paf,getMeanTimeToDeliveryReport,1.0000
860,paf,getMeanTimeToDelivery,1.0000
860,paf,getTransactionContext,1.0000
860,paf,getEnterpriseByID,1.0000
860,paf,getTransaction,1.0000
860,paf,queryStockItem,1.0000
860,ep,Persistence,1.0000
860,ep,DataStore,1.0000
860,ep,Enterprise,1.0000
860,ep,Reporting,1.0000
862,paf,rollInReceivedOrder,1.0000
862,paf,getMeanTimeToDelivery,1.0000
862,paf,getTransactionContext,1.0000
862,paf,queryOrderById,1.0000
862,paf,getEnterpriseByID,1.0000
862,paf,queryStockItem,1.0000
862,paf,getTransaction,1.0000
862,ep,Persistence,1.0000
862,ep,DataStore,1.0000
862,ep,Enterprise,1.0000
866,paf,getMeanTimeToDeliveryReport,1.0000
866,paf,getMeanTimeToDelivery,1.0000
866,paf,queryOrderById,1.0000
866,paf,getEnterpriseByID,1.0000
866,paf,getTransaction,1.0000
866,paf,queryStockItem,1.0000
866,ep,Persistence,1.0000
866,ep,DataStore,1.0000
866,ep,Enterprise,1.0000
866,ep,Reporting,1.0000
870,paf,getMeanTimeToDeliveryReport,1.0000
870,paf,getMeanTimeToDelivery,1.0000
870,paf,getTransactionContext,1.0000
870,paf,queryOrderById,1.0000
870,paf,enterOrderID,1.0000
870,paf,getEnterpriseByID,1.0000
870,paf,getTransaction,1.0000
870,paf,queryStockItem,1.0000
870,ep,Persistence,1.0000
870,ep,DataStore,1.0000
870,ep,Enterprise,1.0000
870,ep,Reporting,1.0000
874,paf,createReport,1.0000
874,paf,getMeanTimeToDeliveryReport,1.0000
874,paf,getTransactionContext,1.0000
874,paf,enterOrderID,1.0000
874,paf,getEnterpriseByID,1.0000
874,paf,queryStockItem,1.0000
874,ep,Persistence,1.0000
874,ep,DataStore,1.0000
874,ep,Enterprise,1.0000
874,ep,Reporting,1.0000
880,paf,getMeanTimeToDeliveryReport,1.0000
880,paf,getMeanTimeToDelivery,1.0000
880,paf,getTransactionContext,1.0000
880,paf,queryOrderById,1.0000
880,paf,enterOrderID,1.0000
880,paf,getEnterpriseByID,1.0000
880,paf,getTransaction,1.0000
880,paf,queryStockItem,1.0000
880,ep,Persistence,1.0000
880,ep,DataStore,1.0000
880,ep,Enterprise,1.0000
880,ep,Reporting,1.0000
882,paf,createReport,1.0000
882,paf,getMeanTimeToDeliveryReport,1.0000
882,paf,getMeanTimeToDelivery,1.0000
882,paf,getTransactionContext,1.0000
882,paf,queryOrderById,1.0000
882,paf,enterOrderID,1.0000
882,paf,getEnterpriseByID,1.0000
882,paf,getTransaction,1.0000
886,paf,getMeanTimeToDeliveryReport,1.0000
886,paf,getTransactionContext,1.0000
886,paf,queryOrderById,1.0000
886,paf,enterOrderID,1.0000
886,paf,getEnterpriseByID,1.0000
886,paf,getTransaction,1.0000
886,paf,queryStockItem,1.0000
886,ep,Persistence,1.0000
886,ep,DataStore,1.0000
886,ep,Enterprise,1.0000
886,ep,Reporting,1.0000
890,paf,getMeanTimeToDeliveryReport,1.0000
890,paf,getMeanTimeToDelivery,1.0000
890,paf,getTransactionContext,1.0000
890,paf,enterOrderID,1.0000
890,paf,getEnterpriseByID,1.0000
890,paf,getTransaction,1.0000
890,paf,queryStockItem,1.0000
890,ep,Persistence,1.0000
890,ep,DataStore,1.0000
890,ep,Enterprise,1.0000
890,ep,Reporting,1.0000
896,paf,getMeanTimeToDeliveryReport,1.0000
896,paf,getMeanTimeToDelivery,1.0000
896,paf,getTransactionContext,1.0000
896,paf,queryOrderById,1.0000
896,paf,enterOrderID,1.0000
896,paf,getEnterpriseByID,1.0000
896,paf,getTransaction,1.0000
896,paf,queryStockItem,1.0000
896,ep,Persistence,1.0000
896,ep,DataStore,1.0000
896,ep,Enterprise,1.0000
896,ep,Reporting,1.0000
898,paf,getMeanTimeToDeliveryReport,1.0000
898,paf,getMeanTimeToDelivery,1.0000
898,paf,queryOrderById,1.0000
898,paf,getTransactionContext,1.0000
898,paf,getEnterpriseByID,1.0000
898,paf,getTransaction,1.0000
898,paf,queryStockItem,1.0000
898,ep,Persistence,1.0000
898,ep,DataStore,1.0000
898,ep,Enterprise,1.0000
898,ep,Reporting,1.0000
902,paf,getMeanTimeToDeliveryReport,1.0000
902,paf,getMeanTimeToDelivery,1.0000
902,paf,getTransactionContext,1.0000
902,paf,queryOrderById,1.0000
902,paf,enterOrderID,1.0000
902,paf,getEnterpriseByID,1.0000
902,paf,getTransaction,1.0000
902,paf,queryStockItem,1.0000
902,ep,Persistence,1.0000
902,ep,DataStore,1.0000
902,ep,Enterprise,1.0000
902,ep,Reporting,1.0000
906,paf,getMeanTimeToDeliveryReport,1.0000
906,paf,getMeanTimeToDelivery,1.0000
906,paf,queryOrderById,1.0000
906,paf,getEnterpriseByID,1.0000
906,paf,getTransaction,1.0000
906,paf,queryStockItem,1.0000
906,ep,Persistence,1.0000
906,ep,DataStore,1.0000
906,ep,Enterprise,1.0000
906,ep,Reporting,1.0000
910,paf,createReport,1.0000
910,paf,getMeanTimeToDeliveryReport,1.0000
910,paf,getMeanTimeToDelivery,1.0000
910,paf,getTransactionContext,1.0000
910,paf,queryOrderById,1.0000
910,paf,enterOrderID,1.0000
910,paf,getEnterpriseByID,1.0000
910,paf,getTransaction,1.0000
910,paf,queryStockItem,1.0000
910,ep,Persistence,1.0000
910,ep,DataStore,1.0000
910,ep,Enterprise,1.0000
910,ep,Reporting,1.0000
912,paf,rollInReceivedOrder,1.0000
912,paf,getMeanTimeToDelivery,1.0000
912,paf,getTransactionContext,1.0000
912,paf,queryOrderById,1.0000
912,paf,getEnterpriseByID,1.0000
912,paf,queryStockItem,1.0000
912,paf,getTransaction,1.0000
912,ep,Persistence,1.0000
912,ep,DataStore,1.0000
912,ep,Enterprise,1.0000
914,paf,createReport,1.0000
914,paf,getMeanTimeToDeliveryReport,1.0000
914,paf,getTransactionContext,1.0000
914,paf,enterOrderID,1.0000
914,paf,getEnterpriseByID,1.0000
914,paf,queryStockItem,1.0000
914,ep,Persistence,1.0000
914,ep,DataStore,1.0000
914,ep,Enterprise,1.0000
914,ep,Reporting,1.0000
918,paf,createReport,1.0000
918,paf,getMeanTimeToDeliveryReport,1.0000
918,paf,getMeanTimeToDelivery,1.0000
918,paf,queryOrderById,1.0000
918,paf,getEnterpriseByID,1.0000
918,paf,getTransaction,1.0000
918,paf,queryStockItem,1.0000
918,ep,Persistence,1.0000
918,ep,DataStore,1.0000
918,ep,Enterprise,1.0000
918,ep,Reporting,1.0000
922,paf,rollInReceivedOrder,1.0000
922,paf,getMeanTimeToDelivery,1.0000
922,paf,getTransactionContext,1.0000
922,paf,queryOrderById,1.0000
922,paf,getEnterpriseByID,1.0000
922,paf,queryStockItem,1.0000
922,paf,getTransaction,1.0000
922,ep,Persistence,1.0000
922,ep,DataStore,1.0000
922,ep,Enterprise,1.0000
926,paf,getMeanTimeToDeliveryReport,1.0000
926,paf,getMeanTimeToDelivery,1.0000
926,paf,getTransactionContext,1.0000
926,paf,queryOrderById,1.0000
926,paf,getEnterpriseByID,1.0000
926,paf,getTransaction,1.0000
926,paf,queryStockItem,1.0000
926,ep,Persistence,1.0000
926,ep,DataStore,1.0000
926,ep,Enterprise,1.0000
926,ep,Reporting,1.0000
928,paf,getMeanTimeToDeliveryReport,1.0000
928,paf,getMeanTimeToDelivery,1.0000
928,paf,queryOrderById,1.0000
928,paf,getTransactionContext,1.0000
928,paf,getEnterpriseByID,1.0000
928,paf,getTransaction,1.0000
928,paf,queryStockItem,1.0000
928,ep,Persistence,1.0000
928,ep,DataStore,1.0000
928,ep,Enterprise,1.0000
928,ep,Reporting,1.0000
932,paf,createReport,1.0000
932,paf,getMeanTimeToDeliveryReport,1.0000
932,paf,getMeanTimeToDelivery,1.0000
932,paf,getTransactionContext,1.0000
932,paf,queryOrderById,1.0000
932,paf,enterOrderID,1.0000
932,paf,getEnterpriseByID,1.0000
932,paf,getTransaction,1.0000
932,paf,queryStockItem,1.0000
932,ep,Persistence,1.0000
932,ep,DataStore,1.0000
932,ep,Enterprise,1.0000
932,ep,Reporting,1.0000
934,paf,createReport,1.0000
934,paf,getMeanTimeToDeliveryReport,1.0000
934,paf,getMeanTimeToDelivery,1.0000
934,paf,getTransactionContext,1.0000
934,paf,getEnterpriseByID,1.0000
934,paf,getTransaction,1.0000
934,paf,queryStockItem,1.0000
934,ep,Persistence,1.0000
934,ep,DataStore,1.0000
934,ep,Enterprise,1.0000
934,ep,Reporting,1.0000
938,paf,createReport,1.0000
938,paf,getMeanTimeToDeliveryReport,0.9797
938,paf,getMeanTimeToDelivery,0.9797
938,paf,getTransactionContext,1.0000
938,paf,queryOrderById,1.0000
938,paf,enterOrderID,1.0000
938,paf,getEnterpriseByID,1.0000
938,paf,getTransaction,0.9797
940,paf,getMeanTimeToDeliveryReport,1.0000
940,paf,getMeanTimeToDelivery,1.0000
940,paf,getTransactionContext,1.0000
940,paf,queryOrderById,1.0000
940,paf,enterOrderID,1.0000
940,paf,getEnterpriseByID,1.0000
940,paf,getTransaction,1.0000
940,paf,queryStockItem,1.0000
940,ep,Persistence,1.0000
940,ep,DataStore,1.0000
940,ep,Enterprise,1.0000
940,ep,Reporting,1.0000
944,paf,getMeanTimeToDeliveryReport,1.0000
944,paf,getMeanTimeToDelivery,1.0000
944,paf,queryOrderById,1.0000
944,paf,getEnterpriseByID,1.0000
944,paf,getTransaction,1.0000
944,paf,queryStockItem,1.0000
944,ep,Persistence,1.0000
944,ep,DataStore,1.0000
944,ep,Enterprise,1.0000
944,ep,Reporting,1.0000
948,paf,getMeanTimeToDeliveryReport,1.0000
948,paf,getMeanTimeToDelivery,1.0000
948,paf,queryOrderById,1.0000
948,paf,getEnterpriseByID,1.0000
948,paf,getTransaction,1.0000
948,paf,queryStockItem,1.0000
948,ep,Persistence,1.0000
948,ep,DataStore,1.0000
948,ep,Enterprise,1.0000
948,ep,Reporting,1.0000
952,paf,createReport,1.0000
952,paf,getMeanTimeToDeliveryReport,1.0000
952,paf,getMeanTimeToDelivery,1.0000
952,paf,getTransactionContext,1.0000
952,paf,queryOrderById,1.0000
952,paf,enterOrderID,1.0000
952,paf,getEnterpriseByID,1.0000
952,paf,getTransaction,1.0000
952,paf,queryStockItem,1.0000
952,ep,Persistence,1.0000
952,ep,DataStore,1.0000
952,ep,Enterprise,1.0000
952,ep,Reporting,1.0000
956,paf,createReport,1.0000
956,paf,getMeanTimeToDelivery,1.0000
956,paf,getTransactionContext,1.0000
956,paf,queryOrderById,1.0000
956,paf,enterOrderID,1.0000
956,paf,getEnterpriseByID,1.0000
956,paf,getTransaction,1.0000
956,paf,queryStockItem,1.0000
956,ep,Persistence,1.0000
956,ep,DataStore,1.0000
956,ep,Enterprise,1.0000
960,paf,getMeanTimeToDeliveryReport,1.0000
960,paf,getMeanTimeToDelivery,1.0000
960,paf,getTransactionContext,1.0000
960,paf,queryOrderById,1.0000
960,paf,enterOrderID,1.0000
960,paf,getEnterpriseByID,1.0000
960,paf,getTransaction,1.0000
960,paf,queryStockItem,1.0000
960,ep,Persistence,1.0000
960,ep,DataStore,1.0000
960,ep,Enterprise,1.0000
960,ep,Reporting,1.0000
962,paf,createReport,1.0000
962,paf,getMeanTimeToDeliveryReport,1.0000
962,paf,getMeanTimeToDelivery,1.0000
962,paf,getTransactionContext,1.0000
962,paf,scanProduct,1.0000
962,paf,enterOrderID,0.9580
962,paf,getEnterpriseByID,1.0000
962,paf,queryStockItem,1.0000
962,ep,Persistence,1.0000
962,ep,DataStore,1.0000
962,ep,Enterprise,1.0000
962,ep,Reporting,1.0000
966,paf,createReport,1.0000
966,paf,getMeanTimeToDeliveryReport,1.0000
966,paf,getMeanTimeToDelivery,1.0000
966,paf,queryOrderById,1.0000
966,paf,enterOrderID,1.0000
966,paf,getEnterpriseByID,1.0000
966,paf,getTransaction,1.0000
966,paf,queryStockItem,1.0000
966,ep,Persistence,1.0000
966,ep,DataStore,1.0000
966,ep,Enterprise,1.0000
966,ep,Reporting,1.0000
968,paf,getMeanTimeToDeliveryReport,1.0000
968,paf,getMeanTimeToDelivery,1.0000
968,paf,queryOrderById,1.0000
968,paf,getEnterpriseByID,1.0000
968,paf,getTransaction,1.0000
968,paf,queryStockItem,1.0000
968,ep,Persistence,1.0000
968,ep,DataStore,1.0000
968,ep,Enterprise,1.0000
968,ep,Reporting,1.0000
972,paf,createReport,1.0000
972,paf,getMeanTimeToDeliveryReport,0.9797
972,paf,getMeanTimeToDelivery,0.9797
972,paf,getTransactionContext,1.0000
972,paf,queryOrderById,1.0000
972,paf,enterOrderID,1.0000
972,paf,getEnterpriseByID,1.0000
972,paf,getTransaction,0.9797
974,paf,getMeanTimeToDeliveryReport,1.0000
974,paf,getMeanTimeToDelivery,1.0000
974,paf,getTransactionContext,1.0000
974,paf,queryOrderById,1.0000
974,paf,enterOrderID,1.0000
974,paf,getEnterpriseByID,1.0000
974,paf,getTransaction,1.0000
974,paf,queryStockItem,1.0000
974,ep,Persistence,1.0000
974,ep,DataStore,1.0000
974,ep,Enterprise,1.0000
974,ep,Reporting,1.0000
976,paf,getMeanTimeToDeliveryReport,1.0000
976,paf,getMeanTimeToDelivery,1.0000
976,paf,getTransactionContext,1.0000
976,paf,queryOrderById,1.0000
976,paf,enterOrderID,1.0000
976,paf,getEnterpriseByID,1.0000
976,paf,getTransaction,1.0000
976,paf,queryStockItem,1.0000
976,ep,Persistence,1.0000
976,ep,DataStore,1.0000
976,ep,Enterprise,1.0000
976,ep,Reporting,1.0000
980,paf,rollInReceivedOrder,1.0000
980,paf,getMeanTimeToDelivery,1.0000
980,paf,getTransactionContext,1.0000
980,paf,queryOrderById,1.0000
980,paf,getEnterpriseByID,1.0000
980,paf,queryStockItem,1.0000
980,paf,getTransaction,1.0000
980,ep,Persistence,1.0000
980,ep,DataStore,1.0000
980,ep,Enterprise,1.0000
984,paf,getMeanTimeToDeliveryReport,1.0000
984,paf,getMeanTimeToDelivery,1.0000
984,paf,getTransactionContext,1.0000
984,paf,queryOrderById,1.0000
984,paf,getEnterpriseByID,1.0000
984,paf,getTransaction,1.0000
984,paf,queryStockItem,1.0000
984,ep,Persistence,1.0000
984,ep,DataStore,1.0000
984,ep,Enterprise,1.0000
984,ep,Reporting,1.0000
988,paf,createReport,1.0000
988,paf,getMeanTimeToDeliveryReport,0.9797
988,paf,getMeanTimeToDelivery,0.9797
988,paf,getTransactionContext,1.0000
988,paf,queryOrderById,1.0000
988,paf,enterOrderID,1.0000
988,paf,getEnterpriseByID,1.0000
988,paf,getTransaction,0.9797
992,paf,createReport,1.0000
992,paf,getMeanTimeToDeliveryReport,1.0000
992,paf,getMeanTimeToDelivery,1.0000
992,paf,queryOrderById,1.0000
992,paf,enterOrderID,1.0000
992,paf,getEnterpriseByID,1.0000
992,paf,getTransaction,1.0000
992,paf,queryStockItem,1.0000
992,ep,Persistence,1.0000
992,ep,DataStore,1.0000
992,ep,Enterprise,1.0000
992,ep,Reporting,1.0000
996,paf,createReport,1.0000
996,paf,getMeanTimeToDeliveryReport,0.9797
996,paf,getMeanTimeToDelivery,0.9797
996,paf,getTransactionContext,1.0000
996,paf,queryOrderById,1.0000
996,paf,enterOrderID,1.0000
996,paf,getEnterpriseByID,1.0000
996,paf,getTransaction,0.9797
998,paf,getMeanTimeToDeliveryReport,1.0000
998,paf,getMeanTimeToDelivery,1.0000
998,paf,queryOrderById,1.0000
998,paf,getEnterpriseByID,1.0000
998,paf,getTransaction,1.0000
998,paf,queryStockItem,1.0000
998,ep,Persistence,1.0000
998,ep,DataStore,1.0000
998,ep,Enterprise,1.0000
998,ep,Reporting,1.0000
1002,paf,createReport,1.0000
1002,paf,getMeanTimeToDeliveryReport,1.0000
1002,paf,rollInReceivedOrder,1.0000
1002,paf,getMeanTimeToDelivery,1.0000
1002,paf,getTransactionContext,1.0000
1002,paf,enterOrderID,1.0000
1002,paf,getEnterpriseByID,1.0000
1002,paf,queryStockItem,1.0000
1002,ep,Persistence,1.0000
1002,ep,DataStore,1.0000
1002,ep,Enterprise,1.0000
1002,ep,Reporting,1.0000
1006,paf,getMeanTimeToDeliveryReport,1.0000
1006,paf,getMeanTimeToDelivery,1.0000
1006,paf,getTransactionContext,1.0000
1006,paf,queryOrderById,1.0000
1006,paf,getEnterpriseByID,1.0000
1006,paf,queryStockItem,1.0000
1006,ep,Persistence,1.0000
1006,ep,DataStore,1.0000
1006,ep,Enterprise,1.0000
1006,ep,Reporting,1.0000
1010,paf,getMeanTimeToDeliveryReport,1.0000
1010,paf,getMeanTimeToDelivery,1.0000
1010,paf,queryOrderById,1.0000
1010,paf,getEnterpriseByID,1.0000
1010,paf,getTransaction,1.0000
1010,paf,queryStockItem,1.0000
1010,ep,Persistence,1.0000
1010,ep,DataStore,1.0000
1010,ep,Enterprise,1.0000
1010,ep,Reporting,1.0000
1014,paf,getMeanTimeToDeliveryReport,1.0000
1014,paf,getMeanTimeToDelivery,1.0000
1014,paf,getTransactionContext,1.0000
1014,paf,queryOrderById,1.0000
1014,paf,enterOrderID,1.0000
1014,paf,getEnterpriseByID,1.0000
1014,paf,getTransaction,1.0000
1014,paf,queryStockItem,1.0000
1014,ep,Persistence,1.0000
1014,ep,DataStore,1.0000
1014,ep,Enterprise,1.0000
1014,ep,Reporting,1.0000
1018,paf,createReport,1.0000
1018,paf,getMeanTimeToDeliveryReport,1.0000
1018,paf,getMeanTimeToDelivery,1.0000
1018,paf,getTransactionContext,1.0000
1018,paf,queryOrderById,1.0000
1018,paf,enterOrderID,1.0000
1018,paf,getEnterpriseByID,1.0000
1018,paf,getTransaction,1.0000
1022,paf,getMeanTimeToDeliveryReport,1.0000
1022,paf,getMeanTimeToDelivery,1.0000
1022,paf,getTransactionContext,1.0000
1022,paf,queryOrderById,1.0000
1022,paf,enterOrderID,1.0000
1022,paf,getEnterpriseByID,1.0000
1022,paf,getTransaction,1.0000
1022,paf,queryStockItem,1.0000
1022,ep,Persistence,1.0000
1022,ep,DataStore,1.0000
1022,ep,Enterprise,1.0000
1022,ep,Reporting,1.0000
1026,paf,rollInReceivedOrder,1.0000
1026,paf,getMeanTimeToDelivery,1.0000
1026,paf,getTransactionContext,1.0000
1026,paf,queryOrderById,1.0000
1026,paf,getEnterpriseByID,1.0000
1026,paf,queryStockItem,1.0000
1026,paf,getTransaction,1.0000
1026,ep,Persistence,1.0000
1026,ep,DataStore,1.0000
1026,ep,Enterprise,1.0000
1030,paf,createReport,1.0000
1030,paf,getMeanTimeToDeliveryReport,1.0000
1030,paf,getMeanTimeToDelivery,1.0000
1030,paf,getTransactionContext,1.0000
1030,paf,queryOrderById,1.0000
1030,paf,enterOrderID,1.0000
1030,paf,getEnterpriseByID,1.0000
1030,paf,getTransaction,1.0000
1030,paf,queryStockItem,1.0000
1030,ep,Persistence,1.0000
1030,ep,DataStore,1.0000
1030,ep,Enterprise,1.0000
1030,ep,Reporting,1.0000
1034,paf,createReport,1.0000
1034,paf,getMeanTimeToDelivery,1.0000
1034,paf,getTransactionContext,1.0000
1034,paf,queryOrderById,1.0000
1034,paf,enterOrderID,1.0000
1034,paf,getEnterpriseByID,1.0000
1034,paf,getTransaction,1.0000
1034,paf,queryStockItem,1.0000
1034,ep,Persistence,1.0000
1034,ep,DataStore,1.0000
1034,ep,Enterprise,1.0000
1036,paf,getMeanTimeToDeliveryReport,1.0000
1036,paf,getMeanTimeToDelivery,1.0000
1036,paf,getTransactionContext,1.0000
1036,paf,enterOrderID,1.0000
1036,paf,getEnterpriseByID,1.0000
1036,paf,getTransaction,1.0000
1036,paf,queryStockItem,1.0000
1036,ep,Persistence,1.0000
1036,ep,DataStore,1.0000
1036,ep,Enterprise,1.0000
1036,ep,Reporting,1.0000
1038,paf,createReport,1.0000
1038,paf,getMeanTimeToDeliveryReport,1.0000
1038,paf,getMeanTimeToDelivery,1.0000
1038,paf,getTransactionContext,1.0000
1038,paf,queryOrderById,1.0000
1038,paf,enterOrderID,1.0000
1038,paf,getEnterpriseByID,1.0000
1038,paf,getTransaction,1.0000
1038,paf,queryStockItem,1.0000
1038,ep,Persistence,1.0000
1038,ep,DataStore,1.0000
1038,ep,Enterprise,1.0000
1038,ep,Reporting,1.0000
1042,paf,createReport,1.0000
1042,paf,getMeanTimeToDeliveryReport,1.0000
1042,paf,getMeanTimeToDelivery,1.0000
1042,paf,getTransactionContext,1.0000
1042,paf,queryOrderById,1.0000
1042,paf,enterOrderID,1.0000
1042,paf,getEnterpriseByID,1.0000
1042,paf,getTransaction,1.0000
1042,paf,queryStockItem,1.0000
1042,ep,Persistence,1.0000
1042,ep,DataStore,1.0000
1042,ep,Enterprise,1.0000
1042,ep,Reporting,1.0000
1046,paf,createReport,1.0000
1046,paf,getMeanTimeToDeliveryReport,1.0000
1046,paf,getMeanTimeToDelivery,1.0000
1046,paf,getTransactionContext,1.0000
1046,paf,queryOrderById,1.0000
1046,paf,enterOrderID,1.0000
1046,paf,getEnterpriseByID,1.0000
1046,paf,getTransaction,1.0000
1052,paf,getMeanTimeToDeliveryReport,1.0000
1052,paf,rollInReceivedOrder,1.0000
1052,paf,getMeanTimeToDelivery,1.0000
1052,paf,queryOrderById,1.0000
1052,paf,getEnterpriseByID,1.0000
1052,paf,queryStockItem,1.0000
1052,paf,getTransaction,1.0000
1052,ep,Persistence,1.0000
1052,ep,DataStore,1.0000
1052,ep,Enterprise,1.0000
1052,ep,Reporting,1.0000
1054,paf,createReport,1.0000
1054,paf,getMeanTimeToDeliveryReport,1.0000
1054,paf,getTransactionContext,1.0000
1054,paf,enterOrderID,1.0000
1054,paf,getEnterpriseByID,1.0000
1054,paf,queryStockItem,1.0000
1054,ep,Persistence,1.0000
1054,ep,DataStore,1.0000
1054,ep,Enterprise,1.0000
1054,ep,Reporting,1.0000
1058,paf,getMeanTimeToDeliveryReport,1.0000
1058,paf,getMeanTimeToDelivery,1.0000
1058,paf,queryOrderById,1.0000
1058,paf,getEnterpriseByID,1.0000
1058,paf,getTransaction,1.0000
1058,paf,queryStockItem,1.0000
1058,ep,Persistence,1.0000
1058,ep,DataStore,1.0000
1058,ep,Enterprise,1.0000
1058,ep,Reporting,1.0000
1062,paf,rollInReceivedOrder,1.0000
1062,paf,getMeanTimeToDelivery,1.0000
1062,paf,getTransactionContext,1.0000
1062,paf,queryOrderById,1.0000
1062,paf,getEnterpriseByID,1.0000
1062,paf,queryStockItem,1.0000
1062,paf,getTransaction,1.0000
1062,ep,Persistence,1.0000
1062,ep,DataStore,1.0000
1062,ep,Enterprise,1.0000
1066,paf,createReport,1.0000
1066,paf,getMeanTimeToDeliveryReport,1.0000
1066,paf,getMeanTimeToDelivery,1.0000
1066,paf,getTransactionContext,1.0000
1066,paf,enterOrderID,1.0000
1066,paf,getEnterpriseByID,1.0000
1066,paf,getTransaction,1.0000
1066,paf,queryStockItem,1.0000
1066,ep,Persistence,1.0000
1066,ep,DataStore,1.0000
1066,ep,Enterprise,1.0000
1066,ep,Reporting,1.0000
1068,paf,getMeanTimeToDeliveryReport,1.0000
1068,paf,getTransactionContext,1.0000
1068,paf,queryOrderById,1.0000
1068,paf,enterOrderID,1.0000
1068,paf,getEnterpriseByID,1.0000
1068,paf,getTransaction,1.0000
1068,paf,queryStockItem,1.0000
1068,ep,Persistence,1.0000
1068,ep,DataStore,1.0000
1068,ep,Enterprise,1.0000
1068,ep,Reporting,1.0000
1072,paf,getMeanTimeToDeliveryReport,1.0000
1072,paf,getMeanTimeToDelivery,1.0000
1072,paf,getTransactionContext,1.0000
1072,paf,queryOrderById,1.0000
1072,paf,enterOrderID,1.0000
1072,paf,getEnterpriseByID,1.0000
1072,paf,getTransaction,1.0000
1072,paf,queryStockItem,1.0000
1072,ep,Persistence,1.0000
1072,ep,DataStore,1.0000
1072,ep,Enterprise,1.0000
1072,ep,Reporting,1.0000
1076,paf,createReport,1.0000
1076,paf,getMeanTimeToDeliveryReport,1.0000
1076,paf,getMeanTimeToDelivery,1.0000
1076,paf,getTransactionContext,1.0000
1076,paf,enterOrderID,1.0000
1076,paf,getEnterpriseByID,1.0000
1076,paf,getTransaction,1.0000
1076,paf,queryStockItem,1.0000
1076,ep,Persistence,1.0000
1076,ep,DataStore,1.0000
1076,ep,Enterprise,1.0000
1076,ep,Reporting,1.0000
1080,paf,getMeanTimeToDeliveryReport,1.0000
1080,paf,getMeanTimeToDelivery,1.0000
1080,paf,getTransactionContext,1.0000
1080,paf,queryOrderById,1.0000
1080,paf,getEnterpriseByID,1.0000
1080,paf,getTransaction,1.0000
1080,paf,queryStockItem,1.0000
1080,ep,Persistence,1.0000
1080,ep,DataStore,1.0000
1080,ep,Enterprise,1.0000
1080,ep,Reporting,1.0000
1084,paf,rollInReceivedOrder,1.0000
1084,paf,getMeanTimeToDelivery,1.0000
1084,paf,getTransactionContext,1.0000
1084,paf,queryOrderById,1.0000
1084,paf,getEnterpriseByID,1.0000
1084,paf,queryStockItem,1.0000
1084,paf,getTransaction,1.0000
1084,ep,Persistence,1.0000
1084,ep,DataStore,1.0000
1084,ep,Enterprise,1.0000
1086,paf,createReport,1.0000
1086,paf,getMeanTimeToDelivery,1.0000
1086,paf,queryOrderById,1.0000
1086,paf,enterOrderID,1.0000
1086,paf,getEnterpriseByID,1.0000
1086,paf,getTransaction,1.0000
1086,paf,queryStockItem,1.0000
1086,ep,Persistence,1.0000
1086,ep,DataStore,1.0000
1086,ep,Enterprise,1.0000
1092,paf,createReport,1.0000
1092,paf,getMeanTimeToDelivery,1.0000
1092,paf,getTransactionContext,1.0000
1092,paf,queryOrderById,1.0000
1092,paf,getEnterpriseByID,1.0000
1092,paf,getTransaction,1.0000
1092,paf,queryStockItem,1.0000
1092,ep,Persistence,1.0000
1092,ep,DataStore,1.0000
1092,ep,Enterprise,1.0000
1094,paf,getMeanTimeToDeliveryReport,1.0000
1094,paf,getMeanTimeToDelivery,1.0000
1094,paf,getTransactionContext,1.0000
1094,paf,enterOrderID,1.0000
1094,paf,getEnterpriseByID,1.0000
1094,paf,getTransaction,1.0000
1094,paf,queryStockItem,1.0000
1094,ep,Persistence,1.0000
1094,ep,DataStore,1.0000
1094,ep,Enterprise,1.0000
1094,ep,Reporting,1.0000
1096,paf,getMeanTimeToDeliveryReport,1.0000
1096,paf,getMeanTimeToDelivery,1.0000
1096,paf,getTransactionContext,1.0000
1096,paf,queryOrderById,1.0000
1096,paf,getEnterpriseByID,1.0000
1096,paf,queryStockItem,1.0000
1096,ep,Persistence,1.0000
1096,ep,DataStore,1.0000
1096,ep,Enterprise,1.0000
1096,ep,Reporting,1.0000
1100,paf,createReport,1.0000
1100,paf,getMeanTimeToDelivery,1.0000
1100,paf,getTransactionContext,1.0000
1100,paf,queryOrderById,1.0000
1100,paf,enterOrderID,1.0000
1100,paf,getEnterpriseByID,1.0000
1100,paf,getTransaction,1.0000
1100,paf,queryStockItem,1.0000
1100,ep,Persistence,1.0000
1100,ep,DataStore,1.0000
1100,ep,Enterprise,1.0000
1104,paf,getMeanTimeToDeliveryReport,1.0000
1104,paf,getMeanTimeToDelivery,1.0000
1104,paf,getTransactionContext,1.0000
1104,paf,queryOrderById,1.0000
1104,paf,getEnterpriseByID,1.0000
1104,paf,queryStockItem,1.0000
1104,ep,Persistence,1.0000
1104,ep,DataStore,1.0000
1104,ep,Enterprise,1.0000
1104,ep,Reporting,1.0000
1108,paf,createReport,1.0000
1108,paf,getMeanTimeToDelivery,1.0000
1108,paf,getTransactionContext,1.0000
1108,paf,queryOrderById,1.0000
1108,paf,enterOrderID,1.0000
1108,paf,getEnterpriseByID,1.0000
1108,paf,getTransaction,1.0000
1108,paf,queryStockItem,1.0000
1108,ep,Persistence,1.0000
1108,ep,DataStore,1.0000
1108,ep,Enterprise,1.0000
1112,paf,getMeanTimeToDeliveryReport,1.0000
1112,paf,getMeanTimeToDelivery,1.0000
1112,paf,getTransactionContext,1.0000
1112,paf,queryOrderById,1.0000
1112,paf,enterOrderID,1.0000
1112,paf,getEnterpriseByID,1.0000
1112,paf,getTransaction,1.0000
1112,paf,queryStockItem,1.0000
1112,ep,Persistence,1.0000
1112,ep,DataStore,1.0000
1112,ep,Enterprise,1.0000
1112,ep,Reporting,1.0000
1116,paf,getMeanTimeToDeliveryReport,1.0000
1116,paf,getMeanTimeToDelivery,1.0000
1116,paf,getTransactionContext,1.0000
1116,paf,queryOrderById,1.0000
1116,paf,getEnterpriseByID,1.0000
1116,paf,queryStockItem,1.0000
1116,ep,Persistence,1.0000
1116,ep,DataStore,1.0000
1116,ep,Enterprise,1.0000
1116,ep,Reporting,1.0000
1118,paf,getMeanTimeToDeliveryReport,1.0000
1118,paf,getMeanTimeToDelivery,1.0000
1118,paf,getTransactionContext,1.0000
1118,paf,queryOrderById,1.0000
1118,paf,getEnterpriseByID,1.0000
1118,paf,getTransaction,1.0000
1118,paf,queryStockItem,1.0000
1118,ep,Persistence,1.0000
1118,ep,DataStore,1.0000
1118,ep,Enterprise,1.0000
1118,ep,Reporting,1.0000
1122,paf,getMeanTimeToDeliveryReport,1.0000
1122,paf,getMeanTimeToDelivery,1.0000
1122,paf,queryOrderById,1.0000
1122,paf,getEnterpriseByID,1.0000
1122,paf,getTransaction,1.0000
1122,paf,queryStockItem,1.0000
1122,ep,Persistence,1.0000
1122,ep,DataStore,1.0000
1122,ep,Enterprise,1.0000
1122,ep,Reporting,1.0000
1126,paf,getMeanTimeToDeliveryReport,1.0000
1126,paf,getMeanTimeToDelivery,1.0000
1126,paf,getTransactionContext,1.0000
1126,paf,queryOrderById,1.0000
1126,paf,getEnterpriseByID,1.0000
1126,paf,getTransaction,1.0000
1126,paf,queryStockItem,1.0000
1126,ep,Persistence,1.0000
1126,ep,DataStore,1.0000
1126,ep,Enterprise,1.0000
1126,ep,Reporting,1.0000
1128,paf,getMeanTimeToDeliveryReport,1.0000
1128,paf,getMeanTimeToDelivery,1.0000
1128,paf,queryOrderById,1.0000
1128,paf,getEnterpriseByID,1.0000
1128,paf,getTransaction,1.0000
1128,paf,queryStockItem,1.0000
1128,ep,Persistence,1.0000
1128,ep,DataStore,1.0000
1128,ep,Enterprise,1.0000
1128,ep,Reporting,1.0000
1132,paf,createReport,1.0000
1132,paf,getMeanTimeToDeliveryReport,0.9797
1132,paf,getMeanTimeToDelivery,0.9797
1132,paf,getTransactionContext,1.0000
1132,paf,queryOrderById,1.0000
1132,paf,enterOrderID,1.0000
1132,paf,getEnterpriseByID,1.0000
1132,paf,getTransaction,0.9797
1134,paf,getMeanTimeToDeliveryReport,1.0000
1134,paf,getMeanTimeToDelivery,1.0000
1134,paf,queryOrderById,1.0000
1134,paf,getEnterpriseByID,1.0000
1134,paf,getTransaction,1.0000
1134,paf,queryStockItem,1.0000
1134,ep,Persistence,1.0000
1134,ep,DataStore,1.0000
1134,ep,Enterprise,1.0000
1134,ep,Reporting,1.0000
1136,paf,getMeanTimeToDeliveryReport,1.0000
1136,paf,getMeanTimeToDelivery,1.0000
1136,paf,getTransactionContext,1.0000
1136,paf,queryOrderById,1.0000
1136,paf,enterOrderID,1.0000
1136,paf,getEnterpriseByID,1.0000
1136,paf,getTransaction,1.0000
1136,paf,queryStockItem,1.0000
1136,ep,Persistence,1.0000
1136,ep,DataStore,1.0000
1136,ep,Enterprise,1.0000
1136,ep,Reporting,1.0000
1138,paf,createReport,1.0000
1138,paf,getMeanTimeToDeliveryReport,1.0000
1138,paf,getMeanTimeToDelivery,1.0000
1138,paf,getTransactionContext,1.0000
1138,paf,queryOrderById,1.0000
1138,paf,enterOrderID,1.0000
1138,paf,getEnterpriseByID,1.0000
1138,paf,getTransaction,1.0000
1138,paf,queryStockItem,1.0000
1138,ep,Persistence,1.0000
1138,ep,DataStore,1.0000
1138,ep,Enterprise,1.0000
1138,ep,Reporting,1.0000
1142,paf,getMeanTimeToDeliveryReport,1.0000
1142,paf,getMeanTimeToDelivery,1.0000
1142,paf,getTransactionContext,1.0000
1142,paf,enterOrderID,1.0000
1142,paf,getEnterpriseByID,1.0000
1142,paf,getTransaction,1.0000
1142,paf,queryStockItem,1.0000
1142,ep,Persistence,1.0000
1142,ep,DataStore,1.0000
1142,ep,Enterprise,1.0000
1142,ep,Reporting,1.0000
1144,paf,getMeanTimeToDeliveryReport,1.0000
1144,paf,getMeanTimeToDelivery,1.0000
1144,paf,getTransactionContext,1.0000
1144,paf,enterOrderID,1.0000
1144,paf,getEnterpriseByID,1.0000
1144,paf,getTransaction,1.0000
1144,paf,queryStockItem,1.0000
1144,ep,Persistence,1.0000
1144,ep,DataStore,1.0000
1144,ep,Enterprise,1.0000
1144,ep,Reporting,1.0000
1148,paf,createReport,1.0000
1148,paf,getMeanTimeToDelivery,1.0000
1148,paf,queryOrderById,1.0000
1148,paf,enterOrderID,1.0000
1148,paf,getEnterpriseByID,1.0000
1148,paf,getTransaction,1.0000
1148,paf,queryStockItem,1.0000
1148,ep,Persistence,1.0000
1148,ep,DataStore,1.0000
1148,ep,Enterprise,1.0000
1152,paf,createReport,1.0000
1152,paf,getMeanTimeToDeliveryReport,1.0000
1152,paf,getMeanTimeToDelivery,1.0000
1152,paf,queryOrderById,1.0000
1152,paf,enterOrderID,1.0000
1152,paf,getEnterpriseByID,1.0000
1152,paf,getTransaction,1.0000
1152,paf,queryStockItem,1.0000
1152,ep,Persistence,1.0000
1152,ep,DataStore,1.0000
1152,ep,Enterprise,1.0000
1152,ep,Reporting,1.0000
1154,paf,getMeanTimeToDeliveryReport,1.0000
1154,paf,getMeanTimeToDelivery,1.0000
1154,paf,getTransactionContext,1.0000
1154,paf,enterOrderID,1.0000
1154,paf,getEnterpriseByID,1.0000
1154,paf,getTransaction,1.0000
1154,paf,queryStockItem,1.0000
1154,ep,Persistence,1.0000
1154,ep,DataStore,1.0000
1154,ep,Enterprise,1.0000
1154,ep,Reporting,1.0000
1158,paf,createReport,1.0000
1158,paf,getMeanTimeToDelivery,1.0000
1158,paf,queryOrderById,1.0000
1158,paf,enterOrderID,1.0000
1158,paf,getEnterpriseByID,1.0000
1158,paf,getTransaction,1.0000
1158,paf,queryStockItem,1.0000
1158,ep,Persistence,1.0000
1158,ep,DataStore,1.0000
1158,ep,Enterprise,1.0000
1160,paf,getMeanTimeToDeliveryReport,1.0000
1160,paf,getMeanTimeToDelivery,1.0000
1160,paf,getTransactionContext,1.0000
1160,paf,enterOrderID,1.0000
1160,paf,getEnterpriseByID,1.0000
1160,paf,getTransaction,1.0000
1160,paf,queryStockItem,1.0000
1160,ep,Persistence,1.0000
1160,ep,DataStore,1.0000
1160,ep,Enterprise,1.0000
1160,ep,Reporting,1.0000
1164,paf,getMeanTimeToDeliveryReport,1.0000
1164,paf,getMeanTimeToDelivery,1.0000
1164,paf,getTransactionContext,1.0000
1164,paf,queryOrderById,1.0000
1164,paf,getEnterpriseByID,1.0000
1164,paf,getTransaction,1.0000
1164,paf,queryStockItem,1.0000
1164,ep,Persistence,1.0000
1164,ep,DataStore,1.0000
1164,ep,Enterprise,1.0000
1164,ep,Reporting,1.0000
1168,paf,createReport,1.0000
1168,paf,getMeanTimeToDeliveryReport,1.0000
1168,paf,getMeanTimeToDelivery,1.0000
1168,paf,getTransactionContext,1.0000
1168,paf,queryOrderById,1.0000
1168,paf,enterOrderID,1.0000
1168,paf,getEnterpriseByID,1.0000
1168,paf,getTransaction,1.0000
1168,paf,queryStockItem,1.0000
1168,ep,Persistence,1.0000
1168,ep,DataStore,1.0000
1168,ep,Enterprise,1.0000
1168,ep,Reporting,1.0000
1172,paf,createReport,1.0000
1172,paf,getMeanTimeToDeliveryReport,1.0000
1172,paf,getMeanTimeToDelivery,1.0000
1172,paf,enterOrderID,1.0000
1172,paf,getEnterpriseByID,1.0000
1172,paf,getTransaction,1.0000
1172,paf,queryStockItem,1.0000
1172,ep,Persistence,1.0000
1172,ep,DataStore,1.0000
1172,ep,Enterprise,1.0000
1172,ep,Reporting,1.0000
1176,paf,getMeanTimeToDeliveryReport,1.0000
1176,paf,rollInReceivedOrder,1.0000
1176,paf,getMeanTimeToDelivery,1.0000
1176,paf,getTransactionContext,1.0000
1176,paf,queryOrderById,1.0000
1176,paf,getEnterpriseByID,1.0000
1176,paf,queryStockItem,1.0000
1176,paf,getTransaction,1.0000
1176,ep,Persistence,0.9959
1176,ep,Enterprise,0.9959
1176,ep,Reporting,0.9959
1180,paf,getMeanTimeToDeliveryReport,1.0000
1180,paf,getMeanTimeToDelivery,1.0000
1180,paf,getTransactionContext,1.0000
1180,paf,queryOrderById,1.0000
1180,paf,getEnterpriseByID,1.0000
1180,paf,getTransaction,1.0000
1180,paf,queryStockItem,1.0000
1180,ep,Persistence,1.0000
1180,ep,DataStore,1.0000
1180,ep,Enterprise,1.0000
1180,ep,Reporting,1.0000
1184,paf,createReport,1.0000
1184,paf,getMeanTimeToDelivery,1.0000
1184,paf,getTransactionContext,1.0000
1184,paf,queryOrderById,1.0000
1184,paf,getEnterpriseByID,1.0000
1184,paf,getTransaction,1.0000
1184,paf,queryStockItem,1.0000
1184,ep,Persistence,1.0000
1184,ep,DataStore,1.0000
1184,ep,Enterprise,1.0000
1188,paf,createReport,1.0000
1188,paf,getMeanTimeToDeliveryReport,1.0000
1188,paf,getTransactionContext,1.0000
1188,paf,enterOrderID,1.0000
1188,paf,getEnterpriseByID,1.0000
1188,paf,queryStockItem,1.0000
1188,ep,Persistence,1.0000
1188,ep,DataStore,1.0000
1188,ep,Enterprise,1.0000
1188,ep,Reporting,1.0000
1192,paf,getMeanTimeToDeliveryReport,1.0000
1192,paf,getTransactionContext,1.0000
1192,paf,queryOrderById,1.0000
1192,paf,enterOrderID,1.0000
1192,paf,getEnterpriseByID,1.0000
1192,paf,getTransaction,1.0000
1192,paf,queryStockItem,1.0000
1192,ep,Persistence,1.0000
1192,ep,DataStore,1.0000
1192,ep,Enterprise,1.0000
1192,ep,Reporting,1.0000
1196,paf,createReport,1.0000
1196,paf,getMeanTimeToDeliveryReport,1.0000
1196,paf,getMeanTimeToDelivery,1.0000
1196,paf,enterOrderID,1.0000
1196,paf,getEnterpriseByID,1.0000
1196,paf,getTransaction,1.0000
1196,paf,queryStockItem,1.0000
1196,ep,Persistence,1.0000
1196,ep,DataStore,1.0000
1196,ep,Enterprise,1.0000
1196,ep,Reporting,1.0000
1200,paf,getMeanTimeToDeliveryReport,1.0000
1200,paf,getMeanTimeToDelivery,1.0000
1200,paf,getTransactionContext,1.0000
1200,paf,queryOrderById,1.0000
1200,paf,enterOrderID,1.0000
1200,paf,getEnterpriseByID,1.0000
1200,paf,getTransaction,1.0000
1200,paf,queryStockItem,1.0000
1200,ep,Persistence,1.0000
1200,ep,DataStore,1.0000
1200,ep,Enterprise,1.0000
1200,ep,Reporting,1.0000
1202,paf,createReport,1.0000
1202,paf,getMeanTimeToDeliveryReport,0.9797
1202,paf,getMeanTimeToDelivery,0.9797
1202,paf,getTransactionContext,1.0000
1202,paf,queryOrderById,1.0000
1202,paf,enterOrderID,1.0000
1202,paf,getEnterpriseByID,1.0000
1202,paf,getTransaction,0.9797
1204,paf,getMeanTimeToDeliveryReport,1.0000
1204,paf,getMeanTimeToDelivery,1.0000
1204,paf,queryOrderById,1.0000
1204,paf,enterOrderID,1.0000
1204,paf,getEnterpriseByID,1.0000
1204,paf,getTransaction,1.0000
1204,paf,queryStockItem,1.0000
1204,ep,Persistence,1.0000
1204,ep,DataStore,1.0000
1204,ep,Enterprise,1.0000
1204,ep,Reporting,1.0000
1206,paf,createReport,1.0000
1206,paf,getMeanTimeToDeliveryReport,1.0000
1206,paf,getMeanTimeToDelivery,1.0000
1206,paf,getTransactionContext,1.0000
1206,paf,enterOrderID,1.0000
1206,paf,getEnterpriseByID,1.0000
1206,paf,getTransaction,1.0000
1206,paf,queryStockItem,1.0000
1206,ep,Persistence,1.0000
1206,ep,DataStore,1.0000
1206,ep,Enterprise,1.0000
1206,ep,Reporting,1.0000
1210,paf,createReport,1.0000
1210,paf,getMeanTimeToDelivery,1.0000
1210,paf,queryOrderById,1.0000
1210,paf,enterOrderID,1.0000
1210,paf,getEnterpriseByID,1.0000
1210,paf,getTransaction,1.0000
1210,paf,queryStockItem,1.0000
1210,ep,Persistence,1.0000
1210,ep,DataStore,1.0000
1210,ep,Enterprise,1.0000
1214,paf,getMeanTimeToDeliveryReport,1.0000
1214,paf,getMeanTimeToDelivery,1.0000
1214,paf,getTransactionContext,1.0000
1214,paf,queryOrderById,1.0000
1214,paf,getEnterpriseByID,1.0000
1214,paf,getTransaction,1.0000
1214,paf,queryStockItem,1.0000
1214,ep,Persistence,1.0000
1214,ep,DataStore,1.0000
1214,ep,Enterprise,1.0000
1214,ep,Reporting,1.0000
1220,paf,rollInReceivedOrder,1.0000
1220,paf,getMeanTimeToDelivery,1.0000
1220,paf,getTransactionContext,1.0000
1220,paf,queryOrderById,1.0000
1220,paf,getEnterpriseByID,1.0000
1220,paf,queryStockItem,1.0000
1220,paf,getTransaction,1.0000
1220,ep,Persistence,1.0000
1220,ep,DataStore,1.0000
1220,ep,Enterprise,1.0000
1222,paf,createReport,1.0000
1222,paf,getMeanTimeToDeliveryReport,1.0000
1222,paf,getMeanTimeToDelivery,1.0000
1222,paf,getTransactionContext,1.0000
1222,paf,enterOrderID,1.0000
1222,paf,getEnterpriseByID,1.0000
1222,paf,getTransaction,1.0000
1222,paf,queryStockItem,1.0000
1222,ep,Persistence,1.0000
1222,ep,DataStore,1.0000
1222,ep,Enterprise,1.0000
1222,ep,Reporting,1.0000
1224,paf,createReport,1.0000
1224,paf,getMeanTimeToDeliveryReport,1.0000
1224,paf,getMeanTimeToDelivery,1.0000
1224,paf,enterOrderID,1.0000
1224,paf,getEnterpriseByID,1.0000
1224,paf,getTransaction,1.0000
1224,paf,queryStockItem,1.0000
1224,ep,Persistence,1.0000
1224,ep,DataStore,1.0000
1224,ep,Enterprise,1.0000
1224,ep,Reporting,1.0000
1228,paf,createReport,1.0000
1228,paf,getMeanTimeToDeliveryReport,1.0000
1228,paf,getMeanTimeToDelivery,1.0000
1228,paf,enterOrderID,1.0000
1228,paf,getEnterpriseByID,1.0000
1228,paf,getTransaction,1.0000
1228,paf,queryStockItem,1.0000
1228,ep,Persistence,1.0000
1228,ep,DataStore,1.0000
1228,ep,Enterprise,1.0000
1228,ep,Reporting,1.0000
1232,paf,getMeanTimeToDeliveryReport,1.0000
1232,paf,getTransactionContext,1.0000
1232,paf,queryOrderById,1.0000
1232,paf,enterOrderID,1.0000
1232,paf,getEnterpriseByID,1.0000
1232,paf,getTransaction,1.0000
1232,paf,queryStockItem,1.0000
1232,ep,Persistence,1.0000
1232,ep,DataStore,1.0000
1232,ep,Enterprise,1.0000
1232,ep,Reporting,1.0000
1238,paf,createReport,1.0000
1238,paf,getMeanTimeToDeliveryReport,0.9797
1238,paf,getMeanTimeToDelivery,0.9797
1238,paf,getTransactionContext,1.0000
1238,paf,queryOrderById,1.0000
1238,paf,enterOrderID,1.0000
1238,paf,getEnterpriseByID,1.0000
1238,paf,getTransaction,0.9797
1240,paf,getMeanTimeToDeliveryReport,1.0000
1240,paf,getTransactionContext,1.0000
1240,paf,queryOrderById,1.0000
1240,paf,enterOrderID,1.0000
1240,paf,getEnterpriseByID,1.0000
1240,paf,getTransaction,1.0000
1240,paf,queryStockItem,1.0000
1240,ep,Persistence,1.0000
1240,ep,DataStore,1.0000
1240,ep,Enterprise,1.0000
1240,ep,Reporting,1.0000
1242,paf,getMeanTimeToDeliveryReport,1.0000
1242,paf,rollInReceivedOrder,1.0000
1242,paf,getMeanTimeToDelivery,1.0000
1242,paf,queryOrderById,1.0000
1242,paf,getEnterpriseByID,1.0000
1242,paf,queryStockItem,1.0000
1242,paf,getTransaction,1.0000
1242,ep,Persistence,1.0000
1242,ep,DataStore,1.0000
1242,ep,Enterprise,1.0000
1242,ep,Reporting,1.0000
1246,paf,getMeanTimeToDeliveryReport,1.0000
1246,paf,getMeanTimeToDelivery,1.0000
1246,paf,getTransactionContext,1.0000
1246,paf,queryOrderById,1.0000
1246,paf,getEnterpriseByID,1.0000
1246,paf,getTransaction,1.0000
1246,paf,queryStockItem,1.0000
1246,ep,Persistence,1.0000
1246,ep,DataStore,1.0000
1246,ep,Enterprise,1.0000
1246,ep,Reporting,1.0000
1250,paf,createReport,1.0000
1250,paf,getMeanTimeToDelivery,1.0000
1250,paf,getTransactionContext,1.0000
1250,paf,queryOrderById,1.0000
1250,paf,enterOrderID,1.0000
1250,paf,getEnterpriseByID,1.0000
1250,paf,getTransaction,1.0000
1250,paf,queryStockItem,1.0000
1250,ep,Persistence,1.0000
1250,ep,DataStore,1.0000
1250,ep,Enterprise,1.0000
1252,paf,getMeanTimeToDeliveryReport,1.0000
1252,paf,rollInReceivedOrder,1.0000
1252,paf,getMeanTimeToDelivery,1.0000
1252,paf,getTransactionContext,1.0000
1252,paf,queryOrderById,1.0000
1252,paf,getEnterpriseByID,1.0000
1252,paf,queryStockItem,1.0000
1252,paf,getTransaction,1.0000
1252,ep,Persistence,1.0000
1252,ep,DataStore,1.0000
1252,ep,Enterprise,1.0000
1252,ep,Reporting,1.0000
1256,paf,createReport,1.0000
1256,paf,getMeanTimeToDelivery,1.0000
1256,paf,queryOrderById,1.0000
1256,paf,enterOrderID,1.0000
1256,paf,getEnterpriseByID,1.0000
1256,paf,getTransaction,1.0000
1256,paf,queryStockItem,1.0000
1256,ep,Persistence,1.0000
1256,ep,DataStore,1.0000
1256,ep,Enterprise,1.0000
1260,paf,createReport,1.0000
1260,paf,getMeanTimeToDeliveryReport,1.0000
1260,paf,getMeanTimeToDelivery,1.0000
1260,paf,getTransactionContext,1.0000
1260,paf,queryOrderById,1.0000
1260,paf,enterOrderID,1.0000
1260,paf,getEnterpriseByID,1.0000
1260,paf,getTransaction,1.0000
1260,paf,queryStockItem,1.0000
1260,ep,Persistence,1.0000
1260,ep,DataStore,1.0000
1260,ep,Enterprise,1.0000
1260,ep,Reporting,1.0000
1264,paf,createReport,1.0000
1264,paf,getMeanTimeToDelivery,1.0000
1264,paf,queryOrderById,1.0000
1264,paf,enterOrderID,0.9571
1264,paf,getEnterpriseByID,1.0000
1264,paf,getTransaction,1.0000
1264,paf,queryStockItem,1.0000
1264,ep,Persistence,1.0000
1264,ep,DataStore,1.0000
1264,ep,Enterprise,1.0000
1264,ep,Reporting,1.0000
1268,paf,getMeanTimeToDelivery,1.0000
1268,paf,getTransactionContext,1.0000
1268,paf,queryOrderById,1.0000
1268,paf,getEnterpriseByID,1.0000
1268,paf,getTransaction,1.0000
1268,paf,queryStockItem,1.0000
1268,ep,Persistence,1.0000
1268,ep,DataStore,1.0000
1268,ep,Enterprise,1.0000
1270,paf,getMeanTimeToDeliveryReport,1.0000
1270,paf,rollInReceivedOrder,1.0000
1270,paf,getMeanTimeToDelivery,1.0000
1270,paf,queryOrderById,1.0000
1270,paf,enterOrderID,1.0000
1270,paf,getEnterpriseByID,1.0000
1270,paf,queryStockItem,1.0000
1270,ep,Persistence,1.0000
1270,ep,DataStore,1.0000
1270,ep,Enterprise,1.0000
1270,ep,Reporting,1.0000
1272,paf,createReport,1.0000
1272,paf,getMeanTimeToDeliveryReport,1.0000
1272,paf,getMeanTimeToDelivery,1.0000
1272,paf,enterOrderID,1.0000
1272,paf,getEnterpriseByID,1.0000
1272,paf,getTransaction,1.0000
1272,paf,queryStockItem,1.0000
1272,ep,Persistence,1.0000
1272,ep,DataStore,1.0000
1272,ep,Enterprise,1.0000
1272,ep,Reporting,1.0000
1274,paf,createReport,1.0000
1274,paf,getTransactionContext,1.0000
1274,paf,queryOrderById,1.0000
1274,paf,enterOrderID,1.0000
1274,paf,getEnterpriseByID,1.0000
1274,paf,getTransaction,1.0000
1274,paf,queryStockItem,1.0000
1274,ep,Persistence,1.0000
1274,ep,DataStore,1.0000
1274,ep,Enterprise,1.0000
1278,paf,createReport,1.0000
1278,paf,getMeanTimeToDeliveryReport,1.0000
1278,paf,getMeanTimeToDelivery,1.0000
1278,paf,enterOrderID,1.0000
1278,paf,getEnterpriseByID,1.0000
1278,paf,getTransaction,1.0000
1278,paf,queryStockItem,1.0000
1278,ep,Persistence,1.0000
1278,ep,DataStore,1.0000
1278,ep,Enterprise,1.0000
1278,ep,Reporting,1.0000
1280,paf,createReport,1.0000
1280,paf,getMeanTimeToDelivery,1.0000
1280,paf,queryOrderById,1.0000
1280,paf,enterOrderID,1.0000
1280,paf,getEnterpriseByID,1.0000
1280,paf,getTransaction,1.0000
1280,paf,queryStockItem,1.0000
1280,ep,Persistence,1.0000
1280,ep,DataStore,1.0000
1280,ep,Enterprise,1.0000
1282,paf,createReport,1.0000
1282,paf,getMeanTimeToDeliveryReport,1.0000
1282,paf,getMeanTimeToDelivery,1.0000
1282,paf,enterOrderID,1.0000
1282,paf,getEnterpriseByID,1.0000
1282,paf,getTransaction,1.0000
1282,paf,queryStockItem,1.0000
1282,ep,Persistence,1.0000
1282,ep,DataStore,1.0000
1282,ep,Enterprise,1.0000
1282,ep,Reporting,1.0000
1286,paf,getMeanTimeToDeliveryReport,1.0000
1286,paf,rollInReceivedOrder,1.0000
1286,paf,getMeanTimeToDelivery,1.0000
1286,paf,queryOrderById,1.0000
1286,paf,enterOrderID,1.0000
1286,paf,getEnterpriseByID,1.0000
1286,paf,queryStockItem,1.0000
1286,ep,Persistence,1.0000
1286,ep,DataStore,1.0000
1286,ep,Enterprise,1.0000
1286,ep,Reporting,1.0000
1290,paf,createReport,1.0000
1290,paf,getMeanTimeToDeliveryReport,1.0000
1290,paf,getMeanTimeToDelivery,1.0000
1290,paf,getTransactionContext,1.0000
1290,paf,queryOrderById,1.0000
1290,paf,enterOrderID,1.0000
1290,paf,getEnterpriseByID,1.0000
1290,paf,getTransaction,1.0000
1290,paf,queryStockItem,1.0000
1290,ep,Persistence,1.0000
1290,ep,DataStore,1.0000
1290,ep,Reporting,1.0000
1294,paf,rollInReceivedOrder,1.0000
1294,paf,getMeanTimeToDelivery,1.0000
1294,paf,queryOrderById,1.0000
1294,paf,enterOrderID,1.0000
1294,paf,getEnterpriseByID,1.0000
1294,paf,getTransaction,1.0000
1294,paf,queryStockItem,1.0000
1294,ep,Persistence,1.0000
1294,ep,DataStore,1.0000
1294,ep,Enterprise,1.0000
1296,paf,createReport,1.0000
1296,paf,getMeanTimeToDeliveryReport,0.9797
1296,paf,getMeanTimeToDelivery,0.9797
1296,paf,getTransactionContext,1.0000
1296,paf,queryOrderById,1.0000
1296,paf,enterOrderID,1.0000
1296,paf,getEnterpriseByID,1.0000
1296,paf,getTransaction,0.9797
1298,paf,createReport,1.0000
1298,paf,getTransactionContext,1.0000
1298,paf,queryOrderById,1.0000
1298,paf,enterOrderID,1.0000
1298,paf,getEnterpriseByID,1.0000
1298,paf,getTransaction,1.0000
1298,paf,queryStockItem,1.0000
1298,ep,Persistence,1.0000
1298,ep,DataStore,1.0000
1298,ep,Enterprise,1.0000
1302,paf,createReport,1.0000
1302,paf,getMeanTimeToDeliveryReport,1.0000
1302,paf,getMeanTimeToDelivery,1.0000
1302,paf,getTransactionContext,1.0000
1302,paf,queryOrderById,1.0000
1302,paf,enterOrderID,1.0000
1302,paf,getEnterpriseByID,1.0000
1302,paf,getTransaction,1.0000
1302,paf,queryStockItem,1.0000
1302,ep,Persistence,1.0000
1302,ep,DataStore,1.0000
1302,ep,Enterprise,1.0000
1302,ep,Reporting,1.0000
1306,paf,createReport,1.0000
1306,paf,getMeanTimeToDelivery,1.0000
1306,paf,getTransactionContext,1.0000
1306,paf,queryOrderById,1.0000
1306,paf,enterOrderID,1.0000
1306,paf,getEnterpriseByID,1.0000
1306,paf,getTransaction,1.0000
1306,paf,queryStockItem,1.0000
1306,ep,Persistence,1.0000
1306,ep,DataStore,1.0000
1306,ep,Enterprise,1.0000
1310,paf,createReport,1.0000
1310,paf,getMeanTimeToDeliveryReport,1.0000
1310,paf,getMeanTimeToDelivery,1.0000
1310,paf,enterOrderID,1.0000
1310,paf,getEnterpriseByID,1.0000
1310,paf,getTransaction,1.0000
1310,paf,queryStockItem,1.0000
1310,ep,Persistence,1.0000
1310,ep,DataStore,1.0000
1310,ep,Enterprise,1.0000
1310,ep,Reporting,1.0000
1314,paf,createReport,1.0000
1314,paf,getMeanTimeToDeliveryReport,1.0000
1314,paf,rollInReceivedOrder,1.0000
1314,paf,getMeanTimeToDelivery,1.0000
1314,paf,queryOrderById,1.0000
1314,paf,enterOrderID,1.0000
1314,paf,getEnterpriseByID,1.0000
1314,paf,getTransaction,1.0000
1314,paf,queryStockItem,1.0000
1314,ep,Persistence,1.0000
1314,ep,DataStore,1.0000
1314,ep,Enterprise,1.0000
1314,ep,Reporting,1.0000
1318,paf,createReport,1.0000
1318,paf,getMeanTimeToDeliveryReport,0.9797
1318,paf,getMeanTimeToDelivery,0.9797
1318,paf,getTransactionContext,1.0000
1318,paf,queryOrderById,1.0000
1318,paf,enterOrderID,1.0000
1318,paf,getEnterpriseByID,1.0000
1318,paf,getTransaction,0.9797
1322,paf,createReport,1.0000
1322,paf,getMeanTimeToDeliveryReport,1.0000
1322,paf,getMeanTimeToDelivery,1.0000
1322,paf,enterOrderID,1.0000
1322,paf,getEnterpriseByID,1.0000
1322,paf,getTransaction,1.0000
1322,paf,queryStockItem,1.0000
1322,ep,Persistence,1.0000
1322,ep,DataStore,1.0000
1322,ep,Enterprise,1.0000
1322,ep,Reporting,1.0000
1326,paf,createReport,1.0000
1326,paf,getMeanTimeToDeliveryReport,1.0000
1326,paf,rollInReceivedOrder,1.0000
1326,paf,getMeanTimeToDelivery,1.0000
1326,paf,queryOrderById,1.0000
1326,paf,enterOrderID,1.0000
1326,paf,getEnterpriseByID,1.0000
1326,paf,getTransaction,1.0000
1326,paf,queryStockItem,1.0000
1326,ep,Persistence,1.0000
1326,ep,DataStore,1.0000
1326,ep,Enterprise,1.0000
1326,ep,Reporting,1.0000
1330,paf,createReport,1.0000
1330,paf,getMeanTimeToDeliveryReport,1.0000
1330,paf,getMeanTimeToDelivery,1.0000
1330,paf,enterOrderID,1.0000
1330,paf,getEnterpriseByID,1.0000
1330,paf,getTransaction,1.0000
1330,paf,queryStockItem,1.0000
1330,ep,Persistence,1.0000
1330,ep,DataStore,1.0000
1330,ep,Enterprise,1.0000
1330,ep,Reporting,1.0000
1334,paf,createReport,1.0000
1334,paf,getTransactionContext,1.0000
1334,paf,queryOrderById,1.0000
1334,paf,enterOrderID,1.0000
1334,paf,getEnterpriseByID,1.0000
1334,paf,getTransaction,1.0000
1334,paf,queryStockItem,1.0000
1334,ep,Persistence,1.0000
1334,ep,DataStore,1.0000
1334,ep,Enterprise,1.0000
1336,paf,getMeanTimeToDeliveryReport,1.0000
1336,paf,getMeanTimeToDelivery,1.0000
1336,paf,getTransactionContext,1.0000
1336,paf,queryOrderById,1.0000
1336,paf,getEnterpriseByID,1.0000
1336,paf,getTransaction,1.0000
1336,paf,queryStockItem,1.0000
1336,ep,Persistence,1.0000
1336,ep,DataStore,1.0000
1336,ep,Enterprise,1.0000
1336,ep,Reporting,1.0000
1342,paf,getMeanTimeToDeliveryReport,1.0000
1342,paf,rollInReceivedOrder,1.0000
1342,paf,getMeanTimeToDelivery,1.0000
1342,paf,queryOrderById,1.0000
1342,paf,enterOrderID,1.0000
1342,paf,getEnterpriseByID,1.0000
1342,paf,queryStockItem,1.0000
1342,ep,Persistence,1.0000
1342,ep,DataStore,1.0000
1342,ep,Enterprise,1.0000
1342,ep,Reporting,1.0000
1344,paf,rollInReceivedOrder,1.0000
1344,paf,getMeanTimeToDelivery,1.0000
1344,paf,queryOrderById,1.0000
1344,paf,enterOrderID,1.0000
1344,paf,getEnterpriseByID,1.0000
1344,paf,getTransaction,1.0000
1344,paf,queryStockItem,1.0000
1344,ep,Persistence,1.0000
1344,ep,DataStore,1.0000
1344,ep,Enterprise,1.0000
1346,paf,getMeanTimeToDelivery,1.0000
1346,paf,getTransactionContext,1.0000
1346,paf,queryOrderById,1.0000
1346,paf,getEnterpriseByID,1.0000
1346,paf,getTransaction,1.0000
1346,paf,queryStockItem,1.0000
1346,ep,Persistence,1.0000
1346,ep,DataStore,1.0000
1346,ep,Enterprise,1.0000
1350,paf,getMeanTimeToDeliveryReport,1.0000
1350,paf,getMeanTimeToDelivery,1.0000
1350,paf,getTransactionContext,1.0000
1350,paf,queryOrderById,1.0000
1350,paf,getEnterpriseByID,1.0000
1350,paf,getTransaction,1.0000
1350,paf,queryStockItem,1.0000
1350,ep,Persistence,1.0000
1350,ep,DataStore,1.0000
1350,ep,Enterprise,1.0000
1350,ep,Reporting,1.0000
1354,paf,createReport,1.0000
1354,paf,getMeanTimeToDeliveryReport,1.0000
1354,paf,getTransactionContext,1.0000
1354,paf,queryOrderById,1.0000
1354,paf,enterOrderID,1.0000
1354,paf,getEnterpriseByID,1.0000
1354,paf,getTransaction,1.0000
1354,paf,queryStockItem,1.0000
1354,ep,Persistence,1.0000
1354,ep,DataStore,1.0000
1354,ep,Enterprise,1.0000
1354,ep,Reporting,1.0000
1358,paf,getMeanTimeToDelivery,1.0000
1358,paf,getTransactionContext,1.0000
1358,paf,queryOrderById,1.0000
1358,paf,getEnterpriseByID,1.0000
1358,paf,getTransaction,1.0000
1358,paf,queryStockItem,1.0000
1358,ep,Persistence,1.0000
1358,ep,DataStore,1.0000
1358,ep,Enterprise,1.0000
1362,paf,createReport,1.0000
1362,paf,getMeanTimeToDeliveryReport,1.0000
1362,paf,getMeanTimeToDelivery,1.0000
1362,paf,getTransactionContext,1.0000
1362,paf,enterOrderID,1.0000
1362,paf,getEnterpriseByID,1.0000
1362,paf,queryStockItem,1.0000
1362,ep,Persistence,1.0000
1362,ep,DataStore,1.0000
1362,ep,Enterprise,1.0000
1362,ep,Reporting,1.0000
1366,paf,createReport,1.0000
1366,paf,getMeanTimeToDeliveryReport,1.0000
1366,paf,rollInReceivedOrder,1.0000
1366,paf,getTransactionContext,1.0000
1366,paf,queryOrderById,1.0000
1366,paf,enterOrderID,1.0000
1366,paf,getEnterpriseByID,1.0000
1366,paf,getTransaction,1.0000
1366,paf,queryStockItem,1.0000
1366,ep,Persistence,1.0000
1366,ep,DataStore,1.0000
1366,ep,Enterprise,1.0000
1366,ep,Reporting,1.0000
1368,paf,createReport,1.0000
1368,paf,getMeanTimeToDeliveryReport,1.0000
1368,paf,getMeanTimeToDelivery,1.0000
1368,paf,getTransactionContext,1.0000
1368,paf,queryOrderById,1.0000
1368,paf,enterOrderID,1.0000
1368,paf,getEnterpriseByID,1.0000
1368,paf,getTransaction,1.0000
1368,paf,queryStockItem,1.0000
1368,ep,Persistence,1.0000
1368,ep,DataStore,1.0000
1368,ep,Enterprise,1.0000
1368,ep,Reporting,1.0000
1372,paf,getMeanTimeToDeliveryReport,1.0000
1372,paf,getMeanTimeToDelivery,1.0000
1372,paf,getTransactionContext,1.0000
1372,paf,queryOrderById,1.0000
1372,paf,enterOrderID,1.0000
1372,paf,getEnterpriseByID,1.0000
1372,paf,getTransaction,1.0000
1372,paf,queryStockItem,1.0000
1372,ep,Persistence,1.0000
1372,ep,DataStore,1.0000
1372,ep,Enterprise,1.0000
1372,ep,Reporting,1.0000
1374,paf,createReport,1.0000
1374,paf,getTransactionContext,1.0000
1374,paf,queryOrderById,1.0000
1374,paf,enterOrderID,1.0000
1374,paf,getEnterpriseByID,1.0000
1374,paf,getTransaction,1.0000
1374,paf,queryStockItem,1.0000
1374,ep,Persistence,1.0000
1374,ep,DataStore,1.0000
1374,ep,Enterprise,1.0000
1378,paf,createReport,1.0000
1378,paf,getTransactionContext,1.0000
1378,paf,queryOrderById,1.0000
1378,paf,enterOrderID,1.0000
1378,paf,getEnterpriseByID,1.0000
1378,paf,getTransaction,1.0000
1378,paf,queryStockItem,1.0000
1378,ep,Persistence,1.0000
1378,ep,DataStore,1.0000
1378,ep,Enterprise,1.0000
1382,paf,createReport,1.0000
1382,paf,getMeanTimeToDeliveryReport,1.0000
1382,paf,getMeanTimeToDelivery,1.0000
1382,paf,getTransactionContext,1.0000
1382,paf,queryOrderById,1.0000
1382,paf,enterOrderID,1.0000
1382,paf,getEnterpriseByID,1.0000
1382,paf,getTransaction,1.0000
1382,paf,queryStockItem,1.0000
1382,ep,Persistence,1.0000
1382,ep,DataStore,1.0000
1382,ep,Enterprise,1.0000
1382,ep,Reporting,1.0000
1384,paf,getMeanTimeToDeliveryReport,1.0000
1384,paf,getMeanTimeToDelivery,1.0000
1384,paf,getTransactionContext,1.0000
1384,paf,queryOrderById,1.0000
1384,paf,getEnterpriseByID,1.0000
1384,paf,getTransaction,1.0000
1384,paf,queryStockItem,1.0000
1384,ep,Persistence,1.0000
1384,ep,DataStore,1.0000
1384,ep,Enterprise,1.0000
1384,ep,Reporting,1.0000
1386,paf,createReport,1.0000
1386,paf,getMeanTimeToDeliveryReport,1.0000
1386,paf,getMeanTimeToDelivery,1.0000
1386,paf,getTransactionContext,1.0000
1386,paf,queryOrderById,1.0000
1386,paf,enterOrderID,1.0000
1386,paf,getTransaction,1.0000
1386,ep,Persistence,1.0000
1386,ep,DataStore,1.0000
1386,ep,Enterprise,1.0000
1386,ep,Reporting,1.0000
1390,paf,getMeanTimeToDeliveryReport,1.0000
1390,paf,getMeanTimeToDelivery,1.0000
1390,paf,getTransactionContext,1.0000
1390,paf,queryOrderById,1.0000
1390,paf,enterOrderID,1.0000
1390,paf,getEnterpriseByID,1.0000
1390,paf,getTransaction,1.0000
1390,paf,queryStockItem,1.0000
1390,ep,Persistence,1.0000
1390,ep,DataStore,1.0000
1390,ep,Enterprise,1.0000
1390,ep,Reporting,1.0000
1394,paf,createReport,1.0000
1394,paf,getTransactionContext,1.0000
1394,paf,queryOrderById,1.0000
1394,paf,enterOrderID,1.0000
1394,paf,getEnterpriseByID,1.0000
1394,paf,getTransaction,1.0000
1394,paf,queryStockItem,1.0000
1394,ep,Persistence,1.0000
1394,ep,DataStore,1.0000
1394,ep,Enterprise,1.0000
1398,paf,createReport,1.0000
1398,paf,getTransactionContext,1.0000
1398,paf,queryOrderById,1.0000
1398,paf,enterOrderID,1.0000
1398,paf,getEnterpriseByID,1.0000
1398,paf,getTransaction,1.0000
1398,paf,queryStockItem,1.0000
1398,ep,Persistence,1.0000
1398,ep,DataStore,1.0000
1398,ep,Enterprise,1.0000
1402,paf,createReport,1.0000
1402,paf,getMeanTimeToDeliveryReport,0.9797
1402,paf,getMeanTimeToDelivery,0.9797
1402,paf,getTransactionContext,1.0000
1402,paf,queryOrderById,1.0000
1402,paf,enterOrderID,1.0000
1402,paf,getEnterpriseByID,1.0000
1402,paf,getTransaction,0.9797
1404,paf,createReport,1.0000
1404,paf,getMeanTimeToDeliveryReport,1.0000
1404,paf,getMeanTimeToDelivery,1.0000
1404,paf,enterOrderID,1.0000
1404,paf,getEnterpriseByID,1.0000
1404,paf,getTransaction,1.0000
1404,paf,queryStockItem,1.0000
1404,ep,Persistence,1.0000
1404,ep,DataStore,1.0000
1404,ep,Enterprise,1.0000
1404,ep,Reporting,1.0000
1408,paf,createReport,1.0000
1408,paf,getMeanTimeToDeliveryReport,1.0000
1408,paf,rollInReceivedOrder,1.0000
1408,paf,getMeanTimeToDelivery,1.0000
1408,paf,queryOrderById,1.0000
1408,paf,enterOrderID,1.0000
1408,paf,getEnterpriseByID,1.0000
1408,paf,getTransaction,1.0000
1408,paf,queryStockItem,1.0000
1408,ep,Persistence,1.0000
1408,ep,DataStore,1.0000
1408,ep,Enterprise,1.0000
1408,ep,Reporting,1.0000
1410,paf,createReport,1.0000
1410,paf,getMeanTimeToDeliveryReport,1.0000
1410,paf,getMeanTimeToDelivery,1.0000
1410,paf,getTransactionContext,1.0000
1410,paf,queryOrderById,1.0000
1410,paf,enterOrderID,1.0000
1410,paf,getTransaction,1.0000
1410,ep,Persistence,1.0000
1410,ep,DataStore,1.0000
1410,ep,Enterprise,1.0000
1410,ep,Reporting,1.0000
1414,paf,createReport,1.0000
1414,paf,getMeanTimeToDeliveryReport,1.0000
1414,paf,getMeanTimeToDelivery,1.0000
1414,paf,getTransactionContext,1.0000
1414,paf,queryOrderById,1.0000
1414,paf,enterOrderID,1.0000
1414,paf,getEnterpriseByID,1.0000
1414,paf,queryStockItem,1.0000
1414,ep,Persistence,1.0000
1414,ep,DataStore,1.0000
1414,ep,Enterprise,1.0000
1414,ep,Reporting,1.0000
1416,paf,createReport,1.0000
1416,paf,getMeanTimeToDeliveryReport,1.0000
1416,paf,getMeanTimeToDelivery,1.0000
1416,paf,getTransactionContext,1.0000
1416,paf,queryOrderById,1.0000
1416,paf,getEnterpriseByID,1.0000
1416,paf,getTransaction,1.0000
1416,ep,Persistence,1.0000
1416,ep,DataStore,1.0000
1416,ep,Enterprise,1.0000
1416,ep,Reporting,1.0000
1420,paf,createReport,1.0000
1420,paf,getMeanTimeToDeliveryReport,1.0000
1420,paf,getMeanTimeToDelivery,1.0000
1420,paf,getTransactionContext,1.0000
1420,paf,enterOrderID,1.0000
1420,paf,getEnterpriseByID,1.0000
1420,paf,getTransaction,1.0000
1420,paf,queryStockItem,1.0000
1420,ep,Persistence,1.0000
1420,ep,DataStore,1.0000
1420,ep,Enterprise,1.0000
1420,ep,Reporting,1.0000
1424,paf,createReport,1.0000
1424,paf,getMeanTimeToDeliveryReport,1.0000
1424,paf,getMeanTimeToDelivery,1.0000
1424,paf,getTransactionContext,1.0000
1424,paf,enterOrderID,1.0000
1424,paf,getEnterpriseByID,1.0000
1424,paf,getTransaction,1.0000
1424,paf,queryStockItem,1.0000
1424,ep,Persistence,1.0000
1424,ep,DataStore,1.0000
1424,ep,Enterprise,1.0000
1424,ep,Reporting,1.0000
1426,paf,createReport,1.0000
1426,paf,getTransactionContext,1.0000
1426,paf,queryOrderById,1.0000
1426,paf,enterOrderID,1.0000
1426,paf,getEnterpriseByID,1.0000
1426,paf,getTransaction,1.0000
1426,paf,queryStockItem,1.0000
1426,ep,Persistence,1.0000
1426,ep,DataStore,1.0000
1426,ep,Enterprise,1.0000
1430,paf,createReport,1.0000
1430,paf,getMeanTimeToDelivery,1.0000
1430,paf,getTransactionContext,1.0000
1430,paf,queryOrderById,1.0000
1430,paf,enterOrderID,1.0000
1430,paf,getEnterpriseByID,1.0000
1430,paf,getTransaction,1.0000
1430,paf,queryStockItem,1.0000
1430,ep,Persistence,1.0000
1430,ep,DataStore,1.0000
1430,ep,Enterprise,1.0000
1436,paf,createReport,1.0000
1436,paf,getMeanTimeToDeliveryReport,1.0000
1436,paf,getMeanTimeToDelivery,1.0000
1436,paf,getTransactionContext,1.0000
1436,paf,queryOrderById,1.0000
1436,paf,enterOrderID,1.0000
1436,paf,getEnterpriseByID,1.0000
1436,paf,getTransaction,1.0000
1436,paf,queryStockItem,1.0000
1436,ep,Persistence,1.0000
1436,ep,DataStore,1.0000
1436,ep,Enterprise,1.0000
1436,ep,Reporting,1.0000
1438,paf,createReport,1.0000
1438,paf,getMeanTimeToDeliveryReport,1.0000
1438,paf,rollInReceivedOrder,1.0000
1438,paf,getMeanTimeToDelivery,1.0000
1438,paf,queryOrderById,1.0000
1438,paf,enterOrderID,1.0000
1438,paf,getEnterpriseByID,1.0000
1438,paf,getTransaction,1.0000
1438,paf,queryStockItem,1.0000
1438,ep,Persistence,1.0000
1438,ep,DataStore,1.0000
1438,ep,Enterprise,1.0000
1438,ep,Reporting,1.0000
1442,paf,createReport,1.0000
1442,paf,getMeanTimeToDeliveryReport,1.0000
1442,paf,rollInReceivedOrder,1.0000
1442,paf,getMeanTimeToDelivery,1.0000
1442,paf,queryOrderById,1.0000
1442,paf,enterOrderID,1.0000
1442,paf,getEnterpriseByID,1.0000
1442,paf,getTransaction,1.0000
1442,paf,queryStockItem,1.0000
1442,ep,Persistence,1.0000
1442,ep,DataStore,1.0000
1442,ep,Enterprise,1.0000
1442,ep,Reporting,1.0000
1444,paf,getMeanTimeToDeliveryReport,1.0000
1444,paf,rollInReceivedOrder,1.0000
1444,paf,getMeanTimeToDelivery,1.0000
1444,paf,getTransactionContext,1.0000
1444,paf,queryOrderById,1.0000
1444,paf,getEnterpriseByID,1.0000
1444,paf,getTransaction,1.0000
1444,paf,queryStockItem,1.0000
1444,ep,Persistence,1.0000
1444,ep,DataStore,1.0000
1444,ep,Enterprise,1.0000
1444,ep,Reporting,1.0000
1448,paf,createReport,1.0000
1448,paf,getMeanTimeToDeliveryReport,1.0000
1448,paf,rollInReceivedOrder,1.0000
1448,paf,getMeanTimeToDelivery,1.0000
1448,paf,queryOrderById,1.0000
1448,paf,enterOrderID,1.0000
1448,paf,getEnterpriseByID,1.0000
1448,paf,getTransaction,1.0000
1448,paf,queryStockItem,1.0000
1448,ep,Persistence,1.0000
1448,ep,DataStore,1.0000
1448,ep,Enterprise,1.0000
1448,ep,Reporting,1.0000
1452,paf,createReport,1.0000
1452,paf,getTransactionContext,1.0000
1452,paf,queryOrderById,1.0000
1452,paf,enterOrderID,1.0000
1452,paf,getEnterpriseByID,1.0000
1452,paf,getTransaction,1.0000
1452,paf,queryStockItem,1.0000
1452,ep,Persistence,1.0000
1452,ep,DataStore,1.0000
1452,ep,Enterprise,1.0000
1456,paf,createReport,1.0000
1456,paf,getMeanTimeToDeliveryReport,1.0000
1456,paf,getMeanTimeToDelivery,1.0000
1456,paf,enterOrderID,1.0000
1456,paf,getEnterpriseByID,1.0000
1456,paf,getTransaction,1.0000
1456,paf,queryStockItem,1.0000
1456,ep,Persistence,1.0000
1456,ep,DataStore,1.0000
1456,ep,Enterprise,1.0000
1456,ep,Reporting,1.0000
1460,paf,createReport,1.0000
1460,paf,getMeanTimeToDeliveryReport,1.0000
1460,paf,getMeanTimeToDelivery,1.0000
1460,paf,getTransactionContext,1.0000
1460,paf,queryOrderById,1.0000
1460,paf,enterOrderID,1.0000
1460,paf,getEnterpriseByID,1.0000
1460,paf,getTransaction,1.0000
1460,paf,queryStockItem,1.0000
1460,ep,Persistence,1.0000
1460,ep,DataStore,1.0000
1460,ep,Enterprise,1.0000
1460,ep,Reporting,1.0000
1464,paf,getMeanTimeToDelivery,1.0000
1464,paf,getTransactionContext,1.0000
1464,paf,queryOrderById,1.0000
1464,paf,getEnterpriseByID,1.0000
1464,paf,getTransaction,1.0000
1464,paf,queryStockItem,1.0000
1464,ep,Persistence,1.0000
1464,ep,DataStore,1.0000
1464,ep,Enterprise,1.0000
1468,paf,createReport,1.0000
1468,paf,getMeanTimeToDeliveryReport,1.0000
1468,paf,getMeanTimeToDelivery,1.0000
1468,paf,getTransactionContext,1.0000
1468,paf,enterOrderID,1.0000
1468,paf,getEnterpriseByID,1.0000
1468,paf,getTransaction,1.0000
1468,paf,queryStockItem,1.0000
1468,ep,Persistence,1.0000
1468,ep,DataStore,1.0000
1468,ep,Enterprise,1.0000
1468,ep,Reporting,1.0000
1472,paf,createReport,1.0000
1472,paf,getTransactionContext,1.0000
1472,paf,queryOrderById,1.0000
1472,paf,enterOrderID,1.0000
1472,paf,getEnterpriseByID,1.0000
1472,paf,getTransaction,1.0000
1472,paf,queryStockItem,1.0000
1472,ep,Persistence,1.0000
1472,ep,DataStore,1.0000
1472,ep,Enterprise,1.0000
1478,paf,getMeanTimeToDeliveryReport,1.0000
1478,paf,rollInReceivedOrder,1.0000
1478,paf,getMeanTimeToDelivery,1.0000
1478,paf,getTransactionContext,1.0000
1478,paf,queryOrderById,1.0000
1478,paf,enterOrderID,1.0000
1478,paf,getEnterpriseByID,1.0000
1478,paf,getTransaction,1.0000
1478,paf,queryStockItem,1.0000
1478,ep,Persistence,1.0000
1478,ep,DataStore,1.0000
1478,ep,Enterprise,1.0000
1478,ep,Reporting,1.0000
1480,paf,getMeanTimeToDeliveryReport,1.0000
1480,paf,getMeanTimeToDelivery,1.0000
1480,paf,getTransactionContext,1.0000
1480,paf,queryOrderById,1.0000
1480,paf,enterOrderID,1.0000
1480,paf,getEnterpriseByID,1.0000
1480,paf,getTransaction,1.0000
1480,paf,queryStockItem,1.0000
1480,ep,Persistence,1.0000
1480,ep,DataStore,1.0000
1480,ep,Enterprise,1.0000
1480,ep,Reporting,1.0000
1484,paf,getMeanTimeToDeliveryReport,1.0000
1484,paf,getMeanTimeToDelivery,1.0000
1484,paf,getTransactionContext,1.0000
1484,paf,queryOrderById,1.0000
1484,paf,enterOrderID,1.0000
1484,paf,getEnterpriseByID,1.0000
1484,paf,getTransaction,1.0000
1484,paf,queryStockItem,1.0000
1484,ep,Persistence,1.0000
1484,ep,DataStore,1.0000
1484,ep,Enterprise,1.0000
1484,ep,Reporting,1.0000
1486,paf,createReport,1.0000
1486,paf,getMeanTimeToDeliveryReport,1.0000
1486,paf,getMeanTimeToDelivery,1.0000
1486,paf,getTransactionContext,1.0000
1486,paf,queryOrderById,1.0000
1486,paf,enterOrderID,1.0000
1486,paf,getEnterpriseByID,1.0000
1486,paf,getTransaction,1.0000
1486,paf,queryStockItem,1.0000
1486,ep,Persistence,1.0000
1486,ep,DataStore,1.0000
1486,ep,Reporting,1.0000
1490,paf,createReport,1.0000
1490,paf,getTransactionContext,1.0000
1490,paf,queryOrderById,1.0000
1490,paf,enterOrderID,1.0000
1490,paf,getEnterpriseByID,1.0000
1490,paf,getTransaction,1.0000
1490,paf,queryStockItem,1.0000
1490,ep,Persistence,1.0000
1490,ep,DataStore,1.0000
1490,ep,Enterprise,1.0000
1492,paf,getMeanTimeToDeliveryReport,1.0000
1492,paf,getMeanTimeToDelivery,1.0000
1492,paf,getTransactionContext,1.0000
1492,paf,queryOrderById,1.0000
1492,paf,enterOrderID,1.0000
1492,paf,getEnterpriseByID,1.0000
1492,paf,getTransaction,1.0000
1492,paf,queryStockItem,1.0000
1492,ep,Persistence,1.0000
1492,ep,DataStore,1.0000
1492,ep,Enterprise,1.0000
1492,ep,Reporting,1.0000
1496,paf,createReport,1.0000
1496,paf,getMeanTimeToDeliveryReport,1.0000
1496,paf,getMeanTimeToDelivery,1.0000
1496,paf,getTransactionContext,1.0000
1496,paf,enterOrderID,1.0000
1496,paf,getEnterpriseByID,1.0000
1496,paf,getTransaction,1.0000
1496,paf,queryStockItem,1.0000
1496,ep,Persistence,1.0000
1496,ep,DataStore,1.0000
1496,ep,Enterprise,1.0000
1496,ep,Reporting,1.0000
1502,paf,createReport,1.0000
1502,paf,getMeanTimeToDeliveryReport,1.0000
1502,paf,getMeanTimeToDelivery,1.0000
1502,paf,getTransactionContext,1.0000
1502,paf,queryOrderById,1.0000
1502,paf,getEnterpriseByID,1.0000
1502,paf,getTransaction,1.0000
1502,ep,Persistence,1.0000
1502,ep,DataStore,1.0000
1502,ep,Enterprise,1.0000
1502,ep,Reporting,1.0000
1504,paf,createReport,1.0000
1504,paf,getMeanTimeToDeliveryReport,0.9797
1504,paf,getMeanTimeToDelivery,0.9797
1504,paf,getTransactionContext,1.0000
1504,paf,queryOrderById,1.0000
1504,paf,enterOrderID,1.0000
1504,paf,getEnterpriseByID,1.0000
1504,paf,getTransaction,0.9797
1506,paf,getMeanTimeToDelivery,1.0000
1506,paf,getTransactionContext,1.0000
1506,paf,queryOrderById,1.0000
1506,paf,getEnterpriseByID,1.0000
1506,paf,getTransaction,1.0000
1506,paf,queryStockItem,1.0000
1506,ep,Persistence,1.0000
1506,ep,DataStore,1.0000
1506,ep,Enterprise,1.0000
1510,paf,createReport,1.0000
1510,paf,getMeanTimeToDeliveryReport,1.0000
1510,paf,getMeanTimeToDelivery,1.0000
1510,paf,getTransactionContext,1.0000
1510,paf,queryOrderById,1.0000
1510,paf,enterOrderID,1.0000
1510,paf,getEnterpriseByID,1.0000
1510,paf,getTransaction,1.0000
1510,paf,queryStockItem,1.0000
1510,ep,Persistence,1.0000
1510,ep,DataStore,1.0000
1510,ep,Reporting,1.0000
1516,paf,createReport,1.0000
1516,paf,getMeanTimeToDeliveryReport,1.0000
1516,paf,getMeanTimeToDelivery,1.0000
1516,paf,getTransactionContext,1.0000
1516,paf,queryOrderById,1.0000
1516,paf,enterOrderID,1.0000
1516,paf,getEnterpriseByID,1.0000
1516,paf,getTransaction,1.0000
1516,paf,queryStockItem,1.0000
1516,ep,Persistence,1.0000
1516,ep,DataStore,1.0000
1516,ep,Enterprise,1.0000
1516,ep,Reporting,1.0000
1518,paf,getMeanTimeToDelivery,1.0000
1518,paf,getTransactionContext,1.0000
1518,paf,queryOrderById,1.0000
1518,paf,getEnterpriseByID,1.0000
1518,paf,getTransaction,1.0000
1518,paf,queryStockItem,1.0000
1518,ep,Persistence,1.0000
1518,ep,DataStore,1.0000
1518,ep,Enterprise,1.0000
1520,paf,createReport,1.0000
1520,paf,getMeanTimeToDeliveryReport,1.0000
1520,paf,getMeanTimeToDelivery,1.0000
1520,paf,getTransactionContext,1.0000
1520,paf,queryOrderById,1.0000
1520,paf,enterOrderID,1.0000
1520,paf,getEnterpriseByID,1.0000
1520,paf,getTransaction,1.0000
1520,paf,queryStockItem,1.0000
1520,ep,DataStore,1.0000
1520,ep,Enterprise,1.0000
1520,ep,Reporting,1.0000
1524,paf,getMeanTimeToDeliveryReport,1.0000
1524,paf,rollInReceivedOrder,1.0000
1524,paf,getMeanTimeToDelivery,1.0000
1524,paf,getTransactionContext,1.0000
1524,paf,queryOrderById,1.0000
1524,paf,enterOrderID,1.0000
1524,paf,getEnterpriseByID,1.0000
1524,paf,getTransaction,1.0000
1524,paf,queryStockItem,1.0000
1524,ep,Persistence,1.0000
1524,ep,DataStore,1.0000
1524,ep,Enterprise,1.0000
1524,ep,Reporting,1.0000
1528,paf,createReport,1.0000
1528,paf,getMeanTimeToDelivery,1.0000
1528,paf,queryOrderById,1.0000
1528,paf,enterOrderID,1.0000
1528,paf,getEnterpriseByID,1.0000
1528,paf,getTransaction,1.0000
1528,paf,queryStockItem,1.0000
1528,ep,Persistence,1.0000
1528,ep,DataStore,1.0000
1528,ep,Enterprise,1.0000
1532,paf,createReport,1.0000
1532,paf,getMeanTimeToDeliveryReport,1.0000
1532,paf,getMeanTimeToDelivery,1.0000
1532,paf,getTransactionContext,1.0000
1532,paf,queryOrderById,1.0000
1532,paf,enterOrderID,1.0000
1532,paf,getEnterpriseByID,1.0000
1532,paf,getTransaction,1.0000
1532,paf,queryStockItem,1.0000
1532,ep,Persistence,1.0000
1532,ep,DataStore,1.0000
1532,ep,Enterprise,1.0000
1532,ep,Reporting,1.0000
1536,paf,createReport,1.0000
1536,paf,getMeanTimeToDelivery,1.0000
1536,paf,queryOrderById,1.0000
1536,paf,enterOrderID,1.0000
1536,paf,getEnterpriseByID,1.0000
1536,paf,getTransaction,1.0000
1536,paf,queryStockItem,1.0000
1536,ep,Persistence,1.0000
1536,ep,DataStore,1.0000
1536,ep,Enterprise,1.0000
1540,paf,rollInReceivedOrder,1.0000
1540,paf,getMeanTimeToDelivery,1.0000
1540,paf,queryOrderById,1.0000
1540,paf,enterOrderID,1.0000
1540,paf,getEnterpriseByID,1.0000
1540,paf,getTransaction,1.0000
1540,paf,queryStockItem,1.0000
1540,ep,Persistence,1.0000
1540,ep,DataStore,1.0000
1540,ep,Enterprise,1.0000
1544,paf,createReport,1.0000
1544,paf,getMeanTimeToDeliveryReport,1.0000
1544,paf,getMeanTimeToDelivery,1.0000
1544,paf,getTransactionContext,1.0000
1544,paf,enterOrderID,1.0000
1544,paf,getEnterpriseByID,1.0000
1544,paf,getTransaction,1.0000
1544,paf,queryStockItem,1.0000
1544,ep,Persistence,1.0000
1544,ep,DataStore,1.0000
1544,ep,Enterprise,1.0000
1544,ep,Reporting,1.0000
1548,paf,createReport,1.0000
1548,paf,getMeanTimeToDeliveryReport,1.0000
1548,paf,getMeanTimeToDelivery,1.0000
1548,paf,getTransactionContext,1.0000
1548,paf,enterOrderID,1.0000
1548,paf,getEnterpriseByID,1.0000
1548,paf,getTransaction,1.0000
1548,paf,queryStockItem,1.0000
1548,ep,Persistence,1.0000
1548,ep,DataStore,1.0000
1548,ep,Enterprise,1.0000
1548,ep,Reporting,1.0000
1552,paf,rollInReceivedOrder,1.0000
1552,paf,getMeanTimeToDelivery,1.0000
1552,paf,queryOrderById,1.0000
1552,paf,enterOrderID,1.0000
1552,paf,getEnterpriseByID,1.0000
1552,paf,getTransaction,1.0000
1552,paf,queryStockItem,1.0000
1552,ep,Persistence,1.0000
1552,ep,DataStore,1.0000
1552,ep,Enterprise,1.0000
1556,paf,rollInReceivedOrder,1.0000
1556,paf,getMeanTimeToDelivery,1.0000
1556,paf,queryOrderById,1.0000
1556,paf,enterOrderID,1.0000
1556,paf,getEnterpriseByID,1.0000
1556,paf,getTransaction,1.0000
1556,paf,queryStockItem,1.0000
1556,ep,Persistence,1.0000
1556,ep,DataStore,1.0000
1556,ep,Enterprise,1.0000
1560,paf,createReport,1.0000
1560,paf,getTransactionContext,1.0000
1560,paf,queryOrderById,1.0000
1560,paf,enterOrderID,1.0000
1560,paf,getEnterpriseByID,1.0000
1560,paf,getTransaction,1.0000
1560,paf,queryStockItem,1.0000
1560,ep,Persistence,1.0000
1560,ep,DataStore,1.0000
1560,ep,Enterprise,1.0000
1564,paf,createReport,1.0000
1564,paf,getMeanTimeToDeliveryReport,1.0000
1564,paf,getTransactionContext,1.0000
1564,paf,queryOrderById,1.0000
1564,paf,enterOrderID,1.0000
1564,paf,getEnterpriseByID,1.0000
1564,paf,getTransaction,1.0000
1564,paf,queryStockItem,1.0000
1564,ep,Persistence,1.0000
1564,ep,DataStore,1.0000
1564,ep,Enterprise,1.0000
1564,ep,Reporting,1.0000
1566,paf,createReport,1.0000
1566,paf,getTransactionContext,1.0000
1566,paf,queryOrderById,1.0000
1566,paf,enterOrderID,1.0000
1566,paf,getEnterpriseByID,1.0000
1566,paf,getTransaction,1.0000
1566,paf,queryStockItem,1.0000
1566,ep,Persistence,1.0000
1566,ep,DataStore,1.0000
1566,ep,Enterprise,1.0000
1568,paf,getMeanTimeToDeliveryReport,1.0000
1568,paf,rollInReceivedOrder,1.0000
1568,paf,getMeanTimeToDelivery,1.0000
1568,paf,getTransactionContext,1.0000
1568,paf,queryOrderById,1.0000
1568,paf,enterOrderID,1.0000
1568,paf,getEnterpriseByID,1.0000
1568,paf,getTransaction,1.0000
1568,paf,queryStockItem,1.0000
1568,ep,Persistence,1.0000
1568,ep,DataStore,1.0000
1568,ep,Enterprise,1.0000
1568,ep,Reporting,1.0000
1572,paf,rollInReceivedOrder,1.0000
1572,paf,getMeanTimeToDelivery,1.0000
1572,paf,queryOrderById,1.0000
1572,paf,enterOrderID,1.0000
1572,paf,getEnterpriseByID,1.0000
1572,paf,getTransaction,1.0000
1572,paf,queryStockItem,1.0000
1572,ep,Persistence,1.0000
1572,ep,DataStore,1.0000
1572,ep,Enterprise,1.0000
1576,paf,createReport,1.0000
1576,paf,getMeanTimeToDeliveryReport,0.9797
1576,paf,getMeanTimeToDelivery,0.9797
1576,paf,getTransactionContext,1.0000
1576,paf,queryOrderById,1.0000
1576,paf,enterOrderID,1.0000
1576,paf,getEnterpriseByID,1.0000
1576,paf,getTransaction,0.9797
1578,paf,createReport,1.0000
1578,paf,getMeanTimeToDeliveryReport,1.0000
1578,paf,getMeanTimeToDelivery,1.0000
1578,paf,getTransactionContext,1.0000
1578,paf,enterOrderID,1.0000
1578,paf,getEnterpriseByID,1.0000
1578,paf,getTransaction,1.0000
1578,paf,queryStockItem,1.0000
1578,ep,Persistence,1.0000
1578,ep,DataStore,1.0000
1578,ep,Enterprise,1.0000
1578,ep,Reporting,1.0000
1582,paf,createReport,1.0000
1582,paf,getMeanTimeToDeliveryReport,1.0000
1582,paf,getMeanTimeToDelivery,1.0000
1582,paf,getTransactionContext,1.0000
1582,paf,queryOrderById,1.0000
1582,paf,enterOrderID,1.0000
1582,paf,getEnterpriseByID,1.0000
1582,paf,getTransaction,1.0000
1582,paf,queryStockItem,1.0000
1582,ep,Persistence,1.0000
1582,ep,DataStore,1.0000
1582,ep,Enterprise,1.0000
1582,ep,Reporting,1.0000
1586,paf,createReport,1.0000
1586,paf,getMeanTimeToDeliveryReport,1.0000
1586,paf,getMeanTimeToDelivery,1.0000
1586,paf,getTransactionContext,1.0000
1586,paf,queryOrderById,1.0000
1586,paf,getEnterpriseByID,1.0000
1586,paf,getTransaction,1.0000
1586,ep,Persistence,1.0000
1586,ep,DataStore,1.0000
1586,ep,Enterprise,1.0000
1586,ep,Reporting,1.0000
1588,paf,getMeanTimeToDeliveryReport,1.0000
1588,paf,getMeanTimeToDelivery,1.0000
1588,paf,getTransactionContext,1.0000
1588,paf,queryOrderById,1.0000
1588,paf,enterOrderID,1.0000
1588,paf,getEnterpriseByID,1.0000
1588,paf,getTransaction,1.0000
1588,paf,queryStockItem,1.0000
1588,ep,Persistence,1.0000
1588,ep,DataStore,1.0000
1588,ep,Enterprise,1.0000
1588,ep,Reporting,1.0000
1592,paf,createReport,1.0000
1592,paf,getMeanTimeToDeliveryReport,1.0000
1592,paf,getMeanTimeToDelivery,1.0000
1592,paf,getTransactionContext,1.0000
1592,paf,queryOrderById,1.0000
1592,paf,enterOrderID,1.0000
1592,paf,getEnterpriseByID,1.0000
1592,paf,getTransaction,1.0000
1592,paf,queryStockItem,1.0000
1592,ep,Persistence,1.0000
1592,ep,DataStore,1.0000
1592,ep,Enterprise,1.0000
1592,ep,Reporting,1.0000
1596,paf,createReport,1.0000
1596,paf,getMeanTimeToDeliveryReport,1.0000
1596,paf,getMeanTimeToDelivery,1.0000
1596,paf,getTransactionContext,1.0000
1596,paf,queryOrderById,1.0000
1596,paf,enterOrderID,1.0000
1596,paf,getEnterpriseByID,1.0000
1596,paf,getTransaction,1.0000
1596,paf,queryStockItem,1.0000
1596,ep,Persistence,1.0000
1596,ep,DataStore,1.0000
1596,ep,Enterprise,1.0000
1596,ep,Reporting,1.0000
1600,paf,createReport,1.0000
1600,paf,getMeanTimeToDeliveryReport,1.0000
1600,paf,getMeanTimeToDelivery,1.0000
1600,paf,getTransactionContext,1.0000
1600,paf,enterOrderID,1.0000
1600,paf,getEnterpriseByID,1.0000
1600,paf,getTransaction,1.0000
1600,paf,queryStockItem,1.0000
1600,ep,Persistence,1.0000
1600,ep,DataStore,1.0000
1600,ep,Enterprise,1.0000
1600,ep,Reporting,1.0000
1604,paf,createReport,1.0000
1604,paf,getMeanTimeToDelivery,1.0000
1604,paf,queryOrderById,1.0000
1604,paf,enterOrderID,1.0000
1604,paf,getEnterpriseByID,1.0000
1604,paf,getTransaction,1.0000
1604,paf,queryStockItem,1.0000
1604,ep,Persistence,1.0000
1604,ep,DataStore,1.0000
1604,ep,Enterprise,1.0000
1608,paf,createReport,1.0000
1608,paf,getMeanTimeToDeliveryReport,1.0000
1608,paf,getMeanTimeToDelivery,1.0000
1608,paf,getTransactionContext,1.0000
1608,paf,queryOrderById,1.0000
1608,paf,enterOrderID,1.0000
1608,paf,getEnterpriseByID,1.0000
1608,paf,getTransaction,1.0000
1608,paf,queryStockItem,1.0000
1608,ep,Persistence,1.0000
1608,ep,DataStore,1.0000
1608,ep,Enterprise,1.0000
1608,ep,Reporting,1.0000
1612,paf,createReport,1.0000
1612,paf,getMeanTimeToDeliveryReport,1.0000
1612,paf,getTransactionContext,1.0000
1612,paf,queryOrderById,1.0000
1612,paf,enterOrderID,1.0000
1612,paf,getEnterpriseByID,1.0000
1612,paf,getTransaction,1.0000
1612,paf,queryStockItem,1.0000
1612,ep,Persistence,1.0000
1612,ep,DataStore,1.0000
1612,ep,Enterprise,1.0000
1612,ep,Reporting,1.0000
1616,paf,createReport,1.0000
1616,paf,getMeanTimeToDeliveryReport,1.0000
1616,paf,getMeanTimeToDelivery,1.0000
1616,paf,getTransactionContext,1.0000
1616,paf,queryOrderById,1.0000
1616,paf,enterOrderID,1.0000
1616,paf,getEnterpriseByID,1.0000
1616,paf,getTransaction,1.0000
1616,paf,queryStockItem,1.0000
1616,ep,Persistence,1.0000
1616,ep,DataStore,1.0000
1616,ep,Enterprise,1.0000
1616,ep,Reporting,1.0000
1620,paf,createReport,1.0000
1620,paf,getMeanTimeToDeliveryReport,0.9797
1620,paf,getMeanTimeToDelivery,0.9797
1620,paf,getTransactionContext,1.0000
1620,paf,queryOrderById,1.0000
1620,paf,enterOrderID,1.0000
1620,paf,getEnterpriseByID,1.0000
1620,paf,getTransaction,0.9797
1624,paf,rollInReceivedOrder,1.0000
1624,paf,getMeanTimeToDelivery,1.0000
1624,paf,queryOrderById,1.0000
1624,paf,enterOrderID,1.0000
1624,paf,getEnterpriseByID,1.0000
1624,paf,getTransaction,1.0000
1624,paf,queryStockItem,1.0000
1624,ep,Persistence,1.0000
1624,ep,DataStore,1.0000
1624,ep,Enterprise,1.0000
1626,paf,getMeanTimeToDeliveryReport,1.0000
1626,paf,getMeanTimeToDelivery,1.0000
1626,paf,getTransactionContext,1.0000
1626,paf,queryOrderById,1.0000
1626,paf,enterOrderID,1.0000
1626,paf,getEnterpriseByID,1.0000
1626,paf,getTransaction,1.0000
1626,paf,queryStockItem,1.0000
1626,ep,Persistence,1.0000
1626,ep,DataStore,1.0000
1626,ep,Enterprise,1.0000
1626,ep,Reporting,1.0000
1630,paf,createReport,1.0000
1630,paf,getMeanTimeToDeliveryReport,1.0000
1630,paf,getMeanTimeToDelivery,1.0000
1630,paf,getTransactionContext,1.0000
1630,paf,enterOrderID,1.0000
1630,paf,getEnterpriseByID,1.0000
1630,paf,getTransaction,1.0000
1630,paf,queryStockItem,1.0000
1630,ep,Persistence,1.0000
1630,ep,DataStore,1.0000
1630,ep,Enterprise,1.0000
1630,ep,Reporting,1.0000
1634,paf,createReport,1.0000
1634,paf,getMeanTimeToDeliveryReport,1.0000
1634,paf,getMeanTimeToDelivery,1.0000
1634,paf,getTransactionContext,1.0000
1634,paf,queryOrderById,1.0000
1634,paf,enterOrderID,1.0000
1634,paf,getEnterpriseByID,1.0000
1634,paf,getTransaction,1.0000
1634,paf,queryStockItem,1.0000
1634,ep,Persistence,1.0000
1634,ep,DataStore,1.0000
1634,ep,Enterprise,1.0000
1634,ep,Reporting,1.0000
1638,paf,getMeanTimeToDeliveryReport,1.0000
1638,paf,rollInReceivedOrder,1.0000
1638,paf,getMeanTimeToDelivery,1.0000
1638,paf,getTransactionContext,1.0000
1638,paf,queryOrderById,1.0000
1638,paf,enterOrderID,1.0000
1638,paf,getEnterpriseByID,1.0000
1638,paf,getTransaction,1.0000
1638,paf,queryStockItem,1.0000
1638,ep,Persistence,1.0000
1638,ep,DataStore,1.0000
1638,ep,Enterprise,1.0000
1638,ep,Reporting,1.0000
1642,paf,createReport,1.0000
1642,paf,getTransactionContext,1.0000
1642,paf,queryOrderById,1.0000
1642,paf,enterOrderID,1.0000
1642,paf,getEnterpriseByID,1.0000
1642,paf,getTransaction,1.0000
1642,paf,queryStockItem,1.0000
1642,ep,Persistence,1.0000
1642,ep,DataStore,1.0000
1642,ep,Enterprise,1.0000
1646,paf,createReport,1.0000
1646,paf,getMeanTimeToDeliveryReport,1.0000
1646,paf,getMeanTimeToDelivery,1.0000
1646,paf,getTransactionContext,1.0000
1646,paf,queryOrderById,1.0000
1646,paf,enterOrderID,1.0000
1646,paf,getEnterpriseByID,1.0000
1646,paf,getTransaction,1.0000
1646,paf,queryStockItem,1.0000
1646,ep,Persistence,1.0000
1646,ep,DataStore,1.0000
1646,ep,Enterprise,1.0000
1646,ep,Reporting,1.0000
1650,paf,getMeanTimeToDeliveryReport,1.0000
1650,paf,getMeanTimeToDelivery,1.0000
1650,paf,getTransactionContext,1.0000
1650,paf,queryOrderById,1.0000
1650,paf,enterOrderID,1.0000
1650,paf,getEnterpriseByID,1.0000
1650,paf,getTransaction,1.0000
1650,paf,queryStockItem,1.0000
1650,ep,Persistence,1.0000
1650,ep,DataStore,1.0000
1650,ep,Enterprise,1.0000
1650,ep,Reporting,1.0000
1654,paf,createReport,1.0000
1654,paf,getMeanTimeToDeliveryReport,1.0000
1654,paf,getMeanTimeToDelivery,1.0000
1654,paf,getTransactionContext,1.0000
1654,paf,queryOrderById,1.0000
1654,paf,enterOrderID,1.0000
1654,paf,getEnterpriseByID,1.0000
1654,paf,getTransaction,1.0000
1654,paf,queryStockItem,1.0000
1654,ep,Persistence,1.0000
1654,ep,DataStore,1.0000
1654,ep,Enterprise,1.0000
1654,ep,Reporting,1.0000
1658,paf,createReport,1.0000
1658,paf,getMeanTimeToDeliveryReport,1.0000
1658,paf,getMeanTimeToDelivery,1.0000
1658,paf,getTransactionContext,1.0000
1658,paf,queryOrderById,1.0000
1658,paf,enterOrderID,1.0000
1658,paf,getEnterpriseByID,1.0000
1658,paf,getTransaction,1.0000
1658,paf,queryStockItem,1.0000
1658,ep,Persistence,1.0000
1658,ep,DataStore,1.0000
1658,ep,Enterprise,1.0000
1658,ep,Reporting,1.0000
1662,paf,getMeanTimeToDelivery,1.0000
1662,paf,getTransactionContext,1.0000
1662,paf,queryOrderById,1.0000
1662,paf,getEnterpriseByID,1.0000
1662,paf,getTransaction,1.0000
1662,paf,queryStockItem,1.0000
1662,ep,Persistence,1.0000
1662,ep,DataStore,1.0000
1662,ep,Enterprise,1.0000
1666,paf,rollInReceivedOrder,1.0000
1666,paf,getMeanTimeToDelivery,1.0000
1666,paf,queryOrderById,1.0000
1666,paf,enterOrderID,1.0000
1666,paf,getEnterpriseByID,1.0000
1666,paf,getTransaction,1.0000
1666,paf,queryStockItem,1.0000
1666,ep,Persistence,1.0000
1666,ep,DataStore,1.0000
1666,ep,Enterprise,1.0000
1670,paf,createReport,1.0000
1670,paf,getTransactionContext,1.0000
1670,paf,queryOrderById,1.0000
1670,paf,enterOrderID,1.0000
1670,paf,getEnterpriseByID,1.0000
1670,paf,getTransaction,1.0000
1670,paf,queryStockItem,1.0000
1670,ep,Persistence,1.0000
1670,ep,DataStore,1.0000
1670,ep,Enterprise,1.0000
1674,paf,getMeanTimeToDeliveryReport,1.0000
1674,paf,rollInReceivedOrder,1.0000
1674,paf,getMeanTimeToDelivery,1.0000
1674,paf,getTransactionContext,1.0000
1674,paf,queryOrderById,1.0000
1674,paf,enterOrderID,1.0000
1674,paf,getEnterpriseByID,1.0000
1674,paf,getTransaction,1.0000
1674,paf,queryStockItem,1.0000
1674,ep,Persistence,1.0000
1674,ep,DataStore,1.0000
1674,ep,Enterprise,1.0000
1674,ep,Reporting,1.0000
1676,paf,createReport,1.0000
1676,paf,getMeanTimeToDeliveryReport,1.0000
1676,paf,getMeanTimeToDelivery,1.0000
1676,paf,getTransactionContext,1.0000
1676,paf,queryOrderById,1.0000
1676,paf,enterOrderID,1.0000
1676,paf,getEnterpriseByID,1.0000
1676,paf,getTransaction,1.0000
1676,paf,queryStockItem,1.0000
1676,ep,Persistence,1.0000
1676,ep,DataStore,1.0000
1676,ep,Enterprise,1.0000
1676,ep,Reporting,1.0000
1680,paf,createReport,1.0000
1680,paf,getMeanTimeToDeliveryReport,1.0000
1680,paf,getMeanTimeToDelivery,1.0000
1680,paf,getTransactionContext,1.0000
1680,paf,queryOrderById,1.0000
1680,paf,enterOrderID,1.0000
1680,paf,getEnterpriseByID,1.0000
1680,paf,getTransaction,1.0000
1680,paf,queryStockItem,1.0000
1680,ep,Persistence,1.0000
1680,ep,DataStore,1.0000
1680,ep,Enterprise,1.0000
1680,ep,Reporting,1.0000
1684,paf,getMeanTimeToDeliveryReport,1.0000
1684,paf,rollInReceivedOrder,1.0000
1684,paf,getMeanTimeToDelivery,1.0000
1684,paf,getTransactionContext,1.0000
1684,paf,queryOrderById,1.0000
1684,paf,enterOrderID,1.0000
1684,paf,getEnterpriseByID,1.0000
1684,paf,getTransaction,1.0000
1684,paf,queryStockItem,1.0000
1684,ep,Persistence,1.0000
1684,ep,DataStore,1.0000
1684,ep,Enterprise,1.0000
1684,ep,Reporting,1.0000
1688,paf,createReport,1.0000
1688,paf,getTransactionContext,1.0000
1688,paf,queryOrderById,1.0000
1688,paf,enterOrderID,1.0000
1688,paf,getEnterpriseByID,1.0000
1688,paf,getTransaction,1.0000
1688,paf,queryStockItem,1.0000
1688,ep,Persistence,1.0000
1688,ep,DataStore,1.0000
1688,ep,Enterprise,1.0000
1690,paf,getMeanTimeToDelivery,1.0000
1690,paf,getTransactionContext,1.0000
1690,paf,queryOrderById,1.0000
1690,paf,getEnterpriseByID,1.0000
1690,paf,getTransaction,1.0000
1690,paf,queryStockItem,1.0000
1690,ep,Persistence,1.0000
1690,ep,DataStore,1.0000
1690,ep,Enterprise,1.0000
1694,paf,createReport,1.0000
1694,paf,getMeanTimeToDeliveryReport,0.9797
1694,paf,getMeanTimeToDelivery,0.9797
1694,paf,getTransactionContext,1.0000
1694,paf,queryOrderById,1.0000
1694,paf,enterOrderID,1.0000
1694,paf,getEnterpriseByID,1.0000
1694,paf,getTransaction,0.9797
1698,paf,createReport,1.0000
1698,paf,getMeanTimeToDeliveryReport,1.0000
1698,paf,getMeanTimeToDelivery,1.0000
1698,paf,getTransactionContext,1.0000
1698,paf,queryOrderById,1.0000
1698,paf,enterOrderID,1.0000
1698,paf,getEnterpriseByID,1.0000
1698,paf,getTransaction,1.0000
1698,paf,queryStockItem,1.0000
1698,ep,Persistence,1.0000
1698,ep,DataStore,1.0000
1698,ep,Enterprise,1.0000
1698,ep,Reporting,1.0000
1702,paf,createReport,1.0000
1702,paf,getMeanTimeToDelivery,1.0000
1702,paf,queryOrderById,1.0000
1702,paf,enterOrderID,1.0000
1702,paf,getEnterpriseByID,1.0000
1702,paf,getTransaction,1.0000
1702,paf,queryStockItem,1.0000
1702,ep,Persistence,1.0000
1702,ep,DataStore,1.0000
1702,ep,Enterprise,1.0000
1704,paf,createReport,1.0000
1704,paf,getMeanTimeToDeliveryReport,1.0000
1704,paf,getMeanTimeToDelivery,1.0000
1704,paf,getTransactionContext,1.0000
1704,paf,queryOrderById,1.0000
1704,paf,enterOrderID,1.0000
1704,paf,getEnterpriseByID,1.0000
1704,paf,getTransaction,1.0000
1704,paf,queryStockItem,1.0000
1704,ep,Persistence,1.0000
1704,ep,Enterprise,1.0000
1704,ep,Reporting,1.0000
1708,paf,rollInReceivedOrder,1.0000
1708,paf,getMeanTimeToDelivery,1.0000
1708,paf,queryOrderById,1.0000
1708,paf,enterOrderID,1.0000
1708,paf,getEnterpriseByID,1.0000
1708,paf,getTransaction,1.0000
1708,paf,queryStockItem,1.0000
1708,ep,Persistence,1.0000
1708,ep,DataStore,1.0000
1708,ep,Enterprise,1.0000
1712,paf,createReport,1.0000
1712,paf,getMeanTimeToDeliveryReport,1.0000
1712,paf,getMeanTimeToDelivery,1.0000
1712,paf,getTransactionContext,1.0000
1712,paf,queryOrderById,1.0000
1712,paf,enterOrderID,1.0000
1712,paf,getEnterpriseByID,1.0000
1712,paf,getTransaction,1.0000
1712,paf,queryStockItem,1.0000
1712,ep,Persistence,1.0000
1712,ep,DataStore,1.0000
1712,ep,Enterprise,1.0000
1712,ep,Reporting,1.0000
1716,paf,createReport,1.0000
1716,paf,getTransactionContext,1.0000
1716,paf,queryOrderById,1.0000
1716,paf,enterOrderID,1.0000
1716,paf,getEnterpriseByID,1.0000
1716,paf,getTransaction,1.0000
1716,paf,queryStockItem,1.0000
1716,ep,Persistence,1.0000
1716,ep,DataStore,1.0000
1716,ep,Enterprise,1.0000
1720,paf,getMeanTimeToDeliveryReport,1.0000
1720,paf,rollInReceivedOrder,1.0000
1720,paf,getTransactionContext,1.0000
1720,paf,queryOrderById,1.0000
1720,paf,enterOrderID,1.0000
1720,paf,getEnterpriseByID,1.0000
1720,paf,getTransaction,1.0000
1720,paf,queryStockItem,1.0000
1720,ep,Persistence,1.0000
1720,ep,DataStore,1.0000
1720,ep,Enterprise,1.0000
1720,ep,Reporting,1.0000
1724,paf,createReport,1.0000
1724,paf,getMeanTimeToDeliveryReport,1.0000
1724,paf,getMeanTimeToDelivery,1.0000
1724,paf,getTransactionContext,1.0000
1724,paf,enterOrderID,1.0000
1724,paf,getEnterpriseByID,1.0000
1724,paf,getTransaction,1.0000
1724,paf,queryStockItem,1.0000
1724,ep,Persistence,1.0000
1724,ep,DataStore,1.0000
1724,ep,Enterprise,1.0000
1724,ep,Reporting,1.0000
1728,paf,getMeanTimeToDeliveryReport,1.0000
1728,paf,rollInReceivedOrder,1.0000
1728,paf,getTransactionContext,1.0000
1728,paf,queryOrderById,1.0000
1728,paf,enterOrderID,1.0000
1728,paf,getEnterpriseByID,1.0000
1728,paf,getTransaction,1.0000
1728,paf,queryStockItem,1.0000
1728,ep,Persistence,1.0000
1728,ep,DataStore,1.0000
1728,ep,Enterprise,1.0000
1728,ep,Reporting,1.0000
1732,paf,createReport,1.0000
1732,paf,getMeanTimeToDeliveryReport,1.0000
1732,paf,getTransactionContext,1.0000
1732,paf,queryOrderById,1.0000
1732,paf,enterOrderID,1.0000
1732,paf,getEnterpriseByID,1.0000
1732,paf,getTransaction,1.0000
1732,paf,queryStockItem,1.0000
1732,ep,Persistence,1.0000
1732,ep,DataStore,1.0000
1732,ep,Enterprise,1.0000
1732,ep,Reporting,1.0000
1736,paf,createReport,1.0000
1736,paf,getMeanTimeToDeliveryReport,1.0000
1736,paf,rollInReceivedOrder,1.0000
1736,paf,getMeanTimeToDelivery,1.0000
1736,paf,getTransactionContext,1.0000
1736,paf,queryOrderById,1.0000
1736,paf,enterOrderID,1.0000
1736,paf,getEnterpriseByID,1.0000
1736,paf,getTransaction,1.0000
1736,paf,queryStockItem,1.0000
1736,ep,Persistence,1.0000
1736,ep,DataStore,1.0000
1736,ep,Enterprise,1.0000
1736,ep,Reporting,1.0000
1740,paf,rollInReceivedOrder,1.0000
1740,paf,getMeanTimeToDelivery,1.0000
1740,paf,queryOrderById,1.0000
1740,paf,enterOrderID,1.0000
1740,paf,getEnterpriseByID,1.0000
1740,paf,getTransaction,1.0000
1740,paf,queryStockItem,1.0000
1740,ep,Persistence,1.0000
1740,ep,DataStore,1.0000
1740,ep,Enterprise,1.0000
1742,paf,createReport,1.0000
1742,paf,getMeanTimeToDeliveryReport,1.0000
1742,paf,rollInReceivedOrder,1.0000
1742,paf,getMeanTimeToDelivery,1.0000
1742,paf,getTransactionContext,0.9945
1742,paf,queryOrderById,0.9945
1742,paf,enterOrderID,1.0000
1742,paf,getEnterpriseByID,1.0000
1742,paf,getTransaction,1.0000
1746,paf,createReport,1.0000
1746,paf,getMeanTimeToDeliveryReport,1.0000
1746,paf,getMeanTimeToDelivery,1.0000
1746,paf,getTransactionContext,1.0000
1746,paf,queryOrderById,1.0000
1746,paf,enterOrderID,1.0000
1746,paf,getEnterpriseByID,1.0000
1746,paf,getTransaction,1.0000
1746,paf,queryStockItem,1.0000
1746,ep,Persistence,1.0000
1746,ep,DataStore,1.0000
1746,ep,Enterprise,1.0000
1746,ep,Reporting,1.0000
1750,paf,createReport,1.0000
1750,paf,getMeanTimeToDeliveryReport,0.9797
1750,paf,getMeanTimeToDelivery,0.9797
1750,paf,getTransactionContext,1.0000
1750,paf,queryOrderById,1.0000
1750,paf,enterOrderID,1.0000
1750,paf,getEnterpriseByID,1.0000
1750,paf,getTransaction,0.9797
1754,paf,getMeanTimeToDeliveryReport,1.0000
1754,paf,rollInReceivedOrder,1.0000
1754,paf,getTransactionContext,1.0000
1754,paf,queryOrderById,1.0000
1754,paf,enterOrderID,1.0000
1754,paf,getEnterpriseByID,1.0000
1754,paf,getTransaction,1.0000
1754,paf,queryStockItem,1.0000
1754,ep,Persistence,1.0000
1754,ep,DataStore,1.0000
1754,ep,Enterprise,1.0000
1754,ep,Reporting,1.0000
1758,paf,createReport,1.0000
1758,paf,getMeanTimeToDeliveryReport,1.0000
1758,paf,getMeanTimeToDelivery,1.0000
1758,paf,getTransactionContext,1.0000
1758,paf,queryOrderById,1.0000
1758,paf,enterOrderID,1.0000
1758,paf,getEnterpriseByID,1.0000
1758,paf,getTransaction,1.0000
1758,paf,queryStockItem,1.0000
1758,ep,Persistence,1.0000
1758,ep,DataStore,1.0000
1758,ep,Enterprise,1.0000
1758,ep,Reporting,1.0000
1762,paf,createReport,1.0000
1762,paf,getMeanTimeToDeliveryReport,1.0000
1762,paf,rollInReceivedOrder,1.0000
1762,paf,getTransactionContext,1.0000
1762,paf,queryOrderById,1.0000
1762,paf,enterOrderID,1.0000
1762,paf,getEnterpriseByID,1.0000
1762,paf,getTransaction,1.0000
1762,paf,queryStockItem,1.0000
1762,ep,Persistence,1.0000
1762,ep,DataStore,1.0000
1762,ep,Enterprise,1.0000
1762,ep,Reporting,1.0000
1766,paf,createReport,1.0000
1766,paf,getMeanTimeToDeliveryReport,1.0000
1766,paf,rollInReceivedOrder,1.0000
1766,paf,getTransactionContext,1.0000
1766,paf,queryOrderById,1.0000
1766,paf,enterOrderID,1.0000
1766,paf,getEnterpriseByID,1.0000
1766,paf,getTransaction,1.0000
1766,paf,queryStockItem,1.0000
1766,ep,Persistence,1.0000
1766,ep,DataStore,1.0000
1766,ep,Enterprise,1.0000
1766,ep,Reporting,1.0000
1768,paf,getMeanTimeToDeliveryReport,1.0000
1768,paf,rollInReceivedOrder,1.0000
1768,paf,getMeanTimeToDelivery,1.0000
1768,paf,getTransactionContext,1.0000
1768,paf,queryOrderById,1.0000
1768,paf,enterOrderID,1.0000
1768,paf,getEnterpriseByID,1.0000
1768,paf,getTransaction,1.0000
1768,paf,queryStockItem,1.0000
1768,ep,Persistence,1.0000
1768,ep,DataStore,1.0000
1768,ep,Enterprise,1.0000
1768,ep,Reporting,1.0000
1770,paf,createReport,1.0000
1770,paf,getMeanTimeToDeliveryReport,1.0000
1770,paf,getMeanTimeToDelivery,1.0000
1770,paf,getTransactionContext,1.0000
1770,paf,queryOrderById,1.0000
1770,paf,enterOrderID,1.0000
1770,paf,getEnterpriseByID,1.0000
1770,paf,getTransaction,1.0000
1770,paf,queryStockItem,1.0000
1770,ep,Persistence,1.0000
1770,ep,DataStore,1.0000
1770,ep,Enterprise,1.0000
1770,ep,Reporting,1.0000
1772,paf,getMeanTimeToDeliveryReport,1.0000
1772,paf,rollInReceivedOrder,1.0000
1772,paf,getMeanTimeToDelivery,1.0000
1772,paf,getTransactionContext,1.0000
1772,paf,queryOrderById,1.0000
1772,paf,enterOrderID,1.0000
1772,paf,getEnterpriseByID,1.0000
1772,paf,getTransaction,1.0000
1772,paf,queryStockItem,1.0000
1772,ep,Persistence,1.0000
1772,ep,DataStore,1.0000
1772,ep,Enterprise,1.0000
1772,ep,Reporting,1.0000
1776,paf,createReport,1.0000
1776,paf,getMeanTimeToDeliveryReport,1.0000
1776,paf,getMeanTimeToDelivery,1.0000
1776,paf,getTransactionContext,1.0000
1776,paf,queryOrderById,1.0000
1776,paf,enterOrderID,1.0000
1776,paf,getEnterpriseByID,1.0000
1776,paf,getTransaction,1.0000
1776,paf,queryStockItem,1.0000
1776,ep,Persistence,1.0000
1776,ep,DataStore,1.0000
1776,ep,Enterprise,1.0000
1776,ep,Reporting,1.0000
1778,paf,createReport,1.0000
1778,paf,getMeanTimeToDeliveryReport,1.0000
1778,paf,getMeanTimeToDelivery,1.0000
1778,paf,getTransactionContext,1.0000
1778,paf,queryOrderById,1.0000
1778,paf,enterOrderID,1.0000
1778,paf,getEnterpriseByID,1.0000
1778,paf,getTransaction,1.0000
1778,paf,queryStockItem,1.0000
1778,ep,Persistence,1.0000
1778,ep,DataStore,1.0000
1778,ep,Enterprise,1.0000
1778,ep,Reporting,1.0000
1782,paf,createReport,1.0000
1782,paf,getMeanTimeToDelivery,1.0000
1782,paf,getTransactionContext,1.0000
1782,paf,queryOrderById,1.0000
1782,paf,enterOrderID,1.0000
1782,paf,getEnterpriseByID,1.0000
1782,paf,getTransaction,1.0000
1782,paf,queryStockItem,1.0000
1782,ep,Persistence,1.0000
1782,ep,DataStore,1.0000
1782,ep,Enterprise,1.0000
1782,ep,Reporting,1.0000
1784,paf,getMeanTimeToDeliveryReport,1.0000
1784,paf,getMeanTimeToDelivery,1.0000
1784,paf,getTransactionContext,1.0000
1784,paf,queryOrderById,1.0000
1784,paf,enterOrderID,1.0000
1784,paf,getEnterpriseByID,1.0000
1784,paf,getTransaction,1.0000
1784,paf,queryStockItem,1.0000
1784,ep,Persistence,1.0000
1784,ep,DataStore,1.0000
1784,ep,Enterprise,1.0000
1784,ep,Reporting,1.0000
1786,paf,getMeanTimeToDeliveryReport,1.0000
1786,paf,rollInReceivedOrder,1.0000
1786,paf,getTransactionContext,1.0000
1786,paf,queryOrderById,1.0000
1786,paf,enterOrderID,1.0000
1786,paf,getEnterpriseByID,1.0000
1786,paf,getTransaction,1.0000
1786,paf,queryStockItem,1.0000
1786,ep,Persistence,1.0000
1786,ep,DataStore,1.0000
1786,ep,Enterprise,1.0000
1786,ep,Reporting,1.0000
1790,paf,getMeanTimeToDeliveryReport,1.0000
1790,paf,rollInReceivedOrder,1.0000
1790,paf,getMeanTimeToDelivery,1.0000
1790,paf,getTransactionContext,1.0000
1790,paf,queryOrderById,1.0000
1790,paf,enterOrderID,1.0000
1790,paf,getEnterpriseByID,1.0000
1790,paf,getTransaction,1.0000
1790,paf,queryStockItem,1.0000
1790,ep,Persistence,1.0000
1790,ep,DataStore,1.0000
1790,ep,Enterprise,1.0000
1790,ep,Reporting,1.0000
1794,paf,createReport,1.0000
1794,paf,getMeanTimeToDeliveryReport,1.0000
1794,paf,getMeanTimeToDelivery,1.0000
1794,paf,getTransactionContext,1.0000
1794,paf,enterOrderID,1.0000
1794,paf,getEnterpriseByID,1.0000
1794,paf,getTransaction,1.0000
1794,paf,queryStockItem,1.0000
1794,ep,Persistence,1.0000
1794,ep,DataStore,1.0000
1794,ep,Enterprise,1.0000
1794,ep,Reporting,1.0000
1798,paf,createReport,1.0000
1798,paf,getMeanTimeToDeliveryReport,1.0000
1798,paf,getMeanTimeToDelivery,1.0000
1798,paf,getTransactionContext,1.0000
1798,paf,enterOrderID,1.0000
1798,paf,getEnterpriseByID,1.0000
1798,paf,getTransaction,1.0000
1798,paf,queryStockItem,1.0000
1798,ep,Persistence,1.0000
1798,ep,DataStore,1.0000
1798,ep,Enterprise,1.0000
1798,ep,Reporting,1.0000
1804,paf,createReport,1.0000
1804,paf,getMeanTimeToDeliveryReport,1.0000
1804,paf,rollInReceivedOrder,1.0000
1804,paf,getMeanTimeToDelivery,1.0000
1804,paf,getTransactionContext,1.0000
1804,paf,queryOrderById,1.0000
1804,paf,enterOrderID,1.0000
1804,paf,getEnterpriseByID,1.0000
1804,paf,getTransaction,1.0000
1804,paf,queryStockItem,1.0000
1804,ep,Persistence,1.0000
1804,ep,DataStore,1.0000
1804,ep,Enterprise,1.0000
1804,ep,Reporting,1.0000
1806,paf,createReport,1.0000
1806,paf,getMeanTimeToDeliveryReport,1.0000
1806,paf,getTransactionContext,1.0000
1806,paf,queryOrderById,1.0000
1806,paf,enterOrderID,1.0000
1806,paf,getEnterpriseByID,1.0000
1806,paf,getTransaction,1.0000
1806,paf,queryStockItem,1.0000
1806,ep,Persistence,1.0000
1806,ep,DataStore,1.0000
1806,ep,Enterprise,1.0000
1806,ep,Reporting,1.0000
1810,paf,createReport,1.0000
1810,paf,getMeanTimeToDeliveryReport,1.0000
1810,paf,getMeanTimeToDelivery,1.0000
1810,paf,getTransactionContext,1.0000
1810,paf,enterOrderID,1.0000
1810,paf,getEnterpriseByID,1.0000
1810,paf,getTransaction,1.0000
1810,paf,queryStockItem,1.0000
1810,ep,Persistence,1.0000
1810,ep,DataStore,1.0000
1810,ep,Enterprise,1.0000
1810,ep,Reporting,1.0000
1814,paf,createReport,1.0000
1814,paf,getMeanTimeToDeliveryReport,1.0000
1814,paf,getMeanTimeToDelivery,1.0000
1814,paf,getTransactionContext,1.0000
1814,paf,enterOrderID,1.0000
1814,paf,getEnterpriseByID,1.0000
1814,paf,getTransaction,1.0000
1814,paf,queryStockItem,1.0000
1814,ep,Persistence,1.0000
1814,ep,DataStore,1.0000
1814,ep,Enterprise,1.0000
1814,ep,Reporting,1.0000
1818,paf,createReport,1.0000
1818,paf,getMeanTimeToDeliveryReport,1.0000
1818,paf,getMeanTimeToDelivery,1.0000
1818,paf,enterOrderID,1.0000
1818,paf,getEnterpriseByID,1.0000
1818,paf,getTransaction,1.0000
1822,paf,getMeanTimeToDelivery,1.0000
1822,paf,getTransactionContext,1.0000
1822,paf,queryOrderById,1.0000
1822,paf,getEnterpriseByID,1.0000
1822,paf,getTransaction,1.0000
1822,paf,queryStockItem,1.0000
1822,ep,Persistence,1.0000
1822,ep,DataStore,1.0000
1822,ep,Enterprise,1.0000
1826,paf,getMeanTimeToDeliveryReport,1.0000
1826,paf,rollInReceivedOrder,1.0000
1826,paf,getTransactionContext,1.0000
1826,paf,queryOrderById,1.0000
1826,paf,enterOrderID,1.0000
1826,paf,getEnterpriseByID,1.0000
1826,paf,getTransaction,1.0000
1826,paf,queryStockItem,1.0000
1826,ep,Persistence,1.0000
1826,ep,DataStore,1.0000
1826,ep,Enterprise,1.0000
1826,ep,Reporting,1.0000
1828,paf,createReport,1.0000
1828,paf,getMeanTimeToDelivery,1.0000
1828,paf,queryOrderById,1.0000
1828,paf,enterOrderID,1.0000
1828,paf,getEnterpriseByID,1.0000
1828,paf,getTransaction,1.0000
1828,paf,queryStockItem,1.0000
1828,ep,Persistence,1.0000
1828,ep,DataStore,1.0000
1828,ep,Enterprise,1.0000
1834,paf,createReport,1.0000
1834,paf,getMeanTimeToDeliveryReport,1.0000
1834,paf,getMeanTimeToDelivery,1.0000
1834,paf,getTransactionContext,1.0000
1834,paf,queryOrderById,1.0000
1834,paf,enterOrderID,1.0000
1834,paf,getEnterpriseByID,1.0000
1834,paf,getTransaction,1.0000
1836,paf,createReport,1.0000
1836,paf,getMeanTimeToDeliveryReport,1.0000
1836,paf,getMeanTimeToDelivery,1.0000
1836,paf,getTransactionContext,1.0000
1836,paf,enterOrderID,1.0000
1836,paf,getEnterpriseByID,1.0000
1836,paf,getTransaction,1.0000
1836,paf,queryStockItem,1.0000
1836,ep,Persistence,1.0000
1836,ep,DataStore,1.0000
1836,ep,Enterprise,1.0000
1836,ep,Reporting,1.0000
1840,paf,createReport,1.0000
1840,paf,getMeanTimeToDeliveryReport,1.0000
1840,paf,getMeanTimeToDelivery,1.0000
1840,paf,getTransactionContext,1.0000
1840,paf,enterOrderID,1.0000
1840,paf,getEnterpriseByID,1.0000
1840,paf,getTransaction,1.0000
1840,paf,queryStockItem,1.0000
1840,ep,Persistence,1.0000
1840,ep,DataStore,1.0000
1840,ep,Enterprise,1.0000
1840,ep,Reporting,1.0000
1844,paf,createReport,1.0000
1844,paf,getMeanTimeToDeliveryReport,1.0000
1844,paf,getTransactionContext,1.0000
1844,paf,queryOrderById,1.0000
1844,paf,enterOrderID,1.0000
1844,paf,getEnterpriseByID,1.0000
1844,paf,getTransaction,1.0000
1844,paf,queryStockItem,1.0000
1844,ep,Persistence,1.0000
1844,ep,DataStore,1.0000
1844,ep,Enterprise,1.0000
1844,ep,Reporting,1.0000
1848,paf,createReport,1.0000
1848,paf,getMeanTimeToDeliveryReport,1.0000
1848,paf,getMeanTimeToDelivery,1.0000
1848,paf,getTransactionContext,1.0000
1848,paf,queryOrderById,1.0000
1848,paf,enterOrderID,1.0000
1848,paf,getEnterpriseByID,1.0000
1848,paf,getTransaction,1.0000
1848,paf,queryStockItem,1.0000
1852,paf,createReport,1.0000
1852,paf,getMeanTimeToDeliveryReport,1.0000
1852,paf,getMeanTimeToDelivery,1.0000
1852,paf,getTransactionContext,1.0000
1852,paf,queryOrderById,1.0000
1852,paf,enterOrderID,1.0000
1852,paf,getEnterpriseByID,1.0000
1852,paf,getTransaction,1.0000
1852,paf,queryStockItem,1.0000
1852,ep,Persistence,1.0000
1852,ep,DataStore,1.0000
1852,ep,Enterprise,1.0000
1852,ep,Reporting,1.0000
1858,paf,createReport,1.0000
1858,paf,getMeanTimeToDeliveryReport,1.0000
1858,paf,rollInReceivedOrder,1.0000
1858,paf,getMeanTimeToDelivery,1.0000
1858,paf,getTransactionContext,1.0000
1858,paf,queryOrderById,1.0000
1858,paf,enterOrderID,1.0000
1858,paf,getEnterpriseByID,1.0000
1858,paf,getTransaction,1.0000
1858,paf,queryStockItem,1.0000
1858,ep,Persistence,1.0000
1858,ep,DataStore,1.0000
1858,ep,Enterprise,1.0000
1858,ep,Reporting,1.0000
1860,paf,createReport,1.0000
1860,paf,getTransactionContext,1.0000
1860,paf,queryOrderById,1.0000
1860,paf,enterOrderID,1.0000
1860,paf,getEnterpriseByID,1.0000
1860,paf,getTransaction,1.0000
1860,paf,queryStockItem,1.0000
1860,ep,Persistence,1.0000
1860,ep,DataStore,1.0000
1860,ep,Enterprise,1.0000
1864,paf,getMeanTimeToDeliveryReport,1.0000
1864,paf,rollInReceivedOrder,1.0000
1864,paf,getMeanTimeToDelivery,1.0000
1864,paf,getTransactionContext,1.0000
1864,paf,queryOrderById,1.0000
1864,paf,enterOrderID,1.0000
1864,paf,getEnterpriseByID,1.0000
1864,paf,getTransaction,1.0000
1864,paf,queryStockItem,1.0000
1864,ep,Persistence,1.0000
1864,ep,DataStore,1.0000
1864,ep,Enterprise,1.0000
1864,ep,Reporting,1.0000
1868,paf,createReport,1.0000
1868,paf,getMeanTimeToDeliveryReport,1.0000
1868,paf,getTransactionContext,1.0000
1868,paf,queryOrderById,1.0000
1868,paf,enterOrderID,1.0000
1868,paf,getEnterpriseByID,1.0000
1868,paf,getTransaction,1.0000
1868,paf,queryStockItem,1.0000
1868,ep,Persistence,1.0000
1868,ep,DataStore,1.0000
1868,ep,Enterprise,1.0000
1868,ep,Reporting,1.0000
1872,paf,createReport,1.0000
1872,paf,getMeanTimeToDeliveryReport,1.0000
1872,paf,getMeanTimeToDelivery,1.0000
1872,paf,getTransactionContext,1.0000
1872,paf,enterOrderID,1.0000
1872,paf,getEnterpriseByID,1.0000
1872,paf,getTransaction,1.0000
1872,paf,queryStockItem,1.0000
1872,ep,Persistence,1.0000
1872,ep,DataStore,1.0000
1872,ep,Enterprise,1.0000
1872,ep,Reporting,1.0000
1876,paf,getMeanTimeToDeliveryReport,1.0000
1876,paf,rollInReceivedOrder,1.0000
1876,paf,getTransactionContext,1.0000
1876,paf,queryOrderById,1.0000
1876,paf,enterOrderID,1.0000
1876,paf,getEnterpriseByID,1.0000
1876,paf,getTransaction,1.0000
1876,paf,queryStockItem,1.0000
1876,ep,Persistence,1.0000
1876,ep,DataStore,1.0000
1876,ep,Enterprise,1.0000
1876,ep,Reporting,1.0000
1880,paf,createReport,1.0000
1880,paf,getMeanTimeToDeliveryReport,1.0000
1880,paf,getMeanTimeToDelivery,1.0000
1880,paf,getTransactionContext,1.0000
1880,paf,enterOrderID,1.0000
1880,paf,getEnterpriseByID,1.0000
1880,paf,getTransaction,1.0000
1880,paf,queryStockItem,1.0000
1880,ep,Persistence,1.0000
1880,ep,DataStore,1.0000
1880,ep,Enterprise,1.0000
1880,ep,Reporting,1.0000
1884,paf,createReport,1.0000
1884,paf,getMeanTimeToDeliveryReport,1.0000
1884,paf,rollInReceivedOrder,1.0000
1884,paf,getTransactionContext,1.0000
1884,paf,queryOrderById,1.0000
1884,paf,enterOrderID,1.0000
1884,paf,getEnterpriseByID,1.0000
1884,paf,getTransaction,1.0000
1884,paf,queryStockItem,1.0000
1884,ep,Persistence,1.0000
1884,ep,DataStore,1.0000
1884,ep,Enterprise,1.0000
1884,ep,Reporting,1.0000
1886,paf,createReport,1.0000
1886,paf,getMeanTimeToDeliveryReport,1.0000
1886,paf,getMeanTimeToDelivery,1.0000
1886,paf,getTransactionContext,1.0000
1886,paf,queryOrderById,1.0000
1886,paf,enterOrderID,1.0000
1886,paf,getEnterpriseByID,1.0000
1886,paf,getTransaction,1.0000
1892,paf,createReport,1.0000
1892,paf,getMeanTimeToDeliveryReport,1.0000
1892,paf,getMeanTimeToDelivery,1.0000
1892,paf,getTransactionContext,1.0000
1892,paf,queryOrderById,1.0000
1892,paf,enterOrderID,1.0000
1892,paf,getEnterpriseByID,1.0000
1892,paf,getTransaction,1.0000
1892,paf,queryStockItem,1.0000
1894,paf,createReport,1.0000
1894,paf,getMeanTimeToDeliveryReport,1.0000
1894,paf,rollInReceivedOrder,1.0000
1894,paf,getMeanTimeToDelivery,1.0000
1894,paf,getTransactionContext,1.0000
1894,paf,queryOrderById,1.0000
1894,paf,enterOrderID,1.0000
1894,paf,getEnterpriseByID,1.0000
1894,paf,getTransaction,1.0000
1894,paf,queryStockItem,1.0000
1894,ep,Persistence,1.0000
1894,ep,DataStore,1.0000
1894,ep,Enterprise,1.0000
1894,ep,Reporting,1.0000
1898,paf,getMeanTimeToDeliveryReport,1.0000
1898,paf,rollInReceivedOrder,1.0000
1898,paf,getMeanTimeToDelivery,1.0000
1898,paf,getTransactionContext,1.0000
1898,paf,queryOrderById,1.0000
1898,paf,enterOrderID,1.0000
1898,paf,getEnterpriseByID,1.0000
1898,paf,getTransaction,1.0000
1898,paf,queryStockItem,1.0000
1898,ep,Persistence,1.0000
1898,ep,DataStore,1.0000
1898,ep,Enterprise,1.0000
1898,ep,Reporting,1.0000
1902,paf,createReport,1.0000
1902,paf,getMeanTimeToDeliveryReport,1.0000
1902,paf,rollInReceivedOrder,1.0000
1902,paf,getTransactionContext,1.0000
1902,paf,queryOrderById,1.0000
1902,paf,enterOrderID,1.0000
1902,paf,getEnterpriseByID,1.0000
1902,paf,getTransaction,1.0000
1902,paf,queryStockItem,1.0000
1902,ep,Persistence,1.0000
1902,ep,DataStore,1.0000
1902,ep,Enterprise,1.0000
1902,ep,Reporting,1.0000
1904,paf,createReport,1.0000
1904,paf,getMeanTimeToDeliveryReport,1.0000
1904,paf,getTransactionContext,1.0000
1904,paf,queryOrderById,1.0000
1904,paf,enterOrderID,1.0000
1904,paf,getEnterpriseByID,1.0000
1904,paf,getTransaction,1.0000
1904,paf,queryStockItem,1.0000
1904,ep,Persistence,1.0000
1904,ep,DataStore,1.0000
1904,ep,Enterprise,1.0000
1904,ep,Reporting,1.0000
1908,paf,getMeanTimeToDeliveryReport,1.0000
1908,paf,rollInReceivedOrder,1.0000
1908,paf,getMeanTimeToDelivery,1.0000
1908,paf,getTransactionContext,1.0000
1908,paf,queryOrderById,1.0000
1908,paf,enterOrderID,1.0000
1908,paf,getEnterpriseByID,1.0000
1908,paf,getTransaction,1.0000
1908,paf,queryStockItem,1.0000
1908,ep,Persistence,1.0000
1908,ep,DataStore,1.0000
1908,ep,Enterprise,1.0000
1908,ep,Reporting,1.0000
1910,paf,createReport,1.0000
1910,paf,getMeanTimeToDeliveryReport,1.0000
1910,paf,getMeanTimeToDelivery,1.0000
1910,paf,enterOrderID,1.0000
1910,paf,getEnterpriseByID,1.0000
1910,paf,getTransaction,1.0000
1914,paf,createReport,1.0000
1914,paf,getMeanTimeToDeliveryReport,1.0000
1914,paf,getMeanTimeToDelivery,1.0000
1914,paf,getTransactionContext,1.0000
1914,paf,queryOrderById,1.0000
1914,paf,enterOrderID,1.0000
1914,paf,getEnterpriseByID,1.0000
1914,paf,getTransaction,1.0000
1914,paf,queryStockItem,1.0000
1914,ep,Persistence,1.0000
1914,ep,DataStore,1.0000
1914,ep,Enterprise,1.0000
1914,ep,Reporting,1.0000
1918,paf,getMeanTimeToDelivery,1.0000
1918,paf,getTransactionContext,1.0000
1918,paf,queryOrderById,1.0000
1918,paf,getEnterpriseByID,1.0000
1918,paf,getTransaction,1.0000
1918,paf,queryStockItem,1.0000
1918,ep,Persistence,1.0000
1918,ep,DataStore,1.0000
1918,ep,Enterprise,1.0000
1922,paf,createReport,1.0000
1922,paf,getMeanTimeToDelivery,1.0000
1922,paf,getTransactionContext,1.0000
1922,paf,queryOrderById,1.0000
1922,paf,enterOrderID,1.0000
1922,paf,getEnterpriseByID,1.0000
1922,paf,getTransaction,1.0000
1922,paf,queryStockItem,1.0000
1922,ep,Persistence,1.0000
1922,ep,DataStore,1.0000
1922,ep,Enterprise,1.0000
1922,ep,Reporting,1.0000
1926,paf,createReport,1.0000
1926,paf,getMeanTimeToDeliveryReport,1.0000
1926,paf,rollInReceivedOrder,1.0000
1926,paf,getTransactionContext,1.0000
1926,paf,queryOrderById,1.0000
1926,paf,enterOrderID,1.0000
1926,paf,getEnterpriseByID,1.0000
1926,paf,getTransaction,1.0000
1926,paf,queryStockItem,1.0000
1926,ep,Persistence,1.0000
1926,ep,DataStore,1.0000
1926,ep,Enterprise,1.0000
1926,ep,Reporting,1.0000
1930,paf,createReport,1.0000
1930,paf,getMeanTimeToDeliveryReport,1.0000
1930,paf,getMeanTimeToDelivery,1.0000
1930,paf,getTransactionContext,1.0000
1930,paf,queryOrderById,1.0000
1930,paf,enterOrderID,1.0000
1930,paf,getEnterpriseByID,1.0000
1930,paf,getTransaction,1.0000
1930,paf,queryStockItem,1.0000
1932,paf,getMeanTimeToDeliveryReport,1.0000
1932,paf,rollInReceivedOrder,1.0000
1932,paf,getTransactionContext,1.0000
1932,paf,queryOrderById,1.0000
1932,paf,enterOrderID,1.0000
1932,paf,getEnterpriseByID,1.0000
1932,paf,getTransaction,1.0000
1932,paf,queryStockItem,1.0000
1932,ep,Persistence,1.0000
1932,ep,DataStore,1.0000
1932,ep,Enterprise,1.0000
1932,ep,Reporting,1.0000
1936,paf,getMeanTimeToDeliveryReport,1.0000
1936,paf,rollInReceivedOrder,1.0000
1936,paf,getMeanTimeToDelivery,1.0000
1936,paf,getTransactionContext,1.0000
1936,paf,queryOrderById,1.0000
1936,paf,enterOrderID,1.0000
1936,paf,getEnterpriseByID,1.0000
1936,paf,getTransaction,1.0000
1936,paf,queryStockItem,1.0000
1936,ep,Persistence,1.0000
1936,ep,DataStore,1.0000
1936,ep,Enterprise,1.0000
1936,ep,Reporting,1.0000
1940,paf,createReport,1.0000
1940,paf,getMeanTimeToDeliveryReport,1.0000
1940,paf,enterOrderID,1.0000
1940,paf,getEnterpriseByID,1.0000
1940,paf,getTransaction,1.0000
1942,paf,createReport,1.0000
1942,paf,getMeanTimeToDeliveryReport,1.0000
1942,paf,getMeanTimeToDelivery,1.0000
1942,paf,enterOrderID,1.0000
1942,paf,getEnterpriseByID,1.0000
1942,paf,getTransaction,1.0000
1944,paf,createReport,1.0000
1944,paf,getMeanTimeToDeliveryReport,1.0000
1944,paf,getMeanTimeToDelivery,1.0000
1944,paf,getTransactionContext,1.0000
1944,paf,queryOrderById,1.0000
1944,paf,enterOrderID,1.0000
1944,paf,getEnterpriseByID,1.0000
1944,paf,getTransaction,1.0000
1944,paf,queryStockItem,1.0000
1944,ep,Persistence,1.0000
1944,ep,DataStore,1.0000
1944,ep,Enterprise,1.0000
1944,ep,Reporting,1.0000
1948,paf,createReport,1.0000
1948,paf,getMeanTimeToDeliveryReport,1.0000
1948,paf,getMeanTimeToDelivery,1.0000
1948,paf,getTransactionContext,1.0000
1948,paf,enterOrderID,1.0000
1948,paf,getEnterpriseByID,1.0000
1948,paf,getTransaction,1.0000
1948,paf,queryStockItem,1.0000
1948,ep,Persistence,1.0000
1948,ep,DataStore,1.0000
1948,ep,Enterprise,1.0000
1948,ep,Reporting,1.0000
1952,paf,getMeanTimeToDeliveryReport,1.0000
1952,paf,getMeanTimeToDelivery,1.0000
1952,paf,getTransactionContext,1.0000
1952,paf,queryOrderById,1.0000
1952,paf,getEnterpriseByID,1.0000
1952,paf,getTransaction,1.0000
1952,paf,queryStockItem,1.0000
1952,ep,Persistence,1.0000
1952,ep,DataStore,1.0000
1952,ep,Enterprise,1.0000
1952,ep,Reporting,1.0000
1956,paf,getMeanTimeToDeliveryReport,1.0000
1956,paf,getMeanTimeToDelivery,1.0000
1956,paf,getTransactionContext,1.0000
1956,paf,queryOrderById,1.0000
1956,paf,enterOrderID,1.0000
1956,paf,getEnterpriseByID,1.0000
1956,paf,getTransaction,1.0000
1956,paf,queryStockItem,1.0000
1956,ep,Persistence,1.0000
1956,ep,DataStore,1.0000
1956,ep,Enterprise,1.0000
1956,ep,Reporting,1.0000
1960,paf,getMeanTimeToDelivery,1.0000
1960,paf,getTransactionContext,1.0000
1960,paf,queryOrderById,1.0000
1960,paf,getEnterpriseByID,1.0000
1960,paf,getTransaction,1.0000
1960,paf,queryStockItem,1.0000
1960,ep,Persistence,1.0000
1960,ep,DataStore,1.0000
1960,ep,Enterprise,1.0000
1964,paf,createReport,1.0000
1964,paf,getMeanTimeToDeliveryReport,1.0000
1964,paf,rollInReceivedOrder,1.0000
1964,paf,getMeanTimeToDelivery,1.0000
1964,paf,getTransactionContext,1.0000
1964,paf,queryOrderById,1.0000
1964,paf,enterOrderID,1.0000
1964,paf,getEnterpriseByID,1.0000
1964,paf,getTransaction,1.0000
1964,paf,queryStockItem,1.0000
1964,ep,Persistence,1.0000
1964,ep,DataStore,1.0000
1964,ep,Enterprise,1.0000
1964,ep,Reporting,1.0000
1968,paf,getMeanTimeToDeliveryReport,1.0000
1968,paf,getMeanTimeToDelivery,1.0000
1968,paf,getTransactionContext,1.0000
1968,paf,queryOrderById,1.0000
1968,paf,getEnterpriseByID,1.0000
1968,paf,getTransaction,1.0000
1968,paf,queryStockItem,1.0000
1968,ep,Persistence,1.0000
1968,ep,DataStore,1.0000
1968,ep,Enterprise,1.0000
1968,ep,Reporting,1.0000
1970,paf,createReport,1.0000
1970,paf,getMeanTimeToDeliveryReport,1.0000
1970,paf,rollInReceivedOrder,1.0000
1970,paf,getTransactionContext,1.0000
1970,paf,queryOrderById,1.0000
1970,paf,enterOrderID,1.0000
1970,paf,getEnterpriseByID,1.0000
1970,paf,getTransaction,1.0000
1970,paf,queryStockItem,1.0000
1970,ep,Persistence,1.0000
1970,ep,DataStore,1.0000
1970,ep,Enterprise,1.0000
1970,ep,Reporting,1.0000
1974,paf,getMeanTimeToDelivery,1.0000
1974,paf,getTransactionContext,1.0000
1974,paf,queryOrderById,1.0000
1974,paf,getEnterpriseByID,1.0000
1974,paf,getTransaction,1.0000
1974,paf,queryStockItem,1.0000
1974,ep,Persistence,1.0000
1974,ep,DataStore,1.0000
1974,ep,Enterprise,1.0000
1980,paf,createReport,1.0000
1980,paf,getMeanTimeToDeliveryReport,1.0000
1980,paf,rollInReceivedOrder,1.0000
1980,paf,getTransactionContext,1.0000
1980,paf,queryOrderById,1.0000
1980,paf,enterOrderID,1.0000
1980,paf,getEnterpriseByID,1.0000
1980,paf,getTransaction,1.0000
1980,paf,queryStockItem,1.0000
1980,ep,Persistence,1.0000
1980,ep,DataStore,1.0000
1980,ep,Enterprise,1.0000
1980,ep,Reporting,1.0000
1982,paf,getMeanTimeToDeliveryReport,1.0000
1982,paf,rollInReceivedOrder,1.0000
1982,paf,getTransactionContext,1.0000
1982,paf,queryOrderById,1.0000
1982,paf,enterOrderID,1.0000
1982,paf,getEnterpriseByID,1.0000
1982,paf,getTransaction,1.0000
1982,paf,queryStockItem,1.0000
1982,ep,Persistence,1.0000
1982,ep,DataStore,1.0000
1982,ep,Enterprise,1.0000
1982,ep,Reporting,1.0000
1986,paf,createReport,1.0000
1986,paf,getMeanTimeToDeliveryReport,1.0000
1986,paf,getMeanTimeToDelivery,1.0000
1986,paf,enterOrderID,1.0000
1986,paf,getEnterpriseByID,1.0000
1986,paf,getTransaction,1.0000
1988,paf,createReport,1.0000
1988,paf,getMeanTimeToDeliveryReport,1.0000
1988,paf,getTransactionContext,1.0000
1988,paf,queryOrderById,1.0000
1988,paf,enterOrderID,1.0000
1988,paf,getEnterpriseByID,1.0000
1988,paf,getTransaction,1.0000
1988,paf,queryStockItem,1.0000
1988,ep,Persistence,1.0000
1988,ep,DataStore,1.0000
1988,ep,Enterprise,1.0000
1988,ep,Reporting,1.0000
1992,paf,createReport,1.0000
1992,paf,getMeanTimeToDeliveryReport,1.0000
1992,paf,getMeanTimeToDelivery,1.0000
1992,paf,getTransactionContext,1.0000
1992,paf,enterOrderID,1.0000
1992,paf,getEnterpriseByID,1.0000
1992,paf,getTransaction,1.0000
1992,paf,queryStockItem,1.0000
1992,ep,Persistence,1.0000
1992,ep,DataStore,1.0000
1992,ep,Enterprise,1.0000
1992,ep,Reporting,1.0000
1996,paf,createReport,0.9927
1996,paf,getMeanTimeToDeliveryReport,1.0000
1996,paf,rollInReceivedOrder,1.0000
1996,paf,getTransactionContext,1.0000
1996,paf,queryOrderById,1.0000
1996,paf,enterOrderID,1.0000
1996,paf,getEnterpriseByID,1.0000
1996,paf,getTransaction,1.0000
1996,paf,queryStockItem,1.0000
1996,ep,Persistence,1.0000
1996,ep,DataStore,1.0000
1996,ep,Enterprise,1.0000
1996,ep,Reporting,1.0000
2000,paf,createReport,1.0000
2000,paf,getMeanTimeToDeliveryReport,1.0000
2000,paf,enterOrderID,1.0000
2000,paf,getEnterpriseByID,1.0000
2000,paf,getTransaction,1.0000
2002,paf,getMeanTimeToDeliveryReport,1.0000
2002,paf,getMeanTimeToDelivery,1.0000
2002,paf,getTransactionContext,1.0000
2002,paf,queryOrderById,1.0000
2002,paf,getEnterpriseByID,1.0000
2002,paf,getTransaction,1.0000
2002,paf,queryStockItem,1.0000
2002,ep,Persistence,1.0000
2002,ep,DataStore,1.0000
2002,ep,Enterprise,1.0000
2002,ep,Reporting,1.0000
2006,paf,createReport,1.0000
2006,paf,getMeanTimeToDeliveryReport,1.0000
2006,paf,getMeanTimeToDelivery,1.0000
2006,paf,getTransactionContext,1.0000
2006,paf,queryOrderById,1.0000
2006,paf,enterOrderID,1.0000
2006,paf,getEnterpriseByID,1.0000
2006,paf,getTransaction,1.0000
2006,paf,queryStockItem,1.0000
2006,ep,Persistence,1.0000
2006,ep,DataStore,1.0000
2006,ep,Enterprise,1.0000
2006,ep,Reporting,1.0000
2008,paf,createReport,1.0000
2008,paf,getMeanTimeToDeliveryReport,1.0000
2008,paf,getMeanTimeToDelivery,1.0000
2008,paf,getTransactionContext,1.0000
2008,paf,queryOrderById,1.0000
2008,paf,enterOrderID,1.0000
2008,paf,getEnterpriseByID,1.0000
2008,paf,getTransaction,1.0000
2008,paf,queryStockItem,1.0000
2010,paf,createReport,1.0000
2010,paf,getMeanTimeToDeliveryReport,1.0000
2010,paf,getMeanTimeToDelivery,1.0000
2010,paf,enterOrderID,1.0000
2010,paf,getEnterpriseByID,1.0000
2010,paf,getTransaction,1.0000
2014,paf,createReport,1.0000
2014,paf,getMeanTimeToDeliveryReport,1.0000
2014,paf,getTransactionContext,1.0000
2014,paf,queryOrderById,1.0000
2014,paf,enterOrderID,1.0000
2014,paf,getEnterpriseByID,1.0000
2014,paf,getTransaction,1.0000
2014,paf,queryStockItem,1.0000
2014,ep,Persistence,1.0000
2014,ep,DataStore,1.0000
2014,ep,Enterprise,1.0000
2014,ep,Reporting,1.0000
2018,paf,createReport,1.0000
2018,paf,getMeanTimeToDeliveryReport,1.0000
2018,paf,getTransactionContext,1.0000
2018,paf,queryOrderById,1.0000
2018,paf,enterOrderID,1.0000
2018,paf,getEnterpriseByID,1.0000
2018,paf,getTransaction,1.0000
2018,paf,queryStockItem,1.0000
2018,ep,Persistence,1.0000
2018,ep,DataStore,1.0000
2018,ep,Enterprise,1.0000
2018,ep,Reporting,1.0000
2024,paf,createReport,1.0000
2024,paf,getMeanTimeToDeliveryReport,1.0000
2024,paf,getTransactionContext,1.0000
2024,paf,queryOrderById,1.0000
2024,paf,enterOrderID,1.0000
2024,paf,getEnterpriseByID,1.0000
2024,paf,getTransaction,1.0000
2024,paf,queryStockItem,1.0000
2028,paf,createReport,0.9927
2028,paf,getMeanTimeToDeliveryReport,1.0000
2028,paf,rollInReceivedOrder,1.0000
2028,paf,getTransactionContext,1.0000
2028,paf,queryOrderById,1.0000
2028,paf,enterOrderID,1.0000
2028,paf,getEnterpriseByID,1.0000
2028,paf,getTransaction,1.0000
2028,paf,queryStockItem,1.0000
2028,ep,Persistence,1.0000
2028,ep,DataStore,1.0000
2028,ep,Enterprise,1.0000
2028,ep,Reporting,1.0000
2030,paf,createReport,1.0000
2030,paf,getMeanTimeToDeliveryReport,1.0000
2030,paf,rollInReceivedOrder,1.0000
2030,paf,getTransactionContext,1.0000
2030,paf,queryOrderById,1.0000
2030,paf,enterOrderID,1.0000
2030,paf,getEnterpriseByID,1.0000
2030,paf,getTransaction,1.0000
2030,paf,queryStockItem,1.0000
2030,ep,Persistence,1.0000
2030,ep,DataStore,1.0000
2030,ep,Enterprise,1.0000
2030,ep,Reporting,1.0000
2034,paf,createReport,1.0000
2034,paf,getMeanTimeToDeliveryReport,1.0000
2034,paf,rollInReceivedOrder,1.0000
2034,paf,getTransactionContext,1.0000
2034,paf,queryOrderById,1.0000
2034,paf,enterOrderID,1.0000
2034,paf,getEnterpriseByID,1.0000
2034,paf,getTransaction,1.0000
2034,paf,queryStockItem,1.0000
2034,ep,Persistence,1.0000
2034,ep,DataStore,1.0000
2034,ep,Enterprise,1.0000
2034,ep,Reporting,1.0000
2036,paf,createReport,1.0000
2036,paf,getMeanTimeToDeliveryReport,1.0000
2036,paf,rollInReceivedOrder,1.0000
2036,paf,getTransactionContext,1.0000
2036,paf,queryOrderById,1.0000
2036,paf,enterOrderID,1.0000
2036,paf,getEnterpriseByID,1.0000
2036,paf,getTransaction,1.0000
2036,paf,queryStockItem,1.0000
2036,ep,Persistence,1.0000
2036,ep,DataStore,1.0000
2036,ep,Enterprise,1.0000
2036,ep,Reporting,1.0000
2040,paf,createReport,1.0000
2040,paf,getMeanTimeToDeliveryReport,1.0000
2040,paf,rollInReceivedOrder,1.0000
2040,paf,getMeanTimeToDelivery,1.0000
2040,paf,getTransactionContext,1.0000
2040,paf,queryOrderById,1.0000
2040,paf,enterOrderID,1.0000
2040,paf,getEnterpriseByID,1.0000
2040,paf,getTransaction,1.0000
2040,paf,queryStockItem,1.0000
2040,ep,Persistence,1.0000
2040,ep,DataStore,1.0000
2040,ep,Enterprise,1.0000
2040,ep,Reporting,1.0000
2044,paf,createReport,1.0000
2044,paf,getTransactionContext,1.0000
2044,paf,queryOrderById,1.0000
2044,paf,enterOrderID,1.0000
2044,paf,getEnterpriseByID,1.0000
2044,paf,getTransaction,1.0000
2044,paf,queryStockItem,1.0000
2044,ep,Persistence,1.0000
2044,ep,DataStore,1.0000
2044,ep,Enterprise,1.0000
2044,ep,Reporting,1.0000
2048,paf,createReport,1.0000
2048,paf,getMeanTimeToDeliveryReport,1.0000
2048,paf,rollInReceivedOrder,1.0000
2048,paf,getMeanTimeToDelivery,1.0000
2048,paf,getTransactionContext,1.0000
2048,paf,queryOrderById,1.0000
2048,paf,enterOrderID,1.0000
2048,paf,getEnterpriseByID,1.0000
2048,paf,getTransaction,1.0000
2048,paf,queryStockItem,1.0000
2048,ep,Persistence,1.0000
2048,ep,DataStore,1.0000
2048,ep,Enterprise,1.0000
2048,ep,Reporting,1.0000
2054,paf,createReport,0.9927
2054,paf,getMeanTimeToDeliveryReport,1.0000
2054,paf,rollInReceivedOrder,1.0000
2054,paf,getTransactionContext,1.0000
2054,paf,queryOrderById,1.0000
2054,paf,enterOrderID,1.0000
2054,paf,getEnterpriseByID,1.0000
2054,paf,getTransaction,1.0000
2054,paf,queryStockItem,1.0000
2054,ep,Persistence,1.0000
2054,ep,DataStore,1.0000
2054,ep,Enterprise,1.0000
2054,ep,Reporting,1.0000
2056,paf,createReport,1.0000
2056,paf,getMeanTimeToDeliveryReport,1.0000
2056,paf,getMeanTimeToDelivery,1.0000
2056,paf,getTransactionContext,1.0000
2056,paf,queryOrderById,1.0000
2056,paf,enterOrderID,1.0000
2056,paf,getEnterpriseByID,1.0000
2056,paf,getTransaction,1.0000
2056,ep,Persistence,1.0000
2056,ep,DataStore,1.0000
2056,ep,Enterprise,1.0000
2056,ep,Reporting,1.0000
2060,paf,createReport,1.0000
2060,paf,getMeanTimeToDeliveryReport,1.0000
2060,paf,enterOrderID,1.0000
2060,paf,getEnterpriseByID,1.0000
2060,paf,getTransaction,1.0000
2062,paf,createReport,1.0000
2062,paf,getMeanTimeToDeliveryReport,1.0000
2062,paf,getMeanTimeToDelivery,1.0000
2062,paf,getTransactionContext,1.0000
2062,paf,queryOrderById,1.0000
2062,paf,enterOrderID,1.0000
2062,paf,getEnterpriseByID,1.0000
2062,paf,getTransaction,1.0000
2062,paf,queryStockItem,1.0000
2062,ep,Persistence,1.0000
2062,ep,DataStore,1.0000
2062,ep,Enterprise,1.0000
2062,ep,Reporting,1.0000
2066,paf,createReport,1.0000
2066,paf,getMeanTimeToDeliveryReport,1.0000
2066,paf,getMeanTimeToDelivery,1.0000
2066,paf,getTransactionContext,1.0000
2066,paf,queryOrderById,1.0000
2066,paf,getEnterpriseByID,1.0000
2066,paf,getTransaction,1.0000
2066,paf,queryStockItem,1.0000
2066,ep,Persistence,1.0000
2066,ep,DataStore,1.0000
2066,ep,Enterprise,1.0000
2066,ep,Reporting,1.0000
2070,paf,createReport,1.0000
2070,paf,getMeanTimeToDeliveryReport,1.0000
2070,paf,getMeanTimeToDelivery,1.0000
2070,paf,getTransactionContext,1.0000
2070,paf,queryOrderById,1.0000
2070,paf,enterOrderID,1.0000
2070,paf,getEnterpriseByID,1.0000
2070,paf,getTransaction,1.0000
2070,paf,queryStockItem,1.0000
2072,paf,getMeanTimeToDelivery,1.0000
2072,paf,getTransactionContext,1.0000
2072,paf,queryOrderById,1.0000
2072,paf,getEnterpriseByID,1.0000
2072,paf,getTransaction,1.0000
2072,paf,queryStockItem,1.0000
2072,ep,Persistence,1.0000
2072,ep,DataStore,1.0000
2072,ep,Enterprise,1.0000
2076,paf,createReport,1.0000
2076,paf,getMeanTimeToDeliveryReport,1.0000
2076,paf,getTransactionContext,1.0000
2076,paf,queryOrderById,1.0000
2076,paf,enterOrderID,1.0000
2076,paf,getEnterpriseByID,1.0000
2076,paf,getTransaction,1.0000
2076,paf,queryStockItem,1.0000
2076,ep,Persistence,1.0000
2076,ep,DataStore,1.0000
2076,ep,Enterprise,1.0000
2076,ep,Reporting,1.0000
2078,paf,createReport,1.0000
2078,paf,getMeanTimeToDeliveryReport,1.0000
2078,paf,getTransactionContext,1.0000
2078,paf,queryOrderById,1.0000
2078,paf,enterOrderID,1.0000
2078,paf,getEnterpriseByID,1.0000
2078,paf,getTransaction,1.0000
2078,paf,queryStockItem,1.0000
2078,ep,Persistence,1.0000
2078,ep,DataStore,1.0000
2078,ep,Enterprise,1.0000
2078,ep,Reporting,1.0000
2082,paf,createReport,1.0000
2082,paf,getMeanTimeToDeliveryReport,1.0000
2082,paf,rollInReceivedOrder,1.0000
2082,paf,queryOrderById,1.0000
2082,paf,enterOrderID,1.0000
2082,paf,getEnterpriseByID,1.0000
2082,paf,getTransaction,1.0000
2082,paf,queryStockItem,1.0000
2082,ep,Persistence,1.0000
2082,ep,DataStore,1.0000
2082,ep,Enterprise,1.0000
2082,ep,Reporting,1.0000
2086,paf,createReport,1.0000
2086,paf,getMeanTimeToDeliveryReport,1.0000
2086,paf,getMeanTimeToDelivery,1.0000
2086,paf,enterOrderID,1.0000
2086,paf,getEnterpriseByID,1.0000
2086,paf,getTransaction,1.0000
2090,paf,createReport,1.0000
2090,paf,getMeanTimeToDeliveryReport,1.0000
2090,paf,getMeanTimeToDelivery,1.0000
2090,paf,enterOrderID,1.0000
2090,paf,getEnterpriseByID,1.0000
2090,paf,getTransaction,1.0000
2094,paf,createReport,1.0000
2094,paf,getMeanTimeToDeliveryReport,1.0000
2094,paf,getMeanTimeToDelivery,1.0000
2094,paf,getTransactionContext,1.0000
2094,paf,queryOrderById,1.0000
2094,paf,enterOrderID,1.0000
2094,paf,getEnterpriseByID,1.0000
2094,paf,getTransaction,1.0000
2094,paf,queryStockItem,1.0000
2098,paf,createReport,1.0000
2098,paf,getMeanTimeToDelivery,1.0000
2098,paf,getTransactionContext,1.0000
2098,paf,queryOrderById,1.0000
2098,paf,enterOrderID,1.0000
2098,paf,getEnterpriseByID,1.0000
2098,paf,getTransaction,1.0000
2098,paf,queryStockItem,1.0000
2098,ep,Persistence,1.0000
2098,ep,DataStore,1.0000
2098,ep,Enterprise,1.0000
2098,ep,Reporting,1.0000
2100,paf,createReport,1.0000
2100,paf,getTransactionContext,1.0000
2100,paf,queryOrderById,1.0000
2100,paf,enterOrderID,1.0000
2100,paf,getEnterpriseByID,1.0000
2100,paf,getTransaction,1.0000
2100,paf,queryStockItem,1.0000
2100,ep,Persistence,1.0000
2100,ep,DataStore,1.0000
2100,ep,Enterprise,1.0000
2100,ep,Reporting,1.0000
2104,paf,createReport,1.0000
2104,paf,getMeanTimeToDeliveryReport,1.0000
2104,paf,rollInReceivedOrder,1.0000
2104,paf,getTransactionContext,1.0000
2104,paf,queryOrderById,1.0000
2104,paf,enterOrderID,1.0000
2104,paf,getEnterpriseByID,1.0000
2104,paf,getTransaction,1.0000
2104,paf,queryStockItem,1.0000
2104,ep,Persistence,1.0000
2104,ep,DataStore,1.0000
2104,ep,Enterprise,1.0000
2104,ep,Reporting,1.0000
2108,paf,createReport,1.0000
2108,paf,getMeanTimeToDeliveryReport,1.0000
2108,paf,getMeanTimeToDelivery,1.0000
2108,paf,getTransactionContext,1.0000
2108,paf,queryOrderById,1.0000
2108,paf,enterOrderID,1.0000
2108,paf,getEnterpriseByID,1.0000
2108,paf,getTransaction,1.0000
2108,paf,queryStockItem,1.0000
2108,ep,Persistence,1.0000
2108,ep,DataStore,1.0000
2108,ep,Enterprise,1.0000
2108,ep,Reporting,1.0000
2110,paf,createReport,1.0000
2110,paf,getMeanTimeToDeliveryReport,1.0000
2110,paf,enterOrderID,1.0000
2110,paf,getEnterpriseByID,1.0000
2110,paf,getTransaction,1.0000
2114,paf,createReport,1.0000
2114,paf,getMeanTimeToDeliveryReport,1.0000
2114,paf,getMeanTimeToDelivery,1.0000
2114,paf,getTransactionContext,1.0000
2114,paf,queryOrderById,1.0000
2114,paf,enterOrderID,1.0000
2114,paf,getEnterpriseByID,1.0000
2114,paf,getTransaction,1.0000
2114,paf,queryStockItem,1.0000
2114,ep,Persistence,1.0000
2114,ep,DataStore,1.0000
2114,ep,Enterprise,1.0000
2114,ep,Reporting,1.0000
2118,paf,createReport,1.0000
2118,paf,getMeanTimeToDeliveryReport,1.0000
2118,paf,getMeanTimeToDelivery,1.0000
2118,paf,enterOrderID,1.0000
2118,paf,getEnterpriseByID,1.0000
2118,paf,getTransaction,1.0000
2122,paf,createReport,1.0000
2122,paf,getMeanTimeToDeliveryReport,1.0000
2122,paf,rollInReceivedOrder,1.0000
2122,paf,queryOrderById,1.0000
2122,paf,enterOrderID,1.0000
2122,paf,getEnterpriseByID,1.0000
2122,paf,getTransaction,1.0000
2122,paf,queryStockItem,1.0000
2122,ep,Persistence,1.0000
2122,ep,DataStore,1.0000
2122,ep,Enterprise,1.0000
2122,ep,Reporting,1.0000
2126,paf,getMeanTimeToDelivery,1.0000
2126,paf,getTransactionContext,1.0000
2126,paf,queryOrderById,1.0000
2126,paf,getEnterpriseByID,1.0000
2126,paf,getTransaction,1.0000
2126,paf,queryStockItem,1.0000
2126,ep,Persistence,1.0000
2126,ep,DataStore,1.0000
2126,ep,Enterprise,1.0000
2130,paf,createReport,1.0000
2130,paf,getMeanTimeToDeliveryReport,1.0000
2130,paf,rollInReceivedOrder,1.0000
2130,paf,getTransactionContext,1.0000
2130,paf,queryOrderById,1.0000
2130,paf,enterOrderID,1.0000
2130,paf,getEnterpriseByID,1.0000
2130,paf,getTransaction,1.0000
2130,paf,queryStockItem,1.0000
2130,ep,Persistence,1.0000
2130,ep,DataStore,1.0000
2130,ep,Enterprise,1.0000
2130,ep,Reporting,1.0000
2134,paf,createReport,1.0000
2134,paf,getMeanTimeToDeliveryReport,1.0000
2134,paf,rollInReceivedOrder,1.0000
2134,paf,getTransactionContext,1.0000
2134,paf,queryOrderById,1.0000
2134,paf,enterOrderID,1.0000
2134,paf,getEnterpriseByID,1.0000
2134,paf,getTransaction,1.0000
2134,paf,queryStockItem,1.0000
2134,ep,Persistence,1.0000
2134,ep,DataStore,1.0000
2134,ep,Enterprise,1.0000
2134,ep,Reporting,1.0000
2138,paf,createReport,1.0000
2138,paf,getMeanTimeToDeliveryReport,1.0000
2138,paf,rollInReceivedOrder,1.0000
2138,paf,getTransactionContext,1.0000
2138,paf,queryOrderById,1.0000
2138,paf,enterOrderID,1.0000
2138,paf,getEnterpriseByID,1.0000
2138,paf,getTransaction,1.0000
2138,paf,queryStockItem,1.0000
2138,ep,Persistence,1.0000
2138,ep,DataStore,1.0000
2138,ep,Enterprise,1.0000
2138,ep,Reporting,1.0000
2142,paf,createReport,1.0000
2142,paf,getMeanTimeToDeliveryReport,1.0000
2142,paf,rollInReceivedOrder,1.0000
2142,paf,getTransactionContext,1.0000
2142,paf,queryOrderById,1.0000
2142,paf,enterOrderID,1.0000
2142,paf,getEnterpriseByID,1.0000
2142,paf,getTransaction,1.0000
2142,paf,queryStockItem,1.0000
2142,ep,Persistence,1.0000
2142,ep,DataStore,1.0000
2142,ep,Enterprise,1.0000
2142,ep,Reporting,1.0000
2146,paf,createReport,1.0000
2146,paf,getMeanTimeToDelivery,1.0000
2146,paf,getTransactionContext,1.0000
2146,paf,queryOrderById,1.0000
2146,paf,enterOrderID,1.0000
2146,paf,getEnterpriseByID,1.0000
2146,paf,getTransaction,1.0000
2146,paf,queryStockItem,1.0000
2146,ep,Persistence,1.0000
2146,ep,DataStore,1.0000
2146,ep,Enterprise,1.0000
2146,ep,Reporting,1.0000
2150,paf,createReport,1.0000
2150,paf,getMeanTimeToDeliveryReport,1.0000
2150,paf,getMeanTimeToDelivery,1.0000
2150,paf,getTransactionContext,1.0000
2150,paf,queryOrderById,1.0000
2150,paf,enterOrderID,1.0000
2150,paf,getEnterpriseByID,1.0000
2150,paf,getTransaction,1.0000
2150,paf,queryStockItem,1.0000
2150,ep,Persistence,1.0000
2150,ep,DataStore,1.0000
2150,ep,Enterprise,1.0000
2150,ep,Reporting,1.0000
2152,paf,getMeanTimeToDeliveryReport,1.0000
2152,paf,getMeanTimeToDelivery,1.0000
2152,paf,getTransactionContext,1.0000
2152,paf,queryOrderById,1.0000
2152,paf,getEnterpriseByID,1.0000
2152,paf,getTransaction,1.0000
2152,paf,queryStockItem,1.0000
2152,ep,Persistence,1.0000
2152,ep,DataStore,1.0000
2152,ep,Enterprise,1.0000
2152,ep,Reporting,1.0000
2158,paf,getMeanTimeToDeliveryReport,1.0000
2158,paf,getMeanTimeToDelivery,1.0000
2158,paf,getTransactionContext,1.0000
2158,paf,queryOrderById,1.0000
2158,paf,enterOrderID,1.0000
2158,paf,getEnterpriseByID,1.0000
2158,paf,getTransaction,1.0000
2158,paf,queryStockItem,1.0000
2158,ep,Persistence,1.0000
2158,ep,DataStore,1.0000
2158,ep,Enterprise,1.0000
2158,ep,Reporting,1.0000
2160,paf,createReport,1.0000
2160,paf,getMeanTimeToDeliveryReport,1.0000
2160,paf,enterOrderID,1.0000
2160,paf,getEnterpriseByID,1.0000
2160,paf,getTransaction,1.0000
2164,paf,createReport,1.0000
2164,paf,getMeanTimeToDeliveryReport,1.0000
2164,paf,getMeanTimeToDelivery,1.0000
2164,paf,getTransactionContext,1.0000
2164,paf,queryOrderById,1.0000
2164,paf,enterOrderID,1.0000
2164,paf,getEnterpriseByID,1.0000
2164,paf,getTransaction,1.0000
2164,paf,queryStockItem,1.0000
2164,ep,Persistence,1.0000
2164,ep,DataStore,1.0000
2164,ep,Enterprise,1.0000
2164,ep,Reporting,1.0000
2166,paf,getMeanTimeToDeliveryReport,1.0000
2166,paf,rollInReceivedOrder,1.0000
2166,paf,getMeanTimeToDelivery,1.0000
2166,paf,getTransactionContext,1.0000
2166,paf,queryOrderById,1.0000
2166,paf,getEnterpriseByID,1.0000
2166,paf,getTransaction,1.0000
2166,paf,queryStockItem,1.0000
2166,ep,Persistence,1.0000
2166,ep,DataStore,1.0000
2166,ep,Enterprise,1.0000
2166,ep,Reporting,1.0000
2170,paf,createReport,1.0000
2170,paf,getMeanTimeToDelivery,1.0000
2170,paf,getTransactionContext,1.0000
2170,paf,queryOrderById,1.0000
2170,paf,enterOrderID,1.0000
2170,paf,getEnterpriseByID,1.0000
2170,paf,getTransaction,1.0000
2170,paf,queryStockItem,1.0000
2170,ep,Persistence,1.0000
2170,ep,DataStore,1.0000
2170,ep,Enterprise,1.0000
2170,ep,Reporting,1.0000
2174,paf,createReport,1.0000
2174,paf,getMeanTimeToDeliveryReport,1.0000
2174,paf,getMeanTimeToDelivery,1.0000
2174,paf,getTransactionContext,1.0000
2174,paf,queryOrderById,1.0000
2174,paf,enterOrderID,1.0000
2174,paf,getEnterpriseByID,1.0000
2174,paf,getTransaction,1.0000
2174,ep,Persistence,1.0000
2174,ep,DataStore,1.0000
2174,ep,Enterprise,1.0000
2174,ep,Reporting,1.0000
2180,paf,createReport,1.0000
2180,paf,getMeanTimeToDeliveryReport,1.0000
2180,paf,getMeanTimeToDelivery,1.0000
2180,paf,enterOrderID,1.0000
2180,paf,getEnterpriseByID,1.0000
2180,paf,getTransaction,1.0000
2182,paf,createReport,1.0000
2182,paf,getMeanTimeToDelivery,1.0000
2182,paf,getTransactionContext,1.0000
2182,paf,queryOrderById,1.0000
2182,paf,enterOrderID,1.0000
2182,paf,getEnterpriseByID,1.0000
2182,paf,getTransaction,1.0000
2182,paf,queryStockItem,1.0000
2182,ep,Persistence,1.0000
2182,ep,DataStore,1.0000
2182,ep,Enterprise,1.0000
2182,ep,Reporting,1.0000
2188,paf,createReport,1.0000
2188,paf,getMeanTimeToDelivery,1.0000
2188,paf,getTransactionContext,1.0000
2188,paf,queryOrderById,1.0000
2188,paf,enterOrderID,1.0000
2188,paf,getEnterpriseByID,1.0000
2188,paf,getTransaction,1.0000
2188,paf,queryStockItem,1.0000
2188,ep,Persistence,1.0000
2188,ep,DataStore,1.0000
2188,ep,Enterprise,1.0000
2188,ep,Reporting,1.0000
2190,paf,createReport,1.0000
2190,paf,getMeanTimeToDeliveryReport,1.0000
2190,paf,rollInReceivedOrder,1.0000
2190,paf,getTransactionContext,1.0000
2190,paf,queryOrderById,1.0000
2190,paf,enterOrderID,1.0000
2190,paf,getEnterpriseByID,1.0000
2190,paf,getTransaction,1.0000
2190,paf,queryStockItem,1.0000
2190,ep,Persistence,1.0000
2190,ep,DataStore,1.0000
2190,ep,Enterprise,1.0000
2190,ep,Reporting,1.0000
2194,paf,getMeanTimeToDeliveryReport,1.0000
2194,paf,getMeanTimeToDelivery,1.0000
2194,paf,getTransactionContext,1.0000
2194,paf,queryOrderById,1.0000
2194,paf,enterOrderID,1.0000
2194,paf,getEnterpriseByID,1.0000
2194,paf,getTransaction,1.0000
2194,paf,queryStockItem,1.0000
2194,ep,Persistence,1.0000
2194,ep,DataStore,1.0000
2194,ep,Enterprise,1.0000
2194,ep,Reporting,1.0000
2196,paf,getMeanTimeToDeliveryReport,1.0000
2196,paf,getMeanTimeToDelivery,1.0000
2196,paf,getTransactionContext,1.0000
2196,paf,queryOrderById,1.0000
2196,paf,getEnterpriseByID,1.0000
2196,paf,getTransaction,1.0000
2196,paf,queryStockItem,1.0000
2196,ep,Persistence,1.0000
2196,ep,DataStore,1.0000
2196,ep,Enterprise,1.0000
2196,ep,Reporting,1.0000
2200,paf,getMeanTimeToDeliveryReport,1.0000
2200,paf,getMeanTimeToDelivery,1.0000
2200,paf,getTransactionContext,1.0000
2200,paf,queryOrderById,1.0000
2200,paf,getEnterpriseByID,1.0000
2200,paf,getTransaction,1.0000
2200,paf,queryStockItem,1.0000
2200,ep,Persistence,1.0000
2200,ep,DataStore,1.0000
2200,ep,Enterprise,1.0000
2200,ep,Reporting,1.0000
2204,paf,createReport,1.0000
2204,paf,getMeanTimeToDelivery,1.0000
2204,paf,getTransactionContext,1.0000
2204,paf,queryOrderById,1.0000
2204,paf,enterOrderID,1.0000
2204,paf,getEnterpriseByID,1.0000
2204,paf,getTransaction,1.0000
2204,paf,queryStockItem,1.0000
2204,ep,Persistence,1.0000
2204,ep,DataStore,1.0000
2204,ep,Enterprise,1.0000
2204,ep,Reporting,1.0000
2210,paf,createReport,1.0000
2210,paf,getMeanTimeToDeliveryReport,1.0000
2210,paf,getMeanTimeToDelivery,1.0000
2210,paf,getTransactionContext,1.0000
2210,paf,queryOrderById,1.0000
2210,paf,enterOrderID,1.0000
2210,paf,getEnterpriseByID,1.0000
2210,paf,getTransaction,1.0000
2210,paf,queryStockItem,1.0000
2210,ep,Persistence,1.0000
2210,ep,DataStore,1.0000
2210,ep,Enterprise,1.0000
2210,ep,Reporting,1.0000
2212,paf,getMeanTimeToDelivery,1.0000
2212,paf,getTransactionContext,1.0000
2212,paf,queryOrderById,1.0000
2212,paf,getEnterpriseByID,1.0000
2212,paf,getTransaction,1.0000
2212,paf,queryStockItem,1.0000
2212,ep,Persistence,1.0000
2212,ep,DataStore,1.0000
2212,ep,Enterprise,1.0000
2212,ep,Reporting,1.0000
2218,paf,createReport,1.0000
2218,paf,getMeanTimeToDeliveryReport,1.0000
2218,paf,rollInReceivedOrder,1.0000
2218,paf,getTransactionContext,1.0000
2218,paf,enterOrderID,1.0000
2218,paf,getEnterpriseByID,1.0000
2218,paf,getTransaction,1.0000
2218,paf,queryStockItem,1.0000
2218,ep,Persistence,1.0000
2218,ep,DataStore,1.0000
2218,ep,Enterprise,1.0000
2218,ep,Reporting,1.0000
2220,paf,getMeanTimeToDeliveryReport,1.0000
2220,paf,getMeanTimeToDelivery,1.0000
2220,paf,getTransactionContext,1.0000
2220,paf,queryOrderById,1.0000
2220,paf,getEnterpriseByID,1.0000
2220,paf,getTransaction,1.0000
2220,paf,queryStockItem,1.0000
2220,ep,Persistence,1.0000
2220,ep,DataStore,1.0000
2220,ep,Enterprise,1.0000
2220,ep,Reporting,1.0000
2224,paf,createReport,1.0000
2224,paf,getMeanTimeToDeliveryReport,1.0000
2224,paf,rollInReceivedOrder,1.0000
2224,paf,getTransactionContext,1.0000
2224,paf,queryOrderById,1.0000
2224,paf,enterOrderID,1.0000
2224,paf,getEnterpriseByID,1.0000
2224,paf,getTransaction,1.0000
2224,paf,queryStockItem,1.0000
2224,ep,Persistence,1.0000
2224,ep,DataStore,1.0000
2224,ep,Enterprise,1.0000
2224,ep,Reporting,1.0000
2226,paf,createReport,1.0000
2226,paf,getMeanTimeToDeliveryReport,1.0000
2226,paf,getMeanTimeToDelivery,1.0000
2226,paf,getTransactionContext,1.0000
2226,paf,queryOrderById,1.0000
2226,paf,enterOrderID,1.0000
2226,paf,getEnterpriseByID,1.0000
2226,paf,getTransaction,1.0000
2226,paf,queryStockItem,1.0000
2226,ep,Persistence,1.0000
2226,ep,DataStore,1.0000
2226,ep,Enterprise,1.0000
2226,ep,Reporting,1.0000
2230,paf,createReport,1.0000
2230,paf,getMeanTimeToDeliveryReport,1.0000
2230,paf,getMeanTimeToDelivery,1.0000
2230,paf,getTransactionContext,1.0000
2230,paf,queryOrderById,1.0000
2230,paf,enterOrderID,1.0000
2230,paf,getEnterpriseByID,1.0000
2230,paf,getTransaction,1.0000
2230,paf,queryStockItem,1.0000
2230,ep,Persistence,1.0000
2230,ep,DataStore,1.0000
2230,ep,Enterprise,1.0000
2230,ep,Reporting,1.0000
2234,paf,createReport,1.0000
2234,paf,getMeanTimeToDeliveryReport,1.0000
2234,paf,getMeanTimeToDelivery,1.0000
2234,paf,getTransactionContext,1.0000
2234,paf,queryOrderById,1.0000
2234,paf,enterOrderID,1.0000
2234,paf,getEnterpriseByID,1.0000
2234,paf,getTransaction,1.0000
2234,ep,Persistence,1.0000
2234,ep,DataStore,1.0000
2234,ep,Enterprise,1.0000
2234,ep,Reporting,1.0000
2238,paf,getMeanTimeToDeliveryReport,1.0000
2238,paf,rollInReceivedOrder,1.0000
2238,paf,getMeanTimeToDelivery,1.0000
2238,paf,getTransactionContext,1.0000
2238,paf,queryOrderById,1.0000
2238,paf,getEnterpriseByID,1.0000
2238,paf,getTransaction,1.0000
2238,paf,queryStockItem,1.0000
2238,ep,Persistence,1.0000
2238,ep,DataStore,1.0000
2238,ep,Enterprise,1.0000
2238,ep,Reporting,1.0000
2244,paf,createReport,1.0000
2244,paf,getMeanTimeToDeliveryReport,1.0000
2244,paf,getMeanTimeToDelivery,1.0000
2244,paf,getTransactionContext,1.0000
2244,paf,queryOrderById,1.0000
2244,paf,enterOrderID,1.0000
2244,paf,getEnterpriseByID,1.0000
2244,paf,getTransaction,1.0000
2244,paf,queryStockItem,1.0000
2244,ep,Persistence,1.0000
2244,ep,DataStore,1.0000
2244,ep,Enterprise,1.0000
2244,ep,Reporting,1.0000
2246,paf,createReport,1.0000
2246,paf,getMeanTimeToDeliveryReport,1.0000
2246,paf,getMeanTimeToDelivery,1.0000
2246,paf,getTransactionContext,1.0000
2246,paf,queryOrderById,1.0000
2246,paf,enterOrderID,1.0000
2246,paf,getEnterpriseByID,1.0000
2246,paf,getTransaction,1.0000
2246,paf,queryStockItem,1.0000
2246,ep,Persistence,1.0000
2246,ep,DataStore,1.0000
2246,ep,Enterprise,1.0000
2246,ep,Reporting,1.0000
2250,paf,createReport,1.0000
2250,paf,getMeanTimeToDeliveryReport,1.0000
2250,paf,getMeanTimeToDelivery,1.0000
2250,paf,getTransactionContext,1.0000
2250,paf,queryOrderById,1.0000
2250,paf,enterOrderID,1.0000
2250,paf,getEnterpriseByID,1.0000
2250,paf,getTransaction,1.0000
2250,paf,queryStockItem,1.0000
2250,ep,Persistence,1.0000
2250,ep,DataStore,1.0000
2250,ep,Enterprise,1.0000
2250,ep,Reporting,1.0000
2254,paf,getMeanTimeToDelivery,1.0000
2254,paf,getTransactionContext,1.0000
2254,paf,queryOrderById,1.0000
2254,paf,getEnterpriseByID,1.0000
2254,paf,getTransaction,1.0000
2254,paf,queryStockItem,1.0000
2254,ep,Persistence,1.0000
2254,ep,DataStore,1.0000
2254,ep,Enterprise,1.0000
2254,ep,Reporting,1.0000
2258,paf,getMeanTimeToDelivery,1.0000
2258,paf,getTransactionContext,1.0000
2258,paf,queryOrderById,1.0000
2258,paf,getEnterpriseByID,1.0000
2258,paf,getTransaction,1.0000
2258,paf,queryStockItem,1.0000
2258,ep,Persistence,1.0000
2258,ep,DataStore,1.0000
2258,ep,Enterprise,1.0000
2260,paf,createReport,1.0000
2260,paf,getMeanTimeToDeliveryReport,1.0000
2260,paf,getMeanTimeToDelivery,1.0000
2260,paf,getTransactionContext,1.0000
2260,paf,queryOrderById,1.0000
2260,paf,enterOrderID,1.0000
2260,paf,getEnterpriseByID,1.0000
2260,paf,getTransaction,1.0000
2260,paf,queryStockItem,1.0000
2260,ep,Persistence,1.0000
2260,ep,DataStore,1.0000
2260,ep,Enterprise,1.0000
2260,ep,Reporting,1.0000
2264,paf,getMeanTimeToDelivery,1.0000
2264,paf,getTransactionContext,1.0000
2264,paf,queryOrderById,1.0000
2264,paf,getEnterpriseByID,1.0000
2264,paf,getTransaction,1.0000
2264,paf,queryStockItem,1.0000
2264,ep,Persistence,1.0000
2264,ep,DataStore,1.0000
2264,ep,Enterprise,1.0000
2264,ep,Reporting,1.0000
2266,paf,createReport,1.0000
2266,paf,getTransactionContext,1.0000
2266,paf,queryOrderById,1.0000
2266,paf,enterOrderID,1.0000
2266,paf,getEnterpriseByID,1.0000
2266,paf,getTransaction,1.0000
2266,paf,queryStockItem,1.0000
2266,ep,Persistence,1.0000
2266,ep,DataStore,1.0000
2266,ep,Enterprise,1.0000
2266,ep,Reporting,1.0000
2270,paf,createReport,1.0000
2270,paf,getMeanTimeToDeliveryReport,1.0000
2270,paf,rollInReceivedOrder,1.0000
2270,paf,getTransactionContext,1.0000
2270,paf,queryOrderById,1.0000
2270,paf,enterOrderID,1.0000
2270,paf,getEnterpriseByID,1.0000
2270,paf,getTransaction,1.0000
2270,paf,queryStockItem,1.0000
2270,ep,Persistence,1.0000
2270,ep,DataStore,1.0000
2270,ep,Enterprise,1.0000
2270,ep,Reporting,1.0000
2274,paf,createReport,1.0000
2274,paf,getMeanTimeToDelivery,1.0000
2274,paf,getTransactionContext,1.0000
2274,paf,queryOrderById,1.0000
2274,paf,enterOrderID,1.0000
2274,paf,getEnterpriseByID,1.0000
2274,paf,getTransaction,1.0000
2274,paf,queryStockItem,1.0000
2274,ep,Persistence,1.0000
2274,ep,DataStore,1.0000
2274,ep,Enterprise,1.0000
2274,ep,Reporting,1.0000
2278,paf,createReport,1.0000
2278,paf,getMeanTimeToDeliveryReport,1.0000
2278,paf,getMeanTimeToDelivery,1.0000
2278,paf,getTransactionContext,1.0000
2278,paf,queryOrderById,1.0000
2278,paf,enterOrderID,1.0000
2278,paf,getEnterpriseByID,1.0000
2278,paf,getTransaction,1.0000
2278,paf,queryStockItem,1.0000
2278,ep,Persistence,1.0000
2278,ep,DataStore,1.0000
2278,ep,Enterprise,1.0000
2278,ep,Reporting,1.0000
2282,paf,createReport,1.0000
2282,paf,getMeanTimeToDeliveryReport,1.0000
2282,paf,rollInReceivedOrder,1.0000
2282,paf,queryOrderById,1.0000
2282,paf,enterOrderID,1.0000
2282,paf,getEnterpriseByID,1.0000
2282,paf,getTransaction,1.0000
2282,paf,queryStockItem,1.0000
2282,ep,Persistence,1.0000
2282,ep,DataStore,1.0000
2282,ep,Enterprise,1.0000
2282,ep,Reporting,1.0000
2286,paf,createReport,1.0000
2286,paf,getMeanTimeToDelivery,1.0000
2286,paf,getTransactionContext,1.0000
2286,paf,queryOrderById,1.0000
2286,paf,enterOrderID,1.0000
2286,paf,getEnterpriseByID,1.0000
2286,paf,getTransaction,1.0000
2286,paf,queryStockItem,1.0000
2286,ep,Persistence,1.0000
2286,ep,DataStore,1.0000
2286,ep,Enterprise,1.0000
2286,ep,Reporting,1.0000
2290,paf,createReport,1.0000
2290,paf,getMeanTimeToDeliveryReport,1.0000
2290,paf,getMeanTimeToDelivery,1.0000
2290,paf,getTransactionContext,1.0000
2290,paf,queryOrderById,1.0000
2290,paf,enterOrderID,1.0000
2290,paf,getEnterpriseByID,1.0000
2290,paf,getTransaction,1.0000
2290,paf,queryStockItem,1.0000
2290,ep,Persistence,1.0000
2290,ep,DataStore,1.0000
2290,ep,Enterprise,1.0000
2290,ep,Reporting,1.0000
2292,paf,createReport,1.0000
2292,paf,getMeanTimeToDeliveryReport,1.0000
2292,paf,rollInReceivedOrder,1.0000
2292,paf,queryOrderById,1.0000
2292,paf,enterOrderID,1.0000
2292,paf,getEnterpriseByID,1.0000
2292,paf,getTransaction,1.0000
2292,paf,queryStockItem,1.0000
2292,ep,Persistence,1.0000
2292,ep,DataStore,1.0000
2292,ep,Enterprise,1.0000
2292,ep,Reporting,1.0000
2294,paf,createReport,1.0000
2294,paf,getMeanTimeToDeliveryReport,1.0000
2294,paf,getMeanTimeToDelivery,1.0000
2294,paf,getTransactionContext,1.0000
2294,paf,queryOrderById,1.0000
2294,paf,enterOrderID,1.0000
2294,paf,getEnterpriseByID,1.0000
2294,paf,getTransaction,1.0000
2294,ep,Persistence,1.0000
2294,ep,DataStore,1.0000
2294,ep,Enterprise,1.0000
2294,ep,Reporting,1.0000
2298,paf,createReport,1.0000
2298,paf,getMeanTimeToDeliveryReport,1.0000
2298,paf,getMeanTimeToDelivery,1.0000
2298,paf,getTransactionContext,1.0000
2298,paf,queryOrderById,1.0000
2298,paf,enterOrderID,1.0000
2298,paf,getEnterpriseByID,1.0000
2298,paf,getTransaction,1.0000
2298,ep,Persistence,1.0000
2298,ep,DataStore,1.0000
2298,ep,Enterprise,1.0000
2298,ep,Reporting,1.0000
2302,paf,createReport,1.0000
2302,paf,getMeanTimeToDelivery,1.0000
2302,paf,getTransactionContext,1.0000
2302,paf,queryOrderById,1.0000
2302,paf,enterOrderID,1.0000
2302,paf,getEnterpriseByID,1.0000
2302,paf,getTransaction,1.0000
2302,paf,queryStockItem,1.0000
2302,ep,Persistence,1.0000
2302,ep,DataStore,1.0000
2302,ep,Enterprise,1.0000
2302,ep,Reporting,1.0000
2306,paf,createReport,1.0000
2306,paf,getMeanTimeToDeliveryReport,1.0000
2306,paf,getMeanTimeToDelivery,1.0000
2306,paf,getTransactionContext,1.0000
2306,paf,queryOrderById,1.0000
2306,paf,enterOrderID,1.0000
2306,paf,getEnterpriseByID,1.0000
2306,paf,getTransaction,1.0000
2306,paf,queryStockItem,1.0000
2306,ep,Persistence,1.0000
2306,ep,DataStore,1.0000
2306,ep,Enterprise,1.0000
2306,ep,Reporting,1.0000
2310,paf,createReport,1.0000
2310,paf,getMeanTimeToDelivery,1.0000
2310,paf,getTransactionContext,1.0000
2310,paf,queryOrderById,1.0000
2310,paf,enterOrderID,1.0000
2310,paf,getEnterpriseByID,1.0000
2310,paf,getTransaction,1.0000
2310,paf,queryStockItem,1.0000
2310,ep,Persistence,1.0000
2310,ep,DataStore,1.0000
2310,ep,Enterprise,1.0000
2310,ep,Reporting,1.0000
2314,paf,createReport,1.0000
2314,paf,getMeanTimeToDeliveryReport,1.0000
2314,paf,getMeanTimeToDelivery,1.0000
2314,paf,enterOrderID,1.0000
2314,paf,getEnterpriseByID,1.0000
2314,paf,getTransaction,1.0000
2316,paf,createReport,1.0000
2316,paf,getMeanTimeToDeliveryReport,1.0000
2316,paf,getMeanTimeToDelivery,1.0000
2316,paf,getTransactionContext,1.0000
2316,paf,queryOrderById,1.0000
2316,paf,enterOrderID,1.0000
2316,paf,getEnterpriseByID,1.0000
2316,paf,getTransaction,1.0000
2316,paf,queryStockItem,1.0000
2316,ep,Persistence,1.0000
2316,ep,DataStore,1.0000
2316,ep,Enterprise,1.0000
2316,ep,Reporting,1.0000
2320,paf,createReport,1.0000
2320,paf,getMeanTimeToDeliveryReport,1.0000
2320,paf,enterOrderID,1.0000
2320,paf,getEnterpriseByID,1.0000
2320,paf,getTransaction,1.0000
2324,paf,createReport,1.0000
2324,paf,getMeanTimeToDeliveryReport,1.0000
2324,paf,getMeanTimeToDelivery,1.0000
2324,paf,getTransactionContext,1.0000
2324,paf,queryOrderById,1.0000
2324,paf,enterOrderID,1.0000
2324,paf,getEnterpriseByID,1.0000
2324,paf,getTransaction,1.0000
2324,paf,queryStockItem,1.0000
2324,ep,Persistence,1.0000
2324,ep,DataStore,1.0000
2324,ep,Enterprise,1.0000
2324,ep,Reporting,1.0000
2328,paf,createReport,1.0000
2328,paf,getMeanTimeToDeliveryReport,1.0000
2328,paf,enterOrderID,1.0000
2328,paf,getEnterpriseByID,1.0000
2328,paf,getTransaction,1.0000
2332,paf,createReport,1.0000
2332,paf,getMeanTimeToDeliveryReport,1.0000
2332,paf,getMeanTimeToDelivery,1.0000
2332,paf,enterOrderID,1.0000
2332,paf,getEnterpriseByID,1.0000
2332,paf,getTransaction,1.0000
2336,paf,createReport,1.0000
2336,paf,getMeanTimeToDeliveryReport,1.0000
2336,paf,getMeanTimeToDelivery,1.0000
2336,paf,getTransactionContext,1.0000
2336,paf,queryOrderById,1.0000
2336,paf,enterOrderID,1.0000
2336,paf,getEnterpriseByID,1.0000
2336,paf,getTransaction,1.0000
2336,paf,queryStockItem,1.0000
2336,ep,Persistence,1.0000
2336,ep,DataStore,1.0000
2336,ep,Enterprise,1.0000
2336,ep,Reporting,1.0000
2340,paf,createReport,1.0000
2340,paf,getMeanTimeToDeliveryReport,1.0000
2340,paf,rollInReceivedOrder,1.0000
2340,paf,queryOrderById,1.0000
2340,paf,enterOrderID,1.0000
2340,paf,getEnterpriseByID,1.0000
2340,paf,getTransaction,1.0000
2340,paf,queryStockItem,1.0000
2340,ep,Persistence,1.0000
2340,ep,DataStore,1.0000
2340,ep,Enterprise,1.0000
2340,ep,Reporting,1.0000
2346,paf,createReport,1.0000
2346,paf,getMeanTimeToDeliveryReport,1.0000
2346,paf,getMeanTimeToDelivery,1.0000
2346,paf,getTransactionContext,1.0000
2346,paf,queryOrderById,1.0000
2346,paf,enterOrderID,1.0000
2346,paf,getEnterpriseByID,1.0000
2346,paf,getTransaction,1.0000
2346,paf,queryStockItem,1.0000
2346,ep,Persistence,1.0000
2346,ep,DataStore,1.0000
2346,ep,Enterprise,1.0000
2346,ep,Reporting,1.0000
2348,paf,getMeanTimeToDelivery,1.0000
2348,paf,getTransactionContext,1.0000
2348,paf,queryOrderById,1.0000
2348,paf,getEnterpriseByID,1.0000
2348,paf,getTransaction,1.0000
2348,paf,queryStockItem,1.0000
2348,ep,Persistence,1.0000
2348,ep,DataStore,1.0000
2348,ep,Enterprise,1.0000
2352,paf,createReport,1.0000
2352,paf,getMeanTimeToDelivery,1.0000
2352,paf,getTransactionContext,1.0000
2352,paf,queryOrderById,1.0000
2352,paf,enterOrderID,1.0000
2352,paf,getEnterpriseByID,1.0000
2352,paf,getTransaction,1.0000
2352,paf,queryStockItem,1.0000
2352,ep,Persistence,1.0000
2352,ep,DataStore,1.0000
2352,ep,Enterprise,1.0000
2352,ep,Reporting,1.0000
2356,paf,getMeanTimeToDeliveryReport,1.0000
2356,paf,getMeanTimeToDelivery,1.0000
2356,paf,getTransactionContext,1.0000
2356,paf,queryOrderById,1.0000
2356,paf,getEnterpriseByID,1.0000
2356,paf,getTransaction,1.0000
2356,paf,queryStockItem,1.0000
2356,ep,Persistence,1.0000
2356,ep,DataStore,1.0000
2356,ep,Enterprise,1.0000
2356,ep,Reporting,1.0000
2360,paf,createReport,1.0000
2360,paf,getMeanTimeToDeliveryReport,1.0000
2360,paf,rollInReceivedOrder,1.0000
2360,paf,queryOrderById,1.0000
2360,paf,enterOrderID,1.0000
2360,paf,getEnterpriseByID,1.0000
2360,paf,getTransaction,1.0000
2360,paf,queryStockItem,1.0000
2360,ep,Persistence,1.0000
2360,ep,DataStore,1.0000
2360,ep,Enterprise,1.0000
2360,ep,Reporting,1.0000
2366,paf,createReport,1.0000
2366,paf,getMeanTimeToDeliveryReport,1.0000
2366,paf,getMeanTimeToDelivery,1.0000
2366,paf,getTransactionContext,1.0000
2366,paf,queryOrderById,1.0000
2366,paf,enterOrderID,1.0000
2366,paf,getEnterpriseByID,1.0000
2366,paf,getTransaction,1.0000
2366,paf,queryStockItem,1.0000
2366,ep,Persistence,1.0000
2366,ep,DataStore,1.0000
2366,ep,Enterprise,1.0000
2366,ep,Reporting,1.0000
2368,paf,createReport,1.0000
2368,paf,getMeanTimeToDeliveryReport,1.0000
2368,paf,enterOrderID,1.0000
2368,paf,getEnterpriseByID,1.0000
2368,paf,getTransaction,1.0000
2374,paf,createReport,1.0000
2374,paf,getTransactionContext,1.0000
2374,paf,queryOrderById,1.0000
2374,paf,enterOrderID,1.0000
2374,paf,getEnterpriseByID,1.0000
2374,paf,getTransaction,1.0000
2374,paf,queryStockItem,1.0000
2374,ep,Persistence,1.0000
2374,ep,DataStore,1.0000
2374,ep,Enterprise,1.0000
2374,ep,Reporting,1.0000
2376,paf,getMeanTimeToDeliveryReport,1.0000
2376,paf,rollInReceivedOrder,1.0000
2376,paf,getMeanTimeToDelivery,1.0000
2376,paf,getTransactionContext,1.0000
2376,paf,queryOrderById,1.0000
2376,paf,getEnterpriseByID,1.0000
2376,paf,getTransaction,1.0000
2376,paf,queryStockItem,1.0000
2376,ep,Persistence,1.0000
2376,ep,DataStore,1.0000
2376,ep,Enterprise,1.0000
2376,ep,Reporting,1.0000
2380,paf,getMeanTimeToDelivery,1.0000
2380,paf,getTransactionContext,1.0000
2380,paf,queryOrderById,1.0000
2380,paf,getEnterpriseByID,1.0000
2380,paf,getTransaction,1.0000
2380,paf,queryStockItem,1.0000
2380,ep,Persistence,1.0000
2380,ep,DataStore,1.0000
2380,ep,Enterprise,1.0000
2384,paf,createReport,1.0000
2384,paf,getMeanTimeToDeliveryReport,1.0000
2384,paf,getMeanTimeToDelivery,1.0000
2384,paf,getTransactionContext,1.0000
2384,paf,queryOrderById,1.0000
2384,paf,enterOrderID,1.0000
2384,paf,getEnterpriseByID,1.0000
2384,paf,getTransaction,1.0000
2384,paf,queryStockItem,1.0000
2384,ep,Persistence,1.0000
2384,ep,DataStore,1.0000
2384,ep,Enterprise,1.0000
2384,ep,Reporting,1.0000
2388,paf,getMeanTimeToDelivery,1.0000
2388,paf,getTransactionContext,1.0000
2388,paf,queryOrderById,1.0000
2388,paf,getEnterpriseByID,1.0000
2388,paf,getTransaction,1.0000
2388,paf,queryStockItem,1.0000
2388,ep,Persistence,1.0000
2388,ep,DataStore,1.0000
2388,ep,Enterprise,1.0000
2392,paf,createReport,1.0000
2392,paf,getMeanTimeToDelivery,1.0000
2392,paf,getTransactionContext,1.0000
2392,paf,queryOrderById,1.0000
2392,paf,enterOrderID,1.0000
2392,paf,getEnterpriseByID,1.0000
2392,paf,getTransaction,1.0000
2392,paf,queryStockItem,1.0000
2392,ep,Persistence,1.0000
2392,ep,DataStore,1.0000
2392,ep,Enterprise,1.0000
2392,ep,Reporting,1.0000
2394,paf,createReport,1.0000
2394,paf,getMeanTimeToDelivery,1.0000
2394,paf,getTransactionContext,1.0000
2394,paf,queryOrderById,1.0000
2394,paf,enterOrderID,1.0000
2394,paf,getEnterpriseByID,1.0000
2394,paf,getTransaction,1.0000
2394,paf,queryStockItem,1.0000
2394,ep,Persistence,1.0000
2394,ep,DataStore,1.0000
2394,ep,Enterprise,1.0000
2394,ep,Reporting,1.0000
2398,paf,createReport,1.0000
2398,paf,getMeanTimeToDeliveryReport,1.0000
2398,paf,getMeanTimeToDelivery,1.0000
2398,paf,getTransactionContext,1.0000
2398,paf,queryOrderById,1.0000
2398,paf,enterOrderID,1.0000
2398,paf,getEnterpriseByID,1.0000
2398,paf,getTransaction,1.0000
2398,paf,queryStockItem,1.0000
2398,ep,Persistence,1.0000
2398,ep,DataStore,1.0000
2398,ep,Enterprise,1.0000
2398,ep,Reporting,1.0000
2400,paf,getMeanTimeToDeliveryReport,1.0000
2400,paf,rollInReceivedOrder,1.0000
2400,paf,getMeanTimeToDelivery,1.0000
2400,paf,getTransactionContext,1.0000
2400,paf,queryOrderById,1.0000
2400,paf,getEnterpriseByID,1.0000
2400,paf,queryStockItem,1.0000
2400,ep,Persistence,1.0000
2400,ep,DataStore,1.0000
2400,ep,Enterprise,1.0000
2400,ep,Reporting,1.0000
2404,paf,getMeanTimeToDelivery,1.0000
2404,paf,getTransactionContext,1.0000
2404,paf,queryOrderById,1.0000
2404,paf,getEnterpriseByID,1.0000
2404,paf,getTransaction,1.0000
2404,paf,queryStockItem,1.0000
2404,ep,Persistence,1.0000
2404,ep,DataStore,1.0000
2404,ep,Enterprise,1.0000
2408,paf,createReport,1.0000
2408,paf,getMeanTimeToDelivery,1.0000
2408,paf,getTransactionContext,1.0000
2408,paf,queryOrderById,1.0000
2408,paf,enterOrderID,1.0000
2408,paf,getEnterpriseByID,1.0000
2408,paf,getTransaction,1.0000
2408,paf,queryStockItem,1.0000
2408,ep,Persistence,1.0000
2408,ep,DataStore,1.0000
2408,ep,Enterprise,1.0000
2408,ep,Reporting,1.0000
2412,paf,createReport,1.0000
2412,paf,getMeanTimeToDeliveryReport,1.0000
2412,paf,enterOrderID,1.0000
2412,paf,getEnterpriseByID,1.0000
2412,paf,getTransaction,1.0000
2416,paf,createReport,1.0000
2416,paf,getMeanTimeToDeliveryReport,1.0000
2416,paf,getMeanTimeToDelivery,1.0000
2416,paf,getTransactionContext,1.0000
2416,paf,queryOrderById,1.0000
2416,paf,enterOrderID,1.0000
2416,paf,getEnterpriseByID,1.0000
2416,paf,getTransaction,1.0000
2416,paf,queryStockItem,1.0000
2416,ep,Persistence,1.0000
2416,ep,DataStore,1.0000
2416,ep,Enterprise,1.0000
2416,ep,Reporting,1.0000
2420,paf,createReport,1.0000
2420,paf,getMeanTimeToDeliveryReport,1.0000
2420,paf,getMeanTimeToDelivery,1.0000
2420,paf,getTransactionContext,1.0000
2420,paf,queryOrderById,1.0000
2420,paf,enterOrderID,1.0000
2420,paf,getEnterpriseByID,1.0000
2420,paf,getTransaction,1.0000
2420,paf,queryStockItem,1.0000
2420,ep,Persistence,1.0000
2420,ep,DataStore,1.0000
2420,ep,Enterprise,1.0000
2420,ep,Reporting,1.0000
2424,paf,createReport,1.0000
2424,paf,getMeanTimeToDeliveryReport,1.0000
2424,paf,getMeanTimeToDelivery,1.0000
2424,paf,getTransactionContext,1.0000
2424,paf,queryOrderById,1.0000
2424,paf,enterOrderID,1.0000
2424,paf,getEnterpriseByID,1.0000
2424,paf,getTransaction,1.0000
2424,ep,Persistence,1.0000
2424,ep,DataStore,1.0000
2424,ep,Enterprise,1.0000
2424,ep,Reporting,1.0000
2428,paf,createReport,1.0000
2428,paf,getMeanTimeToDelivery,1.0000
2428,paf,getTransactionContext,1.0000
2428,paf,queryOrderById,1.0000
2428,paf,enterOrderID,1.0000
2428,paf,getEnterpriseByID,1.0000
2428,paf,getTransaction,1.0000
2428,paf,queryStockItem,1.0000
2428,ep,Persistence,1.0000
2428,ep,DataStore,1.0000
2428,ep,Enterprise,1.0000
2428,ep,Reporting,1.0000
2432,paf,createReport,1.0000
2432,paf,getMeanTimeToDeliveryReport,1.0000
2432,paf,enterOrderID,1.0000
2432,paf,getEnterpriseByID,1.0000
2432,paf,getTransaction,1.0000
2436,paf,createReport,1.0000
2436,paf,getMeanTimeToDeliveryReport,1.0000
2436,paf,getMeanTimeToDelivery,1.0000
2436,paf,enterOrderID,1.0000
2436,paf,getEnterpriseByID,1.0000
2436,paf,getTransaction,1.0000
2438,paf,getMeanTimeToDelivery,1.0000
2438,paf,getTransactionContext,1.0000
2438,paf,queryOrderById,1.0000
2438,paf,getEnterpriseByID,1.0000
2438,paf,getTransaction,1.0000
2438,paf,queryStockItem,1.0000
2438,ep,Persistence,1.0000
2438,ep,DataStore,1.0000
2438,ep,Enterprise,1.0000
2438,ep,Reporting,1.0000
2440,paf,createReport,1.0000
2440,paf,getMeanTimeToDelivery,1.0000
2440,paf,getTransactionContext,1.0000
2440,paf,queryOrderById,1.0000
2440,paf,enterOrderID,1.0000
2440,paf,getEnterpriseByID,1.0000
2440,paf,getTransaction,1.0000
2440,paf,queryStockItem,1.0000
2440,ep,Persistence,1.0000
2440,ep,DataStore,1.0000
2440,ep,Enterprise,1.0000
2440,ep,Reporting,1.0000
2444,paf,getMeanTimeToDelivery,1.0000
2444,paf,getTransactionContext,1.0000
2444,paf,queryOrderById,1.0000
2444,paf,getEnterpriseByID,1.0000
2444,paf,getTransaction,1.0000
2444,paf,queryStockItem,1.0000
2444,ep,Persistence,1.0000
2444,ep,DataStore,1.0000
2444,ep,Enterprise,1.0000
2448,paf,createReport,1.0000
2448,paf,getMeanTimeToDeliveryReport,1.0000
2448,paf,getMeanTimeToDelivery,1.0000
2448,paf,enterOrderID,1.0000
2448,paf,getEnterpriseByID,1.0000
2448,paf,getTransaction,1.0000
2452,paf,getMeanTimeToDelivery,1.0000
2452,paf,getTransactionContext,1.0000
2452,paf,queryOrderById,1.0000
2452,paf,getEnterpriseByID,1.0000
2452,paf,getTransaction,1.0000
2452,paf,queryStockItem,1.0000
2452,ep,Persistence,1.0000
2452,ep,DataStore,1.0000
2452,ep,Enterprise,1.0000
2456,paf,createReport,1.0000
2456,paf,getMeanTimeToDeliveryReport,1.0000
2456,paf,getMeanTimeToDelivery,1.0000
2456,paf,getTransactionContext,1.0000
2456,paf,queryOrderById,1.0000
2456,paf,enterOrderID,1.0000
2456,paf,getEnterpriseByID,1.0000
2456,paf,getTransaction,1.0000
2456,paf,queryStockItem,1.0000
2456,ep,Persistence,1.0000
2456,ep,DataStore,1.0000
2456,ep,Enterprise,1.0000
2456,ep,Reporting,1.0000
2458,paf,createReport,1.0000
2458,paf,getMeanTimeToDeliveryReport,1.0000
2458,paf,enterOrderID,1.0000
2458,paf,getEnterpriseByID,1.0000
2458,paf,getTransaction,1.0000
2462,paf,getMeanTimeToDeliveryReport,1.0000
2462,paf,rollInReceivedOrder,1.0000
2462,paf,getMeanTimeToDelivery,1.0000
2462,paf,getTransactionContext,1.0000
2462,paf,queryOrderById,1.0000
2462,paf,getEnterpriseByID,1.0000
2462,paf,getTransaction,1.0000
2462,paf,queryStockItem,1.0000
2462,ep,Persistence,1.0000
2462,ep,DataStore,1.0000
2462,ep,Enterprise,1.0000
2462,ep,Reporting,1.0000
2466,paf,createReport,1.0000
2466,paf,getTransactionContext,1.0000
2466,paf,queryOrderById,1.0000
2466,paf,enterOrderID,1.0000
2466,paf,getEnterpriseByID,1.0000
2466,paf,getTransaction,1.0000
2466,paf,queryStockItem,1.0000
2466,ep,Persistence,1.0000
2466,ep,DataStore,1.0000
2466,ep,Enterprise,1.0000
2466,ep,Reporting,1.0000
2470,paf,createReport,1.0000
2470,paf,getMeanTimeToDeliveryReport,1.0000
2470,paf,getMeanTimeToDelivery,1.0000
2470,paf,getTransactionContext,1.0000
2470,paf,queryOrderById,1.0000
2470,paf,enterOrderID,1.0000
2470,paf,getEnterpriseByID,1.0000
2470,paf,getTransaction,1.0000
2470,paf,queryStockItem,1.0000
2470,ep,Persistence,1.0000
2470,ep,DataStore,1.0000
2470,ep,Enterprise,1.0000
2470,ep,Reporting,1.0000
2474,paf,getMeanTimeToDeliveryReport,1.0000
2474,paf,rollInReceivedOrder,1.0000
2474,paf,getMeanTimeToDelivery,1.0000
2474,paf,getTransactionContext,1.0000
2474,paf,queryOrderById,1.0000
2474,paf,getEnterpriseByID,1.0000
2474,paf,getTransaction,1.0000
2474,paf,queryStockItem,1.0000
2474,ep,Persistence,1.0000
2474,ep,Enterprise,1.0000
2474,ep,Reporting,1.0000
2478,paf,getMeanTimeToDelivery,1.0000
2478,paf,getTransactionContext,1.0000
2478,paf,queryOrderById,1.0000
2478,paf,getEnterpriseByID,1.0000
2478,paf,getTransaction,1.0000
2478,paf,queryStockItem,1.0000
2478,ep,Persistence,1.0000
2478,ep,DataStore,1.0000
2478,ep,Enterprise,1.0000
2478,ep,Reporting,1.0000
2484,paf,createReport,1.0000
2484,paf,getMeanTimeToDeliveryReport,1.0000
2484,paf,enterOrderID,1.0000
2484,paf,getEnterpriseByID,1.0000
2484,paf,getTransaction,1.0000
2486,paf,createReport,1.0000
2486,paf,getMeanTimeToDeliveryReport,1.0000
2486,paf,getMeanTimeToDelivery,1.0000
2486,paf,getTransactionContext,1.0000
2486,paf,queryOrderById,1.0000
2486,paf,enterOrderID,1.0000
2486,paf,getEnterpriseByID,1.0000
2486,paf,getTransaction,1.0000
2486,ep,Persistence,1.0000
2486,ep,DataStore,1.0000
2486,ep,Enterprise,1.0000
2486,ep,Reporting,1.0000
2490,paf,createReport,1.0000
2490,paf,getTransactionContext,1.0000
2490,paf,queryOrderById,1.0000
2490,paf,enterOrderID,1.0000
2490,paf,getEnterpriseByID,1.0000
2490,paf,getTransaction,1.0000
2490,paf,queryStockItem,1.0000
2490,ep,Persistence,1.0000
2490,ep,DataStore,1.0000
2490,ep,Enterprise,1.0000
2490,ep,Reporting,1.0000
2492,paf,createReport,1.0000
2492,paf,getMeanTimeToDeliveryReport,1.0000
2492,paf,rollInReceivedOrder,1.0000
2492,paf,getTransactionContext,1.0000
2492,paf,queryOrderById,1.0000
2492,paf,enterOrderID,1.0000
2492,paf,getEnterpriseByID,1.0000
2492,paf,getTransaction,1.0000
2492,paf,queryStockItem,1.0000
2492,ep,Persistence,1.0000
2492,ep,DataStore,1.0000
2492,ep,Enterprise,1.0000
2492,ep,Reporting,1.0000
2496,paf,createReport,1.0000
2496,paf,getMeanTimeToDeliveryReport,1.0000
2496,paf,rollInReceivedOrder,1.0000
2496,paf,getTransactionContext,1.0000
2496,paf,queryOrderById,1.0000
2496,paf,enterOrderID,1.0000
2496,paf,getEnterpriseByID,1.0000
2496,paf,getTransaction,1.0000
2496,paf,queryStockItem,1.0000
2496,ep,Persistence,1.0000
2496,ep,DataStore,1.0000
2496,ep,Enterprise,1.0000
2496,ep,Reporting,1.0000
2500,paf,getMeanTimeToDeliveryReport,1.0000
2500,paf,getMeanTimeToDelivery,1.0000
2500,paf,getTransactionContext,1.0000
2500,paf,queryOrderById,1.0000
2500,paf,enterOrderID,1.0000
2500,paf,getEnterpriseByID,1.0000
2500,paf,getTransaction,1.0000
2500,paf,queryStockItem,1.0000
2500,ep,Persistence,1.0000
2500,ep,DataStore,1.0000
2500,ep,Enterprise,1.0000
2500,ep,Reporting,1.0000
2502,paf,createReport,1.0000
2502,paf,getMeanTimeToDeliveryReport,1.0000
2502,paf,rollInReceivedOrder,1.0000
2502,paf,getTransactionContext,1.0000
2502,paf,queryOrderById,1.0000
2502,paf,enterOrderID,1.0000
2502,paf,getEnterpriseByID,1.0000
2502,paf,getTransaction,1.0000
2502,paf,queryStockItem,1.0000
2502,ep,Persistence,1.0000
2502,ep,DataStore,1.0000
2502,ep,Enterprise,1.0000
2502,ep,Reporting,1.0000
2506,paf,createReport,1.0000
2506,paf,getMeanTimeToDeliveryReport,1.0000
2506,paf,getMeanTimeToDelivery,1.0000
2506,paf,getTransactionContext,1.0000
2506,paf,queryOrderById,1.0000
2506,paf,enterOrderID,1.0000
2506,paf,getEnterpriseByID,1.0000
2506,paf,getTransaction,1.0000
2506,ep,Persistence,1.0000
2506,ep,DataStore,1.0000
2506,ep,Enterprise,1.0000
2506,ep,Reporting,1.0000
2512,paf,createReport,1.0000
2512,paf,getMeanTimeToDelivery,1.0000
2512,paf,getTransactionContext,1.0000
2512,paf,queryOrderById,1.0000
2512,paf,enterOrderID,1.0000
2512,paf,getEnterpriseByID,1.0000
2512,paf,getTransaction,1.0000
2512,paf,queryStockItem,1.0000
2512,ep,Persistence,1.0000
2512,ep,DataStore,1.0000
2512,ep,Enterprise,1.0000
2512,ep,Reporting,1.0000
2514,paf,createReport,1.0000
2514,paf,getMeanTimeToDelivery,1.0000
2514,paf,getTransactionContext,1.0000
2514,paf,queryOrderById,1.0000
2514,paf,enterOrderID,1.0000
2514,paf,getEnterpriseByID,1.0000
2514,paf,getTransaction,1.0000
2514,paf,queryStockItem,1.0000
2514,ep,Persistence,1.0000
2514,ep,DataStore,1.0000
2514,ep,Enterprise,1.0000
2514,ep,Reporting,1.0000
2516,paf,createReport,1.0000
2516,paf,getMeanTimeToDeliveryReport,1.0000
2516,paf,getMeanTimeToDelivery,1.0000
2516,paf,getTransactionContext,1.0000
2516,paf,queryOrderById,1.0000
2516,paf,enterOrderID,1.0000
2516,paf,getEnterpriseByID,1.0000
2516,paf,getTransaction,1.0000
2516,paf,queryStockItem,1.0000
2516,ep,Persistence,1.0000
2516,ep,DataStore,1.0000
2516,ep,Enterprise,1.0000
2516,ep,Reporting,1.0000
2520,paf,createReport,1.0000
2520,paf,getMeanTimeToDeliveryReport,1.0000
2520,paf,getMeanTimeToDelivery,1.0000
2520,paf,getTransactionContext,1.0000
2520,paf,queryOrderById,1.0000
2520,paf,enterOrderID,1.0000
2520,paf,getEnterpriseByID,1.0000
2520,paf,getTransaction,1.0000
2520,paf,queryStockItem,1.0000
2520,ep,Persistence,1.0000
2520,ep,DataStore,1.0000
2520,ep,Enterprise,1.0000
2520,ep,Reporting,1.0000
2524,paf,createReport,1.0000
2524,paf,getMeanTimeToDeliveryReport,1.0000
2524,paf,rollInReceivedOrder,1.0000
2524,paf,getTransactionContext,1.0000
2524,paf,queryOrderById,1.0000
2524,paf,enterOrderID,1.0000
2524,paf,getEnterpriseByID,1.0000
2524,paf,getTransaction,1.0000
2524,paf,queryStockItem,1.0000
2524,ep,Persistence,1.0000
2524,ep,DataStore,1.0000
2524,ep,Enterprise,1.0000
2524,ep,Reporting,1.0000
2528,paf,createReport,1.0000
2528,paf,getTransactionContext,1.0000
2528,paf,queryOrderById,1.0000
2528,paf,enterOrderID,1.0000
2528,paf,getEnterpriseByID,1.0000
2528,paf,getTransaction,1.0000
2528,paf,queryStockItem,1.0000
2528,ep,Persistence,1.0000
2528,ep,DataStore,1.0000
2528,ep,Enterprise,1.0000
2528,ep,Reporting,1.0000
2532,paf,createReport,1.0000
2532,paf,getMeanTimeToDeliveryReport,1.0000
2532,paf,getMeanTimeToDelivery,1.0000
2532,paf,enterOrderID,1.0000
2532,paf,getEnterpriseByID,1.0000
2532,paf,getTransaction,1.0000
2534,paf,getMeanTimeToDelivery,1.0000
2534,paf,getTransactionContext,1.0000
2534,paf,queryOrderById,1.0000
2534,paf,getEnterpriseByID,1.0000
2534,paf,getTransaction,1.0000
2534,paf,queryStockItem,1.0000
2534,ep,Persistence,1.0000
2534,ep,DataStore,1.0000
2534,ep,Enterprise,1.0000
2534,ep,Reporting,1.0000
2538,paf,createReport,1.0000
2538,paf,getMeanTimeToDeliveryReport,1.0000
2538,paf,enterOrderID,1.0000
2538,paf,getEnterpriseByID,1.0000
2538,paf,getTransaction,1.0000
2542,paf,createReport,1.0000
2542,paf,getMeanTimeToDelivery,1.0000
2542,paf,getTransactionContext,1.0000
2542,paf,queryOrderById,1.0000
2542,paf,enterOrderID,1.0000
2542,paf,getEnterpriseByID,1.0000
2542,paf,getTransaction,1.0000
2542,paf,queryStockItem,1.0000
2542,ep,Persistence,1.0000
2542,ep,DataStore,1.0000
2542,ep,Enterprise,1.0000
2542,ep,Reporting,1.0000
2546,paf,getMeanTimeToDelivery,1.0000
2546,paf,getTransactionContext,1.0000
2546,paf,queryOrderById,1.0000
2546,paf,getEnterpriseByID,1.0000
2546,paf,getTransaction,1.0000
2546,paf,queryStockItem,1.0000
2546,ep,Persistence,1.0000
2546,ep,DataStore,1.0000
2546,ep,Enterprise,1.0000
2546,ep,Reporting,1.0000
2550,paf,createReport,1.0000
2550,paf,getMeanTimeToDeliveryReport,1.0000
2550,paf,getMeanTimeToDelivery,1.0000
2550,paf,getTransactionContext,1.0000
2550,paf,queryOrderById,1.0000
2550,paf,enterOrderID,1.0000
2550,paf,getEnterpriseByID,1.0000
2550,paf,getTransaction,1.0000
2550,paf,queryStockItem,1.0000
2550,ep,Persistence,1.0000
2550,ep,DataStore,1.0000
2550,ep,Enterprise,1.0000
2550,ep,Reporting,1.0000
2552,paf,createReport,1.0000
2552,paf,getMeanTimeToDelivery,1.0000
2552,paf,getTransactionContext,1.0000
2552,paf,queryOrderById,1.0000
2552,paf,enterOrderID,1.0000
2552,paf,getEnterpriseByID,1.0000
2552,paf,getTransaction,1.0000
2552,paf,queryStockItem,1.0000
2552,ep,Persistence,1.0000
2552,ep,DataStore,1.0000
2552,ep,Enterprise,1.0000
2552,ep,Reporting,1.0000
2556,paf,getMeanTimeToDeliveryReport,1.0000
2556,paf,rollInReceivedOrder,1.0000
2556,paf,getMeanTimeToDelivery,1.0000
2556,paf,getTransactionContext,1.0000
2556,paf,queryOrderById,1.0000
2556,paf,getEnterpriseByID,1.0000
2556,paf,queryStockItem,1.0000
2556,ep,Persistence,1.0000
2556,ep,DataStore,1.0000
2556,ep,Enterprise,1.0000
2556,ep,Reporting,1.0000
2560,paf,createReport,1.0000
2560,paf,getMeanTimeToDelivery,1.0000
2560,paf,getTransactionContext,1.0000
2560,paf,queryOrderById,1.0000
2560,paf,enterOrderID,1.0000
2560,paf,getEnterpriseByID,1.0000
2560,paf,getTransaction,1.0000
2560,paf,queryStockItem,1.0000
2560,ep,Persistence,1.0000
2560,ep,DataStore,1.0000
2560,ep,Enterprise,1.0000
2560,ep,Reporting,1.0000
2562,paf,createReport,1.0000
2562,paf,getMeanTimeToDeliveryReport,1.0000
2562,paf,getMeanTimeToDelivery,1.0000
2562,paf,getTransactionContext,1.0000
2562,paf,queryOrderById,1.0000
2562,paf,enterOrderID,1.0000
2562,paf,getEnterpriseByID,1.0000
2562,paf,getTransaction,1.0000
2562,ep,Persistence,1.0000
2562,ep,DataStore,1.0000
2562,ep,Enterprise,1.0000
2562,ep,Reporting,1.0000
2566,paf,createReport,1.0000
2566,paf,getMeanTimeToDeliveryReport,1.0000
2566,paf,getMeanTimeToDelivery,1.0000
2566,paf,getTransactionContext,1.0000
2566,paf,queryOrderById,1.0000
2566,paf,enterOrderID,1.0000
2566,paf,getEnterpriseByID,1.0000
2566,paf,getTransaction,1.0000
2566,paf,queryStockItem,1.0000
2566,ep,Persistence,1.0000
2566,ep,DataStore,1.0000
2566,ep,Enterprise,1.0000
2566,ep,Reporting,1.0000
2572,paf,createReport,1.0000
2572,paf,getMeanTimeToDeliveryReport,1.0000
2572,paf,getMeanTimeToDelivery,1.0000
2572,paf,enterOrderID,1.0000
2572,paf,getEnterpriseByID,1.0000
2572,paf,getTransaction,1.0000
2574,paf,createReport,1.0000
2574,paf,getMeanTimeToDeliveryReport,1.0000
2574,paf,rollInReceivedOrder,1.0000
2574,paf,getTransactionContext,1.0000
2574,paf,queryOrderById,1.0000
2574,paf,enterOrderID,1.0000
2574,paf,getEnterpriseByID,1.0000
2574,paf,getTransaction,1.0000
2574,paf,queryStockItem,1.0000
2574,ep,Persistence,1.0000
2574,ep,DataStore,1.0000
2574,ep,Enterprise,1.0000
2574,ep,Reporting,1.0000
2578,paf,createReport,1.0000
2578,paf,getMeanTimeToDeliveryReport,1.0000
2578,paf,rollInReceivedOrder,1.0000
2578,paf,getTransactionContext,1.0000
2578,paf,queryOrderById,1.0000
2578,paf,enterOrderID,1.0000
2578,paf,getEnterpriseByID,1.0000
2578,paf,getTransaction,1.0000
2578,paf,queryStockItem,1.0000
2578,ep,Persistence,1.0000
2578,ep,DataStore,1.0000
2578,ep,Enterprise,1.0000
2578,ep,Reporting,1.0000
2582,paf,getMeanTimeToDeliveryReport,1.0000
2582,paf,rollInReceivedOrder,1.0000
2582,paf,getMeanTimeToDelivery,1.0000
2582,paf,getTransactionContext,1.0000
2582,paf,queryOrderById,1.0000
2582,paf,getEnterpriseByID,1.0000
2582,paf,queryStockItem,1.0000
2582,ep,Persistence,1.0000
2582,ep,DataStore,1.0000
2582,ep,Enterprise,1.0000
2582,ep,Reporting,1.0000
2586,paf,createReport,1.0000
2586,paf,getMeanTimeToDeliveryReport,1.0000
2586,paf,rollInReceivedOrder,1.0000
2586,paf,getTransactionContext,1.0000
2586,paf,queryOrderById,1.0000
2586,paf,enterOrderID,1.0000
2586,paf,getEnterpriseByID,1.0000
2586,paf,getTransaction,1.0000
2586,paf,queryStockItem,1.0000
2586,ep,Persistence,1.0000
2586,ep,DataStore,1.0000
2586,ep,Enterprise,1.0000
2586,ep,Reporting,1.0000
2590,paf,getMeanTimeToDeliveryReport,1.0000
2590,paf,rollInReceivedOrder,1.0000
2590,paf,getMeanTimeToDelivery,1.0000
2590,paf,getTransactionContext,1.0000
2590,paf,queryOrderById,1.0000
2590,paf,getEnterpriseByID,1.0000
2590,paf,getTransaction,1.0000
2590,paf,queryStockItem,1.0000
2590,ep,Persistence,1.0000
2590,ep,DataStore,1.0000
2590,ep,Enterprise,1.0000
2590,ep,Reporting,1.0000
2594,paf,createReport,1.0000
2594,paf,getMeanTimeToDeliveryReport,1.0000
2594,paf,getMeanTimeToDelivery,1.0000
2594,paf,getTransactionContext,1.0000
2594,paf,queryOrderById,1.0000
2594,paf,enterOrderID,1.0000
2594,paf,getEnterpriseByID,1.0000
2594,paf,getTransaction,1.0000
2594,paf,queryStockItem,1.0000
2594,ep,Persistence,1.0000
2594,ep,DataStore,1.0000
2594,ep,Enterprise,1.0000
2594,ep,Reporting,1.0000
2600,paf,createReport,1.0000
2600,paf,getMeanTimeToDeliveryReport,1.0000
2600,paf,rollInReceivedOrder,1.0000
2600,paf,getTransactionContext,1.0000
2600,paf,queryOrderById,1.0000
2600,paf,enterOrderID,1.0000
2600,paf,getEnterpriseByID,1.0000
2600,paf,getTransaction,1.0000
2600,paf,queryStockItem,1.0000
2600,ep,Persistence,1.0000
2600,ep,DataStore,1.0000
2600,ep,Enterprise,1.0000
2600,ep,Reporting,1.0000
2602,paf,createReport,1.0000
2602,paf,getMeanTimeToDeliveryReport,1.0000
2602,paf,rollInReceivedOrder,1.0000
2602,paf,getTransactionContext,1.0000
2602,paf,queryOrderById,1.0000
2602,paf,enterOrderID,1.0000
2602,paf,getEnterpriseByID,1.0000
2602,paf,getTransaction,1.0000
2602,paf,queryStockItem,1.0000
2602,ep,Persistence,1.0000
2602,ep,DataStore,1.0000
2602,ep,Enterprise,1.0000
2602,ep,Reporting,1.0000
2604,paf,createReport,1.0000
2604,paf,getMeanTimeToDelivery,1.0000
2604,paf,getTransactionContext,1.0000
2604,paf,queryOrderById,1.0000
2604,paf,enterOrderID,1.0000
2604,paf,getEnterpriseByID,1.0000
2604,paf,getTransaction,1.0000
2604,paf,queryStockItem,1.0000
2604,ep,Persistence,1.0000
2604,ep,DataStore,1.0000
2604,ep,Enterprise,1.0000
2604,ep,Reporting,1.0000
2608,paf,createReport,1.0000
2608,paf,getMeanTimeToDeliveryReport,1.0000
2608,paf,getMeanTimeToDelivery,1.0000
2608,paf,getTransactionContext,1.0000
2608,paf,queryOrderById,1.0000
2608,paf,enterOrderID,1.0000
2608,paf,getEnterpriseByID,1.0000
2608,paf,getTransaction,1.0000
2608,paf,queryStockItem,1.0000
2608,ep,Persistence,1.0000
2608,ep,DataStore,1.0000
2608,ep,Enterprise,1.0000
2608,ep,Reporting,1.0000
2610,paf,createReport,1.0000
2610,paf,getMeanTimeToDeliveryReport,1.0000
2610,paf,getMeanTimeToDelivery,1.0000
2610,paf,getTransactionContext,1.0000
2610,paf,queryOrderById,1.0000
2610,paf,enterOrderID,1.0000
2610,paf,getEnterpriseByID,1.0000
2610,paf,getTransaction,1.0000
2610,paf,queryStockItem,1.0000
2610,ep,Persistence,1.0000
2610,ep,DataStore,1.0000
2610,ep,Enterprise,1.0000
2610,ep,Reporting,1.0000
2614,paf,createReport,1.0000
2614,paf,getMeanTimeToDeliveryReport,1.0000
2614,paf,rollInReceivedOrder,1.0000
2614,paf,getTransactionContext,1.0000
2614,paf,queryOrderById,1.0000
2614,paf,enterOrderID,1.0000
2614,paf,getEnterpriseByID,1.0000
2614,paf,getTransaction,1.0000
2614,paf,queryStockItem,1.0000
2614,ep,Persistence,1.0000
2614,ep,DataStore,1.0000
2614,ep,Enterprise,1.0000
2614,ep,Reporting,1.0000
2616,paf,getMeanTimeToDelivery,1.0000
2616,paf,getTransactionContext,1.0000
2616,paf,queryOrderById,1.0000
2616,paf,getEnterpriseByID,1.0000
2616,paf,getTransaction,1.0000
2616,paf,queryStockItem,1.0000
2616,ep,Persistence,1.0000
2616,ep,DataStore,1.0000
2616,ep,Enterprise,1.0000
2616,ep,Reporting,1.0000
2620,paf,createReport,1.0000
2620,paf,getMeanTimeToDeliveryReport,1.0000
2620,paf,getMeanTimeToDelivery,1.0000
2620,paf,getTransactionContext,1.0000
2620,paf,queryOrderById,1.0000
2620,paf,enterOrderID,1.0000
2620,paf,getEnterpriseByID,1.0000
2620,paf,getTransaction,1.0000
2620,paf,queryStockItem,1.0000
2620,ep,Persistence,1.0000
2620,ep,DataStore,1.0000
2620,ep,Enterprise,1.0000
2620,ep,Reporting,1.0000
2624,paf,createReport,1.0000
2624,paf,getMeanTimeToDeliveryReport,1.0000
2624,paf,getMeanTimeToDelivery,1.0000
2624,paf,getTransactionContext,1.0000
2624,paf,queryOrderById,1.0000
2624,paf,enterOrderID,1.0000
2624,paf,getEnterpriseByID,1.0000
2624,paf,getTransaction,1.0000
2624,paf,queryStockItem,1.0000
2624,ep,Persistence,1.0000
2624,ep,DataStore,1.0000
2624,ep,Enterprise,1.0000
2624,ep,Reporting,1.0000
2630,paf,createReport,1.0000
2630,paf,getTransactionContext,1.0000
2630,paf,queryOrderById,1.0000
2630,paf,enterOrderID,1.0000
2630,paf,getEnterpriseByID,1.0000
2630,paf,getTransaction,1.0000
2630,paf,queryStockItem,1.0000
2630,ep,Persistence,1.0000
2630,ep,DataStore,1.0000
2630,ep,Enterprise,1.0000
2630,ep,Reporting,1.0000
2632,paf,createReport,1.0000
2632,paf,getMeanTimeToDeliveryReport,1.0000
2632,paf,getMeanTimeToDelivery,1.0000
2632,paf,getTransactionContext,1.0000
2632,paf,queryOrderById,1.0000
2632,paf,enterOrderID,1.0000
2632,paf,getEnterpriseByID,1.0000
2632,paf,getTransaction,1.0000
2632,paf,queryStockItem,1.0000
2632,ep,Persistence,1.0000
2632,ep,DataStore,1.0000
2632,ep,Enterprise,1.0000
2632,ep,Reporting,1.0000
2636,paf,createReport,1.0000
2636,paf,getMeanTimeToDelivery,1.0000
2636,paf,getTransactionContext,1.0000
2636,paf,queryOrderById,1.0000
2636,paf,enterOrderID,1.0000
2636,paf,getEnterpriseByID,1.0000
2636,paf,getTransaction,1.0000
2636,paf,queryStockItem,1.0000
2636,ep,Persistence,1.0000
2636,ep,DataStore,1.0000
2636,ep,Enterprise,1.0000
2636,ep,Reporting,1.0000
2638,paf,createReport,1.0000
2638,paf,getMeanTimeToDeliveryReport,1.0000
2638,paf,getMeanTimeToDelivery,1.0000
2638,paf,getTransactionContext,1.0000
2638,paf,queryOrderById,1.0000
2638,paf,enterOrderID,1.0000
2638,paf,getEnterpriseByID,1.0000
2638,paf,getTransaction,1.0000
2638,ep,Persistence,1.0000
2638,ep,DataStore,1.0000
2638,ep,Enterprise,1.0000
2638,ep,Reporting,1.0000
2642,paf,getMeanTimeToDelivery,1.0000
2642,paf,getTransactionContext,1.0000
2642,paf,queryOrderById,1.0000
2642,paf,getEnterpriseByID,1.0000
2642,paf,getTransaction,1.0000
2642,paf,queryStockItem,1.0000
2642,ep,Persistence,1.0000
2642,ep,DataStore,1.0000
2642,ep,Enterprise,1.0000
2642,ep,Reporting,1.0000
2646,paf,getMeanTimeToDeliveryReport,1.0000
2646,paf,rollInReceivedOrder,1.0000
2646,paf,getMeanTimeToDelivery,1.0000
2646,paf,getTransactionContext,1.0000
2646,paf,queryOrderById,1.0000
2646,paf,getEnterpriseByID,1.0000
2646,paf,queryStockItem,1.0000
2646,ep,Persistence,1.0000
2646,ep,DataStore,1.0000
2646,ep,Enterprise,1.0000
2646,ep,Reporting,1.0000
2648,paf,createReport,1.0000
2648,paf,getMeanTimeToDeliveryReport,1.0000
2648,paf,getMeanTimeToDelivery,1.0000
2648,paf,getTransactionContext,1.0000
2648,paf,queryOrderById,1.0000
2648,paf,enterOrderID,1.0000
2648,paf,getEnterpriseByID,1.0000
2648,paf,getTransaction,1.0000
2648,paf,queryStockItem,1.0000
2648,ep,Persistence,1.0000
2648,ep,DataStore,1.0000
2648,ep,Enterprise,1.0000
2648,ep,Reporting,1.0000
2652,paf,createReport,1.0000
2652,paf,getMeanTimeToDeliveryReport,1.0000
2652,paf,getMeanTimeToDelivery,1.0000
2652,paf,getTransactionContext,1.0000
2652,paf,queryOrderById,1.0000
2652,paf,enterOrderID,1.0000
2652,paf,getEnterpriseByID,1.0000
2652,paf,getTransaction,1.0000
2652,paf,queryStockItem,1.0000
2652,ep,Persistence,1.0000
2652,ep,DataStore,1.0000
2652,ep,Enterprise,1.0000
2652,ep,Reporting,1.0000
2658,paf,createReport,1.0000
2658,paf,getMeanTimeToDelivery,1.0000
2658,paf,getTransactionContext,1.0000
2658,paf,queryOrderById,1.0000
2658,paf,enterOrderID,0.9613
2658,paf,getEnterpriseByID,1.0000
2658,paf,getTransaction,1.0000
2658,paf,queryStockItem,1.0000
2658,ep,Persistence,1.0000
2658,ep,DataStore,1.0000
2658,ep,Enterprise,1.0000
2658,ep,Reporting,1.0000
2662,paf,createReport,1.0000
2662,paf,getMeanTimeToDelivery,1.0000
2662,paf,getTransactionContext,0.9501
2662,paf,queryOrderById,0.9501
2662,paf,enterOrderID,1.0000
2662,paf,getEnterpriseByID,1.0000
2662,paf,getTransaction,1.0000
2662,paf,queryStockItem,0.9501
2664,paf,getMeanTimeToDeliveryReport,1.0000
2664,paf,rollInReceivedOrder,1.0000
2664,paf,getMeanTimeToDelivery,1.0000
2664,paf,getTransactionContext,1.0000
2664,paf,queryOrderById,1.0000
2664,paf,getEnterpriseByID,1.0000
2664,paf,queryStockItem,1.0000
2664,ep,Persistence,1.0000
2664,ep,DataStore,1.0000
2664,ep,Enterprise,1.0000
2664,ep,Reporting,1.0000
2668,paf,getMeanTimeToDeliveryReport,1.0000
2668,paf,rollInReceivedOrder,1.0000
2668,paf,getMeanTimeToDelivery,1.0000
2668,paf,getTransactionContext,1.0000
2668,paf,queryOrderById,1.0000
2668,paf,getEnterpriseByID,1.0000
2668,paf,getTransaction,1.0000
2668,paf,queryStockItem,1.0000
2668,ep,Persistence,1.0000
2668,ep,DataStore,1.0000
2668,ep,Enterprise,1.0000
2668,ep,Reporting,1.0000
2672,paf,createReport,1.0000
2672,paf,getMeanTimeToDeliveryReport,1.0000
2672,paf,getMeanTimeToDelivery,1.0000
2672,paf,getTransactionContext,1.0000
2672,paf,queryOrderById,1.0000
2672,paf,enterOrderID,1.0000
2672,paf,getEnterpriseByID,1.0000
2672,paf,getTransaction,1.0000
2672,paf,queryStockItem,1.0000
2672,ep,Persistence,1.0000
2672,ep,DataStore,1.0000
2672,ep,Enterprise,1.0000
2672,ep,Reporting,1.0000
2676,paf,createReport,1.0000
2676,paf,getMeanTimeToDeliveryReport,1.0000
2676,paf,getMeanTimeToDelivery,1.0000
2676,paf,getTransactionContext,1.0000
2676,paf,queryOrderById,1.0000
2676,paf,enterOrderID,1.0000
2676,paf,getEnterpriseByID,1.0000
2676,paf,getTransaction,1.0000
2676,paf,queryStockItem,1.0000
2676,ep,Persistence,1.0000
2676,ep,DataStore,1.0000
2676,ep,Enterprise,1.0000
2676,ep,Reporting,1.0000
2682,paf,createReport,1.0000
2682,paf,getMeanTimeToDeliveryReport,1.0000
2682,paf,rollInReceivedOrder,1.0000
2682,paf,getTransactionContext,1.0000
2682,paf,queryOrderById,1.0000
2682,paf,enterOrderID,1.0000
2682,paf,getEnterpriseByID,1.0000
2682,paf,getTransaction,1.0000
2682,paf,queryStockItem,1.0000
2682,ep,Persistence,1.0000
2682,ep,DataStore,1.0000
2682,ep,Enterprise,1.0000
2682,ep,Reporting,1.0000
2684,paf,getMeanTimeToDelivery,1.0000
2684,paf,getTransactionContext,1.0000
2684,paf,queryOrderById,1.0000
2684,paf,getEnterpriseByID,1.0000
2684,paf,getTransaction,1.0000
2684,paf,queryStockItem,1.0000
2684,ep,Persistence,1.0000
2684,ep,DataStore,1.0000
2684,ep,Enterprise,1.0000
2684,ep,Reporting,1.0000
2688,paf,getMeanTimeToDelivery,1.0000
2688,paf,getTransactionContext,1.0000
2688,paf,queryOrderById,1.0000
2688,paf,getEnterpriseByID,1.0000
2688,paf,getTransaction,1.0000
2688,paf,queryStockItem,1.0000
2688,ep,Persistence,1.0000
2688,ep,DataStore,1.0000
2688,ep,Enterprise,1.0000
2688,ep,Reporting,1.0000
2690,paf,createReport,1.0000
2690,paf,getMeanTimeToDelivery,1.0000
2690,paf,getTransactionContext,1.0000
2690,paf,queryOrderById,1.0000
2690,paf,enterOrderID,0.9613
2690,paf,getEnterpriseByID,1.0000
2690,paf,getTransaction,1.0000
2690,paf,queryStockItem,1.0000
2690,ep,Persistence,1.0000
2690,ep,DataStore,1.0000
2690,ep,Enterprise,1.0000
2690,ep,Reporting,1.0000
2694,paf,createReport,1.0000
2694,paf,getMeanTimeToDeliveryReport,1.0000
2694,paf,rollInReceivedOrder,1.0000
2694,paf,getTransactionContext,1.0000
2694,paf,queryOrderById,1.0000
2694,paf,enterOrderID,1.0000
2694,paf,getEnterpriseByID,1.0000
2694,paf,getTransaction,1.0000
2694,paf,queryStockItem,1.0000
2694,ep,Persistence,1.0000
2694,ep,DataStore,1.0000
2694,ep,Enterprise,1.0000
2694,ep,Reporting,1.0000
2698,paf,getMeanTimeToDeliveryReport,1.0000
2698,paf,rollInReceivedOrder,1.0000
2698,paf,getMeanTimeToDelivery,1.0000
2698,paf,getTransactionContext,1.0000
2698,paf,getEnterpriseByID,1.0000
2698,paf,getTransaction,1.0000
2698,paf,queryStockItem,1.0000
2698,ep,Persistence,1.0000
2698,ep,DataStore,1.0000
2698,ep,Enterprise,1.0000
2698,ep,Reporting,1.0000
2700,paf,getMeanTimeToDeliveryReport,1.0000
2700,paf,getMeanTimeToDelivery,1.0000
2700,paf,getTransactionContext,1.0000
2700,paf,queryOrderById,1.0000
2700,paf,getEnterpriseByID,1.0000
2700,paf,getTransaction,1.0000
2700,paf,queryStockItem,1.0000
2700,ep,Persistence,1.0000
2700,ep,DataStore,1.0000
2700,ep,Enterprise,1.0000
2700,ep,Reporting,1.0000
2704,paf,createReport,1.0000
2704,paf,getMeanTimeToDeliveryReport,1.0000
2704,paf,getMeanTimeToDelivery,1.0000
2704,paf,getTransactionContext,1.0000
2704,paf,queryOrderById,1.0000
2704,paf,enterOrderID,1.0000
2704,paf,getEnterpriseByID,1.0000
2704,paf,getTransaction,1.0000
2704,ep,Persistence,1.0000
2704,ep,DataStore,1.0000
2704,ep,Enterprise,1.0000
2704,ep,Reporting,1.0000
2708,paf,createReport,1.0000
2708,paf,getMeanTimeToDeliveryReport,1.0000
2708,paf,getMeanTimeToDelivery,1.0000
2708,paf,getTransactionContext,1.0000
2708,paf,queryOrderById,1.0000
2708,paf,enterOrderID,1.0000
2708,paf,getEnterpriseByID,1.0000
2708,paf,getTransaction,1.0000
2708,paf,queryStockItem,1.0000
2708,ep,Persistence,1.0000
2708,ep,DataStore,1.0000
2708,ep,Enterprise,1.0000
2708,ep,Reporting,1.0000
2712,paf,getMeanTimeToDeliveryReport,1.0000
2712,paf,getMeanTimeToDelivery,1.0000
2712,paf,getTransactionContext,1.0000
2712,paf,queryOrderById,1.0000
2712,paf,enterOrderID,1.0000
2712,paf,getEnterpriseByID,1.0000
2712,paf,getTransaction,1.0000
2712,paf,queryStockItem,1.0000
2712,ep,Persistence,1.0000
2712,ep,DataStore,1.0000
2712,ep,Enterprise,1.0000
2712,ep,Reporting,1.0000
2716,paf,createReport,1.0000
2716,paf,getTransactionContext,1.0000
2716,paf,queryOrderById,1.0000
2716,paf,enterOrderID,1.0000
2716,paf,getEnterpriseByID,1.0000
2716,paf,getTransaction,1.0000
2716,paf,queryStockItem,1.0000
2716,ep,Persistence,1.0000
2716,ep,DataStore,1.0000
2716,ep,Enterprise,1.0000
2716,ep,Reporting,1.0000
2720,paf,createReport,1.0000
2720,paf,getMeanTimeToDeliveryReport,1.0000
2720,paf,getMeanTimeToDelivery,1.0000
2720,paf,getTransactionContext,1.0000
2720,paf,queryOrderById,1.0000
2720,paf,enterOrderID,1.0000
2720,paf,getEnterpriseByID,1.0000
2720,paf,getTransaction,1.0000
2720,paf,queryStockItem,1.0000
2720,ep,Persistence,1.0000
2720,ep,DataStore,1.0000
2720,ep,Enterprise,1.0000
2720,ep,Reporting,1.0000
2724,paf,getMeanTimeToDeliveryReport,1.0000
2724,paf,rollInReceivedOrder,1.0000
2724,paf,getMeanTimeToDelivery,1.0000
2724,paf,getTransactionContext,1.0000
2724,paf,queryOrderById,1.0000
2724,paf,enterOrderID,1.0000
2724,paf,getEnterpriseByID,1.0000
2724,paf,getTransaction,1.0000
2724,paf,queryStockItem,1.0000
2724,ep,Persistence,1.0000
2724,ep,DataStore,1.0000
2724,ep,Enterprise,1.0000
2724,ep,Reporting,1.0000
2726,paf,getMeanTimeToDeliveryReport,1.0000
2726,paf,rollInReceivedOrder,1.0000
2726,paf,getMeanTimeToDelivery,1.0000
2726,paf,getTransactionContext,1.0000
2726,paf,queryOrderById,1.0000
2726,paf,getEnterpriseByID,1.0000
2726,paf,queryStockItem,1.0000
2726,ep,Persistence,1.0000
2726,ep,DataStore,1.0000
2726,ep,Enterprise,1.0000
2726,ep,Reporting,1.0000
2732,paf,createReport,1.0000
2732,paf,getMeanTimeToDeliveryReport,1.0000
2732,paf,getMeanTimeToDelivery,1.0000
2732,paf,getTransactionContext,1.0000
2732,paf,queryOrderById,1.0000
2732,paf,enterOrderID,1.0000
2732,paf,getEnterpriseByID,1.0000
2732,paf,queryStockItem,1.0000
2732,ep,Persistence,1.0000
2732,ep,DataStore,1.0000
2732,ep,Enterprise,1.0000
2732,ep,Reporting,1.0000
2734,paf,createReport,1.0000
2734,paf,getMeanTimeToDeliveryReport,1.0000
2734,paf,getMeanTimeToDelivery,1.0000
2734,paf,getTransactionContext,1.0000
2734,paf,queryOrderById,1.0000
2734,paf,enterOrderID,1.0000
2734,paf,getEnterpriseByID,1.0000
2734,paf,getTransaction,1.0000
2734,paf,queryStockItem,1.0000
2734,ep,Persistence,1.0000
2734,ep,DataStore,1.0000
2734,ep,Enterprise,1.0000
2734,ep,Reporting,1.0000
2738,paf,createReport,1.0000
2738,paf,getMeanTimeToDelivery,1.0000
2738,paf,getTransactionContext,1.0000
2738,paf,queryOrderById,1.0000
2738,paf,enterOrderID,0.9613
2738,paf,getEnterpriseByID,1.0000
2738,paf,getTransaction,1.0000
2738,paf,queryStockItem,1.0000
2738,ep,Persistence,1.0000
2738,ep,DataStore,1.0000
2738,ep,Enterprise,1.0000
2738,ep,Reporting,1.0000
2742,paf,getMeanTimeToDeliveryReport,1.0000
2742,paf,rollInReceivedOrder,1.0000
2742,paf,getMeanTimeToDelivery,1.0000
2742,paf,getTransactionContext,1.0000
2742,paf,queryOrderById,1.0000
2742,paf,enterOrderID,1.0000
2742,paf,getEnterpriseByID,1.0000
2742,paf,getTransaction,1.0000
2742,paf,queryStockItem,1.0000
2742,ep,Persistence,1.0000
2742,ep,DataStore,1.0000
2742,ep,Enterprise,1.0000
2742,ep,Reporting,1.0000
2744,paf,createReport,1.0000
2744,paf,getTransactionContext,1.0000
2744,paf,queryOrderById,1.0000
2744,paf,enterOrderID,1.0000
2744,paf,getEnterpriseByID,1.0000
2744,paf,getTransaction,1.0000
2744,paf,queryStockItem,1.0000
2744,ep,Persistence,1.0000
2744,ep,DataStore,1.0000
2744,ep,Enterprise,1.0000
2744,ep,Reporting,1.0000
2746,paf,createReport,1.0000
2746,paf,getMeanTimeToDelivery,1.0000
2746,paf,getTransactionContext,1.0000
2746,paf,queryOrderById,1.0000
2746,paf,enterOrderID,1.0000
2746,paf,getEnterpriseByID,1.0000
2746,paf,getTransaction,1.0000
2746,paf,queryStockItem,1.0000
2746,ep,Persistence,1.0000
2746,ep,DataStore,1.0000
2746,ep,Enterprise,1.0000
2746,ep,Reporting,1.0000
2748,paf,createReport,1.0000
2748,paf,getMeanTimeToDelivery,1.0000
2748,paf,getTransactionContext,1.0000
2748,paf,queryOrderById,1.0000
2748,paf,enterOrderID,1.0000
2748,paf,getEnterpriseByID,1.0000
2748,paf,getTransaction,1.0000
2748,paf,queryStockItem,1.0000
2748,ep,Persistence,1.0000
2748,ep,DataStore,1.0000
2748,ep,Enterprise,1.0000
2748,ep,Reporting,1.0000
2754,paf,createReport,1.0000
2754,paf,getMeanTimeToDelivery,1.0000
2754,paf,getTransactionContext,1.0000
2754,paf,queryOrderById,1.0000
2754,paf,enterOrderID,1.0000
2754,paf,getEnterpriseByID,1.0000
2754,paf,getTransaction,1.0000
2754,paf,queryStockItem,1.0000
2754,ep,Persistence,1.0000
2754,ep,DataStore,1.0000
2754,ep,Enterprise,1.0000
2754,ep,Reporting,1.0000
2758,paf,createReport,1.0000
2758,paf,getMeanTimeToDeliveryReport,1.0000
2758,paf,rollInReceivedOrder,1.0000
2758,paf,getTransactionContext,1.0000
2758,paf,queryOrderById,1.0000
2758,paf,enterOrderID,1.0000
2758,paf,getEnterpriseByID,1.0000
2758,paf,getTransaction,1.0000
2758,paf,queryStockItem,1.0000
2758,ep,Persistence,1.0000
2758,ep,DataStore,1.0000
2758,ep,Enterprise,1.0000
2758,ep,Reporting,1.0000
2760,paf,createReport,1.0000
2760,paf,getMeanTimeToDeliveryReport,1.0000
2760,paf,getMeanTimeToDelivery,1.0000
2760,paf,getTransactionContext,1.0000
2760,paf,queryOrderById,1.0000
2760,paf,enterOrderID,1.0000
2760,paf,getEnterpriseByID,1.0000
2760,paf,getTransaction,1.0000
2760,paf,queryStockItem,1.0000
2760,ep,Persistence,1.0000
2760,ep,DataStore,1.0000
2760,ep,Enterprise,1.0000
2760,ep,Reporting,1.0000
2764,paf,getMeanTimeToDelivery,1.0000
2764,paf,getTransactionContext,1.0000
2764,paf,queryOrderById,1.0000
2764,paf,getEnterpriseByID,1.0000
2764,paf,getTransaction,1.0000
2764,paf,queryStockItem,1.0000
2764,ep,Persistence,1.0000
2764,ep,DataStore,1.0000
2764,ep,Enterprise,1.0000
2764,ep,Reporting,1.0000
2768,paf,getMeanTimeToDeliveryReport,1.0000
2768,paf,getMeanTimeToDelivery,1.0000
2768,paf,getTransactionContext,1.0000
2768,paf,queryOrderById,1.0000
2768,paf,getEnterpriseByID,1.0000
2768,paf,getTransaction,1.0000
2768,paf,queryStockItem,1.0000
2768,ep,Persistence,1.0000
2768,ep,DataStore,1.0000
2768,ep,Enterprise,1.0000
2768,ep,Reporting,1.0000
2770,paf,createReport,1.0000
2770,paf,getMeanTimeToDelivery,1.0000
2770,paf,getTransactionContext,0.9501
2770,paf,queryOrderById,0.9501
2770,paf,enterOrderID,1.0000
2770,paf,getEnterpriseByID,1.0000
2770,paf,getTransaction,1.0000
2770,paf,queryStockItem,0.9501
2776,paf,createReport,1.0000
2776,paf,getMeanTimeToDeliveryReport,1.0000
2776,paf,getMeanTimeToDelivery,1.0000
2776,paf,getTransactionContext,1.0000
2776,paf,queryOrderById,1.0000
2776,paf,enterOrderID,1.0000
2776,paf,getEnterpriseByID,1.0000
2776,paf,getTransaction,1.0000
2776,paf,queryStockItem,1.0000
2776,ep,Persistence,1.0000
2776,ep,DataStore,1.0000
2776,ep,Enterprise,1.0000
2776,ep,Reporting,1.0000
2778,paf,createReport,1.0000
2778,paf,getMeanTimeToDeliveryReport,1.0000
2778,paf,getMeanTimeToDelivery,1.0000
2778,paf,getTransactionContext,0.9501
2778,paf,queryOrderById,0.9501
2778,paf,enterOrderID,1.0000
2778,paf,getEnterpriseByID,1.0000
2778,paf,getTransaction,1.0000
2778,paf,queryStockItem,0.9501
2782,paf,createReport,1.0000
2782,paf,getMeanTimeToDelivery,1.0000
2782,paf,getTransactionContext,0.9501
2782,paf,queryOrderById,0.9501
2782,paf,enterOrderID,1.0000
2782,paf,getEnterpriseByID,1.0000
2782,paf,getTransaction,1.0000
2782,paf,queryStockItem,0.9501
2786,paf,createReport,1.0000
2786,paf,getMeanTimeToDeliveryReport,1.0000
2786,paf,getMeanTimeToDelivery,1.0000
2786,paf,getTransactionContext,1.0000
2786,paf,queryOrderById,1.0000
2786,paf,enterOrderID,1.0000
2786,paf,getEnterpriseByID,1.0000
2786,paf,getTransaction,1.0000
2786,paf,queryStockItem,1.0000
2786,ep,Persistence,1.0000
2786,ep,DataStore,1.0000
2786,ep,Enterprise,1.0000
2786,ep,Reporting,1.0000
2790,paf,createReport,1.0000
2790,paf,getMeanTimeToDeliveryReport,1.0000
2790,paf,getTransactionContext,1.0000
2790,paf,queryOrderById,1.0000
2790,paf,enterOrderID,1.0000
2790,paf,getEnterpriseByID,1.0000
2790,paf,getTransaction,1.0000
2790,paf,queryStockItem,1.0000
2790,ep,Persistence,1.0000
2790,ep,DataStore,1.0000
2790,ep,Enterprise,1.0000
2790,ep,Reporting,1.0000
2794,paf,createReport,1.0000
2794,paf,getMeanTimeToDeliveryReport,1.0000
2794,paf,getMeanTimeToDelivery,1.0000
2794,paf,getTransactionContext,1.0000
2794,paf,queryOrderById,1.0000
2794,paf,enterOrderID,1.0000
2794,paf,getEnterpriseByID,1.0000
2794,paf,getTransaction,1.0000
2794,paf,queryStockItem,1.0000
2794,ep,Persistence,1.0000
2794,ep,DataStore,1.0000
2794,ep,Enterprise,1.0000
2794,ep,Reporting,1.0000
2798,paf,getMeanTimeToDeliveryReport,1.0000
2798,paf,getMeanTimeToDelivery,1.0000
2798,paf,getTransactionContext,1.0000
2798,paf,queryOrderById,1.0000
2798,paf,getEnterpriseByID,1.0000
2798,paf,getTransaction,1.0000
2798,paf,queryStockItem,1.0000
2798,ep,Persistence,1.0000
2798,ep,DataStore,1.0000
2798,ep,Enterprise,1.0000
2798,ep,Reporting,1.0000
2802,paf,getMeanTimeToDeliveryReport,1.0000
2802,paf,getMeanTimeToDelivery,1.0000
2802,paf,getTransactionContext,1.0000
2802,paf,queryOrderById,1.0000
2802,paf,getEnterpriseByID,1.0000
2802,paf,getTransaction,1.0000
2802,paf,queryStockItem,1.0000
2802,ep,Persistence,1.0000
2802,ep,DataStore,1.0000
2802,ep,Enterprise,1.0000
2802,ep,Reporting,1.0000
2804,paf,createReport,1.0000
2804,paf,getMeanTimeToDelivery,1.0000
2804,paf,getTransactionContext,0.9501
2804,paf,queryOrderById,0.9501
2804,paf,enterOrderID,1.0000
2804,paf,getEnterpriseByID,1.0000
2804,paf,getTransaction,1.0000
2804,paf,queryStockItem,0.9501
2808,paf,getMeanTimeToDelivery,1.0000
2808,paf,getTransactionContext,1.0000
2808,paf,queryOrderById,1.0000
2808,paf,getEnterpriseByID,1.0000
2808,paf,getTransaction,1.0000
2808,paf,queryStockItem,1.0000
2808,ep,Persistence,1.0000
2808,ep,DataStore,1.0000
2808,ep,Enterprise,1.0000
2808,ep,Reporting,1.0000
2812,paf,createReport,1.0000
2812,paf,getMeanTimeToDeliveryReport,1.0000
2812,paf,getTransactionContext,1.0000
2812,paf,queryOrderById,1.0000
2812,paf,enterOrderID,1.0000
2812,paf,getEnterpriseByID,1.0000
2812,paf,getTransaction,1.0000
2812,paf,queryStockItem,1.0000
2812,ep,Persistence,1.0000
2812,ep,DataStore,1.0000
2812,ep,Enterprise,1.0000
2812,ep,Reporting,1.0000
2816,paf,createReport,1.0000
2816,paf,getMeanTimeToDeliveryReport,1.0000
2816,paf,getMeanTimeToDelivery,1.0000
2816,paf,getTransactionContext,1.0000
2816,paf,queryOrderById,1.0000
2816,paf,enterOrderID,1.0000
2816,paf,getEnterpriseByID,1.0000
2816,paf,getTransaction,1.0000
2816,paf,queryStockItem,1.0000
2816,ep,Persistence,1.0000
2816,ep,DataStore,1.0000
2816,ep,Enterprise,1.0000
2816,ep,Reporting,1.0000
2820,paf,createReport,1.0000
2820,paf,getMeanTimeToDelivery,1.0000
2820,paf,getTransactionContext,1.0000
2820,paf,queryOrderById,1.0000
2820,paf,enterOrderID,1.0000
2820,paf,getEnterpriseByID,1.0000
2820,paf,getTransaction,1.0000
2820,paf,queryStockItem,1.0000
2820,ep,Persistence,1.0000
2820,ep,DataStore,1.0000
2820,ep,Enterprise,1.0000
2820,ep,Reporting,1.0000
2824,paf,createReport,1.0000
2824,paf,getTransactionContext,1.0000
2824,paf,queryOrderById,1.0000
2824,paf,enterOrderID,1.0000
2824,paf,getEnterpriseByID,1.0000
2824,paf,getTransaction,1.0000
2824,paf,queryStockItem,1.0000
2824,ep,Persistence,1.0000
2824,ep,DataStore,1.0000
2824,ep,Enterprise,1.0000
2824,ep,Reporting,1.0000
2826,paf,getMeanTimeToDeliveryReport,1.0000
2826,paf,getMeanTimeToDelivery,1.0000
2826,paf,getTransactionContext,1.0000
2826,paf,queryOrderById,1.0000
2826,paf,enterOrderID,1.0000
2826,paf,getEnterpriseByID,1.0000
2826,paf,getTransaction,1.0000
2826,paf,queryStockItem,1.0000
2826,ep,Persistence,1.0000
2826,ep,DataStore,1.0000
2826,ep,Enterprise,1.0000
2826,ep,Reporting,1.0000
2828,paf,getMeanTimeToDeliveryReport,1.0000
2828,paf,getMeanTimeToDelivery,1.0000
2828,paf,getTransactionContext,1.0000
2828,paf,queryOrderById,1.0000
2828,paf,enterOrderID,1.0000
2828,paf,getEnterpriseByID,1.0000
2828,paf,getTransaction,1.0000
2828,paf,queryStockItem,1.0000
2828,ep,Persistence,1.0000
2828,ep,DataStore,1.0000
2828,ep,Enterprise,1.0000
2828,ep,Reporting,1.0000
2832,paf,getMeanTimeToDeliveryReport,1.0000
2832,paf,rollInReceivedOrder,1.0000
2832,paf,getMeanTimeToDelivery,1.0000
2832,paf,getTransactionContext,1.0000
2832,paf,queryOrderById,1.0000
2832,paf,enterOrderID,1.0000
2832,paf,getEnterpriseByID,1.0000
2832,paf,getTransaction,1.0000
2832,paf,queryStockItem,1.0000
2832,ep,Persistence,1.0000
2832,ep,DataStore,1.0000
2832,ep,Enterprise,1.0000
2832,ep,Reporting,1.0000
2836,paf,createReport,1.0000
2836,paf,getMeanTimeToDelivery,1.0000
2836,paf,getTransactionContext,1.0000
2836,paf,queryOrderById,1.0000
2836,paf,enterOrderID,1.0000
2836,paf,getEnterpriseByID,1.0000
2836,paf,getTransaction,1.0000
2836,paf,queryStockItem,1.0000
2836,ep,Persistence,1.0000
2836,ep,DataStore,1.0000
2836,ep,Enterprise,1.0000
2836,ep,Reporting,1.0000
2840,paf,createReport,1.0000
2840,paf,getMeanTimeToDelivery,1.0000
2840,paf,getTransactionContext,1.0000
2840,paf,queryOrderById,1.0000
2840,paf,enterOrderID,0.9613
2840,paf,getEnterpriseByID,1.0000
2840,paf,getTransaction,1.0000
2840,paf,queryStockItem,1.0000
2840,ep,Persistence,1.0000
2840,ep,DataStore,1.0000
2840,ep,Enterprise,1.0000
2840,ep,Reporting,1.0000
2842,paf,createReport,1.0000
2842,paf,getMeanTimeToDelivery,1.0000
2842,paf,getTransactionContext,0.9501
2842,paf,queryOrderById,0.9501
2842,paf,enterOrderID,1.0000
2842,paf,getEnterpriseByID,1.0000
2842,paf,getTransaction,1.0000
2842,paf,queryStockItem,0.9501
2844,paf,createReport,1.0000
2844,paf,getMeanTimeToDeliveryReport,1.0000
2844,paf,getTransactionContext,1.0000
2844,paf,queryOrderById,1.0000
2844,paf,enterOrderID,1.0000
2844,paf,getEnterpriseByID,1.0000
2844,paf,getTransaction,1.0000
2844,paf,queryStockItem,1.0000
2844,ep,Persistence,1.0000
2844,ep,DataStore,1.0000
2844,ep,Enterprise,1.0000
2844,ep,Reporting,1.0000
2850,paf,createReport,1.0000
2850,paf,getMeanTimeToDelivery,1.0000
2850,paf,getTransactionContext,1.0000
2850,paf,queryOrderById,1.0000
2850,paf,enterOrderID,1.0000
2850,paf,getEnterpriseByID,1.0000
2850,paf,getTransaction,1.0000
2850,paf,queryStockItem,1.0000
2850,ep,Persistence,1.0000
2850,ep,DataStore,1.0000
2850,ep,Enterprise,1.0000
2850,ep,Reporting,1.0000
2852,paf,createReport,1.0000
2852,paf,getMeanTimeToDeliveryReport,1.0000
2852,paf,rollInReceivedOrder,1.0000
2852,paf,getTransactionContext,1.0000
2852,paf,queryOrderById,1.0000
2852,paf,enterOrderID,1.0000
2852,paf,getEnterpriseByID,1.0000
2852,paf,getTransaction,1.0000
2852,paf,queryStockItem,1.0000
2852,ep,Persistence,1.0000
2852,ep,DataStore,1.0000
2852,ep,Enterprise,1.0000
2852,ep,Reporting,1.0000
2856,paf,createReport,1.0000
2856,paf,getMeanTimeToDeliveryReport,1.0000
2856,paf,getMeanTimeToDelivery,1.0000
2856,paf,getTransactionContext,1.0000
2856,paf,queryOrderById,1.0000
2856,paf,enterOrderID,1.0000
2856,paf,getEnterpriseByID,1.0000
2856,paf,getTransaction,1.0000
2856,paf,queryStockItem,1.0000
2856,ep,Persistence,1.0000
2856,ep,DataStore,1.0000
2856,ep,Enterprise,1.0000
2856,ep,Reporting,1.0000
2860,paf,createReport,1.0000
2860,paf,getMeanTimeToDeliveryReport,1.0000
2860,paf,getMeanTimeToDelivery,1.0000
2860,paf,getTransactionContext,1.0000
2860,paf,queryOrderById,1.0000
2860,paf,saleStartedEvent,1.0000
2860,paf,enterOrderID,1.0000
2860,paf,getEnterpriseByID,1.0000
2860,paf,getTransaction,1.0000
2860,paf,queryStockItem,1.0000
2860,ep,Persistence,1.0000
2860,ep,DataStore,1.0000
2860,ep,Enterprise,1.0000
2860,ep,Reporting,1.0000
2864,paf,createReport,1.0000
2864,paf,getMeanTimeToDeliveryReport,1.0000
2864,paf,getMeanTimeToDelivery,1.0000
2864,paf,getTransactionContext,1.0000
2864,paf,queryOrderById,1.0000
2864,paf,enterOrderID,1.0000
2864,paf,getEnterpriseByID,1.0000
2864,paf,getTransaction,1.0000
2864,paf,queryStockItem,1.0000
2864,ep,Persistence,1.0000
2864,ep,DataStore,1.0000
2864,ep,Enterprise,1.0000
2864,ep,Reporting,1.0000
2868,paf,createReport,1.0000
2868,paf,getMeanTimeToDeliveryReport,1.0000
2868,paf,getMeanTimeToDelivery,1.0000
2868,paf,getTransactionContext,1.0000
2868,paf,queryOrderById,1.0000
2868,paf,enterOrderID,1.0000
2868,paf,getEnterpriseByID,1.0000
2868,paf,getTransaction,1.0000
2868,paf,queryStockItem,1.0000
2868,ep,Persistence,1.0000
2868,ep,DataStore,1.0000
2868,ep,Enterprise,1.0000
2868,ep,Reporting,1.0000
2872,paf,getMeanTimeToDeliveryReport,1.0000
2872,paf,getMeanTimeToDelivery,1.0000
2872,paf,getTransactionContext,1.0000
2872,paf,queryOrderById,1.0000
2872,paf,enterOrderID,1.0000
2872,paf,getEnterpriseByID,1.0000
2872,paf,getTransaction,1.0000
2872,paf,queryStockItem,1.0000
2872,ep,Persistence,1.0000
2872,ep,DataStore,1.0000
2872,ep,Enterprise,1.0000
2872,ep,Reporting,1.0000
2876,paf,createReport,1.0000
2876,paf,getMeanTimeToDeliveryReport,1.0000
2876,paf,getMeanTimeToDelivery,1.0000
2876,paf,getTransactionContext,1.0000
2876,paf,queryOrderById,1.0000
2876,paf,enterOrderID,1.0000
2876,paf,getTransaction,1.0000
2876,paf,queryStockItem,1.0000
2876,ep,Persistence,1.0000
2876,ep,DataStore,1.0000
2876,ep,Enterprise,1.0000
2876,ep,Reporting,1.0000
2882,paf,createReport,1.0000
2882,paf,getTransactionContext,1.0000
2882,paf,queryOrderById,1.0000
2882,paf,enterOrderID,1.0000
2882,paf,getEnterpriseByID,1.0000
2882,paf,getTransaction,1.0000
2882,paf,queryStockItem,1.0000
2882,ep,Persistence,1.0000
2882,ep,DataStore,1.0000
2882,ep,Enterprise,1.0000
2882,ep,Reporting,1.0000
2884,paf,getMeanTimeToDeliveryReport,1.0000
2884,paf,rollInReceivedOrder,1.0000
2884,paf,getMeanTimeToDelivery,1.0000
2884,paf,getTransactionContext,1.0000
2884,paf,queryOrderById,1.0000
2884,paf,getEnterpriseByID,1.0000
2884,paf,queryStockItem,1.0000
2884,ep,Persistence,1.0000
2884,ep,DataStore,1.0000
2884,ep,Enterprise,1.0000
2884,ep,Reporting,1.0000
2886,paf,createReport,1.0000
2886,paf,getMeanTimeToDeliveryReport,1.0000
2886,paf,getTransactionContext,1.0000
2886,paf,queryOrderById,1.0000
2886,paf,enterOrderID,1.0000
2886,paf,getEnterpriseByID,1.0000
2886,paf,getTransaction,1.0000
2886,paf,queryStockItem,1.0000
2886,ep,Persistence,1.0000
2886,ep,DataStore,1.0000
2886,ep,Enterprise,1.0000
2886,ep,Reporting,1.0000
2892,paf,createReport,1.0000
2892,paf,getMeanTimeToDeliveryReport,1.0000
2892,paf,getMeanTimeToDelivery,1.0000
2892,paf,getTransactionContext,1.0000
2892,paf,queryOrderById,1.0000
2892,paf,enterOrderID,1.0000
2892,paf,getEnterpriseByID,1.0000
2892,paf,getTransaction,1.0000
2892,paf,queryStockItem,1.0000
2894,paf,getMeanTimeToDeliveryReport,1.0000
2894,paf,rollInReceivedOrder,1.0000
2894,paf,getMeanTimeToDelivery,1.0000
2894,paf,getTransactionContext,1.0000
2894,paf,queryOrderById,1.0000
2894,paf,getEnterpriseByID,1.0000
2894,paf,getTransaction,1.0000
2894,paf,queryStockItem,1.0000
2894,ep,Persistence,1.0000
2894,ep,DataStore,1.0000
2894,ep,Enterprise,1.0000
2894,ep,Reporting,1.0000
2900,paf,createReport,0.9918
2900,paf,getMeanTimeToDeliveryReport,1.0000
2900,paf,getMeanTimeToDelivery,1.0000
2900,paf,getTransactionContext,1.0000
2900,paf,queryOrderById,1.0000
2900,paf,enterOrderID,1.0000
2900,paf,getEnterpriseByID,1.0000
2900,paf,getTransaction,1.0000
2900,paf,queryStockItem,1.0000
2900,ep,Persistence,1.0000
2900,ep,DataStore,1.0000
2900,ep,Enterprise,1.0000
2900,ep,Reporting,1.0000
2902,paf,createReport,1.0000
2902,paf,getMeanTimeToDelivery,1.0000
2902,paf,getTransactionContext,1.0000
2902,paf,queryOrderById,1.0000
2902,paf,enterOrderID,1.0000
2902,paf,getEnterpriseByID,1.0000
2902,paf,getTransaction,1.0000
2902,paf,queryStockItem,1.0000
2902,ep,Persistence,1.0000
2902,ep,DataStore,1.0000
2902,ep,Enterprise,1.0000
2902,ep,Reporting,1.0000
2904,paf,getMeanTimeToDeliveryReport,1.0000
2904,paf,rollInReceivedOrder,1.0000
2904,paf,getMeanTimeToDelivery,1.0000
2904,paf,getTransactionContext,1.0000
2904,paf,queryOrderById,1.0000
2904,paf,getEnterpriseByID,1.0000
2904,paf,queryStockItem,1.0000
2904,ep,Persistence,1.0000
2904,ep,DataStore,1.0000
2904,ep,Enterprise,1.0000
2904,ep,Reporting,1.0000
2908,paf,createReport,1.0000
2908,paf,getMeanTimeToDelivery,1.0000
2908,paf,getTransactionContext,1.0000
2908,paf,queryOrderById,1.0000
2908,paf,enterOrderID,1.0000
2908,paf,getEnterpriseByID,1.0000
2908,paf,getTransaction,1.0000
2908,paf,queryStockItem,1.0000
2908,ep,Persistence,1.0000
2908,ep,DataStore,1.0000
2908,ep,Enterprise,1.0000
2908,ep,Reporting,1.0000
