operation,target,to,where,exec_time(nanoSec)
Move_Operation_New_Component_New_Node,queryOrderById,New-Component_wkdgkyqrms,New-Node_qlpsageqty,2644105477
Move_Operation_New_Component_New_Node,getTransaction,New-Component_qhotpnpkej,New-Node_pmfsbrdwwb,1147689917
Move_Operation_Component,rollInReceivedOrder,Enterprise,,470062847
Move_Operation_New_Component_New_Node,getMeanTimeToDeliveryReport,New-Component_zqmtoovjyo,New-Node_qugskxbagf,792122482
Move_Operation_Component,queryStockItem,Persistence,,583818212
UMLCloneNode,LightDisplay,LightDisplay_fkflyqbfxh,,888739867
Move_Component_New_Node,Inventory,New-Node_fixojbaphr,,927729607
UMLCloneNode,Printer,Printer_funklpcjhk,,701763415
Move_Operation_Component,startSale,Inventory,,303028835
UMLCloneNode,EnterpriseClient,EnterpriseClient_hdvatogpsc,,386157182
UMLCloneNode,EnterpriseClient,EnterpriseClient_xgcvjehlyb,,414950020
Move_Component_New_Node,GUIStore,New-Node_wcsqbrlcqf,,479118750
Move_Operation_Component,createReport,CashDeskApplication,,272008279
Move_Operation_New_Component_New_Node,getTransactionContext,New-Component_uljoztollg,New-Node_aknqckkfxt,599361031
Move_Component_New_Node,CashBoxController,New-Node_eooitidhaa,,499823991
UMLCloneNode,EnterpriseServer,EnterpriseServer_bwykxxowrg,,419821065
Move_Operation_New_Component_New_Node,getMeanTimeToDelivery,New-Component_ygaqefkqco,New-Node_gsyklfrhhg,469673086
UMLCloneNode,Printer,Printer_pksmjtwgad,,370411343
UMLCloneNode,Printer,Printer_ewbkjizwzh,,410557031
UMLCloneNode,EnterpriseServer,EnterpriseServer_bzsymydycx,,372198494
Move_Component_New_Node,Reporting,New-Node_kqxgnjmqow,,472324138
Move_Operation_Component,getTransactionContext,Enterprise,,261093910
Move_Operation_New_Component_New_Node,queryOrderById,New-Component_vjyhnxmqtw,New-Node_efqeezagwe,545739500
Move_Operation_New_Component_New_Node,getEnterpriseByID,New-Component_oyomjdrvgi,New-Node_yeraxdvywy,595277252
UMLCloneNode,CashDeskPC,CashDeskPC_fdijfdjijo,,338022221
Move_Operation_Component,enterOrderID,Inventory,,214623191
Move_Operation_New_Component_New_Node,getTransaction,New-Component_zhyntojjuw,New-Node_xrdkdegfvw,559875200
Move_Operation_New_Component_New_Node,printRunningTotal,New-Component_fycnrwblwh,New-Node_ownmcksrlz,475682627
Move_Operation_New_Component_New_Node,queryOrderById,New-Component_sbwddhjxda,New-Node_ufjgrqzbbl,614618875
Move_Operation_Component,getEnterpriseByID,CashDeskApplication,,263761935
Move_Operation_New_Component_New_Node,getTransactionContext,New-Component_yummhjqkmm,New-Node_gtszqsbudf,584456028
UMLCloneNode,EnterpriseClient,EnterpriseClient_uhwwolspzt,,349717654
Move_Operation_Component,printRunningTotal,DataStore,,234932158
Move_Component_New_Node,DataStore,New-Node_abtrpsnhhx,,397118208
Move_Operation_New_Component_New_Node,startSale,New-Component_umaulmfgia,New-Node_ljysluvunl,502900651
UMLCloneNode,StoreServer,StoreServer_nuettslezu,,326481828
Move_Operation_New_Component_New_Node,saleStartedEvent,New-Component_zkfvwacsrg,New-Node_rsvttsltnq,526608162
UMLCloneNode,Printer,Printer_utcshykhum,,347799938
UMLCloneNode,EnterpriseServer,EnterpriseServer_jvgdvqsumb,,370012615
UMLCloneNode,EnterpriseClient,EnterpriseClient_oscmtfvbzp,,321515094
UMLCloneNode,LightDisplay,LightDisplay_jjegodqjcf,,378720165
Move_Component_New_Node,PrinterController,New-Node_tnkujdtvac,,454324853
Move_Operation_Component,queryOrderById,Reporting,,261448836
UMLCloneNode,New-Node_xxvlzzxxsw,New-Node_xxvlzzxxsw_kefabaplfp,,196218805
UMLCloneNode,StoreServer,StoreServer_wqauvjxkdp,,346006284
Move_Component_New_Node,PrinterController,New-Node_bbgqqpgzdw,,469678065
Move_Operation_New_Component_New_Node,getTransactionContext,New-Component_onowzydvtu,New-Node_eziwouzrci,670009704
Move_Operation_New_Component_New_Node,printRunningTotal,New-Component_bdleuwkuof,New-Node_qdglooxpyy,533163525
Move_Operation_New_Component_New_Node,scanProduct,New-Component_naitofdxau,New-Node_yqzfvokuzu,567282802
Move_Operation_Component,getMeanTimeToDeliveryReport,CashDeskApplication,,241780160
UMLCloneNode,BarCodeScanner,BarCodeScanner_ixqhynuzat,,347899014
Move_Component_New_Node,CashDeskGUI,New-Node_hwyyxgdahe,,422613622
Move_Operation_New_Component_New_Node,enterOrderID,New-Component_qiqpegmkeg,New-Node_zeiafvkurb,623660301
Move_Component_New_Node,CashBoxController,New-Node_wwdlvolaua,,405318447
Move_Operation_Component,getMeanTimeToDelivery,GUIReporting,,264160171
Move_Operation_New_Component_New_Node,getMeanTimeToDelivery,New-Component_inmbrraegd,New-Node_hejaezwnjn,608213663
Move_Operation_New_Component_New_Node,getEnterpriseByID,New-Component_qmufyvuwhk,New-Node_qyjdgactwn,495461650
Move_Operation_New_Component_New_Node,startSale,New-Component_gzppxxrmqh,New-Node_wyagyfksgh,626294822
Move_Component_New_Node,New-Component_qmufyvuwhk,New-Node_nlsdvogfgi,,440741418
Move_Operation_Component,saleStartedEvent,CashBoxController,,249768361
UMLCloneNode,BarCodeScanner,BarCodeScanner_fddantmrzt,,364142997
UMLCloneNode,LightDisplay,LightDisplay_dvozuuevhg,,352171415
UMLCloneNode,CashBox,CashBox_fzwcflfqwf,,385746042
Move_Operation_Component,printRunningTotal,DataStore,,268802667
Move_Operation_New_Component_New_Node,getEnterpriseByID,New-Component_qmufyvuwhk,New-Node_qyjdgactwn,547760951
Move_Operation_New_Component_New_Node,startSale,New-Component_gzppxxrmqh,New-Node_wyagyfksgh,631257368
Move_Component_New_Node,New-Component_qmufyvuwhk,New-Node_nlsdvogfgi,,723043743
Move_Operation_Component,saleStartedEvent,CashBoxController,,279923182
Move_Operation_Component,queryStockItem,Persistence,,314408737
UMLCloneNode,LightDisplay,LightDisplay_fkflyqbfxh,,430074854
Move_Component_New_Node,Inventory,New-Node_fixojbaphr,,478994337
UMLCloneNode,Printer,Printer_funklpcjhk,,452898678
UMLCloneNode,CashBox,CashBox_dqmvoemdmt,,414218598
Move_Operation_Component,getTransactionContext,Enterprise,,253194897
Move_Operation_New_Component_New_Node,queryOrderById,New-Component_vjyhnxmqtw,New-Node_efqeezagwe,607298376
Move_Operation_New_Component_New_Node,getEnterpriseByID,New-Component_oyomjdrvgi,New-Node_yeraxdvywy,613161943
UMLCloneNode,CashDeskPC,CashDeskPC_fdijfdjijo,,405108533
Move_Operation_Component,enterOrderID,Inventory,,267066762
Move_Operation_New_Component_New_Node,getTransaction,New-Component_zhyntojjuw,New-Node_xrdkdegfvw,694886587
Move_Operation_New_Component_New_Node,printRunningTotal,New-Component_fycnrwblwh,New-Node_ownmcksrlz,589118231
Move_Operation_Component,createReport,CashDeskApplication,,344999797
Move_Operation_New_Component_New_Node,getTransactionContext,New-Component_uljoztollg,New-Node_aknqckkfxt,619362902
Move_Component_New_Node,CashBoxController,New-Node_eooitidhaa,,483807173
UMLCloneNode,EnterpriseServer,EnterpriseServer_bwykxxowrg,,420198693
Move_Operation_New_Component_New_Node,getEnterpriseByID,New-Component_qmufyvuwhk,New-Node_qyjdgactwn,621143141
Move_Operation_New_Component_New_Node,startSale,New-Component_gzppxxrmqh,New-Node_wyagyfksgh,704892933
Move_Component_New_Node,New-Component_qmufyvuwhk,New-Node_nlsdvogfgi,,494601306
Move_Operation_Component,saleStartedEvent,CashBoxController,,282496710
UMLCloneNode,LightDisplay,LightDisplay_jjegodqjcf,,388067976
Move_Component_New_Node,PrinterController,New-Node_tnkujdtvac,,459441048
Move_Operation_Component,queryOrderById,Reporting,,256928098
UMLCloneNode,New-Node_xxvlzzxxsw,New-Node_xxvlzzxxsw_kefabaplfp,,237333621
Move_Operation_Component,startSale,Inventory,,247798698
UMLCloneNode,EnterpriseClient,EnterpriseClient_hdvatogpsc,,375614220
UMLCloneNode,EnterpriseClient,EnterpriseClient_xgcvjehlyb,,413058322
UMLCloneNode,LightDisplay,LightDisplay_emrewyplrb,,417816645
Move_Operation_New_Component_New_Node,saleStartedEvent,New-Component_zkfvwacsrg,New-Node_rsvttsltnq,585031067
UMLCloneNode,Printer,Printer_utcshykhum,,338582552
UMLCloneNode,EnterpriseServer,EnterpriseServer_jvgdvqsumb,,337603575
UMLCloneNode,EnterpriseClient,EnterpriseClient_oscmtfvbzp,,409340710
Move_Operation_New_Component_New_Node,getMeanTimeToDelivery,New-Component_ygaqefkqco,New-Node_gsyklfrhhg,648842277
UMLCloneNode,Printer,Printer_pksmjtwgad,,402104039
UMLCloneNode,Printer,Printer_ewbkjizwzh,,422998524
UMLCloneNode,EnterpriseServer,EnterpriseServer_bzsymydycx,,372592022
Move_Operation_New_Component_New_Node,scanProduct,New-Component_naitofdxau,New-Node_yqzfvokuzu,618737519
Move_Operation_Component,getMeanTimeToDeliveryReport,CashDeskApplication,,312610183
UMLCloneNode,BarCodeScanner,BarCodeScanner_ixqhynuzat,,492207837
Move_Component_New_Node,CashDeskGUI,New-Node_hwyyxgdahe,,468087894
Move_Operation_New_Component_New_Node,queryStockItem,New-Component_xvrhjdaiat,New-Node_hecaxjxswa,718703313
Move_Component_New_Node,PrinterController,New-Node_bbgqqpgzdw,,555101537
Move_Operation_New_Component_New_Node,getTransactionContext,New-Component_onowzydvtu,New-Node_eziwouzrci,625340853
Move_Operation_New_Component_New_Node,printRunningTotal,New-Component_bdleuwkuof,New-Node_qdglooxpyy,610386227
Move_Operation_New_Component_New_Node,getEnterpriseByID,New-Component_qmufyvuwhk,New-Node_qyjdgactwn,733627301
Move_Operation_New_Component_New_Node,startSale,New-Component_gzppxxrmqh,New-Node_wyagyfksgh,681908499
Move_Component_New_Node,New-Component_qmufyvuwhk,New-Node_nlsdvogfgi,,443532623
Move_Operation_Component,saleStartedEvent,CashBoxController,,317955979
Move_Operation_New_Component_New_Node,saleStartedEvent,New-Component_zkfvwacsrg,New-Node_rsvttsltnq,689722573
UMLCloneNode,Printer,Printer_utcshykhum,,448068930
UMLCloneNode,EnterpriseServer,EnterpriseServer_jvgdvqsumb,,504037112
UMLCloneNode,EnterpriseClient,EnterpriseClient_oscmtfvbzp,,454771230
Move_Operation_New_Component_New_Node,saleStartedEvent,New-Component_zkfvwacsrg,New-Node_rsvttsltnq,651569441
UMLCloneNode,Printer,Printer_utcshykhum,,387997172
UMLCloneNode,EnterpriseServer,EnterpriseServer_jvgdvqsumb,,487523773
UMLCloneNode,EnterpriseClient,EnterpriseClient_oscmtfvbzp,,351606957
Move_Operation_Component,queryStockItem,Persistence,,303186410
Move_Operation_New_Component_New_Node,printRunningTotal,New-Component_axfxzyogxs,New-Node_bkcbormiui,579178360
Move_Component_New_Node,Inventory,New-Node_fixojbaphr,,510442304
UMLCloneNode,Printer,Printer_funklpcjhk,,399451574
UMLCloneNode,CashBox,CashBox_dqmvoemdmt,,395624577
Move_Operation_Component,getTransactionContext,Enterprise,,284641221
UMLCloneNode,CashDeskPC,CashDeskPC_egsjjtcock,,387482808
Move_Operation_New_Component_New_Node,getEnterpriseByID,New-Component_oyomjdrvgi,New-Node_yeraxdvywy,634084781
Move_Operation_New_Component_New_Node,enterOrderID,New-Component_qiqpegmkeg,New-Node_zeiafvkurb,667502582
Move_Component_New_Node,CashBoxController,New-Node_wwdlvolaua,,544961440
Move_Operation_Component,getMeanTimeToDelivery,GUIReporting,,272084132
Move_Operation_New_Component_New_Node,getMeanTimeToDelivery,New-Component_inmbrraegd,New-Node_hejaezwnjn,664038215
UMLCloneNode,New-Node_vrkgfjubtw,New-Node_vrkgfjubtw_pmzmnerhit,,280068886
Move_Operation_New_Component_New_Node,getTransactionContext,New-Component_uljoztollg,New-Node_aknqckkfxt,652284131
Move_Component_New_Node,CashBoxController,New-Node_eooitidhaa,,598388617
UMLCloneNode,EnterpriseServer,EnterpriseServer_bwykxxowrg,,497294737
Move_Operation_New_Component_New_Node,getMeanTimeToDelivery,New-Component_ygaqefkqco,New-Node_gsyklfrhhg,700634537
UMLCloneNode,Printer,Printer_pksmjtwgad,,488448527
UMLCloneNode,Printer,Printer_ewbkjizwzh,,403756027
UMLCloneNode,EnterpriseServer,EnterpriseServer_bzsymydycx,,494752520
Move_Operation_Component,startSale,Inventory,,318604175
UMLCloneNode,EnterpriseClient,EnterpriseClient_hdvatogpsc,,457884859
UMLCloneNode,EnterpriseClient,EnterpriseClient_xgcvjehlyb,,463710504
UMLCloneNode,LightDisplay,LightDisplay_emrewyplrb,,475287666
Move_Operation_Component,startSale,Inventory,,365883652
UMLCloneNode,EnterpriseClient,EnterpriseClient_hdvatogpsc,,550214752
UMLCloneNode,EnterpriseClient,EnterpriseClient_xgcvjehlyb,,477975156
Move_Component_New_Node,GUIStore,New-Node_wcsqbrlcqf,,521167147
UMLCloneNode,CashBox,CashBox_dqmvoemdmt,,598295743
Move_Operation_Component,getTransactionContext,Enterprise,,286775493
Move_Operation_New_Component_New_Node,queryOrderById,New-Component_vjyhnxmqtw,New-Node_efqeezagwe,671006734
UMLCloneNode,Printer,Printer_lltpyplmth,,499674781
Move_Operation_New_Component_New_Node,queryOrderById,New-Component_wkdgkyqrms,New-Node_qlpsageqty,729006545
Move_Operation_New_Component_New_Node,getTransaction,New-Component_qhotpnpkej,New-Node_pmfsbrdwwb,729527893
Move_Operation_Component,rollInReceivedOrder,Enterprise,,316347182
Move_Operation_New_Component_New_Node,getMeanTimeToDeliveryReport,New-Component_zqmtoovjyo,New-Node_qugskxbagf,686631406
UMLCloneNode,CashDeskPC,CashDeskPC_fdijfdjijo,,607818511
Move_Operation_Component,enterOrderID,Inventory,,310682077
Move_Operation_New_Component_New_Node,getTransaction,New-Component_zhyntojjuw,New-Node_xrdkdegfvw,629689999
Move_Operation_New_Component_New_Node,printRunningTotal,New-Component_fycnrwblwh,New-Node_ownmcksrlz,695551915
Move_Operation_Component,createReport,CashDeskApplication,,347068015
Move_Operation_New_Component_New_Node,getTransactionContext,New-Component_uljoztollg,New-Node_aknqckkfxt,691813634
Move_Component_New_Node,CashBoxController,New-Node_eooitidhaa,,537333685
UMLCloneNode,EnterpriseServer,EnterpriseServer_bwykxxowrg,,501110093
UMLCloneNode,Printer,Printer_ouxweazqsl,,555105515
Move_Operation_New_Component_New_Node,getTransaction,New-Component_qhotpnpkej,New-Node_pmfsbrdwwb,654026779
Move_Operation_Component,rollInReceivedOrder,Enterprise,,295413924
Move_Operation_New_Component_New_Node,getMeanTimeToDeliveryReport,New-Component_zqmtoovjyo,New-Node_qugskxbagf,693884508
Move_Operation_New_Component_New_Node,getTransaction,New-Component_jhalfwylfr,New-Node_ujcfojpcgh,681448326
Move_Component_New_Node,PrinterController,New-Node_bbgqqpgzdw,,507005639
Move_Operation_New_Component_New_Node,getTransactionContext,New-Component_onowzydvtu,New-Node_eziwouzrci,582239582
Move_Operation_New_Component_New_Node,printRunningTotal,New-Component_bdleuwkuof,New-Node_qdglooxpyy,567789422
Move_Operation_New_Component_New_Node,getMeanTimeToDeliveryReport,New-Component_tfkmuzlfbr,New-Node_zehexjmkfn,672920903
Move_Operation_Component,getTransactionContext,Enterprise,,262796484
Move_Operation_New_Component_New_Node,queryOrderById,New-Component_vjyhnxmqtw,New-Node_efqeezagwe,704664916
Move_Operation_New_Component_New_Node,getEnterpriseByID,New-Component_oyomjdrvgi,New-Node_yeraxdvywy,685720348
UMLCloneNode,StoreServer,StoreServer_wqauvjxkdp,,511210114
Move_Component_New_Node,PrinterController,New-Node_bbgqqpgzdw,,572263272
Move_Operation_New_Component_New_Node,getTransactionContext,New-Component_onowzydvtu,New-Node_eziwouzrci,667253775
Move_Operation_New_Component_New_Node,printRunningTotal,New-Component_bdleuwkuof,New-Node_qdglooxpyy,659340155
Move_Operation_New_Component_New_Node,getTransaction,New-Component_mjsoedolzt,New-Node_msoyyuoyow,669949471
Move_Component_New_Node,CashBoxController,New-Node_wwdlvolaua,,520670797
Move_Operation_Component,getMeanTimeToDelivery,GUIReporting,,293666177
Move_Operation_New_Component_New_Node,getMeanTimeToDelivery,New-Component_inmbrraegd,New-Node_hejaezwnjn,698148846
Move_Operation_Component,startSale,Inventory,,372616027
UMLCloneNode,EnterpriseClient,EnterpriseClient_hdvatogpsc,,477690863
UMLCloneNode,EnterpriseClient,EnterpriseClient_xgcvjehlyb,,368250440
UMLCloneNode,LightDisplay,LightDisplay_emrewyplrb,,420764174
UMLCloneNode,CashDeskPC,CashDeskPC_fdijfdjijo,,468772457
Move_Operation_Component,enterOrderID,Inventory,,281299183
Move_Operation_New_Component_New_Node,getTransaction,New-Component_zhyntojjuw,New-Node_xrdkdegfvw,774540850
Move_Operation_New_Component_New_Node,printRunningTotal,New-Component_fycnrwblwh,New-Node_ownmcksrlz,758677590
UMLCloneNode,StoreServer,StoreServer_gfnssofzji,,491506372
Move_Operation_New_Component_New_Node,getTransactionContext,New-Component_uljoztollg,New-Node_aknqckkfxt,787084644
Move_Component_New_Node,CashBoxController,New-Node_eooitidhaa,,626063909
UMLCloneNode,EnterpriseServer,EnterpriseServer_bwykxxowrg,,485493796
UMLCloneNode,Printer,Printer_poeqrizjka,,544762407
Move_Component_New_Node,PrinterController,New-Node_bbgqqpgzdw,,491425069
Move_Operation_New_Component_New_Node,getTransactionContext,New-Component_onowzydvtu,New-Node_eziwouzrci,676618689
Move_Operation_New_Component_New_Node,printRunningTotal,New-Component_bdleuwkuof,New-Node_qdglooxpyy,636025120
Move_Operation_New_Component_New_Node,queryStockItem,New-Component_xvrhjdaiat,New-Node_hecaxjxswa,688868131
Move_Component_New_Node,PrinterController,New-Node_bbgqqpgzdw,,535840475
Move_Operation_New_Component_New_Node,getTransactionContext,New-Component_onowzydvtu,New-Node_eziwouzrci,635439452
Move_Operation_New_Component_New_Node,printRunningTotal,New-Component_bdleuwkuof,New-Node_qdglooxpyy,669601909
Move_Operation_New_Component_New_Node,getMeanTimeToDelivery,New-Component_ygaqefkqco,New-Node_gsyklfrhhg,638854566
UMLCloneNode,Printer,Printer_pksmjtwgad,,400051369
UMLCloneNode,Printer,Printer_ewbkjizwzh,,388524492
UMLCloneNode,EnterpriseServer,EnterpriseServer_bzsymydycx,,447240938
Move_Operation_New_Component_New_Node,getMeanTimeToDelivery,New-Component_ygaqefkqco,New-Node_gsyklfrhhg,687186707
UMLCloneNode,Printer,Printer_pksmjtwgad,,492871703
UMLCloneNode,Printer,Printer_ewbkjizwzh,,424578757
UMLCloneNode,EnterpriseServer,EnterpriseServer_bzsymydycx,,476035147
Move_Operation_Component,createReport,CashDeskApplication,,301592822
Move_Operation_New_Component_New_Node,getTransactionContext,New-Component_uljoztollg,New-Node_aknqckkfxt,660520889
Move_Component_New_Node,CashBoxController,New-Node_eooitidhaa,,541693021
UMLCloneNode,EnterpriseServer,EnterpriseServer_bwykxxowrg,,479591007
UMLCloneNode,CashDeskPC,CashDeskPC_fdijfdjijo,,537924544
Move_Operation_Component,enterOrderID,Inventory,,293504343
Move_Operation_New_Component_New_Node,getTransaction,New-Component_zhyntojjuw,New-Node_xrdkdegfvw,728474387
Move_Operation_New_Component_New_Node,printRunningTotal,New-Component_fycnrwblwh,New-Node_ownmcksrlz,764941117
Move_Operation_Component,startSale,Inventory,,361935748
UMLCloneNode,EnterpriseClient,EnterpriseClient_hdvatogpsc,,483794669
UMLCloneNode,EnterpriseClient,EnterpriseClient_xgcvjehlyb,,494363891
Move_Component_New_Node,GUIStore,New-Node_wcsqbrlcqf,,523069835
UMLCloneNode,New-Node_vrkgfjubtw,New-Node_vrkgfjubtw_pmzmnerhit,,371208968
Move_Operation_New_Component_New_Node,getTransactionContext,New-Component_uljoztollg,New-Node_aknqckkfxt,723475602
Move_Component_New_Node,CashBoxController,New-Node_eooitidhaa,,592171177
UMLCloneNode,EnterpriseServer,EnterpriseServer_bwykxxowrg,,520061023
Move_Operation_Component,createReport,CashDeskApplication,,385662044
Move_Operation_New_Component_New_Node,getTransactionContext,New-Component_uljoztollg,New-Node_aknqckkfxt,689515244
Move_Component_New_Node,CashBoxController,New-Node_eooitidhaa,,508153412
UMLCloneNode,EnterpriseServer,EnterpriseServer_bwykxxowrg,,470974957
UMLCloneNode,StoreServer,StoreServer_wqauvjxkdp,,566492129
Move_Component_New_Node,PrinterController,New-Node_bbgqqpgzdw,,569244500
Move_Operation_New_Component_New_Node,getTransactionContext,New-Component_onowzydvtu,New-Node_eziwouzrci,711635578
Move_Operation_New_Component_New_Node,printRunningTotal,New-Component_bdleuwkuof,New-Node_qdglooxpyy,695117210
Move_Component_New_Node,Inventory,New-Node_xzpuhnnvcm,,561602018
Move_Operation_Component,getEnterpriseByID,CashDeskApplication,,281270439
Move_Operation_New_Component_New_Node,getTransactionContext,New-Component_yummhjqkmm,New-Node_gtszqsbudf,715781123
UMLCloneNode,EnterpriseClient,EnterpriseClient_uhwwolspzt,,571938192
UMLCloneNode,BarCodeScanner,BarCodeScanner_fddantmrzt,,474437862
UMLCloneNode,LightDisplay,LightDisplay_dvozuuevhg,,377920255
UMLCloneNode,CashBox,CashBox_fzwcflfqwf,,450773121
Move_Operation_Component,printRunningTotal,DataStore,,279926509
Move_Operation_New_Component_New_Node,printRunningTotal,New-Component_urpmyexsks,New-Node_mcxzxctgsy,730515977
UMLCloneNode,Printer,Printer_pksmjtwgad,,538194941
UMLCloneNode,Printer,Printer_ewbkjizwzh,,409273374
UMLCloneNode,EnterpriseServer,EnterpriseServer_bzsymydycx,,433926217
UMLCloneNode,BarCodeScanner,BarCodeScanner_fddantmrzt,,492465230
UMLCloneNode,LightDisplay,LightDisplay_dvozuuevhg,,565056808
UMLCloneNode,CashBox,CashBox_fzwcflfqwf,,516965949
Move_Operation_Component,printRunningTotal,DataStore,,265711901
UMLCloneNode,StoreServer,StoreServer_gfnssofzji,,502368453
Move_Operation_New_Component_New_Node,getTransactionContext,New-Component_uljoztollg,New-Node_aknqckkfxt,688338267
Move_Component_New_Node,CashBoxController,New-Node_eooitidhaa,,546386724
UMLCloneNode,EnterpriseServer,EnterpriseServer_bwykxxowrg,,510150827
Move_Operation_New_Component_New_Node,scanProduct,New-Component_dqncpquxzx,New-Node_tvxrtjkupk,743470862
Move_Operation_Component,enterOrderID,Inventory,,281323318
Move_Operation_New_Component_New_Node,getTransaction,New-Component_zhyntojjuw,New-Node_xrdkdegfvw,701240213
Move_Operation_New_Component_New_Node,printRunningTotal,New-Component_fycnrwblwh,New-Node_ownmcksrlz,655682886
UMLCloneNode,New-Node_vrkgfjubtw,New-Node_vrkgfjubtw_pmzmnerhit,,288695484
Move_Operation_New_Component_New_Node,getTransactionContext,New-Component_uljoztollg,New-Node_aknqckkfxt,720731466
Move_Component_New_Node,CashBoxController,New-Node_eooitidhaa,,570409856
UMLCloneNode,EnterpriseServer,EnterpriseServer_bwykxxowrg,,501779508
Move_Operation_New_Component_New_Node,queryOrderById,New-Component_sbwddhjxda,New-Node_ufjgrqzbbl,690868462
Move_Operation_Component,getEnterpriseByID,CashDeskApplication,,411345199
Move_Operation_New_Component_New_Node,getTransactionContext,New-Component_yummhjqkmm,New-Node_gtszqsbudf,676763259
UMLCloneNode,EnterpriseClient,EnterpriseClient_uhwwolspzt,,473094864
Move_Operation_Component,getEnterpriseByID,CashDeskApplication,,388796673
Move_Component_New_Node,PrinterController,New-Node_bbgqqpgzdw,,548009897
Move_Operation_New_Component_New_Node,getTransactionContext,New-Component_onowzydvtu,New-Node_eziwouzrci,591062938
Move_Operation_New_Component_New_Node,printRunningTotal,New-Component_bdleuwkuof,New-Node_qdglooxpyy,574653245
Move_Operation_New_Component_New_Node,queryStockItem,New-Component_xvrhjdaiat,New-Node_hecaxjxswa,708877817
Move_Component_New_Node,PrinterController,New-Node_bbgqqpgzdw,,614481698
Move_Operation_New_Component_New_Node,getTransactionContext,New-Component_onowzydvtu,New-Node_eziwouzrci,795118961
Move_Operation_New_Component_New_Node,printRunningTotal,New-Component_bdleuwkuof,New-Node_qdglooxpyy,740820712
UMLCloneNode,StoreServer,StoreServer_wqauvjxkdp,,515289995
Move_Component_New_Node,PrinterController,New-Node_bbgqqpgzdw,,636236817
Move_Operation_New_Component_New_Node,getTransactionContext,New-Component_onowzydvtu,New-Node_eziwouzrci,802499032
Move_Operation_New_Component_New_Node,printRunningTotal,New-Component_bdleuwkuof,New-Node_qdglooxpyy,677103127
UMLCloneNode,Printer,Printer_poeqrizjka,,515128703
Move_Component_New_Node,PrinterController,New-Node_bbgqqpgzdw,,510168371
Move_Operation_New_Component_New_Node,getTransactionContext,New-Component_onowzydvtu,New-Node_eziwouzrci,671016502
Move_Operation_New_Component_New_Node,printRunningTotal,New-Component_bdleuwkuof,New-Node_qdglooxpyy,806850643
Move_Operation_New_Component_New_Node,queryOrderById,New-Component_sbwddhjxda,New-Node_ufjgrqzbbl,708450755
Move_Operation_Component,getEnterpriseByID,CashDeskApplication,,350544064
Move_Operation_New_Component_New_Node,getTransactionContext,New-Component_yummhjqkmm,New-Node_gtszqsbudf,722373727
UMLCloneNode,EnterpriseClient,EnterpriseClient_uhwwolspzt,,517659159
Move_Operation_New_Component_New_Node,queryStockItem,New-Component_xvrhjdaiat,New-Node_hecaxjxswa,698038419
Move_Component_New_Node,PrinterController,New-Node_bbgqqpgzdw,,614727078
Move_Operation_New_Component_New_Node,getTransactionContext,New-Component_onowzydvtu,New-Node_eziwouzrci,727577325
Move_Operation_New_Component_New_Node,printRunningTotal,New-Component_bdleuwkuof,New-Node_qdglooxpyy,697687480
UMLCloneNode,StoreServer,StoreServer_wqauvjxkdp,,556672283
Move_Component_New_Node,PrinterController,New-Node_bbgqqpgzdw,,603645135
Move_Operation_New_Component_New_Node,getTransactionContext,New-Component_onowzydvtu,New-Node_eziwouzrci,733015434
Move_Operation_New_Component_New_Node,printRunningTotal,New-Component_bdleuwkuof,New-Node_qdglooxpyy,733006948
UMLCloneNode,CashDeskPC,CashDeskPC_fdijfdjijo,,538919149
Move_Operation_Component,enterOrderID,Inventory,,311999939
Move_Operation_New_Component_New_Node,getTransaction,New-Component_zhyntojjuw,New-Node_xrdkdegfvw,914186118
Move_Operation_New_Component_New_Node,printRunningTotal,New-Component_fycnrwblwh,New-Node_ownmcksrlz,672388125
UMLCloneNode,EnterpriseServer,EnterpriseServer_jviynoleyg,,532659921
Move_Operation_Component,getEnterpriseByID,CashDeskApplication,,297178944
Move_Operation_New_Component_New_Node,getTransactionContext,New-Component_yummhjqkmm,New-Node_gtszqsbudf,734520807
UMLCloneNode,EnterpriseClient,EnterpriseClient_uhwwolspzt,,501641479
UMLCloneNode,StoreServer,StoreServer_wqauvjxkdp,,515135576
Move_Component_New_Node,PrinterController,New-Node_bbgqqpgzdw,,546247493
Move_Operation_New_Component_New_Node,getTransactionContext,New-Component_onowzydvtu,New-Node_eziwouzrci,622463808
Move_Operation_New_Component_New_Node,printRunningTotal,New-Component_bdleuwkuof,New-Node_qdglooxpyy,780338973
Move_Component_New_Node,Inventory,New-Node_xzpuhnnvcm,,657147742
Move_Operation_Component,getEnterpriseByID,CashDeskApplication,,284391302
Move_Operation_New_Component_New_Node,getTransactionContext,New-Component_onowzydvtu,New-Node_eziwouzrci,734427121
Move_Operation_New_Component_New_Node,printRunningTotal,New-Component_bdleuwkuof,New-Node_qdglooxpyy,661110264
UMLCloneNode,New-Node_vrkgfjubtw,New-Node_vrkgfjubtw_pmzmnerhit,,282763649
Move_Operation_New_Component_New_Node,getTransactionContext,New-Component_uljoztollg,New-Node_aknqckkfxt,570170607
Move_Component_New_Node,CashBoxController,New-Node_eooitidhaa,,596987800
UMLCloneNode,EnterpriseServer,EnterpriseServer_bwykxxowrg,,496280536
UMLCloneNode,BarCodeScanner,BarCodeScanner_fddantmrzt,,904348188
UMLCloneNode,LightDisplay,LightDisplay_dvozuuevhg,,516204190
UMLCloneNode,CashBox,CashBox_fzwcflfqwf,,516195904
Move_Operation_Component,printRunningTotal,DataStore,,300957480
UMLCloneNode,StoreServer,StoreServer_gfnssofzji,,553703194
Move_Operation_New_Component_New_Node,getTransactionContext,New-Component_uljoztollg,New-Node_aknqckkfxt,703465045
Move_Component_New_Node,CashBoxController,New-Node_eooitidhaa,,567577013
UMLCloneNode,EnterpriseServer,EnterpriseServer_bwykxxowrg,,504796466
UMLCloneNode,EnterpriseServer,EnterpriseServer_jviynoleyg,,563962996
Move_Operation_Component,getEnterpriseByID,CashDeskApplication,,319348219
Move_Operation_New_Component_New_Node,getTransactionContext,New-Component_yummhjqkmm,New-Node_gtszqsbudf,717953527
UMLCloneNode,EnterpriseClient,EnterpriseClient_uhwwolspzt,,521165875
UMLCloneNode,Printer,Printer_poeqrizjka,,483460313
Move_Component_New_Node,PrinterController,New-Node_bbgqqpgzdw,,501357486
Move_Operation_New_Component_New_Node,getTransactionContext,New-Component_onowzydvtu,New-Node_eziwouzrci,701438295
Move_Operation_New_Component_New_Node,printRunningTotal,New-Component_bdleuwkuof,New-Node_qdglooxpyy,690501303
UMLCloneNode,LightDisplay,LightDisplay_bemxbxbipz,,546011801
Move_Component_New_Node,PrinterController,New-Node_bbgqqpgzdw,,492352359
Move_Operation_New_Component_New_Node,getTransactionContext,New-Component_onowzydvtu,New-Node_eziwouzrci,831707760
Move_Operation_New_Component_New_Node,printRunningTotal,New-Component_bdleuwkuof,New-Node_qdglooxpyy,657220660
UMLCloneNode,CashBox,CashBox_djtyqyjshq,,492300612
Move_Operation_Component,getEnterpriseByID,CashDeskApplication,,332943065
Move_Operation_New_Component_New_Node,getTransactionContext,New-Component_yummhjqkmm,New-Node_gtszqsbudf,753497495
UMLCloneNode,EnterpriseClient,EnterpriseClient_uhwwolspzt,,469357825
UMLCloneNode,EnterpriseServer,EnterpriseServer_jviynoleyg,,495979070
Move_Operation_Component,getEnterpriseByID,CashDeskApplication,,290282130
Move_Operation_New_Component_New_Node,getTransactionContext,New-Component_yummhjqkmm,New-Node_gtszqsbudf,672219097
UMLCloneNode,EnterpriseClient,EnterpriseClient_uhwwolspzt,,456091465
UMLCloneNode,BarCodeScanner,BarCodeScanner_fddantmrzt,,446054923
Move_Operation_Component,getEnterpriseByID,CashDeskApplication,,312032700
Move_Operation_New_Component_New_Node,getTransactionContext,New-Component_yummhjqkmm,New-Node_gtszqsbudf,686518975
UMLCloneNode,EnterpriseClient,EnterpriseClient_uhwwolspzt,,493662476
Move_Operation_New_Component_New_Node,getTransaction,New-Component_jhalfwylfr,New-Node_ujcfojpcgh,714551516
Move_Component_New_Node,PrinterController,New-Node_bbgqqpgzdw,,633680343
Move_Operation_New_Component_New_Node,getTransactionContext,New-Component_onowzydvtu,New-Node_eziwouzrci,755763374
Move_Operation_New_Component_New_Node,printRunningTotal,New-Component_bdleuwkuof,New-Node_qdglooxpyy,729885083
Move_Operation_Component,getEnterpriseByID,CashDeskApplication,,413005432
Move_Component_New_Node,PrinterController,New-Node_bbgqqpgzdw,,523352636
Move_Operation_New_Component_New_Node,getTransactionContext,New-Component_onowzydvtu,New-Node_eziwouzrci,581051333
Move_Operation_New_Component_New_Node,printRunningTotal,New-Component_bdleuwkuof,New-Node_qdglooxpyy,614804723
UMLCloneNode,New-Node_vrkgfjubtw,New-Node_vrkgfjubtw_pmzmnerhit,,226484034
Move_Operation_New_Component_New_Node,getTransactionContext,New-Component_uljoztollg,New-Node_aknqckkfxt,652953337
Move_Component_New_Node,CashBoxController,New-Node_eooitidhaa,,531212216
UMLCloneNode,EnterpriseServer,EnterpriseServer_bwykxxowrg,,478386367
Move_Component_New_Node,Inventory,New-Node_xzpuhnnvcm,,621664738
Move_Operation_Component,getEnterpriseByID,CashDeskApplication,,303585188
Move_Operation_New_Component_New_Node,getTransactionContext,New-Component_onowzydvtu,New-Node_eziwouzrci,733456832
Move_Operation_New_Component_New_Node,printRunningTotal,New-Component_bdleuwkuof,New-Node_qdglooxpyy,720646267
Move_Component_New_Node,Inventory,New-Node_xzpuhnnvcm,,560591112
Move_Operation_Component,getEnterpriseByID,CashDeskApplication,,334893823
Move_Operation_New_Component_New_Node,getTransactionContext,New-Component_yummhjqkmm,New-Node_gtszqsbudf,739022770
UMLCloneNode,EnterpriseClient,EnterpriseClient_uhwwolspzt,,423044429
UMLCloneNode,Printer,Printer_poeqrizjka,,605907288
Move_Operation_New_Component_New_Node,getTransactionContext,New-Component_uljoztollg,New-Node_aknqckkfxt,744733630
Move_Component_New_Node,CashBoxController,New-Node_eooitidhaa,,608576714
UMLCloneNode,EnterpriseServer,EnterpriseServer_bwykxxowrg,,500100559
Move_Component_New_Node,Inventory,New-Node_xzpuhnnvcm,,595499308
Move_Operation_Component,getEnterpriseByID,CashDeskApplication,,276888361
Move_Operation_New_Component_New_Node,getTransactionContext,New-Component_onowzydvtu,New-Node_eziwouzrci,669949521
Move_Operation_New_Component_New_Node,printRunningTotal,New-Component_bdleuwkuof,New-Node_qdglooxpyy,792148260
Move_Operation_New_Component_New_Node,queryOrderById,New-Component_sbwddhjxda,New-Node_ufjgrqzbbl,680071223
Move_Operation_Component,getEnterpriseByID,CashDeskApplication,,282783668
Move_Operation_New_Component_New_Node,getTransactionContext,New-Component_yummhjqkmm,New-Node_gtszqsbudf,621397507
UMLCloneNode,EnterpriseClient,EnterpriseClient_uhwwolspzt,,428939235
UMLCloneNode,StoreServer,StoreServer_gfnssofzji,,461949021
Move_Operation_New_Component_New_Node,getTransactionContext,New-Component_uljoztollg,New-Node_aknqckkfxt,662993226
Move_Component_New_Node,CashBoxController,New-Node_eooitidhaa,,888901720
UMLCloneNode,EnterpriseServer,EnterpriseServer_bwykxxowrg,,472330059
UMLCloneNode,StoreServer,StoreServer_gfnssofzji,,538559405
Move_Operation_New_Component_New_Node,getTransactionContext,New-Component_uljoztollg,New-Node_aknqckkfxt,699618281
Move_Component_New_Node,CashBoxController,New-Node_adksvcxttj,,551871479
UMLCloneNode,EnterpriseServer,EnterpriseServer_bwykxxowrg,,458097227
Move_Component_New_Node,Inventory,New-Node_xzpuhnnvcm,,619594717
Move_Operation_Component,getEnterpriseByID,CashDeskApplication,,296317508
Move_Operation_New_Component_New_Node,getTransactionContext,New-Component_yummhjqkmm,New-Node_gtszqsbudf,741152403
UMLCloneNode,EnterpriseClient,EnterpriseClient_uhwwolspzt,,466869639
UMLCloneNode,New-Node_vrkgfjubtw,New-Node_vrkgfjubtw_pmzmnerhit,,277525917
Move_Operation_New_Component_New_Node,getTransactionContext,New-Component_uljoztollg,New-Node_aknqckkfxt,763204380
Move_Component_New_Node,CashBoxController,New-Node_eooitidhaa,,521106453
UMLCloneNode,EnterpriseServer,EnterpriseServer_bwykxxowrg,,462531493
UMLCloneNode,BarCodeScanner,BarCodeScanner_fddantmrzt,,578146495
Move_Operation_New_Component_New_Node,getTransactionContext,New-Component_uljoztollg,New-Node_aknqckkfxt,684349827
Move_Component_New_Node,CashBoxController,New-Node_eooitidhaa,,546019464
UMLCloneNode,EnterpriseServer,EnterpriseServer_bwykxxowrg,,515389292
Move_Component_New_Node,Inventory,New-Node_xzpuhnnvcm,,601867331
Move_Operation_Component,getEnterpriseByID,CashDeskApplication,,274572869
Move_Operation_New_Component_New_Node,getTransactionContext,New-Component_onowzydvtu,New-Node_eziwouzrci,662723249
Move_Operation_New_Component_New_Node,printRunningTotal,New-Component_bdleuwkuof,New-Node_qdglooxpyy,668424101
Move_Operation_Component,getEnterpriseByID,CashDeskApplication,,320225846
Move_Component_New_Node,PrinterController,New-Node_bbgqqpgzdw,,548967053
Move_Operation_New_Component_New_Node,getTransactionContext,New-Component_onowzydvtu,New-Node_eziwouzrci,665319077
Move_Operation_New_Component_New_Node,printRunningTotal,New-Component_bdleuwkuof,New-Node_qdglooxpyy,703728880
Move_Operation_Component,getEnterpriseByID,CashDeskApplication,,307131188
Move_Component_New_Node,PrinterController,New-Node_bbgqqpgzdw,,518478755
Move_Operation_New_Component_New_Node,getTransactionContext,New-Component_onowzydvtu,New-Node_eziwouzrci,663306563
Move_Operation_New_Component_New_Node,printRunningTotal,New-Component_bdleuwkuof,New-Node_qdglooxpyy,673906361
Move_Operation_Component,getEnterpriseByID,CashDeskApplication,,270887808
Move_Component_New_Node,PrinterController,New-Node_bbgqqpgzdw,,421071550
Move_Operation_New_Component_New_Node,getTransactionContext,New-Component_yummhjqkmm,New-Node_gtszqsbudf,573564462
UMLCloneNode,EnterpriseClient,EnterpriseClient_uhwwolspzt,,469264641
UMLCloneNode,BarCodeScanner,BarCodeScanner_fddantmrzt,,540811588
UMLCloneNode,LightDisplay,LightDisplay_dvozuuevhg,,475716790
UMLCloneNode,CashBox,CashBox_fzwcflfqwf,,441614786
Move_Operation_Component,printRunningTotal,DataStore,,274049738
Move_Component_New_Node,Inventory,New-Node_xzpuhnnvcm,,716835200
Move_Operation_Component,getEnterpriseByID,CashDeskApplication,,311386468
Move_Operation_New_Component_New_Node,getTransactionContext,New-Component_yummhjqkmm,New-Node_gtszqsbudf,755991032
UMLCloneNode,EnterpriseServer,EnterpriseServer_bwykxxowrg,,590613576
Move_Operation_Component,getEnterpriseByID,CashDeskApplication,,301537007
Move_Component_New_Node,PrinterController,New-Node_bbgqqpgzdw,,517378472
Move_Operation_New_Component_New_Node,getTransactionContext,New-Component_onowzydvtu,New-Node_eziwouzrci,667642815
Move_Operation_New_Component_New_Node,printRunningTotal,New-Component_bdleuwkuof,New-Node_qdglooxpyy,665718836
Move_Operation_Component,getEnterpriseByID,CashDeskApplication,,329940394
Move_Component_New_Node,PrinterController,New-Node_bbgqqpgzdw,,555021637
Move_Operation_New_Component_New_Node,getTransactionContext,New-Component_onowzydvtu,New-Node_eziwouzrci,680270748
Move_Operation_New_Component_New_Node,printRunningTotal,New-Component_bdleuwkuof,New-Node_qdglooxpyy,652161151
UMLCloneNode,CashBox,CashBox_djtyqyjshq,,495829881
Move_Operation_Component,getEnterpriseByID,CashDeskApplication,,296049035
Move_Operation_New_Component_New_Node,getTransactionContext,New-Component_yummhjqkmm,New-Node_gtszqsbudf,701440609
UMLCloneNode,EnterpriseClient,EnterpriseClient_uhwwolspzt,,484083902
UMLCloneNode,LightDisplay,LightDisplay_bemxbxbipz,,497113127
Move_Operation_New_Component_New_Node,getTransactionContext,New-Component_uljoztollg,New-Node_aknqckkfxt,639072796
Move_Component_New_Node,CashBoxController,New-Node_eooitidhaa,,501725837
UMLCloneNode,EnterpriseServer,EnterpriseServer_bwykxxowrg,,463766560
UMLCloneNode,StoreServer,StoreServer_gfnssofzji,,500700775
Move_Operation_New_Component_New_Node,getTransactionContext,New-Component_uljoztollg,New-Node_aknqckkfxt,799955903
Move_Component_New_Node,CashBoxController,New-Node_eooitidhaa,,642270042
Move_Operation_New_Component_New_Node,printRunningTotal,New-Component_bdleuwkuof,New-Node_qdglooxpyy,695808567
Move_Operation_New_Component_New_Node,getTransaction,New-Component_jhalfwylfr,New-Node_ujcfojpcgh,1074149210
Move_Component_New_Node,PrinterController,New-Node_bbgqqpgzdw,,569477888
Move_Operation_New_Component_New_Node,getTransactionContext,New-Component_onowzydvtu,New-Node_eziwouzrci,1055450493
Move_Operation_New_Component_New_Node,printRunningTotal,New-Component_bdleuwkuof,New-Node_qdglooxpyy,654413545
UMLCloneNode,StoreServer,StoreServer_gfnssofzji,,469070847
Move_Operation_New_Component_New_Node,getTransactionContext,New-Component_uljoztollg,New-Node_aknqckkfxt,759638212
Move_Component_New_Node,CashBoxController,New-Node_eooitidhaa,,669531306
Move_Operation_New_Component_New_Node,printRunningTotal,New-Component_bdleuwkuof,New-Node_qdglooxpyy,728363349
Move_Component_New_Node,Inventory,New-Node_xzpuhnnvcm,,479277268
Move_Operation_Component,getEnterpriseByID,CashDeskApplication,,273481092
Move_Operation_New_Component_New_Node,getTransactionContext,New-Component_yummhjqkmm,New-Node_gtszqsbudf,619577313
UMLCloneNode,EnterpriseClient,EnterpriseClient_uhwwolspzt,,385131108
UMLCloneNode,LightDisplay,LightDisplay_bemxbxbipz,,551404294
Move_Operation_New_Component_New_Node,getTransactionContext,New-Component_uljoztollg,New-Node_aknqckkfxt,747793598
Move_Component_New_Node,CashBoxController,New-Node_eooitidhaa,,559205624
UMLCloneNode,EnterpriseServer,EnterpriseServer_bwykxxowrg,,496538038
Move_Component_New_Node,Inventory,New-Node_xzpuhnnvcm,,604483587
UMLCloneNode,EnterpriseServer,EnterpriseServer_mtcaoidxxh,,519602553
Move_Operation_New_Component_New_Node,getTransactionContext,New-Component_yummhjqkmm,New-Node_gtszqsbudf,717575278
UMLCloneNode,EnterpriseServer,EnterpriseServer_bwykxxowrg,,505638085
UMLCloneNode,BarCodeScanner,BarCodeScanner_fddantmrzt,,578264166
UMLCloneNode,LightDisplay,LightDisplay_dvozuuevhg,,474507583
UMLCloneNode,CashBox,CashBox_fzwcflfqwf,,461349987
Move_Operation_Component,printRunningTotal,DataStore,,279483468
UMLCloneNode,Printer,Printer_poeqrizjka,,561995095
Move_Operation_New_Component_New_Node,getTransactionContext,New-Component_uljoztollg,New-Node_aknqckkfxt,657837496
Move_Component_New_Node,CashBoxController,New-Node_eooitidhaa,,521384335
UMLCloneNode,EnterpriseServer,EnterpriseServer_bwykxxowrg,,531643395
Move_Component_New_Node,Inventory,New-Node_xzpuhnnvcm,,681946650
Move_Operation_Component,getEnterpriseByID,CashDeskApplication,,314639480
Move_Operation_New_Component_New_Node,getTransactionContext,New-Component_yummhjqkmm,New-Node_gtszqsbudf,669921087
UMLCloneNode,EnterpriseClient,EnterpriseClient_uhwwolspzt,,448472417
UMLCloneNode,New-Node_vrkgfjubtw,New-Node_vrkgfjubtw_pmzmnerhit,,296974190
Move_Operation_New_Component_New_Node,getTransactionContext,New-Component_uljoztollg,New-Node_aknqckkfxt,688325953
Move_Component_New_Node,CashBoxController,New-Node_eooitidhaa,,569157558
UMLCloneNode,EnterpriseServer,EnterpriseServer_bwykxxowrg,,464346868
Move_Operation_New_Component_New_Node,queryOrderById,New-Component_kjmewmesie,New-Node_dwcvchzkkk,788207039
Move_Operation_Component,getEnterpriseByID,CashDeskApplication,,334663552
Move_Operation_New_Component_New_Node,getTransactionContext,New-Component_yummhjqkmm,New-Node_gtszqsbudf,578814718
UMLCloneNode,EnterpriseClient,EnterpriseClient_uhwwolspzt,,419893751
Move_Operation_New_Component_New_Node,getTransaction,New-Component_jhalfwylfr,New-Node_ujcfojpcgh,678877825
Move_Component_New_Node,PrinterController,New-Node_bbgqqpgzdw,,472164298
Move_Operation_New_Component_New_Node,getTransactionContext,New-Component_onowzydvtu,New-Node_eziwouzrci,679236427
Move_Operation_New_Component_New_Node,printRunningTotal,New-Component_bdleuwkuof,New-Node_qdglooxpyy,667448391
Move_Component_New_Node,Inventory,New-Node_xzpuhnnvcm,,609622845
Move_Operation_Component,getEnterpriseByID,CashDeskApplication,,269622996
Move_Operation_New_Component_New_Node,getTransactionContext,New-Component_onowzydvtu,New-Node_eziwouzrci,664018047
Move_Operation_New_Component_New_Node,printRunningTotal,New-Component_bdleuwkuof,New-Node_qdglooxpyy,703187986
Move_Component_New_Node,Inventory,New-Node_xzpuhnnvcm,,512979502
Move_Operation_Component,getEnterpriseByID,CashDeskApplication,,270991413
Move_Operation_New_Component_New_Node,getTransactionContext,New-Component_onowzydvtu,New-Node_eziwouzrci,638402458
UMLCloneNode,EnterpriseClient,EnterpriseClient_uhwwolspzt,,386142024
Move_Component_New_Node,Inventory,New-Node_xzpuhnnvcm,,616661315
Move_Operation_Component,getEnterpriseByID,CashDeskApplication,,283471817
Move_Operation_New_Component_New_Node,getTransactionContext,New-Component_yummhjqkmm,New-Node_gtszqsbudf,710507112
UMLCloneNode,EnterpriseClient,EnterpriseClient_uhwwolspzt,,483597791
Move_Component_New_Node,Inventory,New-Node_xzpuhnnvcm,,530775266
Move_Operation_Component,getEnterpriseByID,CashDeskApplication,,289974183
Move_Operation_New_Component_New_Node,getTransactionContext,New-Component_yummhjqkmm,New-Node_gtszqsbudf,692133454
UMLCloneNode,EnterpriseClient,EnterpriseClient_uhwwolspzt,,522818605
UMLCloneNode,CashBox,CashBox_djtyqyjshq,,460907447
Move_Operation_Component,getEnterpriseByID,CashDeskApplication,,265330957
Move_Operation_New_Component_New_Node,getTransactionContext,New-Component_yummhjqkmm,New-Node_gtszqsbudf,656121849
Move_Operation_New_Component_New_Node,printRunningTotal,New-Component_bdleuwkuof,New-Node_qdglooxpyy,846175642
UMLCloneNode,CashBox,CashBox_djtyqyjshq,,501023049
Move_Operation_Component,getEnterpriseByID,CashDeskApplication,,293795058
Move_Operation_New_Component_New_Node,getTransactionContext,New-Component_yummhjqkmm,New-Node_gtszqsbudf,761502307
UMLCloneNode,EnterpriseClient,EnterpriseClient_uhwwolspzt,,1003950300
Move_Component_New_Node,GUIStore,New-Node_mwyowtaaqq,,601894853
UMLCloneNode,LightDisplay,LightDisplay_dvozuuevhg,,441256134
UMLCloneNode,CashBox,CashBox_fzwcflfqwf,,544468737
Move_Operation_Component,printRunningTotal,DataStore,,336071843
UMLCloneNode,New-Node_vrkgfjubtw,New-Node_vrkgfjubtw_pmzmnerhit,,309859665
Move_Operation_New_Component_New_Node,getTransactionContext,New-Component_uljoztollg,New-Node_aknqckkfxt,656037491
Move_Component_New_Node,CashBoxController,New-Node_eooitidhaa,,562005845
UMLCloneNode,EnterpriseServer,EnterpriseServer_bwykxxowrg,,504105390
UMLCloneNode,New-Node_vrkgfjubtw,New-Node_vrkgfjubtw_pmzmnerhit,,326182606
Move_Operation_New_Component_New_Node,getTransactionContext,New-Component_uljoztollg,New-Node_aknqckkfxt,724500314
Move_Component_New_Node,CashBoxController,New-Node_eooitidhaa,,540995954
UMLCloneNode,EnterpriseServer,EnterpriseServer_bwykxxowrg,,468986378
Move_Component_New_Node,Inventory,New-Node_xzpuhnnvcm,,542686484
Move_Operation_Component,getEnterpriseByID,CashDeskApplication,,273031278
Move_Operation_New_Component_New_Node,getTransactionContext,New-Component_onowzydvtu,New-Node_eziwouzrci,707893922
Move_Operation_New_Component_New_Node,printRunningTotal,New-Component_bdleuwkuof,New-Node_qdglooxpyy,782713306
UMLCloneNode,New-Node_vrkgfjubtw,New-Node_vrkgfjubtw_pmzmnerhit,,254339534
Move_Operation_New_Component_New_Node,getTransactionContext,New-Component_uljoztollg,New-Node_aknqckkfxt,715107579
Move_Component_New_Node,CashBoxController,New-Node_eooitidhaa,,577283838
UMLCloneNode,EnterpriseServer,EnterpriseServer_bwykxxowrg,,499622052
UMLCloneNode,CashBox,CashBox_djtyqyjshq,,529422369
Move_Operation_Component,getEnterpriseByID,CashDeskApplication,,295651399
Move_Component_New_Node,CashBoxController,New-Node_eooitidhaa,,529346907
UMLCloneNode,EnterpriseServer,EnterpriseServer_bwykxxowrg,,448126708
UMLCloneNode,New-Node_vrkgfjubtw,New-Node_vrkgfjubtw_pmzmnerhit,,245541194
Move_Operation_New_Component_New_Node,getTransactionContext,New-Component_uljoztollg,New-Node_aknqckkfxt,762284083
Move_Component_New_Node,CashBoxController,New-Node_eooitidhaa,,621606940
UMLCloneNode,EnterpriseServer,EnterpriseServer_bwykxxowrg,,506030501
UMLCloneNode,New-Node_vrkgfjubtw,New-Node_vrkgfjubtw_pmzmnerhit,,238707979
Move_Operation_New_Component_New_Node,getTransactionContext,New-Component_uljoztollg,New-Node_aknqckkfxt,678502701
Move_Component_New_Node,CashBoxController,New-Node_eooitidhaa,,545525288
UMLCloneNode,EnterpriseServer,EnterpriseServer_bwykxxowrg,,474888467
UMLCloneNode,Printer,Printer_poeqrizjka,,498961473
Move_Operation_New_Component_New_Node,getTransactionContext,New-Component_uljoztollg,New-Node_aknqckkfxt,722055449
Move_Component_New_Node,CashBoxController,New-Node_eooitidhaa,,534194478
UMLCloneNode,EnterpriseServer,EnterpriseServer_bwykxxowrg,,467228923
Move_Operation_New_Component_New_Node,queryOrderById,New-Component_jbwuapvnrc,New-Node_qsfwdstujm,701309603
Move_Operation_New_Component_New_Node,getTransactionContext,New-Component_uljoztollg,New-Node_aknqckkfxt,702721040
Move_Component_New_Node,CashBoxController,New-Node_eooitidhaa,,523486567
UMLCloneNode,EnterpriseServer,EnterpriseServer_bwykxxowrg,,471602785
Move_Operation_New_Component_New_Node,rollInReceivedOrder,New-Component_ubpcelvneu,New-Node_rpmszfobkq,706694011
Move_Operation_New_Component_New_Node,getTransactionContext,New-Component_uljoztollg,New-Node_aknqckkfxt,680556874
Move_Component_New_Node,CashBoxController,New-Node_eooitidhaa,,594682597
UMLCloneNode,EnterpriseServer,EnterpriseServer_bwykxxowrg,,460122595
UMLCloneNode,LightDisplay,LightDisplay_bemxbxbipz,,463196340
Move_Operation_New_Component_New_Node,getTransactionContext,New-Component_uljoztollg,New-Node_aknqckkfxt,696961429
Move_Component_New_Node,CashBoxController,New-Node_eooitidhaa,,585700482
UMLCloneNode,EnterpriseServer,EnterpriseServer_bwykxxowrg,,499493782
UMLCloneNode,LightDisplay,LightDisplay_bemxbxbipz,,510504150
Move_Component_New_Node,PrinterController,New-Node_bbgqqpgzdw,,562021104
Move_Operation_New_Component_New_Node,getTransactionContext,New-Component_onowzydvtu,New-Node_eziwouzrci,737024392
Move_Operation_New_Component_New_Node,printRunningTotal,New-Component_bdleuwkuof,New-Node_qdglooxpyy,727818116
UMLCloneNode,BarCodeScanner,BarCodeScanner_fddantmrzt,,514661617
UMLCloneNode,LightDisplay,LightDisplay_dvozuuevhg,,458465738
Move_Component_New_Node,CashBoxController,New-Node_eooitidhaa,,561356938
Move_Operation_Component,saleStartedEvent,GUIReporting,,286800701
UMLCloneNode,LightDisplay,LightDisplay_bemxbxbipz,,535257883
Move_Operation_New_Component_New_Node,getTransactionContext,New-Component_uljoztollg,New-Node_aknqckkfxt,663988251
Move_Component_New_Node,CashBoxController,New-Node_eooitidhaa,,548025347
Move_Operation_Component,printRunningTotal,DataStore,,305734810
UMLCloneNode,CashBox,CashBox_djtyqyjshq,,491946928
Move_Operation_Component,getEnterpriseByID,CashDeskApplication,,274843066
Move_Operation_New_Component_New_Node,getTransactionContext,New-Component_yummhjqkmm,New-Node_gtszqsbudf,638202283
Move_Operation_New_Component_New_Node,printRunningTotal,New-Component_bdleuwkuof,New-Node_qdglooxpyy,771462887
UMLCloneNode,LightDisplay,LightDisplay_bemxbxbipz,,530337084
Move_Operation_New_Component_New_Node,getTransactionContext,New-Component_uljoztollg,New-Node_aknqckkfxt,782153766
Move_Component_New_Node,CashBoxController,New-Node_eooitidhaa,,551317240
Move_Operation_New_Component_New_Node,printRunningTotal,New-Component_bdleuwkuof,New-Node_qdglooxpyy,725104648
UMLCloneNode,BarCodeScanner,BarCodeScanner_fddantmrzt,,552655620
UMLCloneNode,LightDisplay,LightDisplay_dvozuuevhg,,592371703
Move_Component_New_Node,CashBoxController,New-Node_eooitidhaa,,543038274
Move_Operation_Component,saleStartedEvent,GUIReporting,,289877942
UMLCloneNode,EnterpriseServer,EnterpriseServer_pgqkucxqxd,,538342939
Move_Operation_Component,getEnterpriseByID,CashDeskApplication,,284316112
Move_Component_New_Node,CashBoxController,New-Node_eooitidhaa,,560576845
UMLCloneNode,EnterpriseServer,EnterpriseServer_bwykxxowrg,,468949790
UMLCloneNode,LightDisplay,LightDisplay_bemxbxbipz,,513412063
Move_Component_New_Node,PrinterController,New-Node_bbgqqpgzdw,,532415322
Move_Operation_New_Component_New_Node,getTransactionContext,New-Component_onowzydvtu,New-Node_eziwouzrci,656179817
Move_Operation_New_Component_New_Node,printRunningTotal,New-Component_bdleuwkuof,New-Node_qdglooxpyy,688196962
UMLCloneNode,Printer,Printer_poeqrizjka,,556818617
Move_Operation_New_Component_New_Node,getTransactionContext,New-Component_uljoztollg,New-Node_aknqckkfxt,691303298
Move_Component_New_Node,CashBoxController,New-Node_eooitidhaa,,520799508
UMLCloneNode,EnterpriseServer,EnterpriseServer_bwykxxowrg,,458986094
UMLCloneNode,LightDisplay,LightDisplay_bemxbxbipz,,526043432
Move_Component_New_Node,PrinterController,New-Node_bbgqqpgzdw,,596420977
Move_Operation_New_Component_New_Node,getTransactionContext,New-Component_onowzydvtu,New-Node_eziwouzrci,757478251
Move_Operation_Component,queryOrderById,CashDeskApplication,,286552946
Move_Component_New_Node,Inventory,New-Node_xzpuhnnvcm,,610624223
Move_Operation_Component,getEnterpriseByID,CashDeskApplication,,284171630
Move_Operation_New_Component_New_Node,getTransactionContext,New-Component_onowzydvtu,New-Node_eziwouzrci,618677186
Move_Operation_New_Component_New_Node,printRunningTotal,New-Component_bdleuwkuof,New-Node_qdglooxpyy,588664721
Move_Operation_New_Component_New_Node,rollInReceivedOrder,New-Component_ubpcelvneu,New-Node_rpmszfobkq,733794485
Move_Operation_New_Component_New_Node,getTransactionContext,New-Component_uljoztollg,New-Node_aknqckkfxt,709904702
Move_Component_New_Node,CashBoxController,New-Node_eooitidhaa,,538493330
UMLCloneNode,EnterpriseServer,EnterpriseServer_bwykxxowrg,,469540728
Move_Operation_Component,saleStartedEvent,Persistence,,346692280
Move_Operation_New_Component_New_Node,getTransactionContext,New-Component_uljoztollg,New-Node_aknqckkfxt,674818032
Move_Component_New_Node,CashBoxController,New-Node_eooitidhaa,,628755707
UMLCloneNode,EnterpriseServer,EnterpriseServer_bwykxxowrg,,543442352
UMLCloneNode,CashBox,CashBox_djtyqyjshq,,532444246
Move_Operation_New_Component_New_Node,getTransactionContext,New-Component_uljoztollg,New-Node_aknqckkfxt,714916280
Move_Component_New_Node,CashBoxController,New-Node_eooitidhaa,,556289465
Move_Operation_New_Component_New_Node,printRunningTotal,New-Component_bdleuwkuof,New-Node_qdglooxpyy,686047962
UMLCloneNode,CashBox,CashBox_djtyqyjshq,,520790390
Move_Operation_Component,getEnterpriseByID,CashDeskApplication,,295771044
Move_Operation_New_Component_New_Node,getTransactionContext,New-Component_yummhjqkmm,New-Node_gtszqsbudf,675990410
UMLCloneNode,EnterpriseClient,EnterpriseClient_uhwwolspzt,,466110936
Move_Operation_New_Component_New_Node,rollInReceivedOrder,New-Component_ubpcelvneu,New-Node_rpmszfobkq,689047838
Move_Operation_New_Component_New_Node,getTransactionContext,New-Component_uljoztollg,New-Node_aknqckkfxt,675032984
Move_Component_New_Node,CashBoxController,New-Node_eooitidhaa,,516395409
UMLCloneNode,EnterpriseServer,EnterpriseServer_bwykxxowrg,,500928513
Move_Operation_New_Component_New_Node,queryOrderById,New-Component_jbwuapvnrc,New-Node_qsfwdstujm,697655220
Move_Operation_New_Component_New_Node,getTransactionContext,New-Component_uljoztollg,New-Node_aknqckkfxt,695962555
Move_Component_New_Node,CashBoxController,New-Node_eooitidhaa,,618130060
UMLCloneNode,EnterpriseServer,EnterpriseServer_bwykxxowrg,,542588290
Move_Operation_New_Component_New_Node,queryOrderById,New-Component_jbwuapvnrc,New-Node_qsfwdstujm,715543558
Move_Operation_New_Component_New_Node,getTransactionContext,New-Component_uljoztollg,New-Node_aknqckkfxt,711141281
Move_Component_New_Node,CashBoxController,New-Node_eooitidhaa,,562836122
UMLCloneNode,EnterpriseServer,EnterpriseServer_bwykxxowrg,,400558620
UMLCloneNode,Printer,Printer_poeqrizjka,,486573291
Move_Operation_New_Component_New_Node,getTransactionContext,New-Component_uljoztollg,New-Node_aknqckkfxt,657069656
Move_Component_New_Node,CashBoxController,New-Node_eooitidhaa,,521078301
Move_Operation_New_Component_New_Node,printRunningTotal,New-Component_bdleuwkuof,New-Node_qdglooxpyy,668792772
UMLCloneNode,Printer,Printer_poeqrizjka,,504580972
Move_Operation_New_Component_New_Node,getTransactionContext,New-Component_uljoztollg,New-Node_aknqckkfxt,671371298
Move_Operation_Component,getTransactionContext,PrinterController,,295238535
Move_Operation_New_Component_New_Node,printRunningTotal,New-Component_bdleuwkuof,New-Node_qdglooxpyy,684624031
UMLCloneNode,Printer,Printer_poeqrizjka,,515611188
Move_Operation_New_Component_New_Node,getTransactionContext,New-Component_uljoztollg,New-Node_aknqckkfxt,709581546
Move_Component_New_Node,CashBoxController,New-Node_eooitidhaa,,580054664
UMLCloneNode,EnterpriseServer,EnterpriseServer_bwykxxowrg,,464356225
UMLCloneNode,CashBox,CashBox_djtyqyjshq,,572355586
Move_Operation_Component,getEnterpriseByID,CashDeskApplication,,308022480
Move_Operation_New_Component_New_Node,getTransactionContext,New-Component_yummhjqkmm,New-Node_gtszqsbudf,656734648
Move_Operation_New_Component_New_Node,printRunningTotal,New-Component_bdleuwkuof,New-Node_qdglooxpyy,655848286
UMLCloneNode,Printer,Printer_poeqrizjka,,505138157
Move_Component_New_Node,PrinterController,New-Node_bbgqqpgzdw,,555568353
Move_Operation_New_Component_New_Node,getTransactionContext,New-Component_onowzydvtu,New-Node_eziwouzrci,643327144
Move_Operation_Component,queryOrderById,CashDeskApplication,,326689747
Move_Operation_Component,saleStartedEvent,Persistence,,314778430
Move_Operation_New_Component_New_Node,getTransactionContext,New-Component_uljoztollg,New-Node_aknqckkfxt,638618653
Move_Component_New_Node,CashBoxController,New-Node_eooitidhaa,,460904351
UMLCloneNode,EnterpriseServer,EnterpriseServer_bwykxxowrg,,420473569
Move_Operation_Component,saleStartedEvent,Persistence,,351515185
Move_Operation_New_Component_New_Node,getTransactionContext,New-Component_uljoztollg,New-Node_aknqckkfxt,854853085
Move_Component_New_Node,CashBoxController,New-Node_eooitidhaa,,541943050
UMLCloneNode,EnterpriseServer,EnterpriseServer_bwykxxowrg,,462494524
UMLCloneNode,Printer,Printer_poeqrizjka,,408588459
Move_Operation_New_Component_New_Node,getTransactionContext,New-Component_uljoztollg,New-Node_aknqckkfxt,562098529
Move_Component_New_Node,CashBoxController,New-Node_eooitidhaa,,412616764
Move_Operation_New_Component_New_Node,printRunningTotal,New-Component_bdleuwkuof,New-Node_qdglooxpyy,647038605
Move_Operation_New_Component_New_Node,rollInReceivedOrder,New-Component_ubpcelvneu,New-Node_rpmszfobkq,644186927
Move_Operation_New_Component_New_Node,getTransactionContext,New-Component_uljoztollg,New-Node_aknqckkfxt,551643512
Move_Component_New_Node,CashBoxController,New-Node_eooitidhaa,,427046084
UMLCloneNode,EnterpriseServer,EnterpriseServer_bwykxxowrg,,367049247
Move_Operation_New_Component_New_Node,queryOrderById,New-Component_kjmewmesie,New-Node_dwcvchzkkk,672135991
Move_Operation_Component,getEnterpriseByID,CashDeskApplication,,254882442
Move_Operation_New_Component_New_Node,getTransactionContext,New-Component_yummhjqkmm,New-Node_gtszqsbudf,706122759
UMLCloneNode,EnterpriseClient,EnterpriseClient_uhwwolspzt,,502230884
Move_Operation_New_Component_New_Node,queryOrderById,New-Component_kjmewmesie,New-Node_dwcvchzkkk,636931550
Move_Operation_Component,getEnterpriseByID,CashDeskApplication,,248296420
Move_Operation_New_Component_New_Node,getTransactionContext,New-Component_yummhjqkmm,New-Node_gtszqsbudf,643012134
UMLCloneNode,EnterpriseClient,EnterpriseClient_uhwwolspzt,,454142731
Move_Component_New_Node,Inventory,New-Node_xzpuhnnvcm,,590408331
Move_Operation_Component,getEnterpriseByID,CashDeskApplication,,304442325
Move_Operation_New_Component_New_Node,getTransactionContext,New-Component_onowzydvtu,New-Node_eziwouzrci,808973774
Move_Operation_New_Component_New_Node,printRunningTotal,New-Component_bdleuwkuof,New-Node_qdglooxpyy,723650391
Move_Operation_New_Component_New_Node,createReport,New-Component_oiwdttjybc,New-Node_qtwjemdnni,767870911
Move_Component_New_Node,PrinterController,New-Node_bbgqqpgzdw,,574699821
Move_Operation_New_Component_New_Node,getTransactionContext,New-Component_onowzydvtu,New-Node_eziwouzrci,645596350
Move_Operation_Component,queryOrderById,CashDeskApplication,,274078492
Move_Operation_New_Component_New_Node,queryOrderById,New-Component_kjmewmesie,New-Node_dwcvchzkkk,666570754
Move_Operation_Component,getEnterpriseByID,CashDeskApplication,,282648654
Move_Operation_New_Component_New_Node,getTransactionContext,New-Component_yummhjqkmm,New-Node_gtszqsbudf,718277174
UMLCloneNode,EnterpriseClient,EnterpriseClient_uhwwolspzt,,548258034
UMLCloneNode,StoreServer,StoreServer_gfnssofzji,,516561640
Move_Operation_New_Component_New_Node,getTransactionContext,New-Component_uljoztollg,New-Node_aknqckkfxt,657060239
Move_Component_New_Node,CashBoxController,New-Node_eooitidhaa,,585391883
Move_Operation_New_Component_New_Node,printRunningTotal,New-Component_bdleuwkuof,New-Node_qdglooxpyy,683849168
Move_Operation_New_Component_New_Node,queryOrderById,New-Component_kjmewmesie,New-Node_dwcvchzkkk,693385783
Move_Operation_Component,getEnterpriseByID,CashDeskApplication,,302058866
Move_Operation_New_Component_New_Node,getTransactionContext,New-Component_yummhjqkmm,New-Node_gtszqsbudf,687242372
UMLCloneNode,EnterpriseClient,EnterpriseClient_uhwwolspzt,,500972284
UMLCloneNode,Printer,Printer_poeqrizjka,,484435903
Move_Operation_New_Component_New_Node,getTransactionContext,New-Component_uljoztollg,New-Node_aknqckkfxt,676138919
Move_Component_New_Node,CashBoxController,New-Node_eooitidhaa,,557429242
UMLCloneNode,EnterpriseServer,EnterpriseServer_bwykxxowrg,,499160888
UMLCloneNode,Printer,Printer_poeqrizjka,,495595420
Move_Operation_New_Component_New_Node,getTransactionContext,New-Component_uljoztollg,New-Node_aknqckkfxt,1093638389
Move_Operation_Component,queryOrderById,Enterprise,,302252358
Move_Operation_New_Component_New_Node,printRunningTotal,New-Component_bdleuwkuof,New-Node_qdglooxpyy,697118584
Move_Operation_Component,saleStartedEvent,Persistence,,308873235
Move_Operation_New_Component_New_Node,getTransactionContext,New-Component_uljoztollg,New-Node_aknqckkfxt,681685190
Move_Component_New_Node,CashBoxController,New-Node_eooitidhaa,,587905277
UMLCloneNode,EnterpriseServer,EnterpriseServer_bwykxxowrg,,495523225
UMLCloneNode,Printer,Printer_poeqrizjka,,561662712
UMLCloneNode,LightDisplay,LightDisplay_dvozuuevhg,,466566380
Move_Component_New_Node,CashBoxController,New-Node_eooitidhaa,,575519128
Move_Operation_Component,saleStartedEvent,GUIReporting,,334626011
UMLCloneNode,Printer,Printer_poeqrizjka,,428289837
Move_Operation_New_Component_New_Node,getTransactionContext,New-Component_uljoztollg,New-Node_aknqckkfxt,584639772
Move_Component_New_Node,CashBoxController,New-Node_eooitidhaa,,508250624
UMLCloneNode,EnterpriseServer,EnterpriseServer_bwykxxowrg,,463615747
UMLCloneNode,StoreServer,StoreServer_gfnssofzji,,495361803
Move_Operation_New_Component_New_Node,getTransactionContext,New-Component_uljoztollg,New-Node_aknqckkfxt,667005700
Move_Component_New_Node,CashBoxController,New-Node_eooitidhaa,,534997866
Move_Operation_New_Component_New_Node,printRunningTotal,New-Component_bdleuwkuof,New-Node_qdglooxpyy,684483739
UMLCloneNode,StoreServer,StoreServer_gfnssofzji,,555281695
Move_Operation_New_Component_New_Node,getTransactionContext,New-Component_uljoztollg,New-Node_aknqckkfxt,687501368
Move_Component_New_Node,CashBoxController,New-Node_eooitidhaa,,650502771
Move_Operation_New_Component_New_Node,printRunningTotal,New-Component_bdleuwkuof,New-Node_qdglooxpyy,763317993
UMLCloneNode,EnterpriseServer,EnterpriseServer_tmtxvaztem,,488244755
Move_Operation_New_Component_New_Node,getTransactionContext,New-Component_uljoztollg,New-Node_aknqckkfxt,666486637
Move_Component_New_Node,CashBoxController,New-Node_eooitidhaa,,545033246
UMLCloneNode,EnterpriseServer,EnterpriseServer_bwykxxowrg,,489484340
UMLCloneNode,Printer,Printer_poeqrizjka,,537077295
Move_Operation_New_Component_New_Node,getTransactionContext,New-Component_uljoztollg,New-Node_aknqckkfxt,679458414
Move_Component_New_Node,CashBoxController,New-Node_eooitidhaa,,530564471
UMLCloneNode,EnterpriseServer,EnterpriseServer_bwykxxowrg,,456184961
Move_Operation_Component,saleStartedEvent,Persistence,,286484889
Move_Operation_New_Component_New_Node,getTransactionContext,New-Component_uljoztollg,New-Node_aknqckkfxt,680271288
Move_Component_New_Node,CashBoxController,New-Node_eooitidhaa,,579341516
Move_Operation_New_Component_New_Node,printRunningTotal,New-Component_bdleuwkuof,New-Node_qdglooxpyy,703445999
UMLCloneNode,StoreServer,StoreServer_qsfgpxbxad,,475693237
Move_Operation_Component,getEnterpriseByID,CashDeskApplication,,271330428
Move_Operation_New_Component_New_Node,getTransactionContext,New-Component_yummhjqkmm,New-Node_gtszqsbudf,657467172
UMLCloneNode,EnterpriseClient,EnterpriseClient_uhwwolspzt,,529296643
UMLCloneNode,LightDisplay,LightDisplay_nmqcjqubqs,,540640838
Move_Operation_Component,getEnterpriseByID,CashDeskApplication,,280433399
Move_Operation_New_Component_New_Node,getTransactionContext,New-Component_yummhjqkmm,New-Node_gtszqsbudf,610543392
UMLCloneNode,EnterpriseClient,EnterpriseClient_uhwwolspzt,,444415259
UMLCloneNode,StoreServer,StoreServer_gfnssofzji,,380642510
Move_Operation_New_Component_New_Node,getTransactionContext,New-Component_uljoztollg,New-Node_aknqckkfxt,592743861
Move_Component_New_Node,CashBoxController,New-Node_eooitidhaa,,447832146
Move_Operation_New_Component_New_Node,printRunningTotal,New-Component_bdleuwkuof,New-Node_qdglooxpyy,595792919
Move_Component_New_Node,Inventory,New-Node_xzpuhnnvcm,,688794693
Move_Operation_Component,getEnterpriseByID,CashDeskApplication,,310865732
Move_Operation_New_Component_New_Node,getTransactionContext,New-Component_onowzydvtu,New-Node_eziwouzrci,793720519
UMLCloneNode,CashDeskPC,CashDeskPC_zpmyzpmnvw,,577337879
Move_Operation_New_Component_New_Node,queryOrderById,New-Component_kjmewmesie,New-Node_dwcvchzkkk,699254178
Move_Operation_Component,getEnterpriseByID,CashDeskApplication,,284272520
Move_Operation_New_Component_New_Node,getTransactionContext,New-Component_yummhjqkmm,New-Node_gtszqsbudf,645018296
UMLCloneNode,EnterpriseClient,EnterpriseClient_uhwwolspzt,,560955256
UMLCloneNode,Printer,Printer_poeqrizjka,,469242499
Move_Operation_New_Component_New_Node,getTransactionContext,New-Component_uljoztollg,New-Node_aknqckkfxt,699753495
Move_Component_New_Node,CashBoxController,New-Node_eooitidhaa,,554384913
UMLCloneNode,EnterpriseServer,EnterpriseServer_bwykxxowrg,,496959469
Move_Operation_Component,saleStartedEvent,Persistence,,339321748
Move_Operation_New_Component_New_Node,getTransactionContext,New-Component_uljoztollg,New-Node_aknqckkfxt,762524554
Move_Operation_New_Component_New_Node,getMeanTimeToDeliveryReport,New-Component_xofxhawbss,New-Node_weszzamlib,726886169
Move_Operation_New_Component_New_Node,printRunningTotal,New-Component_bdleuwkuof,New-Node_qdglooxpyy,757567849
UMLCloneNode,CashBox,CashBox_djtyqyjshq,,471867381
Move_Operation_Component,getEnterpriseByID,CashDeskApplication,,279553550
UMLCloneNode,CashDeskPC,CashDeskPC_cpwkuswxke,,492159447
Move_Operation_New_Component_New_Node,printRunningTotal,New-Component_bdleuwkuof,New-Node_qdglooxpyy,728739454
UMLCloneNode,Printer,Printer_poeqrizjka,,494848490
Move_Operation_New_Component_New_Node,getTransactionContext,New-Component_uljoztollg,New-Node_aknqckkfxt,733268929
Move_Component_New_Node,CashBoxController,New-Node_eooitidhaa,,631867933
UMLCloneNode,EnterpriseClient,EnterpriseClient_uhwwolspzt,,557409365
UMLCloneNode,BarCodeScanner,BarCodeScanner_odkqzemlur,,494391673
Move_Operation_New_Component_New_Node,getTransactionContext,New-Component_uljoztollg,New-Node_aknqckkfxt,708197140
Move_Component_New_Node,CashBoxController,New-Node_eooitidhaa,,564815454
Move_Operation_New_Component_New_Node,printRunningTotal,New-Component_bdleuwkuof,New-Node_qdglooxpyy,764277021
Move_Operation_New_Component_New_Node,queryOrderById,New-Component_kjmewmesie,New-Node_dwcvchzkkk,678470321
Move_Operation_Component,getEnterpriseByID,CashDeskApplication,,331769665
Move_Operation_New_Component_New_Node,getTransactionContext,New-Component_yummhjqkmm,New-Node_gtszqsbudf,805574861
UMLCloneNode,EnterpriseClient,EnterpriseClient_uhwwolspzt,,577515752
UMLCloneNode,CashBox,CashBox_djtyqyjshq,,498555993
Move_Operation_Component,getEnterpriseByID,CashDeskApplication,,305890411
Move_Operation_New_Component_New_Node,getTransactionContext,New-Component_yummhjqkmm,New-Node_gtszqsbudf,648745785
Move_Operation_New_Component_New_Node,printRunningTotal,New-Component_bdleuwkuof,New-Node_qdglooxpyy,655435111
Move_Operation_Component,saleStartedEvent,Persistence,,342037992
Move_Operation_New_Component_New_Node,getTransactionContext,New-Component_uljoztollg,New-Node_aknqckkfxt,655617212
Move_Operation_New_Component_New_Node,getMeanTimeToDeliveryReport,New-Component_xofxhawbss,New-Node_weszzamlib,703438335
Move_Operation_New_Component_New_Node,printRunningTotal,New-Component_bdleuwkuof,New-Node_qdglooxpyy,660322377
Move_Operation_New_Component_New_Node,getTransaction,New-Component_xquxbajyao,New-Node_rekrwmgcdj,693995927
Move_Operation_New_Component_New_Node,getTransactionContext,New-Component_uljoztollg,New-Node_aknqckkfxt,673260020
Move_Component_New_Node,CashBoxController,New-Node_eooitidhaa,,527819372
UMLCloneNode,EnterpriseServer,EnterpriseServer_bwykxxowrg,,473182558
Move_Operation_New_Component_New_Node,queryOrderById,New-Component_kjmewmesie,New-Node_dwcvchzkkk,755979019
Move_Operation_Component,getEnterpriseByID,CashDeskApplication,,290549962
Move_Operation_New_Component_New_Node,getTransactionContext,New-Component_yummhjqkmm,New-Node_gtszqsbudf,698902910
UMLCloneNode,EnterpriseClient,EnterpriseClient_uhwwolspzt,,486274901
UMLCloneNode,BarCodeScanner,BarCodeScanner_fddantmrzt,,527706621
UMLCloneNode,LightDisplay,LightDisplay_dvozuuevhg,,466316521
Move_Component_New_Node,CashBoxController,New-Node_eooitidhaa,,541191601
Move_Operation_Component,saleStartedEvent,GUIReporting,,280382213
UMLCloneNode,BarCodeScanner,BarCodeScanner_fddantmrzt,,532156126
UMLCloneNode,LightDisplay,LightDisplay_dvozuuevhg,,511377208
Move_Operation_New_Component_New_Node,getProductWithStockItem,New-Component_yehtkrtkdd,New-Node_xqxgbondiq,718890875
Move_Operation_Component,saleStartedEvent,GUIReporting,,334925043
UMLCloneNode,Printer,Printer_poeqrizjka,,489752643
Move_Operation_New_Component_New_Node,getTransactionContext,New-Component_uljoztollg,New-Node_aknqckkfxt,638455518
Move_Component_New_Node,CashBoxController,New-Node_eooitidhaa,,514480878
UMLCloneNode,EnterpriseServer,EnterpriseServer_bwykxxowrg,,459318427
UMLCloneNode,Printer,Printer_poeqrizjka,,601186674
Move_Operation_New_Component_New_Node,getTransactionContext,New-Component_uljoztollg,New-Node_aknqckkfxt,675426753
Move_Operation_New_Component_New_Node,getMeanTimeToDelivery,New-Component_vbvyiqsklq,New-Node_deocdxwkqx,696996544
UMLCloneNode,EnterpriseServer,EnterpriseServer_bwykxxowrg,,447287996
Move_Operation_New_Component_New_Node,getEnterpriseByID,New-Component_rzgyiwjnsw,New-Node_vxckuehtde,585892071
Move_Operation_Component,getEnterpriseByID,CashDeskApplication,,267119361
Move_Operation_New_Component_New_Node,getTransactionContext,New-Component_yummhjqkmm,New-Node_gtszqsbudf,631958473
UMLCloneNode,EnterpriseClient,EnterpriseClient_uhwwolspzt,,371269051
UMLCloneNode,BarCodeScanner,BarCodeScanner_fddantmrzt,,569933794
UMLCloneNode,LightDisplay,LightDisplay_dvozuuevhg,,505070019
Move_Component_New_Node,CashBoxController,New-Node_eooitidhaa,,569083078
Move_Operation_Component,saleStartedEvent,GUIReporting,,297242994
UMLCloneNode,Printer,Printer_poeqrizjka,,483071233
Move_Operation_New_Component_New_Node,getTransactionContext,New-Component_uljoztollg,New-Node_aknqckkfxt,656154289
Move_Component_New_Node,CashBoxController,New-Node_eooitidhaa,,516836526
Move_Operation_New_Component_New_Node,printRunningTotal,New-Component_bdleuwkuof,New-Node_qdglooxpyy,768264770
UMLCloneNode,Printer,Printer_poeqrizjka,,551101886
Move_Operation_New_Component_New_Node,getTransactionContext,New-Component_uljoztollg,New-Node_aknqckkfxt,710553940
Move_Component_New_Node,CashBoxController,New-Node_eooitidhaa,,522113221
UMLCloneNode,EnterpriseServer,EnterpriseServer_bwykxxowrg,,462130261
UMLCloneNode,BarCodeScanner,BarCodeScanner_fddantmrzt,,468310882
UMLCloneNode,LightDisplay,LightDisplay_dvozuuevhg,,456399353
Move_Component_New_Node,CashBoxController,New-Node_eooitidhaa,,837820423
Move_Operation_Component,saleStartedEvent,GUIReporting,,330255325
Move_Operation_New_Component_New_Node,getEnterpriseByID,New-Component_rzgyiwjnsw,New-Node_vxckuehtde,743068217
Move_Operation_Component,getEnterpriseByID,CashDeskApplication,,277578325
Move_Operation_New_Component_New_Node,getTransactionContext,New-Component_yummhjqkmm,New-Node_gtszqsbudf,647556806
UMLCloneNode,EnterpriseClient,EnterpriseClient_uhwwolspzt,,488900605
Move_Operation_New_Component_New_Node,getTransaction,New-Component_xquxbajyao,New-Node_rekrwmgcdj,750565497
Move_Operation_New_Component_New_Node,getTransactionContext,New-Component_uljoztollg,New-Node_aknqckkfxt,625186995
Move_Component_New_Node,CashBoxController,New-Node_eooitidhaa,,645320021
UMLCloneNode,EnterpriseServer,EnterpriseServer_bwykxxowrg,,571960965
Move_Operation_Component,saleStartedEvent,Persistence,,325353331
Move_Operation_New_Component_New_Node,getTransactionContext,New-Component_uljoztollg,New-Node_aknqckkfxt,677914529
Move_Operation_New_Component_New_Node,getMeanTimeToDeliveryReport,New-Component_xofxhawbss,New-Node_weszzamlib,668798693
Move_Operation_New_Component_New_Node,printRunningTotal,New-Component_bdleuwkuof,New-Node_qdglooxpyy,662709092
UMLCloneNode,Printer,Printer_poeqrizjka,,514820675
Move_Operation_New_Component_New_Node,getTransactionContext,New-Component_uljoztollg,New-Node_aknqckkfxt,634148480
Move_Component_New_Node,CashBoxController,New-Node_eooitidhaa,,637976650
UMLCloneNode,EnterpriseClient,EnterpriseClient_uhwwolspzt,,564117466
Move_Operation_New_Component_New_Node,printRunningTotal,New-Component_rssqffwaef,New-Node_udcxshbijg,722886097
Move_Operation_New_Component_New_Node,getTransactionContext,New-Component_uljoztollg,New-Node_aknqckkfxt,643969949
Move_Component_New_Node,CashBoxController,New-Node_eooitidhaa,,518760634
Move_Operation_New_Component_New_Node,printRunningTotal,New-Component_bdleuwkuof,New-Node_qdglooxpyy,736834256
UMLCloneNode,Printer,Printer_poeqrizjka,,467174670
Move_Operation_New_Component_New_Node,getTransactionContext,New-Component_uljoztollg,New-Node_aknqckkfxt,649679317
Move_Operation_New_Component_New_Node,getMeanTimeToDelivery,New-Component_vbvyiqsklq,New-Node_deocdxwkqx,678363381
UMLCloneNode,EnterpriseServer,EnterpriseServer_bwykxxowrg,,462643984
UMLCloneNode,CashBox,CashBox_djtyqyjshq,,531498663
Move_Operation_Component,getEnterpriseByID,CashDeskApplication,,290778580
Move_Operation_New_Component_New_Node,getTransactionContext,New-Component_yummhjqkmm,New-Node_gtszqsbudf,657451793
Move_Operation_New_Component_New_Node,printRunningTotal,New-Component_bdleuwkuof,New-Node_qdglooxpyy,699291930
UMLCloneNode,BarCodeScanner,BarCodeScanner_fddantmrzt,,532360048
UMLCloneNode,LightDisplay,LightDisplay_dvozuuevhg,,528968909
Move_Component_New_Node,CashBoxController,New-Node_eooitidhaa,,600419315
Move_Operation_Component,saleStartedEvent,GUIReporting,,332271656
UMLCloneNode,LightDisplay,LightDisplay_nmqcjqubqs,,547387300
Move_Operation_Component,getEnterpriseByID,CashDeskApplication,,287576847
Move_Operation_New_Component_New_Node,getTransactionContext,New-Component_yummhjqkmm,New-Node_gtszqsbudf,680594534
Move_Operation_New_Component_New_Node,printRunningTotal,New-Component_bdleuwkuof,New-Node_qdglooxpyy,774083562
UMLCloneNode,Printer,Printer_poeqrizjka,,491874914
Move_Operation_New_Component_New_Node,getTransactionContext,New-Component_uljoztollg,New-Node_aknqckkfxt,659416247
Move_Component_New_Node,CashBoxController,New-Node_eooitidhaa,,532256995
Move_Operation_New_Component_New_Node,printRunningTotal,New-Component_bdleuwkuof,New-Node_qdglooxpyy,690390065
Move_Operation_Component,saleStartedEvent,Persistence,,279969820
Move_Operation_New_Component_New_Node,getTransactionContext,New-Component_uljoztollg,New-Node_aknqckkfxt,599738549
Move_Operation_New_Component_New_Node,getMeanTimeToDeliveryReport,New-Component_xofxhawbss,New-Node_weszzamlib,572081511
Move_Operation_New_Component_New_Node,printRunningTotal,New-Component_bdleuwkuof,New-Node_qdglooxpyy,598514223
UMLCloneNode,BarCodeScanner,BarCodeScanner_fddantmrzt,,550730991
UMLCloneNode,LightDisplay,LightDisplay_dvozuuevhg,,458639003
Move_Operation_New_Component_New_Node,getProductWithStockItem,New-Component_yehtkrtkdd,New-Node_xqxgbondiq,669220454
Move_Operation_Component,saleStartedEvent,GUIReporting,,290551726
UMLCloneNode,Printer,Printer_poeqrizjka,,532671141
Move_Operation_New_Component_New_Node,getTransactionContext,New-Component_uljoztollg,New-Node_aknqckkfxt,795733594
Move_Component_New_Node,CashBoxController,New-Node_eooitidhaa,,659228526
Move_Operation_New_Component_New_Node,printRunningTotal,New-Component_bdleuwkuof,New-Node_qdglooxpyy,777604485
UMLCloneNode,CashBox,CashBox_djtyqyjshq,,557480709
Move_Operation_Component,getEnterpriseByID,CashDeskApplication,,276314926
Move_Operation_New_Component_New_Node,getTransactionContext,New-Component_yummhjqkmm,New-Node_gtszqsbudf,653922675
Move_Operation_New_Component_New_Node,printRunningTotal,New-Component_bdleuwkuof,New-Node_qdglooxpyy,665649878
Move_Operation_Component,saleStartedEvent,Persistence,,381701857
Move_Operation_New_Component_New_Node,getTransactionContext,New-Component_uljoztollg,New-Node_aknqckkfxt,653450629
Move_Operation_New_Component_New_Node,getMeanTimeToDeliveryReport,New-Component_xofxhawbss,New-Node_weszzamlib,659639666
Move_Operation_New_Component_New_Node,printRunningTotal,New-Component_bdleuwkuof,New-Node_qdglooxpyy,666365029
UMLCloneNode,Printer,Printer_poeqrizjka,,466944168
Move_Operation_New_Component_New_Node,getTransactionContext,New-Component_uljoztollg,New-Node_aknqckkfxt,1167302577
Move_Component_New_Node,CashBoxController,New-Node_eooitidhaa,,540544137
UMLCloneNode,EnterpriseClient,EnterpriseClient_uhwwolspzt,,474102282
UMLCloneNode,Printer,Printer_poeqrizjka,,477420576
Move_Operation_New_Component_New_Node,getTransactionContext,New-Component_uljoztollg,New-Node_aknqckkfxt,703141548
Move_Component_New_Node,CashBoxController,New-Node_eooitidhaa,,536566397
UMLCloneNode,EnterpriseClient,EnterpriseClient_uhwwolspzt,,554312077
UMLCloneNode,StoreServer,StoreServer_qsfgpxbxad,,571433986
Move_Operation_Component,getEnterpriseByID,CashDeskApplication,,267168243
Move_Operation_New_Component_New_Node,getTransactionContext,New-Component_yummhjqkmm,New-Node_gtszqsbudf,665050674
UMLCloneNode,EnterpriseClient,EnterpriseClient_uhwwolspzt,,440341028
UMLCloneNode,BarCodeScanner,BarCodeScanner_fddantmrzt,,473323261
UMLCloneNode,LightDisplay,LightDisplay_dvozuuevhg,,490791331
Move_Operation_New_Component_New_Node,getProductWithStockItem,New-Component_yehtkrtkdd,New-Node_xqxgbondiq,672950760
Move_Operation_Component,saleStartedEvent,GUIReporting,,283986703
UMLCloneNode,CashBox,CashBox_djtyqyjshq,,523581826
Move_Operation_Component,getEnterpriseByID,CashDeskApplication,,303866275
Move_Operation_New_Component_New_Node,startSale,New-Component_jvousqkpcu,New-Node_bwyjjjvlsp,749042861
Move_Operation_New_Component_New_Node,printRunningTotal,New-Component_bdleuwkuof,New-Node_qdglooxpyy,734318397
UMLCloneNode,CashBox,CashBox_djtyqyjshq,,489404761
Move_Operation_Component,getEnterpriseByID,CashDeskApplication,,286682750
Move_Operation_New_Component_New_Node,getTransactionContext,New-Component_yummhjqkmm,New-Node_gtszqsbudf,654146645
Move_Operation_New_Component_New_Node,printRunningTotal,New-Component_bdleuwkuof,New-Node_qdglooxpyy,674360374
Move_Operation_New_Component_New_Node,printRunningTotal,New-Component_rssqffwaef,New-Node_udcxshbijg,712259408
Move_Operation_New_Component_New_Node,getTransactionContext,New-Component_uljoztollg,New-Node_aknqckkfxt,664378603
Move_Component_New_Node,CashBoxController,New-Node_eooitidhaa,,544522217
Move_Operation_New_Component_New_Node,printRunningTotal,New-Component_bdleuwkuof,New-Node_qdglooxpyy,760831399
UMLCloneNode,CashBox,CashBox_shvegmdtrq,,594485377
Move_Operation_New_Component_New_Node,getTransactionContext,New-Component_uljoztollg,New-Node_aknqckkfxt,671202982
Move_Component_New_Node,CashBoxController,New-Node_eooitidhaa,,500926358
UMLCloneNode,EnterpriseServer,EnterpriseServer_bwykxxowrg,,578828825
Move_Operation_New_Component_New_Node,printRunningTotal,New-Component_rssqffwaef,New-Node_udcxshbijg,764457620
Move_Operation_New_Component_New_Node,getTransactionContext,New-Component_uljoztollg,New-Node_aknqckkfxt,756921086
Move_Component_New_Node,CashBoxController,New-Node_eooitidhaa,,629601393
Move_Operation_New_Component_New_Node,printRunningTotal,New-Component_bdleuwkuof,New-Node_qdglooxpyy,757129366
UMLCloneNode,BarCodeScanner,BarCodeScanner_fddantmrzt,,525666466
UMLCloneNode,LightDisplay,LightDisplay_dvozuuevhg,,457406602
Move_Operation_New_Component_New_Node,getProductWithStockItem,New-Component_yehtkrtkdd,New-Node_xqxgbondiq,814572033
Move_Operation_Component,saleStartedEvent,GUIReporting,,331385083
Move_Operation_New_Component_New_Node,getEnterpriseByID,New-Component_rzgyiwjnsw,New-Node_vxckuehtde,706571281
Move_Operation_Component,getEnterpriseByID,CashDeskApplication,,271303597
Move_Operation_New_Component_New_Node,getTransactionContext,New-Component_yummhjqkmm,New-Node_gtszqsbudf,659024051
UMLCloneNode,EnterpriseClient,EnterpriseClient_uhwwolspzt,,645745108
UMLCloneNode,Printer,Printer_poeqrizjka,,515803799
Move_Operation_New_Component_New_Node,getTransactionContext,New-Component_uljoztollg,New-Node_aknqckkfxt,712283764
Move_Operation_New_Component_New_Node,getMeanTimeToDelivery,New-Component_vbvyiqsklq,New-Node_deocdxwkqx,713391791
UMLCloneNode,EnterpriseServer,EnterpriseServer_bwykxxowrg,,508733139
UMLCloneNode,Printer,Printer_poeqrizjka,,426695627
Move_Operation_New_Component_New_Node,getTransactionContext,New-Component_uljoztollg,New-Node_aknqckkfxt,560016985
Move_Operation_New_Component_New_Node,getMeanTimeToDelivery,New-Component_vbvyiqsklq,New-Node_deocdxwkqx,576163216
UMLCloneNode,EnterpriseServer,EnterpriseServer_bwykxxowrg,,382788354
UMLCloneNode,Printer,Printer_poeqrizjka,,557345776
Move_Operation_New_Component_New_Node,getTransactionContext,New-Component_uljoztollg,New-Node_aknqckkfxt,720108368
Move_Operation_New_Component_New_Node,getMeanTimeToDelivery,New-Component_vbvyiqsklq,New-Node_deocdxwkqx,740192413
UMLCloneNode,EnterpriseServer,EnterpriseServer_bwykxxowrg,,538294749
UMLCloneNode,BarCodeScanner,BarCodeScanner_fddantmrzt,,407459081
UMLCloneNode,LightDisplay,LightDisplay_dvozuuevhg,,380292384
Move_Operation_New_Component_New_Node,getProductWithStockItem,New-Component_yehtkrtkdd,New-Node_xqxgbondiq,624811550
Move_Operation_Component,saleStartedEvent,GUIReporting,,276247960
UMLCloneNode,CashBox,CashBox_djtyqyjshq,,518465631
Move_Operation_Component,getEnterpriseByID,CashDeskApplication,,283859896
Move_Operation_New_Component_New_Node,getTransactionContext,New-Component_yummhjqkmm,New-Node_gtszqsbudf,666437595
Move_Operation_New_Component_New_Node,printRunningTotal,New-Component_bdleuwkuof,New-Node_qdglooxpyy,664789004
Move_Operation_New_Component_New_Node,getEnterpriseByID,New-Component_rzgyiwjnsw,New-Node_vxckuehtde,785627210
Move_Operation_Component,getEnterpriseByID,CashDeskApplication,,310889466
Move_Operation_New_Component_New_Node,getTransactionContext,New-Component_yummhjqkmm,New-Node_gtszqsbudf,797804067
UMLCloneNode,EnterpriseClient,EnterpriseClient_uhwwolspzt,,640020643
UMLCloneNode,CashBox,CashBox_djtyqyjshq,,505778528
Move_Operation_Component,getEnterpriseByID,CashDeskApplication,,276174412
Move_Operation_New_Component_New_Node,getTransactionContext,New-Component_yummhjqkmm,New-Node_gtszqsbudf,652159418
Move_Operation_New_Component_New_Node,printRunningTotal,New-Component_bdleuwkuof,New-Node_qdglooxpyy,645665188
Move_Operation_New_Component_New_Node,getEnterpriseByID,New-Component_yotvrjpfox,New-Node_kxqehnvzmn,709781712
Move_Operation_New_Component_New_Node,getTransactionContext,New-Component_uljoztollg,New-Node_aknqckkfxt,686540796
Move_Component_New_Node,CashBoxController,New-Node_eooitidhaa,,519227259
UMLCloneNode,EnterpriseClient,EnterpriseClient_uhwwolspzt,,465721145
UMLCloneNode,LightDisplay,LightDisplay_nmqcjqubqs,,512077882
Move_Operation_Component,getEnterpriseByID,CashDeskApplication,,335091344
Move_Operation_New_Component_New_Node,getTransactionContext,New-Component_yummhjqkmm,New-Node_gtszqsbudf,800234214
UMLCloneNode,EnterpriseClient,EnterpriseClient_uhwwolspzt,,500751551
UMLCloneNode,LightDisplay,LightDisplay_nmqcjqubqs,,529488432
Move_Operation_Component,getEnterpriseByID,CashDeskApplication,,294821493
Move_Operation_New_Component_New_Node,getTransactionContext,New-Component_yummhjqkmm,New-Node_gtszqsbudf,667708558
UMLCloneNode,EnterpriseClient,EnterpriseClient_uhwwolspzt,,457439193
UMLCloneNode,StoreServer,StoreServer_qsfgpxbxad,,483372047
Move_Operation_Component,getEnterpriseByID,CashDeskApplication,,294730492
Move_Operation_New_Component_New_Node,getTransactionContext,New-Component_yummhjqkmm,New-Node_gtszqsbudf,648792444
UMLCloneNode,EnterpriseClient,EnterpriseClient_uhwwolspzt,,465764116
Move_Operation_New_Component_New_Node,getEnterpriseByID,New-Component_rzgyiwjnsw,New-Node_vxckuehtde,666194920
Move_Operation_Component,getEnterpriseByID,CashDeskApplication,,269637844
Move_Operation_New_Component_New_Node,getTransactionContext,New-Component_yummhjqkmm,New-Node_gtszqsbudf,650040454
UMLCloneNode,EnterpriseClient,EnterpriseClient_uhwwolspzt,,444190146
UMLCloneNode,LightDisplay,LightDisplay_nmqcjqubqs,,486074725
Move_Operation_Component,getEnterpriseByID,CashDeskApplication,,313765490
Move_Operation_New_Component_New_Node,getTransactionContext,New-Component_yummhjqkmm,New-Node_gtszqsbudf,680886932
UMLCloneNode,EnterpriseClient,EnterpriseClient_uhwwolspzt,,470246522
UMLCloneNode,StoreServer,StoreServer_qsfgpxbxad,,548077865
Move_Operation_Component,getEnterpriseByID,CashDeskApplication,,303656762
Move_Operation_New_Component_New_Node,getTransactionContext,New-Component_yummhjqkmm,New-Node_gtszqsbudf,749950313
UMLCloneNode,EnterpriseClient,EnterpriseClient_uhwwolspzt,,465037332
Move_Operation_New_Component_New_Node,getTransaction,New-Component_xquxbajyao,New-Node_rekrwmgcdj,790590820
Move_Operation_New_Component_New_Node,getTransactionContext,New-Component_uljoztollg,New-Node_aknqckkfxt,742706108
Move_Component_New_Node,CashBoxController,New-Node_eooitidhaa,,610223182
UMLCloneNode,EnterpriseServer,EnterpriseServer_bwykxxowrg,,560011576
UMLCloneNode,LightDisplay,LightDisplay_nmqcjqubqs,,560200580
Move_Operation_Component,enterOrderID,CashDeskGUI,,330787503
Move_Operation_New_Component_New_Node,getTransactionContext,New-Component_yummhjqkmm,New-Node_gtszqsbudf,773406703
UMLCloneNode,EnterpriseClient,EnterpriseClient_uhwwolspzt,,572568915
Move_Component_New_Node,AppStore,New-Node_thgbbglrqw,,572898573
Move_Operation_Component,getEnterpriseByID,CashDeskApplication,,293806038
Move_Operation_New_Component_New_Node,getTransactionContext,New-Component_yummhjqkmm,New-Node_gtszqsbudf,677290538
UMLCloneNode,EnterpriseClient,EnterpriseClient_uhwwolspzt,,480781749
UMLCloneNode,LightDisplay,LightDisplay_nmqcjqubqs,,535208851
Move_Operation_Component,getEnterpriseByID,CashDeskApplication,,311742025
Move_Operation_New_Component_New_Node,getTransactionContext,New-Component_yummhjqkmm,New-Node_gtszqsbudf,857322176
UMLCloneNode,EnterpriseClient,EnterpriseClient_uhwwolspzt,,515643849
Move_Operation_New_Component_New_Node,createReport,New-Component_dzyvxsoasn,New-Node_vzhvyjzqpi,756692097
Move_Operation_New_Component_New_Node,getTransactionContext,New-Component_uljoztollg,New-Node_aknqckkfxt,670278128
Move_Component_New_Node,CashBoxController,New-Node_eooitidhaa,,519840359
UMLCloneNode,EnterpriseServer,EnterpriseServer_bwykxxowrg,,453232825
Move_Component_New_Node,AppStore,New-Node_nzbmajzuct,,558799292
Move_Operation_Component,getEnterpriseByID,CashDeskApplication,,266841170
Move_Operation_New_Component_New_Node,getTransactionContext,New-Component_yummhjqkmm,New-Node_gtszqsbudf,646031756
Move_Operation_New_Component_New_Node,printRunningTotal,New-Component_bdleuwkuof,New-Node_qdglooxpyy,640246326
UMLCloneNode,CashBox,CashBox_djtyqyjshq,,521502086
Move_Operation_Component,getEnterpriseByID,CashDeskApplication,,282209681
Move_Operation_New_Component_New_Node,startSale,New-Component_jvousqkpcu,New-Node_bwyjjjvlsp,676564386
Move_Operation_New_Component_New_Node,printRunningTotal,New-Component_bdleuwkuof,New-Node_qdglooxpyy,704250658
Move_Operation_New_Component_New_Node,printRunningTotal,New-Component_rssqffwaef,New-Node_udcxshbijg,704330599
Move_Operation_New_Component_New_Node,getTransactionContext,New-Component_uljoztollg,New-Node_aknqckkfxt,997356214
Move_Component_New_Node,CashBoxController,New-Node_eooitidhaa,,526281970
Move_Operation_New_Component_New_Node,printRunningTotal,New-Component_bdleuwkuof,New-Node_qdglooxpyy,811909109
Move_Operation_Component,saleStartedEvent,CashDeskApplication,,351925495
Move_Operation_New_Component_New_Node,getTransactionContext,New-Component_uljoztollg,New-Node_aknqckkfxt,685754141
Move_Component_New_Node,CashBoxController,New-Node_eooitidhaa,,570256288
UMLCloneNode,EnterpriseServer,EnterpriseServer_bwykxxowrg,,469838396
Move_Operation_New_Component_New_Node,getTransaction,New-Component_xquxbajyao,New-Node_rekrwmgcdj,703215367
Move_Operation_New_Component_New_Node,getTransactionContext,New-Component_uljoztollg,New-Node_aknqckkfxt,661679642
Move_Component_New_Node,CashBoxController,New-Node_eooitidhaa,,557495166
UMLCloneNode,EnterpriseServer,EnterpriseServer_bwykxxowrg,,470844784
Move_Operation_Component,getTransaction,GUIStore,,388094225
Move_Operation_New_Component_New_Node,getTransactionContext,New-Component_uljoztollg,New-Node_aknqckkfxt,692402388
Move_Component_New_Node,CashBoxController,New-Node_eooitidhaa,,564606803
UMLCloneNode,EnterpriseServer,EnterpriseServer_bwykxxowrg,,614278046
Move_Operation_New_Component_New_Node,printRunningTotal,New-Component_rssqffwaef,New-Node_udcxshbijg,779791787
Move_Operation_New_Component_New_Node,getTransactionContext,New-Component_uljoztollg,New-Node_aknqckkfxt,673291859
Move_Component_New_Node,CashBoxController,New-Node_eooitidhaa,,536363947
Move_Operation_New_Component_New_Node,printRunningTotal,New-Component_bdleuwkuof,New-Node_qdglooxpyy,726760403
Move_Operation_New_Component_New_Node,queryStockItem,New-Component_oedzeoqdua,New-Node_tsnxkbjjnx,733164483
Move_Operation_New_Component_New_Node,getTransactionContext,New-Component_uljoztollg,New-Node_aknqckkfxt,697887495
Move_Component_New_Node,CashBoxController,New-Node_eooitidhaa,,551795287
UMLCloneNode,EnterpriseServer,EnterpriseServer_bwykxxowrg,,496119313
Move_Operation_Component,getTransaction,ScannerController,,342845416
Move_Operation_New_Component_New_Node,getTransactionContext,New-Component_uljoztollg,New-Node_aknqckkfxt,709361263
Move_Component_New_Node,CashBoxController,New-Node_eooitidhaa,,538294278
UMLCloneNode,EnterpriseServer,EnterpriseServer_bwykxxowrg,,468867836
UMLCloneNode,LightDisplay,LightDisplay_nmqcjqubqs,,570639617
Move_Operation_Component,enterOrderID,CashDeskGUI,,298325024
Move_Operation_New_Component_New_Node,getTransactionContext,New-Component_yummhjqkmm,New-Node_gtszqsbudf,705639323
UMLCloneNode,EnterpriseClient,EnterpriseClient_uhwwolspzt,,462185905
UMLCloneNode,LightDisplay,LightDisplay_nmqcjqubqs,,536041272
Move_Operation_Component,enterOrderID,CashDeskGUI,,331913274
Move_Operation_New_Component_New_Node,getTransactionContext,New-Component_yummhjqkmm,New-Node_gtszqsbudf,722037917
UMLCloneNode,EnterpriseClient,EnterpriseClient_uhwwolspzt,,455296474
UMLCloneNode,Printer,Printer_eaywvgnkjl,,554304102
Move_Operation_New_Component_New_Node,getTransactionContext,New-Component_uljoztollg,New-Node_aknqckkfxt,679900052
Move_Component_New_Node,CashBoxController,New-Node_eooitidhaa,,524632596
UMLCloneNode,EnterpriseClient,EnterpriseClient_uhwwolspzt,,466720068
Move_Operation_New_Component_New_Node,saleStartedEvent,New-Component_wzvoygwrzm,New-Node_kdfwbutogw,707731827
Move_Operation_New_Component_New_Node,getTransactionContext,New-Component_uljoztollg,New-Node_aknqckkfxt,700416798
Move_Component_New_Node,CashBoxController,New-Node_eooitidhaa,,528979558
UMLCloneNode,EnterpriseServer,EnterpriseServer_bwykxxowrg,,469680380
Move_Operation_New_Component_New_Node,getTransaction,New-Component_xquxbajyao,New-Node_rekrwmgcdj,743013634
Move_Operation_New_Component_New_Node,getTransactionContext,New-Component_uljoztollg,New-Node_aknqckkfxt,653627581
Move_Component_New_Node,CashBoxController,New-Node_eooitidhaa,,545309393
UMLCloneNode,EnterpriseServer,EnterpriseServer_bwykxxowrg,,481218899
UMLCloneNode,EnterpriseServer,EnterpriseServer_apotbmvacm,,559704409
Move_Operation_New_Component_New_Node,getTransactionContext,New-Component_uljoztollg,New-Node_aknqckkfxt,753530527
Move_Component_New_Node,CashBoxController,New-Node_eooitidhaa,,634794121
Move_Operation_New_Component_New_Node,printRunningTotal,New-Component_bdleuwkuof,New-Node_qdglooxpyy,735345443
UMLCloneNode,LightDisplay,LightDisplay_nmqcjqubqs,,505489325
Move_Operation_Component,enterOrderID,CashDeskGUI,,246809292
Move_Operation_New_Component_New_Node,getTransactionContext,New-Component_yummhjqkmm,New-Node_gtszqsbudf,566989111
UMLCloneNode,EnterpriseClient,EnterpriseClient_uhwwolspzt,,364865332
Move_Operation_New_Component_New_Node,getEnterpriseByID,New-Component_yotvrjpfox,New-Node_kxqehnvzmn,858233415
Move_Operation_New_Component_New_Node,getTransactionContext,New-Component_uljoztollg,New-Node_aknqckkfxt,686414178
Move_Component_New_Node,CashBoxController,New-Node_eooitidhaa,,533960069
UMLCloneNode,EnterpriseClient,EnterpriseClient_uhwwolspzt,,465981904
UMLCloneNode,LightDisplay,LightDisplay_nmqcjqubqs,,412000528
Move_Operation_Component,enterOrderID,CashDeskGUI,,273014146
Move_Operation_New_Component_New_Node,getTransactionContext,New-Component_yummhjqkmm,New-Node_gtszqsbudf,595285417
UMLCloneNode,EnterpriseClient,EnterpriseClient_uhwwolspzt,,365411826
Move_Operation_New_Component_New_Node,getEnterpriseByID,New-Component_yotvrjpfox,New-Node_kxqehnvzmn,1072113893
Move_Operation_New_Component_New_Node,getTransactionContext,New-Component_uljoztollg,New-Node_aknqckkfxt,686841590
Move_Component_New_Node,CashBoxController,New-Node_eooitidhaa,,530831822
UMLCloneNode,EnterpriseClient,EnterpriseClient_uhwwolspzt,,486441293
UMLCloneNode,LightDisplay,LightDisplay_nmqcjqubqs,,491970373
Move_Operation_Component,enterOrderID,CashDeskGUI,,275166442
Move_Operation_New_Component_New_Node,getTransactionContext,New-Component_yummhjqkmm,New-Node_gtszqsbudf,667625193
UMLCloneNode,EnterpriseClient,EnterpriseClient_uhwwolspzt,,509371316
Move_Operation_New_Component_New_Node,getTransaction,New-Component_phpdmcrdsb,New-Node_xkjxeoclgr,708000110
Move_Operation_New_Component_New_Node,getTransactionContext,New-Component_uljoztollg,New-Node_aknqckkfxt,759543104
Move_Component_New_Node,CashBoxController,New-Node_eooitidhaa,,569853994
UMLCloneNode,EnterpriseServer,EnterpriseServer_bwykxxowrg,,489823476
Move_Operation_New_Component_New_Node,saleStartedEvent,New-Component_wzvoygwrzm,New-Node_kdfwbutogw,867002651
Move_Operation_New_Component_New_Node,getTransactionContext,New-Component_uljoztollg,New-Node_aknqckkfxt,659459418
Move_Component_New_Node,CashBoxController,New-Node_eooitidhaa,,499014873
UMLCloneNode,EnterpriseServer,EnterpriseServer_bwykxxowrg,,400759096
Move_Operation_New_Component_New_Node,queryStockItem,New-Component_oedzeoqdua,New-Node_tsnxkbjjnx,710288021
Move_Operation_New_Component_New_Node,getTransactionContext,New-Component_uljoztollg,New-Node_aknqckkfxt,713497620
Move_Component_New_Node,CashBoxController,New-Node_eooitidhaa,,545907184
UMLCloneNode,EnterpriseServer,EnterpriseServer_bwykxxowrg,,472733827
Move_Operation_Component,saleStartedEvent,CashDeskApplication,,396969058
Move_Operation_New_Component_New_Node,getTransactionContext,New-Component_uljoztollg,New-Node_aknqckkfxt,787142592
Move_Component_New_Node,CashBoxController,New-Node_eooitidhaa,,615751579
UMLCloneNode,EnterpriseServer,EnterpriseServer_bwykxxowrg,,576450244
Move_Component_New_Node,AppStore,New-Node_thgbbglrqw,,523990502
Move_Operation_Component,getEnterpriseByID,CashDeskApplication,,274554494
Move_Operation_New_Component_New_Node,getTransactionContext,New-Component_yummhjqkmm,New-Node_gtszqsbudf,653062010
UMLCloneNode,EnterpriseClient,EnterpriseClient_uhwwolspzt,,461102182
Move_Operation_New_Component_New_Node,getEnterpriseByID,New-Component_yotvrjpfox,New-Node_kxqehnvzmn,682984767
Move_Operation_New_Component_New_Node,getTransactionContext,New-Component_uljoztollg,New-Node_aknqckkfxt,735751735
Move_Component_New_Node,CashBoxController,New-Node_eooitidhaa,,606559090
UMLCloneNode,EnterpriseClient,EnterpriseClient_uhwwolspzt,,477455572
Move_Operation_Component,saleStartedEvent,CashDeskApplication,,355615495
Move_Operation_New_Component_New_Node,getTransactionContext,New-Component_uljoztollg,New-Node_aknqckkfxt,628164909
Move_Component_New_Node,CashBoxController,New-Node_eooitidhaa,,559297746
UMLCloneNode,EnterpriseServer,EnterpriseServer_bwykxxowrg,,502861087
Move_Component_New_Node,AppStore,New-Node_thgbbglrqw,,600297277
Move_Operation_Component,getEnterpriseByID,CashDeskApplication,,292054103
Move_Operation_New_Component_New_Node,getTransactionContext,New-Component_yummhjqkmm,New-Node_gtszqsbudf,809187345
UMLCloneNode,EnterpriseServer,EnterpriseServer_bwykxxowrg,,579682726
UMLCloneNode,Printer,Printer_poeqrizjka,,551206893
Move_Operation_New_Component_New_Node,getTransactionContext,New-Component_uljoztollg,New-Node_aknqckkfxt,764561795
Move_Component_New_Node,CashBoxController,New-Node_eooitidhaa,,610495562
UMLCloneNode,EnterpriseClient,EnterpriseClient_uhwwolspzt,,547569402
UMLCloneNode,Printer,Printer_poeqrizjka,,483062005
Move_Operation_New_Component_New_Node,getTransactionContext,New-Component_uljoztollg,New-Node_aknqckkfxt,661999402
Move_Component_New_Node,CashBoxController,New-Node_eooitidhaa,,536959073
UMLCloneNode,EnterpriseClient,EnterpriseClient_uhwwolspzt,,470166242
Move_Operation_New_Component_New_Node,getTransactionContext,New-Component_bxmzsglnps,New-Node_mytqcixxtk,692306008
Move_Operation_New_Component_New_Node,getTransactionContext,New-Component_uljoztollg,New-Node_aknqckkfxt,701712629
Move_Component_New_Node,CashBoxController,New-Node_eooitidhaa,,523008931
UMLCloneNode,EnterpriseClient,EnterpriseClient_uhwwolspzt,,571579249
UMLCloneNode,Printer,Printer_poeqrizjka,,482436613
Move_Operation_New_Component_New_Node,getTransactionContext,New-Component_uljoztollg,New-Node_aknqckkfxt,625925569
Move_Component_New_Node,CashBoxController,New-Node_eooitidhaa,,630818005
UMLCloneNode,EnterpriseClient,EnterpriseClient_uhwwolspzt,,501791099
UMLCloneNode,LightDisplay,LightDisplay_nmqcjqubqs,,544677799
Move_Operation_Component,enterOrderID,CashDeskGUI,,297231202
Move_Operation_New_Component_New_Node,getTransactionContext,New-Component_yummhjqkmm,New-Node_gtszqsbudf,675275710
UMLCloneNode,EnterpriseClient,EnterpriseClient_uhwwolspzt,,473393273
Move_Operation_New_Component_New_Node,getEnterpriseByID,New-Component_yotvrjpfox,New-Node_kxqehnvzmn,593925036
Move_Operation_New_Component_New_Node,getTransactionContext,New-Component_uljoztollg,New-Node_aknqckkfxt,612667806
Move_Component_New_Node,CashBoxController,New-Node_eooitidhaa,,571366610
UMLCloneNode,EnterpriseClient,EnterpriseClient_uhwwolspzt,,492335116
UMLCloneNode,LightDisplay,LightDisplay_nmqcjqubqs,,600050825
Move_Operation_Component,enterOrderID,CashDeskGUI,,319016688
UMLCloneNode,CashDeskPC,CashDeskPC_jmwuprbtxa,,612008118
Move_Operation_New_Component_New_Node,printRunningTotal,New-Component_bdleuwkuof,New-Node_qdglooxpyy,1063301887
UMLCloneNode,LightDisplay,LightDisplay_nmqcjqubqs,,494742271
Move_Operation_Component,enterOrderID,CashDeskGUI,,295558084
Move_Operation_New_Component_New_Node,getTransactionContext,New-Component_yummhjqkmm,New-Node_gtszqsbudf,783387019
UMLCloneNode,EnterpriseClient,EnterpriseClient_uhwwolspzt,,492247783
UMLCloneNode,Printer,Printer_poeqrizjka,,502624813
Move_Operation_New_Component_New_Node,getTransactionContext,New-Component_uljoztollg,New-Node_aknqckkfxt,659071310
Move_Component_New_Node,CashBoxController,New-Node_eooitidhaa,,538599840
UMLCloneNode,EnterpriseClient,EnterpriseClient_uhwwolspzt,,493401376
UMLCloneNode,EnterpriseServer,EnterpriseServer_apotbmvacm,,482109189
Move_Operation_New_Component_New_Node,getTransactionContext,New-Component_uljoztollg,New-Node_aknqckkfxt,684002035
Move_Component_New_Node,CashBoxController,New-Node_eooitidhaa,,566216212
Move_Operation_Component,scanProduct,AppStore,,297398736
UMLCloneNode,Printer,Printer_poeqrizjka,,532440640
Move_Operation_New_Component_New_Node,getTransactionContext,New-Component_uljoztollg,New-Node_aknqckkfxt,710293311
Move_Component_New_Node,CashBoxController,New-Node_eooitidhaa,,556701268
UMLCloneNode,EnterpriseClient,EnterpriseClient_uhwwolspzt,,495449096
UMLCloneNode,Printer,Printer_poeqrizjka,,551053706
Move_Operation_New_Component_New_Node,getTransactionContext,New-Component_uljoztollg,New-Node_aknqckkfxt,911995219
Move_Component_New_Node,CashBoxController,New-Node_eooitidhaa,,722398693
UMLCloneNode,EnterpriseClient,EnterpriseClient_uhwwolspzt,,563294673
Move_Component_New_Node,AppStore,New-Node_thgbbglrqw,,512346114
Move_Operation_Component,getEnterpriseByID,CashDeskApplication,,341648211
Move_Operation_New_Component_New_Node,getTransactionContext,New-Component_yummhjqkmm,New-Node_gtszqsbudf,671750629
UMLCloneNode,EnterpriseClient,EnterpriseClient_uhwwolspzt,,490501548
Move_Component_New_Node,AppStore,New-Node_thgbbglrqw,,625382140
Move_Operation_Component,getEnterpriseByID,CashDeskApplication,,294661082
Move_Operation_New_Component_New_Node,getTransactionContext,New-Component_yummhjqkmm,New-Node_gtszqsbudf,661376804
UMLCloneNode,EnterpriseClient,EnterpriseClient_uhwwolspzt,,492342931
UMLCloneNode,LightDisplay,LightDisplay_nmqcjqubqs,,404826745
Move_Operation_Component,enterOrderID,CashDeskGUI,,247124223
Move_Operation_New_Component_New_Node,getTransactionContext,New-Component_yummhjqkmm,New-Node_gtszqsbudf,729953983
UMLCloneNode,EnterpriseClient,EnterpriseClient_uhwwolspzt,,592765962
UMLCloneNode,LightDisplay,LightDisplay_nmqcjqubqs,,490191506
Move_Operation_Component,enterOrderID,CashDeskGUI,,300589179
Move_Operation_New_Component_New_Node,getTransactionContext,New-Component_yummhjqkmm,New-Node_gtszqsbudf,663874167
UMLCloneNode,EnterpriseClient,EnterpriseClient_uhwwolspzt,,477530803
Move_Operation_New_Component_New_Node,getEnterpriseByID,New-Component_yotvrjpfox,New-Node_kxqehnvzmn,677441301
Move_Operation_New_Component_New_Node,getTransactionContext,New-Component_uljoztollg,New-Node_aknqckkfxt,680120927
Move_Component_New_Node,CashBoxController,New-Node_eooitidhaa,,531713826
UMLCloneNode,EnterpriseClient,EnterpriseClient_uhwwolspzt,,484864205
UMLCloneNode,CashBox,CashBox_nvpsgazptj,,513704482
Move_Operation_New_Component_New_Node,getTransactionContext,New-Component_uljoztollg,New-Node_aknqckkfxt,654417753
Move_Component_New_Node,CashBoxController,New-Node_eooitidhaa,,528033294
UMLCloneNode,EnterpriseClient,EnterpriseClient_uhwwolspzt,,494328575
Move_Operation_Component,getEnterpriseByID,CashDeskApplication,,373137936
Move_Operation_New_Component_New_Node,getTransactionContext,New-Component_uljoztollg,New-Node_aknqckkfxt,651082178
Move_Component_New_Node,CashBoxController,New-Node_eooitidhaa,,519635304
UMLCloneNode,EnterpriseClient,EnterpriseClient_uhwwolspzt,,493008439
UMLCloneNode,Printer,Printer_eaywvgnkjl,,521569482
Move_Operation_New_Component_New_Node,printRunningTotal,New-Component_wieqyyjmaq,New-Node_pkixrnfgpf,729659410
Move_Operation_New_Component_New_Node,getTransactionContext,New-Component_yummhjqkmm,New-Node_gtszqsbudf,748880707
UMLCloneNode,EnterpriseClient,EnterpriseClient_uhwwolspzt,,534238962
UMLCloneNode,New-Node_rcasezzudv,New-Node_rcasezzudv_pkjnqtjuqq,,268101623
Move_Operation_New_Component_New_Node,getTransactionContext,New-Component_uljoztollg,New-Node_aknqckkfxt,639119564
Move_Component_New_Node,CashBoxController,New-Node_eooitidhaa,,510635747
UMLCloneNode,EnterpriseClient,EnterpriseClient_uhwwolspzt,,443866158
UMLCloneNode,LightDisplay,LightDisplay_nmqcjqubqs,,482378123
Move_Operation_Component,enterOrderID,CashDeskGUI,,292088728
Move_Operation_New_Component_New_Node,getTransactionContext,New-Component_yummhjqkmm,New-Node_gtszqsbudf,714555725
UMLCloneNode,EnterpriseClient,EnterpriseClient_uhwwolspzt,,467596071
UMLCloneNode,New-Node_rcasezzudv,New-Node_rcasezzudv_pkjnqtjuqq,,250498731
Move_Operation_New_Component_New_Node,getTransactionContext,New-Component_uljoztollg,New-Node_aknqckkfxt,672576808
Move_Component_New_Node,CashBoxController,New-Node_eooitidhaa,,560500122
UMLCloneNode,EnterpriseClient,EnterpriseClient_uhwwolspzt,,474977584
Move_Operation_New_Component_New_Node,getEnterpriseByID,New-Component_yotvrjpfox,New-Node_kxqehnvzmn,723332024
Move_Operation_New_Component_New_Node,getTransactionContext,New-Component_uljoztollg,New-Node_aknqckkfxt,760422002
Move_Component_New_Node,CashBoxController,New-Node_eooitidhaa,,568816558
UMLCloneNode,EnterpriseClient,EnterpriseClient_uhwwolspzt,,515423406
Move_Operation_New_Component_New_Node,getEnterpriseByID,New-Component_yotvrjpfox,New-Node_kxqehnvzmn,669535665
Move_Operation_New_Component_New_Node,getTransactionContext,New-Component_uljoztollg,New-Node_aknqckkfxt,693310181
Move_Component_New_Node,CashBoxController,New-Node_eooitidhaa,,533222696
UMLCloneNode,EnterpriseClient,EnterpriseClient_uhwwolspzt,,508693524
UMLCloneNode,EnterpriseClient_lxhmlzhmkb,EnterpriseClient_lxhmlzhmkb_nqbjmmcrra,,258892823
Move_Operation_New_Component_New_Node,getTransactionContext,New-Component_uljoztollg,New-Node_aknqckkfxt,740000193
Move_Component_New_Node,CashBoxController,New-Node_eooitidhaa,,624990726
UMLCloneNode,EnterpriseClient,EnterpriseClient_uhwwolspzt,,521014821
Move_Component_New_Node,AppStore,New-Node_thgbbglrqw,,624483935
Move_Operation_Component,getEnterpriseByID,CashDeskApplication,,277354395
Move_Operation_New_Component_New_Node,getTransactionContext,New-Component_yummhjqkmm,New-Node_gtszqsbudf,659595473
Move_Operation_New_Component_New_Node,printRunningTotal,New-Component_bdleuwkuof,New-Node_qdglooxpyy,662339479
Move_Component_New_Node,AppStore,New-Node_thgbbglrqw,,596504894
Move_Operation_Component,getEnterpriseByID,CashDeskApplication,,266077046
Move_Operation_New_Component_New_Node,getTransactionContext,New-Component_yummhjqkmm,New-Node_gtszqsbudf,690602864
UMLCloneNode,EnterpriseClient,EnterpriseClient_uhwwolspzt,,461906461
UMLCloneNode,EnterpriseClient,EnterpriseClient_ymlqyqefec,,520039232
Move_Operation_New_Component_New_Node,getTransactionContext,New-Component_uljoztollg,New-Node_aknqckkfxt,650972552
Move_Component_New_Node,CashBoxController,New-Node_eooitidhaa,,526492134
UMLCloneNode,EnterpriseClient,EnterpriseClient_uhwwolspzt,,534491917
UMLCloneNode,CashBox,CashBox_nvpsgazptj,,480036201
Move_Operation_New_Component_New_Node,getTransactionContext,New-Component_uljoztollg,New-Node_aknqckkfxt,716402729
Move_Component_New_Node,CashBoxController,New-Node_eooitidhaa,,636062740
UMLCloneNode,EnterpriseClient,EnterpriseClient_uhwwolspzt,,471942843
Move_Operation_New_Component_New_Node,getEnterpriseByID,New-Component_yotvrjpfox,New-Node_kxqehnvzmn,722220099
Move_Operation_New_Component_New_Node,getTransactionContext,New-Component_uljoztollg,New-Node_aknqckkfxt,644065008
Move_Component_New_Node,CashBoxController,New-Node_eooitidhaa,,546131665
UMLCloneNode,EnterpriseClient,EnterpriseClient_uhwwolspzt,,597188386
Move_Operation_Component,queryOrderById,ScannerController,,295929310
Move_Operation_New_Component_New_Node,getTransactionContext,New-Component_uljoztollg,New-Node_aknqckkfxt,704044943
Move_Component_New_Node,CashBoxController,New-Node_eooitidhaa,,551460349
UMLCloneNode,EnterpriseClient,EnterpriseClient_uhwwolspzt,,491829609
UMLCloneNode,CashBox,CashBox_nvpsgazptj,,543832223
Move_Operation_New_Component_New_Node,getTransactionContext,New-Component_uljoztollg,New-Node_aknqckkfxt,653714043
Move_Component_New_Node,CashBoxController,New-Node_eooitidhaa,,553595082
UMLCloneNode,EnterpriseClient,EnterpriseClient_uhwwolspzt,,583505144
UMLCloneNode,StoreServer,StoreServer_fbndlhwkqb,,547217632
Move_Operation_New_Component_New_Node,getTransactionContext,New-Component_uljoztollg,New-Node_aknqckkfxt,657576847
Move_Component_New_Node,CashBoxController,New-Node_eooitidhaa,,547747305
UMLCloneNode,EnterpriseClient,EnterpriseClient_uhwwolspzt,,463950264
Move_Operation_New_Component_New_Node,getEnterpriseByID,New-Component_yotvrjpfox,New-Node_kxqehnvzmn,693547807
Move_Operation_New_Component_New_Node,getTransactionContext,New-Component_uljoztollg,New-Node_aknqckkfxt,669400201
Move_Component_New_Node,CashBoxController,New-Node_eooitidhaa,,541762011
UMLCloneNode,EnterpriseClient,EnterpriseClient_uhwwolspzt,,461465063
UMLCloneNode,Printer,Printer_poeqrizjka,,494393546
Move_Operation_New_Component_New_Node,getTransactionContext,New-Component_uljoztollg,New-Node_aknqckkfxt,665935854
Move_Component_New_Node,CashBoxController,New-Node_eooitidhaa,,548867707
UMLCloneNode,EnterpriseClient,EnterpriseClient_uhwwolspzt,,575048725
Move_Operation_New_Component_New_Node,getEnterpriseByID,New-Component_yotvrjpfox,New-Node_kxqehnvzmn,714703322
Move_Operation_New_Component_New_Node,getTransactionContext,New-Component_uljoztollg,New-Node_aknqckkfxt,782564998
Move_Component_New_Node,CashBoxController,New-Node_eooitidhaa,,548124072
UMLCloneNode,EnterpriseClient,EnterpriseClient_uhwwolspzt,,523011176
Move_Operation_New_Component_New_Node,getEnterpriseByID,New-Component_yotvrjpfox,New-Node_kxqehnvzmn,679275681
Move_Operation_New_Component_New_Node,getTransactionContext,New-Component_uljoztollg,New-Node_aknqckkfxt,643954701
Move_Component_New_Node,CashBoxController,New-Node_eooitidhaa,,564316980
UMLCloneNode,EnterpriseClient,EnterpriseClient_uhwwolspzt,,460565586
Move_Operation_Component,getEnterpriseByID,CashDeskApplication,,716412747
Move_Operation_New_Component_New_Node,getTransactionContext,New-Component_uljoztollg,New-Node_aknqckkfxt,684478409
Move_Component_New_Node,CashBoxController,New-Node_eooitidhaa,,622466683
UMLCloneNode,EnterpriseClient,EnterpriseClient_uhwwolspzt,,509734166
UMLCloneNode,CashBox,CashBox_nvpsgazptj,,521738759
Move_Operation_New_Component_New_Node,getTransactionContext,New-Component_uljoztollg,New-Node_aknqckkfxt,716599307
Move_Component_New_Node,CashBoxController,New-Node_eooitidhaa,,527657359
Move_Operation_New_Component_New_Node,printRunningTotal,New-Component_bdleuwkuof,New-Node_qdglooxpyy,689503472
Move_Operation_New_Component_New_Node,getEnterpriseByID,New-Component_yotvrjpfox,New-Node_kxqehnvzmn,689051054
Move_Operation_New_Component_New_Node,getTransactionContext,New-Component_uljoztollg,New-Node_aknqckkfxt,655388884
Move_Component_New_Node,CashBoxController,New-Node_eooitidhaa,,535157866
UMLCloneNode,EnterpriseClient,EnterpriseClient_uhwwolspzt,,468056054
UMLCloneNode,EnterpriseServer,EnterpriseServer_apotbmvacm,,494134931
Move_Operation_New_Component_New_Node,getTransactionContext,New-Component_uljoztollg,New-Node_aknqckkfxt,737580365
Move_Component_New_Node,CashBoxController,New-Node_eooitidhaa,,602642605
Move_Operation_Component,scanProduct,AppStore,,325253224
Move_Operation_New_Component_New_Node,getEnterpriseByID,New-Component_yotvrjpfox,New-Node_kxqehnvzmn,673521179
Move_Operation_New_Component_New_Node,getTransactionContext,New-Component_uljoztollg,New-Node_aknqckkfxt,666311158
Move_Component_New_Node,CashBoxController,New-Node_eooitidhaa,,611646540
UMLCloneNode,EnterpriseClient,EnterpriseClient_uhwwolspzt,,465516912
UMLCloneNode,Printer,Printer_poeqrizjka,,542889635
Move_Operation_New_Component_New_Node,getTransactionContext,New-Component_uljoztollg,New-Node_aknqckkfxt,659299799
Move_Component_New_Node,CashBoxController,New-Node_eooitidhaa,,524647494
UMLCloneNode,EnterpriseClient,EnterpriseClient_uhwwolspzt,,458893871
UMLCloneNode,EnterpriseServer,EnterpriseServer_apotbmvacm,,488907408
Move_Operation_New_Component_New_Node,getTransactionContext,New-Component_uljoztollg,New-Node_aknqckkfxt,659184763
Move_Component_New_Node,CashBoxController,New-Node_eooitidhaa,,558064834
Move_Operation_Component,scanProduct,AppStore,,313023408
Move_Operation_New_Component_New_Node,getEnterpriseByID,New-Component_yotvrjpfox,New-Node_kxqehnvzmn,730910616
Move_Operation_New_Component_New_Node,getTransactionContext,New-Component_uljoztollg,New-Node_aknqckkfxt,690431152
Move_Component_New_Node,CashBoxController,New-Node_eooitidhaa,,554717768
UMLCloneNode,EnterpriseClient,EnterpriseClient_uhwwolspzt,,494749704
UMLCloneNode,New-Node_sdkwgdonel,New-Node_sdkwgdonel_pffmkzowun,,293138707
Move_Operation_New_Component_New_Node,getTransactionContext,New-Component_uljoztollg,New-Node_aknqckkfxt,693828453
Move_Component_New_Node,CashBoxController,New-Node_eooitidhaa,,544007141
UMLCloneNode,EnterpriseClient,EnterpriseClient_uhwwolspzt,,499194921
Move_Operation_New_Component_New_Node,getEnterpriseByID,New-Component_yotvrjpfox,New-Node_kxqehnvzmn,739171529
Move_Operation_New_Component_New_Node,getTransactionContext,New-Component_uljoztollg,New-Node_aknqckkfxt,691846236
Move_Component_New_Node,CashBoxController,New-Node_eooitidhaa,,620808022
UMLCloneNode,EnterpriseClient,EnterpriseClient_uhwwolspzt,,562215569
Move_Operation_New_Component_New_Node,getEnterpriseByID,New-Component_yotvrjpfox,New-Node_kxqehnvzmn,754732531
Move_Operation_New_Component_New_Node,getTransactionContext,New-Component_uljoztollg,New-Node_aknqckkfxt,764330882
Move_Component_New_Node,CashBoxController,New-Node_eooitidhaa,,653884894
UMLCloneNode,EnterpriseClient,EnterpriseClient_uhwwolspzt,,557548216
Move_Operation_New_Component_New_Node,getEnterpriseByID,New-Component_yotvrjpfox,New-Node_kxqehnvzmn,717440756
Move_Operation_New_Component_New_Node,getTransactionContext,New-Component_uljoztollg,New-Node_aknqckkfxt,722029181
Move_Component_New_Node,CashBoxController,New-Node_eooitidhaa,,621527692
UMLCloneNode,EnterpriseClient,EnterpriseClient_uhwwolspzt,,553810195
Move_Component_New_Node,AppStore,New-Node_thgbbglrqw,,585554878
Move_Operation_Component,getEnterpriseByID,CashDeskApplication,,288293260
Move_Operation_New_Component_New_Node,getTransactionContext,New-Component_yummhjqkmm,New-Node_gtszqsbudf,700121986
Move_Operation_New_Component_New_Node,printRunningTotal,New-Component_bdleuwkuof,New-Node_qdglooxpyy,688546488
UMLCloneNode,CashBox,CashBox_nvpsgazptj,,526583515
Move_Operation_New_Component_New_Node,getTransactionContext,New-Component_uljoztollg,New-Node_aknqckkfxt,666490414
Move_Component_New_Node,CashBoxController,New-Node_eooitidhaa,,570069297
UMLCloneNode,EnterpriseClient,EnterpriseClient_uhwwolspzt,,489837843
Move_Operation_New_Component_New_Node,getEnterpriseByID,New-Component_yotvrjpfox,New-Node_kxqehnvzmn,718957350
Move_Operation_New_Component_New_Node,getTransactionContext,New-Component_uljoztollg,New-Node_aknqckkfxt,711621061
Move_Component_New_Node,CashBoxController,New-Node_eooitidhaa,,537393989
UMLCloneNode,EnterpriseClient,EnterpriseClient_uhwwolspzt,,568080398
Move_Operation_New_Component_New_Node,getEnterpriseByID,New-Component_yotvrjpfox,New-Node_kxqehnvzmn,706573014
Move_Operation_New_Component_New_Node,getTransactionContext,New-Component_uljoztollg,New-Node_aknqckkfxt,699117752
Move_Component_New_Node,CashBoxController,New-Node_eooitidhaa,,541220435
UMLCloneNode,EnterpriseClient,EnterpriseClient_uhwwolspzt,,476139934
UMLCloneNode,EnterpriseServer,EnterpriseServer_apotbmvacm,,486359800
Move_Operation_New_Component_New_Node,getTransactionContext,New-Component_uljoztollg,New-Node_aknqckkfxt,687302394
Move_Component_New_Node,CashBoxController,New-Node_eooitidhaa,,548629299
Move_Operation_New_Component_New_Node,printRunningTotal,New-Component_bdleuwkuof,New-Node_qdglooxpyy,732034414
UMLCloneNode,Printer,Printer_poeqrizjka,,435529764
Move_Operation_New_Component_New_Node,getTransactionContext,New-Component_uljoztollg,New-Node_aknqckkfxt,750155989
Move_Component_New_Node,CashBoxController,New-Node_eooitidhaa,,565617368
UMLCloneNode,EnterpriseClient,EnterpriseClient_uhwwolspzt,,586334782
Move_Operation_New_Component_New_Node,getEnterpriseByID,New-Component_yotvrjpfox,New-Node_kxqehnvzmn,711673679
Move_Operation_New_Component_New_Node,getTransactionContext,New-Component_uljoztollg,New-Node_aknqckkfxt,658977906
Move_Component_New_Node,CashBoxController,New-Node_eooitidhaa,,520854101
UMLCloneNode,EnterpriseClient,EnterpriseClient_uhwwolspzt,,457971862
UMLCloneNode,EnterpriseServer,EnterpriseServer_apotbmvacm,,540103710
Move_Operation_New_Component_New_Node,getTransactionContext,New-Component_uljoztollg,New-Node_aknqckkfxt,681290309
Move_Component_New_Node,CashBoxController,New-Node_eooitidhaa,,576141425
Move_Operation_Component,scanProduct,AppStore,,294235073
Move_Operation_New_Component_New_Node,getEnterpriseByID,New-Component_yotvrjpfox,New-Node_kxqehnvzmn,691558777
Move_Operation_New_Component_New_Node,getTransactionContext,New-Component_uljoztollg,New-Node_aknqckkfxt,693805530
Move_Component_New_Node,CashBoxController,New-Node_eooitidhaa,,523182597
UMLCloneNode,EnterpriseClient,EnterpriseClient_uhwwolspzt,,451274301
UMLCloneNode,EnterpriseServer,EnterpriseServer_apotbmvacm,,538741806
Move_Operation_New_Component_New_Node,getTransactionContext,New-Component_uljoztollg,New-Node_aknqckkfxt,671189597
Move_Component_New_Node,CashBoxController,New-Node_eooitidhaa,,519779054
Move_Operation_Component,scanProduct,AppStore,,271864610
UMLCloneNode,CashBox,CashBox_nvpsgazptj,,545142741
Move_Operation_New_Component_New_Node,getTransactionContext,New-Component_uljoztollg,New-Node_aknqckkfxt,716721657
Move_Component_New_Node,CashBoxController,New-Node_eooitidhaa,,585097511
UMLCloneNode,EnterpriseClient,EnterpriseClient_uhwwolspzt,,494677429
UMLCloneNode,EnterpriseServer,EnterpriseServer_apotbmvacm,,483350757
Move_Operation_New_Component_New_Node,startSale,New-Component_goqmvzxcla,New-Node_xrsfprumiv,681021666
Move_Component_New_Node,CashBoxController,New-Node_eooitidhaa,,530721826
Move_Operation_Component,scanProduct,AppStore,,275410940
Move_Component_New_Node,AppStore,New-Node_thgbbglrqw,,541676691
Move_Operation_Component,getEnterpriseByID,CashDeskApplication,,278506646
Move_Operation_New_Component_New_Node,getTransactionContext,New-Component_yummhjqkmm,New-Node_gtszqsbudf,655585793
Move_Operation_New_Component_New_Node,printRunningTotal,New-Component_bdleuwkuof,New-Node_qdglooxpyy,648480098
Move_Operation_New_Component_New_Node,getEnterpriseByID,New-Component_yotvrjpfox,New-Node_kxqehnvzmn,838482335
Move_Operation_New_Component_New_Node,getTransactionContext,New-Component_uljoztollg,New-Node_aknqckkfxt,667678973
Move_Component_New_Node,CashBoxController,New-Node_eooitidhaa,,520489216
UMLCloneNode,EnterpriseClient,EnterpriseClient_uhwwolspzt,,464547153
Move_Operation_New_Component_New_Node,getEnterpriseByID,New-Component_yotvrjpfox,New-Node_kxqehnvzmn,731899291
Move_Operation_New_Component_New_Node,getTransactionContext,New-Component_uljoztollg,New-Node_aknqckkfxt,660891534
Move_Component_New_Node,CashBoxController,New-Node_eooitidhaa,,656325601
UMLCloneNode,EnterpriseClient,EnterpriseClient_uhwwolspzt,,565386856
Move_Operation_New_Component_New_Node,getEnterpriseByID,New-Component_yotvrjpfox,New-Node_kxqehnvzmn,701407106
Move_Operation_New_Component_New_Node,getTransactionContext,New-Component_uljoztollg,New-Node_aknqckkfxt,623119788
Move_Component_New_Node,CashBoxController,New-Node_eooitidhaa,,512566888
UMLCloneNode,EnterpriseClient,EnterpriseClient_uhwwolspzt,,460307882
Move_Operation_New_Component_New_Node,createReport,New-Component_cjlqpccgqd,New-Node_kjyvgixysz,760241403
Move_Operation_New_Component_New_Node,getTransactionContext,New-Component_uljoztollg,New-Node_aknqckkfxt,730402874
Move_Component_New_Node,CashBoxController,New-Node_eooitidhaa,,630840096
Move_Operation_Component,scanProduct,AppStore,,307858392
UMLCloneNode,EnterpriseServer,EnterpriseServer_apotbmvacm,,472054612
Move_Operation_New_Component_New_Node,getTransactionContext,New-Component_uljoztollg,New-Node_aknqckkfxt,676412371
Move_Component_New_Node,CashBoxController,New-Node_eooitidhaa,,514866030
Move_Operation_New_Component_New_Node,printRunningTotal,New-Component_bdleuwkuof,New-Node_qdglooxpyy,757204137
UMLCloneNode,New-Node_qqtnzamqqq,New-Node_qqtnzamqqq_flwctgogud,,307623391
Move_Operation_New_Component_New_Node,getTransactionContext,New-Component_uljoztollg,New-Node_aknqckkfxt,670831615
Move_Component_New_Node,CashBoxController,New-Node_eooitidhaa,,610928945
UMLCloneNode,EnterpriseClient,EnterpriseClient_uhwwolspzt,,492985245
Move_Component_New_Node,AppStore,New-Node_thgbbglrqw,,646257950
Move_Operation_Component,getEnterpriseByID,CashDeskApplication,,305337655
Move_Operation_New_Component_New_Node,getTransactionContext,New-Component_yummhjqkmm,New-Node_gtszqsbudf,705002379
Move_Operation_New_Component_New_Node,printRunningTotal,New-Component_bdleuwkuof,New-Node_qdglooxpyy,765991466
Move_Component_New_Node,AppStore,New-Node_thgbbglrqw,,562422798
Move_Operation_Component,getEnterpriseByID,CashDeskApplication,,295656880
Move_Operation_New_Component_New_Node,getMeanTimeToDelivery,New-Component_axlciugaeu,New-Node_nlmpkikxlj,676889486
Move_Operation_New_Component_New_Node,printRunningTotal,New-Component_bdleuwkuof,New-Node_qdglooxpyy,1031008825
UMLCloneNode,EnterpriseServer,EnterpriseServer_apotbmvacm,,530741664
Move_Operation_New_Component_New_Node,getTransactionContext,New-Component_uljoztollg,New-Node_aknqckkfxt,758676749
Move_Component_New_Node,CashBoxController,New-Node_eooitidhaa,,667292177
Move_Operation_New_Component_New_Node,printRunningTotal,New-Component_bdleuwkuof,New-Node_qdglooxpyy,858034272
UMLCloneNode,LightDisplay,LightDisplay_stipvnqjrg,,483833373
Move_Operation_New_Component_New_Node,getTransactionContext,New-Component_uljoztollg,New-Node_aknqckkfxt,647410762
Move_Component_New_Node,CashBoxController,New-Node_eooitidhaa,,519431322
UMLCloneNode,EnterpriseClient,EnterpriseClient_uhwwolspzt,,461287701
UMLCloneNode,New-Node_avplftdjwg,New-Node_avplftdjwg_vmtkhweuwb,,312154348
Move_Operation_New_Component_New_Node,getTransactionContext,New-Component_uljoztollg,New-Node_aknqckkfxt,691064500
Move_Component_New_Node,CashBoxController,New-Node_eooitidhaa,,520099906
Move_Operation_Component,scanProduct,AppStore,,277356039
UMLCloneNode,CashBox,CashBox_nvpsgazptj,,464769320
Move_Operation_New_Component_New_Node,getTransactionContext,New-Component_uljoztollg,New-Node_aknqckkfxt,570336028
Move_Component_New_Node,CashBoxController,New-Node_eooitidhaa,,436719906
UMLCloneNode,EnterpriseClient,EnterpriseClient_uhwwolspzt,,384375320
Move_Component_New_Node,CashDeskGUI,New-Node_xknqtffixz,,637192329
Move_Operation_Component,getEnterpriseByID,CashDeskApplication,,277359035
Move_Operation_New_Component_New_Node,getTransactionContext,New-Component_yummhjqkmm,New-Node_gtszqsbudf,692664310
Move_Operation_New_Component_New_Node,printRunningTotal,New-Component_bdleuwkuof,New-Node_qdglooxpyy,761500174
UMLCloneNode,Printer,Printer_poeqrizjka,,538035321
Move_Operation_New_Component_New_Node,getTransactionContext,New-Component_uljoztollg,New-Node_aknqckkfxt,665159939
Move_Component_New_Node,CashBoxController,New-Node_eooitidhaa,,523075536
UMLCloneNode,EnterpriseClient,EnterpriseClient_uhwwolspzt,,474224802
Move_Component_New_Node,AppStore,New-Node_thgbbglrqw,,560669820
Move_Operation_Component,getEnterpriseByID,CashDeskApplication,,277979598
Move_Operation_New_Component_New_Node,getTransactionContext,New-Component_yummhjqkmm,New-Node_gtszqsbudf,674281255
Move_Operation_New_Component_New_Node,printRunningTotal,New-Component_bdleuwkuof,New-Node_qdglooxpyy,664750821
UMLCloneNode,Printer,Printer_poeqrizjka,,576361107
Move_Operation_New_Component_New_Node,getTransactionContext,New-Component_uljoztollg,New-Node_aknqckkfxt,781793211
Move_Component_New_Node,CashBoxController,New-Node_eooitidhaa,,608301959
UMLCloneNode,EnterpriseClient,EnterpriseClient_uhwwolspzt,,610725784
UMLCloneNode,EnterpriseServer,EnterpriseServer_apotbmvacm,,423132715
Move_Operation_New_Component_New_Node,getTransactionContext,New-Component_uljoztollg,New-Node_aknqckkfxt,591824897
Move_Component_New_Node,CashBoxController,New-Node_eooitidhaa,,527280863
Move_Operation_New_Component_New_Node,printRunningTotal,New-Component_bdleuwkuof,New-Node_qdglooxpyy,590048506
UMLCloneNode,New-Node_qqtnzamqqq,New-Node_qqtnzamqqq_flwctgogud,,229818608
Move_Operation_New_Component_New_Node,getTransactionContext,New-Component_uljoztollg,New-Node_aknqckkfxt,682193975
Move_Component_New_Node,CashBoxController,New-Node_eooitidhaa,,652615072
UMLCloneNode,EnterpriseClient,EnterpriseClient_uhwwolspzt,,601622612
UMLCloneNode,CashBox,CashBox_nvpsgazptj,,514952432
Move_Operation_New_Component_New_Node,getTransactionContext,New-Component_uljoztollg,New-Node_aknqckkfxt,685586897
Move_Component_New_Node,CashBoxController,New-Node_eooitidhaa,,555542163
UMLCloneNode,EnterpriseClient,EnterpriseClient_uhwwolspzt,,490171318
Move_Component_New_Node,AppStore,New-Node_thgbbglrqw,,613331822
Move_Operation_Component,getEnterpriseByID,CashDeskApplication,,316322966
Move_Operation_New_Component_New_Node,getTransactionContext,New-Component_yummhjqkmm,New-Node_gtszqsbudf,689098713
Move_Operation_New_Component_New_Node,printRunningTotal,New-Component_bdleuwkuof,New-Node_qdglooxpyy,653726798
Move_Component_New_Node,AppStore,New-Node_thgbbglrqw,,562378454
Move_Operation_Component,getEnterpriseByID,CashDeskApplication,,287974492
Move_Operation_New_Component_New_Node,getTransactionContext,New-Component_yummhjqkmm,New-Node_gtszqsbudf,755143392
Move_Operation_New_Component_New_Node,printRunningTotal,New-Component_bdleuwkuof,New-Node_qdglooxpyy,797296936
UMLCloneNode,EnterpriseServer,EnterpriseServer_apotbmvacm,,521007117
Move_Operation_New_Component_New_Node,getTransactionContext,New-Component_uljoztollg,New-Node_aknqckkfxt,650120885
Move_Component_New_Node,CashBoxController,New-Node_eooitidhaa,,515691779
Move_Operation_New_Component_New_Node,printRunningTotal,New-Component_bdleuwkuof,New-Node_qdglooxpyy,679555546
UMLCloneNode,Printer,Printer_poeqrizjka,,519968189
Move_Operation_New_Component_New_Node,getTransactionContext,New-Component_uljoztollg,New-Node_aknqckkfxt,664605940
Move_Component_New_Node,CashBoxController,New-Node_eooitidhaa,,610961236
UMLCloneNode,EnterpriseClient,EnterpriseClient_uhwwolspzt,,587701154
Move_Operation_Component,queryStockItem,ScannerController,,290560021
Move_Operation_New_Component_New_Node,getTransactionContext,New-Component_uljoztollg,New-Node_aknqckkfxt,704513802
Move_Component_New_Node,CashBoxController,New-Node_eooitidhaa,,566331809
UMLCloneNode,EnterpriseClient,EnterpriseClient_uhwwolspzt,,485462428
UMLCloneNode,New-Node_avplftdjwg,New-Node_avplftdjwg_vmtkhweuwb,,286393958
Move_Operation_New_Component_New_Node,getTransactionContext,New-Component_uljoztollg,New-Node_aknqckkfxt,686070253
Move_Component_New_Node,CashBoxController,New-Node_eooitidhaa,,555024723
Move_Operation_Component,scanProduct,AppStore,,289034029
Move_Operation_Component,productBarCodeScannedEvent,Inventory,,359696778
Move_Operation_New_Component_New_Node,getTransactionContext,New-Component_uljoztollg,New-Node_aknqckkfxt,677111072
Move_Component_New_Node,CashBoxController,New-Node_eooitidhaa,,514196444
UMLCloneNode,EnterpriseClient,EnterpriseClient_uhwwolspzt,,459759935
Move_Operation_Component,stopSale,Persistence,,308793365
Move_Operation_New_Component_New_Node,getTransactionContext,New-Component_uljoztollg,New-Node_aknqckkfxt,673116070
Move_Component_New_Node,CashBoxController,New-Node_eooitidhaa,,625793131
Move_Operation_New_Component_New_Node,printRunningTotal,New-Component_bdleuwkuof,New-Node_qdglooxpyy,779699504
Move_Operation_Component,stopSale,AppStore,,308997979
Move_Operation_New_Component_New_Node,getTransactionContext,New-Component_uljoztollg,New-Node_aknqckkfxt,573211691
Move_Component_New_Node,CashBoxController,New-Node_eooitidhaa,,483490589
UMLCloneNode,EnterpriseClient,EnterpriseClient_uhwwolspzt,,471269080
UMLCloneNode,New-Node_qqtnzamqqq,New-Node_qqtnzamqqq_flwctgogud,,256174485
Move_Operation_New_Component_New_Node,getTransactionContext,New-Component_uljoztollg,New-Node_aknqckkfxt,788843463
Move_Component_New_Node,CashBoxController,New-Node_eooitidhaa,,582392579
UMLCloneNode,EnterpriseClient,EnterpriseClient_uhwwolspzt,,530105781
Move_Operation_New_Component_New_Node,getEnterpriseByID,New-Component_yotvrjpfox,New-Node_kxqehnvzmn,645421652
Move_Operation_New_Component_New_Node,getTransactionContext,New-Component_uljoztollg,New-Node_aknqckkfxt,585219179
Move_Component_New_Node,CashBoxController,New-Node_eooitidhaa,,547812007
UMLCloneNode,EnterpriseClient,EnterpriseClient_uhwwolspzt,,515840779
Move_Operation_New_Component_New_Node,printRunningTotal,New-Component_rtswylcptz,New-Node_fdbiygrifl,717271127
Move_Operation_New_Component_New_Node,getTransactionContext,New-Component_uljoztollg,New-Node_aknqckkfxt,752495556
Move_Component_New_Node,CashBoxController,New-Node_eooitidhaa,,638653459
Move_Operation_Component,scanProduct,AppStore,,323158145
UMLCloneNode,CashBox,CashBox_bicidlirtj,,521690599
Move_Operation_New_Component_New_Node,getTransactionContext,New-Component_uljoztollg,New-Node_aknqckkfxt,733043757
Move_Component_New_Node,CashBoxController,New-Node_eooitidhaa,,623443775
UMLCloneNode,EnterpriseClient,EnterpriseClient_uhwwolspzt,,577262668
UMLCloneNode,New-Node_qqtnzamqqq,New-Node_qqtnzamqqq_flwctgogud,,252907077
Move_Operation_New_Component_New_Node,getTransactionContext,New-Component_uljoztollg,New-Node_aknqckkfxt,642276574
Move_Component_New_Node,CashBoxController,New-Node_eooitidhaa,,505105365
UMLCloneNode,EnterpriseClient,EnterpriseClient_uhwwolspzt,,444032710
UMLCloneNode,Printer,Printer_poeqrizjka,,426151817
Move_Operation_New_Component_New_Node,getTransactionContext,New-Component_uljoztollg,New-Node_aknqckkfxt,566413682
Move_Component_New_Node,CashBoxController,New-Node_eooitidhaa,,440484306
UMLCloneNode,EnterpriseClient,EnterpriseClient_uhwwolspzt,,371740796
UMLCloneNode,CashBox,CashBox_nvpsgazptj,,561167643
Move_Operation_New_Component_New_Node,getTransactionContext,New-Component_uljoztollg,New-Node_aknqckkfxt,655516474
Move_Component_New_Node,CashBoxController,New-Node_eooitidhaa,,535387877
UMLCloneNode,EnterpriseClient,EnterpriseClient_uhwwolspzt,,597967337
Move_Operation_New_Component_New_Node,queryOrderById,New-Component_vsxktfsjte,New-Node_qlxgpfklcu,749034515
Move_Operation_New_Component_New_Node,getTransactionContext,New-Component_uljoztollg,New-Node_aknqckkfxt,715869950
Move_Component_New_Node,CashBoxController,New-Node_eooitidhaa,,571695757
Move_Operation_Component,scanProduct,AppStore,,317526964
Move_Operation_New_Component_New_Node,getEnterpriseByID,New-Component_yotvrjpfox,New-Node_kxqehnvzmn,741150300
Move_Operation_New_Component_New_Node,getTransactionContext,New-Component_uljoztollg,New-Node_aknqckkfxt,779331304
Move_Component_New_Node,CashBoxController,New-Node_eooitidhaa,,616088331
UMLCloneNode,EnterpriseClient,EnterpriseClient_uhwwolspzt,,568071992
UMLCloneNode,EnterpriseServer,EnterpriseServer_apotbmvacm,,524751319
Move_Operation_New_Component_New_Node,startSale,New-Component_goqmvzxcla,New-Node_xrsfprumiv,681378805
Move_Component_New_Node,CashBoxController,New-Node_eooitidhaa,,517671862
Move_Operation_Component,scanProduct,AppStore,,287372643
UMLCloneNode,Printer,Printer_poeqrizjka,,525660234
Move_Operation_New_Component_New_Node,getTransactionContext,New-Component_uljoztollg,New-Node_aknqckkfxt,942753623
Move_Component_New_Node,CashBoxController,New-Node_eooitidhaa,,552023705
UMLCloneNode,EnterpriseClient,EnterpriseClient_uhwwolspzt,,457348923
UMLCloneNode,EnterpriseServer,EnterpriseServer_apotbmvacm,,571301889
Move_Operation_New_Component_New_Node,getTransactionContext,New-Component_uljoztollg,New-Node_aknqckkfxt,781231447
Move_Component_New_Node,CashBoxController,New-Node_eooitidhaa,,960943315
Move_Operation_New_Component_New_Node,printRunningTotal,New-Component_bdleuwkuof,New-Node_qdglooxpyy,691035395
Move_Operation_Component,stopSale,Persistence,,279246814
Move_Operation_New_Component_New_Node,getTransactionContext,New-Component_uljoztollg,New-Node_aknqckkfxt,599658439
Move_Component_New_Node,CashBoxController,New-Node_eooitidhaa,,630594375
Move_Operation_New_Component_New_Node,printRunningTotal,New-Component_bdleuwkuof,New-Node_qdglooxpyy,782351427
Move_Operation_New_Component_New_Node,getEnterpriseByID,New-Component_yotvrjpfox,New-Node_kxqehnvzmn,728322623
Move_Operation_New_Component_New_Node,getTransactionContext,New-Component_uljoztollg,New-Node_aknqckkfxt,720469425
Move_Component_New_Node,CashBoxController,New-Node_eooitidhaa,,565029757
UMLCloneNode,EnterpriseClient,EnterpriseClient_uhwwolspzt,,490303636
Move_Operation_New_Component_New_Node,getEnterpriseByID,New-Component_yotvrjpfox,New-Node_kxqehnvzmn,710955072
Move_Operation_New_Component_New_Node,getTransactionContext,New-Component_uljoztollg,New-Node_aknqckkfxt,664975834
Move_Component_New_Node,CashBoxController,New-Node_eooitidhaa,,563392756
UMLCloneNode,EnterpriseClient,EnterpriseClient_uhwwolspzt,,504735722
UMLCloneNode,EnterpriseServer,EnterpriseServer_apotbmvacm,,554978837
Move_Operation_New_Component_New_Node,startSale,New-Component_goqmvzxcla,New-Node_xrsfprumiv,706607989
Move_Component_New_Node,CashBoxController,New-Node_eooitidhaa,,558695086
Move_Operation_Component,scanProduct,AppStore,,301318537
Move_Operation_New_Component_New_Node,getEnterpriseByID,New-Component_yotvrjpfox,New-Node_kxqehnvzmn,697399470
Move_Operation_New_Component_New_Node,getTransactionContext,New-Component_uljoztollg,New-Node_aknqckkfxt,669305062
Move_Component_New_Node,CashBoxController,New-Node_eooitidhaa,,565501632
UMLCloneNode,EnterpriseClient,EnterpriseClient_uhwwolspzt,,564230768
Move_Operation_New_Component_New_Node,createReport,New-Component_cjlqpccgqd,New-Node_kjyvgixysz,794772161
Move_Operation_New_Component_New_Node,getTransactionContext,New-Component_uljoztollg,New-Node_aknqckkfxt,837717740
Move_Component_New_Node,CashBoxController,New-Node_eooitidhaa,,629949245
Move_Operation_Component,scanProduct,AppStore,,311367082
UMLCloneNode,EnterpriseServer,EnterpriseServer_hohvmutxup,,517173247
Move_Operation_New_Component_New_Node,getTransactionContext,New-Component_uljoztollg,New-Node_aknqckkfxt,687771013
Move_Component_New_Node,CashBoxController,New-Node_eooitidhaa,,588640696
Move_Operation_Component,scanProduct,AppStore,,317657179
Move_Operation_New_Component_New_Node,createReport,New-Component_cjlqpccgqd,New-Node_kjyvgixysz,782528349
Move_Operation_New_Component_New_Node,getTransactionContext,New-Component_uljoztollg,New-Node_aknqckkfxt,664918747
Move_Component_New_Node,CashBoxController,New-Node_eooitidhaa,,513480141
Move_Operation_Component,scanProduct,AppStore,,280251108
Move_Operation_Component,stopSale,Persistence,,308114101
Move_Operation_New_Component_New_Node,getTransactionContext,New-Component_uljoztollg,New-Node_aknqckkfxt,662289926
Move_Component_New_Node,CashBoxController,New-Node_eooitidhaa,,540669201
UMLCloneNode,EnterpriseClient,EnterpriseClient_uhwwolspzt,,473422288
Move_Operation_Component,productBarCodeScannedEvent,Inventory,,355731913
Move_Operation_New_Component_New_Node,stopSale,New-Component_fuzreputbt,New-Node_xyhakwfjsa,673115238
Move_Component_New_Node,CashBoxController,New-Node_eooitidhaa,,492929270
UMLCloneNode,EnterpriseClient,EnterpriseClient_uhwwolspzt,,500435447
Move_Operation_New_Component_New_Node,createReport,New-Component_cjlqpccgqd,New-Node_kjyvgixysz,682733886
Move_Operation_New_Component_New_Node,getTransactionContext,New-Component_uljoztollg,New-Node_aknqckkfxt,725169680
Move_Component_New_Node,CashBoxController,New-Node_eooitidhaa,,578572494
Move_Operation_Component,scanProduct,AppStore,,285206601
Move_Operation_Component,queryStockItem,ScannerController,,336179565
Move_Operation_New_Component_New_Node,getTransactionContext,New-Component_uljoztollg,New-Node_aknqckkfxt,685723543
Move_Component_New_Node,CashBoxController,New-Node_eooitidhaa,,534296169
UMLCloneNode,EnterpriseClient,EnterpriseClient_uhwwolspzt,,567043713
UMLCloneNode,EnterpriseServer,EnterpriseServer_apotbmvacm,,519727367
Move_Operation_New_Component_New_Node,getTransactionContext,New-Component_uljoztollg,New-Node_aknqckkfxt,655609408
Move_Component_New_Node,CashBoxController,New-Node_eooitidhaa,,556136217
Move_Operation_New_Component_New_Node,printRunningTotal,New-Component_bdleuwkuof,New-Node_qdglooxpyy,726468215
Move_Operation_New_Component_New_Node,getEnterpriseByID,New-Component_yotvrjpfox,New-Node_kxqehnvzmn,742507424
Move_Operation_New_Component_New_Node,getTransactionContext,New-Component_uljoztollg,New-Node_aknqckkfxt,653451351
Move_Component_New_Node,CashBoxController,New-Node_eooitidhaa,,513890290
UMLCloneNode,EnterpriseClient,EnterpriseClient_uhwwolspzt,,478677943
UMLCloneNode,New-Node_avplftdjwg,New-Node_avplftdjwg_vmtkhweuwb,,273376655
Move_Operation_New_Component_New_Node,getTransactionContext,New-Component_uljoztollg,New-Node_aknqckkfxt,737313414
Move_Component_New_Node,CashBoxController,New-Node_eooitidhaa,,538163592
Move_Operation_Component,scanProduct,AppStore,,271400078
Move_Operation_New_Component_New_Node,createReport,New-Component_cjlqpccgqd,New-Node_kjyvgixysz,671547067
Move_Operation_New_Component_New_Node,getTransactionContext,New-Component_uljoztollg,New-Node_aknqckkfxt,671019137
Move_Component_New_Node,CashBoxController,New-Node_eooitidhaa,,526612179
Move_Operation_Component,scanProduct,AppStore,,278246779
UMLCloneNode,EnterpriseServer,EnterpriseServer_apotbmvacm,,557683269
Move_Operation_New_Component_New_Node,startSale,New-Component_goqmvzxcla,New-Node_xrsfprumiv,677201561
Move_Component_New_Node,CashBoxController,New-Node_eooitidhaa,,604772890
Move_Operation_Component,scanProduct,AppStore,,335662255
UMLCloneNode,EnterpriseServer,EnterpriseServer_apotbmvacm,,471452543
Move_Operation_New_Component_New_Node,getTransactionContext,New-Component_uljoztollg,New-Node_aknqckkfxt,571030961
Move_Component_New_Node,CashBoxController,New-Node_eooitidhaa,,454623954
Move_Operation_New_Component_New_Node,printRunningTotal,New-Component_bdleuwkuof,New-Node_qdglooxpyy,656833323
UMLCloneNode,EnterpriseServer,EnterpriseServer_apotbmvacm,,528148470
Move_Operation_New_Component_New_Node,startSale,New-Component_goqmvzxcla,New-Node_xrsfprumiv,694789355
Move_Component_New_Node,CashBoxController,New-Node_eooitidhaa,,619741983
Move_Operation_Component,scanProduct,AppStore,,317644124
Move_Operation_New_Component_New_Node,queryStockItem,New-Component_eqnuseorjg,New-Node_ddxvkfsoeb,732353182
Move_Operation_New_Component_New_Node,getTransactionContext,New-Component_uljoztollg,New-Node_aknqckkfxt,794126580
Move_Component_New_Node,CashBoxController,New-Node_eooitidhaa,,630885331
Move_Operation_Component,scanProduct,AppStore,,303322826
Move_Operation_New_Component_New_Node,createReport,New-Component_cjlqpccgqd,New-Node_kjyvgixysz,719290895
Move_Operation_New_Component_New_Node,getTransactionContext,New-Component_uljoztollg,New-Node_aknqckkfxt,659074126
Move_Component_New_Node,CashBoxController,New-Node_eooitidhaa,,528325752
Move_Operation_Component,scanProduct,AppStore,,278492860
Move_Operation_New_Component_New_Node,createReport,New-Component_kpvucamyyw,New-Node_guvibbkxyy,704122829
Move_Operation_New_Component_New_Node,getTransactionContext,New-Component_uljoztollg,New-Node_aknqckkfxt,653817848
Move_Component_New_Node,CashBoxController,New-Node_eooitidhaa,,524551945
Move_Operation_Component,scanProduct,AppStore,,322640113
UMLCloneNode,EnterpriseClient,EnterpriseClient_mtfdijwwue,,479986578
Move_Operation_New_Component_New_Node,getTransactionContext,New-Component_uljoztollg,New-Node_aknqckkfxt,606142378
Move_Component_New_Node,CashBoxController,New-Node_eooitidhaa,,460736387
Move_Operation_Component,scanProduct,AppStore,,253759836
Move_Operation_New_Component_New_Node,createReport,New-Component_ksdbyflbjb,New-Node_cmxiglfirg,736401564
Move_Operation_New_Component_New_Node,getTransactionContext,New-Component_uljoztollg,New-Node_aknqckkfxt,720210951
Move_Component_New_Node,CashBoxController,New-Node_eooitidhaa,,626886702
Move_Operation_New_Component_New_Node,printRunningTotal,New-Component_bdleuwkuof,New-Node_qdglooxpyy,808176228
Move_Operation_New_Component_New_Node,createReport,New-Component_cjlqpccgqd,New-Node_kjyvgixysz,722605661
Move_Operation_New_Component_New_Node,getTransactionContext,New-Component_uljoztollg,New-Node_aknqckkfxt,707669871
Move_Component_New_Node,CashBoxController,New-Node_eooitidhaa,,591869711
Move_Operation_Component,scanProduct,AppStore,,315052364
UMLCloneNode,New-Node_avplftdjwg,New-Node_avplftdjwg_vmtkhweuwb,,263642641
Move_Operation_New_Component_New_Node,getTransactionContext,New-Component_uljoztollg,New-Node_aknqckkfxt,732827341
Move_Component_New_Node,CashBoxController,New-Node_eooitidhaa,,594314968
Move_Operation_Component,scanProduct,AppStore,,286223508
UMLCloneNode,EnterpriseServer,EnterpriseServer_apotbmvacm,,502810161
Move_Operation_New_Component_New_Node,getTransactionContext,New-Component_uljoztollg,New-Node_aknqckkfxt,670246768
Move_Component_New_Node,CashBoxController,New-Node_eooitidhaa,,502081564
Move_Operation_New_Component_New_Node,printRunningTotal,New-Component_bdleuwkuof,New-Node_qdglooxpyy,657190714
UMLCloneNode,EnterpriseServer,EnterpriseServer_apotbmvacm,,503440914
Move_Operation_New_Component_New_Node,getTransactionContext,New-Component_uljoztollg,New-Node_aknqckkfxt,687060080
Move_Component_New_Node,CashBoxController,New-Node_eooitidhaa,,537689353
Move_Operation_New_Component_New_Node,printRunningTotal,New-Component_bdleuwkuof,New-Node_qdglooxpyy,679719033
UMLCloneNode,EnterpriseServer,EnterpriseServer_apotbmvacm,,639499085
Move_Operation_New_Component_New_Node,startSale,New-Component_goqmvzxcla,New-Node_xrsfprumiv,736064481
Move_Component_New_Node,CashBoxController,New-Node_eooitidhaa,,538143775
Move_Operation_Component,scanProduct,AppStore,,281801175
Move_Operation_New_Component_New_Node,getMeanTimeToDelivery,New-Component_xvsfnnanqf,New-Node_mhtxlpnfcq,703782911
Move_Operation_New_Component_New_Node,startSale,New-Component_goqmvzxcla,New-Node_xrsfprumiv,755086395
Move_Component_New_Node,CashBoxController,New-Node_eooitidhaa,,616356744
Move_Operation_Component,scanProduct,AppStore,,314635351
UMLCloneNode,New-Node_avplftdjwg,New-Node_avplftdjwg_vmtkhweuwb,,268102394
Move_Operation_New_Component_New_Node,getTransactionContext,New-Component_uljoztollg,New-Node_aknqckkfxt,700267038
Move_Component_New_Node,CashBoxController,New-Node_eooitidhaa,,567825179
Move_Operation_Component,scanProduct,AppStore,,293627483
UMLCloneNode,New-Node_avplftdjwg,New-Node_avplftdjwg_vmtkhweuwb,,226864176
Move_Operation_New_Component_New_Node,getTransactionContext,New-Component_uljoztollg,New-Node_aknqckkfxt,930595331
Move_Component_New_Node,CashBoxController,New-Node_eooitidhaa,,532060827
Move_Operation_Component,scanProduct,AppStore,,283783913
Move_Operation_New_Component_New_Node,printRunningTotal,New-Component_rtswylcptz,New-Node_fdbiygrifl,693660709
Move_Operation_New_Component_New_Node,getTransactionContext,New-Component_uljoztollg,New-Node_aknqckkfxt,697803859
Move_Component_New_Node,CashBoxController,New-Node_eooitidhaa,,553981396
Move_Operation_Component,scanProduct,AppStore,,300491997
Move_Operation_New_Component_New_Node,getMeanTimeToDelivery,New-Component_xvsfnnanqf,New-Node_mhtxlpnfcq,748661346
Move_Operation_New_Component_New_Node,startSale,New-Component_goqmvzxcla,New-Node_xrsfprumiv,695700314
Move_Component_New_Node,CashBoxController,New-Node_eooitidhaa,,622374901
Move_Operation_Component,scanProduct,AppStore,,326837515
Move_Operation_New_Component_New_Node,queryStockItem,New-Component_eqnuseorjg,New-Node_ddxvkfsoeb,732910607
Move_Operation_New_Component_New_Node,getTransactionContext,New-Component_uljoztollg,New-Node_aknqckkfxt,687869047
Move_Component_New_Node,CashBoxController,New-Node_eooitidhaa,,546783508
Move_Operation_Component,scanProduct,AppStore,,309017686
UMLCloneNode,EnterpriseServer,EnterpriseServer_apotbmvacm,,542904744
Move_Operation_New_Component_New_Node,getTransactionContext,New-Component_uljoztollg,New-Node_aknqckkfxt,763457584
Move_Component_New_Node,CashBoxController,New-Node_eooitidhaa,,574838562
Move_Operation_New_Component_New_Node,printRunningTotal,New-Component_bdleuwkuof,New-Node_qdglooxpyy,714764947
Move_Operation_New_Component_New_Node,createReport,New-Component_ksdbyflbjb,New-Node_cmxiglfirg,767082472
Move_Operation_New_Component_New_Node,getTransactionContext,New-Component_uljoztollg,New-Node_aknqckkfxt,710562877
Move_Component_New_Node,CashBoxController,New-Node_eooitidhaa,,514965928
Move_Operation_New_Component_New_Node,printRunningTotal,New-Component_bdleuwkuof,New-Node_qdglooxpyy,665794238
UMLCloneNode,New-Node_avplftdjwg,New-Node_avplftdjwg_vmtkhweuwb,,297087903
Move_Operation_New_Component_New_Node,getTransactionContext,New-Component_uljoztollg,New-Node_aknqckkfxt,667462707
Move_Component_New_Node,CashBoxController,New-Node_eooitidhaa,,536345453
Move_Operation_Component,scanProduct,AppStore,,283005864
UMLCloneNode,EnterpriseClient,EnterpriseClient_mtfdijwwue,,491771970
Move_Operation_New_Component_New_Node,getTransactionContext,New-Component_uljoztollg,New-Node_aknqckkfxt,700385260
Move_Component_New_Node,CashBoxController,New-Node_eooitidhaa,,575042975
Move_Operation_Component,scanProduct,AppStore,,295541544
UMLCloneNode,New-Node_avplftdjwg,New-Node_avplftdjwg_vmtkhweuwb,,282893062
Move_Operation_New_Component_New_Node,getTransactionContext,New-Component_uljoztollg,New-Node_aknqckkfxt,685362616
Move_Component_New_Node,CashBoxController,New-Node_eooitidhaa,,539094227
Move_Operation_Component,scanProduct,AppStore,,290097183
Move_Operation_New_Component_New_Node,rollInReceivedOrder,New-Component_wikswbtpfe,New-Node_pefangtsml,742305125
Move_Operation_New_Component_New_Node,getTransactionContext,New-Component_uljoztollg,New-Node_aknqckkfxt,713727010
Move_Component_New_Node,CashBoxController,New-Node_eooitidhaa,,545946638
Move_Operation_Component,scanProduct,AppStore,,277002425
UMLCloneNode,New-Node_avplftdjwg,New-Node_avplftdjwg_vmtkhweuwb,,355829356
Move_Operation_New_Component_New_Node,getTransactionContext,New-Component_uljoztollg,New-Node_aknqckkfxt,713848859
Move_Component_New_Node,CashBoxController,New-Node_eooitidhaa,,540378105
Move_Operation_Component,scanProduct,AppStore,,279784523
UMLCloneNode,New-Node_avplftdjwg,New-Node_avplftdjwg_vmtkhweuwb,,302639174
Move_Operation_New_Component_New_Node,getTransactionContext,New-Component_uljoztollg,New-Node_aknqckkfxt,657697053
Move_Component_New_Node,CashBoxController,New-Node_eooitidhaa,,483129302
Move_Operation_Component,scanProduct,AppStore,,258552414
UMLCloneNode,EnterpriseServer,EnterpriseServer_hohvmutxup,,502903155
Move_Operation_New_Component_New_Node,getTransactionContext,New-Component_uljoztollg,New-Node_aknqckkfxt,670768267
Move_Component_New_Node,CashBoxController,New-Node_eooitidhaa,,527665363
Move_Operation_Component,scanProduct,AppStore,,279155844
UMLCloneNode,EnterpriseServer,EnterpriseServer_apotbmvacm,,497177889
Move_Operation_New_Component_New_Node,getTransactionContext,New-Component_uljoztollg,New-Node_aknqckkfxt,698888904
Move_Component_New_Node,CashBoxController,New-Node_eooitidhaa,,533482203
Move_Operation_New_Component_New_Node,printRunningTotal,New-Component_bdleuwkuof,New-Node_qdglooxpyy,695955663
Move_Operation_New_Component_New_Node,queryStockItem,New-Component_eqnuseorjg,New-Node_ddxvkfsoeb,745416501
Move_Operation_New_Component_New_Node,getTransactionContext,New-Component_uljoztollg,New-Node_aknqckkfxt,694400846
Move_Component_New_Node,CashBoxController,New-Node_eooitidhaa,,509971842
Move_Operation_Component,scanProduct,AppStore,,275380263
UMLCloneNode,EnterpriseServer,EnterpriseServer_hohvmutxup,,499202976
Move_Operation_New_Component_New_Node,getTransactionContext,New-Component_uljoztollg,New-Node_aknqckkfxt,705004943
Move_Component_New_Node,CashBoxController,New-Node_eooitidhaa,,582659799
Move_Operation_Component,scanProduct,AppStore,,300705597
Move_Operation_New_Component_New_Node,queryStockItem,New-Component_eqnuseorjg,New-Node_ddxvkfsoeb,687601986
Move_Operation_New_Component_New_Node,getTransactionContext,New-Component_uljoztollg,New-Node_aknqckkfxt,1072422031
Move_Component_New_Node,CashBoxController,New-Node_eooitidhaa,,532564853
Move_Operation_Component,scanProduct,AppStore,,282245629
Move_Operation_New_Component_New_Node,rollInReceivedOrder,New-Component_wikswbtpfe,New-Node_pefangtsml,728814606
Move_Operation_New_Component_New_Node,getTransactionContext,New-Component_uljoztollg,New-Node_aknqckkfxt,648220952
Move_Component_New_Node,CashBoxController,New-Node_eooitidhaa,,518051564
Move_Operation_Component,scanProduct,AppStore,,293860331
UMLCloneNode,EnterpriseClient,EnterpriseClient_mtfdijwwue,,493590170
Move_Operation_New_Component_New_Node,getTransactionContext,New-Component_uljoztollg,New-Node_aknqckkfxt,651070756
Move_Component_New_Node,CashBoxController,New-Node_eooitidhaa,,524359845
Move_Operation_Component,scanProduct,AppStore,,278351536
Move_Operation_Component,stopSale,Persistence,,330893442
Move_Operation_New_Component_New_Node,getTransactionContext,New-Component_uljoztollg,New-Node_aknqckkfxt,572671888
Move_Component_New_Node,CashBoxController,New-Node_eooitidhaa,,430857963
Move_Operation_New_Component_New_Node,printRunningTotal,New-Component_bdleuwkuof,New-Node_qdglooxpyy,578216346
UMLCloneNode,EnterpriseClient,EnterpriseClient_fqvqdtmian,,451869488
Move_Operation_New_Component_New_Node,getTransactionContext,New-Component_uljoztollg,New-Node_aknqckkfxt,738001855
Move_Component_New_Node,CashBoxController,New-Node_eooitidhaa,,561460252
Move_Operation_Component,scanProduct,AppStore,,330791149
Move_Operation_New_Component_New_Node,queryOrderById,New-Component_vsxktfsjte,New-Node_qlxgpfklcu,756405539
Move_Operation_New_Component_New_Node,getTransactionContext,New-Component_uljoztollg,New-Node_aknqckkfxt,675577415
Move_Component_New_Node,CashBoxController,New-Node_eooitidhaa,,584443184
Move_Operation_Component,scanProduct,AppStore,,283400624
Move_Operation_New_Component_New_Node,getMeanTimeToDelivery,New-Component_xvsfnnanqf,New-Node_mhtxlpnfcq,775350989
Move_Operation_New_Component_New_Node,startSale,New-Component_goqmvzxcla,New-Node_xrsfprumiv,787382252
Move_Component_New_Node,CashBoxController,New-Node_eooitidhaa,,613361326
Move_Operation_Component,scanProduct,AppStore,,314883898
UMLCloneNode,EnterpriseServer,EnterpriseServer_hohvmutxup,,497493891
Move_Operation_New_Component_New_Node,getTransactionContext,New-Component_uljoztollg,New-Node_aknqckkfxt,675749999
Move_Component_New_Node,CashBoxController,New-Node_eooitidhaa,,537612519
Move_Operation_Component,scanProduct,AppStore,,273557345
Move_Operation_New_Component_New_Node,getMeanTimeToDelivery,New-Component_xvsfnnanqf,New-Node_mhtxlpnfcq,757352184
Move_Operation_New_Component_New_Node,startSale,New-Component_goqmvzxcla,New-Node_xrsfprumiv,676942786
Move_Component_New_Node,CashBoxController,New-Node_eooitidhaa,,644679420
Move_Operation_Component,scanProduct,AppStore,,326787090
Move_Operation_New_Component_New_Node,getMeanTimeToDelivery,New-Component_xvsfnnanqf,New-Node_mhtxlpnfcq,728738032
Move_Operation_New_Component_New_Node,startSale,New-Component_goqmvzxcla,New-Node_xrsfprumiv,689219730
Move_Component_New_Node,CashBoxController,New-Node_eooitidhaa,,541215024
Move_Operation_Component,scanProduct,AppStore,,288876082
Move_Operation_Component,stopSale,Persistence,,309182776
Move_Operation_New_Component_New_Node,getTransactionContext,New-Component_uljoztollg,New-Node_aknqckkfxt,676454310
Move_Component_New_Node,CashBoxController,New-Node_eooitidhaa,,541677452
Move_Operation_New_Component_New_Node,printRunningTotal,New-Component_bdleuwkuof,New-Node_qdglooxpyy,683793283
UMLCloneNode,EnterpriseClient,EnterpriseClient_mtfdijwwue,,500406153
Move_Operation_New_Component_New_Node,getTransactionContext,New-Component_uljoztollg,New-Node_aknqckkfxt,694282024
Move_Component_New_Node,CashBoxController,New-Node_eooitidhaa,,525581145
Move_Operation_Component,scanProduct,AppStore,,316543109
Move_Operation_New_Component_New_Node,queryOrderById,New-Component_vsxktfsjte,New-Node_qlxgpfklcu,826222863
Move_Operation_New_Component_New_Node,getTransactionContext,New-Component_uljoztollg,New-Node_aknqckkfxt,761365421
Move_Component_New_Node,CashBoxController,New-Node_eooitidhaa,,586815503
Move_Operation_Component,scanProduct,AppStore,,313559945
UMLCloneNode,EnterpriseClient,EnterpriseClient_mtfdijwwue,,478560634
Move_Operation_New_Component_New_Node,getTransactionContext,New-Component_uljoztollg,New-Node_aknqckkfxt,637341909
Move_Component_New_Node,CashBoxController,New-Node_eooitidhaa,,559506118
Move_Operation_Component,scanProduct,AppStore,,331058281
Move_Operation_New_Component_New_Node,getMeanTimeToDelivery,New-Component_xvsfnnanqf,New-Node_mhtxlpnfcq,750428440
Move_Operation_New_Component_New_Node,startSale,New-Component_goqmvzxcla,New-Node_xrsfprumiv,738352122
Move_Component_New_Node,CashBoxController,New-Node_eooitidhaa,,636050608
Move_Operation_Component,scanProduct,AppStore,,321946853
Move_Operation_Component,stopSale,Persistence,,361715104
Move_Operation_New_Component_New_Node,getTransactionContext,New-Component_uljoztollg,New-Node_aknqckkfxt,714201891
Move_Component_New_Node,CashBoxController,New-Node_eooitidhaa,,590368557
Move_Operation_New_Component_New_Node,printRunningTotal,New-Component_bdleuwkuof,New-Node_qdglooxpyy,673410231
Move_Operation_New_Component_New_Node,printRunningTotal,New-Component_rtswylcptz,New-Node_fdbiygrifl,905426951
Move_Operation_New_Component_New_Node,getTransactionContext,New-Component_uljoztollg,New-Node_aknqckkfxt,749197731
Move_Component_New_Node,CashBoxController,New-Node_eooitidhaa,,683822268
Move_Operation_Component,scanProduct,AppStore,,357854594
UMLCloneNode,EnterpriseServer,EnterpriseServer_hohvmutxup,,473225639
Move_Operation_New_Component_New_Node,getTransactionContext,New-Component_uljoztollg,New-Node_aknqckkfxt,735434571
Move_Component_New_Node,CashBoxController,New-Node_eooitidhaa,,651405905
Move_Operation_Component,scanProduct,AppStore,,307000814
Move_Operation_New_Component_New_Node,createReport,New-Component_ksdbyflbjb,New-Node_cmxiglfirg,695338354
Move_Operation_New_Component_New_Node,getTransactionContext,New-Component_uljoztollg,New-Node_aknqckkfxt,775119525
Move_Component_New_Node,CashBoxController,New-Node_eooitidhaa,,662662725
Move_Operation_New_Component_New_Node,printRunningTotal,New-Component_bdleuwkuof,New-Node_qdglooxpyy,687085748
UMLCloneNode,EnterpriseServer,EnterpriseServer_hohvmutxup,,537907141
Move_Operation_New_Component_New_Node,getTransactionContext,New-Component_uljoztollg,New-Node_aknqckkfxt,664590762
Move_Component_New_Node,CashBoxController,New-Node_eooitidhaa,,543639151
UMLCloneNode,CashBox,CashBox_azrwvdpoqk,,499490315
Move_Operation_New_Component_New_Node,printRunningTotal,New-Component_rtswylcptz,New-Node_fdbiygrifl,603520752
Move_Operation_New_Component_New_Node,getTransactionContext,New-Component_uljoztollg,New-Node_aknqckkfxt,669674064
Move_Component_New_Node,CashBoxController,New-Node_eooitidhaa,,514205692
Move_Operation_Component,scanProduct,AppStore,,302905814
Move_Operation_New_Component_New_Node,createReport,New-Component_ksdbyflbjb,New-Node_cmxiglfirg,660586191
Move_Operation_New_Component_New_Node,getTransactionContext,New-Component_uljoztollg,New-Node_aknqckkfxt,819320078
Move_Component_New_Node,CashBoxController,New-Node_eooitidhaa,,634915679
Move_Operation_New_Component_New_Node,printRunningTotal,New-Component_bdleuwkuof,New-Node_qdglooxpyy,765751817
UMLCloneNode,EnterpriseServer,EnterpriseServer_hohvmutxup,,511210225
Move_Operation_New_Component_New_Node,getTransactionContext,New-Component_uljoztollg,New-Node_aknqckkfxt,763771362
Move_Component_New_Node,CashBoxController,New-Node_eooitidhaa,,630507723
Move_Operation_Component,scanProduct,AppStore,,283721866
UMLCloneNode,New-Node_mkrzqbebwf,New-Node_mkrzqbebwf_snqmhkylgz,,269057375
Move_Operation_New_Component_New_Node,getTransactionContext,New-Component_uljoztollg,New-Node_aknqckkfxt,731087528
Move_Component_New_Node,CashBoxController,New-Node_eooitidhaa,,587700763
Move_Operation_Component,scanProduct,AppStore,,310029132
UMLCloneNode,EnterpriseServer,EnterpriseServer_hohvmutxup,,494368650
Move_Operation_New_Component_New_Node,getTransactionContext,New-Component_uljoztollg,New-Node_aknqckkfxt,731689598
Move_Component_New_Node,CashBoxController,New-Node_eooitidhaa,,523101495
Move_Operation_Component,scanProduct,AppStore,,320049294
Move_Operation_New_Component_New_Node,printRunningTotal,New-Component_rtswylcptz,New-Node_fdbiygrifl,710534143
Move_Operation_New_Component_New_Node,getTransactionContext,New-Component_uljoztollg,New-Node_aknqckkfxt,661485237
Move_Component_New_Node,CashBoxController,New-Node_eooitidhaa,,533882363
Move_Operation_Component,scanProduct,AppStore,,285945777
Move_Operation_New_Component_New_Node,rollInReceivedOrder,New-Component_wikswbtpfe,New-Node_pefangtsml,751717968
Move_Operation_New_Component_New_Node,getTransactionContext,New-Component_uljoztollg,New-Node_aknqckkfxt,774692544
Move_Component_New_Node,CashBoxController,New-Node_eooitidhaa,,625949585
Move_Operation_Component,scanProduct,AppStore,,306055161
Move_Operation_New_Component_New_Node,queryOrderById,New-Component_vsxktfsjte,New-Node_qlxgpfklcu,756657672
Move_Operation_New_Component_New_Node,getTransactionContext,New-Component_uljoztollg,New-Node_aknqckkfxt,682239319
Move_Component_New_Node,CashBoxController,New-Node_eooitidhaa,,528703160
Move_Operation_Component,scanProduct,AppStore,,278639876
Move_Operation_New_Component_New_Node,printRunningTotal,New-Component_rtswylcptz,New-Node_fdbiygrifl,686427814
Move_Operation_New_Component_New_Node,getTransactionContext,New-Component_uljoztollg,New-Node_aknqckkfxt,674037839
Move_Component_New_Node,CashBoxController,New-Node_eooitidhaa,,538085576
Move_Operation_Component,scanProduct,AppStore,,358223155
Move_Operation_New_Component_New_Node,queryStockItem,New-Component_eqnuseorjg,New-Node_ddxvkfsoeb,759928796
Move_Operation_New_Component_New_Node,getTransactionContext,New-Component_uljoztollg,New-Node_aknqckkfxt,674174925
Move_Component_New_Node,CashBoxController,New-Node_eooitidhaa,,545664049
Move_Operation_Component,scanProduct,AppStore,,293300430
UMLCloneNode,EnterpriseServer,EnterpriseServer_hohvmutxup,,523664922
Move_Operation_New_Component_New_Node,getTransactionContext,New-Component_uljoztollg,New-Node_aknqckkfxt,673736313
Move_Component_New_Node,CashBoxController,New-Node_eooitidhaa,,528971654
Move_Operation_Component,scanProduct,AppStore,,287214507
Move_Operation_New_Component_New_Node,queryStockItem,New-Component_tkyxaoecte,New-Node_irjhzoozqt,736088327
Move_Operation_New_Component_New_Node,getTransactionContext,New-Component_uljoztollg,New-Node_aknqckkfxt,676503883
Move_Component_New_Node,CashBoxController,New-Node_eooitidhaa,,530795344
Move_Operation_Component,scanProduct,AppStore,,278026626
Move_Operation_New_Component_New_Node,createReport,New-Component_ksdbyflbjb,New-Node_cmxiglfirg,761180093
Move_Operation_New_Component_New_Node,getTransactionContext,New-Component_uljoztollg,New-Node_aknqckkfxt,1153258460
Move_Component_New_Node,CashBoxController,New-Node_eooitidhaa,,643974438
Move_Operation_New_Component_New_Node,printRunningTotal,New-Component_bdleuwkuof,New-Node_qdglooxpyy,771497442
Move_Operation_New_Component_New_Node,queryOrderById,New-Component_vsxktfsjte,New-Node_qlxgpfklcu,756399287
Move_Operation_New_Component_New_Node,getTransactionContext,New-Component_uljoztollg,New-Node_aknqckkfxt,822145266
Move_Component_New_Node,CashBoxController,New-Node_eooitidhaa,,624875309
Move_Operation_Component,scanProduct,AppStore,,352404322
UMLCloneNode,New-Node_mkrzqbebwf,New-Node_mkrzqbebwf_snqmhkylgz,,237231450
Move_Operation_New_Component_New_Node,getTransactionContext,New-Component_uljoztollg,New-Node_aknqckkfxt,689596898
Move_Component_New_Node,CashBoxController,New-Node_eooitidhaa,,526221506
Move_Operation_Component,scanProduct,AppStore,,270954773
Move_Operation_New_Component_New_Node,getEnterpriseByID,New-Component_twltmipvoh,New-Node_smdijwjqqy,678716372
Move_Operation_New_Component_New_Node,getTransactionContext,New-Component_uljoztollg,New-Node_aknqckkfxt,673714622
Move_Component_New_Node,CashBoxController,New-Node_eooitidhaa,,642752576
Move_Operation_New_Component_New_Node,printRunningTotal,New-Component_bdleuwkuof,New-Node_qdglooxpyy,764987894
Move_Operation_New_Component_New_Node,createReport,New-Component_ksdbyflbjb,New-Node_cmxiglfirg,912887362
Move_Operation_New_Component_New_Node,getTransactionContext,New-Component_uljoztollg,New-Node_aknqckkfxt,762946696
Move_Component_New_Node,CashBoxController,New-Node_eooitidhaa,,599964492
Move_Operation_New_Component_New_Node,printRunningTotal,New-Component_bdleuwkuof,New-Node_qdglooxpyy,754441426
Move_Operation_New_Component_New_Node,createReport,New-Component_ksdbyflbjb,New-Node_cmxiglfirg,742756291
Move_Operation_New_Component_New_Node,getTransactionContext,New-Component_uljoztollg,New-Node_aknqckkfxt,665877725
Move_Component_New_Node,CashBoxController,New-Node_eooitidhaa,,533577462
Move_Operation_New_Component_New_Node,printRunningTotal,New-Component_bdleuwkuof,New-Node_qdglooxpyy,703920610
Move_Operation_New_Component_New_Node,queryOrderById,New-Component_vsxktfsjte,New-Node_qlxgpfklcu,686684025
Move_Operation_New_Component_New_Node,getTransactionContext,New-Component_uljoztollg,New-Node_aknqckkfxt,724878945
Move_Component_New_Node,CashBoxController,New-Node_eooitidhaa,,548865332
Move_Operation_Component,scanProduct,AppStore,,309404080
Move_Operation_New_Component_New_Node,queryStockItem,New-Component_eqnuseorjg,New-Node_ddxvkfsoeb,704894797
Move_Operation_New_Component_New_Node,getTransactionContext,New-Component_uljoztollg,New-Node_aknqckkfxt,675291008
Move_Component_New_Node,CashBoxController,New-Node_eooitidhaa,,519876988
Move_Operation_Component,scanProduct,AppStore,,288716373
Move_Operation_New_Component_New_Node,queryStockItem,New-Component_mqfrxexfbd,New-Node_tixzxpqemn,750270283
Move_Operation_New_Component_New_Node,getTransactionContext,New-Component_uljoztollg,New-Node_aknqckkfxt,680125375
Move_Component_New_Node,CashBoxController,New-Node_eooitidhaa,,532897867
Move_Operation_Component,scanProduct,AppStore,,279001685
Move_Operation_New_Component_New_Node,rollInReceivedOrder,New-Component_wikswbtpfe,New-Node_pefangtsml,738819318
Move_Operation_New_Component_New_Node,getTransactionContext,New-Component_uljoztollg,New-Node_aknqckkfxt,671086613
Move_Component_New_Node,CashBoxController,New-Node_eooitidhaa,,650638987
Move_Operation_Component,scanProduct,AppStore,,320071095
Move_Operation_New_Component_New_Node,rollInReceivedOrder,New-Component_wikswbtpfe,New-Node_pefangtsml,682746891
Move_Operation_New_Component_New_Node,getTransactionContext,New-Component_uljoztollg,New-Node_aknqckkfxt,779529235
Move_Component_New_Node,CashBoxController,New-Node_eooitidhaa,,623558961
Move_Operation_Component,scanProduct,AppStore,,334416899
UMLCloneNode,New-Node_mkrzqbebwf,New-Node_mkrzqbebwf_snqmhkylgz,,296417857
Move_Operation_New_Component_New_Node,getTransactionContext,New-Component_uljoztollg,New-Node_aknqckkfxt,711387232
Move_Component_New_Node,CashBoxController,New-Node_eooitidhaa,,594230229
Move_Operation_Component,scanProduct,AppStore,,315940649
Move_Operation_Component,stopSale,Persistence,,307852912
Move_Operation_New_Component_New_Node,getTransactionContext,New-Component_uljoztollg,New-Node_aknqckkfxt,701427664
Move_Component_New_Node,CashBoxController,New-Node_eooitidhaa,,535464601
Move_Operation_New_Component_New_Node,printRunningTotal,New-Component_bdleuwkuof,New-Node_qdglooxpyy,757506684
UMLCloneNode,EnterpriseServer,EnterpriseServer_hohvmutxup,,546455463
Move_Operation_New_Component_New_Node,getTransactionContext,New-Component_uljoztollg,New-Node_aknqckkfxt,665491090
Move_Component_New_Node,CashBoxController,New-Node_eooitidhaa,,521663037
UMLCloneNode,CashBox,CashBox_azrwvdpoqk,,587082634
Move_Operation_New_Component_New_Node,rollInReceivedOrder,New-Component_wikswbtpfe,New-Node_pefangtsml,707595161
Move_Operation_New_Component_New_Node,getTransactionContext,New-Component_uljoztollg,New-Node_aknqckkfxt,750564816
Move_Component_New_Node,CashBoxController,New-Node_eooitidhaa,,610443024
Move_Operation_Component,scanProduct,AppStore,,302726597
Move_Operation_New_Component_New_Node,queryOrderById,New-Component_vsxktfsjte,New-Node_qlxgpfklcu,779520118
Move_Operation_New_Component_New_Node,getTransactionContext,New-Component_uljoztollg,New-Node_aknqckkfxt,683315517
Move_Component_New_Node,CashBoxController,New-Node_eooitidhaa,,576145293
Move_Operation_Component,scanProduct,AppStore,,317879716
Move_Operation_New_Component_New_Node,printRunningTotal,New-Component_xjcvdyxumq,New-Node_tgyzcjhtpf,723657354
Move_Operation_New_Component_New_Node,getTransactionContext,New-Component_uljoztollg,New-Node_aknqckkfxt,1035584236
Move_Component_New_Node,CashBoxController,New-Node_eooitidhaa,,539544121
Move_Operation_New_Component_New_Node,printRunningTotal,New-Component_bdleuwkuof,New-Node_qdglooxpyy,709248111
Move_Operation_New_Component_New_Node,createReport,New-Component_ksdbyflbjb,New-Node_cmxiglfirg,655691011
Move_Operation_New_Component_New_Node,getTransactionContext,New-Component_uljoztollg,New-Node_aknqckkfxt,687962181
Move_Component_New_Node,CashBoxController,New-Node_eooitidhaa,,548721372
Move_Operation_New_Component_New_Node,printRunningTotal,New-Component_bdleuwkuof,New-Node_qdglooxpyy,688713180
Move_Operation_New_Component_New_Node,queryStockItem,New-Component_eqnuseorjg,New-Node_ddxvkfsoeb,606353344
Move_Operation_New_Component_New_Node,getTransactionContext,New-Component_uljoztollg,New-Node_aknqckkfxt,567169951
Move_Component_New_Node,CashBoxController,New-Node_eooitidhaa,,427595234
Move_Operation_Component,scanProduct,AppStore,,274117795
Move_Operation_New_Component_New_Node,queryStockItem,New-Component_eqnuseorjg,New-Node_ddxvkfsoeb,763423841
Move_Operation_New_Component_New_Node,getTransactionContext,New-Component_uljoztollg,New-Node_aknqckkfxt,682815349
Move_Component_New_Node,CashBoxController,New-Node_eooitidhaa,,537667421
Move_Operation_Component,scanProduct,AppStore,,278087420
UMLCloneNode,New-Node_mkrzqbebwf,New-Node_mkrzqbebwf_snqmhkylgz,,270957238
Move_Operation_New_Component_New_Node,getTransactionContext,New-Component_uljoztollg,New-Node_aknqckkfxt,698538887
Move_Component_New_Node,CashBoxController,New-Node_eooitidhaa,,565565000
Move_Operation_Component,scanProduct,AppStore,,300046011
Move_Operation_New_Component_New_Node,queryOrderById,New-Component_vsxktfsjte,New-Node_qlxgpfklcu,689469789
Move_Operation_New_Component_New_Node,getTransactionContext,New-Component_uljoztollg,New-Node_aknqckkfxt,671004580
Move_Component_New_Node,CashBoxController,New-Node_eooitidhaa,,547199338
Move_Operation_Component,scanProduct,AppStore,,331181422
Move_Operation_New_Component_New_Node,productBarCodeScannedEvent,New-Component_qzxoafepaa,New-Node_zltjwazyni,739880559
Move_Operation_New_Component_New_Node,getTransactionContext,New-Component_uljoztollg,New-Node_aknqckkfxt,666725455
Move_Component_New_Node,CashBoxController,New-Node_eooitidhaa,,537689373
Move_Operation_Component,scanProduct,AppStore,,297928259
Move_Operation_Component,createReport,ScannerController,,352895834
Move_Operation_New_Component_New_Node,getTransactionContext,New-Component_uljoztollg,New-Node_aknqckkfxt,642857443
Move_Component_New_Node,CashBoxController,New-Node_eooitidhaa,,522671278
UMLCloneNode,CashBox,CashBox_azrwvdpoqk,,458992426
Move_Operation_Component,queryStockItem,CashDeskApplication,,372959752
Move_Operation_New_Component_New_Node,getTransactionContext,New-Component_uljoztollg,New-Node_aknqckkfxt,683007319
Move_Component_New_Node,CashBoxController,New-Node_eooitidhaa,,574833342
Move_Operation_New_Component_New_Node,printRunningTotal,New-Component_bdleuwkuof,New-Node_qdglooxpyy,667244478
UMLCloneNode,CashBox,CashBox_famhmfnbtu,,487412324
Move_Operation_New_Component_New_Node,getTransactionContext,New-Component_uljoztollg,New-Node_aknqckkfxt,550312225
Move_Component_New_Node,CashBoxController,New-Node_eooitidhaa,,618695800
Move_Operation_Component,scanProduct,AppStore,,312408155
Move_Operation_New_Component_New_Node,createReport,New-Component_ksdbyflbjb,New-Node_cmxiglfirg,732919223
Move_Operation_New_Component_New_Node,getTransactionContext,New-Component_uljoztollg,New-Node_aknqckkfxt,837936571
Move_Component_New_Node,CashBoxController,New-Node_eooitidhaa,,574257162
Move_Operation_New_Component_New_Node,printRunningTotal,New-Component_bdleuwkuof,New-Node_qdglooxpyy,784379781
UMLCloneNode,EnterpriseServer,EnterpriseServer_hohvmutxup,,492634357
Move_Operation_New_Component_New_Node,getTransactionContext,New-Component_uljoztollg,New-Node_aknqckkfxt,666119228
Move_Component_New_Node,CashBoxController,New-Node_eooitidhaa,,561958056
UMLCloneNode,CashBox,CashBox_azrwvdpoqk,,500039014
Move_Operation_New_Component_New_Node,createReport,New-Component_ksdbyflbjb,New-Node_cmxiglfirg,731936309
Move_Operation_New_Component_New_Node,getTransactionContext,New-Component_uljoztollg,New-Node_aknqckkfxt,780305000
Move_Component_New_Node,CashBoxController,New-Node_eooitidhaa,,690242007
Move_Operation_New_Component_New_Node,printRunningTotal,New-Component_bdleuwkuof,New-Node_qdglooxpyy,761066590
Move_Operation_New_Component_New_Node,rollInReceivedOrder,New-Component_wikswbtpfe,New-Node_pefangtsml,729822316
Move_Operation_New_Component_New_Node,getTransactionContext,New-Component_uljoztollg,New-Node_aknqckkfxt,699449785
Move_Component_New_Node,CashBoxController,New-Node_eooitidhaa,,633598489
Move_Operation_Component,scanProduct,AppStore,,295243735
Move_Operation_New_Component_New_Node,saleStartedEvent,New-Component_zjtioiptwd,New-Node_mjbaopfhig,654024816
Move_Operation_New_Component_New_Node,getTransactionContext,New-Component_uljoztollg,New-Node_aknqckkfxt,559966812
Move_Component_New_Node,CashBoxController,New-Node_eooitidhaa,,441340101
Move_Operation_Component,scanProduct,AppStore,,250112075
Move_Operation_New_Component_New_Node,createReport,New-Component_ksdbyflbjb,New-Node_cmxiglfirg,630124333
Move_Operation_New_Component_New_Node,getTransactionContext,New-Component_uljoztollg,New-Node_aknqckkfxt,554380796
Move_Component_New_Node,CashBoxController,New-Node_eooitidhaa,,430426965
Move_Operation_New_Component_New_Node,printRunningTotal,New-Component_bdleuwkuof,New-Node_qdglooxpyy,575271233
Move_Operation_New_Component_New_Node,rollInReceivedOrder,New-Component_wikswbtpfe,New-Node_pefangtsml,739285252
Move_Operation_New_Component_New_Node,getTransactionContext,New-Component_uljoztollg,New-Node_aknqckkfxt,973120663
Move_Component_New_Node,CashBoxController,New-Node_eooitidhaa,,627815013
Move_Operation_Component,scanProduct,AppStore,,312254135
Move_Operation_New_Component_New_Node,queryStockItem,New-Component_tlpbytggme,New-Node_vbwtxrwfjd,759495815
Move_Operation_New_Component_New_Node,getTransactionContext,New-Component_uljoztollg,New-Node_aknqckkfxt,680407033
Move_Component_New_Node,CashBoxController,New-Node_eooitidhaa,,540122155
Move_Operation_Component,scanProduct,AppStore,,288754044
Move_Operation_New_Component_New_Node,rollInReceivedOrder,New-Component_wikswbtpfe,New-Node_pefangtsml,751729049
Move_Operation_New_Component_New_Node,getTransactionContext,New-Component_uljoztollg,New-Node_aknqckkfxt,645724540
Move_Component_New_Node,CashBoxController,New-Node_eooitidhaa,,520278510
Move_Operation_Component,scanProduct,AppStore,,275457919
Move_Operation_New_Component_New_Node,enterOrderID,New-Component_isniyzizuf,New-Node_nrivraaclk,750233795
Move_Operation_New_Component_New_Node,getTransactionContext,New-Component_uljoztollg,New-Node_aknqckkfxt,675702100
Move_Component_New_Node,CashBoxController,New-Node_eooitidhaa,,539157135
Move_Operation_Component,scanProduct,AppStore,,328349971
Move_Operation_New_Component_New_Node,productBarCodeScannedEvent,New-Component_qzxoafepaa,New-Node_zltjwazyni,646203268
Move_Operation_New_Component_New_Node,getTransactionContext,New-Component_uljoztollg,New-Node_aknqckkfxt,568682557
Move_Component_New_Node,CashBoxController,New-Node_eooitidhaa,,484355642
Move_Operation_Component,scanProduct,AppStore,,280198890
UMLCloneNode,New-Node_mkrzqbebwf,New-Node_mkrzqbebwf_snqmhkylgz,,287739982
Move_Operation_New_Component_New_Node,getTransactionContext,New-Component_uljoztollg,New-Node_aknqckkfxt,641215103
Move_Component_New_Node,CashBoxController,New-Node_eooitidhaa,,507586489
Move_Operation_Component,scanProduct,AppStore,,293346066
UMLCloneNode,EnterpriseServer,EnterpriseServer_hohvmutxup,,454268066
Move_Operation_New_Component_New_Node,getTransactionContext,New-Component_uljoztollg,New-Node_aknqckkfxt,553591666
Move_Component_New_Node,CashBoxController,New-Node_eooitidhaa,,514243483
UMLCloneNode,CashBox,CashBox_azrwvdpoqk,,482537953
UMLCloneNode,New-Node_mkrzqbebwf,New-Node_mkrzqbebwf_snqmhkylgz,,240206138
Move_Operation_New_Component_New_Node,getTransactionContext,New-Component_uljoztollg,New-Node_aknqckkfxt,717184485
Move_Component_New_Node,CashBoxController,New-Node_eooitidhaa,,532596181
Move_Operation_Component,scanProduct,AppStore,,280339814
Move_Operation_New_Component_New_Node,rollInReceivedOrder,New-Component_wikswbtpfe,New-Node_pefangtsml,737206374
Move_Operation_New_Component_New_Node,getTransactionContext,New-Component_uljoztollg,New-Node_aknqckkfxt,778477632
Move_Component_New_Node,CashBoxController,New-Node_eooitidhaa,,602389720
Move_Operation_Component,scanProduct,AppStore,,320448714
Move_Operation_New_Component_New_Node,saleStartedEvent,New-Component_zjtioiptwd,New-Node_mjbaopfhig,746504982
Move_Operation_New_Component_New_Node,getTransactionContext,New-Component_uljoztollg,New-Node_aknqckkfxt,767349102
Move_Component_New_Node,CashBoxController,New-Node_eooitidhaa,,592437336
Move_Operation_Component,scanProduct,AppStore,,283948482
Move_Operation_Component,createReport,ScannerController,,337161847
Move_Operation_New_Component_New_Node,getTransactionContext,New-Component_uljoztollg,New-Node_aknqckkfxt,694561307
Move_Component_New_Node,CashBoxController,New-Node_eooitidhaa,,525497619
UMLCloneNode,CashBox,CashBox_azrwvdpoqk,,499016416
Move_Operation_New_Component_New_Node,queryOrderById,New-Component_vuuprlbhcz,New-Node_acvbajizwq,722635998
Move_Operation_New_Component_New_Node,getTransactionContext,New-Component_uljoztollg,New-Node_aknqckkfxt,678925133
Move_Component_New_Node,CashBoxController,New-Node_eooitidhaa,,550195907
UMLCloneNode,CashBox,CashBox_azrwvdpoqk,,489392207
Move_Operation_Component,queryStockItem,CashDeskApplication,,382143365
Move_Operation_New_Component_New_Node,getTransactionContext,New-Component_uljoztollg,New-Node_aknqckkfxt,732002043
Move_Component_New_Node,CashBoxController,New-Node_eooitidhaa,,629967199
Move_Operation_New_Component_New_Node,printRunningTotal,New-Component_bdleuwkuof,New-Node_qdglooxpyy,797696976
UMLCloneNode,EnterpriseServer,EnterpriseServer_hohvmutxup,,530628942
Move_Operation_New_Component_New_Node,getTransactionContext,New-Component_uljoztollg,New-Node_aknqckkfxt,662486414
Move_Component_New_Node,CashBoxController,New-Node_eooitidhaa,,525996744
UMLCloneNode,CashBox,CashBox_azrwvdpoqk,,467070005
UMLCloneNode,EnterpriseServer,EnterpriseServer_hohvmutxup,,551972599
Move_Operation_New_Component_New_Node,getTransactionContext,New-Component_uljoztollg,New-Node_aknqckkfxt,709696893
Move_Component_New_Node,CashBoxController,New-Node_eooitidhaa,,544328905
UMLCloneNode,CashBox,CashBox_azrwvdpoqk,,544064448
Move_Operation_New_Component_New_Node,printRunningTotal,New-Component_xjcvdyxumq,New-Node_tgyzcjhtpf,742179339
Move_Operation_New_Component_New_Node,getTransactionContext,New-Component_uljoztollg,New-Node_aknqckkfxt,653473032
Move_Component_New_Node,CashBoxController,New-Node_eooitidhaa,,518607647
Move_Operation_New_Component_New_Node,printRunningTotal,New-Component_bdleuwkuof,New-Node_qdglooxpyy,597066107
Move_Operation_Component,queryStockItem,CashDeskApplication,,278782023
Move_Operation_New_Component_New_Node,getTransactionContext,New-Component_uljoztollg,New-Node_aknqckkfxt,726069177
Move_Component_New_Node,CashBoxController,New-Node_eooitidhaa,,578030738
UMLCloneNode,CashBox,CashBox_azrwvdpoqk,,913036402
UMLCloneNode,CashBox,CashBox_famhmfnbtu,,574541945
Move_Operation_New_Component_New_Node,getTransactionContext,New-Component_uljoztollg,New-Node_aknqckkfxt,640107917
Move_Component_New_Node,CashBoxController,New-Node_eooitidhaa,,515670930
UMLCloneNode,CashBox,CashBox_azrwvdpoqk,,553811468
Move_Operation_New_Component_New_Node,productBarCodeScannedEvent,New-Component_qzxoafepaa,New-Node_zltjwazyni,789734594
Move_Operation_New_Component_New_Node,getTransactionContext,New-Component_uljoztollg,New-Node_aknqckkfxt,667015439
Move_Component_New_Node,CashBoxController,New-Node_eooitidhaa,,548344495
Move_Operation_Component,scanProduct,AppStore,,278609148
Move_Operation_Component,stopSale,Persistence,,327767038
Move_Operation_New_Component_New_Node,getTransactionContext,New-Component_uljoztollg,New-Node_aknqckkfxt,689156341
Move_Component_New_Node,CashBoxController,New-Node_eooitidhaa,,537143649
UMLCloneNode,CashBox,CashBox_azrwvdpoqk,,467576985
UMLCloneNode,EnterpriseServer,EnterpriseServer_hohvmutxup,,476097555
Move_Operation_New_Component_New_Node,getTransactionContext,New-Component_uljoztollg,New-Node_aknqckkfxt,705997976
Move_Component_New_Node,CashBoxController,New-Node_eooitidhaa,,578903695
UMLCloneNode,CashBox,CashBox_azrwvdpoqk,,547506824
Move_Operation_New_Component_New_Node,rollInReceivedOrder,New-Component_wikswbtpfe,New-Node_pefangtsml,758615894
Move_Operation_New_Component_New_Node,getTransactionContext,New-Component_uljoztollg,New-Node_aknqckkfxt,792979720
Move_Component_New_Node,CashBoxController,New-Node_eooitidhaa,,619708981
Move_Operation_Component,scanProduct,AppStore,,314145924
Move_Operation_Component,createReport,ScannerController,,311189579
Move_Operation_New_Component_New_Node,getTransactionContext,New-Component_uljoztollg,New-Node_aknqckkfxt,648630630
Move_Component_New_Node,CashBoxController,New-Node_eooitidhaa,,522744906
UMLCloneNode,CashBox,CashBox_azrwvdpoqk,,463503956
Move_Operation_Component,createReport,ScannerController,,331792858
Move_Operation_New_Component_New_Node,getTransactionContext,New-Component_uljoztollg,New-Node_aknqckkfxt,660960483
Move_Component_New_Node,CashBoxController,New-Node_eooitidhaa,,513569779
UMLCloneNode,CashBox,CashBox_azrwvdpoqk,,458254372
UMLCloneNode,New-Node_mkrzqbebwf,New-Node_mkrzqbebwf_snqmhkylgz,,252307143
Move_Operation_New_Component_New_Node,getTransactionContext,New-Component_uljoztollg,New-Node_aknqckkfxt,686467328
Move_Component_New_Node,CashBoxController,New-Node_eooitidhaa,,527458696
Move_Operation_Component,scanProduct,AppStore,,276361784
UMLCloneNode,BarCodeScanner,BarCodeScanner_ekcxnmapen,,521773535
Move_Operation_New_Component_New_Node,getTransactionContext,New-Component_uljoztollg,New-Node_aknqckkfxt,659348670
Move_Component_New_Node,CashBoxController,New-Node_eooitidhaa,,511885180
Move_Operation_Component,scanProduct,AppStore,,312370795
Move_Operation_New_Component_New_Node,queryOrderById,New-Component_vsxktfsjte,New-Node_qlxgpfklcu,859501433
Move_Operation_New_Component_New_Node,getTransactionContext,New-Component_uljoztollg,New-Node_aknqckkfxt,770316558
Move_Component_New_Node,CashBoxController,New-Node_eooitidhaa,,589417903
Move_Operation_Component,scanProduct,AppStore,,325718537
Move_Operation_New_Component_New_Node,rollInReceivedOrder,New-Component_wikswbtpfe,New-Node_pefangtsml,746786480
Move_Operation_New_Component_New_Node,getTransactionContext,New-Component_uljoztollg,New-Node_aknqckkfxt,741544028
Move_Component_New_Node,CashBoxController,New-Node_eooitidhaa,,621905410
Move_Operation_Component,scanProduct,AppStore,,281284536
UMLCloneNode,EnterpriseServer,EnterpriseServer_hohvmutxup,,528497565
Move_Operation_New_Component_New_Node,getTransactionContext,New-Component_uljoztollg,New-Node_aknqckkfxt,656074610
Move_Component_New_Node,CashBoxController,New-Node_eooitidhaa,,524203602
UMLCloneNode,CashBox,CashBox_azrwvdpoqk,,458390647
UMLCloneNode,New-Node_mkrzqbebwf,New-Node_mkrzqbebwf_snqmhkylgz,,294582204
Move_Operation_New_Component_New_Node,getTransactionContext,New-Component_uljoztollg,New-Node_aknqckkfxt,707731737
Move_Component_New_Node,CashBoxController,New-Node_eooitidhaa,,567400021
Move_Operation_Component,scanProduct,AppStore,,291341296
Move_Operation_New_Component_New_Node,rollInReceivedOrder,New-Component_wikswbtpfe,New-Node_pefangtsml,751448793
Move_Operation_New_Component_New_Node,getTransactionContext,New-Component_uljoztollg,New-Node_aknqckkfxt,661782935
Move_Component_New_Node,CashBoxController,New-Node_eooitidhaa,,531975036
Move_Operation_Component,scanProduct,AppStore,,292475613
UMLCloneNode,CashBox,CashBox_famhmfnbtu,,442894496
UMLCloneNode,StoreServer,StoreServer_znfwxhbwxs,,366988413
Move_Component_New_Node,CashBoxController,New-Node_eooitidhaa,,484870067
Move_Operation_Component,scanProduct,AppStore,,264477887
Move_Operation_New_Component_New_Node,printRunningTotal,New-Component_xjcvdyxumq,New-Node_tgyzcjhtpf,762758193
Move_Operation_New_Component_New_Node,getTransactionContext,New-Component_uljoztollg,New-Node_aknqckkfxt,881427824
Move_Component_New_Node,CashBoxController,New-Node_eooitidhaa,,528535906
Move_Operation_New_Component_New_Node,printRunningTotal,New-Component_bdleuwkuof,New-Node_qdglooxpyy,662475865
Move_Operation_Component,queryStockItem,CashDeskApplication,,358487872
Move_Operation_New_Component_New_Node,getTransactionContext,New-Component_uljoztollg,New-Node_aknqckkfxt,678337802
Move_Component_New_Node,CashBoxController,New-Node_qhsovwcuak,,525788023
UMLCloneNode,CashBox,CashBox_azrwvdpoqk,,456572628
Move_Operation_New_Component_New_Node,productBarCodeScannedEvent,New-Component_qzxoafepaa,New-Node_zltjwazyni,690832645
Move_Operation_New_Component_New_Node,getTransactionContext,New-Component_uljoztollg,New-Node_aknqckkfxt,687433140
Move_Component_New_Node,CashBoxController,New-Node_eooitidhaa,,527510384
Move_Operation_Component,scanProduct,AppStore,,277378891
Move_Operation_Component,createReport,ScannerController,,323327412
Move_Operation_New_Component_New_Node,getTransactionContext,New-Component_uljoztollg,New-Node_aknqckkfxt,680450734
Move_Component_New_Node,CashBoxController,New-Node_eooitidhaa,,527588791
UMLCloneNode,CashBox,CashBox_azrwvdpoqk,,498706114
Move_Operation_New_Component_New_Node,printRunningTotal,New-Component_xjcvdyxumq,New-Node_tgyzcjhtpf,686497254
Move_Operation_New_Component_New_Node,getTransactionContext,New-Component_uljoztollg,New-Node_aknqckkfxt,681643341
Move_Component_New_Node,CashBoxController,New-Node_eooitidhaa,,556493518
Move_Operation_New_Component_New_Node,printRunningTotal,New-Component_bdleuwkuof,New-Node_qdglooxpyy,742202252
Move_Operation_New_Component_New_Node,queryOrderById,New-Component_vsxktfsjte,New-Node_qlxgpfklcu,819622115
Move_Operation_New_Component_New_Node,getTransactionContext,New-Component_uljoztollg,New-Node_aknqckkfxt,798418449
Move_Component_New_Node,CashBoxController,New-Node_eooitidhaa,,653390497
Move_Operation_Component,scanProduct,AppStore,,310748953
UMLCloneNode,EnterpriseServer,EnterpriseServer_hohvmutxup,,495432044
Move_Operation_New_Component_New_Node,getTransactionContext,New-Component_uljoztollg,New-Node_aknqckkfxt,699641114
UMLCloneNode,LightDisplay,LightDisplay_jqcogzikri,,518240319
UMLCloneNode,CashBox,CashBox_azrwvdpoqk,,514891118
Move_Operation_Component,createReport,ScannerController,,285938183
Move_Operation_New_Component_New_Node,getTransactionContext,New-Component_uljoztollg,New-Node_aknqckkfxt,699389462
Move_Component_New_Node,CashBoxController,New-Node_eooitidhaa,,568778427
UMLCloneNode,CashBox,CashBox_azrwvdpoqk,,464915664
Move_Operation_Component,stopSale,PrinterController,,307151807
Move_Operation_New_Component_New_Node,getTransactionContext,New-Component_uljoztollg,New-Node_aknqckkfxt,670154475
Move_Component_New_Node,CashBoxController,New-Node_eooitidhaa,,531906978
UMLCloneNode,CashBox,CashBox_azrwvdpoqk,,471817859
Move_Operation_New_Component_New_Node,queryOrderById,New-Component_vsxktfsjte,New-Node_qlxgpfklcu,718600430
Move_Operation_New_Component_New_Node,getTransactionContext,New-Component_uljoztollg,New-Node_aknqckkfxt,686083949
Move_Component_New_Node,CashBoxController,New-Node_eooitidhaa,,553802421
Move_Operation_Component,scanProduct,AppStore,,304682856
Move_Operation_Component,queryStockItem,CashDeskApplication,,332465851
Move_Operation_New_Component_New_Node,getTransactionContext,New-Component_uljoztollg,New-Node_aknqckkfxt,676792935
Move_Component_New_Node,CashBoxController,New-Node_eooitidhaa,,534393843
Move_Operation_New_Component_New_Node,printRunningTotal,New-Component_bdleuwkuof,New-Node_qdglooxpyy,709730495
Move_Operation_Component,queryStockItem,CashDeskApplication,,340851737
Move_Operation_New_Component_New_Node,getTransactionContext,New-Component_uljoztollg,New-Node_aknqckkfxt,565660870
Move_Component_New_Node,CashBoxController,New-Node_eooitidhaa,,413882257
UMLCloneNode,CashBox,CashBox_azrwvdpoqk,,358860069
Move_Operation_New_Component_New_Node,productBarCodeScannedEvent,New-Component_qzxoafepaa,New-Node_zltjwazyni,621009079
Move_Operation_New_Component_New_Node,getTransactionContext,New-Component_uljoztollg,New-Node_aknqckkfxt,659364320
Move_Component_New_Node,CashBoxController,New-Node_eooitidhaa,,547178359
Move_Operation_Component,scanProduct,AppStore,,296986002
Move_Operation_Component,queryStockItem,CashDeskApplication,,346651734
Move_Operation_New_Component_New_Node,getTransactionContext,New-Component_uljoztollg,New-Node_aknqckkfxt,658796706
Move_Component_New_Node,CashBoxController,New-Node_eooitidhaa,,557160248
UMLCloneNode,CashBox,CashBox_azrwvdpoqk,,478956917
Move_Operation_Component,createReport,ScannerController,,306791921
Move_Operation_New_Component_New_Node,getTransactionContext,New-Component_uljoztollg,New-Node_aknqckkfxt,669150472
Move_Component_New_Node,CashBoxController,New-Node_eooitidhaa,,556479572
UMLCloneNode,CashBox,CashBox_azrwvdpoqk,,536527594
Move_Operation_New_Component_New_Node,getMeanTimeToDelivery,New-Component_yogkmqzuvj,New-Node_dwrskzgakv,787255064
Move_Operation_New_Component_New_Node,getTransactionContext,New-Component_uljoztollg,New-Node_aknqckkfxt,699874862
Move_Component_New_Node,CashBoxController,New-Node_eooitidhaa,,669815049
Move_Operation_Component,scanProduct,AppStore,,317003462
Move_Operation_Component,queryStockItem,CashDeskApplication,,295054680
Move_Operation_New_Component_New_Node,getTransactionContext,New-Component_uljoztollg,New-Node_aknqckkfxt,879251151
Move_Component_New_Node,CashBoxController,New-Node_eooitidhaa,,516773578
UMLCloneNode,CashDeskPC,CashDeskPC_cpktzaatjg,,474323097
Move_Operation_Component,createReport,ScannerController,,339989730
Move_Operation_New_Component_New_Node,getTransactionContext,New-Component_uljoztollg,New-Node_aknqckkfxt,712028084
Move_Component_New_Node,CashBoxController,New-Node_eooitidhaa,,547748588
UMLCloneNode,CashBox,CashBox_azrwvdpoqk,,501693748
Move_Operation_Component,stopSale,Persistence,,319030725
Move_Operation_New_Component_New_Node,getTransactionContext,New-Component_uljoztollg,New-Node_aknqckkfxt,656381185
Move_Component_New_Node,CashBoxController,New-Node_eooitidhaa,,529108320
UMLCloneNode,CashBox,CashBox_azrwvdpoqk,,465063823
Move_Operation_New_Component_New_Node,printRunningTotal,New-Component_xjcvdyxumq,New-Node_tgyzcjhtpf,710541266
Move_Operation_New_Component_New_Node,getTransactionContext,New-Component_uljoztollg,New-Node_aknqckkfxt,685259053
Move_Component_New_Node,CashBoxController,New-Node_eooitidhaa,,571705966
Move_Operation_New_Component_New_Node,printRunningTotal,New-Component_bdleuwkuof,New-Node_qdglooxpyy,680283491
Move_Operation_New_Component_New_Node,rollInReceivedOrder,New-Component_wikswbtpfe,New-Node_pefangtsml,851410409
Move_Operation_New_Component_New_Node,getTransactionContext,New-Component_uljoztollg,New-Node_aknqckkfxt,768448314
Move_Component_New_Node,CashBoxController,New-Node_eooitidhaa,,587132377
Move_Operation_Component,scanProduct,AppStore,,320236215
Move_Operation_New_Component_New_Node,printRunningTotal,New-Component_xjcvdyxumq,New-Node_tgyzcjhtpf,695881884
Move_Operation_New_Component_New_Node,getTransactionContext,New-Component_uljoztollg,New-Node_aknqckkfxt,657235498
Move_Component_New_Node,CashBoxController,New-Node_eooitidhaa,,526895420
Move_Operation_New_Component_New_Node,printRunningTotal,New-Component_bdleuwkuof,New-Node_qdglooxpyy,659887741
Move_Operation_New_Component_New_Node,printRunningTotal,New-Component_xjcvdyxumq,New-Node_tgyzcjhtpf,732077996
Move_Operation_New_Component_New_Node,getTransactionContext,New-Component_uljoztollg,New-Node_aknqckkfxt,826586956
Move_Component_New_Node,CashBoxController,New-Node_eooitidhaa,,623706508
Move_Operation_New_Component_New_Node,printRunningTotal,New-Component_bdleuwkuof,New-Node_qdglooxpyy,757309615
Move_Operation_New_Component_New_Node,printRunningTotal,New-Component_xjcvdyxumq,New-Node_tgyzcjhtpf,716137321
Move_Operation_New_Component_New_Node,getTransactionContext,New-Component_uljoztollg,New-Node_aknqckkfxt,702667460
Move_Component_New_Node,CashBoxController,New-Node_eooitidhaa,,544974906
Move_Operation_New_Component_New_Node,printRunningTotal,New-Component_bdleuwkuof,New-Node_qdglooxpyy,722344381
UMLCloneNode,EnterpriseServer,EnterpriseServer_hohvmutxup,,542940130
Move_Operation_New_Component_New_Node,getTransactionContext,New-Component_uljoztollg,New-Node_aknqckkfxt,670999139
UMLCloneNode,LightDisplay,LightDisplay_jqcogzikri,,465252035
UMLCloneNode,CashBox,CashBox_azrwvdpoqk,,460437045
UMLCloneNode,CashBox,CashBox_famhmfnbtu,,491025511
UMLCloneNode,Printer,Printer_pzehzlugzk,,456437344
Move_Component_New_Node,CashBoxController,New-Node_eooitidhaa,,517880023
Move_Operation_Component,scanProduct,AppStore,,267922177
UMLCloneNode,CashBox,CashBox_famhmfnbtu,,494600405
Move_Operation_New_Component_New_Node,getTransactionContext,New-Component_uljoztollg,New-Node_aknqckkfxt,648720248
Move_Component_New_Node,CashBoxController,New-Node_eooitidhaa,,519352965
Move_Operation_Component,scanProduct,AppStore,,298122895
Move_Operation_Component,printRunningTotal,AppStore,,314790923
Move_Operation_New_Component_New_Node,getTransactionContext,New-Component_uljoztollg,New-Node_aknqckkfxt,651789234
Move_Component_New_Node,CashBoxController,New-Node_eooitidhaa,,604079008
Move_Operation_New_Component_New_Node,printRunningTotal,New-Component_bdleuwkuof,New-Node_qdglooxpyy,819987189
Move_Operation_Component,queryStockItem,CashDeskApplication,,287540779
Move_Operation_New_Component_New_Node,getTransactionContext,New-Component_uljoztollg,New-Node_aknqckkfxt,669250080
Move_Component_New_Node,CashBoxController,New-Node_eooitidhaa,,523912175
Move_Operation_New_Component_New_Node,printRunningTotal,New-Component_bdleuwkuof,New-Node_qdglooxpyy,677522784
Move_Operation_New_Component_New_Node,getMeanTimeToDelivery,New-Component_yogkmqzuvj,New-Node_dwrskzgakv,738651424
Move_Operation_New_Component_New_Node,getTransactionContext,New-Component_uljoztollg,New-Node_aknqckkfxt,666890554
Move_Component_New_Node,CashBoxController,New-Node_eooitidhaa,,513244609
Move_Operation_Component,scanProduct,AppStore,,285719664
Move_Operation_Component,stopSale,Persistence,,369320256
Move_Operation_New_Component_New_Node,getTransactionContext,New-Component_uljoztollg,New-Node_aknqckkfxt,713901508
Move_Component_New_Node,CashBoxController,New-Node_eooitidhaa,,550644589
Move_Operation_New_Component_New_Node,printRunningTotal,New-Component_bdleuwkuof,New-Node_qdglooxpyy,801060183
UMLCloneNode,BarCodeScanner,BarCodeScanner_ekcxnmapen,,582869092
Move_Operation_New_Component_New_Node,getTransactionContext,New-Component_uljoztollg,New-Node_aknqckkfxt,691699991
Move_Component_New_Node,CashBoxController,New-Node_eooitidhaa,,538852243
Move_Operation_Component,scanProduct,AppStore,,309254901
Move_Operation_Component,queryStockItem,CashDeskApplication,,326537622
Move_Operation_New_Component_New_Node,getTransactionContext,New-Component_uljoztollg,New-Node_aknqckkfxt,942748002
Move_Component_New_Node,CashBoxController,New-Node_eooitidhaa,,441532723
Move_Operation_New_Component_New_Node,printRunningTotal,New-Component_bdleuwkuof,New-Node_qdglooxpyy,628552075
UMLCloneNode,CashBox,CashBox_famhmfnbtu,,495311919
Move_Operation_New_Component_New_Node,getTransactionContext,New-Component_uljoztollg,New-Node_aknqckkfxt,663630280
Move_Component_New_Node,CashBoxController,New-Node_eooitidhaa,,542495787
Move_Operation_Component,scanProduct,AppStore,,297465472
Move_Operation_Component,queryStockItem,CashDeskGUI,,319603839
Move_Operation_New_Component_New_Node,getTransactionContext,New-Component_uljoztollg,New-Node_aknqckkfxt,657190463
Move_Component_New_Node,CashBoxController,New-Node_eooitidhaa,,527755513
UMLCloneNode,CashBox,CashBox_azrwvdpoqk,,565348103
Move_Operation_Component,stopSale,Persistence,,303866475
Move_Operation_New_Component_New_Node,getTransactionContext,New-Component_uljoztollg,New-Node_aknqckkfxt,639774912
Move_Component_New_Node,CashBoxController,New-Node_eooitidhaa,,511481423
Move_Operation_New_Component_New_Node,printRunningTotal,New-Component_bdleuwkuof,New-Node_qdglooxpyy,655526492
Move_Operation_New_Component_New_Node,printRunningTotal,New-Component_xjcvdyxumq,New-Node_tgyzcjhtpf,698452886
Move_Operation_New_Component_New_Node,getTransactionContext,New-Component_uljoztollg,New-Node_aknqckkfxt,667884799
Move_Component_New_Node,CashBoxController,New-Node_eooitidhaa,,540242731
Move_Operation_New_Component_New_Node,printRunningTotal,New-Component_bdleuwkuof,New-Node_qdglooxpyy,681769959
Move_Operation_Component,queryStockItem,CashDeskApplication,,335596501
Move_Operation_New_Component_New_Node,getTransactionContext,New-Component_uljoztollg,New-Node_aknqckkfxt,689815928
Move_Component_New_Node,CashBoxController,New-Node_eooitidhaa,,531080840
Move_Operation_New_Component_New_Node,printRunningTotal,New-Component_bdleuwkuof,New-Node_qdglooxpyy,684641454
UMLCloneNode,CashBox,CashBox_famhmfnbtu,,512550939
Move_Operation_New_Component_New_Node,getTransactionContext,New-Component_uljoztollg,New-Node_aknqckkfxt,691020788
Move_Component_New_Node,CashBoxController,New-Node_eooitidhaa,,595798640
Move_Operation_Component,scanProduct,AppStore,,313838366
Move_Operation_Component,queryStockItem,CashDeskApplication,,385721014
Move_Operation_New_Component_New_Node,getTransactionContext,New-Component_uljoztollg,New-Node_aknqckkfxt,692332197
Move_Component_New_Node,CashBoxController,New-Node_eooitidhaa,,543222510
Move_Operation_New_Component_New_Node,printRunningTotal,New-Component_bdleuwkuof,New-Node_qdglooxpyy,660703642
Move_Operation_Component,createReport,ScannerController,,331782810
Move_Operation_New_Component_New_Node,getTransactionContext,New-Component_uljoztollg,New-Node_aknqckkfxt,752221702
Move_Component_New_Node,CashBoxController,New-Node_eooitidhaa,,586208515
UMLCloneNode,CashBox,CashBox_azrwvdpoqk,,550714580
UMLCloneNode,EnterpriseServer,EnterpriseServer_hohvmutxup,,577383835
Move_Component_New_Node,Persistence,New-Node_ikkzzlfams,,605160617
UMLCloneNode,LightDisplay,LightDisplay_jqcogzikri,,513842170
UMLCloneNode,CashBox,CashBox_azrwvdpoqk,,534256585
Move_Operation_New_Component_New_Node,printRunningTotal,New-Component_xjcvdyxumq,New-Node_tgyzcjhtpf,664039407
Move_Operation_New_Component_New_Node,getTransactionContext,New-Component_uljoztollg,New-Node_aknqckkfxt,654560641
Move_Component_New_Node,CashBoxController,New-Node_eooitidhaa,,532204677
Move_Operation_New_Component_New_Node,printRunningTotal,New-Component_bdleuwkuof,New-Node_qdglooxpyy,678672039
UMLCloneNode,EnterpriseServer,EnterpriseServer_hohvmutxup,,548807905
Move_Operation_New_Component_New_Node,getTransactionContext,New-Component_uljoztollg,New-Node_aknqckkfxt,778825715
UMLCloneNode,LightDisplay,LightDisplay_jqcogzikri,,597478220
UMLCloneNode,CashBox,CashBox_azrwvdpoqk,,518711141
Move_Operation_Component,queryStockItem,CashDeskApplication,,364739325
Move_Operation_New_Component_New_Node,getTransactionContext,New-Component_uljoztollg,New-Node_aknqckkfxt,694212343
Move_Component_New_Node,CashBoxController,New-Node_eooitidhaa,,634407386
UMLCloneNode,CashDeskPC,CashDeskPC_cpktzaatjg,,404500041
Move_Operation_Component,createReport,ScannerController,,367312091
Move_Operation_New_Component_New_Node,getTransactionContext,New-Component_uljoztollg,New-Node_aknqckkfxt,750161779
Move_Component_New_Node,CashBoxController,New-Node_eooitidhaa,,562220218
UMLCloneNode,CashBox,CashBox_azrwvdpoqk,,452999046
UMLCloneNode,New-Node_cenchdehkw,New-Node_cenchdehkw_riodcxqkse,,240015290
Move_Operation_New_Component_New_Node,getTransactionContext,New-Component_uljoztollg,New-Node_aknqckkfxt,734953067
Move_Component_New_Node,CashBoxController,New-Node_eooitidhaa,,588431083
Move_Operation_New_Component_New_Node,printRunningTotal,New-Component_bdleuwkuof,New-Node_qdglooxpyy,772278918
Move_Operation_New_Component_New_Node,printRunningTotal,New-Component_xjcvdyxumq,New-Node_tgyzcjhtpf,710080512
Move_Operation_New_Component_New_Node,getTransactionContext,New-Component_uljoztollg,New-Node_aknqckkfxt,752008433
Move_Component_New_Node,CashBoxController,New-Node_eooitidhaa,,585956943
Move_Operation_New_Component_New_Node,printRunningTotal,New-Component_bdleuwkuof,New-Node_qdglooxpyy,718170714
Move_Operation_Component,queryStockItem,CashDeskGUI,,301282199
Move_Operation_New_Component_New_Node,getTransactionContext,New-Component_uljoztollg,New-Node_aknqckkfxt,651498568
Move_Component_New_Node,CashBoxController,New-Node_eooitidhaa,,955518712
UMLCloneNode,CashBox,CashBox_azrwvdpoqk,,423164866
UMLCloneNode,EnterpriseServer,EnterpriseServer_hohvmutxup,,464285002
Move_Operation_New_Component_New_Node,getTransactionContext,New-Component_uljoztollg,New-Node_aknqckkfxt,760728937
UMLCloneNode,LightDisplay,LightDisplay_jqcogzikri,,503468515
UMLCloneNode,CashBox,CashBox_azrwvdpoqk,,540184022
UMLCloneNode,EnterpriseServer,EnterpriseServer_hohvmutxup,,490629487
Move_Operation_New_Component_New_Node,getTransactionContext,New-Component_uljoztollg,New-Node_aknqckkfxt,811082419
Move_Component_New_Node,CashBoxController,New-Node_eooitidhaa,,628304180
UMLCloneNode,CashBox,CashBox_azrwvdpoqk,,572766055
UMLCloneNode,New-Node_cenchdehkw,New-Node_cenchdehkw_riodcxqkse,,289535069
Move_Operation_New_Component_New_Node,getTransactionContext,New-Component_uljoztollg,New-Node_aknqckkfxt,699213142
Move_Component_New_Node,CashBoxController,New-Node_eooitidhaa,,544919893
Move_Operation_New_Component_New_Node,printRunningTotal,New-Component_bdleuwkuof,New-Node_qdglooxpyy,671217669
Move_Operation_Component,stopSale,Persistence,,318327395
Move_Operation_New_Component_New_Node,getTransactionContext,New-Component_uljoztollg,New-Node_aknqckkfxt,563973666
Move_Component_New_Node,CashBoxController,New-Node_eooitidhaa,,509002283
UMLCloneNode,CashBox,CashBox_azrwvdpoqk,,463135726
Move_Operation_Component,queryStockItem,CashDeskApplication,,296857240
Move_Operation_New_Component_New_Node,getTransactionContext,New-Component_uljoztollg,New-Node_aknqckkfxt,695573315
Move_Component_New_Node,CashBoxController,New-Node_eooitidhaa,,578631645
UMLCloneNode,CashBox,CashBox_azrwvdpoqk,,478301929
UMLCloneNode,BarCodeScanner,BarCodeScanner_ekcxnmapen,,464268851
Move_Operation_New_Component_New_Node,getTransactionContext,New-Component_uljoztollg,New-Node_aknqckkfxt,675073661
Move_Component_New_Node,CashBoxController,New-Node_eooitidhaa,,548035265
Move_Operation_Component,scanProduct,AppStore,,285874884
Move_Operation_Component,createReport,ScannerController,,327789049
Move_Operation_New_Component_New_Node,getTransactionContext,New-Component_uljoztollg,New-Node_aknqckkfxt,738300876
Move_Component_New_Node,CashBoxController,New-Node_eooitidhaa,,599935749
UMLCloneNode,CashBox,CashBox_azrwvdpoqk,,564291302
Move_Operation_Component,stopSale,Persistence,,337303022
Move_Operation_New_Component_New_Node,getTransactionContext,New-Component_uljoztollg,New-Node_aknqckkfxt,619956395
Move_Component_New_Node,CashBoxController,New-Node_eooitidhaa,,486449308
Move_Operation_New_Component_New_Node,printRunningTotal,New-Component_bdleuwkuof,New-Node_qdglooxpyy,588692132
Move_Operation_Component,saleStartedEvent,CashDeskApplication,,332267077
Move_Operation_New_Component_New_Node,getTransactionContext,New-Component_uljoztollg,New-Node_aknqckkfxt,691763461
UMLCloneNode,LightDisplay,LightDisplay_jqcogzikri,,456413900
UMLCloneNode,CashBox,CashBox_azrwvdpoqk,,444216335
Move_Operation_Component,stopSale,Persistence,,287940228
Move_Operation_New_Component_New_Node,getTransactionContext,New-Component_uljoztollg,New-Node_aknqckkfxt,580048753
Move_Component_New_Node,CashBoxController,New-Node_eooitidhaa,,521572578
UMLCloneNode,CashBox,CashBox_azrwvdpoqk,,496237865
Move_Operation_Component,createReport,ScannerController,,314715201
Move_Operation_New_Component_New_Node,getTransactionContext,New-Component_uljoztollg,New-Node_aknqckkfxt,689108612
Move_Component_New_Node,CashBoxController,New-Node_eooitidhaa,,560418067
UMLCloneNode,CashBox,CashBox_azrwvdpoqk,,459237295
UMLCloneNode,CashBox,CashBox_famhmfnbtu,,500545864
UMLCloneNode,StoreServer,StoreServer_znfwxhbwxs,,467290167
Move_Component_New_Node,CashBoxController,New-Node_eooitidhaa,,563072777
UMLCloneNode,CashBox,CashBox_azrwvdpoqk,,475737780
Move_Operation_Component,queryStockItem,CashDeskGUI,,323009676
Move_Operation_New_Component_New_Node,getTransactionContext,New-Component_uljoztollg,New-Node_aknqckkfxt,657260785
Move_Component_New_Node,CashBoxController,New-Node_eooitidhaa,,522439944
UMLCloneNode,CashBox,CashBox_azrwvdpoqk,,472910578
Move_Operation_Component,createReport,ScannerController,,324559854
Move_Operation_New_Component_New_Node,getTransactionContext,New-Component_uljoztollg,New-Node_aknqckkfxt,632741482
Move_Component_New_Node,CashBoxController,New-Node_eooitidhaa,,610325514
UMLCloneNode,CashDeskPC,CashDeskPC_cpktzaatjg,,522640861
Move_Operation_Component,createReport,ScannerController,,331423145
Move_Operation_New_Component_New_Node,getTransactionContext,New-Component_uljoztollg,New-Node_aknqckkfxt,655588138
Move_Component_New_Node,CashBoxController,New-Node_eooitidhaa,,512957190
UMLCloneNode,CashBox,CashBox_azrwvdpoqk,,450571313
Move_Operation_Component,stopSale,Persistence,,303024316
Move_Operation_New_Component_New_Node,getTransactionContext,New-Component_uljoztollg,New-Node_aknqckkfxt,679584180
Move_Component_New_Node,CashBoxController,New-Node_eooitidhaa,,1176774842
UMLCloneNode,CashBox,CashBox_azrwvdpoqk,,529881981
UMLCloneNode,EnterpriseServer,EnterpriseServer_hohvmutxup,,497324814
Move_Operation_New_Component_New_Node,getTransactionContext,New-Component_uljoztollg,New-Node_aknqckkfxt,659249114
Move_Component_New_Node,CashBoxController,New-Node_eooitidhaa,,523462292
UMLCloneNode,CashBox,CashBox_azrwvdpoqk,,463480864
UMLCloneNode,EnterpriseServer,EnterpriseServer_hohvmutxup,,537567684
Move_Operation_New_Component_New_Node,getTransactionContext,New-Component_uljoztollg,New-Node_aknqckkfxt,666386019
UMLCloneNode,LightDisplay,LightDisplay_jqcogzikri,,459495650
UMLCloneNode,CashBox,CashBox_azrwvdpoqk,,583136383
UMLCloneNode,BarCodeScanner,BarCodeScanner_ekcxnmapen,,424712307
Move_Operation_New_Component_New_Node,getTransactionContext,New-Component_uljoztollg,New-Node_aknqckkfxt,602546425
Move_Component_New_Node,CashBoxController,New-Node_eooitidhaa,,426498918
Move_Operation_Component,scanProduct,AppStore,,265252079
UMLCloneNode,EnterpriseServer,EnterpriseServer_hohvmutxup,,535604533
Move_Operation_New_Component_New_Node,getTransactionContext,New-Component_uljoztollg,New-Node_aknqckkfxt,691312394
Move_Operation_Component,getTransactionContext,CashBoxController,,271474368
UMLCloneNode,CashBox,CashBox_azrwvdpoqk,,460528456
UMLCloneNode,EnterpriseServer,EnterpriseServer_hohvmutxup,,463947178
Move_Operation_New_Component_New_Node,getTransactionContext,New-Component_uljoztollg,New-Node_aknqckkfxt,755027716
Move_Component_New_Node,CashBoxController,New-Node_eooitidhaa,,550123492
UMLCloneNode,CashBox,CashBox_azrwvdpoqk,,544866382
Move_Operation_Component,stopSale,Persistence,,349377005
Move_Operation_New_Component_New_Node,getTransactionContext,New-Component_uljoztollg,New-Node_aknqckkfxt,665264255
Move_Component_New_Node,CashBoxController,New-Node_eooitidhaa,,501224026
UMLCloneNode,CashDeskPC,CashDeskPC_cpktzaatjg,,571709243
UMLCloneNode,CashBox,CashBox_famhmfnbtu,,515088257
UMLCloneNode,StoreServer,StoreServer_znfwxhbwxs,,480919808
Move_Component_New_Node,CashBoxController,New-Node_eooitidhaa,,539509366
UMLCloneNode,CashDeskPC,CashDeskPC_cpktzaatjg,,462953875
Move_Operation_Component,stopSale,Persistence,,345127025
Move_Operation_New_Component_New_Node,getTransactionContext,New-Component_uljoztollg,New-Node_aknqckkfxt,655916594
Move_Component_New_Node,CashBoxController,New-Node_eooitidhaa,,561209182
UMLCloneNode,CashDeskPC,CashDeskPC_cpktzaatjg,,491070845
UMLCloneNode,EnterpriseServer,EnterpriseServer_hohvmutxup,,474150052
Move_Operation_New_Component_New_Node,getTransactionContext,New-Component_uljoztollg,New-Node_aknqckkfxt,650266127
UMLCloneNode,LightDisplay,LightDisplay_jqcogzikri,,464059528
UMLCloneNode,CashBox,CashBox_azrwvdpoqk,,470038812
UMLCloneNode,EnterpriseServer,EnterpriseServer_hohvmutxup,,572145782
Move_Operation_New_Component_New_Node,getTransactionContext,New-Component_uljoztollg,New-Node_aknqckkfxt,708907091
Move_Component_New_Node,CashBoxController,New-Node_eooitidhaa,,545330413
UMLCloneNode,CashDeskPC,CashDeskPC_cpktzaatjg,,461143951
UMLCloneNode,EnterpriseServer,EnterpriseServer_hohvmutxup,,505749052
Move_Operation_Component,productBarCodeScannedEvent,DataStore,,334276566
Move_Component_New_Node,CashBoxController,New-Node_eooitidhaa,,576159499
Move_Operation_New_Component_New_Node,printRunningTotal,New-Component_bdleuwkuof,New-Node_qdglooxpyy,688564361
Move_Operation_Component,queryStockItem,CashDeskApplication,,354071429
Move_Operation_New_Component_New_Node,getTransactionContext,New-Component_uljoztollg,New-Node_aknqckkfxt,692524117
Move_Component_New_Node,CashBoxController,New-Node_eooitidhaa,,543011644
UMLCloneNode,CashBox,CashBox_azrwvdpoqk,,484703094
UMLCloneNode,EnterpriseServer,EnterpriseServer_hohvmutxup,,537128842
Move_Operation_New_Component_New_Node,getTransactionContext,New-Component_uljoztollg,New-Node_aknqckkfxt,782093344
UMLCloneNode,LightDisplay,LightDisplay_jqcogzikri,,481471292
UMLCloneNode,CashBox,CashBox_azrwvdpoqk,,564912457
Move_Operation_Component,stopSale,Persistence,,301856235
Move_Operation_New_Component_New_Node,getTransactionContext,New-Component_uljoztollg,New-Node_aknqckkfxt,639587040
Move_Component_New_Node,CashBoxController,New-Node_eooitidhaa,,621734018
UMLCloneNode,CashDeskPC,CashDeskPC_cpktzaatjg,,590647479
Move_Operation_Component,stopSale,Persistence,,323720349
Move_Operation_New_Component_New_Node,getTransactionContext,New-Component_uljoztollg,New-Node_aknqckkfxt,661386061
UMLCloneNode,LightDisplay,LightDisplay_jqcogzikri,,480646455
UMLCloneNode,CashBox,CashBox_azrwvdpoqk,,510925751
Move_Operation_Component,stopSale,Persistence,,318648548
Move_Operation_New_Component_New_Node,getTransactionContext,New-Component_uljoztollg,New-Node_aknqckkfxt,721589416
UMLCloneNode,LightDisplay,LightDisplay_jqcogzikri,,1072187170
UMLCloneNode,CashBox,CashBox_azrwvdpoqk,,1716368205
Move_Operation_Component,queryStockItem,CashDeskApplication,,291157512
Move_Operation_New_Component_New_Node,getTransactionContext,New-Component_uljoztollg,New-Node_aknqckkfxt,741767427
Move_Component_New_Node,CashBoxController,New-Node_eooitidhaa,,570463436
UMLCloneNode,CashBox,CashBox_azrwvdpoqk,,476572906
UMLCloneNode,EnterpriseServer,EnterpriseServer_hohvmutxup,,457975780
Move_Operation_New_Component_New_Node,getTransactionContext,New-Component_uljoztollg,New-Node_aknqckkfxt,780819946
Move_Component_New_Node,CashBoxController,New-Node_eooitidhaa,,634934465
UMLCloneNode,CashBox,CashBox_azrwvdpoqk,,534931972
Move_Operation_Component,getTransactionContext,CashDeskApplication,,299766246
Move_Operation_New_Component_New_Node,getTransactionContext,New-Component_uljoztollg,New-Node_aknqckkfxt,655856240
UMLCloneNode,LightDisplay,LightDisplay_jqcogzikri,,500073619
UMLCloneNode,CashBox,CashBox_azrwvdpoqk,,603438818
Move_Operation_Component,queryStockItem,CashDeskApplication,,325856035
Move_Operation_New_Component_New_Node,getTransactionContext,New-Component_uljoztollg,New-Node_aknqckkfxt,664353998
Move_Component_New_Node,CashBoxController,New-Node_eooitidhaa,,534883702
UMLCloneNode,CashDeskPC,CashDeskPC_cpktzaatjg,,469700528
UMLCloneNode,EnterpriseServer,EnterpriseServer_hohvmutxup,,409710373
Move_Operation_New_Component_New_Node,getTransactionContext,New-Component_uljoztollg,New-Node_aknqckkfxt,542669963
UMLCloneNode,LightDisplay,LightDisplay_jqcogzikri,,369884474
UMLCloneNode,CashBox,CashBox_azrwvdpoqk,,373108331
UMLCloneNode,EnterpriseServer,EnterpriseServer_hohvmutxup,,491070305
Move_Operation_New_Component_New_Node,getTransactionContext,New-Component_uljoztollg,New-Node_aknqckkfxt,813374888
Move_Operation_Component,getTransactionContext,CashBoxController,,299479899
UMLCloneNode,CashBox,CashBox_azrwvdpoqk,,475647411
Move_Operation_New_Component_New_Node,getTransaction,New-Component_agegnawzow,New-Node_eiknfstfuu,685160698
Move_Operation_New_Component_New_Node,getTransactionContext,New-Component_uljoztollg,New-Node_aknqckkfxt,720492919
Move_Component_New_Node,CashBoxController,New-Node_eooitidhaa,,556955784
UMLCloneNode,CashDeskPC,CashDeskPC_cpktzaatjg,,469579441
Move_Operation_Component,queryStockItem,CashDeskApplication,,355829777
Move_Operation_New_Component_New_Node,getTransactionContext,New-Component_uljoztollg,New-Node_aknqckkfxt,675557027
Move_Component_New_Node,CashBoxController,New-Node_eooitidhaa,,556245572
UMLCloneNode,CashBox,CashBox_azrwvdpoqk,,465390205
Move_Operation_Component,queryStockItem,CashDeskApplication,,338185477
Move_Operation_New_Component_New_Node,getTransactionContext,New-Component_uljoztollg,New-Node_aknqckkfxt,685188670
Move_Component_New_Node,CashBoxController,New-Node_eooitidhaa,,555755363
UMLCloneNode,CashDeskPC,CashDeskPC_cpktzaatjg,,457100849
Move_Operation_Component,queryStockItem,CashDeskApplication,,281890883
Move_Operation_New_Component_New_Node,getTransactionContext,New-Component_uljoztollg,New-Node_aknqckkfxt,648454610
Move_Component_New_Node,CashBoxController,New-Node_eooitidhaa,,536793914
UMLCloneNode,CashBox,CashBox_azrwvdpoqk,,488310819
Move_Operation_Component,queryStockItem,CashDeskApplication,,337918215
Move_Operation_New_Component_New_Node,getTransactionContext,New-Component_uljoztollg,New-Node_aknqckkfxt,689458508
UMLCloneNode,LightDisplay,LightDisplay_jqcogzikri,,484333661
Move_Component_New_Node,Persistence,New-Node_eyfjterhev,,597163199
UMLCloneNode,EnterpriseServer,EnterpriseServer_hohvmutxup,,502595909
Move_Operation_New_Component_New_Node,getTransactionContext,New-Component_uljoztollg,New-Node_aknqckkfxt,661435925
UMLCloneNode,LightDisplay,LightDisplay_jqcogzikri,,472697248
UMLCloneNode,CashBox,CashBox_azrwvdpoqk,,478445047
Move_Operation_Component,queryStockItem,CashDeskApplication,,328064365
Move_Operation_New_Component_New_Node,getTransactionContext,New-Component_uljoztollg,New-Node_aknqckkfxt,685108310
Move_Component_New_Node,CashBoxController,New-Node_eooitidhaa,,574454432
UMLCloneNode,CashBox,CashBox_azrwvdpoqk,,467968460
UMLCloneNode,EnterpriseServer,EnterpriseServer_hohvmutxup,,531258763
Move_Operation_New_Component_New_Node,getTransactionContext,New-Component_uljoztollg,New-Node_aknqckkfxt,755778793
UMLCloneNode,LightDisplay,LightDisplay_jqcogzikri,,550334467
UMLCloneNode,CashBox,CashBox_azrwvdpoqk,,569790425
UMLCloneNode,EnterpriseServer,EnterpriseServer_hohvmutxup,,574905187
Move_Operation_New_Component_New_Node,getTransactionContext,New-Component_uljoztollg,New-Node_aknqckkfxt,669084499
UMLCloneNode,LightDisplay,LightDisplay_jqcogzikri,,446932830
Move_Operation_New_Component_New_Node,getMeanTimeToDelivery,New-Component_xcwilgwqtg,New-Node_uiqlhdxdul,774881649
Move_Operation_Component,stopSale,Persistence,,292318208
Move_Operation_New_Component_New_Node,getTransactionContext,New-Component_uljoztollg,New-Node_aknqckkfxt,977172130
UMLCloneNode,LightDisplay,LightDisplay_jqcogzikri,,472265398
UMLCloneNode,CashBox,CashBox_azrwvdpoqk,,469998847
UMLCloneNode,EnterpriseServer,EnterpriseServer_hohvmutxup,,499951781
Move_Operation_New_Component_New_Node,getTransactionContext,New-Component_uljoztollg,New-Node_aknqckkfxt,671946507
UMLCloneNode,LightDisplay,LightDisplay_jqcogzikri,,468499255
UMLCloneNode,CashBox,CashBox_azrwvdpoqk,,466052888
Move_Operation_Component,saleStartedEvent,CashDeskApplication,,298912725
Move_Operation_New_Component_New_Node,getTransactionContext,New-Component_uljoztollg,New-Node_aknqckkfxt,649727407
UMLCloneNode,LightDisplay,LightDisplay_jqcogzikri,,465559011
UMLCloneNode,CashBox,CashBox_azrwvdpoqk,,534988437
Move_Operation_Component,stopSale,Persistence,,329407665
Move_Operation_New_Component_New_Node,getTransactionContext,New-Component_uljoztollg,New-Node_aknqckkfxt,678664665
Move_Component_New_Node,CashBoxController,New-Node_eooitidhaa,,523249162
UMLCloneNode,CashBox,CashBox_azrwvdpoqk,,454886175
Move_Operation_Component,queryStockItem,CashDeskApplication,,406147502
Move_Operation_New_Component_New_Node,getTransactionContext,New-Component_uljoztollg,New-Node_aknqckkfxt,646124740
UMLCloneNode,LightDisplay,LightDisplay_jqcogzikri,,407836299
UMLCloneNode,CashBox,CashBox_azrwvdpoqk,,500519596
UMLCloneNode,EnterpriseServer,EnterpriseServer_hohvmutxup,,522863579
Move_Operation_New_Component_New_Node,getTransactionContext,New-Component_uljoztollg,New-Node_aknqckkfxt,688900963
Move_Component_New_Node,CashBoxController,New-Node_eooitidhaa,,667023453
UMLCloneNode,CashBox,CashBox_azrwvdpoqk,,572411951
Move_Operation_Component,queryStockItem,CashDeskApplication,,307662384
Move_Operation_New_Component_New_Node,getTransactionContext,New-Component_uljoztollg,New-Node_aknqckkfxt,766674737
UMLCloneNode,LightDisplay,LightDisplay_jqcogzikri,,464545751
UMLCloneNode,CashBox,CashBox_azrwvdpoqk,,454633812
Move_Operation_Component,saleStartedEvent,CashDeskApplication,,352305157
Move_Operation_New_Component_New_Node,getTransactionContext,New-Component_uljoztollg,New-Node_aknqckkfxt,679725846
UMLCloneNode,LightDisplay,LightDisplay_jqcogzikri,,464613889
Move_Component_New_Node,Persistence,New-Node_eyfjterhev,,547064114
UMLCloneNode,EnterpriseServer,EnterpriseServer_hohvmutxup,,552823966
Move_Operation_New_Component_New_Node,getTransactionContext,New-Component_uljoztollg,New-Node_aknqckkfxt,760865884
UMLCloneNode,LightDisplay,LightDisplay_jqcogzikri,,492813423
Move_Operation_New_Component_New_Node,getMeanTimeToDelivery,New-Component_xcwilgwqtg,New-Node_uiqlhdxdul,662351482
Move_Operation_Component,queryStockItem,CashDeskApplication,,353842189
Move_Operation_New_Component_New_Node,getTransactionContext,New-Component_uljoztollg,New-Node_aknqckkfxt,627064294
UMLCloneNode,LightDisplay,LightDisplay_jqcogzikri,,378726146
Move_Component_New_Node,Persistence,New-Node_eyfjterhev,,639195776
Move_Operation_Component,enterOrderID,Reporting,,329332705
Move_Operation_New_Component_New_Node,getTransactionContext,New-Component_uljoztollg,New-Node_aknqckkfxt,631370932
UMLCloneNode,LightDisplay,LightDisplay_jqcogzikri,,374010091
UMLCloneNode,CashBox,CashBox_azrwvdpoqk,,374111722
Move_Operation_Component,queryStockItem,CashDeskApplication,,280498652
Move_Operation_New_Component_New_Node,getTransactionContext,New-Component_uljoztollg,New-Node_aknqckkfxt,566639065
Move_Component_New_Node,CashBoxController,New-Node_eooitidhaa,,561151433
UMLCloneNode,CashBox,CashBox_azrwvdpoqk,,476800363
Move_Operation_Component,queryStockItem,CashDeskApplication,,298409742
Move_Operation_New_Component_New_Node,getTransactionContext,New-Component_uljoztollg,New-Node_aknqckkfxt,706707606
UMLCloneNode,LightDisplay,LightDisplay_jqcogzikri,,405504736
Move_Component_New_Node,Persistence,New-Node_eyfjterhev,,530729681
UMLCloneNode,EnterpriseServer,EnterpriseServer_hohvmutxup,,511079699
Move_Operation_New_Component_New_Node,getTransactionContext,New-Component_uljoztollg,New-Node_aknqckkfxt,727254670
Move_Operation_Component,getTransactionContext,CashBoxController,,298423678
UMLCloneNode,CashBox,CashBox_azrwvdpoqk,,505245248
Move_Operation_Component,queryStockItem,CashDeskApplication,,403381093
Move_Operation_New_Component_New_Node,getTransactionContext,New-Component_uljoztollg,New-Node_aknqckkfxt,702758771
Move_Component_New_Node,CashBoxController,New-Node_eooitidhaa,,533129532
UMLCloneNode,CashBox,CashBox_azrwvdpoqk,,494241391
Move_Operation_Component,queryStockItem,CashDeskApplication,,281678434
Move_Operation_New_Component_New_Node,getMeanTimeToDelivery,New-Component_wukiamkulo,New-Node_frybqbexpp,639976630
Move_Component_New_Node,CashBoxController,New-Node_eooitidhaa,,522396833
UMLCloneNode,CashBox,CashBox_azrwvdpoqk,,474569739
Move_Component_New_Node,CashDeskGUI,New-Node_whhkiydgpb,,2744845443
Move_Operation_New_Component_New_Node,getTransactionContext,New-Component_uljoztollg,New-Node_aknqckkfxt,4337875062
Move_Operation_Component,getTransactionContext,CashBoxController,,2065855908
UMLCloneNode,CashBox,CashBox_azrwvdpoqk,,3062509484
Move_Component_New_Node,CashBoxController,New-Node_gkzskppori,,493526371
Move_Operation_New_Component_New_Node,getTransactionContext,New-Component_uljoztollg,New-Node_aknqckkfxt,687340706
UMLCloneNode,LightDisplay,LightDisplay_jqcogzikri,,480826423
UMLCloneNode,CashBox,CashBox_azrwvdpoqk,,463043644
UMLCloneNode,EnterpriseServer,EnterpriseServer_hohvmutxup,,608910439
Move_Operation_New_Component_New_Node,getTransactionContext,New-Component_uljoztollg,New-Node_aknqckkfxt,783675610
UMLCloneNode,LightDisplay,LightDisplay_jqcogzikri,,489474361
Move_Operation_New_Component_New_Node,getMeanTimeToDelivery,New-Component_xcwilgwqtg,New-Node_uiqlhdxdul,669140164
UMLCloneNode,EnterpriseServer,EnterpriseServer_hohvmutxup,,511075381
Move_Operation_New_Component_New_Node,getTransactionContext,New-Component_uljoztollg,New-Node_aknqckkfxt,907041058
UMLCloneNode,LightDisplay,LightDisplay_jqcogzikri,,615065733
UMLCloneNode,CashBox,CashBox_azrwvdpoqk,,464781703
Move_Operation_Component,stopSale,GUIStore,,323528700
Move_Operation_New_Component_New_Node,getMeanTimeToDelivery,New-Component_wukiamkulo,New-Node_frybqbexpp,658641855
Move_Component_New_Node,CashBoxController,New-Node_eooitidhaa,,565383721
UMLCloneNode,CashBox,CashBox_azrwvdpoqk,,488655536
UMLCloneNode,EnterpriseServer,EnterpriseServer_hohvmutxup,,497158322
Move_Operation_New_Component_New_Node,getTransactionContext,New-Component_uljoztollg,New-Node_aknqckkfxt,579793364
Move_Operation_Component,getTransactionContext,CashBoxController,,242888588
UMLCloneNode,CashBox,CashBox_azrwvdpoqk,,360167261
UMLCloneNode,EnterpriseServer,EnterpriseServer_hohvmutxup,,480746544
Move_Operation_New_Component_New_Node,getTransactionContext,New-Component_uljoztollg,New-Node_aknqckkfxt,650425947
Move_Operation_Component,getTransactionContext,CashBoxController,,273863679
UMLCloneNode,CashBox,CashBox_azrwvdpoqk,,461113774
UMLCloneNode,EnterpriseServer,EnterpriseServer_hohvmutxup,,513286368
Move_Operation_New_Component_New_Node,getTransactionContext,New-Component_uljoztollg,New-Node_aknqckkfxt,667746590
Move_Component_New_Node,CashBoxController,New-Node_eooitidhaa,,519187615
UMLCloneNode,CashBox,CashBox_azrwvdpoqk,,457343524
UMLCloneNode,EnterpriseServer,EnterpriseServer_hohvmutxup,,541320823
Move_Operation_New_Component_New_Node,getTransactionContext,New-Component_uljoztollg,New-Node_aknqckkfxt,665253304
UMLCloneNode,LightDisplay,LightDisplay_jqcogzikri,,459634179
Move_Operation_New_Component_New_Node,getMeanTimeToDelivery,New-Component_xcwilgwqtg,New-Node_uiqlhdxdul,652086651
UMLCloneNode,EnterpriseServer,EnterpriseServer_hohvmutxup,,542933207
Move_Operation_New_Component_New_Node,getTransactionContext,New-Component_uljoztollg,New-Node_aknqckkfxt,822791638
Move_Operation_Component,getTransactionContext,CashBoxController,,344042991
UMLCloneNode,CashBox,CashBox_azrwvdpoqk,,558560885
Move_Operation_Component,queryStockItem,CashDeskApplication,,280163404
Move_Operation_New_Component_New_Node,getTransactionContext,New-Component_uljoztollg,New-Node_aknqckkfxt,632719521
UMLCloneNode,LightDisplay,LightDisplay_jqcogzikri,,399403213
UMLCloneNode,CashBox,CashBox_azrwvdpoqk,,399343451
Move_Operation_Component,stopSale,Persistence,,317152182
Move_Operation_New_Component_New_Node,getTransactionContext,New-Component_uljoztollg,New-Node_aknqckkfxt,588622341
UMLCloneNode,Printer,Printer_nyulgjdcvs,,358695191
UMLCloneNode,CashBox,CashBox_azrwvdpoqk,,395198639
Move_Operation_Component,stopSale,Persistence,,323729406
Move_Operation_New_Component_New_Node,getTransactionContext,New-Component_uljoztollg,New-Node_aknqckkfxt,638836312
UMLCloneNode,LightDisplay,LightDisplay_jqcogzikri,,498581240
UMLCloneNode,CashBox,CashBox_azrwvdpoqk,,477834192
Move_Operation_Component,stopSale,Persistence,,354888582
Move_Operation_New_Component_New_Node,getTransactionContext,New-Component_uljoztollg,New-Node_aknqckkfxt,687130291
UMLCloneNode,LightDisplay,LightDisplay_jqcogzikri,,460308604
UMLCloneNode,CashBox,CashBox_azrwvdpoqk,,455656871
UMLCloneNode,EnterpriseServer,EnterpriseServer_hohvmutxup,,550832270
Move_Operation_New_Component_New_Node,getTransactionContext,New-Component_uljoztollg,New-Node_aknqckkfxt,707919640
UMLCloneNode,LightDisplay,LightDisplay_jqcogzikri,,460221200
Move_Operation_New_Component_New_Node,getMeanTimeToDelivery,New-Component_xcwilgwqtg,New-Node_uiqlhdxdul,819764221
Move_Operation_New_Component_New_Node,getTransaction,New-Component_amrpspopgi,New-Node_shnhojnqav,737364430
Move_Operation_New_Component_New_Node,getTransactionContext,New-Component_uljoztollg,New-Node_aknqckkfxt,674411709
UMLCloneNode,LightDisplay,LightDisplay_jqcogzikri,,597940597
UMLCloneNode,CashBox,CashBox_azrwvdpoqk,,578881274
Move_Component_New_Node,CashDeskGUI,New-Node_whhkiydgpb,,608580861
Move_Operation_New_Component_New_Node,getTransactionContext,New-Component_uljoztollg,New-Node_aknqckkfxt,1153614527
Move_Operation_Component,getTransactionContext,CashBoxController,,290421160
UMLCloneNode,CashBox,CashBox_azrwvdpoqk,,470435005
UMLCloneNode,EnterpriseServer,EnterpriseServer_hohvmutxup,,579187348
Move_Operation_New_Component_New_Node,getTransactionContext,New-Component_uljoztollg,New-Node_aknqckkfxt,755205518
UMLCloneNode,LightDisplay,LightDisplay_jqcogzikri,,585579996
Move_Operation_New_Component_New_Node,getMeanTimeToDelivery,New-Component_xcwilgwqtg,New-Node_uiqlhdxdul,852300449
Move_Operation_Component,saleStartedEvent,CashDeskApplication,,368630253
Move_Operation_New_Component_New_Node,getTransactionContext,New-Component_uljoztollg,New-Node_aknqckkfxt,650338974
UMLCloneNode,LightDisplay,LightDisplay_jqcogzikri,,466197438
Move_Component_New_Node,Persistence,New-Node_eyfjterhev,,549039369
UMLCloneNode,EnterpriseServer,EnterpriseServer_hohvmutxup,,527589832
Move_Operation_New_Component_New_Node,getTransactionContext,New-Component_uljoztollg,New-Node_aknqckkfxt,674230159
UMLCloneNode,LightDisplay,LightDisplay_jqcogzikri,,568339433
UMLCloneNode,CashBox,CashBox_azrwvdpoqk,,635095988
UMLCloneNode,EnterpriseServer,EnterpriseServer_hohvmutxup,,531215352
Move_Operation_New_Component_New_Node,getTransactionContext,New-Component_uljoztollg,New-Node_aknqckkfxt,781037603
Move_Operation_Component,getTransactionContext,CashBoxController,,333578637
UMLCloneNode,CashBox,CashBox_azrwvdpoqk,,570677328
UMLCloneNode,EnterpriseServer,EnterpriseServer_hohvmutxup,,474302158
Move_Operation_New_Component_New_Node,getTransactionContext,New-Component_uljoztollg,New-Node_aknqckkfxt,624915896
UMLCloneNode,LightDisplay,LightDisplay_jqcogzikri,,470590547
UMLCloneNode,CashBox,CashBox_azrwvdpoqk,,532971245
UMLCloneNode,EnterpriseServer,EnterpriseServer_hohvmutxup,,530874693
Move_Operation_New_Component_New_Node,getTransactionContext,New-Component_uljoztollg,New-Node_aknqckkfxt,683760973
Move_Operation_Component,getTransactionContext,CashBoxController,,342777989
UMLCloneNode,CashBox,CashBox_azrwvdpoqk,,463889660
Move_Component_New_Node,CashDeskGUI,New-Node_zdzcgmpsqv,,609099874
Move_Operation_New_Component_New_Node,getTransactionContext,New-Component_uljoztollg,New-Node_aknqckkfxt,658808207
UMLCloneNode,LightDisplay,LightDisplay_jqcogzikri,,481540142
Move_Operation_New_Component_New_Node,getMeanTimeToDelivery,New-Component_xcwilgwqtg,New-Node_uiqlhdxdul,653738018
Move_Operation_Component,saleStartedEvent,CashDeskApplication,,301490550
Move_Operation_New_Component_New_Node,getTransactionContext,New-Component_uljoztollg,New-Node_aknqckkfxt,568907889
UMLCloneNode,LightDisplay,LightDisplay_jqcogzikri,,377629990
Move_Component_New_Node,Persistence,New-Node_eyfjterhev,,427937456
Move_Component_New_Node,CashBoxController,New-Node_gkzskppori,,576953248
Move_Operation_New_Component_New_Node,getTransactionContext,New-Component_uljoztollg,New-Node_aknqckkfxt,658842231
UMLCloneNode,LightDisplay,LightDisplay_jqcogzikri,,530184128
Move_Operation_New_Component_New_Node,getTransaction,New-Component_cwteallxwh,New-Node_bxiukagzac,762228409
Move_Component_New_Node,CashDeskApplication,New-Node_bsgmntdeld,,638282042
Move_Operation_New_Component_New_Node,getTransactionContext,New-Component_uljoztollg,New-Node_aknqckkfxt,703165975
Move_Operation_Component,getTransactionContext,CashBoxController,,300058304
UMLCloneNode,CashBox,CashBox_azrwvdpoqk,,491956586
Move_Component_New_Node,CashDeskGUI,New-Node_whhkiydgpb,,585129862
Move_Operation_New_Component_New_Node,getTransactionContext,New-Component_uljoztollg,New-Node_aknqckkfxt,674657109
Move_Operation_Component,getTransactionContext,CashBoxController,,307712218
UMLCloneNode,CashBox,CashBox_azrwvdpoqk,,480635885
UMLCloneNode,EnterpriseServer,EnterpriseServer_hohvmutxup,,513077616
Move_Operation_New_Component_New_Node,getTransactionContext,New-Component_uljoztollg,New-Node_aknqckkfxt,703357424
UMLCloneNode,LightDisplay,LightDisplay_jqcogzikri,,504308631
UMLCloneNode,CashBox,CashBox_azrwvdpoqk,,568289680
Move_Component_New_Node,CashDeskGUI,New-Node_whhkiydgpb,,611445614
Move_Operation_New_Component_New_Node,getTransactionContext,New-Component_uljoztollg,New-Node_aknqckkfxt,667167363
Move_Operation_Component,getTransactionContext,CashBoxController,,302742057
UMLCloneNode,CashBox,CashBox_azrwvdpoqk,,554044756
UMLCloneNode,EnterpriseServer,EnterpriseServer_hohvmutxup,,540861411
Move_Operation_New_Component_New_Node,getTransactionContext,New-Component_uljoztollg,New-Node_aknqckkfxt,794244411
UMLCloneNode,LightDisplay,LightDisplay_jqcogzikri,,556673736
Move_Operation_New_Component_New_Node,getMeanTimeToDelivery,New-Component_xcwilgwqtg,New-Node_uiqlhdxdul,688138653
Move_Operation_Component,saleStartedEvent,CashDeskApplication,,319382384
Move_Operation_New_Component_New_Node,getTransactionContext,New-Component_uljoztollg,New-Node_aknqckkfxt,641243226
UMLCloneNode,LightDisplay,LightDisplay_jqcogzikri,,596856263
Move_Component_New_Node,Persistence,New-Node_eyfjterhev,,613479178
Move_Operation_New_Component_New_Node,getTransaction,New-Component_amrpspopgi,New-Node_shnhojnqav,737546261
Move_Operation_New_Component_New_Node,getTransactionContext,New-Component_uljoztollg,New-Node_aknqckkfxt,1376115322
UMLCloneNode,LightDisplay,LightDisplay_jqcogzikri,,1263178010
UMLCloneNode,CashBox,CashBox_azrwvdpoqk,,677233211
UMLCloneNode,EnterpriseServer,EnterpriseServer_hohvmutxup,,607251138
Move_Operation_New_Component_New_Node,getTransactionContext,New-Component_uljoztollg,New-Node_aknqckkfxt,739103752
UMLCloneNode,LightDisplay,LightDisplay_jqcogzikri,,523391259
Move_Operation_New_Component_New_Node,getMeanTimeToDelivery,New-Component_xcwilgwqtg,New-Node_uiqlhdxdul,776563854
UMLCloneNode,EnterpriseServer,EnterpriseServer_hohvmutxup,,489208834
Move_Operation_New_Component_New_Node,getTransactionContext,New-Component_uljoztollg,New-Node_aknqckkfxt,661471562
UMLCloneNode,LightDisplay,LightDisplay_jqcogzikri,,539815460
UMLCloneNode,CashBox,CashBox_azrwvdpoqk,,576451617
UMLCloneNode,EnterpriseServer,EnterpriseServer_hohvmutxup,,475635348
Move_Operation_New_Component_New_Node,getTransactionContext,New-Component_uljoztollg,New-Node_aknqckkfxt,776785840
UMLCloneNode,LightDisplay,LightDisplay_jqcogzikri,,575354229
Move_Operation_New_Component_New_Node,getMeanTimeToDelivery,New-Component_xcwilgwqtg,New-Node_uiqlhdxdul,769654405
UMLCloneNode,EnterpriseServer,EnterpriseServer_hohvmutxup,,442170178
Move_Operation_New_Component_New_Node,getTransactionContext,New-Component_uljoztollg,New-Node_aknqckkfxt,609456353
UMLCloneNode,LightDisplay,LightDisplay_jqcogzikri,,372902705
Move_Operation_New_Component_New_Node,getMeanTimeToDelivery,New-Component_xcwilgwqtg,New-Node_uiqlhdxdul,601613325
Move_Operation_Component,saleStartedEvent,CashDeskApplication,,281558650
Move_Operation_New_Component_New_Node,getTransactionContext,New-Component_uljoztollg,New-Node_aknqckkfxt,673378001
UMLCloneNode,LightDisplay,LightDisplay_jqcogzikri,,503937034
Move_Component_New_Node,Persistence,New-Node_eyfjterhev,,525176296
UMLCloneNode,EnterpriseServer,EnterpriseServer_hohvmutxup,,589467126
Move_Operation_New_Component_New_Node,getTransactionContext,New-Component_uljoztollg,New-Node_aknqckkfxt,762681910
UMLCloneNode,LightDisplay,LightDisplay_jqcogzikri,,520728154
UMLCloneNode,CashBox,CashBox_azrwvdpoqk,,474816433
Move_Operation_New_Component_New_Node,getEnterpriseByID,New-Component_pziirsfubh,New-Node_anjtfnhqrx,638394614
Move_Operation_New_Component_New_Node,getTransactionContext,New-Component_uljoztollg,New-Node_aknqckkfxt,699307288
UMLCloneNode,LightDisplay,LightDisplay_jqcogzikri,,393870657
Move_Component_New_Node,Persistence,New-Node_eyfjterhev,,449977860
Move_Component_New_Node,CashBoxController,New-Node_gkzskppori,,569922472
Move_Operation_New_Component_New_Node,getTransactionContext,New-Component_uljoztollg,New-Node_aknqckkfxt,653579371
UMLCloneNode,LightDisplay,LightDisplay_jqcogzikri,,463079421
UMLCloneNode,CashBox,CashBox_azrwvdpoqk,,464799216
Move_Component_New_Node,CashDeskGUI,New-Node_zdzcgmpsqv,,583961630
Move_Operation_New_Component_New_Node,getTransactionContext,New-Component_uljoztollg,New-Node_aknqckkfxt,687343141
UMLCloneNode,LightDisplay,LightDisplay_jqcogzikri,,459214924
Move_Operation_New_Component_New_Node,getMeanTimeToDelivery,New-Component_xcwilgwqtg,New-Node_uiqlhdxdul,644132033
UMLCloneNode,EnterpriseServer,EnterpriseServer_hohvmutxup,,517460826
Move_Operation_New_Component_New_Node,getTransactionContext,New-Component_uljoztollg,New-Node_aknqckkfxt,677783874
UMLCloneNode,LightDisplay,LightDisplay_jqcogzikri,,473790758
UMLCloneNode,CashBox,CashBox_azrwvdpoqk,,507416018
Move_Operation_Component,saleStartedEvent,CashDeskApplication,,342663084
Move_Operation_New_Component_New_Node,getTransactionContext,New-Component_uljoztollg,New-Node_aknqckkfxt,657549706
UMLCloneNode,LightDisplay,LightDisplay_jqcogzikri,,463895441
Move_Component_New_Node,Persistence,New-Node_eyfjterhev,,537051226
Move_Operation_Component,saleStartedEvent,CashDeskApplication,,375852787
Move_Operation_New_Component_New_Node,getTransactionContext,New-Component_uljoztollg,New-Node_aknqckkfxt,693550191
UMLCloneNode,LightDisplay,LightDisplay_jqcogzikri,,498384291
Move_Component_New_Node,Persistence,New-Node_eyfjterhev,,612717469
Move_Operation_New_Component_New_Node,getTransaction,New-Component_amrpspopgi,New-Node_shnhojnqav,660877337
Move_Operation_New_Component_New_Node,getTransactionContext,New-Component_uljoztollg,New-Node_aknqckkfxt,630260679
UMLCloneNode,LightDisplay,LightDisplay_jqcogzikri,,462817921
UMLCloneNode,CashBox,CashBox_azrwvdpoqk,,518952223
Move_Operation_Component,getEnterpriseByID,CashDeskGUI,,323930744
Move_Operation_New_Component_New_Node,getTransactionContext,New-Component_uljoztollg,New-Node_aknqckkfxt,719603772
UMLCloneNode,LightDisplay,LightDisplay_jqcogzikri,,577704386
Move_Operation_New_Component_New_Node,getMeanTimeToDelivery,New-Component_xcwilgwqtg,New-Node_uiqlhdxdul,778959336
UMLCloneNode,EnterpriseServer,EnterpriseServer_hohvmutxup,,503260817
Move_Operation_New_Component_New_Node,getTransactionContext,New-Component_uljoztollg,New-Node_aknqckkfxt,724379458
UMLCloneNode,LightDisplay,LightDisplay_jqcogzikri,,493372312
UMLCloneNode,CashBox,CashBox_azrwvdpoqk,,501284339
Move_Operation_Component,saleStartedEvent,CashDeskApplication,,697396484
Move_Operation_New_Component_New_Node,getTransactionContext,New-Component_uljoztollg,New-Node_aknqckkfxt,597016714
UMLCloneNode,LightDisplay,LightDisplay_jqcogzikri,,488788895
Move_Component_New_Node,Persistence,New-Node_eyfjterhev,,554174649
Move_Component_New_Node,CashDeskGUI,New-Node_zdzcgmpsqv,,649481516
Move_Operation_New_Component_New_Node,getTransactionContext,New-Component_uljoztollg,New-Node_aknqckkfxt,669112791
UMLCloneNode,LightDisplay,LightDisplay_jqcogzikri,,459817172
Move_Operation_New_Component_New_Node,getMeanTimeToDelivery,New-Component_xcwilgwqtg,New-Node_uiqlhdxdul,642896326
Move_Component_New_Node,CashBoxController,New-Node_gkzskppori,,530185159
Move_Operation_New_Component_New_Node,getTransactionContext,New-Component_uljoztollg,New-Node_aknqckkfxt,647568007
UMLCloneNode,LightDisplay,LightDisplay_jqcogzikri,,449355183
UMLCloneNode,CashBox,CashBox_azrwvdpoqk,,482519158
Move_Component_New_Node,CashDeskGUI,New-Node_zdzcgmpsqv,,604260990
Move_Operation_New_Component_New_Node,getTransactionContext,New-Component_uljoztollg,New-Node_aknqckkfxt,689370583
UMLCloneNode,LightDisplay,LightDisplay_jqcogzikri,,467379725
Move_Operation_Component,rollInReceivedOrder,PrinterController,,280727100
Move_Component_New_Node,CashBoxController,New-Node_gkzskppori,,562082690
Move_Operation_New_Component_New_Node,getTransactionContext,New-Component_uljoztollg,New-Node_aknqckkfxt,700596516
UMLCloneNode,LightDisplay,LightDisplay_jqcogzikri,,486066771
Move_Operation_New_Component_New_Node,getTransaction,New-Component_cwteallxwh,New-Node_bxiukagzac,665949319
Move_Component_New_Node,CashDeskGUI,New-Node_zdzcgmpsqv,,586817297
Move_Operation_New_Component_New_Node,getTransactionContext,New-Component_uljoztollg,New-Node_aknqckkfxt,665443400
UMLCloneNode,LightDisplay,LightDisplay_jqcogzikri,,502122030
Move_Operation_New_Component_New_Node,getMeanTimeToDelivery,New-Component_xcwilgwqtg,New-Node_uiqlhdxdul,670919580
Move_Operation_New_Component_New_Node,saleStartedEvent,New-Component_nuotudhucw,New-Node_fwunyzhaek,833202653
Move_Operation_New_Component_New_Node,getTransactionContext,New-Component_uljoztollg,New-Node_aknqckkfxt,687982870
UMLCloneNode,LightDisplay,LightDisplay_jqcogzikri,,460367024
Move_Component_New_Node,Persistence,New-Node_eyfjterhev,,533013474
Move_Component_New_Node,CashBoxController,New-Node_gkzskppori,,627380628
Move_Operation_New_Component_New_Node,getTransactionContext,New-Component_uljoztollg,New-Node_aknqckkfxt,667347621
UMLCloneNode,LightDisplay,LightDisplay_jqcogzikri,,495154404
Move_Operation_New_Component_New_Node,getTransaction,New-Component_cwteallxwh,New-Node_bxiukagzac,685648383
Move_Component_New_Node,CashBoxController,New-Node_gkzskppori,,582113596
Move_Operation_New_Component_New_Node,getTransactionContext,New-Component_uljoztollg,New-Node_aknqckkfxt,701630525
UMLCloneNode,LightDisplay,LightDisplay_jqcogzikri,,508974912
Move_Operation_New_Component_New_Node,getTransaction,New-Component_cwteallxwh,New-Node_bxiukagzac,768889381
Move_Operation_Component,getEnterpriseByID,CashDeskApplication,,256702716
Move_Operation_New_Component_New_Node,getTransactionContext,New-Component_uljoztollg,New-Node_aknqckkfxt,666463935
UMLCloneNode,LightDisplay,LightDisplay_jqcogzikri,,458167770
Move_Component_New_Node,Persistence,New-Node_eyfjterhev,,531868286
Move_Operation_Component,saleStartedEvent,CashDeskApplication,,293061082
Move_Operation_New_Component_New_Node,getTransactionContext,New-Component_uljoztollg,New-Node_aknqckkfxt,645286940
UMLCloneNode,LightDisplay,LightDisplay_jqcogzikri,,485361679
Move_Component_New_Node,Persistence,New-Node_eyfjterhev,,559003525
Move_Operation_Component,getTransactionContext,Inventory,,334398766
Move_Operation_New_Component_New_Node,getTransactionContext,New-Component_uljoztollg,New-Node_aknqckkfxt,697950373
UMLCloneNode,LightDisplay,LightDisplay_jqcogzikri,,474264798
Move_Component_New_Node,Persistence,New-Node_eyfjterhev,,587302356
Move_Operation_New_Component_New_Node,getTransaction,New-Component_amrpspopgi,New-Node_shnhojnqav,783535858
Move_Operation_New_Component_New_Node,getTransactionContext,New-Component_uljoztollg,New-Node_aknqckkfxt,630984056
UMLCloneNode,LightDisplay,LightDisplay_jqcogzikri,,368588484
UMLCloneNode,CashBox,CashBox_azrwvdpoqk,,391298464
Move_Operation_Component,saleStartedEvent,CashDeskApplication,,337311528
Move_Operation_New_Component_New_Node,getTransactionContext,New-Component_uljoztollg,New-Node_aknqckkfxt,663160890
UMLCloneNode,LightDisplay,LightDisplay_jqcogzikri,,496349324
Move_Component_New_Node,Persistence,New-Node_eyfjterhev,,562749159
Move_Component_New_Node,CashBoxController,New-Node_gkzskppori,,608699754
Move_Operation_New_Component_New_Node,getTransactionContext,New-Component_uljoztollg,New-Node_aknqckkfxt,783038937
UMLCloneNode,LightDisplay,LightDisplay_jqcogzikri,,594040854
UMLCloneNode,CashBox,CashBox_azrwvdpoqk,,566500435
Move_Operation_New_Component_New_Node,getTransaction,New-Component_amrpspopgi,New-Node_shnhojnqav,590234405
Move_Operation_New_Component_New_Node,getTransactionContext,New-Component_uljoztollg,New-Node_aknqckkfxt,590943475
UMLCloneNode,LightDisplay,LightDisplay_jqcogzikri,,588936521
UMLCloneNode,CashBox,CashBox_azrwvdpoqk,,570311211
Move_Operation_Component,getEnterpriseByID,CashDeskApplication,,315696531
Move_Operation_New_Component_New_Node,getTransactionContext,New-Component_uljoztollg,New-Node_aknqckkfxt,763131212
UMLCloneNode,LightDisplay,LightDisplay_jqcogzikri,,566567310
Move_Component_New_Node,Persistence,New-Node_eyfjterhev,,1008957671
Move_Operation_New_Component_New_Node,rollInReceivedOrder,New-Component_drgermvndo,New-Node_muduybkmxt,739175285
Move_Operation_New_Component_New_Node,getTransactionContext,New-Component_uljoztollg,New-Node_aknqckkfxt,681023990
UMLCloneNode,LightDisplay,LightDisplay_jqcogzikri,,508780037
Move_Operation_New_Component_New_Node,getTransaction,New-Component_cwteallxwh,New-Node_bxiukagzac,707791970
UMLCloneNode,EnterpriseClient,EnterpriseClient_lkhtjbldcm,,511217729
Move_Operation_New_Component_New_Node,getTransactionContext,New-Component_uljoztollg,New-Node_aknqckkfxt,737013291
UMLCloneNode,LightDisplay,LightDisplay_jqcogzikri,,556366319
Move_Component_New_Node,Persistence,New-Node_eyfjterhev,,626651881
Move_Operation_New_Component_New_Node,getEnterpriseByID,New-Component_pziirsfubh,New-Node_anjtfnhqrx,694726958
Move_Operation_New_Component_New_Node,getTransactionContext,New-Component_uljoztollg,New-Node_aknqckkfxt,656359444
UMLCloneNode,LightDisplay,LightDisplay_jqcogzikri,,463678865
Move_Component_New_Node,Persistence,New-Node_eyfjterhev,,550759554
Move_Component_New_Node,CashBoxController,New-Node_gkzskppori,,552000932
Move_Operation_New_Component_New_Node,getTransactionContext,New-Component_uljoztollg,New-Node_aknqckkfxt,674882833
UMLCloneNode,LightDisplay,LightDisplay_jqcogzikri,,457272641
UMLCloneNode,CashBox,CashBox_azrwvdpoqk,,465416904
Move_Component_New_Node,CashBoxController,New-Node_gkzskppori,,590480727
Move_Operation_New_Component_New_Node,getTransactionContext,New-Component_uljoztollg,New-Node_aknqckkfxt,660383481
UMLCloneNode,LightDisplay,LightDisplay_jqcogzikri,,458920541
UMLCloneNode,CashBox,CashBox_azrwvdpoqk,,448957226
Move_Operation_New_Component_New_Node,saleStartedEvent,New-Component_nuotudhucw,New-Node_fwunyzhaek,746400456
Move_Operation_New_Component_New_Node,getTransactionContext,New-Component_uljoztollg,New-Node_aknqckkfxt,674822971
UMLCloneNode,LightDisplay,LightDisplay_jqcogzikri,,463919907
Move_Component_New_Node,Persistence,New-Node_eyfjterhev,,584232369
Move_Operation_New_Component_New_Node,getTransaction,New-Component_amrpspopgi,New-Node_shnhojnqav,814094187
Move_Operation_New_Component_New_Node,getTransactionContext,New-Component_uljoztollg,New-Node_aknqckkfxt,662614566
UMLCloneNode,LightDisplay,LightDisplay_jqcogzikri,,473153934
UMLCloneNode,CashBox,CashBox_azrwvdpoqk,,512451022
Move_Component_New_Node,CashBoxController,New-Node_gkzskppori,,562277014
Move_Operation_New_Component_New_Node,getTransactionContext,New-Component_uljoztollg,New-Node_aknqckkfxt,667153528
UMLCloneNode,LightDisplay,LightDisplay_jqcogzikri,,508728330
Move_Operation_New_Component_New_Node,getTransaction,New-Component_cwteallxwh,New-Node_bxiukagzac,705772773
Move_Operation_New_Component_New_Node,getTransaction,New-Component_amrpspopgi,New-Node_shnhojnqav,694469094
Move_Operation_New_Component_New_Node,getTransactionContext,New-Component_uljoztollg,New-Node_aknqckkfxt,744678647
UMLCloneNode,LightDisplay,LightDisplay_jqcogzikri,,549408521
UMLCloneNode,CashBox,CashBox_azrwvdpoqk,,506003299
Move_Operation_New_Component_New_Node,printRunningTotal,New-Component_izowgnmmae,New-Node_ntcpvapfen,778480768
Move_Operation_New_Component_New_Node,getTransactionContext,New-Component_uljoztollg,New-Node_aknqckkfxt,680670467
UMLCloneNode,LightDisplay,LightDisplay_jqcogzikri,,515640463
Move_Operation_New_Component_New_Node,getTransaction,New-Component_cwteallxwh,New-Node_bxiukagzac,742168058
Move_Component_New_Node,Inventory,New-Node_cqmvnfhath,,491056809
Move_Operation_New_Component_New_Node,getTransactionContext,New-Component_uljoztollg,New-Node_aknqckkfxt,616366653
UMLCloneNode,LightDisplay,LightDisplay_jqcogzikri,,438085247
Move_Operation_New_Component_New_Node,getTransaction,New-Component_cwteallxwh,New-Node_bxiukagzac,721095349
Move_Component_New_Node,GUIStore,New-Node_rrvpqbrfmb,,508466178
Move_Operation_New_Component_New_Node,getTransactionContext,New-Component_uljoztollg,New-Node_aknqckkfxt,557089636
UMLCloneNode,LightDisplay,LightDisplay_jqcogzikri,,382716249
Move_Operation_New_Component_New_Node,getTransaction,New-Component_cwteallxwh,New-Node_bxiukagzac,610574050
Move_Operation_Component,getEnterpriseByID,CashDeskApplication,,273861906
Move_Operation_New_Component_New_Node,getTransactionContext,New-Component_uljoztollg,New-Node_aknqckkfxt,646836244
UMLCloneNode,LightDisplay,LightDisplay_jqcogzikri,,455869409
Move_Component_New_Node,Persistence,New-Node_eyfjterhev,,509648526
Move_Operation_New_Component_New_Node,getTransaction,New-Component_amrpspopgi,New-Node_shnhojnqav,748381200
Move_Operation_New_Component_New_Node,getTransactionContext,New-Component_uljoztollg,New-Node_aknqckkfxt,744677164
UMLCloneNode,LightDisplay,LightDisplay_jqcogzikri,,599900913
UMLCloneNode,CashBox,CashBox_azrwvdpoqk,,577447144
Move_Operation_New_Component_New_Node,getEnterpriseByID,New-Component_pziirsfubh,New-Node_anjtfnhqrx,735995232
Move_Operation_New_Component_New_Node,getTransactionContext,New-Component_uljoztollg,New-Node_aknqckkfxt,709075888
UMLCloneNode,LightDisplay,LightDisplay_jqcogzikri,,460915352
Move_Component_New_Node,Persistence,New-Node_eyfjterhev,,637971270
Move_Operation_New_Component_New_Node,getEnterpriseByID,New-Component_pziirsfubh,New-Node_anjtfnhqrx,790359526
Move_Operation_New_Component_New_Node,getTransactionContext,New-Component_uljoztollg,New-Node_aknqckkfxt,778383406
UMLCloneNode,LightDisplay,LightDisplay_jqcogzikri,,884242473
Move_Component_New_Node,Persistence,New-Node_eyfjterhev,,530073911
Move_Operation_New_Component_New_Node,getEnterpriseByID,New-Component_pziirsfubh,New-Node_anjtfnhqrx,732808095
Move_Operation_New_Component_New_Node,getTransactionContext,New-Component_uljoztollg,New-Node_aknqckkfxt,683787021
UMLCloneNode,LightDisplay,LightDisplay_jqcogzikri,,456551278
Move_Component_New_Node,Persistence,New-Node_eyfjterhev,,546245599
Move_Operation_Component,getEnterpriseByID,CashDeskApplication,,317264322
Move_Operation_New_Component_New_Node,getTransactionContext,New-Component_uljoztollg,New-Node_aknqckkfxt,759942803
UMLCloneNode,LightDisplay,LightDisplay_jqcogzikri,,534474894
Move_Component_New_Node,Persistence,New-Node_eyfjterhev,,604855274
Move_Operation_New_Component_New_Node,saleStartedEvent,New-Component_nuotudhucw,New-Node_fwunyzhaek,703051019
Move_Operation_New_Component_New_Node,getTransactionContext,New-Component_uljoztollg,New-Node_aknqckkfxt,649754457
UMLCloneNode,LightDisplay,LightDisplay_jqcogzikri,,456930880
Move_Component_New_Node,Persistence,New-Node_eyfjterhev,,519605549
Move_Operation_New_Component_New_Node,printRunningTotal,New-Component_psyrxbwyny,New-Node_rxzzbknpkf,735752877
Move_Operation_New_Component_New_Node,getTransactionContext,New-Component_uljoztollg,New-Node_aknqckkfxt,772675271
UMLCloneNode,LightDisplay,LightDisplay_jqcogzikri,,501874627
Move_Component_New_Node,Persistence,New-Node_eyfjterhev,,532352805
Move_Operation_New_Component_New_Node,createReport,New-Component_qqkxvdjnei,New-Node_qgrzqvxudp,858435765
Move_Operation_New_Component_New_Node,getTransactionContext,New-Component_uljoztollg,New-Node_aknqckkfxt,771242564
UMLCloneNode,LightDisplay,LightDisplay_jqcogzikri,,571999387
Move_Component_New_Node,Persistence,New-Node_eyfjterhev,,579230157
Move_Operation_New_Component_New_Node,scanProduct,New-Component_appstxaniu,New-Node_klubgdglci,743587681
Move_Operation_New_Component_New_Node,getTransactionContext,New-Component_uljoztollg,New-Node_aknqckkfxt,656162726
UMLCloneNode,LightDisplay,LightDisplay_jqcogzikri,,462439331
Move_Component_New_Node,Persistence,New-Node_eyfjterhev,,543677293
UMLCloneNode,BarCodeScanner,BarCodeScanner_jgscnozcsy,,563162355
Move_Operation_New_Component_New_Node,getTransactionContext,New-Component_uljoztollg,New-Node_aknqckkfxt,659323503
UMLCloneNode,LightDisplay,LightDisplay_jqcogzikri,,454936029
Move_Component_New_Node,Persistence,New-Node_eyfjterhev,,518597297
Move_Component_New_Node,CashBoxController,New-Node_gkzskppori,,488350894
Move_Operation_New_Component_New_Node,getTransactionContext,New-Component_uljoztollg,New-Node_aknqckkfxt,561986759
UMLCloneNode,LightDisplay,LightDisplay_jqcogzikri,,454626628
Move_Operation_New_Component_New_Node,getTransaction,New-Component_cwteallxwh,New-Node_bxiukagzac,839006929
Move_Operation_New_Component_New_Node,saleStartedEvent,New-Component_nuotudhucw,New-Node_fwunyzhaek,677273366
Move_Operation_New_Component_New_Node,getTransactionContext,New-Component_uljoztollg,New-Node_aknqckkfxt,602886412
UMLCloneNode,LightDisplay,LightDisplay_jqcogzikri,,383605016
Move_Component_New_Node,Persistence,New-Node_eyfjterhev,,429921156
Move_Operation_Component,getEnterpriseByID,CashDeskApplication,,308073576
Move_Operation_New_Component_New_Node,getTransactionContext,New-Component_uljoztollg,New-Node_aknqckkfxt,652127709
UMLCloneNode,LightDisplay,LightDisplay_jqcogzikri,,469630917
Move_Component_New_Node,Persistence,New-Node_eyfjterhev,,520218328
UMLCloneNode,EnterpriseClient,EnterpriseClient_lkhtjbldcm,,526810651
Move_Operation_New_Component_New_Node,getTransactionContext,New-Component_uljoztollg,New-Node_aknqckkfxt,703691731
UMLCloneNode,LightDisplay,LightDisplay_jqcogzikri,,532463602
Move_Component_New_Node,Persistence,New-Node_eyfjterhev,,522736029
Move_Operation_New_Component_New_Node,getEnterpriseByID,New-Component_pziirsfubh,New-Node_anjtfnhqrx,728152924
Move_Operation_New_Component_New_Node,getTransactionContext,New-Component_uljoztollg,New-Node_aknqckkfxt,651992695
UMLCloneNode,LightDisplay,LightDisplay_jqcogzikri,,429539962
Move_Component_New_Node,Persistence,New-Node_eyfjterhev,,472278092
Move_Operation_Component,getEnterpriseByID,CashDeskApplication,,363459675
Move_Operation_New_Component_New_Node,getTransactionContext,New-Component_uljoztollg,New-Node_aknqckkfxt,689823281
UMLCloneNode,LightDisplay,LightDisplay_jqcogzikri,,514672458
Move_Component_New_Node,Persistence,New-Node_eyfjterhev,,572024795
Move_Component_New_Node,GUIStore,New-Node_rrvpqbrfmb,,463389923
Move_Operation_New_Component_New_Node,getTransactionContext,New-Component_uljoztollg,New-Node_aknqckkfxt,635490156
UMLCloneNode,LightDisplay,LightDisplay_jqcogzikri,,456093069
Move_Operation_New_Component_New_Node,getTransaction,New-Component_cwteallxwh,New-Node_bxiukagzac,642044759
Move_Operation_New_Component_New_Node,getEnterpriseByID,New-Component_pziirsfubh,New-Node_anjtfnhqrx,754021969
Move_Operation_New_Component_New_Node,getTransactionContext,New-Component_uljoztollg,New-Node_aknqckkfxt,769972022
UMLCloneNode,LightDisplay,LightDisplay_jqcogzikri,,527018681
Move_Component_New_Node,Persistence,New-Node_eyfjterhev,,600810329
UMLCloneNode,EnterpriseClient,EnterpriseClient_lkhtjbldcm,,573484312
Move_Operation_New_Component_New_Node,getMeanTimeToDelivery,New-Component_erjldofzxe,New-Node_ajuogceblw,772420764
UMLCloneNode,LightDisplay,LightDisplay_jqcogzikri,,608409360
Move_Component_New_Node,Persistence,New-Node_eyfjterhev,,640266995
Move_Component_New_Node,Inventory,New-Node_cqmvnfhath,,648725828
Move_Operation_New_Component_New_Node,getTransactionContext,New-Component_uljoztollg,New-Node_aknqckkfxt,798709835
UMLCloneNode,LightDisplay,LightDisplay_jqcogzikri,,497843116
Move_Operation_New_Component_New_Node,scanProduct,New-Component_kxjwxtjsig,New-Node_brruzgiltv,672394406
Move_Operation_New_Component_New_Node,saleStartedEvent,New-Component_nuotudhucw,New-Node_fwunyzhaek,609104743
Move_Operation_New_Component_New_Node,getTransactionContext,New-Component_uljoztollg,New-Node_aknqckkfxt,646314396
UMLCloneNode,LightDisplay,LightDisplay_jqcogzikri,,463135065
Move_Component_New_Node,Persistence,New-Node_eyfjterhev,,533298679
Move_Component_New_Node,GUIStore,New-Node_rrvpqbrfmb,,632084290
Move_Operation_New_Component_New_Node,getTransactionContext,New-Component_uljoztollg,New-Node_aknqckkfxt,803882867
UMLCloneNode,LightDisplay,LightDisplay_jqcogzikri,,527569785
Move_Operation_New_Component_New_Node,getTransaction,New-Component_cwteallxwh,New-Node_bxiukagzac,689135753
Move_Operation_New_Component_New_Node,getMeanTimeToDelivery,New-Component_vvjbozyfpm,New-Node_nurjqetvqf,672882782
Move_Operation_New_Component_New_Node,getTransactionContext,New-Component_uljoztollg,New-Node_aknqckkfxt,712888498
UMLCloneNode,LightDisplay,LightDisplay_jqcogzikri,,552574709
Move_Component_New_Node,Persistence,New-Node_eyfjterhev,,606640142
Move_Operation_New_Component_New_Node,saleStartedEvent,New-Component_bmaxtvjtbs,New-Node_evddtsigdi,739020866
Move_Operation_New_Component_New_Node,getTransactionContext,New-Component_uljoztollg,New-Node_aknqckkfxt,686207962
UMLCloneNode,LightDisplay,LightDisplay_jqcogzikri,,487510669
Move_Operation_New_Component_New_Node,getTransaction,New-Component_cwteallxwh,New-Node_bxiukagzac,712284556
Move_Component_New_Node,CashBoxController,New-Node_gkzskppori,,637060752
Move_Operation_New_Component_New_Node,getTransactionContext,New-Component_uljoztollg,New-Node_aknqckkfxt,679878040
UMLCloneNode,LightDisplay,LightDisplay_jqcogzikri,,468424695
Move_Operation_New_Component_New_Node,getTransaction,New-Component_cwteallxwh,New-Node_bxiukagzac,664185181
Move_Operation_New_Component_New_Node,getEnterpriseByID,New-Component_pziirsfubh,New-Node_anjtfnhqrx,665670246
Move_Operation_New_Component_New_Node,getTransactionContext,New-Component_uljoztollg,New-Node_aknqckkfxt,686009589
UMLCloneNode,LightDisplay,LightDisplay_jqcogzikri,,574210243
Move_Component_New_Node,Persistence,New-Node_eyfjterhev,,663304539
UMLCloneNode,EnterpriseClient,EnterpriseClient_lkhtjbldcm,,485577222
Move_Operation_New_Component_New_Node,getTransactionContext,New-Component_uljoztollg,New-Node_aknqckkfxt,640783263
UMLCloneNode,LightDisplay,LightDisplay_jqcogzikri,,437396085
Move_Component_New_Node,Persistence,New-Node_eyfjterhev,,571869654
UMLCloneNode,EnterpriseServer,EnterpriseServer_tocjtukfwt,,506249060
Move_Operation_New_Component_New_Node,getTransactionContext,New-Component_uljoztollg,New-Node_aknqckkfxt,650914513
UMLCloneNode,LightDisplay,LightDisplay_jqcogzikri,,463561144
Move_Component_New_Node,Persistence,New-Node_eyfjterhev,,524931006
Move_Operation_New_Component_New_Node,printRunningTotal,New-Component_izowgnmmae,New-Node_ntcpvapfen,641887785
Move_Operation_New_Component_New_Node,getTransactionContext,New-Component_uljoztollg,New-Node_aknqckkfxt,622287607
UMLCloneNode,LightDisplay,LightDisplay_jqcogzikri,,423618918
Move_Operation_New_Component_New_Node,getTransaction,New-Component_cwteallxwh,New-Node_bxiukagzac,654388268
Move_Component_New_Node,CashBoxController,New-Node_gkzskppori,,540212595
Move_Operation_New_Component_New_Node,getTransactionContext,New-Component_uljoztollg,New-Node_aknqckkfxt,744697162
UMLCloneNode,LightDisplay,LightDisplay_jqcogzikri,,562303363
Move_Operation_New_Component_New_Node,getTransaction,New-Component_cwteallxwh,New-Node_bxiukagzac,735451082
Move_Operation_New_Component_New_Node,printRunningTotal,New-Component_izowgnmmae,New-Node_ntcpvapfen,715499234
Move_Operation_New_Component_New_Node,getTransactionContext,New-Component_uljoztollg,New-Node_aknqckkfxt,682072186
UMLCloneNode,LightDisplay,LightDisplay_jqcogzikri,,547791107
Move_Operation_New_Component_New_Node,getTransaction,New-Component_cwteallxwh,New-Node_bxiukagzac,775438513
Move_Operation_Component,getEnterpriseByID,CashDeskApplication,,308290863
Move_Operation_New_Component_New_Node,getTransactionContext,New-Component_uljoztollg,New-Node_aknqckkfxt,663721651
UMLCloneNode,LightDisplay,LightDisplay_jqcogzikri,,461530716
Move_Component_New_Node,CashBoxController,New-Node_eqhvchfmel,,532268446
Move_Operation_New_Component_New_Node,saleStartedEvent,New-Component_nuotudhucw,New-Node_fwunyzhaek,736178065
Move_Operation_New_Component_New_Node,getTransactionContext,New-Component_uljoztollg,New-Node_aknqckkfxt,637916056
UMLCloneNode,LightDisplay,LightDisplay_jqcogzikri,,502283353
Move_Component_New_Node,Persistence,New-Node_eyfjterhev,,572505336
Move_Component_New_Node,GUIStore,New-Node_rrvpqbrfmb,,560761492
Move_Operation_New_Component_New_Node,getTransactionContext,New-Component_uljoztollg,New-Node_aknqckkfxt,669713438
UMLCloneNode,LightDisplay,LightDisplay_jqcogzikri,,449655155
Move_Operation_New_Component_New_Node,getTransaction,New-Component_cwteallxwh,New-Node_bxiukagzac,656170561
Move_Component_New_Node,GUIStore,New-Node_rrvpqbrfmb,,535241482
Move_Operation_New_Component_New_Node,getTransactionContext,New-Component_uljoztollg,New-Node_aknqckkfxt,1118091308
UMLCloneNode,LightDisplay,LightDisplay_jqcogzikri,,470736871
Move_Operation_New_Component_New_Node,getTransaction,New-Component_cwteallxwh,New-Node_bxiukagzac,678229750
Move_Component_New_Node,CashBoxController,New-Node_gkzskppori,,553523848
Move_Operation_New_Component_New_Node,getTransactionContext,New-Component_uljoztollg,New-Node_aknqckkfxt,613639719
UMLCloneNode,LightDisplay,LightDisplay_jqcogzikri,,424836119
Move_Operation_New_Component_New_Node,getTransaction,New-Component_cwteallxwh,New-Node_bxiukagzac,578680667
Move_Operation_New_Component_New_Node,printRunningTotal,New-Component_izowgnmmae,New-Node_ntcpvapfen,760681579
Move_Operation_New_Component_New_Node,getTransactionContext,New-Component_uljoztollg,New-Node_aknqckkfxt,712025510
UMLCloneNode,LightDisplay,LightDisplay_jqcogzikri,,560361702
Move_Operation_New_Component_New_Node,getTransaction,New-Component_cwteallxwh,New-Node_bxiukagzac,721557296
Move_Component_New_Node,CashBoxController,New-Node_gkzskppori,,617511880
Move_Operation_New_Component_New_Node,getTransactionContext,New-Component_uljoztollg,New-Node_aknqckkfxt,772319745
UMLCloneNode,LightDisplay,LightDisplay_jqcogzikri,,500771617
Move_Operation_New_Component_New_Node,getTransaction,New-Component_cwteallxwh,New-Node_bxiukagzac,653639383
Move_Component_New_Node,CashBoxController,New-Node_gkzskppori,,582028356
Move_Operation_New_Component_New_Node,getTransactionContext,New-Component_uljoztollg,New-Node_aknqckkfxt,651548432
UMLCloneNode,LightDisplay,LightDisplay_jqcogzikri,,457062397
Move_Operation_New_Component_New_Node,getTransaction,New-Component_cwteallxwh,New-Node_bxiukagzac,655449708
Move_Component_New_Node,GUIStore,New-Node_rrvpqbrfmb,,620246348
Move_Operation_New_Component_New_Node,getTransactionContext,New-Component_uljoztollg,New-Node_aknqckkfxt,685982529
UMLCloneNode,LightDisplay,LightDisplay_jqcogzikri,,492020877
Move_Operation_New_Component_New_Node,getTransaction,New-Component_cwteallxwh,New-Node_bxiukagzac,658646734
Move_Operation_New_Component_New_Node,printRunningTotal,New-Component_izowgnmmae,New-Node_ntcpvapfen,730732763
Move_Operation_New_Component_New_Node,getTransactionContext,New-Component_uljoztollg,New-Node_aknqckkfxt,730769461
UMLCloneNode,LightDisplay,LightDisplay_jqcogzikri,,613342020
Move_Operation_New_Component_New_Node,getTransaction,New-Component_cwteallxwh,New-Node_bxiukagzac,796804302
Move_Component_New_Node,CashBoxController,New-Node_gkzskppori,,614155927
Move_Operation_New_Component_New_Node,getTransactionContext,New-Component_uljoztollg,New-Node_aknqckkfxt,652915606
UMLCloneNode,LightDisplay,LightDisplay_jqcogzikri,,468552976
Move_Operation_New_Component_New_Node,getTransaction,New-Component_cwteallxwh,New-Node_bxiukagzac,678115786
Move_Operation_New_Component_New_Node,saleStartedEvent,New-Component_bmaxtvjtbs,New-Node_evddtsigdi,594008994
Move_Operation_New_Component_New_Node,getTransactionContext,New-Component_uljoztollg,New-Node_aknqckkfxt,609159116
UMLCloneNode,LightDisplay,LightDisplay_jqcogzikri,,392088716
Move_Operation_New_Component_New_Node,getTransaction,New-Component_cwteallxwh,New-Node_bxiukagzac,628858129
Move_Operation_New_Component_New_Node,printRunningTotal,New-Component_izowgnmmae,New-Node_ntcpvapfen,752179814
Move_Operation_New_Component_New_Node,getTransactionContext,New-Component_uljoztollg,New-Node_aknqckkfxt,677383522
UMLCloneNode,LightDisplay,LightDisplay_jqcogzikri,,490151932
Move_Operation_New_Component_New_Node,getTransaction,New-Component_cwteallxwh,New-Node_bxiukagzac,687001500
Move_Component_New_Node,CashBoxController,New-Node_gkzskppori,,613212638
Move_Operation_New_Component_New_Node,getTransactionContext,New-Component_uljoztollg,New-Node_aknqckkfxt,689519262
UMLCloneNode,LightDisplay,LightDisplay_jqcogzikri,,574550652
Move_Operation_New_Component_New_Node,getTransaction,New-Component_cwteallxwh,New-Node_bxiukagzac,791166589
Move_Component_New_Node,Inventory,New-Node_cqmvnfhath,,569952819
Move_Operation_New_Component_New_Node,getTransactionContext,New-Component_uljoztollg,New-Node_aknqckkfxt,688553260
UMLCloneNode,LightDisplay,LightDisplay_jqcogzikri,,612748257
Move_Operation_New_Component_New_Node,getTransaction,New-Component_cwteallxwh,New-Node_bxiukagzac,790168087
Move_Operation_Component,getTransactionContext,GUIReporting,,322351111
Move_Operation_New_Component_New_Node,getTransactionContext,New-Component_uljoztollg,New-Node_aknqckkfxt,662967668
UMLCloneNode,LightDisplay,LightDisplay_jqcogzikri,,466328594
Move_Operation_New_Component_New_Node,getTransaction,New-Component_cwteallxwh,New-Node_bxiukagzac,654940624
Move_Component_New_Node,CashBoxController,New-Node_gkzskppori,,552512371
Move_Operation_New_Component_New_Node,getTransactionContext,New-Component_uljoztollg,New-Node_aknqckkfxt,670836073
UMLCloneNode,LightDisplay,LightDisplay_jqcogzikri,,461265639
Move_Operation_New_Component_New_Node,getTransaction,New-Component_cwteallxwh,New-Node_bxiukagzac,660523363
Move_Operation_New_Component_New_Node,printRunningTotal,New-Component_izowgnmmae,New-Node_ntcpvapfen,717114043
Move_Operation_New_Component_New_Node,getTransactionContext,New-Component_uljoztollg,New-Node_aknqckkfxt,671585168
UMLCloneNode,LightDisplay,LightDisplay_jqcogzikri,,463245662
Move_Operation_New_Component_New_Node,getTransaction,New-Component_cwteallxwh,New-Node_bxiukagzac,725325823
Move_Component_New_Node,CashBoxController,New-Node_gkzskppori,,597850317
Move_Operation_New_Component_New_Node,getTransactionContext,New-Component_uljoztollg,New-Node_aknqckkfxt,751803208
UMLCloneNode,LightDisplay,LightDisplay_jqcogzikri,,525495174
Move_Operation_New_Component_New_Node,getTransaction,New-Component_cwteallxwh,New-Node_bxiukagzac,766885473
Move_Operation_New_Component_New_Node,printRunningTotal,New-Component_izowgnmmae,New-Node_ntcpvapfen,705559253
Move_Operation_New_Component_New_Node,getTransactionContext,New-Component_uljoztollg,New-Node_aknqckkfxt,663921426
UMLCloneNode,LightDisplay,LightDisplay_jqcogzikri,,464017971
Move_Operation_New_Component_New_Node,getTransaction,New-Component_cwteallxwh,New-Node_bxiukagzac,1078959040
Move_Operation_New_Component_New_Node,getMeanTimeToDelivery,New-Component_qsghuhpcdl,New-Node_sawtwqxbff,738721895
Move_Operation_New_Component_New_Node,getTransactionContext,New-Component_uljoztollg,New-Node_aknqckkfxt,707797240
UMLCloneNode,LightDisplay,LightDisplay_jqcogzikri,,490677838
Move_Operation_New_Component_New_Node,getTransaction,New-Component_cwteallxwh,New-Node_bxiukagzac,719759354
Move_Operation_New_Component_New_Node,printRunningTotal,New-Component_izowgnmmae,New-Node_ntcpvapfen,615997781
Move_Operation_New_Component_New_Node,getTransactionContext,New-Component_uljoztollg,New-Node_aknqckkfxt,595946887
UMLCloneNode,LightDisplay,LightDisplay_jqcogzikri,,475434301
Move_Operation_New_Component_New_Node,getTransaction,New-Component_cwteallxwh,New-Node_bxiukagzac,685087150
Move_Operation_New_Component_New_Node,saleStartedEvent,New-Component_bmaxtvjtbs,New-Node_evddtsigdi,750670503
Move_Operation_New_Component_New_Node,getTransactionContext,New-Component_uljoztollg,New-Node_aknqckkfxt,677122653
UMLCloneNode,LightDisplay,LightDisplay_jqcogzikri,,475870719
Move_Operation_New_Component_New_Node,getTransaction,New-Component_cwteallxwh,New-Node_bxiukagzac,654605605
Move_Operation_New_Component_New_Node,printRunningTotal,New-Component_izowgnmmae,New-Node_ntcpvapfen,779369736
Move_Operation_New_Component_New_Node,getTransactionContext,New-Component_uljoztollg,New-Node_aknqckkfxt,716279718
UMLCloneNode,LightDisplay,LightDisplay_jqcogzikri,,473546510
Move_Operation_New_Component_New_Node,getTransaction,New-Component_cwteallxwh,New-Node_bxiukagzac,649264068
Move_Component_New_Node,GUIStore,New-Node_rrvpqbrfmb,,555965818
Move_Operation_New_Component_New_Node,getTransactionContext,New-Component_uljoztollg,New-Node_aknqckkfxt,697132269
UMLCloneNode,LightDisplay,LightDisplay_jqcogzikri,,468952765
Move_Operation_New_Component_New_Node,getTransaction,New-Component_cwteallxwh,New-Node_bxiukagzac,643231294
Move_Component_New_Node,Inventory,New-Node_cqmvnfhath,,657722921
Move_Operation_New_Component_New_Node,getTransactionContext,New-Component_uljoztollg,New-Node_aknqckkfxt,783935959
UMLCloneNode,LightDisplay,LightDisplay_jqcogzikri,,566764089
Move_Operation_New_Component_New_Node,getTransaction,New-Component_cwteallxwh,New-Node_bxiukagzac,746139857
Move_Component_New_Node,Inventory,New-Node_cqmvnfhath,,624654545
Move_Operation_New_Component_New_Node,getTransactionContext,New-Component_uljoztollg,New-Node_aknqckkfxt,690439268
UMLCloneNode,LightDisplay,LightDisplay_jqcogzikri,,475276816
Move_Operation_New_Component_New_Node,getTransaction,New-Component_cwteallxwh,New-Node_bxiukagzac,682834205
Move_Operation_New_Component_New_Node,printRunningTotal,New-Component_izowgnmmae,New-Node_ntcpvapfen,720477981
Move_Operation_New_Component_New_Node,getTransactionContext,New-Component_uljoztollg,New-Node_aknqckkfxt,655101656
UMLCloneNode,LightDisplay,LightDisplay_jqcogzikri,,455146313
Move_Operation_New_Component_New_Node,getTransaction,New-Component_cwteallxwh,New-Node_bxiukagzac,635152804
Move_Operation_New_Component_New_Node,getTransactionContext,New-Component_lsspyyecxc,New-Node_xvdskobdkg,724812530
Move_Operation_New_Component_New_Node,getTransactionContext,New-Component_uljoztollg,New-Node_aknqckkfxt,642923477
UMLCloneNode,LightDisplay,LightDisplay_jqcogzikri,,566122406
Move_Operation_New_Component_New_Node,getTransaction,New-Component_cwteallxwh,New-Node_bxiukagzac,774422338
Move_Component_New_Node,GUIStore,New-Node_rrvpqbrfmb,,613296305
Move_Operation_New_Component_New_Node,getTransactionContext,New-Component_uljoztollg,New-Node_aknqckkfxt,679952180
UMLCloneNode,LightDisplay,LightDisplay_jqcogzikri,,465082137
Move_Operation_New_Component_New_Node,getTransaction,New-Component_cwteallxwh,New-Node_bxiukagzac,670841644
Move_Component_New_Node,Inventory,New-Node_cqmvnfhath,,594700651
Move_Operation_New_Component_New_Node,getTransactionContext,New-Component_uljoztollg,New-Node_aknqckkfxt,711929068
UMLCloneNode,LightDisplay,LightDisplay_jqcogzikri,,496744675
Move_Operation_New_Component_New_Node,getTransaction,New-Component_cwteallxwh,New-Node_bxiukagzac,703190220
Move_Component_New_Node,GUIStore,New-Node_rrvpqbrfmb,,517379273
Move_Operation_New_Component_New_Node,getTransactionContext,New-Component_uljoztollg,New-Node_aknqckkfxt,568472753
UMLCloneNode,LightDisplay,LightDisplay_jqcogzikri,,393722009
Move_Operation_New_Component_New_Node,getTransaction,New-Component_cwteallxwh,New-Node_bxiukagzac,590004193
Move_Operation_New_Component_New_Node,printRunningTotal,New-Component_izowgnmmae,New-Node_ntcpvapfen,741004406
Move_Operation_New_Component_New_Node,getTransactionContext,New-Component_uljoztollg,New-Node_aknqckkfxt,701157538
UMLCloneNode,LightDisplay,LightDisplay_jqcogzikri,,485647354
Move_Operation_New_Component_New_Node,getTransaction,New-Component_cwteallxwh,New-Node_bxiukagzac,661227484
Move_Operation_New_Component_New_Node,printRunningTotal,New-Component_izowgnmmae,New-Node_ntcpvapfen,836587361
Move_Operation_New_Component_New_Node,getTransactionContext,New-Component_uljoztollg,New-Node_aknqckkfxt,597571144
UMLCloneNode,LightDisplay,LightDisplay_jqcogzikri,,380813891
Move_Operation_New_Component_New_Node,getTransaction,New-Component_cwteallxwh,New-Node_bxiukagzac,573995100
Move_Component_New_Node,GUIStore,New-Node_rrvpqbrfmb,,490635599
Move_Operation_New_Component_New_Node,getTransactionContext,New-Component_uljoztollg,New-Node_aknqckkfxt,574043530
UMLCloneNode,LightDisplay,LightDisplay_jqcogzikri,,371550809
UMLCloneNode,BarCodeScanner,BarCodeScanner_eqszelnsug,,365514098
Move_Operation_New_Component_New_Node,getMeanTimeToDelivery,New-Component_qsghuhpcdl,New-Node_sawtwqxbff,678918621
Move_Operation_New_Component_New_Node,getTransactionContext,New-Component_uljoztollg,New-Node_aknqckkfxt,665832120
UMLCloneNode,LightDisplay,LightDisplay_jqcogzikri,,873990246
Move_Operation_New_Component_New_Node,getTransaction,New-Component_cwteallxwh,New-Node_bxiukagzac,667034344
Move_Operation_Component,rollInReceivedOrder,New-Component_bvswrkztsm,,294641756
Move_Operation_New_Component_New_Node,getTransactionContext,New-Component_uljoztollg,New-Node_aknqckkfxt,656733226
UMLCloneNode,LightDisplay,LightDisplay_jqcogzikri,,479134020
Move_Operation_New_Component_New_Node,getTransaction,New-Component_cwteallxwh,New-Node_bxiukagzac,678268392
Move_Component_New_Node,Inventory,New-Node_cqmvnfhath,,611033301
Move_Operation_New_Component_New_Node,getTransactionContext,New-Component_uljoztollg,New-Node_aknqckkfxt,677345972
UMLCloneNode,LightDisplay,LightDisplay_jqcogzikri,,463408287
Move_Operation_New_Component_New_Node,getTransaction,New-Component_cwteallxwh,New-Node_bxiukagzac,778488093
Move_Component_New_Node,Inventory,New-Node_cqmvnfhath,,549440911
Move_Operation_New_Component_New_Node,getTransactionContext,New-Component_uljoztollg,New-Node_aknqckkfxt,676271126
UMLCloneNode,LightDisplay,LightDisplay_jqcogzikri,,490296533
Move_Operation_New_Component_New_Node,scanProduct,New-Component_kxjwxtjsig,New-Node_brruzgiltv,656815299
Move_Operation_Component,getMeanTimeToDeliveryReport,CashDeskGUI,,380043276
Move_Operation_New_Component_New_Node,getTransactionContext,New-Component_uljoztollg,New-Node_aknqckkfxt,749839916
UMLCloneNode,LightDisplay,LightDisplay_jqcogzikri,,494225942
Move_Operation_New_Component_New_Node,scanProduct,New-Component_kxjwxtjsig,New-Node_brruzgiltv,760868669
Move_Component_New_Node,GUIStore,New-Node_rrvpqbrfmb,,610626388
UMLCloneNode,Printer,Printer_awixlkuhgy,,493960104
UMLCloneNode,LightDisplay,LightDisplay_jqcogzikri,,534904901
Move_Operation_New_Component_New_Node,getTransaction,New-Component_cwteallxwh,New-Node_bxiukagzac,696089624
Move_Component_New_Node,Inventory,New-Node_cqmvnfhath,,645982995
Move_Operation_New_Component_New_Node,getTransactionContext,New-Component_uljoztollg,New-Node_aknqckkfxt,662870315
UMLCloneNode,LightDisplay,LightDisplay_jqcogzikri,,466085328
Move_Operation_New_Component_New_Node,getTransaction,New-Component_cwteallxwh,New-Node_bxiukagzac,661003564
Move_Component_New_Node,GUIStore,New-Node_rrvpqbrfmb,,558148772
Move_Operation_New_Component_New_Node,getTransactionContext,New-Component_uljoztollg,New-Node_aknqckkfxt,791391221
Move_Operation_New_Component_New_Node,printRunningTotal,New-Component_idlstrjuzq,New-Node_cbgyzadpqe,783139766
Move_Operation_New_Component_New_Node,getTransaction,New-Component_cwteallxwh,New-Node_bxiukagzac,751255461
Move_Component_New_Node,Inventory,New-Node_cqmvnfhath,,682724569
Move_Operation_New_Component_New_Node,getTransactionContext,New-Component_uljoztollg,New-Node_aknqckkfxt,768200869
UMLCloneNode,LightDisplay,LightDisplay_jqcogzikri,,505062304
Move_Operation_New_Component_New_Node,getTransaction,New-Component_cwteallxwh,New-Node_bxiukagzac,731149184
Move_Component_New_Node,Inventory,New-Node_cqmvnfhath,,573963290
Move_Operation_New_Component_New_Node,getTransactionContext,New-Component_uljoztollg,New-Node_aknqckkfxt,723830188
UMLCloneNode,LightDisplay,LightDisplay_jqcogzikri,,551073824
Move_Operation_New_Component_New_Node,getTransaction,New-Component_cwteallxwh,New-Node_bxiukagzac,683911385
Move_Component_New_Node,GUIStore,New-Node_rrvpqbrfmb,,583228326
Move_Operation_New_Component_New_Node,getTransactionContext,New-Component_uljoztollg,New-Node_aknqckkfxt,646784087
UMLCloneNode,LightDisplay,LightDisplay_jqcogzikri,,462552522
UMLCloneNode,BarCodeScanner,BarCodeScanner_eqszelnsug,,457615734
Move_Operation_Component,getTransactionContext,Enterprise,,353234439
Move_Operation_New_Component_New_Node,getTransactionContext,New-Component_uljoztollg,New-Node_aknqckkfxt,663752238
UMLCloneNode,LightDisplay,LightDisplay_jqcogzikri,,537296916
Move_Operation_New_Component_New_Node,getTransaction,New-Component_cwteallxwh,New-Node_bxiukagzac,759123797
Move_Operation_New_Component_New_Node,saleStartedEvent,New-Component_bmaxtvjtbs,New-Node_evddtsigdi,715136905
Move_Operation_New_Component_New_Node,getTransactionContext,New-Component_uljoztollg,New-Node_aknqckkfxt,756478045
UMLCloneNode,LightDisplay,LightDisplay_jqcogzikri,,557523560
Move_Operation_New_Component_New_Node,getTransaction,New-Component_cwteallxwh,New-Node_bxiukagzac,804576638
Move_Component_New_Node,Reporting,New-Node_rnmmpnsgzi,,679065076
Move_Operation_New_Component_New_Node,getTransactionContext,New-Component_uljoztollg,New-Node_aknqckkfxt,789977980
UMLCloneNode,LightDisplay,LightDisplay_jqcogzikri,,536975134
Move_Operation_New_Component_New_Node,getTransaction,New-Component_cwteallxwh,New-Node_bxiukagzac,780382675
Move_Component_New_Node,Reporting,New-Node_mcdpbhcrap,,490263691
Move_Operation_New_Component_New_Node,getTransactionContext,New-Component_uljoztollg,New-Node_aknqckkfxt,699735921
UMLCloneNode,LightDisplay,LightDisplay_jqcogzikri,,478367011
Move_Operation_New_Component_New_Node,getTransaction,New-Component_cwteallxwh,New-Node_bxiukagzac,682042740
UMLCloneNode,CashBox,CashBox_gomhowhdli,,522644187
Move_Operation_New_Component_New_Node,getTransactionContext,New-Component_uljoztollg,New-Node_aknqckkfxt,650237574
UMLCloneNode,LightDisplay,LightDisplay_jqcogzikri,,461859233
Move_Operation_New_Component_New_Node,getTransaction,New-Component_cwteallxwh,New-Node_bxiukagzac,657041303
Move_Operation_Component,getTransactionContext,Enterprise,,275724108
Move_Operation_New_Component_New_Node,getTransactionContext,New-Component_uljoztollg,New-Node_aknqckkfxt,656187472
UMLCloneNode,LightDisplay,LightDisplay_jqcogzikri,,909307599
Move_Operation_New_Component_New_Node,scanProduct,New-Component_kxjwxtjsig,New-Node_brruzgiltv,647865214
Move_Component_New_Node,Inventory,New-Node_cqmvnfhath,,605712032
Move_Operation_New_Component_New_Node,getTransactionContext,New-Component_uljoztollg,New-Node_aknqckkfxt,797779311
UMLCloneNode,LightDisplay,LightDisplay_jqcogzikri,,572782245
Move_Operation_New_Component_New_Node,scanProduct,New-Component_kxjwxtjsig,New-Node_brruzgiltv,759261034
Move_Component_New_Node,Reporting,New-Node_mcdpbhcrap,,640501224
Move_Operation_New_Component_New_Node,getTransactionContext,New-Component_uljoztollg,New-Node_aknqckkfxt,686255982
UMLCloneNode,LightDisplay,LightDisplay_jqcogzikri,,480027715
Move_Operation_New_Component_New_Node,getTransaction,New-Component_cwteallxwh,New-Node_bxiukagzac,642895404
Move_Component_New_Node,Reporting,New-Node_mcdpbhcrap,,575992736
Move_Operation_Component,getEnterpriseByID,DataStore,,274843346
UMLCloneNode,LightDisplay,LightDisplay_jqcogzikri,,496167874
Move_Operation_New_Component_New_Node,getTransaction,New-Component_cwteallxwh,New-Node_bxiukagzac,662929867
Move_Component_New_Node,Inventory,New-Node_cqmvnfhath,,597539325
Move_Operation_New_Component_New_Node,getTransactionContext,New-Component_uljoztollg,New-Node_aknqckkfxt,654697147
UMLCloneNode,LightDisplay,LightDisplay_jqcogzikri,,453164687
Move_Operation_New_Component_New_Node,scanProduct,New-Component_kxjwxtjsig,New-Node_brruzgiltv,730536705
Move_Component_New_Node,Reporting,New-Node_rpbnwalzrh,,602380633
Move_Operation_New_Component_New_Node,getTransactionContext,New-Component_uljoztollg,New-Node_aknqckkfxt,714123575
UMLCloneNode,LightDisplay,LightDisplay_jqcogzikri,,581157232
Move_Operation_New_Component_New_Node,getTransaction,New-Component_cwteallxwh,New-Node_bxiukagzac,744822586
Move_Component_New_Node,Reporting,New-Node_mcdpbhcrap,,644784697
Move_Operation_New_Component_New_Node,getTransactionContext,New-Component_uljoztollg,New-Node_aknqckkfxt,809239844
UMLCloneNode,LightDisplay,LightDisplay_jqcogzikri,,534419370
Move_Operation_New_Component_New_Node,getTransaction,New-Component_cwteallxwh,New-Node_bxiukagzac,772654762
Move_Component_New_Node,GUIStore,New-Node_rrvpqbrfmb,,584413258
Move_Operation_New_Component_New_Node,getTransactionContext,New-Component_uljoztollg,New-Node_aknqckkfxt,676105827
UMLCloneNode,LightDisplay,LightDisplay_jqcogzikri,,463422774
Move_Operation_New_Component_New_Node,getTransaction,New-Component_cwteallxwh,New-Node_bxiukagzac,633431005
Move_Operation_New_Component_New_Node,rollInReceivedOrder,New-Component_drgermvndo,New-Node_muduybkmxt,777952578
Move_Operation_New_Component_New_Node,getTransactionContext,New-Component_uljoztollg,New-Node_aknqckkfxt,757653029
UMLCloneNode,LightDisplay,LightDisplay_jqcogzikri,,494408064
Move_Operation_New_Component_New_Node,getTransaction,New-Component_cwteallxwh,New-Node_bxiukagzac,754680584
Move_Component_New_Node,CashDeskGUI,New-Node_ksawheshjp,,645009218
Move_Operation_New_Component_New_Node,getTransactionContext,New-Component_uljoztollg,New-Node_aknqckkfxt,786786034
UMLCloneNode,LightDisplay,LightDisplay_jqcogzikri,,499477631
Move_Operation_New_Component_New_Node,getTransaction,New-Component_cwteallxwh,New-Node_bxiukagzac,774418891
Move_Operation_New_Component_New_Node,getMeanTimeToDelivery,New-Component_qsghuhpcdl,New-Node_sawtwqxbff,761900164
Move_Operation_New_Component_New_Node,getTransactionContext,New-Component_uljoztollg,New-Node_aknqckkfxt,743973124
UMLCloneNode,LightDisplay,LightDisplay_jqcogzikri,,514616542
Move_Operation_New_Component_New_Node,getTransaction,New-Component_cwteallxwh,New-Node_bxiukagzac,766919446
Move_Component_New_Node,GUIStore,New-Node_rrvpqbrfmb,,540076309
Move_Operation_New_Component_New_Node,getTransactionContext,New-Component_uljoztollg,New-Node_aknqckkfxt,621991651
Move_Operation_New_Component_New_Node,printRunningTotal,New-Component_idlstrjuzq,New-Node_cbgyzadpqe,657336267
Move_Operation_New_Component_New_Node,getTransaction,New-Component_cwteallxwh,New-Node_bxiukagzac,672772374
Move_Component_New_Node,Inventory,New-Node_cqmvnfhath,,632181392
Move_Operation_New_Component_New_Node,getTransactionContext,New-Component_uljoztollg,New-Node_aknqckkfxt,652577391
UMLCloneNode,LightDisplay,LightDisplay_jqcogzikri,,462867493
Move_Operation_New_Component_New_Node,scanProduct,New-Component_kxjwxtjsig,New-Node_brruzgiltv,696603377
Move_Component_New_Node,Inventory,New-Node_cqmvnfhath,,615543650
Move_Operation_New_Component_New_Node,getTransactionContext,New-Component_uljoztollg,New-Node_aknqckkfxt,697842581
UMLCloneNode,LightDisplay,LightDisplay_jqcogzikri,,492728324
Move_Operation_New_Component_New_Node,scanProduct,New-Component_kxjwxtjsig,New-Node_brruzgiltv,725452821
Move_Operation_New_Component_New_Node,getTransactionContext,New-Component_lsspyyecxc,New-Node_xvdskobdkg,701750180
Move_Operation_New_Component_New_Node,getTransactionContext,New-Component_uljoztollg,New-Node_aknqckkfxt,700566219
UMLCloneNode,LightDisplay,LightDisplay_jqcogzikri,,488316189
Move_Operation_New_Component_New_Node,getTransaction,New-Component_cwteallxwh,New-Node_bxiukagzac,716380477
Move_Operation_Component,getTransactionContext,Enterprise,,291611623
Move_Component_New_Node,CashDeskApplication,New-Node_qjjvjqwtmb,,535677310
UMLCloneNode,LightDisplay,LightDisplay_jqcogzikri,,466745075
Move_Operation_New_Component_New_Node,getTransaction,New-Component_cwteallxwh,New-Node_bxiukagzac,662453103
Move_Component_New_Node,GUIStore,New-Node_rrvpqbrfmb,,521637299
Move_Operation_New_Component_New_Node,getTransactionContext,New-Component_uljoztollg,New-Node_aknqckkfxt,643481824
UMLCloneNode,LightDisplay,LightDisplay_jqcogzikri,,862075541
UMLCloneNode,BarCodeScanner,BarCodeScanner_eqszelnsug,,467494781
Move_Operation_Component,getTransactionContext,Enterprise,,329017042
Move_Operation_New_Component_New_Node,getTransactionContext,New-Component_uljoztollg,New-Node_aknqckkfxt,678135032
UMLCloneNode,LightDisplay,LightDisplay_jqcogzikri,,478120178
Move_Operation_New_Component_New_Node,scanProduct,New-Component_kxjwxtjsig,New-Node_brruzgiltv,654331792
Move_Operation_New_Component_New_Node,getTransactionContext,New-Component_lsspyyecxc,New-Node_xvdskobdkg,714526670
Move_Operation_New_Component_New_Node,getTransactionContext,New-Component_uljoztollg,New-Node_aknqckkfxt,649339790
UMLCloneNode,LightDisplay,LightDisplay_jqcogzikri,,464371143
Move_Operation_New_Component_New_Node,getTransaction,New-Component_cwteallxwh,New-Node_bxiukagzac,689480970
UMLCloneNode,CashBox,CashBox_gomhowhdli,,531848539
Move_Operation_New_Component_New_Node,getTransactionContext,New-Component_uljoztollg,New-Node_aknqckkfxt,816795042
Move_Component_New_Node,GUIReporting,New-Node_oczuriltet,,684950534
Move_Operation_New_Component_New_Node,getTransaction,New-Component_cwteallxwh,New-Node_bxiukagzac,880987959
Move_Component_New_Node,Reporting,New-Node_mcdpbhcrap,,685664683
Move_Operation_Component,getEnterpriseByID,DataStore,,323699670
UMLCloneNode,LightDisplay,LightDisplay_fahpynimdj,,537032181
Move_Operation_New_Component_New_Node,getTransaction,New-Component_cwteallxwh,New-Node_bxiukagzac,815396099
Move_Component_New_Node,Reporting,New-Node_mcdpbhcrap,,685817580
Move_Operation_Component,getEnterpriseByID,DataStore,,298697762
UMLCloneNode,LightDisplay,LightDisplay_jqcogzikri,,507026508
Move_Operation_New_Component_New_Node,getTransaction,New-Component_cwteallxwh,New-Node_bxiukagzac,783433377
Move_Component_New_Node,GUIStore,New-Node_rrvpqbrfmb,,568375220
Move_Operation_New_Component_New_Node,getTransactionContext,New-Component_uljoztollg,New-Node_aknqckkfxt,717301424
UMLCloneNode,LightDisplay,LightDisplay_jqcogzikri,,500988796
UMLCloneNode,BarCodeScanner,BarCodeScanner_eqszelnsug,,507971591
Move_Component_New_Node,GUIStore,New-Node_rrvpqbrfmb,,668624637
Move_Operation_New_Component_New_Node,getTransactionContext,New-Component_uljoztollg,New-Node_aknqckkfxt,780370793
UMLCloneNode,LightDisplay,LightDisplay_jqcogzikri,,520693629
UMLCloneNode,BarCodeScanner,BarCodeScanner_eqszelnsug,,603913178
Move_Operation_Component,getTransactionContext,Enterprise,,324836272
Move_Operation_New_Component_New_Node,getTransactionContext,New-Component_uljoztollg,New-Node_aknqckkfxt,676800489
UMLCloneNode,LightDisplay,LightDisplay_jqcogzikri,,461711775
Move_Operation_New_Component_New_Node,scanProduct,New-Component_kxjwxtjsig,New-Node_brruzgiltv,702418462
Move_Component_New_Node,CashBoxController,New-Node_qltgejhdtu,,589042639
Move_Operation_New_Component_New_Node,getTransactionContext,New-Component_uljoztollg,New-Node_aknqckkfxt,699875183
UMLCloneNode,LightDisplay,LightDisplay_jqcogzikri,,563211967
Move_Operation_New_Component_New_Node,getTransaction,New-Component_cwteallxwh,New-Node_bxiukagzac,769460532
Move_Component_New_Node,GUIStore,New-Node_rrvpqbrfmb,,582118143
Move_Operation_New_Component_New_Node,getTransactionContext,New-Component_uljoztollg,New-Node_aknqckkfxt,698701081
UMLCloneNode,LightDisplay,LightDisplay_jqcogzikri,,571805673
UMLCloneNode,BarCodeScanner,BarCodeScanner_eqszelnsug,,595367231
Move_Component_New_Node,CashDeskGUI,New-Node_ksawheshjp,,581245066
Move_Operation_New_Component_New_Node,getTransactionContext,New-Component_uljoztollg,New-Node_aknqckkfxt,855854974
UMLCloneNode,LightDisplay,LightDisplay_jqcogzikri,,535527659
Move_Operation_New_Component_New_Node,getTransaction,New-Component_cwteallxwh,New-Node_bxiukagzac,789744122
Move_Operation_New_Component_New_Node,rollInReceivedOrder,New-Component_drgermvndo,New-Node_muduybkmxt,674691664
Move_Operation_New_Component_New_Node,getTransactionContext,New-Component_uljoztollg,New-Node_aknqckkfxt,745045445
UMLCloneNode,LightDisplay,LightDisplay_jqcogzikri,,588305538
Move_Operation_New_Component_New_Node,getTransaction,New-Component_cwteallxwh,New-Node_bxiukagzac,704332442
Move_Operation_New_Component_New_Node,getTransactionContext,New-Component_lsspyyecxc,New-Node_xvdskobdkg,710342833
Move_Operation_New_Component_New_Node,getTransactionContext,New-Component_uljoztollg,New-Node_aknqckkfxt,674042708
UMLCloneNode,LightDisplay,LightDisplay_jqcogzikri,,526649819
Move_Operation_New_Component_New_Node,getTransaction,New-Component_cwteallxwh,New-Node_bxiukagzac,798191895
Move_Operation_Component,getMeanTimeToDeliveryReport,CashDeskGUI,,391657898
Move_Operation_New_Component_New_Node,getTransactionContext,New-Component_uljoztollg,New-Node_aknqckkfxt,711504433
UMLCloneNode,LightDisplay,LightDisplay_jqcogzikri,,466705842
Move_Operation_New_Component_New_Node,scanProduct,New-Component_kxjwxtjsig,New-Node_brruzgiltv,748937073
Move_Operation_New_Component_New_Node,rollInReceivedOrder,New-Component_drgermvndo,New-Node_muduybkmxt,727678164
Move_Operation_New_Component_New_Node,getTransactionContext,New-Component_uljoztollg,New-Node_aknqckkfxt,655952791
UMLCloneNode,LightDisplay,LightDisplay_jqcogzikri,,465438876
Move_Operation_New_Component_New_Node,getTransaction,New-Component_cwteallxwh,New-Node_bxiukagzac,728157974
Move_Operation_Component,getTransactionContext,Enterprise,,277883257
Move_Operation_New_Component_New_Node,getTransactionContext,New-Component_uljoztollg,New-Node_aknqckkfxt,1170230639
UMLCloneNode,LightDisplay,LightDisplay_jqcogzikri,,490459288
Move_Operation_New_Component_New_Node,getTransaction,New-Component_cwteallxwh,New-Node_bxiukagzac,735625038
Move_Component_New_Node,GUIStore,New-Node_rrvpqbrfmb,,543916901
Move_Operation_New_Component_New_Node,getTransactionContext,New-Component_uljoztollg,New-Node_aknqckkfxt,664815613
UMLCloneNode,LightDisplay,LightDisplay_jqcogzikri,,455110045
Move_Operation_New_Component_New_Node,getTransaction,New-Component_cwteallxwh,New-Node_bxiukagzac,653968581
UMLCloneNode,CashBox,CashBox_gomhowhdli,,501269933
Move_Operation_New_Component_New_Node,getTransactionContext,New-Component_uljoztollg,New-Node_aknqckkfxt,715201536
UMLCloneNode,EnterpriseClient,EnterpriseClient_yxzkasfdyv,,483799118
Move_Operation_New_Component_New_Node,getTransaction,New-Component_cwteallxwh,New-Node_bxiukagzac,654881853
Move_Component_New_Node,Reporting,New-Node_mcdpbhcrap,,586644963
Move_Operation_Component,getEnterpriseByID,DataStore,,282311101
UMLCloneNode,LightDisplay,LightDisplay_jqcogzikri,,495199878
Move_Operation_New_Component_New_Node,getTransaction,New-Component_cwteallxwh,New-Node_bxiukagzac,883846900
Move_Component_New_Node,CashDeskGUI,New-Node_ksawheshjp,,577995512
Move_Operation_New_Component_New_Node,getTransactionContext,New-Component_uljoztollg,New-Node_aknqckkfxt,792551226
UMLCloneNode,CashDeskPC,CashDeskPC_qnnykydael,,549331596
Move_Operation_New_Component_New_Node,getTransaction,New-Component_cwteallxwh,New-Node_bxiukagzac,694958192
Move_Component_New_Node,GUIStore,New-Node_rrvpqbrfmb,,590924559
Move_Operation_New_Component_New_Node,getTransactionContext,New-Component_uljoztollg,New-Node_aknqckkfxt,709323141
Move_Operation_New_Component_New_Node,printRunningTotal,New-Component_idlstrjuzq,New-Node_cbgyzadpqe,681666395
Move_Operation_New_Component_New_Node,getTransaction,New-Component_cwteallxwh,New-Node_bxiukagzac,670608016
Move_Operation_Component,getMeanTimeToDeliveryReport,CashDeskGUI,,335868411
Move_Operation_New_Component_New_Node,getTransactionContext,New-Component_uljoztollg,New-Node_aknqckkfxt,745296956
UMLCloneNode,LightDisplay,LightDisplay_jqcogzikri,,583084295
Move_Operation_New_Component_New_Node,scanProduct,New-Component_kxjwxtjsig,New-Node_brruzgiltv,732483315
Move_Operation_Component,rollInReceivedOrder,New-Component_bvswrkztsm,,244102786
Move_Operation_New_Component_New_Node,getTransactionContext,New-Component_uljoztollg,New-Node_aknqckkfxt,688166906
UMLCloneNode,LightDisplay,LightDisplay_jqcogzikri,,479958576
Move_Operation_New_Component_New_Node,getTransaction,New-Component_cwteallxwh,New-Node_bxiukagzac,713795229
UMLCloneNode,LightDisplay,LightDisplay_hgkxoadpcc,,518982741
Move_Operation_Component,getEnterpriseByID,DataStore,,307399701
UMLCloneNode,LightDisplay,LightDisplay_fahpynimdj,,499406788
Move_Operation_New_Component_New_Node,getTransaction,New-Component_cwteallxwh,New-Node_bxiukagzac,728901709
Move_Component_New_Node,GUIStore,New-Node_rrvpqbrfmb,,598619490
Move_Operation_New_Component_New_Node,getTransactionContext,New-Component_uljoztollg,New-Node_aknqckkfxt,781090673
Move_Operation_New_Component_New_Node,printRunningTotal,New-Component_idlstrjuzq,New-Node_cbgyzadpqe,707500073
Move_Operation_New_Component_New_Node,getTransaction,New-Component_cwteallxwh,New-Node_bxiukagzac,660929525
Move_Operation_New_Component_New_Node,queryStockItem,New-Component_swulbwciiz,New-Node_jmvjetdjzn,673400864
Move_Operation_Component,getEnterpriseByID,DataStore,,271178593
UMLCloneNode,LightDisplay,LightDisplay_fahpynimdj,,477216873
Move_Operation_New_Component_New_Node,getTransaction,New-Component_cwteallxwh,New-Node_bxiukagzac,659564265
Move_Operation_Component,rollInReceivedOrder,New-Component_bvswrkztsm,,255519356
Move_Operation_New_Component_New_Node,getTransactionContext,New-Component_uljoztollg,New-Node_aknqckkfxt,649763524
UMLCloneNode,LightDisplay,LightDisplay_jqcogzikri,,548888806
Move_Operation_New_Component_New_Node,getTransaction,New-Component_cwteallxwh,New-Node_bxiukagzac,749762981
Move_Component_New_Node,Reporting,New-Node_mcdpbhcrap,,546757429
Move_Operation_Component,getEnterpriseByID,DataStore,,285254331
UMLCloneNode,LightDisplay,LightDisplay_jqcogzikri,,483751638
Move_Operation_New_Component_New_Node,getTransaction,New-Component_cwteallxwh,New-Node_bxiukagzac,705342637
Move_Component_New_Node,Reporting,New-Node_mcdpbhcrap,,575296871
Move_Operation_Component,getEnterpriseByID,DataStore,,288353303
UMLCloneNode,LightDisplay,LightDisplay_jqcogzikri,,473870819
Move_Operation_New_Component_New_Node,printRunningTotal,New-Component_tdvetfobba,New-Node_sjasvujkke,741518520
Move_Component_New_Node,Reporting,New-Node_mcdpbhcrap,,549001327
Move_Operation_Component,getEnterpriseByID,DataStore,,286741119
UMLCloneNode,LightDisplay,LightDisplay_jqcogzikri,,470510406
Move_Operation_New_Component_New_Node,getTransaction,New-Component_cwteallxwh,New-Node_bxiukagzac,656781266
Move_Component_New_Node,GUIStore,New-Node_rrvpqbrfmb,,564892469
Move_Operation_New_Component_New_Node,getTransactionContext,New-Component_uljoztollg,New-Node_aknqckkfxt,721405140
Move_Operation_New_Component_New_Node,printRunningTotal,New-Component_idlstrjuzq,New-Node_cbgyzadpqe,667962876
Move_Operation_New_Component_New_Node,getTransaction,New-Component_cwteallxwh,New-Node_bxiukagzac,641803847
Move_Component_New_Node,Reporting,New-Node_mcdpbhcrap,,557328063
Move_Operation_Component,getEnterpriseByID,DataStore,,283859605
UMLCloneNode,LightDisplay,LightDisplay_jqcogzikri,,857674307
Move_Operation_New_Component_New_Node,getTransaction,New-Component_cwteallxwh,New-Node_bxiukagzac,684629241
Move_Component_New_Node,Reporting,New-Node_mcdpbhcrap,,552177383
Move_Operation_Component,getEnterpriseByID,DataStore,,271318326
UMLCloneNode,LightDisplay,LightDisplay_jqcogzikri,,456090413
Move_Operation_New_Component_New_Node,getTransaction,New-Component_cwteallxwh,New-Node_bxiukagzac,639767538
Move_Component_New_Node,GUIStore,New-Node_rrvpqbrfmb,,578893116
Move_Operation_New_Component_New_Node,getTransactionContext,New-Component_uljoztollg,New-Node_aknqckkfxt,733895945
UMLCloneNode,LightDisplay,LightDisplay_jqcogzikri,,567933753
Move_Operation_New_Component_New_Node,getTransaction,New-Component_cwteallxwh,New-Node_bxiukagzac,736883518
Move_Component_New_Node,Reporting,New-Node_mcdpbhcrap,,565223600
Move_Operation_Component,getEnterpriseByID,DataStore,,301681898
UMLCloneNode,LightDisplay,LightDisplay_jqcogzikri,,561894667
Move_Operation_New_Component_New_Node,getTransaction,New-Component_cwteallxwh,New-Node_bxiukagzac,750600603
Move_Operation_New_Component_New_Node,queryStockItem,New-Component_swulbwciiz,New-Node_jmvjetdjzn,670871710
Move_Operation_Component,getEnterpriseByID,DataStore,,282014845
UMLCloneNode,LightDisplay,LightDisplay_fahpynimdj,,519289626
Move_Operation_New_Component_New_Node,getTransaction,New-Component_cwteallxwh,New-Node_bxiukagzac,790331593
Move_Component_New_Node,Reporting,New-Node_mcdpbhcrap,,545321205
Move_Operation_Component,getEnterpriseByID,DataStore,,281363654
UMLCloneNode,LightDisplay,LightDisplay_jqcogzikri,,519721035
Move_Operation_New_Component_New_Node,getTransaction,New-Component_cwteallxwh,New-Node_bxiukagzac,723488908
Move_Component_New_Node,Reporting,New-Node_mcdpbhcrap,,567829868
Move_Operation_Component,getEnterpriseByID,DataStore,,284083144
UMLCloneNode,LightDisplay,LightDisplay_jqcogzikri,,468963526
Move_Operation_New_Component_New_Node,getTransaction,New-Component_cwteallxwh,New-Node_bxiukagzac,665060963
Move_Operation_New_Component_New_Node,queryStockItem,New-Component_swulbwciiz,New-Node_jmvjetdjzn,722590654
Move_Operation_Component,getEnterpriseByID,DataStore,,287091206
UMLCloneNode,LightDisplay,LightDisplay_fahpynimdj,,464807111
Move_Operation_New_Component_New_Node,getTransaction,New-Component_cwteallxwh,New-Node_bxiukagzac,688195099
Move_Component_New_Node,Reporting,New-Node_mcdpbhcrap,,559817561
Move_Operation_Component,getEnterpriseByID,DataStore,,305922541
UMLCloneNode,LightDisplay,LightDisplay_fahpynimdj,,471855980
Move_Operation_New_Component_New_Node,getTransaction,New-Component_cwteallxwh,New-Node_bxiukagzac,667721953
Move_Component_New_Node,Reporting,New-Node_mcdpbhcrap,,625117584
Move_Operation_Component,getEnterpriseByID,DataStore,,281471817
UMLCloneNode,LightDisplay,LightDisplay_jqcogzikri,,503341949
Move_Operation_New_Component_New_Node,getTransaction,New-Component_cwteallxwh,New-Node_bxiukagzac,682973877
Move_Operation_New_Component_New_Node,getMeanTimeToDelivery,New-Component_lqqdbutcot,New-Node_qdnnddzbrx,704699030
Move_Operation_Component,getEnterpriseByID,DataStore,,268197372
UMLCloneNode,LightDisplay,LightDisplay_fahpynimdj,,531270465
Move_Operation_New_Component_New_Node,getTransaction,New-Component_cwteallxwh,New-Node_bxiukagzac,735368597
UMLCloneNode,BarCodeScanner,BarCodeScanner_nuxvrxmgyw,,476707889
Move_Operation_New_Component_New_Node,getTransactionContext,New-Component_uljoztollg,New-Node_aknqckkfxt,635484185
UMLCloneNode,LightDisplay,LightDisplay_jqcogzikri,,542118078
Move_Operation_New_Component_New_Node,getTransaction,New-Component_cwteallxwh,New-Node_bxiukagzac,698627714
Move_Operation_Component,getTransactionContext,Enterprise,,275882725
Move_Operation_New_Component_New_Node,getTransactionContext,New-Component_uljoztollg,New-Node_aknqckkfxt,589201267
UMLCloneNode,LightDisplay,LightDisplay_jqcogzikri,,371357167
Move_Operation_New_Component_New_Node,scanProduct,New-Component_kxjwxtjsig,New-Node_brruzgiltv,747855916
Move_Operation_New_Component_New_Node,queryStockItem,New-Component_swulbwciiz,New-Node_jmvjetdjzn,807077127
Move_Operation_Component,getEnterpriseByID,DataStore,,317219808
UMLCloneNode,LightDisplay,LightDisplay_fahpynimdj,,476365788
Move_Operation_New_Component_New_Node,getTransaction,New-Component_cwteallxwh,New-Node_bxiukagzac,698063225
Move_Component_New_Node,GUIStore,New-Node_rrvpqbrfmb,,581584373
Move_Operation_New_Component_New_Node,getTransactionContext,New-Component_uljoztollg,New-Node_aknqckkfxt,728330177
UMLCloneNode,LightDisplay,LightDisplay_jqcogzikri,,500621066
Move_Operation_New_Component_New_Node,getTransaction,New-Component_cwteallxwh,New-Node_bxiukagzac,713543045
Move_Operation_Component,getTransactionContext,Enterprise,,442504104
Move_Operation_New_Component_New_Node,getTransactionContext,New-Component_uljoztollg,New-Node_aknqckkfxt,671492695
UMLCloneNode,LightDisplay,LightDisplay_jqcogzikri,,455199042
Move_Operation_New_Component_New_Node,getTransaction,New-Component_cwteallxwh,New-Node_bxiukagzac,683545709
Move_Component_New_Node,GUIStore,New-Node_rrvpqbrfmb,,626134281
Move_Operation_New_Component_New_Node,getTransactionContext,New-Component_uljoztollg,New-Node_aknqckkfxt,793160319
Move_Operation_New_Component_New_Node,printRunningTotal,New-Component_idlstrjuzq,New-Node_cbgyzadpqe,836402383
Move_Operation_New_Component_New_Node,getTransaction,New-Component_cwteallxwh,New-Node_bxiukagzac,963758455
UMLCloneNode,CashBox,CashBox_gomhowhdli,,543467930
Move_Operation_New_Component_New_Node,getTransactionContext,New-Component_uljoztollg,New-Node_aknqckkfxt,653974642
UMLCloneNode,LightDisplay,LightDisplay_jqcogzikri,,469881397
Move_Operation_New_Component_New_Node,getTransaction,New-Component_cwteallxwh,New-Node_bxiukagzac,679038497
Move_Component_New_Node,GUIStore,New-Node_rrvpqbrfmb,,561626213
Move_Operation_New_Component_New_Node,getTransactionContext,New-Component_uljoztollg,New-Node_aknqckkfxt,677401797
Move_Operation_New_Component_New_Node,printRunningTotal,New-Component_idlstrjuzq,New-Node_cbgyzadpqe,690677584
Move_Operation_New_Component_New_Node,getTransaction,New-Component_cwteallxwh,New-Node_bxiukagzac,677976335
UMLCloneNode,CashBox,CashBox_gomhowhdli,,500488527
Move_Operation_New_Component_New_Node,getTransactionContext,New-Component_uljoztollg,New-Node_aknqckkfxt,695048151
UMLCloneNode,LightDisplay,LightDisplay_jqcogzikri,,504019108
Move_Operation_New_Component_New_Node,getTransaction,New-Component_cwteallxwh,New-Node_bxiukagzac,705772052
Move_Operation_Component,getTransactionContext,Enterprise,,331923764
Move_Operation_New_Component_New_Node,getTransactionContext,New-Component_uljoztollg,New-Node_aknqckkfxt,700383516
UMLCloneNode,LightDisplay,LightDisplay_jqcogzikri,,469525450
Move_Operation_New_Component_New_Node,scanProduct,New-Component_kxjwxtjsig,New-Node_brruzgiltv,649885803
Move_Component_New_Node,GUIStore,New-Node_rrvpqbrfmb,,647486354
Move_Operation_New_Component_New_Node,getTransactionContext,New-Component_uljoztollg,New-Node_aknqckkfxt,775871766
UMLCloneNode,LightDisplay,LightDisplay_jqcogzikri,,551521493
Move_Operation_New_Component_New_Node,getTransaction,New-Component_cwteallxwh,New-Node_bxiukagzac,591741812
Move_Component_New_Node,GUIReporting,New-Node_locasrnlim,,613257883
Move_Operation_Component,getEnterpriseByID,DataStore,,295682758
UMLCloneNode,LightDisplay,LightDisplay_jqcogzikri,,480001015
Move_Operation_New_Component_New_Node,getTransaction,New-Component_cwteallxwh,New-Node_bxiukagzac,665132307
Move_Operation_Component,getMeanTimeToDeliveryReport,DataStore,,357876726
Move_Operation_New_Component_New_Node,getTransactionContext,New-Component_uljoztollg,New-Node_aknqckkfxt,690896645
Move_Operation_New_Component_New_Node,printRunningTotal,New-Component_idlstrjuzq,New-Node_cbgyzadpqe,660853021
Move_Operation_New_Component_New_Node,getTransaction,New-Component_cwteallxwh,New-Node_bxiukagzac,566236008
Move_Operation_Component,getTransactionContext,Enterprise,,309560875
Move_Operation_New_Component_New_Node,getTransactionContext,New-Component_uljoztollg,New-Node_aknqckkfxt,747212529
UMLCloneNode,LightDisplay,LightDisplay_jqcogzikri,,591520647
Move_Operation_New_Component_New_Node,getTransaction,New-Component_cwteallxwh,New-Node_bxiukagzac,720919810
Move_Operation_Component,rollInReceivedOrder,New-Component_bvswrkztsm,,267276446
Move_Operation_New_Component_New_Node,getTransactionContext,New-Component_uljoztollg,New-Node_aknqckkfxt,678499966
UMLCloneNode,LightDisplay,LightDisplay_jqcogzikri,,482458083
Move_Operation_New_Component_New_Node,getTransaction,New-Component_cwteallxwh,New-Node_bxiukagzac,673337285
Move_Operation_Component,getTransactionContext,Enterprise,,377908512
Move_Operation_New_Component_New_Node,getTransactionContext,New-Component_uljoztollg,New-Node_aknqckkfxt,735737137
UMLCloneNode,LightDisplay,LightDisplay_jqcogzikri,,562940879
Move_Operation_New_Component_New_Node,getTransaction,New-Component_cwteallxwh,New-Node_bxiukagzac,804893652
Move_Component_New_Node,Reporting,New-Node_mcdpbhcrap,,451310830
Move_Operation_Component,getEnterpriseByID,DataStore,,249127469
UMLCloneNode,LightDisplay,LightDisplay_fahpynimdj,,396030328
Move_Operation_New_Component_New_Node,getTransaction,New-Component_cwteallxwh,New-Node_bxiukagzac,830535622
Move_Operation_Component,getTransactionContext,Enterprise,,340509065
Move_Operation_New_Component_New_Node,getTransactionContext,New-Component_uljoztollg,New-Node_aknqckkfxt,663904995
UMLCloneNode,LightDisplay,LightDisplay_jqcogzikri,,462961098
Move_Operation_New_Component_New_Node,scanProduct,New-Component_kxjwxtjsig,New-Node_brruzgiltv,667472506
Move_Operation_Component,getTransactionContext,Enterprise,,308435344
Move_Operation_New_Component_New_Node,getTransactionContext,New-Component_uljoztollg,New-Node_aknqckkfxt,661495777
UMLCloneNode,LightDisplay,LightDisplay_jqcogzikri,,468193441
Move_Operation_New_Component_New_Node,scanProduct,New-Component_kxjwxtjsig,New-Node_brruzgiltv,771326001
Move_Operation_Component,rollInReceivedOrder,New-Component_bvswrkztsm,,277622619
Move_Operation_New_Component_New_Node,getTransactionContext,New-Component_uljoztollg,New-Node_aknqckkfxt,693471364
UMLCloneNode,LightDisplay,LightDisplay_jqcogzikri,,522662862
Move_Operation_New_Component_New_Node,getTransaction,New-Component_cwteallxwh,New-Node_bxiukagzac,763861081
Move_Component_New_Node,GUIStore,New-Node_rrvpqbrfmb,,570442447
Move_Operation_New_Component_New_Node,getTransactionContext,New-Component_uljoztollg,New-Node_aknqckkfxt,748228003
Move_Operation_New_Component_New_Node,printRunningTotal,New-Component_idlstrjuzq,New-Node_cbgyzadpqe,723861497
Move_Operation_New_Component_New_Node,getTransaction,New-Component_cwteallxwh,New-Node_bxiukagzac,724914562
UMLCloneNode,CashBox,CashBox_gomhowhdli,,526524484
Move_Operation_New_Component_New_Node,getTransactionContext,New-Component_uljoztollg,New-Node_aknqckkfxt,1332587851
UMLCloneNode,LightDisplay,LightDisplay_jqcogzikri,,490770853
Move_Operation_New_Component_New_Node,scanProduct,New-Component_kxjwxtjsig,New-Node_brruzgiltv,694886738
Move_Operation_Component,rollInReceivedOrder,New-Component_bvswrkztsm,,250429411
Move_Operation_New_Component_New_Node,getTransactionContext,New-Component_uljoztollg,New-Node_aknqckkfxt,680644479
UMLCloneNode,LightDisplay,LightDisplay_jqcogzikri,,475896328
Move_Operation_New_Component_New_Node,getTransaction,New-Component_cwteallxwh,New-Node_bxiukagzac,671036239
Move_Operation_Component,getTransactionContext,Enterprise,,330826176
Move_Operation_New_Component_New_Node,getTransactionContext,New-Component_uljoztollg,New-Node_aknqckkfxt,661740536
UMLCloneNode,LightDisplay,LightDisplay_jqcogzikri,,474354636
Move_Operation_New_Component_New_Node,scanProduct,New-Component_kxjwxtjsig,New-Node_brruzgiltv,691676658
Move_Operation_Component,getTransactionContext,Enterprise,,291072703
Move_Operation_New_Component_New_Node,getTransactionContext,New-Component_uljoztollg,New-Node_aknqckkfxt,653625968
UMLCloneNode,LightDisplay,LightDisplay_jqcogzikri,,453109413
Move_Operation_New_Component_New_Node,scanProduct,New-Component_kxjwxtjsig,New-Node_brruzgiltv,792237497
Move_Operation_Component,getTransactionContext,Enterprise,,323003365
Move_Operation_New_Component_New_Node,getTransactionContext,New-Component_uljoztollg,New-Node_aknqckkfxt,629226329
UMLCloneNode,LightDisplay,LightDisplay_jqcogzikri,,416693569
Move_Operation_New_Component_New_Node,scanProduct,New-Component_kxjwxtjsig,New-Node_brruzgiltv,790280948
UMLCloneNode,CashBox,CashBox_gomhowhdli,,461427513
Move_Operation_New_Component_New_Node,getTransactionContext,New-Component_uljoztollg,New-Node_aknqckkfxt,554185850
UMLCloneNode,LightDisplay,LightDisplay_jqcogzikri,,365529176
Move_Operation_New_Component_New_Node,getTransaction,New-Component_cwteallxwh,New-Node_bxiukagzac,697085872
Move_Operation_Component,getTransactionContext,Enterprise,,339055529
Move_Component_New_Node,GUIReporting,New-Node_asndakwedb,,548015739
UMLCloneNode,LightDisplay,LightDisplay_jqcogzikri,,461789491
Move_Operation_New_Component_New_Node,getTransaction,New-Component_cwteallxwh,New-Node_bxiukagzac,655351985
Move_Operation_Component,getTransactionContext,Enterprise,,255339579
Move_Operation_New_Component_New_Node,getTransactionContext,New-Component_uljoztollg,New-Node_aknqckkfxt,646869257
UMLCloneNode,LightDisplay,LightDisplay_jqcogzikri,,530840869
Move_Operation_New_Component_New_Node,getTransaction,New-Component_cwteallxwh,New-Node_bxiukagzac,746727539
Move_Operation_Component,rollInReceivedOrder,New-Component_bvswrkztsm,,275768761
Move_Operation_New_Component_New_Node,getTransactionContext,New-Component_uljoztollg,New-Node_aknqckkfxt,653391959
UMLCloneNode,LightDisplay,LightDisplay_jqcogzikri,,488528437
Move_Operation_New_Component_New_Node,getTransaction,New-Component_cwteallxwh,New-Node_bxiukagzac,749278092
Move_Operation_Component,getTransactionContext,Enterprise,,320251324
Move_Operation_New_Component_New_Node,getTransactionContext,New-Component_uljoztollg,New-Node_aknqckkfxt,561618620
UMLCloneNode,LightDisplay,LightDisplay_jqcogzikri,,424952448
Move_Operation_New_Component_New_Node,scanProduct,New-Component_kxjwxtjsig,New-Node_brruzgiltv,656194645
Move_Operation_Component,getTransactionContext,Enterprise,,318856698
Move_Operation_New_Component_New_Node,getTransactionContext,New-Component_uljoztollg,New-Node_aknqckkfxt,660191591
UMLCloneNode,LightDisplay,LightDisplay_jqcogzikri,,582078179
Move_Operation_New_Component_New_Node,scanProduct,New-Component_kxjwxtjsig,New-Node_brruzgiltv,780921105
Move_Operation_Component,getTransactionContext,Enterprise,,343220730
Move_Operation_New_Component_New_Node,getTransactionContext,New-Component_uljoztollg,New-Node_aknqckkfxt,782584825
UMLCloneNode,LightDisplay,LightDisplay_jqcogzikri,,572259525
Move_Operation_New_Component_New_Node,scanProduct,New-Component_kxjwxtjsig,New-Node_brruzgiltv,772566426
Move_Operation_Component,getTransactionContext,Enterprise,,290635132
Move_Operation_New_Component_New_Node,getTransactionContext,New-Component_uljoztollg,New-Node_aknqckkfxt,641209353
UMLCloneNode,LightDisplay,LightDisplay_jqcogzikri,,565879590
Move_Operation_New_Component_New_Node,scanProduct,New-Component_kxjwxtjsig,New-Node_brruzgiltv,759610530
Move_Operation_Component,getTransactionContext,Enterprise,,310824244
Move_Operation_New_Component_New_Node,getTransactionContext,New-Component_uljoztollg,New-Node_aknqckkfxt,658553719
UMLCloneNode,LightDisplay,LightDisplay_jqcogzikri,,464108741
Move_Operation_New_Component_New_Node,getTransaction,New-Component_cwteallxwh,New-Node_bxiukagzac,656048201
Move_Component_New_Node,Reporting,New-Node_mcdpbhcrap,,584425731
Move_Operation_Component,getEnterpriseByID,DataStore,,283350049
UMLCloneNode,LightDisplay,LightDisplay_jqcogzikri,,499374368
Move_Operation_New_Component_New_Node,getTransaction,New-Component_cwteallxwh,New-Node_bxiukagzac,717767298
Move_Operation_Component,getMeanTimeToDeliveryReport,CashDeskGUI,,335457540
Move_Operation_New_Component_New_Node,getTransactionContext,New-Component_uljoztollg,New-Node_aknqckkfxt,753602863
UMLCloneNode,LightDisplay,LightDisplay_jqcogzikri,,525425122
Move_Operation_New_Component_New_Node,scanProduct,New-Component_kxjwxtjsig,New-Node_brruzgiltv,692458374
UMLCloneNode,CashBox,CashBox_gomhowhdli,,377967653
Move_Operation_New_Component_New_Node,getTransactionContext,New-Component_uljoztollg,New-Node_aknqckkfxt,3654058775
UMLCloneNode,LightDisplay,LightDisplay_jqcogzikri,,2750993022
Move_Operation_New_Component_New_Node,getTransaction,New-Component_cwteallxwh,New-Node_bxiukagzac,3449749588
Move_Operation_Component,printRunningTotal,CashBoxController,,350714354
Move_Operation_New_Component_New_Node,getTransactionContext,New-Component_uljoztollg,New-Node_aknqckkfxt,750760422
UMLCloneNode,LightDisplay,LightDisplay_jqcogzikri,,557797985
Move_Operation_New_Component_New_Node,getTransaction,New-Component_cwteallxwh,New-Node_bxiukagzac,762840337
Move_Operation_Component,getMeanTimeToDeliveryReport,CashDeskGUI,,334115284
Move_Operation_New_Component_New_Node,getTransactionContext,New-Component_uljoztollg,New-Node_aknqckkfxt,690331515
UMLCloneNode,LightDisplay,LightDisplay_jqcogzikri,,474253025
Move_Component_New_Node,AppStore,New-Node_jclqawtuxv,,569396676
Move_Operation_Component,getTransactionContext,Enterprise,,361132811
Move_Operation_New_Component_New_Node,getTransactionContext,New-Component_uljoztollg,New-Node_aknqckkfxt,658842321
UMLCloneNode,LightDisplay,LightDisplay_jqcogzikri,,481788728
Move_Operation_New_Component_New_Node,getTransaction,New-Component_cwteallxwh,New-Node_bxiukagzac,740151466
Move_Operation_Component,rollInReceivedOrder,New-Component_bvswrkztsm,,281904278
Move_Operation_New_Component_New_Node,getTransactionContext,New-Component_uljoztollg,New-Node_aknqckkfxt,678944601
UMLCloneNode,LightDisplay,LightDisplay_jqcogzikri,,470253384
Move_Operation_New_Component_New_Node,getTransaction,New-Component_cwteallxwh,New-Node_bxiukagzac,664730483
Move_Operation_Component,getTransactionContext,Enterprise,,361945937
Move_Operation_New_Component_New_Node,getTransactionContext,New-Component_uljoztollg,New-Node_aknqckkfxt,678626473
UMLCloneNode,LightDisplay,LightDisplay_jqcogzikri,,498643577
Move_Operation_New_Component_New_Node,scanProduct,New-Component_kxjwxtjsig,New-Node_brruzgiltv,666625137
Move_Component_New_Node,Reporting,New-Node_mcdpbhcrap,,543087476
Move_Operation_Component,getEnterpriseByID,DataStore,,272393823
UMLCloneNode,LightDisplay,LightDisplay_jqcogzikri,,477907099
Move_Operation_New_Component_New_Node,getTransaction,New-Component_cwteallxwh,New-Node_bxiukagzac,676689662
Move_Operation_Component,getMeanTimeToDeliveryReport,CashDeskGUI,,321193240
Move_Operation_New_Component_New_Node,getTransactionContext,New-Component_uljoztollg,New-Node_aknqckkfxt,761052865
UMLCloneNode,LightDisplay,LightDisplay_jqcogzikri,,462133707
Move_Operation_New_Component_New_Node,scanProduct,New-Component_kxjwxtjsig,New-Node_brruzgiltv,648392463
Move_Component_New_Node,GUIStore,New-Node_rrvpqbrfmb,,587532888
Move_Operation_New_Component_New_Node,getTransactionContext,New-Component_uljoztollg,New-Node_aknqckkfxt,662110911
Move_Operation_New_Component_New_Node,printRunningTotal,New-Component_idlstrjuzq,New-Node_cbgyzadpqe,682363692
Move_Operation_New_Component_New_Node,getTransaction,New-Component_cwteallxwh,New-Node_bxiukagzac,678020146
Move_Operation_Component,getTransactionContext,Enterprise,,364606256
Move_Operation_New_Component_New_Node,getTransactionContext,New-Component_uljoztollg,New-Node_aknqckkfxt,739112989
UMLCloneNode,LightDisplay,LightDisplay_jqcogzikri,,510493260
Move_Operation_New_Component_New_Node,getTransaction,New-Component_cwteallxwh,New-Node_bxiukagzac,713030795
Move_Operation_Component,getTransactionContext,Enterprise,,346489991
Move_Operation_New_Component_New_Node,getTransactionContext,New-Component_uljoztollg,New-Node_aknqckkfxt,663650628
UMLCloneNode,LightDisplay,LightDisplay_jqcogzikri,,417687323
Move_Operation_New_Component_New_Node,getTransaction,New-Component_cwteallxwh,New-Node_bxiukagzac,560224746
UMLCloneNode,CashBox,CashBox_gomhowhdli,,488164274
Move_Operation_Component,getTransaction,AppStore,,295106838
UMLCloneNode,LightDisplay,LightDisplay_jqcogzikri,,568875629
Move_Operation_New_Component_New_Node,getTransaction,New-Component_cwteallxwh,New-Node_bxiukagzac,697209684
UMLCloneNode,EnterpriseClient,EnterpriseClient_trjuwtcqpn,,518647412
Move_Operation_New_Component_New_Node,getTransactionContext,New-Component_uljoztollg,New-Node_aknqckkfxt,693237645
UMLCloneNode,LightDisplay,LightDisplay_jqcogzikri,,516546241
Move_Operation_New_Component_New_Node,getTransaction,New-Component_cwteallxwh,New-Node_bxiukagzac,814866546
Move_Operation_Component,rollInReceivedOrder,New-Component_bvswrkztsm,,309597835
Move_Operation_New_Component_New_Node,getTransactionContext,New-Component_uljoztollg,New-Node_aknqckkfxt,554214724
UMLCloneNode,LightDisplay,LightDisplay_jqcogzikri,,511753493
Move_Operation_New_Component_New_Node,getTransaction,New-Component_cwteallxwh,New-Node_bxiukagzac,746146349
UMLCloneNode,CashBox,CashBox_gomhowhdli,,528470685
Move_Operation_New_Component_New_Node,getTransactionContext,New-Component_uljoztollg,New-Node_aknqckkfxt,677953792
UMLCloneNode,LightDisplay,LightDisplay_jqcogzikri,,483677901
Move_Operation_New_Component_New_Node,scanProduct,New-Component_kxjwxtjsig,New-Node_brruzgiltv,733510612
Move_Operation_Component,getMeanTimeToDeliveryReport,CashDeskGUI,,301556463
Move_Operation_New_Component_New_Node,getTransactionContext,New-Component_uljoztollg,New-Node_aknqckkfxt,661535581
UMLCloneNode,LightDisplay,LightDisplay_jqcogzikri,,455237364
Move_Operation_New_Component_New_Node,getTransaction,New-Component_cwteallxwh,New-Node_bxiukagzac,664786578
Move_Component_New_Node,AppStore,New-Node_ciehyemacy,,1049370440
Move_Operation_New_Component_New_Node,getTransactionContext,New-Component_uljoztollg,New-Node_aknqckkfxt,816165502
Move_Operation_New_Component_New_Node,printRunningTotal,New-Component_idlstrjuzq,New-Node_cbgyzadpqe,796164873
Move_Operation_New_Component_New_Node,getTransaction,New-Component_cwteallxwh,New-Node_bxiukagzac,868174589
Move_Operation_Component,getMeanTimeToDeliveryReport,CashDeskGUI,,338379581
Move_Operation_New_Component_New_Node,getTransactionContext,New-Component_uljoztollg,New-Node_aknqckkfxt,712897215
UMLCloneNode,LightDisplay,LightDisplay_jqcogzikri,,608669337
Move_Operation_New_Component_New_Node,getTransaction,New-Component_cwteallxwh,New-Node_bxiukagzac,766250692
Move_Operation_Component,printRunningTotal,CashBoxController,,284306904
Move_Operation_New_Component_New_Node,getTransactionContext,New-Component_uljoztollg,New-Node_aknqckkfxt,745371977
UMLCloneNode,LightDisplay,LightDisplay_jqcogzikri,,565434635
Move_Operation_New_Component_New_Node,getTransaction,New-Component_cwteallxwh,New-Node_bxiukagzac,741065671
UMLCloneNode,EnterpriseClient,EnterpriseClient_trjuwtcqpn,,426488910
Move_Operation_New_Component_New_Node,getTransactionContext,New-Component_uljoztollg,New-Node_aknqckkfxt,592467272
UMLCloneNode,LightDisplay,LightDisplay_jqcogzikri,,379604003
Move_Operation_New_Component_New_Node,scanProduct,New-Component_kxjwxtjsig,New-Node_brruzgiltv,599912225
Move_Component_New_Node,Reporting,New-Node_mcdpbhcrap,,616900063
Move_Operation_Component,getEnterpriseByID,DataStore,,281241195
UMLCloneNode,LightDisplay,LightDisplay_jqcogzikri,,468959639
Move_Operation_New_Component_New_Node,getTransaction,New-Component_cwteallxwh,New-Node_bxiukagzac,668313432
UMLCloneNode,CashBox,CashBox_gomhowhdli,,431689162
Move_Operation_New_Component_New_Node,getTransactionContext,New-Component_uljoztollg,New-Node_aknqckkfxt,580541036
UMLCloneNode,LightDisplay,LightDisplay_jqcogzikri,,386907329
Move_Operation_New_Component_New_Node,scanProduct,New-Component_kxjwxtjsig,New-Node_brruzgiltv,683598067
Move_Operation_Component,printRunningTotal,CashBoxController,,314215624
Move_Operation_New_Component_New_Node,getTransactionContext,New-Component_uljoztollg,New-Node_aknqckkfxt,619830298
UMLCloneNode,LightDisplay,LightDisplay_jqcogzikri,,567247525
Move_Operation_New_Component_New_Node,getTransaction,New-Component_cwteallxwh,New-Node_bxiukagzac,770160264
Move_Component_New_Node,GUIStore,New-Node_rrvpqbrfmb,,486990703
Move_Operation_New_Component_New_Node,getTransactionContext,New-Component_uljoztollg,New-Node_aknqckkfxt,670847334
Move_Operation_New_Component_New_Node,printRunningTotal,New-Component_idlstrjuzq,New-Node_cbgyzadpqe,657429802
Move_Operation_New_Component_New_Node,getTransaction,New-Component_cwteallxwh,New-Node_bxiukagzac,679163611
Move_Operation_Component,getTransactionContext,Enterprise,,431772037
Move_Operation_New_Component_New_Node,getTransactionContext,New-Component_uljoztollg,New-Node_aknqckkfxt,722761333
UMLCloneNode,LightDisplay,LightDisplay_jqcogzikri,,481419375
Move_Operation_New_Component_New_Node,scanProduct,New-Component_kxjwxtjsig,New-Node_brruzgiltv,678092192
UMLCloneNode,CashBox,CashBox_gomhowhdli,,470076503
Move_Operation_New_Component_New_Node,getTransactionContext,New-Component_uljoztollg,New-Node_aknqckkfxt,648396852
UMLCloneNode,LightDisplay,LightDisplay_jqcogzikri,,458174041
Move_Operation_New_Component_New_Node,getTransaction,New-Component_cwteallxwh,New-Node_bxiukagzac,664225266
Move_Operation_Component,getMeanTimeToDeliveryReport,CashDeskGUI,,397645387
Move_Operation_New_Component_New_Node,startSale,New-Component_enjafteqfz,New-Node_vomxvytptk,784045264
UMLCloneNode,LightDisplay,LightDisplay_jqcogzikri,,539338355
Move_Operation_New_Component_New_Node,scanProduct,New-Component_kxjwxtjsig,New-Node_brruzgiltv,814252985
UMLCloneNode,EnterpriseClient,EnterpriseClient_trjuwtcqpn,,597993156
Move_Operation_New_Component_New_Node,getTransactionContext,New-Component_uljoztollg,New-Node_aknqckkfxt,763369960
UMLCloneNode,LightDisplay,LightDisplay_jqcogzikri,,562955035
Move_Operation_New_Component_New_Node,getTransaction,New-Component_cwteallxwh,New-Node_bxiukagzac,841650055
Move_Operation_New_Component_New_Node,getEnterpriseByID,New-Component_aopglpseuq,New-Node_oiryzinbsh,691824194
Move_Operation_New_Component_New_Node,getTransactionContext,New-Component_uljoztollg,New-Node_aknqckkfxt,707537322
UMLCloneNode,LightDisplay,LightDisplay_jqcogzikri,,505555059
Move_Operation_New_Component_New_Node,scanProduct,New-Component_kxjwxtjsig,New-Node_brruzgiltv,710710253
Move_Component_New_Node,GUIStore,New-Node_suzvqosybj,,591621265
Move_Operation_New_Component_New_Node,getTransactionContext,New-Component_uljoztollg,New-Node_aknqckkfxt,651074103
UMLCloneNode,LightDisplay,LightDisplay_jqcogzikri,,507816440
Move_Operation_New_Component_New_Node,scanProduct,New-Component_kxjwxtjsig,New-Node_brruzgiltv,700049871
Move_Component_New_Node,Reporting,New-Node_mcdpbhcrap,,572536905
Move_Operation_Component,getEnterpriseByID,DataStore,,278670123
UMLCloneNode,LightDisplay,LightDisplay_jqcogzikri,,460349271
Move_Operation_New_Component_New_Node,getTransaction,New-Component_cwteallxwh,New-Node_bxiukagzac,653627751
Move_Component_New_Node,DataStore,New-Node_wyifetgxlh,,621797989
Move_Operation_New_Component_New_Node,getTransactionContext,New-Component_uljoztollg,New-Node_aknqckkfxt,627912686
UMLCloneNode,LightDisplay,LightDisplay_jqcogzikri,,542181107
Move_Operation_New_Component_New_Node,scanProduct,New-Component_kxjwxtjsig,New-Node_brruzgiltv,735298275
Move_Component_New_Node,GUIStore,New-Node_rrvpqbrfmb,,611892772
Move_Operation_New_Component_New_Node,getTransactionContext,New-Component_uljoztollg,New-Node_aknqckkfxt,744859175
Move_Operation_New_Component_New_Node,printRunningTotal,New-Component_idlstrjuzq,New-Node_cbgyzadpqe,2034919671
Move_Operation_New_Component_New_Node,getTransaction,New-Component_cwteallxwh,New-Node_bxiukagzac,4485734314
UMLCloneNode,CashBox,CashBox_gomhowhdli,,554938953
Move_Operation_New_Component_New_Node,getTransactionContext,New-Component_uljoztollg,New-Node_aknqckkfxt,687166910
UMLCloneNode,LightDisplay,LightDisplay_jqcogzikri,,500749075
Move_Operation_New_Component_New_Node,scanProduct,New-Component_kxjwxtjsig,New-Node_brruzgiltv,689009956
Move_Operation_Component,getMeanTimeToDeliveryReport,CashDeskGUI,,351331010
Move_Operation_New_Component_New_Node,getTransactionContext,New-Component_uljoztollg,New-Node_aknqckkfxt,648451303
UMLCloneNode,LightDisplay,LightDisplay_jqcogzikri,,466884156
Move_Operation_New_Component_New_Node,scanProduct,New-Component_kxjwxtjsig,New-Node_brruzgiltv,668328461
UMLCloneNode,CashBox,CashBox_gomhowhdli,,488115362
Move_Operation_New_Component_New_Node,getTransactionContext,New-Component_uljoztollg,New-Node_aknqckkfxt,697764044
UMLCloneNode,LightDisplay,LightDisplay_jqcogzikri,,468912761
Move_Operation_New_Component_New_Node,getTransaction,New-Component_cwteallxwh,New-Node_bxiukagzac,655555256
Move_Operation_Component,getTransactionContext,Enterprise,,316459382
Move_Operation_New_Component_New_Node,getTransactionContext,New-Component_uljoztollg,New-Node_aknqckkfxt,729404933
UMLCloneNode,LightDisplay,LightDisplay_jqcogzikri,,495869104
Move_Operation_New_Component_New_Node,scanProduct,New-Component_kxjwxtjsig,New-Node_brruzgiltv,707655434
Move_Operation_Component,printRunningTotal,CashBoxController,,290210275
Move_Operation_New_Component_New_Node,getTransactionContext,New-Component_uljoztollg,New-Node_aknqckkfxt,659000617
UMLCloneNode,LightDisplay,LightDisplay_jqcogzikri,,517940756
Move_Operation_New_Component_New_Node,scanProduct,New-Component_kxjwxtjsig,New-Node_brruzgiltv,811119328
Move_Operation_Component,printRunningTotal,CashBoxController,,298758647
Move_Operation_New_Component_New_Node,getTransactionContext,New-Component_uljoztollg,New-Node_aknqckkfxt,669427893
UMLCloneNode,LightDisplay,LightDisplay_jqcogzikri,,476872328
Move_Operation_New_Component_New_Node,getTransaction,New-Component_cwteallxwh,New-Node_bxiukagzac,703346353
Move_Operation_Component,printRunningTotal,CashBoxController,,348218913
Move_Operation_New_Component_New_Node,getTransactionContext,New-Component_uljoztollg,New-Node_aknqckkfxt,666630637
UMLCloneNode,LightDisplay,LightDisplay_jqcogzikri,,500083457
Move_Operation_New_Component_New_Node,getTransaction,New-Component_cwteallxwh,New-Node_bxiukagzac,708718367
UMLCloneNode,CashBox,CashBox_gomhowhdli,,494577932
Move_Operation_New_Component_New_Node,getTransactionContext,New-Component_uljoztollg,New-Node_aknqckkfxt,753062249
UMLCloneNode,LightDisplay,LightDisplay_jqcogzikri,,567569048
Move_Operation_New_Component_New_Node,scanProduct,New-Component_kxjwxtjsig,New-Node_brruzgiltv,748769047
Move_Operation_Component,getTransactionContext,Enterprise,,286992571
Move_Component_New_Node,GUIReporting,New-Node_asndakwedb,,535039253
UMLCloneNode,LightDisplay,LightDisplay_jqcogzikri,,509303268
Move_Operation_New_Component_New_Node,getTransaction,New-Component_cwteallxwh,New-Node_bxiukagzac,680053439
Move_Operation_Component,printRunningTotal,CashBoxController,,312471723
Move_Operation_New_Component_New_Node,getTransactionContext,New-Component_uljoztollg,New-Node_aknqckkfxt,649823777
UMLCloneNode,LightDisplay,LightDisplay_jqcogzikri,,481595045
Move_Operation_New_Component_New_Node,getTransaction,New-Component_cwteallxwh,New-Node_bxiukagzac,685221923
UMLCloneNode,CashBox,CashBox_gomhowhdli,,532022886
Move_Operation_New_Component_New_Node,getTransactionContext,New-Component_uljoztollg,New-Node_aknqckkfxt,648992889
UMLCloneNode,LightDisplay,LightDisplay_jqcogzikri,,473442285
Move_Operation_New_Component_New_Node,scanProduct,New-Component_kxjwxtjsig,New-Node_brruzgiltv,827230073
Move_Operation_Component,getMeanTimeToDeliveryReport,CashDeskGUI,,301749545
Move_Operation_New_Component_New_Node,getTransactionContext,New-Component_uljoztollg,New-Node_aknqckkfxt,709866862
UMLCloneNode,LightDisplay,LightDisplay_jqcogzikri,,482584711
Move_Operation_New_Component_New_Node,scanProduct,New-Component_kxjwxtjsig,New-Node_brruzgiltv,688564882
UMLCloneNode,CashBox,CashBox_gomhowhdli,,548571611
Move_Operation_New_Component_New_Node,getTransactionContext,New-Component_uljoztollg,New-Node_aknqckkfxt,719114113
UMLCloneNode,LightDisplay,LightDisplay_jqcogzikri,,466853729
Move_Operation_New_Component_New_Node,getTransaction,New-Component_cwteallxwh,New-Node_bxiukagzac,712276781
Move_Component_New_Node,Reporting,New-Node_mcdpbhcrap,,628126798
Move_Operation_Component,getEnterpriseByID,DataStore,,318790985
UMLCloneNode,LightDisplay,LightDisplay_jqcogzikri,,590149456
Move_Operation_New_Component_New_Node,getTransaction,New-Component_cwteallxwh,New-Node_bxiukagzac,783021484
Move_Component_New_Node,Inventory,New-Node_dnatqhjaet,,496452819
Move_Operation_New_Component_New_Node,getTransactionContext,New-Component_uljoztollg,New-Node_aknqckkfxt,576023905
Move_Operation_New_Component_New_Node,printRunningTotal,New-Component_idlstrjuzq,New-Node_cbgyzadpqe,556101913
Move_Operation_New_Component_New_Node,getTransaction,New-Component_cwteallxwh,New-Node_bxiukagzac,565185859
UMLCloneNode,EnterpriseClient,EnterpriseClient_trjuwtcqpn,,468069118
Move_Operation_New_Component_New_Node,getTransactionContext,New-Component_uljoztollg,New-Node_aknqckkfxt,1973823412
UMLCloneNode,LightDisplay,LightDisplay_jqcogzikri,,2751034460
Move_Operation_New_Component_New_Node,stopSale,New-Component_uohovfafbp,New-Node_lpsmqbrknh,4005114668
UMLCloneNode,CashBox,CashBox_gomhowhdli,,538970475
Move_Operation_New_Component_New_Node,getTransactionContext,New-Component_uljoztollg,New-Node_aknqckkfxt,766276941
UMLCloneNode,LightDisplay,LightDisplay_jqcogzikri,,505543467
Move_Operation_New_Component_New_Node,getTransaction,New-Component_cwteallxwh,New-Node_bxiukagzac,800078583
Move_Operation_Component,getMeanTimeToDeliveryReport,CashDeskGUI,,354537202
Move_Operation_New_Component_New_Node,getTransactionContext,New-Component_uljoztollg,New-Node_aknqckkfxt,732900989
UMLCloneNode,LightDisplay,LightDisplay_jqcogzikri,,497820143
Move_Operation_New_Component_New_Node,scanProduct,New-Component_kxjwxtjsig,New-Node_brruzgiltv,719475862
UMLCloneNode,CashBox,CashBox_gomhowhdli,,526324670
Move_Operation_New_Component_New_Node,getTransactionContext,New-Component_uljoztollg,New-Node_aknqckkfxt,699022965
UMLCloneNode,LightDisplay,LightDisplay_jqcogzikri,,566803052
Move_Operation_New_Component_New_Node,getTransaction,New-Component_cwteallxwh,New-Node_bxiukagzac,680986459
UMLCloneNode,CashBox,CashBox_gomhowhdli,,434744942
Move_Operation_New_Component_New_Node,getTransactionContext,New-Component_uljoztollg,New-Node_aknqckkfxt,566159996
UMLCloneNode,LightDisplay,LightDisplay_jqcogzikri,,376804101
Move_Operation_New_Component_New_Node,getTransaction,New-Component_cwteallxwh,New-Node_bxiukagzac,567000923
UMLCloneNode,CashBox,CashBox_gomhowhdli,,504155824
Move_Operation_New_Component_New_Node,getTransactionContext,New-Component_uljoztollg,New-Node_aknqckkfxt,658454804
Move_Operation_New_Component_New_Node,printRunningTotal,New-Component_idlstrjuzq,New-Node_cbgyzadpqe,737871421
Move_Operation_New_Component_New_Node,getTransaction,New-Component_cwteallxwh,New-Node_bxiukagzac,664153611
UMLCloneNode,CashBox,CashBox_gomhowhdli,,506052251
Move_Operation_New_Component_New_Node,getTransactionContext,New-Component_uljoztollg,New-Node_aknqckkfxt,745408455
UMLCloneNode,LightDisplay,LightDisplay_jqcogzikri,,490642211
Move_Operation_New_Component_New_Node,scanProduct,New-Component_kxjwxtjsig,New-Node_brruzgiltv,669329508
Move_Operation_Component,getMeanTimeToDeliveryReport,CashDeskGUI,,374573117
Move_Operation_New_Component_New_Node,getTransactionContext,New-Component_uljoztollg,New-Node_aknqckkfxt,651040620
UMLCloneNode,LightDisplay,LightDisplay_jqcogzikri,,491254510
Move_Operation_New_Component_New_Node,scanProduct,New-Component_kxjwxtjsig,New-Node_brruzgiltv,772132303
Move_Component_New_Node,Reporting,New-Node_mcdpbhcrap,,567413316
Move_Operation_Component,getEnterpriseByID,DataStore,,292970261
UMLCloneNode,LightDisplay,LightDisplay_jqcogzikri,,492224970
Move_Operation_New_Component_New_Node,getTransaction,New-Component_cwteallxwh,New-Node_bxiukagzac,650590645
UMLCloneNode,CashBox,CashBox_gomhowhdli,,512924830
Move_Operation_New_Component_New_Node,getTransactionContext,New-Component_uljoztollg,New-Node_aknqckkfxt,712168879
UMLCloneNode,LightDisplay,LightDisplay_jqcogzikri,,486863545
Move_Operation_New_Component_New_Node,getTransaction,New-Component_cwteallxwh,New-Node_bxiukagzac,707006998
UMLCloneNode,EnterpriseClient,EnterpriseClient_trjuwtcqpn,,478830730
Move_Operation_New_Component_New_Node,getTransactionContext,New-Component_uljoztollg,New-Node_aknqckkfxt,652084828
UMLCloneNode,LightDisplay,LightDisplay_jqcogzikri,,467139405
Move_Operation_New_Component_New_Node,scanProduct,New-Component_kxjwxtjsig,New-Node_brruzgiltv,729539395
UMLCloneNode,CashBox,CashBox_gomhowhdli,,589327404
Move_Operation_New_Component_New_Node,getTransactionContext,New-Component_uljoztollg,New-Node_aknqckkfxt,675445609
UMLCloneNode,LightDisplay,LightDisplay_jqcogzikri,,479531926
Move_Operation_New_Component_New_Node,scanProduct,New-Component_kxjwxtjsig,New-Node_brruzgiltv,695958988
UMLCloneNode,CashBox,CashBox_gomhowhdli,,583118329
Move_Operation_New_Component_New_Node,getTransactionContext,New-Component_uljoztollg,New-Node_aknqckkfxt,655520571
UMLCloneNode,LightDisplay,LightDisplay_jqcogzikri,,492351327
Move_Operation_New_Component_New_Node,getTransaction,New-Component_cwteallxwh,New-Node_bxiukagzac,698725227
Move_Component_New_Node,GUIStore,New-Node_rrvpqbrfmb,,605716660
Move_Operation_New_Component_New_Node,getTransactionContext,New-Component_uljoztollg,New-Node_aknqckkfxt,708973876
Move_Operation_New_Component_New_Node,printRunningTotal,New-Component_idlstrjuzq,New-Node_cbgyzadpqe,730668552
Move_Operation_New_Component_New_Node,getTransaction,New-Component_cwteallxwh,New-Node_bxiukagzac,703404983
Move_Operation_Component,getTransactionContext,Enterprise,,322347023
Move_Component_New_Node,GUIReporting,New-Node_asndakwedb,,444574597
UMLCloneNode,LightDisplay,LightDisplay_jqcogzikri,,376196622
Move_Operation_New_Component_New_Node,getTransaction,New-Component_cwteallxwh,New-Node_bxiukagzac,561705953
Move_Component_New_Node,Inventory,New-Node_dnatqhjaet,,551900524
Move_Operation_New_Component_New_Node,getTransactionContext,New-Component_uljoztollg,New-Node_aknqckkfxt,700939338
UMLCloneNode,LightDisplay,LightDisplay_jqcogzikri,,577423350
Move_Operation_New_Component_New_Node,scanProduct,New-Component_kxjwxtjsig,New-Node_brruzgiltv,763526814
UMLCloneNode,CashBox,CashBox_gomhowhdli,,631486198
Move_Operation_New_Component_New_Node,getTransactionContext,New-Component_uljoztollg,New-Node_aknqckkfxt,603552742
UMLCloneNode,LightDisplay,LightDisplay_jqcogzikri,,2628914548
Move_Operation_New_Component_New_Node,getTransaction,New-Component_cwteallxwh,New-Node_bxiukagzac,3903911153
Move_Operation_Component,getMeanTimeToDelivery,AppStore,,360046795
Move_Operation_New_Component_New_Node,getTransactionContext,New-Component_uljoztollg,New-Node_aknqckkfxt,741719227
Move_Operation_New_Component_New_Node,printRunningTotal,New-Component_idlstrjuzq,New-Node_cbgyzadpqe,695620704
Move_Operation_New_Component_New_Node,getTransaction,New-Component_cwteallxwh,New-Node_bxiukagzac,723622599
UMLCloneNode,CashBox,CashBox_gomhowhdli,,521311809
Move_Operation_New_Component_New_Node,getTransactionContext,New-Component_uljoztollg,New-Node_aknqckkfxt,855739639
UMLCloneNode,LightDisplay,LightDisplay_jqcogzikri,,533141553
Move_Operation_New_Component_New_Node,getTransaction,New-Component_cwteallxwh,New-Node_bxiukagzac,816405312
UMLCloneNode,CashBox,CashBox_gomhowhdli,,531316983
Move_Operation_New_Component_New_Node,getTransactionContext,New-Component_uljoztollg,New-Node_aknqckkfxt,673727085
Move_Operation_New_Component_New_Node,printRunningTotal,New-Component_idlstrjuzq,New-Node_cbgyzadpqe,791874817
Move_Operation_New_Component_New_Node,getTransaction,New-Component_cwteallxwh,New-Node_bxiukagzac,779717338
UMLCloneNode,CashBox,CashBox_gomhowhdli,,543536929
Move_Operation_New_Component_New_Node,getTransactionContext,New-Component_uljoztollg,New-Node_aknqckkfxt,684712938
UMLCloneNode,LightDisplay,LightDisplay_jqcogzikri,,480924537
Move_Operation_New_Component_New_Node,scanProduct,New-Component_kxjwxtjsig,New-Node_brruzgiltv,674806380
UMLCloneNode,EnterpriseClient,EnterpriseClient_trjuwtcqpn,,494559518
Move_Operation_New_Component_New_Node,getTransactionContext,New-Component_uljoztollg,New-Node_aknqckkfxt,621540155
UMLCloneNode,LightDisplay,LightDisplay_jqcogzikri,,462526273
Move_Operation_New_Component_New_Node,getTransaction,New-Component_cwteallxwh,New-Node_bxiukagzac,662885945
UMLCloneNode,CashBox,CashBox_gomhowhdli,,553282486
Move_Operation_New_Component_New_Node,getTransactionContext,New-Component_uljoztollg,New-Node_aknqckkfxt,707385879
UMLCloneNode,LightDisplay,LightDisplay_jqcogzikri,,505537696
Move_Operation_New_Component_New_Node,scanProduct,New-Component_kxjwxtjsig,New-Node_brruzgiltv,712826161
Move_Operation_New_Component_New_Node,queryStockItem,New-Component_ehptcseqai,New-Node_jqxixbacnn,736282300
Move_Operation_New_Component_New_Node,getTransactionContext,New-Component_uljoztollg,New-Node_aknqckkfxt,678656430
UMLCloneNode,LightDisplay,LightDisplay_jqcogzikri,,464779930
Move_Operation_New_Component_New_Node,stopSale,New-Component_uohovfafbp,New-Node_lpsmqbrknh,670794315
UMLCloneNode,CashBox,CashBox_gomhowhdli,,497861951
Move_Operation_New_Component_New_Node,getTransactionContext,New-Component_uljoztollg,New-Node_aknqckkfxt,690465887
UMLCloneNode,LightDisplay,LightDisplay_jqcogzikri,,453278039
Move_Operation_New_Component_New_Node,getTransaction,New-Component_cwteallxwh,New-Node_bxiukagzac,742000755
UMLCloneNode,CashBox,CashBox_gomhowhdli,,430984881
Move_Operation_New_Component_New_Node,getTransactionContext,New-Component_uljoztollg,New-Node_aknqckkfxt,669332334
UMLCloneNode,LightDisplay,LightDisplay_jqcogzikri,,498455134
Move_Operation_New_Component_New_Node,scanProduct,New-Component_kxjwxtjsig,New-Node_brruzgiltv,676988892
UMLCloneNode,EnterpriseClient,EnterpriseClient_trjuwtcqpn,,411423957
Move_Operation_New_Component_New_Node,getTransactionContext,New-Component_uljoztollg,New-Node_aknqckkfxt,571453915
UMLCloneNode,LightDisplay,LightDisplay_jqcogzikri,,390612478
Move_Operation_New_Component_New_Node,getTransaction,New-Component_cwteallxwh,New-Node_bxiukagzac,555851243
UMLCloneNode,EnterpriseClient,EnterpriseClient_trjuwtcqpn,,495995731
Move_Operation_New_Component_New_Node,getTransactionContext,New-Component_uljoztollg,New-Node_aknqckkfxt,670386931
UMLCloneNode,LightDisplay,LightDisplay_jqcogzikri,,479227204
Move_Operation_New_Component_New_Node,getTransaction,New-Component_cwteallxwh,New-Node_bxiukagzac,686461217
Move_Operation_Component,getTransactionContext,Enterprise,,344329860
Move_Operation_New_Component_New_Node,getTransactionContext,New-Component_uljoztollg,New-Node_aknqckkfxt,741319767
UMLCloneNode,LightDisplay,LightDisplay_jqcogzikri,,540279230
Move_Operation_New_Component_New_Node,scanProduct,New-Component_kxjwxtjsig,New-Node_brruzgiltv,712489409
UMLCloneNode,EnterpriseClient,EnterpriseClient_trjuwtcqpn,,497183279
Move_Operation_New_Component_New_Node,getTransactionContext,New-Component_uljoztollg,New-Node_aknqckkfxt,704240920
UMLCloneNode,LightDisplay,LightDisplay_jqcogzikri,,454156286
Move_Operation_New_Component_New_Node,scanProduct,New-Component_kxjwxtjsig,New-Node_brruzgiltv,554215185
UMLCloneNode,CashBox,CashBox_gomhowhdli,,473372544
Move_Operation_New_Component_New_Node,getTransactionContext,New-Component_uljoztollg,New-Node_aknqckkfxt,683562450
UMLCloneNode,LightDisplay,LightDisplay_jqcogzikri,,503691795
Move_Operation_New_Component_New_Node,scanProduct,New-Component_kxjwxtjsig,New-Node_brruzgiltv,763880998
UMLCloneNode,CashBox,CashBox_gomhowhdli,,489851328
Move_Operation_New_Component_New_Node,getTransactionContext,New-Component_uljoztollg,New-Node_aknqckkfxt,670669040
UMLCloneNode,LightDisplay,LightDisplay_jqcogzikri,,473500685
Move_Operation_New_Component_New_Node,scanProduct,New-Component_kxjwxtjsig,New-Node_brruzgiltv,695422352
Move_Operation_Component,getTransactionContext,Enterprise,,273145081
Move_Operation_New_Component_New_Node,getTransactionContext,New-Component_uljoztollg,New-Node_aknqckkfxt,651445829
UMLCloneNode,LightDisplay,LightDisplay_jqcogzikri,,874273947
Move_Operation_New_Component_New_Node,getTransaction,New-Component_cwteallxwh,New-Node_bxiukagzac,663867555
Move_Component_New_Node,ScannerController,New-Node_rtkntvwlyk,,592535259
Move_Operation_New_Component_New_Node,getTransactionContext,New-Component_uljoztollg,New-Node_aknqckkfxt,690412096
UMLCloneNode,LightDisplay,LightDisplay_jqcogzikri,,575443516
Move_Operation_New_Component_New_Node,stopSale,New-Component_uohovfafbp,New-Node_lpsmqbrknh,790781587
Move_Component_New_Node,Inventory,New-Node_dnatqhjaet,,561712675
Move_Operation_New_Component_New_Node,getTransactionContext,New-Component_uljoztollg,New-Node_aknqckkfxt,667019877
UMLCloneNode,LightDisplay,LightDisplay_jqcogzikri,,471179702
Move_Operation_New_Component_New_Node,scanProduct,New-Component_kxjwxtjsig,New-Node_brruzgiltv,664532412
UMLCloneNode,EnterpriseClient,EnterpriseClient_trjuwtcqpn,,512892359
Move_Operation_New_Component_New_Node,getTransactionContext,New-Component_uljoztollg,New-Node_aknqckkfxt,759939427
UMLCloneNode,LightDisplay,LightDisplay_jqcogzikri,,533338994
Move_Operation_New_Component_New_Node,getTransaction,New-Component_cwteallxwh,New-Node_bxiukagzac,623186703
UMLCloneNode,EnterpriseClient,EnterpriseClient_trjuwtcqpn,,547068502
Move_Operation_New_Component_New_Node,getTransactionContext,New-Component_uljoztollg,New-Node_aknqckkfxt,672024673
UMLCloneNode,LightDisplay,LightDisplay_jqcogzikri,,456157529
Move_Operation_New_Component_New_Node,scanProduct,New-Component_kxjwxtjsig,New-Node_brruzgiltv,646961490
UMLCloneNode,CashBox,CashBox_gomhowhdli,,375529070
Move_Operation_New_Component_New_Node,getTransactionContext,New-Component_uljoztollg,New-Node_aknqckkfxt,558623672
UMLCloneNode,LightDisplay,LightDisplay_jqcogzikri,,391486767
Move_Operation_New_Component_New_Node,getTransaction,New-Component_cwteallxwh,New-Node_bxiukagzac,561730799
UMLCloneNode,CashBox,CashBox_gomhowhdli,,513669596
Move_Operation_New_Component_New_Node,getTransactionContext,New-Component_uljoztollg,New-Node_aknqckkfxt,791911296
Move_Operation_Component,getMeanTimeToDeliveryReport,Inventory,,314848200
Move_Operation_New_Component_New_Node,getTransaction,New-Component_cwteallxwh,New-Node_bxiukagzac,761814694
Move_Operation_New_Component_New_Node,saleStartedEvent,New-Component_lissblzyef,New-Node_ysbarbcdnj,743804718
Move_Operation_New_Component_New_Node,getTransactionContext,New-Component_uljoztollg,New-Node_aknqckkfxt,729560344
UMLCloneNode,LightDisplay,LightDisplay_jqcogzikri,,475645827
Move_Operation_New_Component_New_Node,scanProduct,New-Component_kxjwxtjsig,New-Node_brruzgiltv,675665130
Move_Operation_Component,getTransactionContext,Enterprise,,364099556
Move_Operation_New_Component_New_Node,getTransactionContext,New-Component_uljoztollg,New-Node_aknqckkfxt,698954656
UMLCloneNode,LightDisplay,LightDisplay_jqcogzikri,,387664529
Move_Operation_New_Component_New_Node,scanProduct,New-Component_kxjwxtjsig,New-Node_brruzgiltv,612048325
Move_Component_New_Node,Inventory,New-Node_dnatqhjaet,,614658118
Move_Operation_New_Component_New_Node,getTransactionContext,New-Component_uljoztollg,New-Node_aknqckkfxt,795274383
UMLCloneNode,LightDisplay,LightDisplay_jqcogzikri,,622726971
Move_Operation_New_Component_New_Node,getTransaction,New-Component_cwteallxwh,New-Node_bxiukagzac,765900286
Move_Operation_New_Component_New_Node,queryStockItem,New-Component_ehptcseqai,New-Node_jqxixbacnn,710739919
Move_Operation_New_Component_New_Node,getTransactionContext,New-Component_uljoztollg,New-Node_aknqckkfxt,725957738
UMLCloneNode,LightDisplay,LightDisplay_jqcogzikri,,501159936
Move_Operation_New_Component_New_Node,stopSale,New-Component_uohovfafbp,New-Node_lpsmqbrknh,744560715
Move_Operation_Component,getMeanTimeToDelivery,AppStore,,298772432
Move_Operation_New_Component_New_Node,getTransactionContext,New-Component_uljoztollg,New-Node_aknqckkfxt,658986321
Move_Operation_New_Component_New_Node,printRunningTotal,New-Component_idlstrjuzq,New-Node_cbgyzadpqe,729459505
Move_Operation_New_Component_New_Node,getTransaction,New-Component_cwteallxwh,New-Node_bxiukagzac,704000098
Move_Operation_Component,printRunningTotal,CashBoxController,,298849557
Move_Operation_New_Component_New_Node,getTransactionContext,New-Component_uljoztollg,New-Node_aknqckkfxt,682665799
UMLCloneNode,LightDisplay,LightDisplay_jqcogzikri,,499115232
Move_Operation_New_Component_New_Node,getTransaction,New-Component_cwteallxwh,New-Node_bxiukagzac,692753908
UMLCloneNode,CashBox,CashBox_gomhowhdli,,484619447
Move_Operation_New_Component_New_Node,getTransactionContext,New-Component_uljoztollg,New-Node_aknqckkfxt,585290042
Move_Operation_New_Component_New_Node,printRunningTotal,New-Component_idlstrjuzq,New-Node_cbgyzadpqe,668239424
Move_Operation_New_Component_New_Node,getTransaction,New-Component_cwteallxwh,New-Node_bxiukagzac,755016173
Move_Operation_New_Component_New_Node,queryOrderById,New-Component_thyhpmgwkx,New-Node_bchjycmpnp,724453006
Move_Operation_New_Component_New_Node,getTransactionContext,New-Component_uljoztollg,New-Node_aknqckkfxt,669378771
UMLCloneNode,LightDisplay,LightDisplay_jqcogzikri,,467977095
Move_Operation_New_Component_New_Node,scanProduct,New-Component_kxjwxtjsig,New-Node_brruzgiltv,702429363
Move_Operation_Component,getTransactionContext,Enterprise,,301536826
Move_Operation_New_Component_New_Node,getTransactionContext,New-Component_uljoztollg,New-Node_aknqckkfxt,695084218
UMLCloneNode,LightDisplay,LightDisplay_jqcogzikri,,493607312
Move_Operation_New_Component_New_Node,scanProduct,New-Component_kxjwxtjsig,New-Node_brruzgiltv,710351580
Move_Operation_Component,getMeanTimeToDelivery,AppStore,,287311649
Move_Operation_New_Component_New_Node,getTransactionContext,New-Component_uljoztollg,New-Node_aknqckkfxt,661825896
Move_Operation_New_Component_New_Node,printRunningTotal,New-Component_idlstrjuzq,New-Node_cbgyzadpqe,1089509827
Move_Operation_New_Component_New_Node,getTransaction,New-Component_cwteallxwh,New-Node_bxiukagzac,789271686
Move_Component_New_Node,ScannerController,New-Node_rtkntvwlyk,,576982572
Move_Operation_New_Component_New_Node,getTransactionContext,New-Component_uljoztollg,New-Node_aknqckkfxt,664042543
UMLCloneNode,LightDisplay,LightDisplay_jqcogzikri,,464058327
Move_Operation_New_Component_New_Node,stopSale,New-Component_uohovfafbp,New-Node_lpsmqbrknh,683896466
Move_Component_New_Node,Inventory,New-Node_dnatqhjaet,,552884980
Move_Operation_New_Component_New_Node,getTransactionContext,New-Component_uljoztollg,New-Node_aknqckkfxt,686948801
UMLCloneNode,LightDisplay,LightDisplay_jqcogzikri,,478303772
Move_Operation_New_Component_New_Node,getTransaction,New-Component_cwteallxwh,New-Node_bxiukagzac,669386486
Move_Operation_Component,saleStartedEvent,Enterprise,,337265151
Move_Operation_New_Component_New_Node,getTransactionContext,New-Component_uljoztollg,New-Node_aknqckkfxt,749755738
Move_Operation_New_Component_New_Node,printRunningTotal,New-Component_idlstrjuzq,New-Node_cbgyzadpqe,709081218
Move_Operation_New_Component_New_Node,getTransaction,New-Component_cwteallxwh,New-Node_bxiukagzac,713206003
Move_Operation_Component,stopSale,CashDeskGUI,,441249000
Move_Operation_New_Component_New_Node,getTransactionContext,New-Component_uljoztollg,New-Node_aknqckkfxt,783449046
UMLCloneNode,LightDisplay,LightDisplay_jqcogzikri,,489656343
Move_Operation_New_Component_New_Node,scanProduct,New-Component_kxjwxtjsig,New-Node_brruzgiltv,743114062
Move_Operation_Component,rollInReceivedOrder,Inventory,,331971072
Move_Operation_New_Component_New_Node,getTransactionContext,New-Component_uljoztollg,New-Node_aknqckkfxt,660194617
UMLCloneNode,LightDisplay,LightDisplay_jqcogzikri,,464176889
Move_Operation_New_Component_New_Node,scanProduct,New-Component_kxjwxtjsig,New-Node_brruzgiltv,693966051
Move_Operation_Component,getMeanTimeToDelivery,AppStore,,315846984
Move_Operation_New_Component_New_Node,getTransactionContext,New-Component_uljoztollg,New-Node_aknqckkfxt,644742399
UMLCloneNode,LightDisplay,LightDisplay_jqcogzikri,,481528409
Move_Operation_New_Component_New_Node,getTransaction,New-Component_cwteallxwh,New-Node_bxiukagzac,695233858
UMLCloneNode,CashBox,CashBox_gomhowhdli,,541166984
Move_Operation_New_Component_New_Node,getTransactionContext,New-Component_uljoztollg,New-Node_aknqckkfxt,693683942
UMLCloneNode,LightDisplay,LightDisplay_jqcogzikri,,465286820
Move_Operation_New_Component_New_Node,getTransaction,New-Component_cwteallxwh,New-Node_bxiukagzac,683350312
Move_Operation_New_Component_New_Node,getMeanTimeToDelivery,New-Component_gpmlaxdlod,New-Node_mczmqqwfcu,603771843
Move_Operation_New_Component_New_Node,getTransactionContext,New-Component_uljoztollg,New-Node_aknqckkfxt,543388020
UMLCloneNode,LightDisplay,LightDisplay_jqcogzikri,,353270587
Move_Operation_New_Component_New_Node,stopSale,New-Component_uohovfafbp,New-Node_lpsmqbrknh,554044996
Move_Operation_Component,createReport,CashDeskApplication,,276134527
Move_Operation_New_Component_New_Node,getTransactionContext,New-Component_uljoztollg,New-Node_aknqckkfxt,564742307
UMLCloneNode,LightDisplay,LightDisplay_jqcogzikri,,443506133
Move_Operation_New_Component_New_Node,getTransaction,New-Component_cwteallxwh,New-Node_bxiukagzac,766929836
Move_Operation_Component,createReport,ScannerController,,290928872
Move_Operation_New_Component_New_Node,getTransactionContext,New-Component_uljoztollg,New-Node_aknqckkfxt,765006840
UMLCloneNode,LightDisplay,LightDisplay_jqcogzikri,,582538472
Move_Operation_New_Component_New_Node,getTransaction,New-Component_cwteallxwh,New-Node_bxiukagzac,809933445
Move_Operation_New_Component_New_Node,saleStartedEvent,New-Component_lissblzyef,New-Node_ysbarbcdnj,665321381
Move_Operation_New_Component_New_Node,getTransactionContext,New-Component_uljoztollg,New-Node_aknqckkfxt,767779099
UMLCloneNode,LightDisplay,LightDisplay_jqcogzikri,,498452979
Move_Operation_New_Component_New_Node,scanProduct,New-Component_kxjwxtjsig,New-Node_brruzgiltv,712410321
Move_Component_New_Node,ScannerController,New-Node_rtkntvwlyk,,520558536
Move_Operation_New_Component_New_Node,getTransactionContext,New-Component_uljoztollg,New-Node_aknqckkfxt,647424258
Move_Operation_New_Component_New_Node,printRunningTotal,New-Component_idlstrjuzq,New-Node_cbgyzadpqe,666770790
Move_Operation_New_Component_New_Node,getTransaction,New-Component_cwteallxwh,New-Node_bxiukagzac,649253538
UMLCloneNode,CashBox,CashBox_gomhowhdli,,427344253
Move_Operation_New_Component_New_Node,getTransactionContext,New-Component_uljoztollg,New-Node_aknqckkfxt,650908422
UMLCloneNode,LightDisplay,LightDisplay_jqcogzikri,,474839204
Move_Operation_New_Component_New_Node,scanProduct,New-Component_kxjwxtjsig,New-Node_brruzgiltv,667353543
UMLCloneNode,EnterpriseClient,EnterpriseClient_trjuwtcqpn,,491561596
Move_Operation_New_Component_New_Node,getTransactionContext,New-Component_uljoztollg,New-Node_aknqckkfxt,679462953
UMLCloneNode,LightDisplay,LightDisplay_jqcogzikri,,460760592
Move_Operation_New_Component_New_Node,stopSale,New-Component_uohovfafbp,New-Node_lpsmqbrknh,667751830
UMLCloneNode,CashBox,CashBox_gomhowhdli,,483054362
Move_Operation_New_Component_New_Node,getTransactionContext,New-Component_uljoztollg,New-Node_aknqckkfxt,656869211
Move_Operation_Component,enterOrderID,CashDeskGUI,,276931272
Move_Operation_New_Component_New_Node,getTransaction,New-Component_cwteallxwh,New-Node_bxiukagzac,673167706
Move_Operation_New_Component_New_Node,queryOrderById,New-Component_thyhpmgwkx,New-Node_bchjycmpnp,648998660
Move_Operation_New_Component_New_Node,getTransactionContext,New-Component_uljoztollg,New-Node_aknqckkfxt,753899399
UMLCloneNode,LightDisplay,LightDisplay_jqcogzikri,,562133285
Move_Operation_New_Component_New_Node,scanProduct,New-Component_kxjwxtjsig,New-Node_brruzgiltv,965083009
Move_Operation_Component,createReport,ScannerController,,259041171
Move_Operation_New_Component_New_Node,getTransactionContext,New-Component_uljoztollg,New-Node_aknqckkfxt,553247240
UMLCloneNode,LightDisplay,LightDisplay_jqcogzikri,,370681129
Move_Operation_New_Component_New_Node,getTransaction,New-Component_cwteallxwh,New-Node_bxiukagzac,547627511
Move_Component_New_Node,ScannerController,New-Node_rtkntvwlyk,,607719726
Move_Operation_New_Component_New_Node,getTransactionContext,New-Component_uljoztollg,New-Node_aknqckkfxt,731611030
UMLCloneNode,LightDisplay,LightDisplay_jqcogzikri,,470199003
Move_Operation_New_Component_New_Node,stopSale,New-Component_uohovfafbp,New-Node_lpsmqbrknh,675589247
Move_Operation_Component,rollInReceivedOrder,Inventory,,341973531
Move_Operation_New_Component_New_Node,getTransactionContext,New-Component_uljoztollg,New-Node_aknqckkfxt,646618266
UMLCloneNode,LightDisplay,LightDisplay_jqcogzikri,,445502938
Move_Operation_New_Component_New_Node,scanProduct,New-Component_kxjwxtjsig,New-Node_brruzgiltv,672429532
Move_Operation_New_Component_New_Node,saleStartedEvent,New-Component_lissblzyef,New-Node_ysbarbcdnj,767979445
Move_Operation_New_Component_New_Node,getTransactionContext,New-Component_uljoztollg,New-Node_aknqckkfxt,679680210
UMLCloneNode,LightDisplay,LightDisplay_jqcogzikri,,480013899
Move_Operation_New_Component_New_Node,scanProduct,New-Component_kxjwxtjsig,New-Node_brruzgiltv,672107899
Move_Component_New_Node,ScannerController,New-Node_rtkntvwlyk,,577135379
Move_Operation_New_Component_New_Node,getTransactionContext,New-Component_uljoztollg,New-Node_aknqckkfxt,581855421
UMLCloneNode,LightDisplay,LightDisplay_jqcogzikri,,429187801
Move_Operation_New_Component_New_Node,stopSale,New-Component_uohovfafbp,New-Node_lpsmqbrknh,782155961
Move_Component_New_Node,PrinterController,New-Node_rylbkmalkd,,700681065
Move_Operation_New_Component_New_Node,getTransactionContext,New-Component_uljoztollg,New-Node_aknqckkfxt,819285263
UMLCloneNode,LightDisplay,LightDisplay_jqcogzikri,,412667369
Move_Operation_New_Component_New_Node,scanProduct,New-Component_kxjwxtjsig,New-Node_brruzgiltv,636253277
Move_Operation_New_Component_New_Node,queryStockItem,New-Component_ehptcseqai,New-Node_jqxixbacnn,706588984
Move_Operation_New_Component_New_Node,getTransactionContext,New-Component_uljoztollg,New-Node_aknqckkfxt,698517827
UMLCloneNode,LightDisplay,LightDisplay_jqcogzikri,,448172644
Move_Operation_New_Component_New_Node,stopSale,New-Component_uohovfafbp,New-Node_lpsmqbrknh,816179307
UMLCloneNode,CashBox,CashBox_gomhowhdli,,519107204
Move_Operation_New_Component_New_Node,getTransactionContext,New-Component_uljoztollg,New-Node_aknqckkfxt,688352193
Move_Operation_New_Component_New_Node,printRunningTotal,New-Component_idlstrjuzq,New-Node_cbgyzadpqe,700187519
Move_Operation_New_Component_New_Node,getTransaction,New-Component_cwteallxwh,New-Node_bxiukagzac,678050474
UMLCloneNode,CashBox,CashBox_gomhowhdli,,506929787
Move_Operation_New_Component_New_Node,getTransactionContext,New-Component_uljoztollg,New-Node_aknqckkfxt,693364724
Move_Operation_Component,saleStartedEvent,PrinterController,,295358640
Move_Operation_New_Component_New_Node,scanProduct,New-Component_kxjwxtjsig,New-Node_brruzgiltv,731117504
Move_Operation_Component,rollInReceivedOrder,Inventory,,299593472
UMLCloneNode,Printer,Printer_czjzfklxyv,,471875407
UMLCloneNode,LightDisplay,LightDisplay_jqcogzikri,,468569457
Move_Operation_New_Component_New_Node,scanProduct,New-Component_kxjwxtjsig,New-Node_brruzgiltv,681756573
Move_Operation_Component,saleStartedEvent,Enterprise,,352032105
Move_Operation_New_Component_New_Node,getTransactionContext,New-Component_uljoztollg,New-Node_aknqckkfxt,773207118
UMLCloneNode,LightDisplay,LightDisplay_jqcogzikri,,501197767
Move_Operation_New_Component_New_Node,scanProduct,New-Component_kxjwxtjsig,New-Node_brruzgiltv,678154128
Move_Operation_New_Component_New_Node,queryOrderById,New-Component_thyhpmgwkx,New-Node_bchjycmpnp,592799134
Move_Operation_New_Component_New_Node,getTransactionContext,New-Component_uljoztollg,New-Node_aknqckkfxt,536427426
UMLCloneNode,LightDisplay,LightDisplay_jqcogzikri,,371493833
Move_Operation_New_Component_New_Node,scanProduct,New-Component_kxjwxtjsig,New-Node_brruzgiltv,585739505
Move_Operation_Component,saleStartedEvent,Enterprise,,319928699
Move_Operation_New_Component_New_Node,getTransactionContext,New-Component_uljoztollg,New-Node_aknqckkfxt,710033233
Move_Operation_New_Component_New_Node,printRunningTotal,New-Component_idlstrjuzq,New-Node_cbgyzadpqe,698070429
Move_Operation_New_Component_New_Node,getTransaction,New-Component_cwteallxwh,New-Node_bxiukagzac,650801141
Move_Operation_New_Component_New_Node,saleStartedEvent,New-Component_lissblzyef,New-Node_ysbarbcdnj,800345273
Move_Operation_New_Component_New_Node,getTransactionContext,New-Component_uljoztollg,New-Node_aknqckkfxt,618636840
UMLCloneNode,LightDisplay,LightDisplay_jqcogzikri,,412586547
Move_Operation_New_Component_New_Node,scanProduct,New-Component_kxjwxtjsig,New-Node_brruzgiltv,607214379
Move_Operation_Component,startSale,CashDeskApplication,,285284176
Move_Operation_New_Component_New_Node,getTransactionContext,New-Component_uljoztollg,New-Node_aknqckkfxt,609002552
UMLCloneNode,LightDisplay,LightDisplay_jqcogzikri,,402190731
Move_Operation_New_Component_New_Node,scanProduct,New-Component_kxjwxtjsig,New-Node_brruzgiltv,594142714
Move_Operation_Component,rollInReceivedOrder,Inventory,,438477162
Move_Operation_New_Component_New_Node,getTransactionContext,New-Component_uljoztollg,New-Node_aknqckkfxt,648736628
UMLCloneNode,LightDisplay,LightDisplay_jqcogzikri,,904285249
Move_Operation_New_Component_New_Node,scanProduct,New-Component_kxjwxtjsig,New-Node_brruzgiltv,886480209
Move_Operation_Component,startSale,CashDeskApplication,,338711393
Move_Operation_New_Component_New_Node,getTransactionContext,New-Component_uljoztollg,New-Node_aknqckkfxt,711740445
UMLCloneNode,LightDisplay,LightDisplay_jqcogzikri,,497357956
Move_Operation_New_Component_New_Node,scanProduct,New-Component_kxjwxtjsig,New-Node_brruzgiltv,690885634
UMLCloneNode,CashBox,CashBox_gomhowhdli,,509433763
Move_Operation_New_Component_New_Node,getTransactionContext,New-Component_uljoztollg,New-Node_aknqckkfxt,743717905
Move_Operation_New_Component_New_Node,printRunningTotal,New-Component_idlstrjuzq,New-Node_cbgyzadpqe,781031191
Move_Operation_New_Component_New_Node,scanProduct,New-Component_kxjwxtjsig,New-Node_brruzgiltv,699959982
Move_Operation_Component,startSale,CashDeskApplication,,361997263
Move_Operation_New_Component_New_Node,getTransactionContext,New-Component_uljoztollg,New-Node_aknqckkfxt,622800709
UMLCloneNode,LightDisplay,LightDisplay_jqcogzikri,,397693517
Move_Operation_New_Component_New_Node,getTransaction,New-Component_cwteallxwh,New-Node_bxiukagzac,598335668
Move_Operation_New_Component_New_Node,queryOrderById,New-Component_thyhpmgwkx,New-Node_bchjycmpnp,731525750
Move_Operation_New_Component_New_Node,getTransactionContext,New-Component_uljoztollg,New-Node_aknqckkfxt,730262882
UMLCloneNode,LightDisplay,LightDisplay_jqcogzikri,,495151688
Move_Operation_New_Component_New_Node,scanProduct,New-Component_kxjwxtjsig,New-Node_brruzgiltv,754842157
Move_Operation_New_Component_New_Node,queryStockItem,New-Component_ehptcseqai,New-Node_jqxixbacnn,688290527
Move_Operation_New_Component_New_Node,getTransactionContext,New-Component_uljoztollg,New-Node_aknqckkfxt,728499054
UMLCloneNode,LightDisplay,LightDisplay_jqcogzikri,,493582686
Move_Operation_New_Component_New_Node,stopSale,New-Component_uohovfafbp,New-Node_lpsmqbrknh,677776470
Move_Operation_New_Component_New_Node,getMeanTimeToDelivery,New-Component_gpmlaxdlod,New-Node_mczmqqwfcu,675251174
Move_Operation_New_Component_New_Node,getTransactionContext,New-Component_uljoztollg,New-Node_aknqckkfxt,651604417
UMLCloneNode,LightDisplay,LightDisplay_jqcogzikri,,580075072
Move_Operation_New_Component_New_Node,stopSale,New-Component_uohovfafbp,New-Node_lpsmqbrknh,772005024
UMLCloneNode,CashBox,CashBox_gomhowhdli,,485722415
Move_Operation_New_Component_New_Node,getTransactionContext,New-Component_uljoztollg,New-Node_aknqckkfxt,697229942
Move_Operation_New_Component_New_Node,printRunningTotal,New-Component_idlstrjuzq,New-Node_cbgyzadpqe,756283220
Move_Operation_New_Component_New_Node,getTransaction,New-Component_cwteallxwh,New-Node_bxiukagzac,691232504
Move_Operation_New_Component_New_Node,queryOrderById,New-Component_thyhpmgwkx,New-Node_bchjycmpnp,700343221
Move_Operation_New_Component_New_Node,getTransactionContext,New-Component_uljoztollg,New-Node_aknqckkfxt,706587451
UMLCloneNode,LightDisplay,LightDisplay_jqcogzikri,,526449033
Move_Operation_New_Component_New_Node,scanProduct,New-Component_kxjwxtjsig,New-Node_brruzgiltv,730314718
Move_Operation_Component,startSale,CashDeskApplication,,336349283
Move_Operation_New_Component_New_Node,getTransactionContext,New-Component_uljoztollg,New-Node_aknqckkfxt,714566736
UMLCloneNode,LightDisplay,LightDisplay_jqcogzikri,,494487553
Move_Operation_New_Component_New_Node,getTransaction,New-Component_cwteallxwh,New-Node_bxiukagzac,709939338
Move_Operation_Component,saleStartedEvent,Enterprise,,335582305
Move_Operation_New_Component_New_Node,getTransactionContext,New-Component_uljoztollg,New-Node_aknqckkfxt,752512037
Move_Component_New_Node,GUIStore,New-Node_zkzybtqbns,,599839207
Move_Operation_New_Component_New_Node,getTransaction,New-Component_cwteallxwh,New-Node_bxiukagzac,704079678
Move_Operation_New_Component_New_Node,getMeanTimeToDelivery,New-Component_gpmlaxdlod,New-Node_mczmqqwfcu,716482128
Move_Operation_New_Component_New_Node,getTransactionContext,New-Component_uljoztollg,New-Node_aknqckkfxt,757813079
UMLCloneNode,LightDisplay,LightDisplay_jqcogzikri,,494604492
Move_Operation_New_Component_New_Node,stopSale,New-Component_uohovfafbp,New-Node_lpsmqbrknh,663194683
UMLCloneNode,EnterpriseClient,EnterpriseClient_trjuwtcqpn,,493319092
Move_Operation_New_Component_New_Node,getTransactionContext,New-Component_uljoztollg,New-Node_aknqckkfxt,732367819
UMLCloneNode,LightDisplay,LightDisplay_jqcogzikri,,602776045
Move_Operation_New_Component_New_Node,getTransaction,New-Component_cwteallxwh,New-Node_bxiukagzac,824761102
UMLCloneNode,CashBox,CashBox_gomhowhdli,,503397692
Move_Operation_New_Component_New_Node,getTransactionContext,New-Component_uljoztollg,New-Node_aknqckkfxt,793399196
UMLCloneNode,LightDisplay,LightDisplay_jqcogzikri,,521722749
Move_Operation_New_Component_New_Node,scanProduct,New-Component_kxjwxtjsig,New-Node_brruzgiltv,688626938
UMLCloneNode,CashBox,CashBox_gomhowhdli,,531942796
Move_Operation_New_Component_New_Node,getTransactionContext,New-Component_uljoztollg,New-Node_aknqckkfxt,729854475
Move_Operation_New_Component_New_Node,printRunningTotal,New-Component_idlstrjuzq,New-Node_cbgyzadpqe,729806386
Move_Operation_New_Component_New_Node,getTransaction,New-Component_cwteallxwh,New-Node_bxiukagzac,661816388
UMLCloneNode,CashBox,CashBox_gomhowhdli,,531802052
Move_Operation_New_Component_New_Node,getTransactionContext,New-Component_uljoztollg,New-Node_aknqckkfxt,834096239
UMLCloneNode,LightDisplay,LightDisplay_jqcogzikri,,524938620
Move_Operation_New_Component_New_Node,scanProduct,New-Component_kxjwxtjsig,New-Node_brruzgiltv,750464127
Move_Operation_Component,saleStartedEvent,Enterprise,,695940684
Move_Operation_New_Component_New_Node,getTransactionContext,New-Component_uljoztollg,New-Node_aknqckkfxt,693851476
Move_Operation_New_Component_New_Node,printRunningTotal,New-Component_idlstrjuzq,New-Node_cbgyzadpqe,822540347
Move_Operation_New_Component_New_Node,getTransaction,New-Component_cwteallxwh,New-Node_bxiukagzac,1109234779
Move_Operation_Component,saleStartedEvent,Enterprise,,310739235
Move_Operation_New_Component_New_Node,getTransactionContext,New-Component_uljoztollg,New-Node_aknqckkfxt,656218510
UMLCloneNode,LightDisplay,LightDisplay_jqcogzikri,,524704822
Move_Operation_New_Component_New_Node,scanProduct,New-Component_kxjwxtjsig,New-Node_brruzgiltv,791608718
UMLCloneNode,EnterpriseClient,EnterpriseClient_trjuwtcqpn,,551502408
Move_Operation_New_Component_New_Node,getTransactionContext,New-Component_uljoztollg,New-Node_aknqckkfxt,758697457
UMLCloneNode,LightDisplay,LightDisplay_jqcogzikri,,541656783
Move_Operation_New_Component_New_Node,getTransaction,New-Component_cwteallxwh,New-Node_bxiukagzac,796173028
UMLCloneNode,CashBox,CashBox_gomhowhdli,,592186044
Move_Operation_New_Component_New_Node,getTransactionContext,New-Component_uljoztollg,New-Node_aknqckkfxt,835696079
UMLCloneNode,LightDisplay,LightDisplay_jqcogzikri,,659256046
Move_Operation_New_Component_New_Node,scanProduct,New-Component_kxjwxtjsig,New-Node_brruzgiltv,878990152
UMLCloneNode,CashBox,CashBox_gomhowhdli,,575477870
Move_Operation_New_Component_New_Node,getTransactionContext,New-Component_uljoztollg,New-Node_aknqckkfxt,800134858
UMLCloneNode,LightDisplay,LightDisplay_jqcogzikri,,514713074
Move_Operation_New_Component_New_Node,scanProduct,New-Component_kxjwxtjsig,New-Node_brruzgiltv,700058998
UMLCloneNode,CashBox,CashBox_gomhowhdli,,526756760
Move_Operation_New_Component_New_Node,getTransactionContext,New-Component_uljoztollg,New-Node_aknqckkfxt,728188421
UMLCloneNode,LightDisplay,LightDisplay_jqcogzikri,,535386674
Move_Operation_New_Component_New_Node,scanProduct,New-Component_kxjwxtjsig,New-Node_brruzgiltv,857583717
Move_Operation_Component,getMeanTimeToDelivery,AppStore,,305202441
Move_Operation_New_Component_New_Node,getTransactionContext,New-Component_uljoztollg,New-Node_aknqckkfxt,680812353
UMLCloneNode,LightDisplay,LightDisplay_jqcogzikri,,591892784
Move_Operation_New_Component_New_Node,scanProduct,New-Component_kxjwxtjsig,New-Node_brruzgiltv,850687163
Move_Operation_New_Component_New_Node,queryStockItem,New-Component_ehptcseqai,New-Node_jqxixbacnn,672621252
Move_Operation_New_Component_New_Node,getTransactionContext,New-Component_uljoztollg,New-Node_aknqckkfxt,752127617
UMLCloneNode,LightDisplay,LightDisplay_jqcogzikri,,612378493
Move_Operation_New_Component_New_Node,stopSale,New-Component_uohovfafbp,New-Node_lpsmqbrknh,895568383
UMLCloneNode,CashBox,CashBox_gomhowhdli,,514104513
Move_Operation_New_Component_New_Node,getTransactionContext,New-Component_uljoztollg,New-Node_aknqckkfxt,660129334
UMLCloneNode,LightDisplay,LightDisplay_jqcogzikri,,489479871
Move_Operation_New_Component_New_Node,scanProduct,New-Component_kxjwxtjsig,New-Node_brruzgiltv,760783039
Move_Operation_Component,getMeanTimeToDelivery,AppStore,,297497291
Move_Operation_New_Component_New_Node,getTransactionContext,New-Component_uljoztollg,New-Node_aknqckkfxt,653611851
UMLCloneNode,LightDisplay,LightDisplay_jqcogzikri,,503005687
Move_Operation_New_Component_New_Node,scanProduct,New-Component_kxjwxtjsig,New-Node_brruzgiltv,830450592
Move_Operation_Component,getProductWithStockItem,DataStore,,307257185
Move_Operation_New_Component_New_Node,getTransactionContext,New-Component_uljoztollg,New-Node_aknqckkfxt,707334222
UMLCloneNode,LightDisplay,LightDisplay_jqcogzikri,,511490089
Move_Operation_New_Component_New_Node,stopSale,New-Component_uohovfafbp,New-Node_lpsmqbrknh,819589223
UMLCloneNode,CashBox,CashBox_gomhowhdli,,537499506
Move_Operation_New_Component_New_Node,getTransactionContext,New-Component_uljoztollg,New-Node_aknqckkfxt,639630872
Move_Operation_New_Component_New_Node,printRunningTotal,New-Component_idlstrjuzq,New-Node_cbgyzadpqe,722235337
Move_Operation_New_Component_New_Node,getTransaction,New-Component_cwteallxwh,New-Node_bxiukagzac,764482938
UMLCloneNode,CashBox,CashBox_gomhowhdli,,493259430
Move_Operation_New_Component_New_Node,getTransactionContext,New-Component_uljoztollg,New-Node_aknqckkfxt,663836136
UMLCloneNode,LightDisplay,LightDisplay_jqcogzikri,,510417418
Move_Operation_New_Component_New_Node,scanProduct,New-Component_kxjwxtjsig,New-Node_brruzgiltv,777099638
Move_Operation_Component,saleStartedEvent,Enterprise,,298691781
Move_Operation_New_Component_New_Node,getTransactionContext,New-Component_uljoztollg,New-Node_aknqckkfxt,668480796
Move_Operation_New_Component_New_Node,printRunningTotal,New-Component_idlstrjuzq,New-Node_cbgyzadpqe,781538413
Move_Component_New_Node,Persistence,New-Node_wtaxzqvpvk,,795514563
UMLCloneNode,CashBox,CashBox_gomhowhdli,,454492217
Move_Operation_New_Component_New_Node,getTransactionContext,New-Component_uljoztollg,New-Node_aknqckkfxt,618213346
UMLCloneNode,LightDisplay,LightDisplay_jqcogzikri,,496083556
Move_Operation_New_Component_New_Node,scanProduct,New-Component_kxjwxtjsig,New-Node_brruzgiltv,787607344
UMLCloneNode,CashBox,CashBox_gomhowhdli,,511356188
Move_Operation_New_Component_New_Node,getTransactionContext,New-Component_uljoztollg,New-Node_aknqckkfxt,686128313
UMLCloneNode,LightDisplay,LightDisplay_jqcogzikri,,498117521
UMLCloneNode,StoreServer,StoreServer_mjhsdiuvly,,512478433
Move_Operation_Component,saleStartedEvent,Enterprise,,312254296
Move_Operation_New_Component_New_Node,getTransactionContext,New-Component_uljoztollg,New-Node_aknqckkfxt,790700175
Move_Operation_New_Component_New_Node,printRunningTotal,New-Component_idlstrjuzq,New-Node_cbgyzadpqe,718611662
UMLCloneNode,StoreServer,StoreServer_mjhsdiuvly,,834482443
UMLCloneNode,EnterpriseClient,EnterpriseClient_trjuwtcqpn,,507574837
Move_Operation_New_Component_New_Node,getTransactionContext,New-Component_uljoztollg,New-Node_aknqckkfxt,717474459
UMLCloneNode,LightDisplay,LightDisplay_jqcogzikri,,541554221
Move_Operation_New_Component_New_Node,getTransaction,New-Component_cwteallxwh,New-Node_bxiukagzac,848626358
Move_Operation_Component,startSale,CashDeskApplication,,387538733
Move_Operation_New_Component_New_Node,getTransactionContext,New-Component_uljoztollg,New-Node_aknqckkfxt,855979909
Move_Operation_New_Component_New_Node,printRunningTotal,New-Component_idlstrjuzq,New-Node_cbgyzadpqe,823808866
Move_Operation_New_Component_New_Node,getTransaction,New-Component_cwteallxwh,New-Node_bxiukagzac,769364282
UMLCloneNode,CashBox,CashBox_gomhowhdli,,558424819
Move_Operation_New_Component_New_Node,getTransactionContext,New-Component_uljoztollg,New-Node_aknqckkfxt,650347210
UMLCloneNode,LightDisplay,LightDisplay_jqcogzikri,,537017933
Move_Operation_New_Component_New_Node,getTransaction,New-Component_cwteallxwh,New-Node_bxiukagzac,797173415
Move_Operation_Component,saleStartedEvent,Enterprise,,286134211
Move_Operation_New_Component_New_Node,getTransactionContext,New-Component_uljoztollg,New-Node_aknqckkfxt,796062250
Move_Operation_New_Component_New_Node,printRunningTotal,New-Component_idlstrjuzq,New-Node_cbgyzadpqe,826931192
Move_Operation_New_Component_New_Node,getTransaction,New-Component_cwteallxwh,New-Node_bxiukagzac,825895569
Move_Operation_Component,startSale,CashDeskApplication,,301565651
Move_Operation_New_Component_New_Node,getTransactionContext,New-Component_uljoztollg,New-Node_aknqckkfxt,688645042
UMLCloneNode,LightDisplay,LightDisplay_jqcogzikri,,537645521
Move_Operation_New_Component_New_Node,getTransaction,New-Component_cwteallxwh,New-Node_bxiukagzac,826237972
Move_Operation_Component,saleStartedEvent,Enterprise,,364490589
Move_Operation_New_Component_New_Node,getTransactionContext,New-Component_uljoztollg,New-Node_aknqckkfxt,695085882
Move_Operation_New_Component_New_Node,printRunningTotal,New-Component_idlstrjuzq,New-Node_cbgyzadpqe,816170171
Move_Operation_New_Component_New_Node,scanProduct,New-Component_kxjwxtjsig,New-Node_brruzgiltv,863827697
Move_Operation_Component,getMeanTimeToDelivery,AppStore,,308196987
Move_Operation_New_Component_New_Node,getTransactionContext,New-Component_uljoztollg,New-Node_aknqckkfxt,759705077
UMLCloneNode,LightDisplay,LightDisplay_jqcogzikri,,598354663
Move_Operation_New_Component_New_Node,scanProduct,New-Component_kxjwxtjsig,New-Node_brruzgiltv,821758300
Move_Operation_Component,startSale,CashDeskApplication,,316241163
Move_Operation_New_Component_New_Node,getTransactionContext,New-Component_uljoztollg,New-Node_aknqckkfxt,664726836
Move_Operation_New_Component_New_Node,printRunningTotal,New-Component_idlstrjuzq,New-Node_cbgyzadpqe,747179707
Move_Operation_New_Component_New_Node,getTransaction,New-Component_cwteallxwh,New-Node_bxiukagzac,830360884
Move_Operation_Component,saleStartedEvent,Enterprise,,311455067
Move_Operation_New_Component_New_Node,getTransactionContext,New-Component_uljoztollg,New-Node_aknqckkfxt,668694347
UMLCloneNode,LightDisplay,LightDisplay_jqcogzikri,,490225881
Move_Operation_New_Component_New_Node,getTransaction,New-Component_cwteallxwh,New-Node_bxiukagzac,853083918
Move_Operation_Component,startSale,CashDeskApplication,,359595108
Move_Operation_New_Component_New_Node,getTransactionContext,New-Component_uljoztollg,New-Node_aknqckkfxt,682190627
UMLCloneNode,LightDisplay,LightDisplay_jqcogzikri,,491377871
Move_Operation_New_Component_New_Node,getTransaction,New-Component_cwteallxwh,New-Node_bxiukagzac,777538140
Move_Operation_Component,getMeanTimeToDelivery,AppStore,,381403737
Move_Operation_New_Component_New_Node,getTransactionContext,New-Component_uljoztollg,New-Node_aknqckkfxt,801823775
Move_Operation_New_Component_New_Node,printRunningTotal,New-Component_idlstrjuzq,New-Node_cbgyzadpqe,663973224
Move_Operation_New_Component_New_Node,getTransaction,New-Component_cwteallxwh,New-Node_bxiukagzac,676625481
Move_Operation_Component,startSale,CashDeskApplication,,350000074
Move_Operation_New_Component_New_Node,getMeanTimeToDeliveryReport,New-Component_iyqtiapbdd,New-Node_tsjrluougt,744194048
UMLCloneNode,LightDisplay,LightDisplay_jqcogzikri,,567773211
Move_Operation_New_Component_New_Node,scanProduct,New-Component_kxjwxtjsig,New-Node_brruzgiltv,848763165
UMLCloneNode,CashBox,CashBox_gomhowhdli,,521834649
Move_Operation_New_Component_New_Node,getTransactionContext,New-Component_uljoztollg,New-Node_aknqckkfxt,701036962
Move_Operation_New_Component_New_Node,saleStartedEvent,New-Component_lksffhsruz,New-Node_xdcqklrmjw,690072910
Move_Operation_New_Component_New_Node,getTransaction,New-Component_cwteallxwh,New-Node_bxiukagzac,658788880
UMLCloneNode,CashBox,CashBox_gomhowhdli,,483124272
Move_Operation_New_Component_New_Node,getTransactionContext,New-Component_uljoztollg,New-Node_aknqckkfxt,792953831
Move_Operation_New_Component_New_Node,printRunningTotal,New-Component_idlstrjuzq,New-Node_cbgyzadpqe,825600927
Move_Operation_New_Component_New_Node,scanProduct,New-Component_kxjwxtjsig,New-Node_brruzgiltv,744464104
Move_Operation_Component,startSale,CashDeskApplication,,317424302
Move_Operation_New_Component_New_Node,getTransactionContext,New-Component_uljoztollg,New-Node_aknqckkfxt,746773606
UMLCloneNode,LightDisplay,LightDisplay_jqcogzikri,,526625574
Move_Operation_New_Component_New_Node,getTransaction,New-Component_cwteallxwh,New-Node_bxiukagzac,804160228
UMLCloneNode,CashBox,CashBox_gomhowhdli,,543549763
Move_Operation_New_Component_New_Node,getTransactionContext,New-Component_uljoztollg,New-Node_aknqckkfxt,1336023514
UMLCloneNode,LightDisplay,LightDisplay_jqcogzikri,,442054831
Move_Operation_New_Component_New_Node,getTransaction,New-Component_cwteallxwh,New-Node_bxiukagzac,706571461
UMLCloneNode,CashBox,CashBox_gomhowhdli,,502101101
Move_Operation_New_Component_New_Node,getTransactionContext,New-Component_uljoztollg,New-Node_aknqckkfxt,731212252
Move_Operation_New_Component_New_Node,printRunningTotal,New-Component_idlstrjuzq,New-Node_cbgyzadpqe,801413356
Move_Operation_New_Component_New_Node,getTransaction,New-Component_cwteallxwh,New-Node_bxiukagzac,764770937
Move_Operation_Component,getMeanTimeToDelivery,AppStore,,301796964
Move_Operation_New_Component_New_Node,getTransactionContext,New-Component_uljoztollg,New-Node_aknqckkfxt,735316138
UMLCloneNode,EnterpriseServer,EnterpriseServer_emsdmztnmp,,507853218
Move_Operation_New_Component_New_Node,scanProduct,New-Component_kxjwxtjsig,New-Node_brruzgiltv,762374994
UMLCloneNode,CashBox,CashBox_gomhowhdli,,590991084
Move_Operation_New_Component_New_Node,getTransactionContext,New-Component_uljoztollg,New-Node_aknqckkfxt,767593280
UMLCloneNode,LightDisplay,LightDisplay_jqcogzikri,,524938760
UMLCloneNode,StoreServer,StoreServer_mjhsdiuvly,,522336059
Move_Operation_Component,startSale,CashDeskApplication,,302508719
Move_Operation_New_Component_New_Node,getMeanTimeToDeliveryReport,New-Component_iyqtiapbdd,New-Node_tsjrluougt,793062445
UMLCloneNode,LightDisplay,LightDisplay_jqcogzikri,,575512576
Move_Operation_New_Component_New_Node,scanProduct,New-Component_kxjwxtjsig,New-Node_brruzgiltv,794115209
UMLCloneNode,CashBox,CashBox_gomhowhdli,,537506380
Move_Operation_New_Component_New_Node,getTransactionContext,New-Component_uljoztollg,New-Node_aknqckkfxt,770518246
Move_Operation_New_Component_New_Node,printRunningTotal,New-Component_idlstrjuzq,New-Node_cbgyzadpqe,771742321
Move_Operation_New_Component_New_Node,scanProduct,New-Component_kxjwxtjsig,New-Node_brruzgiltv,754799568
Move_Operation_Component,startSale,CashDeskApplication,,313115441
Move_Operation_New_Component_New_Node,getTransactionContext,New-Component_uljoztollg,New-Node_aknqckkfxt,806754122
Move_Operation_New_Component_New_Node,printRunningTotal,New-Component_idlstrjuzq,New-Node_cbgyzadpqe,878479103
Move_Operation_New_Component_New_Node,getTransaction,New-Component_cwteallxwh,New-Node_bxiukagzac,834484136
Move_Operation_Component,getMeanTimeToDelivery,AppStore,,289776210
Move_Operation_New_Component_New_Node,getTransactionContext,New-Component_uljoztollg,New-Node_aknqckkfxt,728536665
UMLCloneNode,LightDisplay,LightDisplay_jqcogzikri,,535978795
Move_Operation_New_Component_New_Node,getTransaction,New-Component_cwteallxwh,New-Node_bxiukagzac,778430715
Move_Operation_Component,getMeanTimeToDelivery,AppStore,,343515282
Move_Operation_New_Component_New_Node,getTransactionContext,New-Component_uljoztollg,New-Node_aknqckkfxt,717723165
Move_Operation_New_Component_New_Node,printRunningTotal,New-Component_idlstrjuzq,New-Node_cbgyzadpqe,781285118
Move_Operation_New_Component_New_Node,getTransaction,New-Component_cwteallxwh,New-Node_bxiukagzac,798163381
Move_Operation_Component,saleStartedEvent,Enterprise,,336348863
Move_Operation_New_Component_New_Node,getTransactionContext,New-Component_uljoztollg,New-Node_aknqckkfxt,669251122
Move_Operation_New_Component_New_Node,printRunningTotal,New-Component_idlstrjuzq,New-Node_cbgyzadpqe,632885021
Move_Operation_New_Component_New_Node,scanProduct,New-Component_kxjwxtjsig,New-Node_brruzgiltv,715745256
Move_Operation_Component,startSale,CashDeskApplication,,294440559
Move_Operation_New_Component_New_Node,getTransactionContext,New-Component_uljoztollg,New-Node_aknqckkfxt,843924130
Move_Operation_New_Component_New_Node,printRunningTotal,New-Component_idlstrjuzq,New-Node_cbgyzadpqe,838709690
Move_Operation_New_Component_New_Node,getTransaction,New-Component_cwteallxwh,New-Node_bxiukagzac,891573280
UMLCloneNode,CashBox,CashBox_gomhowhdli,,564576556
Move_Operation_New_Component_New_Node,getTransactionContext,New-Component_uljoztollg,New-Node_aknqckkfxt,849475050
UMLCloneNode,LightDisplay,LightDisplay_jqcogzikri,,609678159
UMLCloneNode,StoreServer,StoreServer_mjhsdiuvly,,602016831
UMLCloneNode,CashBox,CashBox_gomhowhdli,,565675046
Move_Operation_New_Component_New_Node,getTransactionContext,New-Component_uljoztollg,New-Node_aknqckkfxt,837744741
Move_Operation_New_Component_New_Node,printRunningTotal,New-Component_idlstrjuzq,New-Node_cbgyzadpqe,838736461
Move_Operation_New_Component_New_Node,scanProduct,New-Component_kxjwxtjsig,New-Node_brruzgiltv,862408646
UMLCloneNode,CashBox,CashBox_gomhowhdli,,501802651
Move_Operation_New_Component_New_Node,getTransactionContext,New-Component_uljoztollg,New-Node_aknqckkfxt,772382311
Move_Operation_New_Component_New_Node,saleStartedEvent,New-Component_lksffhsruz,New-Node_xdcqklrmjw,871181758
Move_Operation_New_Component_New_Node,getTransaction,New-Component_cwteallxwh,New-Node_bxiukagzac,821551593
UMLCloneNode,CashDeskPC,CashDeskPC_etewavhjzd,,533301694
Move_Operation_New_Component_New_Node,getTransactionContext,New-Component_uljoztollg,New-Node_aknqckkfxt,764843693
UMLCloneNode,LightDisplay,LightDisplay_jqcogzikri,,514319896
Move_Operation_New_Component_New_Node,scanProduct,New-Component_kxjwxtjsig,New-Node_brruzgiltv,810152976
Move_Operation_New_Component_New_Node,startSale,New-Component_hsyikcghar,New-Node_yfmfvqqcaj,691553998
Move_Operation_New_Component_New_Node,getTransactionContext,New-Component_uljoztollg,New-Node_aknqckkfxt,938689441
Move_Operation_New_Component_New_Node,printRunningTotal,New-Component_idlstrjuzq,New-Node_cbgyzadpqe,920252625
Move_Operation_New_Component_New_Node,getTransaction,New-Component_cwteallxwh,New-Node_bxiukagzac,760638898
Move_Operation_Component,startSale,CashDeskApplication,,324206421
Move_Operation_New_Component_New_Node,getMeanTimeToDeliveryReport,New-Component_iyqtiapbdd,New-Node_tsjrluougt,968483336
UMLCloneNode,LightDisplay,LightDisplay_jqcogzikri,,378986013
Move_Operation_New_Component_New_Node,scanProduct,New-Component_kxjwxtjsig,New-Node_brruzgiltv,618644394
Move_Operation_Component,startSale,CashDeskApplication,,387542590
Move_Operation_New_Component_New_Node,getMeanTimeToDeliveryReport,New-Component_iyqtiapbdd,New-Node_tsjrluougt,792218392
UMLCloneNode,LightDisplay,LightDisplay_jqcogzikri,,593851027
Move_Operation_New_Component_New_Node,scanProduct,New-Component_kxjwxtjsig,New-Node_brruzgiltv,850688586
UMLCloneNode,CashDeskPC,CashDeskPC_ryrsfpsimv,,507621104
Move_Operation_New_Component_New_Node,getTransactionContext,New-Component_uljoztollg,New-Node_aknqckkfxt,734575690
UMLCloneNode,LightDisplay,LightDisplay_jqcogzikri,,519309905
UMLCloneNode,StoreServer,StoreServer_mjhsdiuvly,,540781321
Move_Operation_Component,getMeanTimeToDelivery,AppStore,,294037723
Move_Operation_New_Component_New_Node,getTransactionContext,New-Component_uljoztollg,New-Node_aknqckkfxt,756731601
UMLCloneNode,EnterpriseServer,EnterpriseServer_emsdmztnmp,,508216259
Move_Operation_New_Component_New_Node,scanProduct,New-Component_kxjwxtjsig,New-Node_brruzgiltv,777164901
UMLCloneNode,CashBox,CashBox_gomhowhdli,,535122008
Move_Operation_New_Component_New_Node,getTransactionContext,New-Component_uljoztollg,New-Node_aknqckkfxt,778807922
UMLCloneNode,LightDisplay,LightDisplay_jqcogzikri,,533727783
Move_Operation_New_Component_New_Node,getTransaction,New-Component_cwteallxwh,New-Node_bxiukagzac,768959784
Move_Operation_New_Component_New_Node,startSale,New-Component_hsyikcghar,New-Node_yfmfvqqcaj,805589879
Move_Operation_New_Component_New_Node,getTransactionContext,New-Component_uljoztollg,New-Node_aknqckkfxt,730871062
Move_Operation_New_Component_New_Node,printRunningTotal,New-Component_idlstrjuzq,New-Node_cbgyzadpqe,743302586
Move_Operation_New_Component_New_Node,getTransaction,New-Component_cwteallxwh,New-Node_bxiukagzac,734704882
Move_Operation_Component,getMeanTimeToDelivery,AppStore,,378468292
Move_Operation_New_Component_New_Node,getTransactionContext,New-Component_uljoztollg,New-Node_aknqckkfxt,815730356
UMLCloneNode,LightDisplay,LightDisplay_jqcogzikri,,520784750
Move_Operation_New_Component_New_Node,scanProduct,New-Component_kxjwxtjsig,New-Node_brruzgiltv,903289313
Move_Operation_Component,startSale,CashDeskApplication,,350096655
Move_Operation_New_Component_New_Node,getMeanTimeToDeliveryReport,New-Component_iyqtiapbdd,New-Node_tsjrluougt,787697614
UMLCloneNode,LightDisplay,LightDisplay_jqcogzikri,,526895089
Move_Operation_New_Component_New_Node,scanProduct,New-Component_kxjwxtjsig,New-Node_brruzgiltv,786187311
Move_Operation_New_Component_New_Node,getTransaction,New-Component_brlvzwrqcu,New-Node_quikxgcrli,687877193
Move_Operation_New_Component_New_Node,getTransactionContext,New-Component_uljoztollg,New-Node_aknqckkfxt,691565660
UMLCloneNode,LightDisplay,LightDisplay_jqcogzikri,,416045885
Move_Operation_New_Component_New_Node,scanProduct,New-Component_kxjwxtjsig,New-Node_brruzgiltv,769632835
Move_Operation_Component,getMeanTimeToDelivery,AppStore,,316732164
Move_Operation_New_Component_New_Node,getTransactionContext,New-Component_uljoztollg,New-Node_aknqckkfxt,657640417
UMLCloneNode,LightDisplay,LightDisplay_jqcogzikri,,436038008
Move_Operation_New_Component_New_Node,getTransaction,New-Component_cwteallxwh,New-Node_bxiukagzac,727761000
Move_Operation_Component,startSale,CashDeskApplication,,344430148
Move_Operation_New_Component_New_Node,getMeanTimeToDeliveryReport,New-Component_iyqtiapbdd,New-Node_tsjrluougt,824539687
UMLCloneNode,LightDisplay,LightDisplay_jqcogzikri,,514120963
Move_Operation_New_Component_New_Node,scanProduct,New-Component_kxjwxtjsig,New-Node_brruzgiltv,792231205
Move_Operation_Component,getMeanTimeToDelivery,AppStore,,473442174
Move_Operation_New_Component_New_Node,getTransactionContext,New-Component_uljoztollg,New-Node_aknqckkfxt,625021664
Move_Operation_New_Component_New_Node,printRunningTotal,New-Component_idlstrjuzq,New-Node_cbgyzadpqe,712870174
Move_Operation_New_Component_New_Node,getTransaction,New-Component_cwteallxwh,New-Node_bxiukagzac,641807654
Move_Operation_Component,getMeanTimeToDelivery,AppStore,,328258921
Move_Operation_New_Component_New_Node,getTransactionContext,New-Component_uljoztollg,New-Node_aknqckkfxt,751848382
Move_Operation_New_Component_New_Node,printRunningTotal,New-Component_idlstrjuzq,New-Node_cbgyzadpqe,760735740
Move_Operation_New_Component_New_Node,getTransaction,New-Component_cwteallxwh,New-Node_bxiukagzac,862564227
Move_Operation_Component,startSale,CashDeskApplication,,366907431
Move_Operation_New_Component_New_Node,getTransactionContext,New-Component_uljoztollg,New-Node_aknqckkfxt,787044319
Move_Operation_New_Component_New_Node,printRunningTotal,New-Component_idlstrjuzq,New-Node_cbgyzadpqe,806065922
Move_Operation_New_Component_New_Node,getTransaction,New-Component_cwteallxwh,New-Node_bxiukagzac,786195547
UMLCloneNode,CashBox,CashBox_gomhowhdli,,562799995
Move_Operation_New_Component_New_Node,getTransactionContext,New-Component_uljoztollg,New-Node_aknqckkfxt,758908523
UMLCloneNode,LightDisplay,LightDisplay_jqcogzikri,,496341850
Move_Operation_New_Component_New_Node,getTransaction,New-Component_cwteallxwh,New-Node_bxiukagzac,741640118
Move_Operation_New_Component_New_Node,startSale,New-Component_hsyikcghar,New-Node_yfmfvqqcaj,767437788
Move_Operation_New_Component_New_Node,getTransactionContext,New-Component_uljoztollg,New-Node_aknqckkfxt,801626896
Move_Operation_New_Component_New_Node,printRunningTotal,New-Component_idlstrjuzq,New-Node_cbgyzadpqe,753264338
Move_Operation_New_Component_New_Node,getTransaction,New-Component_cwteallxwh,New-Node_bxiukagzac,738837262
Move_Operation_Component,stopSale,Reporting,,324456429
Move_Operation_New_Component_New_Node,getTransactionContext,New-Component_uljoztollg,New-Node_aknqckkfxt,765608729
Move_Operation_New_Component_New_Node,saleStartedEvent,New-Component_lksffhsruz,New-Node_xdcqklrmjw,1036533526
Move_Operation_New_Component_New_Node,getTransaction,New-Component_cwteallxwh,New-Node_bxiukagzac,733219667
Move_Operation_Component,getMeanTimeToDelivery,AppStore,,323558967
Move_Component_New_Node,Persistence,New-Node_luqsmagmey,,523447284
Move_Operation_New_Component_New_Node,printRunningTotal,New-Component_idlstrjuzq,New-Node_cbgyzadpqe,795705381
Move_Operation_New_Component_New_Node,getTransaction,New-Component_cwteallxwh,New-Node_bxiukagzac,775377479
Move_Operation_New_Component_New_Node,getMeanTimeToDelivery,New-Component_kcfgogweda,New-Node_zfsxbbgygi,780883464
Move_Operation_New_Component_New_Node,getTransactionContext,New-Component_uljoztollg,New-Node_aknqckkfxt,779953050
Move_Operation_New_Component_New_Node,printRunningTotal,New-Component_idlstrjuzq,New-Node_cbgyzadpqe,771786975
Move_Operation_New_Component_New_Node,getTransaction,New-Component_cwteallxwh,New-Node_bxiukagzac,869308785
Move_Operation_Component,startSale,CashDeskApplication,,351260698
Move_Operation_New_Component_New_Node,getTransactionContext,New-Component_uljoztollg,New-Node_aknqckkfxt,682103715
Move_Operation_New_Component_New_Node,printRunningTotal,New-Component_idlstrjuzq,New-Node_cbgyzadpqe,807005223
Move_Operation_New_Component_New_Node,getTransaction,New-Component_cwteallxwh,New-Node_bxiukagzac,779744188
Move_Operation_Component,getMeanTimeToDelivery,AppStore,,364337963
Move_Operation_New_Component_New_Node,getTransactionContext,New-Component_uljoztollg,New-Node_aknqckkfxt,660096894
UMLCloneNode,LightDisplay,LightDisplay_jqcogzikri,,522520435
Move_Operation_New_Component_New_Node,getTransaction,New-Component_cwteallxwh,New-Node_bxiukagzac,826654883
Move_Operation_Component,startSale,CashDeskApplication,,363340272
Move_Operation_New_Component_New_Node,getTransactionContext,New-Component_uljoztollg,New-Node_aknqckkfxt,712362932
Move_Operation_New_Component_New_Node,printRunningTotal,New-Component_idlstrjuzq,New-Node_cbgyzadpqe,801153639
Move_Operation_New_Component_New_Node,getTransaction,New-Component_cwteallxwh,New-Node_bxiukagzac,855765296
Move_Operation_Component,getMeanTimeToDelivery,AppStore,,298661875
Move_Operation_New_Component_New_Node,getTransactionContext,New-Component_uljoztollg,New-Node_aknqckkfxt,671931518
Move_Operation_New_Component_New_Node,printRunningTotal,New-Component_idlstrjuzq,New-Node_cbgyzadpqe,761443608
Move_Operation_New_Component_New_Node,getTransaction,New-Component_cwteallxwh,New-Node_bxiukagzac,772351574
Move_Operation_Component,getMeanTimeToDelivery,AppStore,,313909279
Move_Operation_New_Component_New_Node,getTransactionContext,New-Component_uljoztollg,New-Node_aknqckkfxt,718615568
UMLCloneNode,LightDisplay,LightDisplay_jqcogzikri,,553324685
Move_Operation_New_Component_New_Node,getTransaction,New-Component_cwteallxwh,New-Node_bxiukagzac,825233047
Move_Operation_Component,startSale,CashDeskApplication,,296913366
Move_Operation_New_Component_New_Node,getMeanTimeToDeliveryReport,New-Component_iyqtiapbdd,New-Node_tsjrluougt,626118431
UMLCloneNode,LightDisplay,LightDisplay_jqcogzikri,,386194563
Move_Operation_New_Component_New_Node,scanProduct,New-Component_kxjwxtjsig,New-Node_brruzgiltv,594429021
Move_Operation_Component,getMeanTimeToDelivery,AppStore,,318480613
Move_Operation_New_Component_New_Node,getTransactionContext,New-Component_uljoztollg,New-Node_aknqckkfxt,775640021
UMLCloneNode,LightDisplay,LightDisplay_jqcogzikri,,603712161
Move_Operation_New_Component_New_Node,getTransaction,New-Component_cwteallxwh,New-Node_bxiukagzac,940553126
Move_Operation_Component,startSale,CashDeskApplication,,301148048
Move_Operation_New_Component_New_Node,getMeanTimeToDeliveryReport,New-Component_iyqtiapbdd,New-Node_tsjrluougt,568960448
UMLCloneNode,LightDisplay,LightDisplay_jqcogzikri,,454321386
Move_Operation_New_Component_New_Node,scanProduct,New-Component_kxjwxtjsig,New-Node_brruzgiltv,737917457
Move_Operation_Component,startSale,CashDeskApplication,,293550048
Move_Operation_New_Component_New_Node,getTransactionContext,New-Component_uljoztollg,New-Node_aknqckkfxt,578219272
Move_Operation_New_Component_New_Node,printRunningTotal,New-Component_idlstrjuzq,New-Node_cbgyzadpqe,643130104
Move_Operation_New_Component_New_Node,getTransaction,New-Component_cwteallxwh,New-Node_bxiukagzac,684354406
Move_Component_New_Node,GUIReporting,New-Node_jvhquvvfoy,,612015343
Move_Operation_New_Component_New_Node,getTransactionContext,New-Component_uljoztollg,New-Node_aknqckkfxt,720361603
Move_Operation_New_Component_New_Node,printRunningTotal,New-Component_idlstrjuzq,New-Node_cbgyzadpqe,879153628
Move_Operation_New_Component_New_Node,getTransaction,New-Component_cwteallxwh,New-Node_bxiukagzac,891327649
Move_Operation_Component,getMeanTimeToDelivery,AppStore,,350538644
Move_Operation_New_Component_New_Node,getTransactionContext,New-Component_uljoztollg,New-Node_aknqckkfxt,574947065
Move_Operation_New_Component_New_Node,printRunningTotal,New-Component_idlstrjuzq,New-Node_cbgyzadpqe,681636799
Move_Operation_New_Component_New_Node,getTransaction,New-Component_cwteallxwh,New-Node_bxiukagzac,760669456
Move_Operation_Component,getMeanTimeToDelivery,AppStore,,328664682
Move_Operation_New_Component_New_Node,getTransactionContext,New-Component_uljoztollg,New-Node_aknqckkfxt,753928875
UMLCloneNode,LightDisplay,LightDisplay_jqcogzikri,,586306408
Move_Operation_New_Component_New_Node,getTransaction,New-Component_cwteallxwh,New-Node_bxiukagzac,872684487
Move_Operation_Component,startSale,CashDeskApplication,,278873014
Move_Operation_New_Component_New_Node,getMeanTimeToDeliveryReport,New-Component_iyqtiapbdd,New-Node_tsjrluougt,718172628
UMLCloneNode,LightDisplay,LightDisplay_jqcogzikri,,596111657
Move_Operation_New_Component_New_Node,scanProduct,New-Component_kxjwxtjsig,New-Node_brruzgiltv,886946463
Move_Operation_Component,getMeanTimeToDelivery,AppStore,,305291077
Move_Operation_New_Component_New_Node,getTransactionContext,New-Component_uljoztollg,New-Node_aknqckkfxt,1171780305
Move_Operation_New_Component_New_Node,printRunningTotal,New-Component_idlstrjuzq,New-Node_cbgyzadpqe,844966605
Move_Operation_New_Component_New_Node,getTransaction,New-Component_cwteallxwh,New-Node_bxiukagzac,852067752
Move_Component_New_Node,Persistence,New-Node_amusgmudxa,,590884224
Move_Operation_New_Component_New_Node,getTransactionContext,New-Component_uljoztollg,New-Node_aknqckkfxt,722590493
Move_Operation_New_Component_New_Node,printRunningTotal,New-Component_idlstrjuzq,New-Node_cbgyzadpqe,775950072
Move_Operation_New_Component_New_Node,getTransaction,New-Component_cwteallxwh,New-Node_bxiukagzac,772129938
Move_Operation_Component,getMeanTimeToDelivery,AppStore,,327076143
Move_Operation_New_Component_New_Node,getTransactionContext,New-Component_uljoztollg,New-Node_aknqckkfxt,776708234
Move_Operation_New_Component_New_Node,printRunningTotal,New-Component_idlstrjuzq,New-Node_cbgyzadpqe,868486523
Move_Operation_New_Component_New_Node,getTransaction,New-Component_cwteallxwh,New-Node_bxiukagzac,859462050
Move_Operation_Component,getMeanTimeToDelivery,AppStore,,323999272
Move_Operation_New_Component_New_Node,getTransactionContext,New-Component_uljoztollg,New-Node_aknqckkfxt,702197108
Move_Operation_New_Component_New_Node,printRunningTotal,New-Component_idlstrjuzq,New-Node_cbgyzadpqe,769687307
Move_Operation_New_Component_New_Node,getTransaction,New-Component_cwteallxwh,New-Node_bxiukagzac,830332511
Move_Operation_Component,startSale,CashDeskApplication,,303377218
Move_Operation_New_Component_New_Node,getTransactionContext,New-Component_uljoztollg,New-Node_aknqckkfxt,720260714
Move_Operation_New_Component_New_Node,printRunningTotal,New-Component_idlstrjuzq,New-Node_cbgyzadpqe,841307622
Move_Operation_New_Component_New_Node,getTransaction,New-Component_cwteallxwh,New-Node_bxiukagzac,746594940
Move_Operation_Component,getMeanTimeToDelivery,AppStore,,345172600
Move_Operation_New_Component_New_Node,getTransactionContext,New-Component_uljoztollg,New-Node_aknqckkfxt,780737992
UMLCloneNode,LightDisplay,LightDisplay_jqcogzikri,,561022862
Move_Operation_New_Component_New_Node,getTransaction,New-Component_cwteallxwh,New-Node_bxiukagzac,816376107
Move_Operation_Component,getMeanTimeToDelivery,AppStore,,303814027
UMLCloneNode,EnterpriseClient,EnterpriseClient_rzbpvslhfi,,509199694
UMLCloneNode,LightDisplay,LightDisplay_jqcogzikri,,519919398
Move_Operation_New_Component_New_Node,getTransaction,New-Component_cwteallxwh,New-Node_bxiukagzac,874683776
Move_Operation_Component,getMeanTimeToDelivery,AppStore,,309948922
Move_Operation_New_Component_New_Node,getTransactionContext,New-Component_uljoztollg,New-Node_aknqckkfxt,745490088
UMLCloneNode,LightDisplay,LightDisplay_jqcogzikri,,542480358
Move_Operation_New_Component_New_Node,getTransaction,New-Component_cwteallxwh,New-Node_bxiukagzac,796110721
Move_Operation_Component,getMeanTimeToDelivery,AppStore,,328867361
Move_Operation_New_Component_New_Node,getTransactionContext,New-Component_uljoztollg,New-Node_aknqckkfxt,820433045
UMLCloneNode,LightDisplay,LightDisplay_jqcogzikri,,570188702
Move_Operation_New_Component_New_Node,getTransaction,New-Component_cwteallxwh,New-Node_bxiukagzac,890713869
Move_Operation_New_Component_New_Node,getMeanTimeToDelivery,New-Component_kcfgogweda,New-Node_zfsxbbgygi,766170432
Move_Operation_New_Component_New_Node,getTransactionContext,New-Component_uljoztollg,New-Node_aknqckkfxt,821874098
Move_Operation_New_Component_New_Node,printRunningTotal,New-Component_idlstrjuzq,New-Node_cbgyzadpqe,881895110
Move_Operation_New_Component_New_Node,getTransaction,New-Component_cwteallxwh,New-Node_bxiukagzac,804450582
Move_Operation_Component,startSale,CashDeskApplication,,342720913
Move_Operation_New_Component_New_Node,getTransactionContext,New-Component_uljoztollg,New-Node_aknqckkfxt,711091327
Move_Operation_New_Component_New_Node,printRunningTotal,New-Component_idlstrjuzq,New-Node_cbgyzadpqe,758275135
Move_Operation_New_Component_New_Node,getTransaction,New-Component_cwteallxwh,New-Node_bxiukagzac,765170016
Move_Operation_Component,startSale,CashDeskApplication,,285927563
Move_Operation_New_Component_New_Node,getTransactionContext,New-Component_uljoztollg,New-Node_aknqckkfxt,638505271
Move_Operation_New_Component_New_Node,printRunningTotal,New-Component_idlstrjuzq,New-Node_cbgyzadpqe,710027773
Move_Operation_New_Component_New_Node,getTransaction,New-Component_cwteallxwh,New-Node_bxiukagzac,689778968
UMLCloneNode,CashBox,CashBox_gomhowhdli,,523192115
Move_Operation_New_Component_New_Node,getTransactionContext,New-Component_uljoztollg,New-Node_aknqckkfxt,765097209
UMLCloneNode,LightDisplay,LightDisplay_jqcogzikri,,502571483
Move_Operation_New_Component_New_Node,getTransaction,New-Component_cwteallxwh,New-Node_bxiukagzac,698105053
Move_Operation_Component,startSale,CashDeskApplication,,283268176
Move_Operation_New_Component_New_Node,getTransactionContext,New-Component_uljoztollg,New-Node_aknqckkfxt,741775642
Move_Operation_New_Component_New_Node,printRunningTotal,New-Component_idlstrjuzq,New-Node_cbgyzadpqe,818183046
Move_Operation_New_Component_New_Node,getTransaction,New-Component_cwteallxwh,New-Node_bxiukagzac,724982138
Move_Operation_Component,getMeanTimeToDelivery,AppStore,,338284393
Move_Operation_New_Component_New_Node,getTransactionContext,New-Component_uljoztollg,New-Node_aknqckkfxt,758403346
UMLCloneNode,LightDisplay,LightDisplay_jqcogzikri,,526210736
Move_Operation_New_Component_New_Node,getTransaction,New-Component_cwteallxwh,New-Node_bxiukagzac,826140659
Move_Operation_Component,startSale,CashDeskApplication,,309363995
Move_Operation_New_Component_New_Node,getTransactionContext,New-Component_uljoztollg,New-Node_aknqckkfxt,738808908
Move_Operation_New_Component_New_Node,printRunningTotal,New-Component_idlstrjuzq,New-Node_cbgyzadpqe,895776512
Move_Operation_New_Component_New_Node,getTransaction,New-Component_cwteallxwh,New-Node_bxiukagzac,801391615
Move_Operation_Component,getMeanTimeToDelivery,AppStore,,312847399
Move_Operation_New_Component_New_Node,getTransactionContext,New-Component_uljoztollg,New-Node_aknqckkfxt,1007698108
UMLCloneNode,LightDisplay,LightDisplay_jqcogzikri,,543172867
Move_Operation_New_Component_New_Node,getTransaction,New-Component_cwteallxwh,New-Node_bxiukagzac,785796087
Move_Operation_Component,getMeanTimeToDelivery,AppStore,,340660078
Move_Operation_New_Component_New_Node,getTransactionContext,New-Component_uljoztollg,New-Node_aknqckkfxt,784114043
UMLCloneNode,LightDisplay,LightDisplay_jqcogzikri,,601131010
UMLCloneNode,EnterpriseServer,EnterpriseServer_zfxhdywnyt,,611558936
Move_Operation_Component,getMeanTimeToDelivery,AppStore,,483241883
Move_Operation_New_Component_New_Node,getTransactionContext,New-Component_uljoztollg,New-Node_aknqckkfxt,872613152
UMLCloneNode,LightDisplay,LightDisplay_jqcogzikri,,469076227
Move_Operation_New_Component_New_Node,getTransaction,New-Component_cwteallxwh,New-Node_bxiukagzac,690103447
Move_Operation_New_Component_New_Node,getMeanTimeToDelivery,New-Component_kcfgogweda,New-Node_zfsxbbgygi,637665105
Move_Operation_New_Component_New_Node,getTransactionContext,New-Component_uljoztollg,New-Node_aknqckkfxt,712718879
Move_Operation_New_Component_New_Node,printRunningTotal,New-Component_idlstrjuzq,New-Node_cbgyzadpqe,765319857
Move_Operation_New_Component_New_Node,getTransaction,New-Component_cwteallxwh,New-Node_bxiukagzac,748208868
Move_Operation_New_Component_New_Node,getTransaction,New-Component_brlvzwrqcu,New-Node_quikxgcrli,807869193
Move_Operation_New_Component_New_Node,getTransactionContext,New-Component_uljoztollg,New-Node_aknqckkfxt,954835381
UMLCloneNode,LightDisplay,LightDisplay_jqcogzikri,,485666701
Move_Operation_New_Component_New_Node,scanProduct,New-Component_kxjwxtjsig,New-Node_brruzgiltv,642027596
Move_Operation_Component,getMeanTimeToDelivery,AppStore,,312688921
Move_Operation_New_Component_New_Node,getTransactionContext,New-Component_uljoztollg,New-Node_aknqckkfxt,585156562
Move_Operation_New_Component_New_Node,printRunningTotal,New-Component_idlstrjuzq,New-Node_cbgyzadpqe,709072271
Move_Operation_New_Component_New_Node,getTransaction,New-Component_cwteallxwh,New-Node_bxiukagzac,687928418
Move_Operation_New_Component_New_Node,getMeanTimeToDelivery,New-Component_kcfgogweda,New-Node_zfsxbbgygi,815284049
Move_Operation_New_Component_New_Node,getTransactionContext,New-Component_uljoztollg,New-Node_aknqckkfxt,922502194
Move_Operation_New_Component_New_Node,printRunningTotal,New-Component_idlstrjuzq,New-Node_cbgyzadpqe,826059437
Move_Operation_New_Component_New_Node,getTransaction,New-Component_cwteallxwh,New-Node_bxiukagzac,795492352
Move_Operation_Component,productBarCodeScannedEvent,GUIStore,,283108076
Move_Operation_New_Component_New_Node,getTransactionContext,New-Component_uljoztollg,New-Node_aknqckkfxt,646181728
UMLCloneNode,LightDisplay,LightDisplay_jqcogzikri,,443205369
Move_Operation_New_Component_New_Node,getTransaction,New-Component_cwteallxwh,New-Node_bxiukagzac,689804897
Move_Operation_Component,getMeanTimeToDelivery,AppStore,,296772111
Move_Operation_New_Component_New_Node,getTransactionContext,New-Component_uljoztollg,New-Node_aknqckkfxt,615308057
UMLCloneNode,LightDisplay,LightDisplay_jqcogzikri,,579195322
Move_Operation_New_Component_New_Node,getTransaction,New-Component_cwteallxwh,New-Node_bxiukagzac,882651448
Move_Operation_Component,getMeanTimeToDelivery,AppStore,,317126163
Move_Operation_New_Component_New_Node,getTransactionContext,New-Component_uljoztollg,New-Node_aknqckkfxt,664298233
UMLCloneNode,LightDisplay,LightDisplay_jqcogzikri,,474459743
Move_Operation_New_Component_New_Node,getTransaction,New-Component_cwteallxwh,New-Node_bxiukagzac,736724139
Move_Operation_Component,getMeanTimeToDelivery,AppStore,,397842867
Move_Operation_New_Component_New_Node,getTransactionContext,New-Component_uljoztollg,New-Node_aknqckkfxt,659140240
UMLCloneNode,LightDisplay,LightDisplay_jqcogzikri,,493637408
Move_Operation_New_Component_New_Node,getTransaction,New-Component_cwteallxwh,New-Node_bxiukagzac,813937433
UMLCloneNode,StoreServer,StoreServer_ljjjdicdra,,522627576
Move_Operation_New_Component_New_Node,getTransactionContext,New-Component_uljoztollg,New-Node_aknqckkfxt,756344755
UMLCloneNode,LightDisplay,LightDisplay_jqcogzikri,,552904657
Move_Operation_New_Component_New_Node,getTransaction,New-Component_cwteallxwh,New-Node_bxiukagzac,799652073
Move_Operation_Component,getMeanTimeToDelivery,AppStore,,319885708
Move_Operation_New_Component_New_Node,getTransactionContext,New-Component_uljoztollg,New-Node_aknqckkfxt,690013849
UMLCloneNode,LightDisplay,LightDisplay_jqcogzikri,,394705443
Move_Operation_New_Component_New_Node,getTransaction,New-Component_cwteallxwh,New-Node_bxiukagzac,600735438
Move_Operation_Component,getMeanTimeToDelivery,AppStore,,12413891033
Move_Operation_New_Component_New_Node,getTransactionContext,New-Component_uljoztollg,New-Node_aknqckkfxt,1064336407
UMLCloneNode,LightDisplay,LightDisplay_jqcogzikri,,651505833
UMLCloneNode,Printer,Printer_aqhbxiicfp,,733799674
Move_Operation_New_Component_New_Node,getMeanTimeToDelivery,New-Component_kcfgogweda,New-Node_zfsxbbgygi,625338238
Move_Operation_New_Component_New_Node,getTransactionContext,New-Component_uljoztollg,New-Node_aknqckkfxt,601240556
Move_Operation_New_Component_New_Node,printRunningTotal,New-Component_idlstrjuzq,New-Node_cbgyzadpqe,594897470
Move_Operation_New_Component_New_Node,getTransaction,New-Component_cwteallxwh,New-Node_bxiukagzac,602199163
Move_Operation_New_Component_New_Node,startSale,New-Component_jnpuemqwtp,New-Node_bkepgistdm,641984546
Move_Operation_New_Component_New_Node,getTransactionContext,New-Component_uljoztollg,New-Node_aknqckkfxt,667195516
Move_Operation_New_Component_New_Node,printRunningTotal,New-Component_idlstrjuzq,New-Node_cbgyzadpqe,671665920
Move_Operation_New_Component_New_Node,getTransaction,New-Component_cwteallxwh,New-Node_bxiukagzac,634897325
Move_Component_New_Node,Persistence,New-Node_amusgmudxa,,590656607
Move_Operation_New_Component_New_Node,getTransactionContext,New-Component_uljoztollg,New-Node_aknqckkfxt,794585090
Move_Operation_New_Component_New_Node,printRunningTotal,New-Component_idlstrjuzq,New-Node_cbgyzadpqe,747175860
Move_Operation_New_Component_New_Node,getTransaction,New-Component_cwteallxwh,New-Node_bxiukagzac,680632486
Move_Operation_Component,getMeanTimeToDelivery,AppStore,,327522680
Move_Operation_New_Component_New_Node,getTransactionContext,New-Component_uljoztollg,New-Node_aknqckkfxt,662568268
UMLCloneNode,LightDisplay,LightDisplay_jqcogzikri,,474122040
Move_Operation_New_Component_New_Node,getTransaction,New-Component_cwteallxwh,New-Node_bxiukagzac,675296659
UMLCloneNode,BarCodeScanner,BarCodeScanner_xorlftqqwm,,556812356
Move_Operation_New_Component_New_Node,getTransactionContext,New-Component_uljoztollg,New-Node_aknqckkfxt,628148648
Move_Operation_New_Component_New_Node,printRunningTotal,New-Component_idlstrjuzq,New-Node_cbgyzadpqe,680051476
Move_Operation_New_Component_New_Node,getTransaction,New-Component_cwteallxwh,New-Node_bxiukagzac,660017324
Move_Operation_Component,queryOrderById,CashDeskGUI,,353020819
Move_Operation_New_Component_New_Node,getTransactionContext,New-Component_uljoztollg,New-Node_aknqckkfxt,756405108
UMLCloneNode,LightDisplay,LightDisplay_jqcogzikri,,539948690
Move_Operation_New_Component_New_Node,getTransaction,New-Component_cwteallxwh,New-Node_bxiukagzac,772958633
Move_Operation_Component,getMeanTimeToDelivery,AppStore,,324377021
Move_Operation_New_Component_New_Node,getTransactionContext,New-Component_uljoztollg,New-Node_aknqckkfxt,732394489
Move_Operation_New_Component_New_Node,printRunningTotal,New-Component_idlstrjuzq,New-Node_cbgyzadpqe,792466297
Move_Operation_New_Component_New_Node,getTransaction,New-Component_cwteallxwh,New-Node_bxiukagzac,784941245
Move_Operation_New_Component_New_Node,queryStockItem,New-Component_qeereaourc,New-Node_jhdfvznith,755360670
Move_Operation_New_Component_New_Node,getTransactionContext,New-Component_uljoztollg,New-Node_aknqckkfxt,655019241
UMLCloneNode,LightDisplay,LightDisplay_jqcogzikri,,460645466
Move_Operation_New_Component_New_Node,getTransaction,New-Component_cwteallxwh,New-Node_bxiukagzac,644404875
Move_Operation_Component,getMeanTimeToDelivery,AppStore,,348650493
Move_Operation_New_Component_New_Node,getTransactionContext,New-Component_uljoztollg,New-Node_aknqckkfxt,638504028
UMLCloneNode,LightDisplay,LightDisplay_jqcogzikri,,428353456
Move_Operation_New_Component_New_Node,getTransaction,New-Component_cwteallxwh,New-Node_bxiukagzac,557263532
Move_Operation_New_Component_New_Node,getMeanTimeToDelivery,New-Component_kcfgogweda,New-Node_zfsxbbgygi,723460705
Move_Operation_New_Component_New_Node,getTransactionContext,New-Component_uljoztollg,New-Node_aknqckkfxt,678838101
Move_Operation_New_Component_New_Node,printRunningTotal,New-Component_idlstrjuzq,New-Node_cbgyzadpqe,730795020
Move_Operation_New_Component_New_Node,getTransaction,New-Component_cwteallxwh,New-Node_bxiukagzac,729576264
UMLCloneNode,CashBox,CashBox_gomhowhdli,,601263418
Move_Operation_New_Component_New_Node,getTransactionContext,New-Component_uljoztollg,New-Node_aknqckkfxt,763311360
UMLCloneNode,LightDisplay,LightDisplay_jqcogzikri,,484913888
Move_Operation_New_Component_New_Node,getTransaction,New-Component_cwteallxwh,New-Node_bxiukagzac,654525094
Move_Operation_New_Component_New_Node,getMeanTimeToDelivery,New-Component_kcfgogweda,New-Node_zfsxbbgygi,734175790
Move_Operation_New_Component_New_Node,getTransactionContext,New-Component_uljoztollg,New-Node_aknqckkfxt,670438508
Move_Operation_New_Component_New_Node,printRunningTotal,New-Component_idlstrjuzq,New-Node_cbgyzadpqe,694082620
Move_Operation_New_Component_New_Node,getTransaction,New-Component_cwteallxwh,New-Node_bxiukagzac,790700655
Move_Operation_New_Component_New_Node,getMeanTimeToDelivery,New-Component_kcfgogweda,New-Node_zfsxbbgygi,740497465
Move_Operation_New_Component_New_Node,getTransactionContext,New-Component_uljoztollg,New-Node_aknqckkfxt,697297800
Move_Operation_New_Component_New_Node,printRunningTotal,New-Component_idlstrjuzq,New-Node_cbgyzadpqe,668968451
Move_Operation_New_Component_New_Node,getTransaction,New-Component_cwteallxwh,New-Node_bxiukagzac,686790915
Move_Operation_Component,getMeanTimeToDelivery,AppStore,,329905098
Move_Operation_New_Component_New_Node,getTransactionContext,New-Component_uljoztollg,New-Node_aknqckkfxt,659604701
UMLCloneNode,LightDisplay,LightDisplay_jqcogzikri,,498568296
UMLCloneNode,EnterpriseServer,EnterpriseServer_zfxhdywnyt,,472271529
Move_Operation_Component,getMeanTimeToDelivery,AppStore,,308633345
Move_Operation_New_Component_New_Node,getTransactionContext,New-Component_uljoztollg,New-Node_aknqckkfxt,662255231
UMLCloneNode,LightDisplay,LightDisplay_jqcogzikri,,437519005
Move_Operation_New_Component_New_Node,getTransaction,New-Component_cwteallxwh,New-Node_bxiukagzac,778306101
Move_Operation_Component,getMeanTimeToDelivery,AppStore,,366612329
Move_Operation_New_Component_New_Node,getTransactionContext,New-Component_uljoztollg,New-Node_aknqckkfxt,742597795
UMLCloneNode,LightDisplay,LightDisplay_jqcogzikri,,517483399
UMLCloneNode,EnterpriseServer,EnterpriseServer_zfxhdywnyt,,568957732
Move_Component_New_Node,Persistence,New-Node_amusgmudxa,,574251621
Move_Operation_New_Component_New_Node,getTransactionContext,New-Component_uljoztollg,New-Node_aknqckkfxt,774969764
Move_Operation_New_Component_New_Node,printRunningTotal,New-Component_idlstrjuzq,New-Node_cbgyzadpqe,725477297
Move_Operation_New_Component_New_Node,getTransaction,New-Component_cwteallxwh,New-Node_bxiukagzac,709445401
Move_Operation_New_Component_New_Node,startSale,New-Component_jnpuemqwtp,New-Node_bkepgistdm,777625985
Move_Operation_New_Component_New_Node,getTransactionContext,New-Component_uljoztollg,New-Node_aknqckkfxt,648126164
Move_Operation_New_Component_New_Node,printRunningTotal,New-Component_idlstrjuzq,New-Node_cbgyzadpqe,680723908
Move_Operation_New_Component_New_Node,getTransaction,New-Component_cwteallxwh,New-Node_bxiukagzac,672323653
Move_Operation_Component,productBarCodeScannedEvent,GUIStore,,409160542
Move_Operation_New_Component_New_Node,getTransactionContext,New-Component_uljoztollg,New-Node_aknqckkfxt,749626305
UMLCloneNode,LightDisplay,LightDisplay_jqcogzikri,,473898160
Move_Operation_New_Component_New_Node,getTransaction,New-Component_cwteallxwh,New-Node_bxiukagzac,671871505
UMLCloneNode,BarCodeScanner,BarCodeScanner_xorlftqqwm,,496196758
Move_Operation_New_Component_New_Node,getTransactionContext,New-Component_uljoztollg,New-Node_aknqckkfxt,717588112
Move_Operation_New_Component_New_Node,printRunningTotal,New-Component_idlstrjuzq,New-Node_cbgyzadpqe,668758898
Move_Operation_New_Component_New_Node,getTransaction,New-Component_cwteallxwh,New-Node_bxiukagzac,656494598
Move_Operation_New_Component_New_Node,startSale,New-Component_jnpuemqwtp,New-Node_bkepgistdm,660392869
Move_Operation_New_Component_New_Node,getTransactionContext,New-Component_uljoztollg,New-Node_aknqckkfxt,640141469
Move_Operation_New_Component_New_Node,printRunningTotal,New-Component_idlstrjuzq,New-Node_cbgyzadpqe,835601632
Move_Operation_New_Component_New_Node,getTransaction,New-Component_cwteallxwh,New-Node_bxiukagzac,746620498
Move_Operation_New_Component_New_Node,startSale,New-Component_jnpuemqwtp,New-Node_bkepgistdm,629944506
Move_Operation_New_Component_New_Node,getTransactionContext,New-Component_uljoztollg,New-Node_aknqckkfxt,550753833
Move_Operation_New_Component_New_Node,printRunningTotal,New-Component_idlstrjuzq,New-Node_cbgyzadpqe,572624530
Move_Operation_New_Component_New_Node,getTransaction,New-Component_cwteallxwh,New-Node_bxiukagzac,599437465
Move_Operation_Component,getMeanTimeToDelivery,AppStore,,358107849
Move_Operation_New_Component_New_Node,getTransactionContext,New-Component_uljoztollg,New-Node_aknqckkfxt,765778677
UMLCloneNode,LightDisplay,LightDisplay_jqcogzikri,,512923577
Move_Operation_New_Component_New_Node,getTransaction,New-Component_cwteallxwh,New-Node_bxiukagzac,762766178
Move_Operation_New_Component_New_Node,startSale,New-Component_jnpuemqwtp,New-Node_bkepgistdm,811987226
Move_Operation_New_Component_New_Node,getTransactionContext,New-Component_uljoztollg,New-Node_aknqckkfxt,806748271
Move_Operation_New_Component_New_Node,printRunningTotal,New-Component_idlstrjuzq,New-Node_cbgyzadpqe,792404731
Move_Operation_New_Component_New_Node,getTransaction,New-Component_cwteallxwh,New-Node_bxiukagzac,705046802
Move_Operation_Component,getMeanTimeToDelivery,AppStore,,339393983
Move_Operation_New_Component_New_Node,getTransactionContext,New-Component_uljoztollg,New-Node_aknqckkfxt,767128669
UMLCloneNode,LightDisplay,LightDisplay_jqcogzikri,,513006833
Move_Operation_New_Component_New_Node,getTransaction,New-Component_cwteallxwh,New-Node_bxiukagzac,760400020
Move_Operation_Component,getMeanTimeToDelivery,AppStore,,353823684
Move_Operation_New_Component_New_Node,getTransactionContext,New-Component_uljoztollg,New-Node_aknqckkfxt,758258625
Move_Operation_New_Component_New_Node,printRunningTotal,New-Component_dzrdtlciyl,New-Node_zxnxsrivxc,797456465
Move_Operation_New_Component_New_Node,getTransaction,New-Component_cwteallxwh,New-Node_bxiukagzac,835870216
Move_Operation_Component,getMeanTimeToDelivery,AppStore,,375498182
Move_Operation_New_Component_New_Node,getTransactionContext,New-Component_uljoztollg,New-Node_aknqckkfxt,751388530
UMLCloneNode,LightDisplay,LightDisplay_jqcogzikri,,607518709
UMLCloneNode,EnterpriseServer,EnterpriseServer_zfxhdywnyt,,619068469
Move_Operation_Component,getMeanTimeToDelivery,AppStore,,395362155
UMLCloneNode,EnterpriseClient,EnterpriseClient_rzbpvslhfi,,561567564
UMLCloneNode,LightDisplay,LightDisplay_jqcogzikri,,548126226
Move_Operation_New_Component_New_Node,getTransaction,New-Component_cwteallxwh,New-Node_bxiukagzac,811300488
Move_Operation_Component,getMeanTimeToDelivery,AppStore,,388415518
Move_Operation_New_Component_New_Node,getTransactionContext,New-Component_uljoztollg,New-Node_aknqckkfxt,803532500
UMLCloneNode,LightDisplay,LightDisplay_jqcogzikri,,542712733
Move_Operation_New_Component_New_Node,getTransaction,New-Component_cwteallxwh,New-Node_bxiukagzac,768911663
Move_Operation_Component,getMeanTimeToDelivery,AppStore,,351271257
Move_Operation_New_Component_New_Node,getTransactionContext,New-Component_uljoztollg,New-Node_aknqckkfxt,762736652
UMLCloneNode,LightDisplay,LightDisplay_jqcogzikri,,535593031
UMLCloneNode,EnterpriseServer,EnterpriseServer_zfxhdywnyt,,510907907
Move_Operation_Component,productBarCodeScannedEvent,GUIStore,,321001420
Move_Operation_New_Component_New_Node,getTransactionContext,New-Component_uljoztollg,New-Node_aknqckkfxt,724778957
UMLCloneNode,LightDisplay,LightDisplay_jqcogzikri,,517210577
Move_Operation_New_Component_New_Node,getTransaction,New-Component_cwteallxwh,New-Node_bxiukagzac,797048320
Move_Operation_Component,getMeanTimeToDelivery,AppStore,,353535914
Move_Operation_New_Component_New_Node,getTransactionContext,New-Component_uljoztollg,New-Node_aknqckkfxt,809790917
UMLCloneNode,LightDisplay,LightDisplay_jqcogzikri,,515221828
Move_Operation_New_Component_New_Node,getTransaction,New-Component_cwteallxwh,New-Node_bxiukagzac,750125040
UMLCloneNode,CashBox,CashBox_sydrtmzknk,,533476742
Move_Operation_New_Component_New_Node,getTransactionContext,New-Component_uljoztollg,New-Node_aknqckkfxt,810302146
Move_Operation_New_Component_New_Node,printRunningTotal,New-Component_idlstrjuzq,New-Node_cbgyzadpqe,842632097
Move_Operation_New_Component_New_Node,getTransaction,New-Component_cwteallxwh,New-Node_bxiukagzac,876527063
Move_Operation_New_Component_New_Node,printRunningTotal,New-Component_sapodbpsyv,New-Node_bauaohdong,765494174
Move_Operation_New_Component_New_Node,getTransactionContext,New-Component_uljoztollg,New-Node_aknqckkfxt,660497255
UMLCloneNode,LightDisplay,LightDisplay_jqcogzikri,,558893839
Move_Operation_New_Component_New_Node,scanProduct,New-Component_kxjwxtjsig,New-Node_brruzgiltv,984523006
Move_Operation_Component,productBarCodeScannedEvent,GUIStore,,266173657
Move_Operation_New_Component_New_Node,getTransactionContext,New-Component_uljoztollg,New-Node_aknqckkfxt,637267299
UMLCloneNode,LightDisplay,LightDisplay_jqcogzikri,,458501295
Move_Operation_New_Component_New_Node,getTransaction,New-Component_cwteallxwh,New-Node_bxiukagzac,623223402
Move_Operation_New_Component_New_Node,getTransaction,New-Component_hcgjyvdale,New-Node_xiqixdoapv,728504313
UMLCloneNode,EnterpriseClient,EnterpriseClient_rzbpvslhfi,,520547314
UMLCloneNode,LightDisplay,LightDisplay_jqcogzikri,,501930691
Move_Operation_New_Component_New_Node,getTransaction,New-Component_cwteallxwh,New-Node_bxiukagzac,800077531
Move_Operation_New_Component_New_Node,scanProduct,New-Component_ggcfkttkhb,New-Node_jjbvxtgrtw,691774011
Move_Operation_New_Component_New_Node,getTransactionContext,New-Component_uljoztollg,New-Node_aknqckkfxt,711041644
UMLCloneNode,LightDisplay,LightDisplay_jqcogzikri,,523425322
Move_Operation_New_Component_New_Node,getTransaction,New-Component_cwteallxwh,New-Node_bxiukagzac,759710137
Move_Operation_Component,queryOrderById,CashDeskGUI,,380361282
Move_Operation_New_Component_New_Node,getTransactionContext,New-Component_uljoztollg,New-Node_aknqckkfxt,851318838
UMLCloneNode,LightDisplay,LightDisplay_jqcogzikri,,524639159
Move_Operation_New_Component_New_Node,getTransaction,New-Component_cwteallxwh,New-Node_bxiukagzac,789173452
Move_Operation_New_Component_New_Node,queryStockItem,New-Component_qeereaourc,New-Node_jhdfvznith,738004259
Move_Operation_New_Component_New_Node,getTransactionContext,New-Component_uljoztollg,New-Node_aknqckkfxt,575173069
UMLCloneNode,LightDisplay,LightDisplay_jqcogzikri,,443027205
Move_Operation_New_Component_New_Node,getTransaction,New-Component_cwteallxwh,New-Node_bxiukagzac,839066940
Move_Operation_Component,getMeanTimeToDelivery,AppStore,,343797552
Move_Operation_New_Component_New_Node,getTransactionContext,New-Component_uljoztollg,New-Node_aknqckkfxt,654335719
UMLCloneNode,LightDisplay,LightDisplay_jqcogzikri,,471237360
Move_Operation_New_Component_New_Node,getTransaction,New-Component_cwteallxwh,New-Node_bxiukagzac,708905628
Move_Operation_New_Component_New_Node,queryStockItem,New-Component_snhnrcivcm,New-Node_onrfwecrfm,694150467
UMLCloneNode,EnterpriseClient,EnterpriseClient_rzbpvslhfi,,454443795
UMLCloneNode,LightDisplay,LightDisplay_jqcogzikri,,483890480
Move_Operation_New_Component_New_Node,getTransaction,New-Component_cwteallxwh,New-Node_bxiukagzac,798304766
Move_Operation_Component,getMeanTimeToDelivery,AppStore,,354699147
Move_Operation_New_Component_New_Node,getTransactionContext,New-Component_uljoztollg,New-Node_aknqckkfxt,649878370
UMLCloneNode,LightDisplay,LightDisplay_jqcogzikri,,474555202
Move_Operation_New_Component_New_Node,getTransaction,New-Component_cwteallxwh,New-Node_bxiukagzac,758791603
Move_Operation_Component,getMeanTimeToDelivery,AppStore,,290538461
UMLCloneNode,EnterpriseClient,EnterpriseClient_rzbpvslhfi,,474021912
UMLCloneNode,LightDisplay,LightDisplay_jqcogzikri,,471715397
Move_Operation_New_Component_New_Node,getTransaction,New-Component_cwteallxwh,New-Node_bxiukagzac,704838772
Move_Operation_New_Component_New_Node,queryStockItem,New-Component_qeereaourc,New-Node_jhdfvznith,695253075
Move_Operation_New_Component_New_Node,getTransactionContext,New-Component_uljoztollg,New-Node_aknqckkfxt,670071520
UMLCloneNode,LightDisplay,LightDisplay_jqcogzikri,,539545103
Move_Operation_New_Component_New_Node,getTransaction,New-Component_cwteallxwh,New-Node_bxiukagzac,785936782
Move_Operation_Component,getMeanTimeToDelivery,AppStore,,276380138
Move_Operation_New_Component_New_Node,getTransactionContext,New-Component_uljoztollg,New-Node_aknqckkfxt,618382403
UMLCloneNode,LightDisplay,LightDisplay_jqcogzikri,,387564822
UMLCloneNode,EnterpriseServer,EnterpriseServer_zfxhdywnyt,,475549507
Move_Operation_Component,getMeanTimeToDelivery,AppStore,,351032560
Move_Operation_New_Component_New_Node,getTransactionContext,New-Component_uljoztollg,New-Node_aknqckkfxt,664417446
UMLCloneNode,LightDisplay,LightDisplay_jqcogzikri,,496123681
Move_Operation_New_Component_New_Node,getTransaction,New-Component_cwteallxwh,New-Node_bxiukagzac,689803034
Move_Operation_Component,getMeanTimeToDelivery,AppStore,,369415435
Move_Operation_New_Component_New_Node,getTransactionContext,New-Component_uljoztollg,New-Node_aknqckkfxt,663755726
UMLCloneNode,LightDisplay,LightDisplay_jqcogzikri,,482794684
Move_Operation_New_Component_New_Node,getTransaction,New-Component_cwteallxwh,New-Node_bxiukagzac,712845748
Move_Operation_Component,productBarCodeScannedEvent,GUIStore,,304835603
Move_Operation_New_Component_New_Node,getTransactionContext,New-Component_uljoztollg,New-Node_aknqckkfxt,716606821
UMLCloneNode,LightDisplay,LightDisplay_jqcogzikri,,514934900
Move_Operation_New_Component_New_Node,getTransaction,New-Component_cwteallxwh,New-Node_bxiukagzac,747628900
Move_Operation_Component,getMeanTimeToDelivery,AppStore,,342711956
Move_Operation_New_Component_New_Node,getTransactionContext,New-Component_uljoztollg,New-Node_aknqckkfxt,659620540
UMLCloneNode,LightDisplay,LightDisplay_jqcogzikri,,467511322
Move_Operation_New_Component_New_Node,getTransaction,New-Component_cwteallxwh,New-Node_bxiukagzac,709171908
Move_Operation_Component,productBarCodeScannedEvent,GUIStore,,373378307
Move_Operation_New_Component_New_Node,getTransactionContext,New-Component_uljoztollg,New-Node_aknqckkfxt,669493095
UMLCloneNode,LightDisplay,LightDisplay_jqcogzikri,,500382639
Move_Operation_New_Component_New_Node,getTransaction,New-Component_cwteallxwh,New-Node_bxiukagzac,714877879
UMLCloneNode,EnterpriseServer,EnterpriseServer_ixalexqyru,,869053517
Move_Operation_New_Component_New_Node,getTransactionContext,New-Component_uljoztollg,New-Node_aknqckkfxt,747893486
UMLCloneNode,LightDisplay,LightDisplay_jqcogzikri,,562844518
Move_Operation_New_Component_New_Node,getTransaction,New-Component_cwteallxwh,New-Node_bxiukagzac,777979448
Move_Component_New_Node,ScannerController,New-Node_fkobsswmiu,,480007607
Move_Operation_New_Component_New_Node,getTransactionContext,New-Component_uljoztollg,New-Node_aknqckkfxt,733345683
UMLCloneNode,LightDisplay,LightDisplay_jqcogzikri,,565647364
Move_Operation_New_Component_New_Node,getTransaction,New-Component_cwteallxwh,New-Node_bxiukagzac,808338633
Move_Operation_Component,getMeanTimeToDelivery,AppStore,,291475889
Move_Operation_New_Component_New_Node,getTransactionContext,New-Component_uljoztollg,New-Node_aknqckkfxt,657238724
UMLCloneNode,LightDisplay,LightDisplay_jqcogzikri,,491427955
Move_Operation_New_Component_New_Node,getTransaction,New-Component_cwteallxwh,New-Node_bxiukagzac,740127742
Move_Component_New_Node,GUIReporting,New-Node_dieylgizpl,,633120593
Move_Operation_New_Component_New_Node,getTransactionContext,New-Component_uljoztollg,New-Node_aknqckkfxt,677364597
UMLCloneNode,LightDisplay,LightDisplay_jqcogzikri,,502376789
UMLCloneNode,EnterpriseServer,EnterpriseServer_zfxhdywnyt,,503855411
Move_Operation_Component,getMeanTimeToDelivery,AppStore,,301595126
Move_Operation_New_Component_New_Node,getTransactionContext,New-Component_uljoztollg,New-Node_aknqckkfxt,648599401
UMLCloneNode,LightDisplay,LightDisplay_jqcogzikri,,430519969
UMLCloneNode,EnterpriseServer,EnterpriseServer_zfxhdywnyt,,464239456
Move_Operation_New_Component_New_Node,queryStockItem,New-Component_qeereaourc,New-Node_jhdfvznith,601665593
Move_Operation_New_Component_New_Node,getTransactionContext,New-Component_uljoztollg,New-Node_aknqckkfxt,590144396
UMLCloneNode,LightDisplay,LightDisplay_jqcogzikri,,570074477
Move_Operation_New_Component_New_Node,getTransaction,New-Component_cwteallxwh,New-Node_bxiukagzac,811633843
UMLCloneNode,CashBox,CashBox_bheawpsjmc,,370928263
Move_Operation_New_Component_New_Node,getTransactionContext,New-Component_uljoztollg,New-Node_aknqckkfxt,559179285
UMLCloneNode,LightDisplay,LightDisplay_jqcogzikri,,383985469
Move_Operation_New_Component_New_Node,getTransaction,New-Component_cwteallxwh,New-Node_bxiukagzac,704758972
Move_Operation_Component,getMeanTimeToDelivery,AppStore,,324200520
UMLCloneNode,EnterpriseClient,EnterpriseClient_rzbpvslhfi,,379461695
UMLCloneNode,LightDisplay,LightDisplay_jqcogzikri,,430940938
Move_Operation_New_Component_New_Node,getTransaction,New-Component_cwteallxwh,New-Node_bxiukagzac,661974846
Move_Operation_Component,getMeanTimeToDelivery,AppStore,,310995655
Move_Operation_New_Component_New_Node,getTransactionContext,New-Component_uljoztollg,New-Node_aknqckkfxt,705247327
UMLCloneNode,LightDisplay,LightDisplay_jqcogzikri,,526913403
Move_Operation_New_Component_New_Node,getTransaction,New-Component_cwteallxwh,New-Node_bxiukagzac,770606050
Move_Operation_Component,getMeanTimeToDelivery,AppStore,,376201752
UMLCloneNode,EnterpriseClient,EnterpriseClient_rzbpvslhfi,,473433579
UMLCloneNode,LightDisplay,LightDisplay_jqcogzikri,,494001030
Move_Operation_New_Component_New_Node,getTransaction,New-Component_cwteallxwh,New-Node_bxiukagzac,709256898
Move_Operation_Component,getMeanTimeToDelivery,AppStore,,312559188
Move_Operation_New_Component_New_Node,getTransactionContext,New-Component_uljoztollg,New-Node_aknqckkfxt,605994141
UMLCloneNode,LightDisplay,LightDisplay_jqcogzikri,,397173683
UMLCloneNode,EnterpriseServer,EnterpriseServer_zfxhdywnyt,,409485130
Move_Operation_New_Component_New_Node,queryStockItem,New-Component_qeereaourc,New-Node_jhdfvznith,728132817
Move_Operation_New_Component_New_Node,getTransactionContext,New-Component_uljoztollg,New-Node_aknqckkfxt,654316353
UMLCloneNode,LightDisplay,LightDisplay_jqcogzikri,,472710012
Move_Operation_New_Component_New_Node,getTransaction,New-Component_cwteallxwh,New-Node_bxiukagzac,703915580
Move_Operation_Component,getMeanTimeToDelivery,AppStore,,356083131
Move_Operation_New_Component_New_Node,getTransactionContext,New-Component_uljoztollg,New-Node_aknqckkfxt,706747080
UMLCloneNode,LightDisplay,LightDisplay_jqcogzikri,,478899229
UMLCloneNode,EnterpriseServer,EnterpriseServer_zfxhdywnyt,,483289512
Move_Operation_Component,getMeanTimeToDelivery,AppStore,,344704723
UMLCloneNode,EnterpriseClient,EnterpriseClient_rzbpvslhfi,,516417420
UMLCloneNode,LightDisplay,LightDisplay_jqcogzikri,,502079300
Move_Operation_New_Component_New_Node,getTransaction,New-Component_cwteallxwh,New-Node_bxiukagzac,701358906
Move_Operation_Component,getMeanTimeToDelivery,AppStore,,338063278
UMLCloneNode,EnterpriseClient,EnterpriseClient_rzbpvslhfi,,567437422
UMLCloneNode,LightDisplay,LightDisplay_jqcogzikri,,573891856
Move_Operation_New_Component_New_Node,getTransaction,New-Component_cwteallxwh,New-Node_bxiukagzac,686175231
Move_Operation_Component,getMeanTimeToDelivery,AppStore,,316362921
Move_Operation_New_Component_New_Node,getTransactionContext,New-Component_uljoztollg,New-Node_aknqckkfxt,729141579
UMLCloneNode,LightDisplay,LightDisplay_jqcogzikri,,561037760
Move_Operation_New_Component_New_Node,getTransaction,New-Component_cwteallxwh,New-Node_bxiukagzac,770734191
UMLCloneNode,StoreServer,StoreServer_ljjjdicdra,,480233080
Move_Operation_New_Component_New_Node,getTransactionContext,New-Component_uljoztollg,New-Node_aknqckkfxt,649076867
UMLCloneNode,LightDisplay,LightDisplay_jqcogzikri,,482296049
Move_Operation_New_Component_New_Node,getTransaction,New-Component_cwteallxwh,New-Node_bxiukagzac,711879155
Move_Component_New_Node,GUIStore,New-Node_eepkmhcvoj,,535656480
Move_Operation_New_Component_New_Node,getTransactionContext,New-Component_uljoztollg,New-Node_aknqckkfxt,642773155
UMLCloneNode,LightDisplay,LightDisplay_jqcogzikri,,520716121
Move_Operation_New_Component_New_Node,getTransaction,New-Component_cwteallxwh,New-Node_bxiukagzac,772857242
Move_Operation_Component,queryOrderById,CashDeskGUI,,302381341
Move_Operation_New_Component_New_Node,getTransactionContext,New-Component_uljoztollg,New-Node_aknqckkfxt,651943693
UMLCloneNode,LightDisplay,LightDisplay_jqcogzikri,,547884342
Move_Operation_New_Component_New_Node,getTransaction,New-Component_cwteallxwh,New-Node_bxiukagzac,721227076
Move_Operation_New_Component_New_Node,scanProduct,New-Component_xpdisycytr,New-Node_qxvcxqweew,733469225
Move_Operation_New_Component_New_Node,getTransactionContext,New-Component_uljoztollg,New-Node_aknqckkfxt,661600603
UMLCloneNode,LightDisplay,LightDisplay_jqcogzikri,,501603859
Move_Operation_New_Component_New_Node,getTransaction,New-Component_cwteallxwh,New-Node_bxiukagzac,775166493
Move_Operation_Component,getMeanTimeToDelivery,AppStore,,349849972
Move_Operation_New_Component_New_Node,getTransactionContext,New-Component_uljoztollg,New-Node_aknqckkfxt,671140856
UMLCloneNode,LightDisplay,LightDisplay_jqcogzikri,,479152193
Move_Operation_New_Component_New_Node,getTransaction,New-Component_cwteallxwh,New-Node_bxiukagzac,707819212
Move_Operation_New_Component_New_Node,queryStockItem,New-Component_snhnrcivcm,New-Node_onrfwecrfm,729045448
UMLCloneNode,EnterpriseClient,EnterpriseClient_rzbpvslhfi,,555055441
UMLCloneNode,LightDisplay,LightDisplay_jqcogzikri,,557247501
Move_Operation_New_Component_New_Node,getTransaction,New-Component_cwteallxwh,New-Node_bxiukagzac,819491639
Move_Component_New_Node,ScannerController,New-Node_fkobsswmiu,,682978485
Move_Operation_New_Component_New_Node,getTransactionContext,New-Component_uljoztollg,New-Node_aknqckkfxt,690695298
UMLCloneNode,LightDisplay,LightDisplay_jqcogzikri,,494269995
Move_Operation_New_Component_New_Node,getTransaction,New-Component_cwteallxwh,New-Node_bxiukagzac,736599655
Move_Operation_Component,getMeanTimeToDelivery,AppStore,,298524958
Move_Operation_New_Component_New_Node,getTransactionContext,New-Component_uljoztollg,New-Node_aknqckkfxt,697505088
UMLCloneNode,LightDisplay,LightDisplay_jqcogzikri,,496093234
Move_Operation_New_Component_New_Node,getTransaction,New-Component_cwteallxwh,New-Node_bxiukagzac,722491608
UMLCloneNode,EnterpriseServer,EnterpriseServer_ixalexqyru,,496383328
Move_Operation_New_Component_New_Node,getTransactionContext,New-Component_uljoztollg,New-Node_aknqckkfxt,733835461
UMLCloneNode,LightDisplay,LightDisplay_jqcogzikri,,585541053
Move_Operation_New_Component_New_Node,getTransaction,New-Component_cwteallxwh,New-Node_bxiukagzac,957715252
UMLCloneNode,EnterpriseServer,EnterpriseServer_ixalexqyru,,485954150
Move_Operation_New_Component_New_Node,getTransactionContext,New-Component_uljoztollg,New-Node_aknqckkfxt,695489458
UMLCloneNode,LightDisplay,LightDisplay_jqcogzikri,,489753344
Move_Operation_New_Component_New_Node,getTransaction,New-Component_cwteallxwh,New-Node_bxiukagzac,750570436
Move_Operation_New_Component_New_Node,rollInReceivedOrder,New-Component_cpbsruvrmt,New-Node_srqgrhmoxu,666724342
Move_Operation_New_Component_New_Node,getTransactionContext,New-Component_uljoztollg,New-Node_aknqckkfxt,653946038
UMLCloneNode,LightDisplay,LightDisplay_jqcogzikri,,466720639
Move_Operation_New_Component_New_Node,getTransaction,New-Component_cwteallxwh,New-Node_bxiukagzac,740606079
Move_Operation_New_Component_New_Node,queryStockItem,New-Component_snhnrcivcm,New-Node_onrfwecrfm,708881223
UMLCloneNode,EnterpriseClient,EnterpriseClient_rzbpvslhfi,,527606333
UMLCloneNode,LightDisplay,LightDisplay_jqcogzikri,,497215880
Move_Operation_New_Component_New_Node,getTransaction,New-Component_cwteallxwh,New-Node_bxiukagzac,838702668
Move_Operation_Component,getMeanTimeToDelivery,AppStore,,392845335
Move_Operation_New_Component_New_Node,getTransactionContext,New-Component_uljoztollg,New-Node_aknqckkfxt,706716534
UMLCloneNode,LightDisplay,LightDisplay_jqcogzikri,,530110951
Move_Operation_New_Component_New_Node,getTransaction,New-Component_cwteallxwh,New-Node_bxiukagzac,821105847
UMLCloneNode,StoreServer,StoreServer_ljjjdicdra,,518735828
Move_Operation_New_Component_New_Node,getTransactionContext,New-Component_uljoztollg,New-Node_aknqckkfxt,747842701
UMLCloneNode,LightDisplay,LightDisplay_jqcogzikri,,545991993
Move_Operation_New_Component_New_Node,getTransaction,New-Component_cwteallxwh,New-Node_bxiukagzac,863507215
UMLCloneNode,EnterpriseServer,EnterpriseServer_ixalexqyru,,471223524
Move_Operation_New_Component_New_Node,getTransactionContext,New-Component_uljoztollg,New-Node_aknqckkfxt,710699784
UMLCloneNode,LightDisplay,LightDisplay_jqcogzikri,,503291313
Move_Operation_New_Component_New_Node,getTransaction,New-Component_cwteallxwh,New-Node_bxiukagzac,807506212
Move_Operation_Component,getMeanTimeToDelivery,AppStore,,358632022
Move_Operation_New_Component_New_Node,getTransactionContext,New-Component_uljoztollg,New-Node_aknqckkfxt,666702632
UMLCloneNode,LightDisplay,LightDisplay_jqcogzikri,,486632622
Move_Operation_New_Component_New_Node,getTransaction,New-Component_cwteallxwh,New-Node_bxiukagzac,733019161
UMLCloneNode,CashBox,CashBox_gomhowhdli,,520935523
Move_Operation_New_Component_New_Node,getTransactionContext,New-Component_uljoztollg,New-Node_aknqckkfxt,914765093
UMLCloneNode,LightDisplay,LightDisplay_jqcogzikri,,486364539
Move_Operation_New_Component_New_Node,getTransaction,New-Component_cwteallxwh,New-Node_bxiukagzac,667479869
UMLCloneNode,StoreServer,StoreServer_ljjjdicdra,,485760025
Move_Operation_New_Component_New_Node,getTransactionContext,New-Component_uljoztollg,New-Node_aknqckkfxt,664793131
UMLCloneNode,LightDisplay,LightDisplay_jqcogzikri,,482470406
Move_Operation_New_Component_New_Node,getTransaction,New-Component_cwteallxwh,New-Node_bxiukagzac,763866561
UMLCloneNode,StoreServer,StoreServer_irgiubdhys,,493221248
UMLCloneNode,EnterpriseClient,EnterpriseClient_rzbpvslhfi,,455520935
UMLCloneNode,LightDisplay,LightDisplay_jqcogzikri,,454418428
Move_Operation_New_Component_New_Node,getTransaction,New-Component_cwteallxwh,New-Node_bxiukagzac,686618362
Move_Operation_New_Component_New_Node,queryStockItem,New-Component_qeereaourc,New-Node_jhdfvznith,683334273
Move_Operation_New_Component_New_Node,getTransactionContext,New-Component_uljoztollg,New-Node_aknqckkfxt,731541469
UMLCloneNode,LightDisplay,LightDisplay_jqcogzikri,,609154667
Move_Operation_New_Component_New_Node,getTransaction,New-Component_cwteallxwh,New-Node_bxiukagzac,867348730
UMLCloneNode,StoreServer,StoreServer_ljjjdicdra,,470420929
Move_Operation_New_Component_New_Node,getTransactionContext,New-Component_uljoztollg,New-Node_aknqckkfxt,683935961
UMLCloneNode,LightDisplay,LightDisplay_jqcogzikri,,480222571
Move_Operation_New_Component_New_Node,getTransaction,New-Component_cwteallxwh,New-Node_bxiukagzac,716382210
Move_Operation_New_Component_New_Node,scanProduct,New-Component_ggcfkttkhb,New-Node_jjbvxtgrtw,709137374
Move_Operation_New_Component_New_Node,getTransactionContext,New-Component_uljoztollg,New-Node_aknqckkfxt,740391476
UMLCloneNode,LightDisplay,LightDisplay_jqcogzikri,,519827495
Move_Operation_New_Component_New_Node,getTransaction,New-Component_cwteallxwh,New-Node_bxiukagzac,748342387
UMLCloneNode,EnterpriseServer,EnterpriseServer_ixalexqyru,,494653323
Move_Operation_New_Component_New_Node,getTransactionContext,New-Component_uljoztollg,New-Node_aknqckkfxt,686964361
UMLCloneNode,LightDisplay,LightDisplay_jqcogzikri,,480397849
Move_Operation_New_Component_New_Node,getTransaction,New-Component_cwteallxwh,New-Node_bxiukagzac,729226939
UMLCloneNode,StoreServer,StoreServer_ljjjdicdra,,490953445
Move_Operation_New_Component_New_Node,getTransactionContext,New-Component_uljoztollg,New-Node_aknqckkfxt,650874287
UMLCloneNode,LightDisplay,LightDisplay_jqcogzikri,,467436572
Move_Operation_New_Component_New_Node,getTransaction,New-Component_cwteallxwh,New-Node_bxiukagzac,690627631
Move_Operation_New_Component_New_Node,scanProduct,New-Component_ggcfkttkhb,New-Node_jjbvxtgrtw,722062593
Move_Operation_New_Component_New_Node,getTransactionContext,New-Component_uljoztollg,New-Node_aknqckkfxt,755302391
UMLCloneNode,LightDisplay,LightDisplay_jqcogzikri,,569330512
Move_Operation_New_Component_New_Node,getTransaction,New-Component_cwteallxwh,New-Node_bxiukagzac,778537445
UMLCloneNode,StoreServer,StoreServer_ljjjdicdra,,428718340
Move_Operation_New_Component_New_Node,getTransactionContext,New-Component_uljoztollg,New-Node_aknqckkfxt,567625916
UMLCloneNode,LightDisplay,LightDisplay_jqcogzikri,,367757937
Move_Operation_Component,startSale,GUIReporting,,249739887
Move_Operation_New_Component_New_Node,queryStockItem,New-Component_snhnrcivcm,New-Node_onrfwecrfm,722769910
UMLCloneNode,EnterpriseClient,EnterpriseClient_rzbpvslhfi,,490672719
UMLCloneNode,LightDisplay,LightDisplay_jqcogzikri,,480089371
Move_Operation_New_Component_New_Node,getTransaction,New-Component_cwteallxwh,New-Node_bxiukagzac,675746252
UMLCloneNode,StoreServer,StoreServer_ljjjdicdra,,525884615
Move_Operation_New_Component_New_Node,getTransactionContext,New-Component_uljoztollg,New-Node_aknqckkfxt,677569601
UMLCloneNode,LightDisplay,LightDisplay_jqcogzikri,,456317880
Move_Operation_New_Component_New_Node,getTransaction,New-Component_cwteallxwh,New-Node_bxiukagzac,668084954
Move_Component_New_Node,ScannerController,New-Node_fkobsswmiu,,647070113
Move_Operation_New_Component_New_Node,getTransactionContext,New-Component_uljoztollg,New-Node_aknqckkfxt,747744957
UMLCloneNode,LightDisplay,LightDisplay_jqcogzikri,,501605883
Move_Operation_New_Component_New_Node,getTransaction,New-Component_cwteallxwh,New-Node_bxiukagzac,619627619
Move_Operation_Component,queryOrderById,CashDeskGUI,,296343126
UMLCloneNode,CashDeskPC,CashDeskPC_fbefredckg,,410371132
UMLCloneNode,LightDisplay,LightDisplay_jqcogzikri,,502595117
Move_Operation_New_Component_New_Node,getTransaction,New-Component_cwteallxwh,New-Node_bxiukagzac,670965687
UMLCloneNode,EnterpriseServer,EnterpriseServer_ixalexqyru,,488467984
Move_Operation_New_Component_New_Node,getTransactionContext,New-Component_uljoztollg,New-Node_aknqckkfxt,672841034
UMLCloneNode,LightDisplay,LightDisplay_jqcogzikri,,591781957
Move_Operation_New_Component_New_Node,getTransaction,New-Component_cwteallxwh,New-Node_bxiukagzac,767823302
Move_Operation_Component,queryOrderById,CashDeskGUI,,328612644
Move_Operation_New_Component_New_Node,getTransactionContext,New-Component_uljoztollg,New-Node_aknqckkfxt,637754453
UMLCloneNode,LightDisplay,LightDisplay_jqcogzikri,,618960237
Move_Operation_New_Component_New_Node,getTransaction,New-Component_cwteallxwh,New-Node_bxiukagzac,785148844
UMLCloneNode,StoreServer,StoreServer_ljjjdicdra,,746716017
UMLCloneNode,CashDeskPC,CashDeskPC_scnwxwcnyc,,406191935
UMLCloneNode,LightDisplay,LightDisplay_jqcogzikri,,393887239
Move_Operation_New_Component_New_Node,getTransaction,New-Component_cwteallxwh,New-Node_bxiukagzac,564672897
Move_Operation_Component,getMeanTimeToDelivery,AppStore,,351927038
Move_Operation_New_Component_New_Node,getTransactionContext,New-Component_uljoztollg,New-Node_aknqckkfxt,676619539
Move_Operation_New_Component_New_Node,printRunningTotal,New-Component_dzrdtlciyl,New-Node_zxnxsrivxc,654368221
Move_Operation_New_Component_New_Node,getTransaction,New-Component_cwteallxwh,New-Node_bxiukagzac,657806338
UMLCloneNode,StoreServer,StoreServer_ljjjdicdra,,486283296
Move_Operation_New_Component_New_Node,getTransactionContext,New-Component_uljoztollg,New-Node_aknqckkfxt,659429702
UMLCloneNode,LightDisplay,LightDisplay_jqcogzikri,,523041793
Move_Operation_New_Component_New_Node,getTransaction,New-Component_cwteallxwh,New-Node_bxiukagzac,790969630
UMLCloneNode,StoreServer,StoreServer_ljjjdicdra,,585029995
Move_Operation_New_Component_New_Node,createReport,New-Component_znnwtifhro,New-Node_ajkheqfzzb,688928925
UMLCloneNode,LightDisplay,LightDisplay_jqcogzikri,,463531689
Move_Operation_New_Component_New_Node,getTransaction,New-Component_cwteallxwh,New-Node_bxiukagzac,692467742
UMLCloneNode,StoreServer,StoreServer_irgiubdhys,,518631773
UMLCloneNode,EnterpriseClient,EnterpriseClient_rzbpvslhfi,,514567060
UMLCloneNode,LightDisplay,LightDisplay_jqcogzikri,,511059061
Move_Operation_New_Component_New_Node,getTransaction,New-Component_cwteallxwh,New-Node_bxiukagzac,720957310
Move_Operation_New_Component_New_Node,getTransaction,New-Component_hcgjyvdale,New-Node_xiqixdoapv,707706810
UMLCloneNode,EnterpriseClient,EnterpriseClient_rzbpvslhfi,,517581923
UMLCloneNode,LightDisplay,LightDisplay_jqcogzikri,,620983411
Move_Operation_New_Component_New_Node,getTransaction,New-Component_cwteallxwh,New-Node_bxiukagzac,683115663
UMLCloneNode,EnterpriseServer,EnterpriseServer_ixalexqyru,,404128595
Move_Operation_New_Component_New_Node,getTransactionContext,New-Component_uljoztollg,New-Node_aknqckkfxt,712396736
UMLCloneNode,LightDisplay,LightDisplay_jqcogzikri,,502452470
Move_Operation_New_Component_New_Node,getTransaction,New-Component_cwteallxwh,New-Node_bxiukagzac,738114847
UMLCloneNode,StoreServer,StoreServer_ljjjdicdra,,478529565
Move_Operation_New_Component_New_Node,getTransactionContext,New-Component_uljoztollg,New-Node_aknqckkfxt,790665921
UMLCloneNode,LightDisplay,LightDisplay_jqcogzikri,,515338185
Move_Operation_New_Component_New_Node,getTransaction,New-Component_cwteallxwh,New-Node_bxiukagzac,656124094
Move_Operation_Component,getMeanTimeToDelivery,AppStore,,345211333
Move_Operation_New_Component_New_Node,getTransactionContext,New-Component_uljoztollg,New-Node_aknqckkfxt,720620439
Move_Operation_New_Component_New_Node,printRunningTotal,New-Component_dzrdtlciyl,New-Node_zxnxsrivxc,674499483
Move_Operation_New_Component_New_Node,getTransaction,New-Component_cwteallxwh,New-Node_bxiukagzac,692076367
UMLCloneNode,StoreServer,StoreServer_ljjjdicdra,,554077045
Move_Operation_New_Component_New_Node,getTransactionContext,New-Component_uljoztollg,New-Node_aknqckkfxt,656055495
UMLCloneNode,LightDisplay,LightDisplay_jqcogzikri,,584051831
Move_Operation_New_Component_New_Node,getTransaction,New-Component_cwteallxwh,New-Node_bxiukagzac,805595239
UMLCloneNode,StoreServer,StoreServer_ljjjdicdra,,527926815
Move_Operation_New_Component_New_Node,getTransactionContext,New-Component_uljoztollg,New-Node_aknqckkfxt,822100312
UMLCloneNode,LightDisplay,LightDisplay_jqcogzikri,,465534144
Move_Operation_New_Component_New_Node,getTransaction,New-Component_cwteallxwh,New-Node_bxiukagzac,698954536
Move_Operation_Component,getMeanTimeToDelivery,AppStore,,303484950
Move_Operation_New_Component_New_Node,getTransactionContext,New-Component_uljoztollg,New-Node_aknqckkfxt,643594675
Move_Operation_New_Component_New_Node,printRunningTotal,New-Component_dzrdtlciyl,New-Node_zxnxsrivxc,753712018
Move_Operation_New_Component_New_Node,getTransaction,New-Component_cwteallxwh,New-Node_bxiukagzac,725281670
Move_Component_New_Node,ScannerController,New-Node_fkobsswmiu,,587286657
Move_Operation_New_Component_New_Node,getTransactionContext,New-Component_uljoztollg,New-Node_aknqckkfxt,555197727
UMLCloneNode,LightDisplay,LightDisplay_jqcogzikri,,456428708
Move_Operation_New_Component_New_Node,getTransaction,New-Component_cwteallxwh,New-Node_bxiukagzac,644064917
Move_Operation_New_Component_New_Node,queryStockItem,New-Component_snhnrcivcm,New-Node_onrfwecrfm,747408787
UMLCloneNode,EnterpriseClient,EnterpriseClient_rzbpvslhfi,,480698243
UMLCloneNode,LightDisplay,LightDisplay_jqcogzikri,,411139273
Move_Operation_New_Component_New_Node,getTransaction,New-Component_cwteallxwh,New-Node_bxiukagzac,637115615
UMLCloneNode,CashBox,CashBox_gomhowhdli,,542708395
Move_Operation_New_Component_New_Node,getTransactionContext,New-Component_uljoztollg,New-Node_aknqckkfxt,655447144
UMLCloneNode,LightDisplay,LightDisplay_jqcogzikri,,462048337
Move_Operation_New_Component_New_Node,getTransaction,New-Component_cwteallxwh,New-Node_bxiukagzac,657729394
UMLCloneNode,StoreServer,StoreServer_irgiubdhys,,518417862
UMLCloneNode,EnterpriseClient,EnterpriseClient_rzbpvslhfi,,474052900
UMLCloneNode,LightDisplay,LightDisplay_jqcogzikri,,482608756
Move_Operation_New_Component_New_Node,getTransaction,New-Component_cwteallxwh,New-Node_bxiukagzac,675314703
Move_Operation_Component,getMeanTimeToDelivery,AppStore,,282057776
Move_Operation_New_Component_New_Node,getTransactionContext,New-Component_uljoztollg,New-Node_aknqckkfxt,695745348
Move_Operation_New_Component_New_Node,printRunningTotal,New-Component_dzrdtlciyl,New-Node_zxnxsrivxc,987382569
Move_Operation_New_Component_New_Node,getTransaction,New-Component_cwteallxwh,New-Node_bxiukagzac,665153266
Move_Component_New_Node,ScannerController,New-Node_fkobsswmiu,,637012141
UMLCloneNode,EnterpriseClient,EnterpriseClient_rzbpvslhfi,,539438584
UMLCloneNode,LightDisplay,LightDisplay_jqcogzikri,,593752552
Move_Operation_New_Component_New_Node,getTransaction,New-Component_cwteallxwh,New-Node_bxiukagzac,823801101
UMLCloneNode,StoreServer,StoreServer_ljjjdicdra,,480280078
Move_Operation_New_Component_New_Node,createReport,New-Component_znnwtifhro,New-Node_ajkheqfzzb,716444116
UMLCloneNode,LightDisplay,LightDisplay_jqcogzikri,,509325269
Move_Operation_New_Component_New_Node,getTransaction,New-Component_cwteallxwh,New-Node_bxiukagzac,735827928
UMLCloneNode,StoreServer,StoreServer_irgiubdhys,,536825543
UMLCloneNode,EnterpriseClient,EnterpriseClient_rzbpvslhfi,,535265687
UMLCloneNode,LightDisplay,LightDisplay_jqcogzikri,,493243209
Move_Operation_New_Component_New_Node,getTransaction,New-Component_cwteallxwh,New-Node_bxiukagzac,700026267
UMLCloneNode,EnterpriseServer,EnterpriseServer_ixalexqyru,,583323975
Move_Operation_New_Component_New_Node,getTransactionContext,New-Component_uljoztollg,New-Node_aknqckkfxt,731810394
UMLCloneNode,BarCodeScanner,BarCodeScanner_swtmiahwtg,,459853190
Move_Operation_New_Component_New_Node,getTransaction,New-Component_cwteallxwh,New-Node_bxiukagzac,653173350
Move_Operation_New_Component_New_Node,getTransaction,New-Component_hcgjyvdale,New-Node_xiqixdoapv,712065545
UMLCloneNode,EnterpriseClient,EnterpriseClient_rzbpvslhfi,,542926574
UMLCloneNode,LightDisplay,LightDisplay_jqcogzikri,,545948141
Move_Operation_New_Component_New_Node,getTransaction,New-Component_cwteallxwh,New-Node_bxiukagzac,769734286
UMLCloneNode,CashBox,CashBox_gomhowhdli,,573247117
Move_Operation_New_Component_New_Node,getTransactionContext,New-Component_uljoztollg,New-Node_aknqckkfxt,731814512
UMLCloneNode,LightDisplay,LightDisplay_jqcogzikri,,582983497
Move_Operation_New_Component_New_Node,getTransaction,New-Component_cwteallxwh,New-Node_bxiukagzac,752528528
Move_Operation_Component,getMeanTimeToDelivery,AppStore,,289854688
Move_Operation_New_Component_New_Node,getTransactionContext,New-Component_uljoztollg,New-Node_aknqckkfxt,592862724
Move_Operation_New_Component_New_Node,printRunningTotal,New-Component_dzrdtlciyl,New-Node_zxnxsrivxc,817832639
Move_Operation_New_Component_New_Node,getTransaction,New-Component_cwteallxwh,New-Node_bxiukagzac,838146955
UMLCloneNode,StoreServer,StoreServer_irgiubdhys,,518483485
Move_Operation_Component,getMeanTimeToDelivery,AppStore,,274614126
UMLCloneNode,LightDisplay,LightDisplay_jqcogzikri,,489076545
Move_Operation_New_Component_New_Node,getTransaction,New-Component_cwteallxwh,New-Node_bxiukagzac,679671464
Move_Operation_Component,getMeanTimeToDelivery,AppStore,,385048493
Move_Operation_New_Component_New_Node,getTransactionContext,New-Component_uljoztollg,New-Node_aknqckkfxt,694475587
Move_Operation_New_Component_New_Node,printRunningTotal,New-Component_dzrdtlciyl,New-Node_zxnxsrivxc,667717655
Move_Operation_New_Component_New_Node,getTransaction,New-Component_cwteallxwh,New-Node_bxiukagzac,661233606
Move_Component_New_Node,GUIStore,New-Node_ppluqoxeng,,477600503
Move_Operation_New_Component_New_Node,getTransactionContext,New-Component_uljoztollg,New-Node_aknqckkfxt,546541624
Move_Operation_New_Component_New_Node,printRunningTotal,New-Component_dzrdtlciyl,New-Node_zxnxsrivxc,578400422
Move_Operation_New_Component_New_Node,getTransaction,New-Component_cwteallxwh,New-Node_bxiukagzac,664358015
UMLCloneNode,EnterpriseServer,EnterpriseServer_ixalexqyru,,513623651
Move_Operation_New_Component_New_Node,getTransactionContext,New-Component_uljoztollg,New-Node_aknqckkfxt,657955247
UMLCloneNode,LightDisplay,LightDisplay_jqcogzikri,,395521884
Move_Operation_New_Component_New_Node,getTransaction,New-Component_cwteallxwh,New-Node_bxiukagzac,625495032
UMLCloneNode,StoreServer,StoreServer_irgiubdhys,,496178424
UMLCloneNode,EnterpriseClient,EnterpriseClient_rzbpvslhfi,,455638506
UMLCloneNode,LightDisplay,LightDisplay_jqcogzikri,,455223417
Move_Operation_New_Component_New_Node,getTransaction,New-Component_cwteallxwh,New-Node_bxiukagzac,705136900
UMLCloneNode,StoreServer,StoreServer_ljjjdicdra,,505996066
Move_Operation_New_Component_New_Node,createReport,New-Component_znnwtifhro,New-Node_ajkheqfzzb,652091460
UMLCloneNode,LightDisplay,LightDisplay_jqcogzikri,,474320262
Move_Operation_New_Component_New_Node,getTransaction,New-Component_cwteallxwh,New-Node_bxiukagzac,661432939
Move_Operation_New_Component_New_Node,scanProduct,New-Component_ggcfkttkhb,New-Node_jjbvxtgrtw,715737772
Move_Operation_New_Component_New_Node,getTransactionContext,New-Component_uljoztollg,New-Node_aknqckkfxt,655635056
UMLCloneNode,LightDisplay,LightDisplay_jqcogzikri,,459884018
Move_Operation_New_Component_New_Node,getTransaction,New-Component_cwteallxwh,New-Node_bxiukagzac,639270056
UMLCloneNode,EnterpriseServer,EnterpriseServer_ixalexqyru,,540379698
Move_Operation_New_Component_New_Node,getTransactionContext,New-Component_uljoztollg,New-Node_aknqckkfxt,661362117
UMLCloneNode,LightDisplay,LightDisplay_jqcogzikri,,494981640
Move_Operation_New_Component_New_Node,getTransaction,New-Component_cwteallxwh,New-Node_bxiukagzac,773769464
UMLCloneNode,StoreServer,StoreServer_ljjjdicdra,,382320617
Move_Operation_New_Component_New_Node,getTransactionContext,New-Component_uljoztollg,New-Node_aknqckkfxt,1056249902
UMLCloneNode,LightDisplay,LightDisplay_jqcogzikri,,469609677
Move_Operation_Component,startSale,GUIReporting,,299473847
Move_Operation_New_Component_New_Node,getTransaction,New-Component_hcgjyvdale,New-Node_xiqixdoapv,711347197
UMLCloneNode,EnterpriseClient,EnterpriseClient_rzbpvslhfi,,542207796
UMLCloneNode,LightDisplay,LightDisplay_jqcogzikri,,549028197
Move_Operation_New_Component_New_Node,getTransaction,New-Component_cwteallxwh,New-Node_bxiukagzac,740738096
Move_Operation_New_Component_New_Node,scanProduct,New-Component_ggcfkttkhb,New-Node_jjbvxtgrtw,698806078
Move_Operation_New_Component_New_Node,getTransactionContext,New-Component_uljoztollg,New-Node_aknqckkfxt,645968268
UMLCloneNode,LightDisplay,LightDisplay_jqcogzikri,,392934091
Move_Operation_New_Component_New_Node,getTransaction,New-Component_cwteallxwh,New-Node_bxiukagzac,555310148
Move_Operation_Component,getMeanTimeToDelivery,AppStore,,334914402
Move_Operation_New_Component_New_Node,getTransactionContext,New-Component_uljoztollg,New-Node_aknqckkfxt,756596738
Move_Operation_New_Component_New_Node,printRunningTotal,New-Component_dzrdtlciyl,New-Node_zxnxsrivxc,759721818
Move_Operation_New_Component_New_Node,getTransaction,New-Component_cwteallxwh,New-Node_bxiukagzac,942617848
UMLCloneNode,StoreServer,StoreServer_irgiubdhys,,405174507
Move_Operation_Component,getMeanTimeToDelivery,AppStore,,280562532
UMLCloneNode,LightDisplay,LightDisplay_jqcogzikri,,417368896
Move_Operation_New_Component_New_Node,getTransaction,New-Component_cwteallxwh,New-Node_bxiukagzac,635137856
Move_Component_New_Node,ScannerController,New-Node_fkobsswmiu,,532460697
UMLCloneNode,EnterpriseClient,EnterpriseClient_rzbpvslhfi,,466809666
UMLCloneNode,LightDisplay,LightDisplay_jqcogzikri,,465401576
Move_Operation_New_Component_New_Node,getTransaction,New-Component_cwteallxwh,New-Node_bxiukagzac,710155061
Move_Component_New_Node,ScannerController,New-Node_fkobsswmiu,,556057570
Move_Operation_New_Component_New_Node,getTransactionContext,New-Component_uljoztollg,New-Node_aknqckkfxt,647516180
UMLCloneNode,LightDisplay,LightDisplay_jqcogzikri,,460763938
Move_Operation_New_Component_New_Node,getTransaction,New-Component_cwteallxwh,New-Node_bxiukagzac,701331925
UMLCloneNode,StoreServer,StoreServer_irgiubdhys,,500395503
Move_Operation_Component,getMeanTimeToDelivery,AppStore,,269633927
UMLCloneNode,LightDisplay,LightDisplay_jqcogzikri,,439510950
Move_Operation_New_Component_New_Node,getTransaction,New-Component_cwteallxwh,New-Node_bxiukagzac,682068649
UMLCloneNode,CashBox,CashBox_gomhowhdli,,386845272
Move_Operation_New_Component_New_Node,getTransactionContext,New-Component_uljoztollg,New-Node_aknqckkfxt,561233307
UMLCloneNode,LightDisplay,LightDisplay_jqcogzikri,,396493386
Move_Operation_New_Component_New_Node,getTransaction,New-Component_cwteallxwh,New-Node_bxiukagzac,564070267
Move_Operation_New_Component_New_Node,scanProduct,New-Component_ggcfkttkhb,New-Node_jjbvxtgrtw,639317494
Move_Operation_New_Component_New_Node,getTransactionContext,New-Component_uljoztollg,New-Node_aknqckkfxt,650579785
UMLCloneNode,LightDisplay,LightDisplay_jqcogzikri,,458590722
Move_Operation_New_Component_New_Node,getTransaction,New-Component_cwteallxwh,New-Node_bxiukagzac,648209230
Move_Component_New_Node,ScannerController,New-Node_fkobsswmiu,,681604007
Move_Operation_New_Component_New_Node,getTransactionContext,New-Component_uljoztollg,New-Node_aknqckkfxt,704234218
UMLCloneNode,LightDisplay,LightDisplay_jqcogzikri,,471516102
Move_Operation_New_Component_New_Node,getTransaction,New-Component_cwteallxwh,New-Node_bxiukagzac,686888658
UMLCloneNode,CashBox,CashBox_gomhowhdli,,521131861
Move_Operation_New_Component_New_Node,getTransactionContext,New-Component_uljoztollg,New-Node_aknqckkfxt,658341061
UMLCloneNode,LightDisplay,LightDisplay_jqcogzikri,,513246002
Move_Operation_New_Component_New_Node,getTransaction,New-Component_cwteallxwh,New-Node_bxiukagzac,667044042
Move_Operation_New_Component_New_Node,getTransaction,New-Component_hcgjyvdale,New-Node_xiqixdoapv,701824078
UMLCloneNode,EnterpriseClient,EnterpriseClient_rzbpvslhfi,,460300920
UMLCloneNode,LightDisplay,LightDisplay_jqcogzikri,,473326257
Move_Operation_New_Component_New_Node,getTransaction,New-Component_cwteallxwh,New-Node_bxiukagzac,720188739
UMLCloneNode,StoreServer,StoreServer_irgiubdhys,,416800110
Move_Operation_Component,getMeanTimeToDelivery,AppStore,,262133620
UMLCloneNode,LightDisplay,LightDisplay_jqcogzikri,,401892622
Move_Operation_New_Component_New_Node,getTransaction,New-Component_cwteallxwh,New-Node_bxiukagzac,619538972
Move_Operation_New_Component_New_Node,getTransaction,New-Component_hcgjyvdale,New-Node_xiqixdoapv,695189165
UMLCloneNode,EnterpriseClient,EnterpriseClient_rzbpvslhfi,,470689262
UMLCloneNode,LightDisplay,LightDisplay_jqcogzikri,,470257032
Move_Operation_New_Component_New_Node,getTransaction,New-Component_cwteallxwh,New-Node_bxiukagzac,639252472
Move_Component_New_Node,GUIStore,New-Node_ppluqoxeng,,573929106
Move_Operation_New_Component_New_Node,getTransactionContext,New-Component_uljoztollg,New-Node_aknqckkfxt,670097399
Move_Operation_New_Component_New_Node,getMeanTimeToDeliveryReport,New-Component_pbniiyhyco,New-Node_xzzmhydjpq,651836162
Move_Operation_New_Component_New_Node,getTransaction,New-Component_cwteallxwh,New-Node_bxiukagzac,658066126
Move_Operation_New_Component_New_Node,scanProduct,New-Component_ggcfkttkhb,New-Node_jjbvxtgrtw,701042221
Move_Operation_New_Component_New_Node,getTransactionContext,New-Component_uljoztollg,New-Node_aknqckkfxt,694015995
UMLCloneNode,LightDisplay,LightDisplay_jqcogzikri,,503882973
Move_Operation_New_Component_New_Node,getTransaction,New-Component_cwteallxwh,New-Node_bxiukagzac,912571680
Move_Component_New_Node,CashBoxController,New-Node_idjgtugwwo,,531301323
UMLCloneNode,EnterpriseClient,EnterpriseClient_rzbpvslhfi,,581357728
UMLCloneNode,LightDisplay,LightDisplay_jqcogzikri,,553813432
Move_Operation_New_Component_New_Node,getTransaction,New-Component_cwteallxwh,New-Node_bxiukagzac,750286243
Move_Operation_Component,getMeanTimeToDelivery,AppStore,,310937907
Move_Operation_New_Component_New_Node,getTransactionContext,New-Component_uljoztollg,New-Node_aknqckkfxt,676560239
Move_Operation_New_Component_New_Node,printRunningTotal,New-Component_dzrdtlciyl,New-Node_zxnxsrivxc,683965947
Move_Operation_New_Component_New_Node,getTransaction,New-Component_cwteallxwh,New-Node_bxiukagzac,831373623
UMLCloneNode,StoreServer,StoreServer_ljjjdicdra,,436845612
Move_Operation_New_Component_New_Node,getTransactionContext,New-Component_uljoztollg,New-Node_aknqckkfxt,707516644
UMLCloneNode,LightDisplay,LightDisplay_jqcogzikri,,457642805
Move_Operation_Component,startSale,GUIReporting,,322877348
Move_Component_New_Node,ScannerController,New-Node_fkobsswmiu,,587959689
Move_Operation_New_Component_New_Node,getTransactionContext,New-Component_uljoztollg,New-Node_aknqckkfxt,689971500
UMLCloneNode,LightDisplay,LightDisplay_jqcogzikri,,479690122
UMLCloneNode,LightDisplay,LightDisplay_bzhlwrqvyf,,461416853
UMLCloneNode,StoreServer,StoreServer_ljjjdicdra,,490245838
Move_Operation_New_Component_New_Node,getTransactionContext,New-Component_uljoztollg,New-Node_aknqckkfxt,658301587
UMLCloneNode,LightDisplay,LightDisplay_jqcogzikri,,379828984
Move_Operation_Component,startSale,GUIReporting,,251823886
Move_Operation_New_Component_New_Node,printRunningTotal,New-Component_tzeoatnpiw,New-Node_jxspadohcr,622236291
Move_Operation_New_Component_New_Node,getTransactionContext,New-Component_uljoztollg,New-Node_aknqckkfxt,602937037
UMLCloneNode,LightDisplay,LightDisplay_jqcogzikri,,396934914
Move_Operation_New_Component_New_Node,getTransaction,New-Component_cwteallxwh,New-Node_bxiukagzac,575693825
Move_Operation_Component,saleStartedEvent,Persistence,,309032343
Move_Operation_New_Component_New_Node,getTransactionContext,New-Component_uljoztollg,New-Node_aknqckkfxt,655487720
Move_Operation_New_Component_New_Node,printRunningTotal,New-Component_dzrdtlciyl,New-Node_zxnxsrivxc,674770833
Move_Operation_New_Component_New_Node,getTransaction,New-Component_cwteallxwh,New-Node_bxiukagzac,678369702
Move_Component_New_Node,ScannerController,New-Node_fkobsswmiu,,677546148
UMLCloneNode,EnterpriseClient,EnterpriseClient_rzbpvslhfi,,496630973
UMLCloneNode,LightDisplay,LightDisplay_jqcogzikri,,467823437
Move_Operation_New_Component_New_Node,getTransaction,New-Component_cwteallxwh,New-Node_bxiukagzac,677348818
Move_Component_New_Node,ScannerController,New-Node_fkobsswmiu,,595552518
UMLCloneNode,EnterpriseClient,EnterpriseClient_rzbpvslhfi,,493279808
UMLCloneNode,LightDisplay,LightDisplay_jqcogzikri,,515193084
Move_Operation_New_Component_New_Node,getTransaction,New-Component_cwteallxwh,New-Node_bxiukagzac,731321857
UMLCloneNode,StoreServer,StoreServer_ljjjdicdra,,384358228
Move_Operation_New_Component_New_Node,getTransactionContext,New-Component_uljoztollg,New-Node_aknqckkfxt,585049881
UMLCloneNode,LightDisplay,LightDisplay_jqcogzikri,,399420626
Move_Operation_Component,startSale,GUIReporting,,251086984
Move_Component_New_Node,GUIStore,New-Node_ppluqoxeng,,592790739
Move_Operation_New_Component_New_Node,getTransactionContext,New-Component_uljoztollg,New-Node_aknqckkfxt,693773490
Move_Operation_New_Component_New_Node,getMeanTimeToDeliveryReport,New-Component_pbniiyhyco,New-Node_xzzmhydjpq,683765431
Move_Operation_New_Component_New_Node,getTransaction,New-Component_cwteallxwh,New-Node_bxiukagzac,750351656
Move_Component_New_Node,Persistence,New-Node_clatxhkkpb,,564193007
Move_Operation_New_Component_New_Node,getTransactionContext,New-Component_uljoztollg,New-Node_aknqckkfxt,663227746
UMLCloneNode,LightDisplay,LightDisplay_jqcogzikri,,516671697
Move_Operation_New_Component_New_Node,getTransaction,New-Component_cwteallxwh,New-Node_bxiukagzac,668333530
Move_Operation_New_Component_New_Node,scanProduct,New-Component_ggcfkttkhb,New-Node_jjbvxtgrtw,703482919
Move_Operation_New_Component_New_Node,getTransactionContext,New-Component_uljoztollg,New-Node_aknqckkfxt,756570618
UMLCloneNode,LightDisplay,LightDisplay_jqcogzikri,,555765683
Move_Operation_New_Component_New_Node,getTransaction,New-Component_cwteallxwh,New-Node_bxiukagzac,745804097
Move_Operation_Component,getMeanTimeToDelivery,AppStore,,298190611
Move_Operation_New_Component_New_Node,getTransactionContext,New-Component_uljoztollg,New-Node_aknqckkfxt,798880877
Move_Operation_New_Component_New_Node,printRunningTotal,New-Component_dzrdtlciyl,New-Node_zxnxsrivxc,812663214
Move_Operation_New_Component_New_Node,getTransaction,New-Component_cwteallxwh,New-Node_bxiukagzac,706403156
UMLCloneNode,StoreServer,StoreServer_ljjjdicdra,,473241167
Move_Operation_New_Component_New_Node,getTransactionContext,New-Component_uljoztollg,New-Node_aknqckkfxt,650053108
UMLCloneNode,LightDisplay,LightDisplay_jqcogzikri,,456925299
Move_Operation_Component,startSale,GUIReporting,,270206821
Move_Operation_New_Component_New_Node,scanProduct,New-Component_ggcfkttkhb,New-Node_jjbvxtgrtw,608683934
Move_Operation_New_Component_New_Node,getTransactionContext,New-Component_uljoztollg,New-Node_aknqckkfxt,977575908
UMLCloneNode,LightDisplay,LightDisplay_jqcogzikri,,393177749
Move_Operation_New_Component_New_Node,getTransaction,New-Component_cwteallxwh,New-Node_bxiukagzac,586522193
Move_Operation_New_Component_New_Node,scanProduct,New-Component_ggcfkttkhb,New-Node_jjbvxtgrtw,705248220
Move_Operation_New_Component_New_Node,getTransactionContext,New-Component_uljoztollg,New-Node_aknqckkfxt,737968382
UMLCloneNode,LightDisplay,LightDisplay_jqcogzikri,,605185955
Move_Operation_New_Component_New_Node,getTransaction,New-Component_cwteallxwh,New-Node_bxiukagzac,686585600
Move_Operation_New_Component_New_Node,scanProduct,New-Component_ggcfkttkhb,New-Node_jjbvxtgrtw,734233588
Move_Operation_New_Component_New_Node,getTransactionContext,New-Component_uljoztollg,New-Node_aknqckkfxt,586724572
UMLCloneNode,LightDisplay,LightDisplay_jqcogzikri,,367580003
Move_Operation_New_Component_New_Node,getTransaction,New-Component_cwteallxwh,New-Node_bxiukagzac,567025710
Move_Component_New_Node,ScannerController,New-Node_fkobsswmiu,,490883063
Move_Operation_New_Component_New_Node,getTransactionContext,New-Component_uljoztollg,New-Node_aknqckkfxt,646426697
UMLCloneNode,LightDisplay,LightDisplay_jqcogzikri,,449484285
Move_Operation_New_Component_New_Node,getTransaction,New-Component_cwteallxwh,New-Node_bxiukagzac,639314269
Move_Operation_New_Component_New_Node,scanProduct,New-Component_ggcfkttkhb,New-Node_jjbvxtgrtw,801509065
Move_Operation_New_Component_New_Node,getTransactionContext,New-Component_uljoztollg,New-Node_aknqckkfxt,688265240
UMLCloneNode,LightDisplay,LightDisplay_jqcogzikri,,467205429
Move_Operation_New_Component_New_Node,getTransaction,New-Component_cwteallxwh,New-Node_bxiukagzac,673419679
UMLCloneNode,StoreServer,StoreServer_ljjjdicdra,,523327188
Move_Operation_New_Component_New_Node,getTransactionContext,New-Component_uljoztollg,New-Node_aknqckkfxt,667037981
UMLCloneNode,LightDisplay,LightDisplay_jqcogzikri,,469765911
Move_Operation_Component,startSale,GUIReporting,,308047025
UMLCloneNode,StoreServer,StoreServer_ljjjdicdra,,568638164
Move_Operation_New_Component_New_Node,getTransactionContext,New-Component_uljoztollg,New-Node_aknqckkfxt,674512138
UMLCloneNode,LightDisplay,LightDisplay_jqcogzikri,,471919439
Move_Operation_Component,startSale,GUIReporting,,279030950
Move_Component_New_Node,Reporting,New-Node_yosirtqwwc,,534008760
Move_Operation_New_Component_New_Node,getTransactionContext,New-Component_uljoztollg,New-Node_aknqckkfxt,672127155
UMLCloneNode,LightDisplay,LightDisplay_jqcogzikri,,482554744
Move_Operation_Component,startSale,GUIReporting,,292435107
Move_Operation_New_Component_New_Node,getEnterpriseByID,New-Component_xftqudpccy,New-Node_vunckgzxxp,775303710
Move_Operation_New_Component_New_Node,getTransactionContext,New-Component_uljoztollg,New-Node_aknqckkfxt,780280274
UMLCloneNode,LightDisplay,LightDisplay_jqcogzikri,,502740180
Move_Operation_New_Component_New_Node,getTransaction,New-Component_cwteallxwh,New-Node_bxiukagzac,705233001
Move_Operation_New_Component_New_Node,scanProduct,New-Component_ggcfkttkhb,New-Node_jjbvxtgrtw,612816846
Move_Operation_New_Component_New_Node,getTransactionContext,New-Component_uljoztollg,New-Node_aknqckkfxt,635988270
UMLCloneNode,LightDisplay,LightDisplay_jqcogzikri,,380130410
Move_Operation_New_Component_New_Node,getTransaction,New-Component_cwteallxwh,New-Node_bxiukagzac,561216926
Move_Operation_New_Component_New_Node,rollInReceivedOrder,New-Component_qsvddzcysc,New-Node_tybdnlwvio,663086400
Move_Operation_New_Component_New_Node,getTransactionContext,New-Component_uljoztollg,New-Node_aknqckkfxt,742270240
UMLCloneNode,LightDisplay,LightDisplay_jqcogzikri,,553557632
Move_Operation_New_Component_New_Node,getTransaction,New-Component_cwteallxwh,New-Node_bxiukagzac,747648696
UMLCloneNode,StoreServer,StoreServer_ljjjdicdra,,428345502
Move_Operation_New_Component_New_Node,getTransactionContext,New-Component_uljoztollg,New-Node_aknqckkfxt,639597720
UMLCloneNode,LightDisplay,LightDisplay_jqcogzikri,,479679061
Move_Operation_Component,startSale,GUIReporting,,298959533
Move_Component_New_Node,ScannerController,New-Node_fkobsswmiu,,566320156
Move_Operation_New_Component_New_Node,getTransactionContext,New-Component_uljoztollg,New-Node_aknqckkfxt,663898944
UMLCloneNode,LightDisplay,LightDisplay_jqcogzikri,,470795230
Move_Operation_New_Component_New_Node,getTransaction,New-Component_cwteallxwh,New-Node_bxiukagzac,665610384
UMLCloneNode,StoreServer,StoreServer_ljjjdicdra,,480207393
Move_Operation_New_Component_New_Node,getTransactionContext,New-Component_uljoztollg,New-Node_aknqckkfxt,768379504
UMLCloneNode,LightDisplay,LightDisplay_jqcogzikri,,546852026
Move_Operation_Component,startSale,GUIReporting,,313642199
Move_Operation_New_Component_New_Node,queryOrderById,New-Component_zyjmpqyhqc,New-Node_umatohgccb,699699534
Move_Operation_New_Component_New_Node,getTransactionContext,New-Component_uljoztollg,New-Node_aknqckkfxt,654847248
UMLCloneNode,LightDisplay,LightDisplay_jqcogzikri,,582945175
Move_Operation_Component,startSale,GUIReporting,,344462990
Move_Component_New_Node,GUIStore,New-Node_qnpbfxflzj,,591091772
Move_Operation_New_Component_New_Node,getTransactionContext,New-Component_uljoztollg,New-Node_aknqckkfxt,719059912
UMLCloneNode,LightDisplay,LightDisplay_jqcogzikri,,495808300
Move_Operation_Component,startSale,GUIReporting,,274038257
Move_Operation_New_Component_New_Node,getEnterpriseByID,New-Component_xftqudpccy,New-Node_vunckgzxxp,685378947
Move_Operation_New_Component_New_Node,getTransactionContext,New-Component_uljoztollg,New-Node_aknqckkfxt,1082955074
UMLCloneNode,LightDisplay,LightDisplay_jqcogzikri,,503313895
Move_Operation_New_Component_New_Node,getTransaction,New-Component_cwteallxwh,New-Node_bxiukagzac,671567205
UMLCloneNode,StoreServer,StoreServer_ljjjdicdra,,525026736
Move_Operation_New_Component_New_Node,getTransactionContext,New-Component_uljoztollg,New-Node_aknqckkfxt,659226171
UMLCloneNode,LightDisplay,LightDisplay_jqcogzikri,,499271585
Move_Operation_Component,startSale,GUIReporting,,314394109
Move_Component_New_Node,Reporting,New-Node_yosirtqwwc,,596646280
Move_Operation_New_Component_New_Node,getTransactionContext,New-Component_uljoztollg,New-Node_aknqckkfxt,710463400
UMLCloneNode,LightDisplay,LightDisplay_jqcogzikri,,472955883
Move_Operation_New_Component_New_Node,getTransaction,New-Component_cwteallxwh,New-Node_bxiukagzac,679440360
Move_Component_New_Node,ScannerController,New-Node_fkobsswmiu,,604725381
Move_Operation_New_Component_New_Node,getTransactionContext,New-Component_uljoztollg,New-Node_aknqckkfxt,701845157
UMLCloneNode,LightDisplay,LightDisplay_jqcogzikri,,531135382
Move_Operation_New_Component_New_Node,getTransaction,New-Component_cwteallxwh,New-Node_bxiukagzac,666449107
UMLCloneNode,StoreServer,StoreServer_ljjjdicdra,,521207493
Move_Operation_New_Component_New_Node,getTransactionContext,New-Component_uljoztollg,New-Node_aknqckkfxt,760548730
UMLCloneNode,LightDisplay,LightDisplay_jqcogzikri,,545390085
Move_Operation_Component,startSale,GUIReporting,,346773643
Move_Component_New_Node,ScannerController,New-Node_fkobsswmiu,,604856848
Move_Operation_New_Component_New_Node,getTransactionContext,New-Component_uljoztollg,New-Node_aknqckkfxt,703481837
UMLCloneNode,LightDisplay,LightDisplay_jqcogzikri,,470048901
Move_Operation_New_Component_New_Node,getTransaction,New-Component_cwteallxwh,New-Node_bxiukagzac,670285531
Move_Component_New_Node,ScannerController,New-Node_fkobsswmiu,,685750504
Move_Operation_New_Component_New_Node,getTransactionContext,New-Component_uljoztollg,New-Node_aknqckkfxt,686593003
UMLCloneNode,LightDisplay,LightDisplay_jqcogzikri,,507957354
Move_Operation_New_Component_New_Node,getTransaction,New-Component_cwteallxwh,New-Node_bxiukagzac,683892529
Move_Component_New_Node,ScannerController,New-Node_fkobsswmiu,,602055263
Move_Operation_New_Component_New_Node,getTransactionContext,New-Component_uljoztollg,New-Node_aknqckkfxt,772968491
UMLCloneNode,LightDisplay,LightDisplay_jqcogzikri,,397214810
Move_Operation_New_Component_New_Node,getTransaction,New-Component_cwteallxwh,New-Node_bxiukagzac,573836081
UMLCloneNode,StoreServer,StoreServer_ljjjdicdra,,574389760
Move_Operation_New_Component_New_Node,getTransactionContext,New-Component_uljoztollg,New-Node_aknqckkfxt,675981172
UMLCloneNode,LightDisplay,LightDisplay_jqcogzikri,,501626571
Move_Operation_Component,startSale,GUIReporting,,329517471
UMLCloneNode,StoreServer,StoreServer_ljjjdicdra,,470614121
Move_Operation_New_Component_New_Node,getTransactionContext,New-Component_uljoztollg,New-Node_aknqckkfxt,654039684
UMLCloneNode,LightDisplay,LightDisplay_jqcogzikri,,456217552
Move_Operation_Component,startSale,GUIReporting,,304880568
Move_Operation_New_Component_New_Node,getEnterpriseByID,New-Component_xftqudpccy,New-Node_vunckgzxxp,682304331
Move_Operation_New_Component_New_Node,getTransactionContext,New-Component_uljoztollg,New-Node_aknqckkfxt,650770813
UMLCloneNode,LightDisplay,LightDisplay_jqcogzikri,,470452868
Move_Operation_New_Component_New_Node,getTransaction,New-Component_cwteallxwh,New-Node_bxiukagzac,775496221
UMLCloneNode,StoreServer,StoreServer_ljjjdicdra,,533575328
Move_Operation_New_Component_New_Node,getTransactionContext,New-Component_uljoztollg,New-Node_aknqckkfxt,710720873
UMLCloneNode,LightDisplay,LightDisplay_jqcogzikri,,505808184
Move_Operation_Component,startSale,GUIReporting,,322404772
Move_Component_New_Node,ScannerController,New-Node_fkobsswmiu,,599199708
Move_Operation_New_Component_New_Node,getTransactionContext,New-Component_uljoztollg,New-Node_aknqckkfxt,926076336
UMLCloneNode,LightDisplay,LightDisplay_jqcogzikri,,503903101
Move_Operation_New_Component_New_Node,getTransaction,New-Component_cwteallxwh,New-Node_bxiukagzac,706552916
Move_Operation_New_Component_New_Node,queryOrderById,New-Component_joeiwmlbyv,New-Node_mutsefmdqy,707102297
Move_Operation_New_Component_New_Node,getTransactionContext,New-Component_uljoztollg,New-Node_aknqckkfxt,676786152
UMLCloneNode,LightDisplay,LightDisplay_jqcogzikri,,469754419
Move_Operation_New_Component_New_Node,getTransaction,New-Component_cwteallxwh,New-Node_bxiukagzac,694910553
Move_Component_New_Node,ScannerController,New-Node_fkobsswmiu,,542963153
Move_Operation_New_Component_New_Node,getTransactionContext,New-Component_uljoztollg,New-Node_aknqckkfxt,655154064
UMLCloneNode,LightDisplay,LightDisplay_jqcogzikri,,460951360
Move_Operation_New_Component_New_Node,getTransaction,New-Component_cwteallxwh,New-Node_bxiukagzac,657257098
Move_Component_New_Node,ScannerController,New-Node_fkobsswmiu,,544708636
Move_Operation_New_Component_New_Node,getTransactionContext,New-Component_uljoztollg,New-Node_aknqckkfxt,766760658
UMLCloneNode,LightDisplay,LightDisplay_jqcogzikri,,487829426
Move_Operation_New_Component_New_Node,getTransaction,New-Component_cwteallxwh,New-Node_bxiukagzac,736817123
Move_Component_New_Node,Persistence,New-Node_clatxhkkpb,,563009468
Move_Operation_New_Component_New_Node,getTransactionContext,New-Component_uljoztollg,New-Node_aknqckkfxt,689386954
UMLCloneNode,LightDisplay,LightDisplay_jqcogzikri,,491351752
Move_Operation_New_Component_New_Node,getTransaction,New-Component_cwteallxwh,New-Node_bxiukagzac,684082756
Move_Operation_New_Component_New_Node,getEnterpriseByID,New-Component_wjjpcsjqcq,New-Node_rzlkrwzele,786995226
Move_Operation_New_Component_New_Node,getTransactionContext,New-Component_uljoztollg,New-Node_aknqckkfxt,700445001
UMLCloneNode,LightDisplay,LightDisplay_jqcogzikri,,489707919
Move_Operation_Component,startSale,GUIReporting,,305491934
Move_Component_New_Node,Persistence,New-Node_clatxhkkpb,,558451800
Move_Operation_New_Component_New_Node,getTransactionContext,New-Component_uljoztollg,New-Node_aknqckkfxt,739807341
UMLCloneNode,LightDisplay,LightDisplay_jqcogzikri,,574736961
Move_Operation_New_Component_New_Node,getTransaction,New-Component_cwteallxwh,New-Node_bxiukagzac,730374130
UMLCloneNode,StoreServer,StoreServer_ljjjdicdra,,484594930
Move_Operation_New_Component_New_Node,getTransactionContext,New-Component_uljoztollg,New-Node_aknqckkfxt,758122990
UMLCloneNode,LightDisplay,LightDisplay_jqcogzikri,,494863257
Move_Operation_Component,startSale,GUIReporting,,307029788
Move_Component_New_Node,Reporting,New-Node_yosirtqwwc,,611204923
Move_Operation_New_Component_New_Node,getTransactionContext,New-Component_uljoztollg,New-Node_aknqckkfxt,813449779
UMLCloneNode,LightDisplay,LightDisplay_jqcogzikri,,554461267
Move_Operation_Component,startSale,GUIReporting,,333424448
Move_Operation_New_Component_New_Node,getEnterpriseByID,New-Component_xftqudpccy,New-Node_vunckgzxxp,748277796
Move_Operation_New_Component_New_Node,getTransactionContext,New-Component_uljoztollg,New-Node_aknqckkfxt,711815195
UMLCloneNode,LightDisplay,LightDisplay_jqcogzikri,,526337523
Move_Operation_New_Component_New_Node,getTransaction,New-Component_cwteallxwh,New-Node_bxiukagzac,736478017
UMLCloneNode,StoreServer,StoreServer_ljjjdicdra,,482018018
Move_Operation_New_Component_New_Node,getTransactionContext,New-Component_uljoztollg,New-Node_aknqckkfxt,777025278
UMLCloneNode,LightDisplay,LightDisplay_jqcogzikri,,489545605
Move_Operation_Component,startSale,GUIReporting,,304419934
Move_Operation_New_Component_New_Node,rollInReceivedOrder,New-Component_qsvddzcysc,New-Node_tybdnlwvio,687700972
Move_Operation_New_Component_New_Node,getTransactionContext,New-Component_uljoztollg,New-Node_aknqckkfxt,653664260
UMLCloneNode,LightDisplay,LightDisplay_jqcogzikri,,490161199
Move_Operation_New_Component_New_Node,getTransaction,New-Component_cwteallxwh,New-Node_bxiukagzac,680164488
Move_Operation_New_Component_New_Node,getEnterpriseByID,New-Component_xftqudpccy,New-Node_vunckgzxxp,817841125
Move_Operation_New_Component_New_Node,getTransactionContext,New-Component_uljoztollg,New-Node_aknqckkfxt,768929436
UMLCloneNode,LightDisplay,LightDisplay_jqcogzikri,,538100063
Move_Operation_New_Component_New_Node,getTransaction,New-Component_cwteallxwh,New-Node_bxiukagzac,700395178
Move_Operation_Component,enterOrderID,PrinterController,,309330212
Move_Operation_New_Component_New_Node,getTransactionContext,New-Component_uljoztollg,New-Node_aknqckkfxt,749977394
UMLCloneNode,LightDisplay,LightDisplay_jqcogzikri,,677581073
Move_Operation_New_Component_New_Node,getTransaction,New-Component_cwteallxwh,New-Node_bxiukagzac,661906347
UMLCloneNode,StoreServer,StoreServer_ljjjdicdra,,428965534
Move_Operation_New_Component_New_Node,getTransactionContext,New-Component_uljoztollg,New-Node_aknqckkfxt,617427051
UMLCloneNode,LightDisplay,LightDisplay_jqcogzikri,,386254936
Move_Operation_Component,startSale,GUIReporting,,274039178
Move_Component_New_Node,GUIStore,New-Node_qnpbfxflzj,,546071833
Move_Operation_New_Component_New_Node,getTransactionContext,New-Component_uljoztollg,New-Node_aknqckkfxt,663760504
UMLCloneNode,LightDisplay,LightDisplay_jqcogzikri,,479673841
Move_Operation_Component,startSale,GUIReporting,,300124307
Move_Component_New_Node,Reporting,New-Node_yosirtqwwc,,651593517
Move_Operation_New_Component_New_Node,getTransactionContext,New-Component_uljoztollg,New-Node_aknqckkfxt,825934182
UMLCloneNode,LightDisplay,LightDisplay_jqcogzikri,,502897495
Move_Operation_Component,startSale,GUIReporting,,258191608
Move_Operation_New_Component_New_Node,queryOrderById,New-Component_zoikgzhaex,New-Node_vlmeufclou,755137691
Move_Operation_New_Component_New_Node,getTransactionContext,New-Component_uljoztollg,New-Node_aknqckkfxt,764947318
UMLCloneNode,LightDisplay,LightDisplay_jqcogzikri,,552064191
Move_Operation_New_Component_New_Node,getTransaction,New-Component_cwteallxwh,New-Node_bxiukagzac,686541817
Move_Component_New_Node,Persistence,New-Node_clatxhkkpb,,653448455
Move_Operation_New_Component_New_Node,getTransactionContext,New-Component_uljoztollg,New-Node_aknqckkfxt,682553729
UMLCloneNode,LightDisplay,LightDisplay_jqcogzikri,,481618218
Move_Operation_New_Component_New_Node,getTransaction,New-Component_cwteallxwh,New-Node_bxiukagzac,715747389
Move_Operation_New_Component_New_Node,rollInReceivedOrder,New-Component_qsvddzcysc,New-Node_tybdnlwvio,751962547
Move_Operation_New_Component_New_Node,getTransactionContext,New-Component_uljoztollg,New-Node_aknqckkfxt,673492515
UMLCloneNode,LightDisplay,LightDisplay_jqcogzikri,,519588838
Move_Operation_New_Component_New_Node,getTransaction,New-Component_cwteallxwh,New-Node_bxiukagzac,724475428
Move_Operation_New_Component_New_Node,queryOrderById,New-Component_zyjmpqyhqc,New-Node_umatohgccb,767243785
Move_Operation_New_Component_New_Node,getTransactionContext,New-Component_uljoztollg,New-Node_aknqckkfxt,708915106
UMLCloneNode,LightDisplay,LightDisplay_jqcogzikri,,481033171
Move_Operation_Component,startSale,GUIReporting,,293129460
Move_Operation_New_Component_New_Node,rollInReceivedOrder,New-Component_qsvddzcysc,New-Node_tybdnlwvio,696458475
Move_Operation_New_Component_New_Node,getTransactionContext,New-Component_uljoztollg,New-Node_aknqckkfxt,711925452
UMLCloneNode,LightDisplay,LightDisplay_jqcogzikri,,439794823
Move_Operation_New_Component_New_Node,getTransaction,New-Component_cwteallxwh,New-Node_bxiukagzac,893804224
Move_Operation_New_Component_New_Node,rollInReceivedOrder,New-Component_qsvddzcysc,New-Node_tybdnlwvio,668642079
Move_Operation_New_Component_New_Node,getTransactionContext,New-Component_uljoztollg,New-Node_aknqckkfxt,575186023
UMLCloneNode,LightDisplay,LightDisplay_jqcogzikri,,370144923
Move_Operation_New_Component_New_Node,getTransaction,New-Component_cwteallxwh,New-Node_bxiukagzac,650126034
Move_Component_New_Node,Persistence,New-Node_clatxhkkpb,,601609587
Move_Operation_New_Component_New_Node,getTransactionContext,New-Component_uljoztollg,New-Node_aknqckkfxt,703050959
UMLCloneNode,LightDisplay,LightDisplay_jqcogzikri,,507587831
Move_Operation_Component,startSale,GUIReporting,,321569335
Move_Operation_New_Component_New_Node,rollInReceivedOrder,New-Component_qsvddzcysc,New-Node_tybdnlwvio,691092953
Move_Operation_New_Component_New_Node,getTransactionContext,New-Component_uljoztollg,New-Node_aknqckkfxt,666767453
UMLCloneNode,LightDisplay,LightDisplay_jqcogzikri,,523004723
Move_Operation_New_Component_New_Node,getTransaction,New-Component_cwteallxwh,New-Node_bxiukagzac,752355824
Move_Operation_New_Component_New_Node,printRunningTotal,New-Component_tzeoatnpiw,New-Node_jxspadohcr,814892304
Move_Operation_New_Component_New_Node,getTransactionContext,New-Component_uljoztollg,New-Node_aknqckkfxt,747681989
UMLCloneNode,LightDisplay,LightDisplay_jqcogzikri,,477583361
Move_Operation_New_Component_New_Node,getTransaction,New-Component_cwteallxwh,New-Node_bxiukagzac,663715079
Move_Component_New_Node,Reporting,New-Node_yosirtqwwc,,597953461
Move_Operation_New_Component_New_Node,getTransactionContext,New-Component_uljoztollg,New-Node_aknqckkfxt,676879097
UMLCloneNode,LightDisplay,LightDisplay_jqcogzikri,,478659219
Move_Operation_Component,startSale,GUIReporting,,299507711
Move_Component_New_Node,Reporting,New-Node_yosirtqwwc,,596927126
Move_Operation_New_Component_New_Node,getTransactionContext,New-Component_uljoztollg,New-Node_aknqckkfxt,756260617
UMLCloneNode,LightDisplay,LightDisplay_jqcogzikri,,555731249
Move_Operation_Component,startSale,GUIReporting,,352933155
Move_Component_New_Node,GUIStore,New-Node_qnpbfxflzj,,563598933
Move_Operation_New_Component_New_Node,getTransactionContext,New-Component_uljoztollg,New-Node_aknqckkfxt,718974652
UMLCloneNode,LightDisplay,LightDisplay_jqcogzikri,,483892664
Move_Operation_Component,startSale,GUIReporting,,327581590
Move_Component_New_Node,Persistence,New-Node_clatxhkkpb,,601203346
Move_Operation_New_Component_New_Node,getTransactionContext,New-Component_uljoztollg,New-Node_aknqckkfxt,694073773
UMLCloneNode,LightDisplay,LightDisplay_jqcogzikri,,537532338
Move_Operation_Component,startSale,GUIReporting,,315922435
Move_Operation_New_Component_New_Node,queryOrderById,New-Component_joeiwmlbyv,New-Node_mutsefmdqy,679269880
Move_Operation_New_Component_New_Node,getTransactionContext,New-Component_uljoztollg,New-Node_aknqckkfxt,693322203
UMLCloneNode,LightDisplay,LightDisplay_jqcogzikri,,476373782
Move_Operation_New_Component_New_Node,getTransaction,New-Component_cwteallxwh,New-Node_bxiukagzac,704945502
Move_Operation_New_Component_New_Node,queryOrderById,New-Component_zyjmpqyhqc,New-Node_umatohgccb,742617622
Move_Operation_New_Component_New_Node,getTransactionContext,New-Component_uljoztollg,New-Node_aknqckkfxt,596704810
UMLCloneNode,LightDisplay,LightDisplay_jqcogzikri,,388363590
Move_Operation_Component,startSale,GUIReporting,,256963615
Move_Component_New_Node,Reporting,New-Node_yosirtqwwc,,536791879
Move_Operation_New_Component_New_Node,getTransactionContext,New-Component_uljoztollg,New-Node_aknqckkfxt,575382061
UMLCloneNode,LightDisplay,LightDisplay_jqcogzikri,,381405340
Move_Operation_Component,startSale,GUIReporting,,276558262
Move_Operation_New_Component_New_Node,rollInReceivedOrder,New-Component_qsvddzcysc,New-Node_tybdnlwvio,716250723
Move_Operation_New_Component_New_Node,getTransactionContext,New-Component_uljoztollg,New-Node_aknqckkfxt,684530396
UMLCloneNode,LightDisplay,LightDisplay_jqcogzikri,,485997661
Move_Operation_New_Component_New_Node,getTransaction,New-Component_cwteallxwh,New-Node_bxiukagzac,690265771
Move_Component_New_Node,Persistence,New-Node_clatxhkkpb,,622600564
Move_Operation_New_Component_New_Node,getTransactionContext,New-Component_uljoztollg,New-Node_aknqckkfxt,622925714
UMLCloneNode,LightDisplay,LightDisplay_jqcogzikri,,463471036
Move_Operation_New_Component_New_Node,getTransaction,New-Component_cwteallxwh,New-Node_bxiukagzac,701500161
Move_Component_New_Node,GUIStore,New-Node_jshfwrtkym,,558312219
Move_Operation_New_Component_New_Node,getTransactionContext,New-Component_uljoztollg,New-Node_aknqckkfxt,746648200
UMLCloneNode,LightDisplay,LightDisplay_jqcogzikri,,550832170
Move_Operation_New_Component_New_Node,getTransaction,New-Component_cwteallxwh,New-Node_bxiukagzac,723618802
Move_Component_New_Node,Persistence,New-Node_clatxhkkpb,,877880300
Move_Operation_New_Component_New_Node,getTransactionContext,New-Component_uljoztollg,New-Node_aknqckkfxt,648375732
UMLCloneNode,LightDisplay,LightDisplay_jqcogzikri,,558199287
Move_Operation_Component,startSale,GUIReporting,,315273288
Move_Component_New_Node,GUIStore,New-Node_qnpbfxflzj,,637298928
Move_Operation_New_Component_New_Node,getTransactionContext,New-Component_uljoztollg,New-Node_aknqckkfxt,770280570
UMLCloneNode,LightDisplay,LightDisplay_okyszugjiv,,544799947
Move_Operation_Component,startSale,GUIReporting,,319504774
Move_Component_New_Node,Reporting,New-Node_yosirtqwwc,,528134323
Move_Operation_New_Component_New_Node,getTransactionContext,New-Component_uljoztollg,New-Node_aknqckkfxt,679260412
UMLCloneNode,LightDisplay,LightDisplay_jqcogzikri,,451018933
Move_Operation_Component,startSale,GUIReporting,,312807062
Move_Component_New_Node,Reporting,New-Node_yosirtqwwc,,466778929
Move_Operation_New_Component_New_Node,getTransactionContext,New-Component_uljoztollg,New-Node_aknqckkfxt,587036668
UMLCloneNode,LightDisplay,LightDisplay_jqcogzikri,,375228928
UMLCloneNode,Printer,Printer_upiqwevovw,,395710297
Move_Operation_New_Component_New_Node,getTransaction,New-Component_pjbrlfgubz,New-Node_nrxbpqrfng,718663689
Move_Operation_New_Component_New_Node,getTransactionContext,New-Component_uljoztollg,New-Node_aknqckkfxt,758042079
UMLCloneNode,LightDisplay,LightDisplay_jqcogzikri,,562047493
Move_Operation_Component,startSale,GUIReporting,,381980169
Move_Component_New_Node,Reporting,New-Node_yosirtqwwc,,605077341
Move_Operation_New_Component_New_Node,getTransactionContext,New-Component_uljoztollg,New-Node_aknqckkfxt,928514349
UMLCloneNode,LightDisplay,LightDisplay_jqcogzikri,,400346573
Move_Operation_Component,startSale,GUIReporting,,284313657
Move_Operation_New_Component_New_Node,printRunningTotal,New-Component_tzeoatnpiw,New-Node_jxspadohcr,860288399
Move_Operation_New_Component_New_Node,getTransactionContext,New-Component_uljoztollg,New-Node_aknqckkfxt,827994766
UMLCloneNode,LightDisplay,LightDisplay_jqcogzikri,,602864010
Move_Operation_New_Component_New_Node,getTransaction,New-Component_cwteallxwh,New-Node_bxiukagzac,813023058
Move_Component_New_Node,Persistence,New-Node_clatxhkkpb,,598792415
Move_Operation_New_Component_New_Node,getTransactionContext,New-Component_uljoztollg,New-Node_aknqckkfxt,721914235
UMLCloneNode,LightDisplay,LightDisplay_jqcogzikri,,480571465
Move_Operation_Component,startSale,GUIReporting,,317096917
Move_Component_New_Node,Enterprise,New-Node_bckfdbcisv,,488981046
Move_Operation_New_Component_New_Node,getTransactionContext,New-Component_uljoztollg,New-Node_aknqckkfxt,603833278
UMLCloneNode,LightDisplay,LightDisplay_jqcogzikri,,386744804
Move_Operation_Component,startSale,GUIReporting,,264429206
Move_Operation_New_Component_New_Node,getEnterpriseByID,New-Component_wjjpcsjqcq,New-Node_rzlkrwzele,768740442
Move_Operation_New_Component_New_Node,getTransactionContext,New-Component_uljoztollg,New-Node_aknqckkfxt,795122608
UMLCloneNode,LightDisplay,LightDisplay_jqcogzikri,,478617941
Move_Operation_Component,startSale,GUIReporting,,289909771
Move_Operation_New_Component_New_Node,queryOrderById,New-Component_zyjmpqyhqc,New-Node_umatohgccb,748789687
Move_Operation_New_Component_New_Node,getTransactionContext,New-Component_uljoztollg,New-Node_aknqckkfxt,673031151
UMLCloneNode,LightDisplay,LightDisplay_jqcogzikri,,472732204
Move_Operation_Component,startSale,GUIReporting,,296558871
Move_Component_New_Node,Reporting,New-Node_yosirtqwwc,,596805097
Move_Operation_New_Component_New_Node,getTransactionContext,New-Component_uljoztollg,New-Node_aknqckkfxt,659592728
UMLCloneNode,CashDeskPC,CashDeskPC_zyvqesezku,,473293566
Move_Operation_Component,startSale,GUIReporting,,282657942
UMLCloneNode,Printer,Printer_dnmsbovgdr,,511787136
Move_Operation_New_Component_New_Node,getTransactionContext,New-Component_uljoztollg,New-Node_aknqckkfxt,699429317
UMLCloneNode,LightDisplay,LightDisplay_jqcogzikri,,476960503
Move_Operation_New_Component_New_Node,getTransaction,New-Component_cwteallxwh,New-Node_bxiukagzac,681658540
Move_Component_New_Node,GUIStore,New-Node_qnpbfxflzj,,623478440
Move_Operation_New_Component_New_Node,getTransactionContext,New-Component_uljoztollg,New-Node_aknqckkfxt,683088712
UMLCloneNode,LightDisplay,LightDisplay_jqcogzikri,,465882207
Move_Operation_Component,startSale,GUIReporting,,303672843
Move_Component_New_Node,Reporting,New-Node_yosirtqwwc,,556255091
UMLCloneNode,CashBox,CashBox_bldobhravg,,493117964
UMLCloneNode,LightDisplay,LightDisplay_jqcogzikri,,466471001
Move_Operation_Component,startSale,GUIReporting,,312158907
Move_Operation_New_Component_New_Node,queryOrderById,New-Component_zyjmpqyhqc,New-Node_umatohgccb,788196519
Move_Operation_New_Component_New_Node,getTransactionContext,New-Component_uljoztollg,New-Node_aknqckkfxt,723602290
UMLCloneNode,LightDisplay,LightDisplay_jqcogzikri,,381863890
Move_Operation_Component,startSale,GUIReporting,,303806693
Move_Component_New_Node,Reporting,New-Node_yosirtqwwc,,539994135
Move_Operation_New_Component_New_Node,getEnterpriseByID,New-Component_bgqdfzadzw,New-Node_xksdjfjyxd,687618988
UMLCloneNode,LightDisplay,LightDisplay_jqcogzikri,,892855755
Move_Operation_Component,startSale,GUIReporting,,333044796
Move_Operation_New_Component_New_Node,getEnterpriseByID,New-Component_wjjpcsjqcq,New-Node_rzlkrwzele,605680943
Move_Operation_New_Component_New_Node,getTransactionContext,New-Component_uljoztollg,New-Node_aknqckkfxt,558477698
UMLCloneNode,LightDisplay,LightDisplay_jqcogzikri,,370528161
Move_Operation_Component,startSale,GUIReporting,,262289823
Move_Component_New_Node,GUIStore,New-Node_qnpbfxflzj,,545869353
Move_Operation_New_Component_New_Node,getTransactionContext,New-Component_uljoztollg,New-Node_aknqckkfxt,667478697
UMLCloneNode,LightDisplay,LightDisplay_jqcogzikri,,513900609
Move_Operation_Component,startSale,GUIReporting,,319519681
Move_Component_New_Node,GUIStore,New-Node_qnpbfxflzj,,593505810
Move_Operation_New_Component_New_Node,getTransactionContext,New-Component_uljoztollg,New-Node_aknqckkfxt,668610119
UMLCloneNode,LightDisplay,LightDisplay_jqcogzikri,,521929216
Move_Operation_Component,startSale,GUIReporting,,289332178
Move_Component_New_Node,GUIStore,New-Node_qnpbfxflzj,,563313808
Move_Operation_New_Component_New_Node,getTransactionContext,New-Component_uljoztollg,New-Node_aknqckkfxt,697406193
UMLCloneNode,LightDisplay,LightDisplay_jqcogzikri,,557338783
Move_Operation_Component,startSale,GUIReporting,,318186280
Move_Component_New_Node,GUIStore,New-Node_qnpbfxflzj,,603513348
Move_Operation_New_Component_New_Node,getTransactionContext,New-Component_uljoztollg,New-Node_aknqckkfxt,710261612
UMLCloneNode,LightDisplay,LightDisplay_jqcogzikri,,499996645
Move_Operation_Component,startSale,GUIReporting,,319294459
Move_Component_New_Node,GUIStore,New-Node_qnpbfxflzj,,709761113
Move_Operation_New_Component_New_Node,getTransactionContext,New-Component_uljoztollg,New-Node_aknqckkfxt,681563853
UMLCloneNode,LightDisplay,LightDisplay_lsdnapfdjb,,484788403
Move_Operation_Component,startSale,GUIReporting,,293546862
Move_Component_New_Node,GUIStore,New-Node_qnpbfxflzj,,620003223
Move_Operation_New_Component_New_Node,getTransactionContext,New-Component_uljoztollg,New-Node_aknqckkfxt,685772926
UMLCloneNode,LightDisplay,LightDisplay_okyszugjiv,,510250734
Move_Operation_Component,startSale,GUIReporting,,344112653
Move_Component_New_Node,GUIStore,New-Node_qnpbfxflzj,,553472903
Move_Operation_New_Component_New_Node,getTransactionContext,New-Component_uljoztollg,New-Node_aknqckkfxt,725385354
UMLCloneNode,LightDisplay,LightDisplay_jqcogzikri,,576231845
Move_Operation_Component,startSale,GUIReporting,,305092455
Move_Component_New_Node,Reporting,New-Node_yosirtqwwc,,445045590
UMLCloneNode,CashBox,CashBox_bldobhravg,,428015974
UMLCloneNode,LightDisplay,LightDisplay_jqcogzikri,,543257655
Move_Operation_Component,startSale,GUIReporting,,280053728
Move_Operation_New_Component_New_Node,queryOrderById,New-Component_prxiayzmvf,New-Node_nhicdcehis,793961632
Move_Operation_New_Component_New_Node,getTransactionContext,New-Component_uljoztollg,New-Node_aknqckkfxt,804254574
UMLCloneNode,LightDisplay,LightDisplay_jqcogzikri,,586177497
Move_Operation_Component,startSale,GUIReporting,,328807710
Move_Operation_New_Component_New_Node,getTransaction,New-Component_pjbrlfgubz,New-Node_nrxbpqrfng,752894364
Move_Operation_New_Component_New_Node,getTransactionContext,New-Component_uljoztollg,New-Node_aknqckkfxt,762172214
UMLCloneNode,LightDisplay,LightDisplay_jqcogzikri,,637868426
Move_Operation_Component,startSale,GUIReporting,,329285456
Move_Component_New_Node,Reporting,New-Node_yosirtqwwc,,548112761
Move_Operation_New_Component_New_Node,getTransactionContext,New-Component_uljoztollg,New-Node_aknqckkfxt,721307046
UMLCloneNode,LightDisplay,LightDisplay_jqcogzikri,,513244860
UMLCloneNode,Printer,Printer_upiqwevovw,,523196363
Move_Operation_New_Component_New_Node,queryOrderById,New-Component_zyjmpqyhqc,New-Node_umatohgccb,702302194
Move_Operation_New_Component_New_Node,getTransactionContext,New-Component_uljoztollg,New-Node_aknqckkfxt,734371015
UMLCloneNode,LightDisplay,LightDisplay_jqcogzikri,,472856306
Move_Operation_Component,startSale,GUIReporting,,282540401
Move_Operation_New_Component_New_Node,getTransaction,New-Component_pjbrlfgubz,New-Node_nrxbpqrfng,759206803
Move_Operation_New_Component_New_Node,getTransactionContext,New-Component_uljoztollg,New-Node_aknqckkfxt,751422534
UMLCloneNode,LightDisplay,LightDisplay_jqcogzikri,,570202117
Move_Operation_Component,startSale,GUIReporting,,315460719
Move_Operation_New_Component_New_Node,getTransaction,New-Component_agkiqwnawy,New-Node_hccqmpyzol,805709252
Move_Operation_New_Component_New_Node,getTransactionContext,New-Component_uljoztollg,New-Node_aknqckkfxt,691205003
UMLCloneNode,LightDisplay,LightDisplay_jqcogzikri,,476169289
Move_Operation_Component,startSale,GUIReporting,,293594241
Move_Component_New_Node,GUIStore,New-Node_qnpbfxflzj,,614389605
Move_Operation_New_Component_New_Node,getTransactionContext,New-Component_uljoztollg,New-Node_aknqckkfxt,878757595
UMLCloneNode,LightDisplay,LightDisplay_jqcogzikri,,920321705
Move_Operation_Component,startSale,GUIReporting,,298315576
Move_Component_New_Node,GUIStore,New-Node_qnpbfxflzj,,581777845
Move_Operation_New_Component_New_Node,getTransactionContext,New-Component_uljoztollg,New-Node_aknqckkfxt,683458866
UMLCloneNode,LightDisplay,LightDisplay_lsdnapfdjb,,470965801
Move_Operation_Component,startSale,GUIReporting,,284495558
Move_Component_New_Node,GUIStore,New-Node_qnpbfxflzj,,426716937
Move_Operation_New_Component_New_Node,getTransactionContext,New-Component_uljoztollg,New-Node_aknqckkfxt,549886868
UMLCloneNode,LightDisplay,LightDisplay_jqcogzikri,,378158662
Move_Operation_Component,startSale,GUIReporting,,257880405
Move_Component_New_Node,GUIStore,New-Node_qnpbfxflzj,,584785566
Move_Operation_New_Component_New_Node,getTransactionContext,New-Component_uljoztollg,New-Node_aknqckkfxt,647218873
UMLCloneNode,LightDisplay,LightDisplay_jqcogzikri,,464222554
UMLCloneNode,New-Node_bkjwirtbck,New-Node_bkjwirtbck_ptmxkzwzub,,220487979
UMLCloneNode,EnterpriseServer,EnterpriseServer_deozmwegbx,,488726479
Move_Operation_New_Component_New_Node,getTransactionContext,New-Component_uljoztollg,New-Node_aknqckkfxt,721197921
UMLCloneNode,LightDisplay,LightDisplay_jqcogzikri,,546899505
Move_Operation_Component,startSale,GUIReporting,,342461727
Move_Operation_New_Component_New_Node,queryOrderById,New-Component_zyjmpqyhqc,New-Node_umatohgccb,734545023
Move_Operation_New_Component_New_Node,getTransactionContext,New-Component_uljoztollg,New-Node_aknqckkfxt,775487705
UMLCloneNode,LightDisplay,LightDisplay_jqcogzikri,,525227793
Move_Operation_Component,startSale,GUIReporting,,424175090
Move_Component_New_Node,GUIStore,New-Node_qnpbfxflzj,,533245729
Move_Operation_New_Component_New_Node,getTransactionContext,New-Component_uljoztollg,New-Node_aknqckkfxt,632097013
UMLCloneNode,LightDisplay,LightDisplay_jqcogzikri,,474402556
Move_Operation_Component,startSale,GUIReporting,,290777549
Move_Component_New_Node,Reporting,New-Node_yosirtqwwc,,449296643
Move_Operation_New_Component_New_Node,getTransactionContext,New-Component_uljoztollg,New-Node_aknqckkfxt,546111347
UMLCloneNode,LightDisplay,LightDisplay_jqcogzikri,,382659412
Move_Operation_Component,startSale,GUIReporting,,257619555
Move_Operation_New_Component_New_Node,getTransaction,New-Component_pjbrlfgubz,New-Node_nrxbpqrfng,636448504
Move_Operation_New_Component_New_Node,getTransactionContext,New-Component_uljoztollg,New-Node_aknqckkfxt,549320595
UMLCloneNode,LightDisplay,LightDisplay_jqcogzikri,,459878898
Move_Operation_Component,startSale,GUIReporting,,287337167
Move_Component_New_Node,GUIStore,New-Node_qnpbfxflzj,,551943214
Move_Operation_New_Component_New_Node,getTransactionContext,New-Component_uljoztollg,New-Node_aknqckkfxt,647846599
UMLCloneNode,LightDisplay,LightDisplay_lsdnapfdjb,,469455748
Move_Operation_Component,startSale,GUIReporting,,292798519
Move_Component_New_Node,Reporting,New-Node_yosirtqwwc,,573033367
Move_Operation_New_Component_New_Node,getTransactionContext,New-Component_uljoztollg,New-Node_aknqckkfxt,660547208
UMLCloneNode,LightDisplay,LightDisplay_jqcogzikri,,451672719
UMLCloneNode,Printer,Printer_upiqwevovw,,511334427
UMLCloneNode,Printer,Printer_jxmpunaxjj,,463417485
Move_Operation_New_Component_New_Node,getTransactionContext,New-Component_uljoztollg,New-Node_aknqckkfxt,683523287
UMLCloneNode,LightDisplay,LightDisplay_jqcogzikri,,589772128
Move_Operation_Component,startSale,GUIReporting,,342347813
Move_Component_New_Node,GUIStore,New-Node_qnpbfxflzj,,574979336
Move_Operation_New_Component_New_Node,getTransactionContext,New-Component_uljoztollg,New-Node_aknqckkfxt,700524411
UMLCloneNode,LightDisplay,LightDisplay_jqcogzikri,,484332749
Move_Operation_Component,startSale,GUIReporting,,361654239
Move_Component_New_Node,GUIStore,New-Node_qnpbfxflzj,,636121841
Move_Operation_New_Component_New_Node,getTransactionContext,New-Component_uljoztollg,New-Node_aknqckkfxt,775053521
UMLCloneNode,LightDisplay,LightDisplay_jqcogzikri,,530990650
Move_Operation_Component,startSale,GUIReporting,,289295931
Move_Component_New_Node,GUIStore,New-Node_qnpbfxflzj,,570040233
Move_Operation_New_Component_New_Node,getTransactionContext,New-Component_uljoztollg,New-Node_aknqckkfxt,709508580
UMLCloneNode,LightDisplay,LightDisplay_jqcogzikri,,481649316
Move_Operation_Component,startSale,GUIReporting,,296010443
Move_Component_New_Node,GUIStore,New-Node_qnpbfxflzj,,581234436
Move_Operation_New_Component_New_Node,getTransactionContext,New-Component_uljoztollg,New-Node_aknqckkfxt,682943630
UMLCloneNode,LightDisplay,LightDisplay_okyszugjiv,,466572952
Move_Operation_Component,startSale,GUIReporting,,300785027
UMLCloneNode,BarCodeScanner,BarCodeScanner_pdqxmdibmo,,608144303
Move_Operation_New_Component_New_Node,getTransactionContext,New-Component_uljoztollg,New-Node_aknqckkfxt,879435768
UMLCloneNode,LightDisplay,LightDisplay_jqcogzikri,,983194605
Move_Operation_Component,startSale,GUIReporting,,291013802
Move_Component_New_Node,Reporting,New-Node_yosirtqwwc,,583746898
Move_Operation_New_Component_New_Node,getTransactionContext,New-Component_uljoztollg,New-Node_aknqckkfxt,712555584
UMLCloneNode,LightDisplay,LightDisplay_jqcogzikri,,525354149
UMLCloneNode,Printer,Printer_upiqwevovw,,512833739
Move_Operation_New_Component_New_Node,queryOrderById,New-Component_zyjmpqyhqc,New-Node_umatohgccb,689962804
Move_Operation_New_Component_New_Node,getTransactionContext,New-Component_uljoztollg,New-Node_aknqckkfxt,685744973
UMLCloneNode,LightDisplay,LightDisplay_jqcogzikri,,481227294
Move_Operation_Component,startSale,GUIReporting,,297695252
Move_Operation_New_Component_New_Node,queryOrderById,New-Component_kifqncjqzy,New-Node_rbqkdlawld,643322224
Move_Operation_New_Component_New_Node,getTransactionContext,New-Component_uljoztollg,New-Node_aknqckkfxt,679097267
UMLCloneNode,LightDisplay,LightDisplay_jqcogzikri,,483523721
Move_Operation_Component,startSale,GUIReporting,,321249315
Move_Component_New_Node,Persistence,New-Node_rwbuokxmcn,,605336698
Move_Operation_New_Component_New_Node,getTransactionContext,New-Component_uljoztollg,New-Node_aknqckkfxt,694606463
UMLCloneNode,LightDisplay,LightDisplay_jqcogzikri,,486106896
Move_Operation_Component,startSale,GUIReporting,,287095153
Move_Operation_New_Component_New_Node,queryOrderById,New-Component_zyjmpqyhqc,New-Node_umatohgccb,718526802
Move_Operation_New_Component_New_Node,getTransactionContext,New-Component_uljoztollg,New-Node_aknqckkfxt,672133537
UMLCloneNode,LightDisplay,LightDisplay_jqcogzikri,,458111514
Move_Operation_Component,startSale,GUIReporting,,289569934
Move_Component_New_Node,Reporting,New-Node_yosirtqwwc,,632452790
Move_Operation_New_Component_New_Node,getTransactionContext,New-Component_uljoztollg,New-Node_aknqckkfxt,748066350
UMLCloneNode,LightDisplay,LightDisplay_jqcogzikri,,547126982
Move_Operation_Component,startSale,GUIReporting,,371462263
UMLCloneNode,EnterpriseServer,EnterpriseServer_deozmwegbx,,487977744
Move_Operation_New_Component_New_Node,getTransactionContext,New-Component_uljoztollg,New-Node_aknqckkfxt,693110868
UMLCloneNode,LightDisplay,LightDisplay_jqcogzikri,,493305406
Move_Operation_Component,startSale,GUIReporting,,309779815
Move_Component_New_Node,Reporting,New-Node_yosirtqwwc,,556783912
Move_Operation_New_Component_New_Node,getTransactionContext,New-Component_uljoztollg,New-Node_aknqckkfxt,735736587
UMLCloneNode,LightDisplay,LightDisplay_jqcogzikri,,552225944
Move_Operation_Component,startSale,GUIReporting,,324400906
Move_Component_New_Node,Reporting,New-Node_yosirtqwwc,,589328576
Move_Operation_New_Component_New_Node,getTransactionContext,New-Component_uljoztollg,New-Node_aknqckkfxt,671284484
UMLCloneNode,LightDisplay,LightDisplay_jqcogzikri,,465995509
Move_Operation_Component,startSale,GUIReporting,,307087847
Move_Component_New_Node,Enterprise,New-Node_bckfdbcisv,,606516961
Move_Operation_New_Component_New_Node,getTransactionContext,New-Component_uljoztollg,New-Node_aknqckkfxt,671344287
UMLCloneNode,CashBox,CashBox_mzauajzjkv,,472659006
Move_Operation_Component,startSale,GUIReporting,,304652350
Move_Component_New_Node,GUIStore,New-Node_qnpbfxflzj,,577073272
Move_Operation_New_Component_New_Node,getTransactionContext,New-Component_uljoztollg,New-Node_aknqckkfxt,687772546
UMLCloneNode,LightDisplay,LightDisplay_jqcogzikri,,492984724
UMLCloneNode,New-Node_bkjwirtbck,New-Node_bkjwirtbck_ptmxkzwzub,,240205767
Move_Operation_New_Component_New_Node,queryOrderById,New-Component_zyjmpqyhqc,New-Node_umatohgccb,792275238
Move_Operation_New_Component_New_Node,getTransactionContext,New-Component_uljoztollg,New-Node_aknqckkfxt,891099722
UMLCloneNode,LightDisplay,LightDisplay_jqcogzikri,,502905820
Move_Operation_Component,startSale,GUIReporting,,303030979
Move_Component_New_Node,Reporting,New-Node_yosirtqwwc,,581685973
Move_Operation_New_Component_New_Node,getTransactionContext,New-Component_uljoztollg,New-Node_aknqckkfxt,659131213
UMLCloneNode,LightDisplay,LightDisplay_jqcogzikri,,521662386
Move_Operation_Component,startSale,GUIReporting,,360728544
Move_Component_New_Node,Enterprise,New-Node_bckfdbcisv,,598862646
Move_Operation_New_Component_New_Node,getTransactionContext,New-Component_uljoztollg,New-Node_aknqckkfxt,756617125
UMLCloneNode,LightDisplay,LightDisplay_jqcogzikri,,486930370
Move_Operation_Component,startSale,GUIReporting,,293512197
Move_Operation_New_Component_New_Node,createReport,New-Component_iwpnzxsdhq,New-Node_jakjdwfkdn,694360431
Move_Operation_New_Component_New_Node,getTransactionContext,New-Component_uljoztollg,New-Node_aknqckkfxt,761827097
UMLCloneNode,LightDisplay,LightDisplay_jqcogzikri,,557723705
Move_Operation_Component,startSale,GUIReporting,,328982437
UMLCloneNode,EnterpriseServer,EnterpriseServer_deozmwegbx,,579886518
Move_Operation_New_Component_New_Node,getTransactionContext,New-Component_uljoztollg,New-Node_aknqckkfxt,831259679
UMLCloneNode,LightDisplay,LightDisplay_jqcogzikri,,889142822
Move_Operation_Component,startSale,GUIReporting,,279722727
Move_Operation_New_Component_New_Node,getTransaction,New-Component_pjbrlfgubz,New-Node_nrxbpqrfng,725489520
Move_Operation_New_Component_New_Node,getTransactionContext,New-Component_uljoztollg,New-Node_aknqckkfxt,733718592
UMLCloneNode,LightDisplay,LightDisplay_jqcogzikri,,484934287
Move_Operation_Component,startSale,GUIReporting,,319777104
Move_Component_New_Node,GUIStore,New-Node_qnpbfxflzj,,526517912
Move_Operation_New_Component_New_Node,getTransactionContext,New-Component_uljoztollg,New-Node_aknqckkfxt,654629070
UMLCloneNode,LightDisplay,LightDisplay_jqcogzikri,,469543995
UMLCloneNode,New-Node_bkjwirtbck,New-Node_bkjwirtbck_ptmxkzwzub,,210756249
Move_Component_New_Node,Reporting,New-Node_yosirtqwwc,,569880103
Move_Operation_New_Component_New_Node,getTransactionContext,New-Component_uljoztollg,New-Node_aknqckkfxt,670965046
UMLCloneNode,LightDisplay,LightDisplay_jqcogzikri,,475096317
Move_Operation_Component,startSale,GUIReporting,,277335410
Move_Component_New_Node,Enterprise,New-Node_bckfdbcisv,,498666199
Move_Operation_New_Component_New_Node,getTransactionContext,New-Component_uljoztollg,New-Node_aknqckkfxt,550865202
UMLCloneNode,LightDisplay,LightDisplay_jqcogzikri,,426317478
UMLCloneNode,BarCodeScanner,BarCodeScanner_nwcgrijeaa,,399963785
Move_Operation_New_Component_New_Node,queryStockItem,New-Component_wleymwfckj,New-Node_jjijvmmzah,760245861
Move_Operation_New_Component_New_Node,getTransactionContext,New-Component_uljoztollg,New-Node_aknqckkfxt,607487501
UMLCloneNode,LightDisplay,LightDisplay_jqcogzikri,,368097543
Move_Operation_Component,startSale,GUIReporting,,255613193
UMLCloneNode,BarCodeScanner,BarCodeScanner_pdqxmdibmo,,544806881
Move_Operation_New_Component_New_Node,getTransactionContext,New-Component_uljoztollg,New-Node_aknqckkfxt,630132529
UMLCloneNode,LightDisplay,LightDisplay_jqcogzikri,,547945828
Move_Operation_Component,startSale,GUIReporting,,287189199
UMLCloneNode,BarCodeScanner,BarCodeScanner_pdqxmdibmo,,517400824
Move_Component_New_Node,GUIStore,New-Node_ulrtmglind,,558213213
UMLCloneNode,LightDisplay,LightDisplay_jqcogzikri,,465673817
Move_Operation_Component,startSale,GUIReporting,,293815006
Move_Operation_New_Component_New_Node,getTransactionContext,New-Component_cokmphlvap,New-Node_rutiumtwpn,721630653
Move_Operation_New_Component_New_Node,getTransactionContext,New-Component_uljoztollg,New-Node_aknqckkfxt,692826163
UMLCloneNode,LightDisplay,LightDisplay_jqcogzikri,,462472131
Move_Operation_Component,startSale,GUIReporting,,280508541
Move_Component_New_Node,GUIStore,New-Node_qnpbfxflzj,,564436083
Move_Operation_New_Component_New_Node,getTransactionContext,New-Component_uljoztollg,New-Node_aknqckkfxt,660715664
UMLCloneNode,LightDisplay,LightDisplay_jqcogzikri,,483785462
UMLCloneNode,New-Node_bkjwirtbck,New-Node_bkjwirtbck_ptmxkzwzub,,222593979
Move_Component_New_Node,GUIStore,New-Node_qnpbfxflzj,,613470050
Move_Operation_New_Component_New_Node,getTransactionContext,New-Component_uljoztollg,New-Node_aknqckkfxt,668309766
UMLCloneNode,LightDisplay,LightDisplay_jqcogzikri,,466533639
UMLCloneNode,New-Node_bkjwirtbck,New-Node_bkjwirtbck_ptmxkzwzub,,256221122
Move_Component_New_Node,Reporting,New-Node_yosirtqwwc,,606797477
Move_Operation_New_Component_New_Node,getTransactionContext,New-Component_uljoztollg,New-Node_aknqckkfxt,787760622
UMLCloneNode,LightDisplay,LightDisplay_jqcogzikri,,571211260
Move_Operation_Component,startSale,GUIReporting,,391984741
UMLCloneNode,EnterpriseClient,EnterpriseClient_ykuanbrvvy,,489486143
Move_Operation_New_Component_New_Node,getTransactionContext,New-Component_uljoztollg,New-Node_aknqckkfxt,653437976
UMLCloneNode,LightDisplay,LightDisplay_jqcogzikri,,606939894
Move_Operation_Component,startSale,GUIReporting,,341093891
Move_Operation_Component,enterOrderID,Persistence,,314315252
Move_Operation_New_Component_New_Node,getTransactionContext,New-Component_uljoztollg,New-Node_aknqckkfxt,648369861
UMLCloneNode,LightDisplay,LightDisplay_jqcogzikri,,507741098
UMLCloneNode,New-Node_bkjwirtbck,New-Node_bkjwirtbck_ptmxkzwzub,,239693476
Move_Operation_New_Component_New_Node,getTransaction,New-Component_pjbrlfgubz,New-Node_nrxbpqrfng,748577709
Move_Operation_New_Component_New_Node,getTransactionContext,New-Component_uljoztollg,New-Node_aknqckkfxt,700987650
UMLCloneNode,LightDisplay,LightDisplay_jqcogzikri,,506632379
Move_Operation_Component,startSale,GUIReporting,,311996302
Move_Component_New_Node,Enterprise,New-Node_bckfdbcisv,,637153717
Move_Operation_New_Component_New_Node,getTransactionContext,New-Component_uljoztollg,New-Node_aknqckkfxt,804763830
UMLCloneNode,LightDisplay,LightDisplay_jqcogzikri,,570779209
Move_Operation_Component,startSale,GUIReporting,,315454909
Move_Operation_New_Component_New_Node,getEnterpriseByID,New-Component_wjjpcsjqcq,New-Node_rzlkrwzele,699257384
Move_Operation_New_Component_New_Node,getTransactionContext,New-Component_uljoztollg,New-Node_aknqckkfxt,674932866
UMLCloneNode,LightDisplay,LightDisplay_jqcogzikri,,493457261
Move_Operation_Component,startSale,GUIReporting,,295751707
UMLCloneNode,BarCodeScanner,BarCodeScanner_pdqxmdibmo,,562141840
Move_Component_New_Node,GUIStore,New-Node_ulrtmglind,,684493426
UMLCloneNode,LightDisplay,LightDisplay_jqcogzikri,,539427162
Move_Operation_Component,startSale,GUIReporting,,349599763
Move_Operation_New_Component_New_Node,getTransactionContext,New-Component_cokmphlvap,New-Node_rutiumtwpn,680192651
Move_Operation_New_Component_New_Node,getTransactionContext,New-Component_uljoztollg,New-Node_aknqckkfxt,663619910
UMLCloneNode,LightDisplay,LightDisplay_jqcogzikri,,505645628
Move_Operation_Component,startSale,GUIReporting,,307022505
UMLCloneNode,EnterpriseServer,EnterpriseServer_deozmwegbx,,394449243
Move_Operation_New_Component_New_Node,getTransactionContext,New-Component_uljoztollg,New-Node_aknqckkfxt,631307202
UMLCloneNode,LightDisplay,LightDisplay_jqcogzikri,,425031667
Move_Operation_Component,startSale,GUIReporting,,291426967
Move_Component_New_Node,Enterprise,New-Node_bckfdbcisv,,564998849
Move_Operation_New_Component_New_Node,getTransactionContext,New-Component_uljoztollg,New-Node_aknqckkfxt,667314629
UMLCloneNode,LightDisplay,LightDisplay_jqcogzikri,,473939267
UMLCloneNode,New-Node_bkjwirtbck,New-Node_bkjwirtbck_ptmxkzwzub,,236399870
UMLCloneNode,BarCodeScanner,BarCodeScanner_pdqxmdibmo,,406462632
Move_Operation_New_Component_New_Node,getTransactionContext,New-Component_uljoztollg,New-Node_aknqckkfxt,562536180
UMLCloneNode,LightDisplay,LightDisplay_jqcogzikri,,434119651
Move_Operation_Component,startSale,GUIReporting,,279393299
Move_Operation_New_Component_New_Node,getTransactionContext,New-Component_cokmphlvap,New-Node_rutiumtwpn,794438826
Move_Operation_New_Component_New_Node,getTransactionContext,New-Component_uljoztollg,New-Node_aknqckkfxt,756795781
UMLCloneNode,LightDisplay,LightDisplay_jqcogzikri,,535316252
Move_Operation_Component,startSale,GUIReporting,,317964304
Move_Component_New_Node,Reporting,New-Node_yosirtqwwc,,487667002
Move_Operation_New_Component_New_Node,getTransactionContext,New-Component_uljoztollg,New-Node_aknqckkfxt,554347052
UMLCloneNode,LightDisplay,LightDisplay_jqcogzikri,,371654003
Move_Operation_Component,startSale,GUIReporting,,295730067
Move_Component_New_Node,Enterprise,New-Node_bckfdbcisv,,541175431
Move_Operation_New_Component_New_Node,getTransactionContext,New-Component_uljoztollg,New-Node_aknqckkfxt,669338475
UMLCloneNode,LightDisplay,LightDisplay_jqcogzikri,,548411701
Move_Operation_Component,startSale,GUIReporting,,330841163
UMLCloneNode,BarCodeScanner,BarCodeScanner_pdqxmdibmo,,546252642
Move_Operation_New_Component_New_Node,getTransactionContext,New-Component_uljoztollg,New-Node_aknqckkfxt,725811564
UMLCloneNode,LightDisplay,LightDisplay_jqcogzikri,,666648351
Move_Operation_Component,startSale,GUIReporting,,448075382
Move_Operation_New_Component_New_Node,createReport,New-Component_iwpnzxsdhq,New-Node_jakjdwfkdn,695271129
Move_Operation_New_Component_New_Node,getTransactionContext,New-Component_uljoztollg,New-Node_aknqckkfxt,651434268
UMLCloneNode,LightDisplay,LightDisplay_jqcogzikri,,472590718
Move_Operation_Component,startSale,GUIReporting,,270304564
Move_Operation_New_Component_New_Node,getEnterpriseByID,New-Component_wjjpcsjqcq,New-Node_rzlkrwzele,715721210
Move_Operation_New_Component_New_Node,getTransactionContext,New-Component_uljoztollg,New-Node_aknqckkfxt,756503553
UMLCloneNode,LightDisplay,LightDisplay_jqcogzikri,,460208146
Move_Operation_Component,startSale,GUIReporting,,279630083
Move_Operation_New_Component_New_Node,getEnterpriseByID,New-Component_wjjpcsjqcq,New-Node_rzlkrwzele,709185303
Move_Operation_New_Component_New_Node,getTransactionContext,New-Component_uljoztollg,New-Node_aknqckkfxt,671056126
UMLCloneNode,LightDisplay,LightDisplay_jqcogzikri,,479427439
Move_Operation_Component,startSale,GUIReporting,,328619788
Move_Component_New_Node,Enterprise,New-Node_bckfdbcisv,,595003148
Move_Operation_New_Component_New_Node,getTransactionContext,New-Component_uljoztollg,New-Node_aknqckkfxt,707307291
UMLCloneNode,LightDisplay,LightDisplay_jqcogzikri,,549112917
UMLCloneNode,BarCodeScanner,BarCodeScanner_nwcgrijeaa,,608723559
UMLCloneNode,BarCodeScanner,BarCodeScanner_pdqxmdibmo,,535435396
Move_Operation_New_Component_New_Node,getTransactionContext,New-Component_uljoztollg,New-Node_aknqckkfxt,724805126
UMLCloneNode,LightDisplay,LightDisplay_jqcogzikri,,512835502
Move_Operation_Component,startSale,GUIReporting,,312767348
Move_Component_New_Node,Enterprise,New-Node_bckfdbcisv,,568159967
Move_Operation_New_Component_New_Node,getTransactionContext,New-Component_uljoztollg,New-Node_aknqckkfxt,648861613
UMLCloneNode,LightDisplay,LightDisplay_jqcogzikri,,502529805
Move_Operation_Component,startSale,GUIReporting,,287990652
Move_Operation_New_Component_New_Node,createReport,New-Component_iwpnzxsdhq,New-Node_jakjdwfkdn,695690535
Move_Operation_New_Component_New_Node,getTransactionContext,New-Component_uljoztollg,New-Node_aknqckkfxt,693297528
UMLCloneNode,LightDisplay,LightDisplay_jqcogzikri,,767537456
Move_Operation_Component,startSale,GUIReporting,,326905663
Move_Component_New_Node,Enterprise,New-Node_bckfdbcisv,,596386522
Move_Operation_New_Component_New_Node,getTransactionContext,New-Component_uljoztollg,New-Node_aknqckkfxt,748595582
UMLCloneNode,LightDisplay,LightDisplay_jqcogzikri,,548716453
UMLCloneNode,BarCodeScanner,BarCodeScanner_nwcgrijeaa,,548223950
Move_Operation_New_Component_New_Node,getTransactionContext,New-Component_cokmphlvap,New-Node_rutiumtwpn,773332804
Move_Operation_New_Component_New_Node,getTransactionContext,New-Component_uljoztollg,New-Node_aknqckkfxt,675826894
UMLCloneNode,LightDisplay,LightDisplay_jqcogzikri,,479034222
Move_Operation_Component,startSale,GUIReporting,,281577525
Move_Component_New_Node,Reporting,New-Node_yosirtqwwc,,569971925
Move_Operation_New_Component_New_Node,getTransactionContext,New-Component_uljoztollg,New-Node_aknqckkfxt,739909733
UMLCloneNode,LightDisplay,LightDisplay_jqcogzikri,,544816940
Move_Operation_Component,startSale,GUIReporting,,334849631
UMLCloneNode,EnterpriseServer,EnterpriseServer_deozmwegbx,,544449561
Move_Operation_New_Component_New_Node,getTransactionContext,New-Component_uljoztollg,New-Node_aknqckkfxt,682266690
UMLCloneNode,LightDisplay,LightDisplay_jqcogzikri,,471560817
Move_Operation_Component,startSale,GUIReporting,,292131889
Move_Component_New_Node,GUIReporting,New-Node_pqzgutpzyf,,586898749
Move_Operation_New_Component_New_Node,getTransactionContext,New-Component_uljoztollg,New-Node_aknqckkfxt,666867601
UMLCloneNode,LightDisplay,LightDisplay_jqcogzikri,,626257011
Move_Operation_Component,startSale,GUIReporting,,345275484
UMLCloneNode,BarCodeScanner,BarCodeScanner_pdqxmdibmo,,446569979
Move_Component_New_Node,GUIStore,New-Node_ulrtmglind,,438351306
UMLCloneNode,LightDisplay,LightDisplay_jqcogzikri,,407880021
UMLCloneNode,BarCodeScanner,BarCodeScanner_nwcgrijeaa,,381357682
UMLCloneNode,EnterpriseServer,EnterpriseServer_deozmwegbx,,534961537
Move_Operation_New_Component_New_Node,getTransactionContext,New-Component_uljoztollg,New-Node_aknqckkfxt,788577774
UMLCloneNode,LightDisplay,LightDisplay_jqcogzikri,,503630069
Move_Operation_New_Component_New_Node,getTransactionContext,New-Component_zjdvpslvyq,New-Node_vdgcrohvsl,610096655
Move_Component_New_Node,Reporting,New-Node_yosirtqwwc,,587668754
Move_Operation_New_Component_New_Node,getTransactionContext,New-Component_uljoztollg,New-Node_aknqckkfxt,666295408
UMLCloneNode,LightDisplay,LightDisplay_jqcogzikri,,470823243
Move_Operation_Component,startSale,GUIReporting,,357452520
Move_Component_New_Node,Reporting,New-Node_yosirtqwwc,,576347622
Move_Operation_New_Component_New_Node,getTransactionContext,New-Component_uljoztollg,New-Node_aknqckkfxt,674584243
UMLCloneNode,LightDisplay,LightDisplay_jqcogzikri,,473448377
Move_Operation_Component,startSale,GUIReporting,,346100290
Move_Component_New_Node,Reporting,New-Node_yosirtqwwc,,598779630
Move_Operation_New_Component_New_Node,getTransactionContext,New-Component_uljoztollg,New-Node_aknqckkfxt,654658043
UMLCloneNode,LightDisplay,LightDisplay_jqcogzikri,,427874177
Move_Operation_Component,startSale,GUIReporting,,268734760
Move_Operation_New_Component_New_Node,createReport,New-Component_iwpnzxsdhq,New-Node_jakjdwfkdn,698259142
Move_Operation_New_Component_New_Node,getTransactionContext,New-Component_uljoztollg,New-Node_aknqckkfxt,633813983
UMLCloneNode,LightDisplay,LightDisplay_jqcogzikri,,499964905
Move_Operation_Component,startSale,GUIReporting,,466079677
UMLCloneNode,BarCodeScanner,BarCodeScanner_pdqxmdibmo,,508290298
Move_Component_New_Node,GUIStore,New-Node_ulrtmglind,,493282433
UMLCloneNode,LightDisplay,LightDisplay_jqcogzikri,,494075190
Move_Operation_Component,startSale,GUIReporting,,307949363
Move_Component_New_Node,Enterprise,New-Node_bckfdbcisv,,610624934
Move_Operation_New_Component_New_Node,getTransactionContext,New-Component_uljoztollg,New-Node_aknqckkfxt,699764535
UMLCloneNode,LightDisplay,LightDisplay_jqcogzikri,,435316905
UMLCloneNode,BarCodeScanner,BarCodeScanner_nwcgrijeaa,,569953310
Move_Component_New_Node,Enterprise,New-Node_bckfdbcisv,,622923579
Move_Operation_New_Component_New_Node,getTransactionContext,New-Component_uljoztollg,New-Node_aknqckkfxt,739508451
UMLCloneNode,LightDisplay,LightDisplay_jqcogzikri,,545229233
Move_Operation_Component,startSale,GUIReporting,,306936383
UMLCloneNode,EnterpriseServer,EnterpriseServer_deozmwegbx,,528324821
Move_Operation_New_Component_New_Node,getTransactionContext,New-Component_uljoztollg,New-Node_aknqckkfxt,661461293
UMLCloneNode,LightDisplay,LightDisplay_jqcogzikri,,483087623
Move_Operation_Component,startSale,GUIReporting,,328601594
Move_Component_New_Node,GUIReporting,New-Node_pqzgutpzyf,,612444768
Move_Operation_New_Component_New_Node,getTransactionContext,New-Component_uljoztollg,New-Node_aknqckkfxt,588004513
UMLCloneNode,LightDisplay,LightDisplay_jqcogzikri,,370348515
Move_Operation_Component,startSale,GUIReporting,,518511307
UMLCloneNode,EnterpriseServer,EnterpriseServer_deozmwegbx,,458489433
Move_Operation_New_Component_New_Node,getTransactionContext,New-Component_uljoztollg,New-Node_aknqckkfxt,658906732
UMLCloneNode,LightDisplay,LightDisplay_jqcogzikri,,446916740
Move_Operation_New_Component_New_Node,getTransactionContext,New-Component_zjdvpslvyq,New-Node_vdgcrohvsl,628782717
UMLCloneNode,BarCodeScanner,BarCodeScanner_pdqxmdibmo,,481645139
Move_Component_New_Node,GUIStore,New-Node_ulrtmglind,,529050071
UMLCloneNode,LightDisplay,LightDisplay_jqcogzikri,,489615866
Move_Operation_Component,startSale,GUIReporting,,295652872
Move_Component_New_Node,Enterprise,New-Node_bckfdbcisv,,578994315
UMLCloneNode,BarCodeScanner,BarCodeScanner_mkipvxhnht,,490679120
UMLCloneNode,CashBox,CashBox_mzauajzjkv,,473729885
Move_Operation_Component,startSale,GUIReporting,,261925100
UMLCloneNode,BarCodeScanner,BarCodeScanner_pdqxmdibmo,,434061050
Move_Operation_New_Component_New_Node,getMeanTimeToDeliveryReport,New-Component_fisnclpzmh,New-Node_gckzaxsmmx,606452139
UMLCloneNode,LightDisplay,LightDisplay_jqcogzikri,,450464042
Move_Operation_Component,startSale,GUIReporting,,268576744
Move_Operation_New_Component_New_Node,getTransactionContext,New-Component_cokmphlvap,New-Node_rutiumtwpn,582921069
Move_Operation_New_Component_New_Node,getTransactionContext,New-Component_uljoztollg,New-Node_aknqckkfxt,580009269
UMLCloneNode,LightDisplay,LightDisplay_jqcogzikri,,372998725
Move_Operation_Component,startSale,GUIReporting,,247325940
Move_Component_New_Node,Enterprise,New-Node_bckfdbcisv,,449211443
Move_Operation_New_Component_New_Node,getTransactionContext,New-Component_uljoztollg,New-Node_aknqckkfxt,597290537
UMLCloneNode,LightDisplay,LightDisplay_jqcogzikri,,379589746
Move_Operation_Component,startSale,GUIReporting,,260515987
Move_Operation_New_Component_New_Node,getTransactionContext,New-Component_cokmphlvap,New-Node_rutiumtwpn,755310756
Move_Operation_New_Component_New_Node,getTransactionContext,New-Component_uljoztollg,New-Node_aknqckkfxt,711249585
UMLCloneNode,LightDisplay,LightDisplay_jqcogzikri,,504284676
Move_Operation_Component,startSale,GUIReporting,,325684683
Move_Component_New_Node,Enterprise,New-Node_bckfdbcisv,,615473338
Move_Operation_New_Component_New_Node,getTransactionContext,New-Component_uljoztollg,New-Node_aknqckkfxt,596533778
UMLCloneNode,LightDisplay,LightDisplay_jqcogzikri,,418511980
Move_Operation_Component,startSale,GUIReporting,,280879045
UMLCloneNode,EnterpriseServer,EnterpriseServer_deozmwegbx,,483962474
Move_Operation_New_Component_New_Node,getTransactionContext,New-Component_uljoztollg,New-Node_aknqckkfxt,760112231
UMLCloneNode,LightDisplay,LightDisplay_jqcogzikri,,568855080
Move_Operation_Component,startSale,GUIReporting,,285471878
UMLCloneNode,EnterpriseServer,EnterpriseServer_deozmwegbx,,518309698
Move_Operation_New_Component_New_Node,getTransactionContext,New-Component_uljoztollg,New-Node_aknqckkfxt,778857896
UMLCloneNode,LightDisplay,LightDisplay_jqcogzikri,,483837209
Move_Operation_Component,startSale,GUIReporting,,288017162
UMLCloneNode,EnterpriseClient,EnterpriseClient_ykuanbrvvy,,644177880
Move_Operation_New_Component_New_Node,getTransactionContext,New-Component_uljoztollg,New-Node_aknqckkfxt,794818037
UMLCloneNode,EnterpriseClient,EnterpriseClient_jzpelfwlaj,,562891546
Move_Operation_Component,startSale,GUIReporting,,393545818
UMLCloneNode,EnterpriseClient,EnterpriseClient_ykuanbrvvy,,510597676
Move_Operation_New_Component_New_Node,getTransactionContext,New-Component_uljoztollg,New-Node_aknqckkfxt,658805462
UMLCloneNode,LightDisplay,LightDisplay_jqcogzikri,,462281865
Move_Operation_Component,startSale,GUIReporting,,249112802
Move_Component_New_Node,Enterprise,New-Node_bckfdbcisv,,561156172
Move_Operation_New_Component_New_Node,getTransactionContext,New-Component_uljoztollg,New-Node_aknqckkfxt,716149244
UMLCloneNode,LightDisplay,LightDisplay_jqcogzikri,,493571966
UMLCloneNode,BarCodeScanner,BarCodeScanner_nwcgrijeaa,,482248690
Move_Component_New_Node,Enterprise,New-Node_bckfdbcisv,,571386839
Move_Operation_New_Component_New_Node,getTransactionContext,New-Component_uljoztollg,New-Node_aknqckkfxt,681249753
UMLCloneNode,LightDisplay,LightDisplay_jqcogzikri,,510372453
Move_Operation_Component,saleStartedEvent,CashBoxController,,328322310
Move_Component_New_Node,GUIReporting,New-Node_pqzgutpzyf,,568856823
Move_Operation_New_Component_New_Node,getTransactionContext,New-Component_uljoztollg,New-Node_aknqckkfxt,728157794
UMLCloneNode,LightDisplay,LightDisplay_jqcogzikri,,503611153
UMLCloneNode,BarCodeScanner,BarCodeScanner_nwcgrijeaa,,480701899
UMLCloneNode,BarCodeScanner,BarCodeScanner_pdqxmdibmo,,495434058
Move_Operation_New_Component_New_Node,getMeanTimeToDeliveryReport,New-Component_fisnclpzmh,New-Node_gckzaxsmmx,862086160
UMLCloneNode,LightDisplay,LightDisplay_jqcogzikri,,477563784
Move_Operation_Component,startSale,GUIReporting,,461143199
UMLCloneNode,EnterpriseServer,EnterpriseServer_deozmwegbx,,446060804
Move_Operation_New_Component_New_Node,getTransactionContext,New-Component_uljoztollg,New-Node_aknqckkfxt,606855496
UMLCloneNode,LightDisplay,LightDisplay_jqcogzikri,,409594356
Move_Operation_Component,startSale,GUIReporting,,291085596
Move_Component_New_Node,Enterprise,New-Node_bckfdbcisv,,426687341
UMLCloneNode,BarCodeScanner,BarCodeScanner_mkipvxhnht,,379812844
UMLCloneNode,CashBox,CashBox_mzauajzjkv,,438994442
Move_Operation_Component,startSale,GUIReporting,,276033759
UMLCloneNode,BarCodeScanner,BarCodeScanner_pdqxmdibmo,,540279170
Move_Operation_New_Component_New_Node,getMeanTimeToDeliveryReport,New-Component_fisnclpzmh,New-Node_gckzaxsmmx,769017301
UMLCloneNode,LightDisplay,LightDisplay_jqcogzikri,,583555880
Move_Operation_Component,startSale,GUIReporting,,334236661
UMLCloneNode,EnterpriseServer,EnterpriseServer_deozmwegbx,,512751404
Move_Operation_New_Component_New_Node,getTransactionContext,New-Component_uljoztollg,New-Node_aknqckkfxt,888381795
UMLCloneNode,LightDisplay,LightDisplay_jqcogzikri,,459553628
Move_Operation_New_Component_New_Node,getTransactionContext,New-Component_zjdvpslvyq,New-Node_vdgcrohvsl,606355578
Move_Operation_Component,enterOrderID,Persistence,,278433359
Move_Operation_New_Component_New_Node,getTransactionContext,New-Component_uljoztollg,New-Node_aknqckkfxt,659250607
UMLCloneNode,LightDisplay,LightDisplay_jqcogzikri,,482481006
UMLCloneNode,New-Node_bkjwirtbck,New-Node_bkjwirtbck_ptmxkzwzub,,299847919
UMLCloneNode,EnterpriseServer,EnterpriseServer_deozmwegbx,,524610855
Move_Operation_New_Component_New_Node,getTransactionContext,New-Component_uljoztollg,New-Node_aknqckkfxt,675372301
UMLCloneNode,LightDisplay,LightDisplay_jqcogzikri,,467703673
Move_Operation_Component,startSale,GUIReporting,,280738071
Move_Component_New_Node,Enterprise,New-Node_bckfdbcisv,,458511864
UMLCloneNode,BarCodeScanner,BarCodeScanner_mkipvxhnht,,402071627
UMLCloneNode,CashBox,CashBox_mzauajzjkv,,399510305
Move_Operation_Component,startSale,GUIReporting,,295933759
UMLCloneNode,EnterpriseServer,EnterpriseServer_deozmwegbx,,547156347
Move_Operation_New_Component_New_Node,getTransactionContext,New-Component_uljoztollg,New-Node_aknqckkfxt,731072830
UMLCloneNode,LightDisplay,LightDisplay_jqcogzikri,,554717076
Move_Operation_Component,startSale,GUIReporting,,323074007
Move_Component_New_Node,GUIReporting,New-Node_pqzgutpzyf,,607104943
Move_Operation_New_Component_New_Node,createReport,New-Component_krnmrhlqet,New-Node_vdoyvfurbs,643471725
UMLCloneNode,LightDisplay,LightDisplay_jqcogzikri,,465796516
Move_Operation_Component,startSale,GUIReporting,,255195028
Move_Component_New_Node,GUIReporting,New-Node_pqzgutpzyf,,681061641
Move_Operation_New_Component_New_Node,getTransactionContext,New-Component_uljoztollg,New-Node_aknqckkfxt,785239945
UMLCloneNode,LightDisplay,LightDisplay_jqcogzikri,,594888903
Move_Operation_Component,startSale,GUIReporting,,353455695
UMLCloneNode,EnterpriseClient,EnterpriseClient_ykuanbrvvy,,611669193
Move_Operation_New_Component_New_Node,getTransactionContext,New-Component_uljoztollg,New-Node_aknqckkfxt,1065237597
UMLCloneNode,LightDisplay,LightDisplay_jqcogzikri,,472232667
Move_Operation_Component,startSale,GUIReporting,,282413503
UMLCloneNode,EnterpriseServer,EnterpriseServer_deozmwegbx,,523898349
Move_Operation_New_Component_New_Node,getTransactionContext,New-Component_uljoztollg,New-Node_aknqckkfxt,673132300
UMLCloneNode,LightDisplay,LightDisplay_jqcogzikri,,469610128
Move_Operation_New_Component_New_Node,getTransactionContext,New-Component_zjdvpslvyq,New-Node_vdgcrohvsl,792763073
Move_Component_New_Node,Enterprise,New-Node_bckfdbcisv,,580468290
Move_Operation_New_Component_New_Node,getTransactionContext,New-Component_uljoztollg,New-Node_aknqckkfxt,762489679
UMLCloneNode,LightDisplay,LightDisplay_jqcogzikri,,542094915
UMLCloneNode,BarCodeScanner,BarCodeScanner_nwcgrijeaa,,562649703
Move_Component_New_Node,GUIReporting,New-Node_pqzgutpzyf,,579866081
Move_Operation_New_Component_New_Node,getTransactionContext,New-Component_uljoztollg,New-Node_aknqckkfxt,701020311
UMLCloneNode,LightDisplay,LightDisplay_jqcogzikri,,468261218
Move_Operation_Component,startSale,GUIReporting,,286972312
UMLCloneNode,EnterpriseClient,EnterpriseClient_ykuanbrvvy,,584794603
Move_Operation_New_Component_New_Node,getTransactionContext,New-Component_uljoztollg,New-Node_aknqckkfxt,751068229
UMLCloneNode,LightDisplay,LightDisplay_jqcogzikri,,606406023
Move_Operation_Component,queryStockItem,CashBoxController,,316239099
UMLCloneNode,BarCodeScanner,BarCodeScanner_pdqxmdibmo,,382335686
Move_Operation_New_Component_New_Node,getMeanTimeToDeliveryReport,New-Component_fisnclpzmh,New-Node_gckzaxsmmx,653856040
UMLCloneNode,LightDisplay,LightDisplay_jqcogzikri,,402207132
Move_Operation_Component,startSale,GUIReporting,,515788571
Move_Component_New_Node,AppStore,New-Node_hmevezelmo,,549316117
UMLCloneNode,BarCodeScanner,BarCodeScanner_mkipvxhnht,,557201155
UMLCloneNode,LightDisplay,LightDisplay_jqcogzikri,,549272065
Move_Operation_Component,queryStockItem,CashBoxController,,309821063
Move_Component_New_Node,Enterprise,New-Node_bckfdbcisv,,559235750
Move_Operation_New_Component_New_Node,getTransactionContext,New-Component_uljoztollg,New-Node_aknqckkfxt,543791377
UMLCloneNode,LightDisplay,LightDisplay_jqcogzikri,,356335084
UMLCloneNode,CashBox,CashBox_wpovbklgvc,,362044843
Move_Component_New_Node,Enterprise,New-Node_bckfdbcisv,,589842039
UMLCloneNode,BarCodeScanner,BarCodeScanner_mkipvxhnht,,526319921
UMLCloneNode,CashBox,CashBox_mzauajzjkv,,464908260
UMLCloneNode,BarCodeScanner,BarCodeScanner_nwcgrijeaa,,465389232
Move_Operation_Component,enterOrderID,Persistence,,408059488
Move_Operation_New_Component_New_Node,getTransactionContext,New-Component_uljoztollg,New-Node_aknqckkfxt,679053314
UMLCloneNode,LightDisplay,LightDisplay_jqcogzikri,,486591054
UMLCloneNode,New-Node_bkjwirtbck,New-Node_bkjwirtbck_ptmxkzwzub,,228349894
Move_Component_New_Node,Enterprise,New-Node_bckfdbcisv,,438008564
Move_Operation_New_Component_New_Node,getTransactionContext,New-Component_uljoztollg,New-Node_aknqckkfxt,676787855
UMLCloneNode,CashBox,CashBox_mzauajzjkv,,518601957
Move_Operation_Component,startSale,GUIReporting,,315240236
Move_Operation_New_Component_New_Node,queryStockItem,New-Component_wleymwfckj,New-Node_jjijvmmzah,670537454
Move_Operation_New_Component_New_Node,getTransactionContext,New-Component_uljoztollg,New-Node_aknqckkfxt,678285223
UMLCloneNode,LightDisplay,LightDisplay_jqcogzikri,,463620735
Move_Operation_Component,startSale,GUIReporting,,277672793
UMLCloneNode,BarCodeScanner,BarCodeScanner_pdqxmdibmo,,481149419
Move_Operation_New_Component_New_Node,getMeanTimeToDeliveryReport,New-Component_fisnclpzmh,New-Node_gckzaxsmmx,634833025
UMLCloneNode,LightDisplay,LightDisplay_jqcogzikri,,460941040
Move_Operation_Component,startSale,GUIReporting,,286667961
Move_Component_New_Node,Enterprise,New-Node_bckfdbcisv,,574005730
UMLCloneNode,BarCodeScanner,BarCodeScanner_mkipvxhnht,,367644313
UMLCloneNode,LightDisplay,LightDisplay_jqcogzikri,,399137996
UMLCloneNode,BarCodeScanner,BarCodeScanner_nwcgrijeaa,,431665267
Move_Operation_Component,enterOrderID,Persistence,,288450986
Move_Operation_New_Component_New_Node,getTransactionContext,New-Component_uljoztollg,New-Node_aknqckkfxt,587694912
UMLCloneNode,LightDisplay,LightDisplay_jqcogzikri,,399647733
UMLCloneNode,New-Node_bkjwirtbck,New-Node_bkjwirtbck_ptmxkzwzub,,206765384
UMLCloneNode,BarCodeScanner,BarCodeScanner_pdqxmdibmo,,417495092
Move_Operation_New_Component_New_Node,getMeanTimeToDeliveryReport,New-Component_fisnclpzmh,New-Node_gckzaxsmmx,603305047
UMLCloneNode,LightDisplay,LightDisplay_jqcogzikri,,469013459
Move_Operation_Component,startSale,GUIReporting,,277165061
Move_Component_New_Node,GUIReporting,New-Node_pqzgutpzyf,,545201100
Move_Operation_New_Component_New_Node,createReport,New-Component_krnmrhlqet,New-Node_vdoyvfurbs,667257482
UMLCloneNode,LightDisplay,LightDisplay_jqcogzikri,,576060584
Move_Operation_Component,startSale,GUIReporting,,374097966
UMLCloneNode,BarCodeScanner,BarCodeScanner_pdqxmdibmo,,516553384
Move_Operation_New_Component_New_Node,getMeanTimeToDeliveryReport,New-Component_fisnclpzmh,New-Node_gckzaxsmmx,759828939
UMLCloneNode,LightDisplay,LightDisplay_jqcogzikri,,540096426
Move_Operation_Component,startSale,GUIReporting,,312466745
Move_Component_New_Node,Enterprise,New-Node_bckfdbcisv,,589633558
Move_Operation_New_Component_New_Node,getTransactionContext,New-Component_uljoztollg,New-Node_aknqckkfxt,647912313
UMLCloneNode,LightDisplay,LightDisplay_jqcogzikri,,495230226
Move_Operation_Component,startSale,GUIReporting,,295751657
UMLCloneNode,EnterpriseClient,EnterpriseClient_ykuanbrvvy,,573469705
Move_Operation_New_Component_New_Node,getTransactionContext,New-Component_uljoztollg,New-Node_aknqckkfxt,673042662
UMLCloneNode,CashBox,CashBox_mzauajzjkv,,473595803
Move_Operation_Component,startSale,GUIReporting,,283973459
Move_Component_New_Node,Enterprise,New-Node_bckfdbcisv,,561416520
Move_Operation_New_Component_New_Node,getTransactionContext,New-Component_uljoztollg,New-Node_aknqckkfxt,687967953
UMLCloneNode,LightDisplay,LightDisplay_jqcogzikri,,498762080
Move_Operation_Component,startSale,GUIReporting,,300060558
Move_Component_New_Node,Enterprise,New-Node_bckfdbcisv,,485368091
UMLCloneNode,BarCodeScanner,BarCodeScanner_mkipvxhnht,,394907883
UMLCloneNode,LightDisplay,LightDisplay_jqcogzikri,,600789559
UMLCloneNode,BarCodeScanner,BarCodeScanner_nwcgrijeaa,,436300740
Move_Component_New_Node,Enterprise,New-Node_bckfdbcisv,,526719971
Move_Operation_New_Component_New_Node,getTransactionContext,New-Component_uljoztollg,New-Node_aknqckkfxt,676939881
UMLCloneNode,LightDisplay,LightDisplay_jqcogzikri,,522812784
Move_Operation_Component,saleStartedEvent,CashBoxController,,285724763
Move_Operation_New_Component_New_Node,queryStockItem,New-Component_wleymwfckj,New-Node_jjijvmmzah,901304179
Move_Operation_New_Component_New_Node,getTransactionContext,New-Component_uljoztollg,New-Node_aknqckkfxt,609471922
UMLCloneNode,LightDisplay,LightDisplay_jqcogzikri,,420007254
Move_Operation_Component,startSale,GUIReporting,,297301053
Move_Operation_New_Component_New_Node,scanProduct,New-Component_dtprdjuiof,New-Node_bunrseuxaf,662559482
Move_Operation_New_Component_New_Node,getTransactionContext,New-Component_uljoztollg,New-Node_aknqckkfxt,762910738
UMLCloneNode,LightDisplay,LightDisplay_jqcogzikri,,416331961
Move_Operation_Component,startSale,GUIReporting,,165711733
Move_Component_New_Node,Enterprise,New-Node_bckfdbcisv,,545108456
Move_Operation_New_Component_New_Node,getTransactionContext,New-Component_uljoztollg,New-Node_aknqckkfxt,656213591
UMLCloneNode,LightDisplay,LightDisplay_jqcogzikri,,399582359
Move_Operation_Component,createReport,ScannerController,,250180745
Move_Component_New_Node,Enterprise,New-Node_bckfdbcisv,,584878520
Move_Operation_New_Component_New_Node,getTransactionContext,New-Component_uljoztollg,New-Node_aknqckkfxt,619693472
UMLCloneNode,LightDisplay,LightDisplay_jqcogzikri,,388098613
Move_Operation_Component,saleStartedEvent,CashBoxController,,269080990
Move_Operation_New_Component_New_Node,queryStockItem,New-Component_wleymwfckj,New-Node_jjijvmmzah,707270362
Move_Operation_New_Component_New_Node,getTransactionContext,New-Component_uljoztollg,New-Node_aknqckkfxt,687289310
UMLCloneNode,LightDisplay,LightDisplay_jqcogzikri,,470470612
Move_Operation_Component,startSale,GUIReporting,,195387236
Move_Component_New_Node,Enterprise,New-Node_bckfdbcisv,,654082855
Move_Operation_New_Component_New_Node,getTransactionContext,New-Component_uljoztollg,New-Node_aknqckkfxt,700847015
UMLCloneNode,LightDisplay,LightDisplay_jqcogzikri,,497508418
UMLCloneNode,CashBox,CashBox_wpovbklgvc,,554585730
Move_Component_New_Node,Enterprise,New-Node_bckfdbcisv,,501733372
Move_Operation_New_Component_New_Node,getTransactionContext,New-Component_uljoztollg,New-Node_aknqckkfxt,813422718
UMLCloneNode,LightDisplay,LightDisplay_jqcogzikri,,529960658
Move_Operation_Component,startSale,GUIReporting,,273424625
Move_Operation_New_Component_New_Node,getMeanTimeToDelivery,New-Component_azcafrhmgo,New-Node_lldqsdcwwq,652072675
Move_Operation_New_Component_New_Node,getTransactionContext,New-Component_uljoztollg,New-Node_aknqckkfxt,827176983
UMLCloneNode,LightDisplay,LightDisplay_jqcogzikri,,408816347
Move_Operation_Component,queryStockItem,CashBoxController,,307545274
Move_Component_New_Node,Enterprise,New-Node_bckfdbcisv,,568271707
UMLCloneNode,BarCodeScanner,BarCodeScanner_mkipvxhnht,,561805489
UMLCloneNode,CashBox,CashBox_mzauajzjkv,,477481670
Move_Operation_Component,startSale,GUIReporting,,304852354
Move_Component_New_Node,Enterprise,New-Node_bckfdbcisv,,578749076
UMLCloneNode,BarCodeScanner,BarCodeScanner_mkipvxhnht,,478634412
UMLCloneNode,CashBox,CashBox_mzauajzjkv,,469396066
Move_Operation_Component,startSale,GUIReporting,,179353075
Move_Component_New_Node,Enterprise,New-Node_bckfdbcisv,,456681261
Move_Operation_New_Component_New_Node,getTransactionContext,New-Component_uljoztollg,New-Node_aknqckkfxt,556305155
UMLCloneNode,LightDisplay,LightDisplay_jqcogzikri,,435877917
Move_Operation_Component,saleStartedEvent,CashBoxController,,269315840
Move_Component_New_Node,Enterprise,New-Node_bckfdbcisv,,510237480
UMLCloneNode,BarCodeScanner,BarCodeScanner_mkipvxhnht,,373213027
UMLCloneNode,CashBox,CashBox_mzauajzjkv,,372716586
Move_Operation_Component,startSale,GUIReporting,,252561219
Move_Component_New_Node,GUIReporting,New-Node_pqzgutpzyf,,563532839
Move_Operation_New_Component_New_Node,createReport,New-Component_krnmrhlqet,New-Node_vdoyvfurbs,643229020
UMLCloneNode,LightDisplay,LightDisplay_jqcogzikri,,536547211
Move_Operation_Component,startSale,GUIReporting,,402105411
Move_Component_New_Node,Enterprise,New-Node_bckfdbcisv,,430563020
Move_Operation_New_Component_New_Node,getTransactionContext,New-Component_uljoztollg,New-Node_aknqckkfxt,701823837
UMLCloneNode,LightDisplay,LightDisplay_jqcogzikri,,423583180
UMLCloneNode,BarCodeScanner,BarCodeScanner_nwcgrijeaa,,545111572
Move_Operation_New_Component_New_Node,getEnterpriseByID,New-Component_ggnwyxhrex,New-Node_zjntlxfcyq,674145340
Move_Operation_New_Component_New_Node,createReport,New-Component_krnmrhlqet,New-Node_vdoyvfurbs,716277794
UMLCloneNode,LightDisplay,LightDisplay_jqcogzikri,,466011770
Move_Operation_Component,startSale,GUIReporting,,327534242
Move_Component_New_Node,Enterprise,New-Node_bckfdbcisv,,706479629
Move_Operation_New_Component_New_Node,getTransactionContext,New-Component_uljoztollg,New-Node_aknqckkfxt,685821797
UMLCloneNode,LightDisplay,LightDisplay_jqcogzikri,,392492032
Move_Operation_Component,saleStartedEvent,CashBoxController,,241993520
Move_Component_New_Node,GUIReporting,New-Node_pqzgutpzyf,,578642215
Move_Operation_New_Component_New_Node,createReport,New-Component_krnmrhlqet,New-Node_vdoyvfurbs,575133745
UMLCloneNode,LightDisplay,LightDisplay_jqcogzikri,,415100000
Move_Operation_Component,startSale,GUIReporting,,279527922
Move_Component_New_Node,Enterprise,New-Node_bckfdbcisv,,562425833
Move_Operation_New_Component_New_Node,getTransactionContext,New-Component_uljoztollg,New-Node_aknqckkfxt,855734098
UMLCloneNode,LightDisplay,LightDisplay_jqcogzikri,,547594749
Move_Operation_Component,saleStartedEvent,CashBoxController,,316974699
Move_Component_New_Node,GUIReporting,New-Node_pqzgutpzyf,,757217282
Move_Operation_New_Component_New_Node,createReport,New-Component_krnmrhlqet,New-Node_vdoyvfurbs,744900383
UMLCloneNode,LightDisplay,LightDisplay_jqcogzikri,,437282912
Move_Operation_Component,startSale,GUIReporting,,311998747
Move_Operation_New_Component_New_Node,createReport,New-Component_dghwzabzkd,New-Node_yjsormmwta,666886797
Move_Operation_New_Component_New_Node,createReport,New-Component_krnmrhlqet,New-Node_vdoyvfurbs,725749217
UMLCloneNode,LightDisplay,LightDisplay_jqcogzikri,,482841392
Move_Operation_Component,startSale,GUIReporting,,290789190
Move_Component_New_Node,Enterprise,New-Node_bckfdbcisv,,556548992
Move_Operation_New_Component_New_Node,getTransactionContext,New-Component_uljoztollg,New-Node_aknqckkfxt,710923643
UMLCloneNode,LightDisplay,LightDisplay_jqcogzikri,,457095248
Move_Operation_Component,saleStartedEvent,CashBoxController,,338268613
Move_Component_New_Node,GUIReporting,New-Node_pqzgutpzyf,,491481876
Move_Operation_New_Component_New_Node,createReport,New-Component_krnmrhlqet,New-Node_vdoyvfurbs,646688989
UMLCloneNode,LightDisplay,LightDisplay_jqcogzikri,,596547845
Move_Operation_Component,startSale,GUIReporting,,307951397
Move_Component_New_Node,Enterprise,New-Node_bckfdbcisv,,537312475
Move_Operation_New_Component_New_Node,getTransactionContext,New-Component_uljoztollg,New-Node_aknqckkfxt,764374434
UMLCloneNode,LightDisplay,LightDisplay_jqcogzikri,,503442698
UMLCloneNode,CashBox,CashBox_wpovbklgvc,,575957761
Move_Component_New_Node,Enterprise,New-Node_bckfdbcisv,,390363010
Move_Operation_New_Component_New_Node,getTransactionContext,New-Component_uljoztollg,New-Node_aknqckkfxt,661297535
UMLCloneNode,LightDisplay,LightDisplay_jqcogzikri,,484650805
Move_Operation_Component,saleStartedEvent,CashBoxController,,306673550
UMLCloneNode,EnterpriseClient,EnterpriseClient_ykuanbrvvy,,454105031
Move_Operation_New_Component_New_Node,getTransactionContext,New-Component_uljoztollg,New-Node_aknqckkfxt,616001418
UMLCloneNode,CashBox,CashBox_mzauajzjkv,,448595448
Move_Operation_Component,createReport,ScannerController,,270391738
Move_Component_New_Node,Enterprise,New-Node_bckfdbcisv,,566292535
Move_Operation_New_Component_New_Node,getTransactionContext,New-Component_uljoztollg,New-Node_aknqckkfxt,541196450
UMLCloneNode,LightDisplay,LightDisplay_jqcogzikri,,364069700
Move_Operation_Component,startSale,GUIReporting,,245198410
Move_Component_New_Node,GUIReporting,New-Node_pqzgutpzyf,,490149567
Move_Operation_New_Component_New_Node,createReport,New-Component_krnmrhlqet,New-Node_vdoyvfurbs,747482255
UMLCloneNode,LightDisplay,LightDisplay_jqcogzikri,,419965135
Move_Operation_Component,startSale,GUIReporting,,250555647
UMLCloneNode,EnterpriseClient,EnterpriseClient_ykuanbrvvy,,477533668
Move_Operation_New_Component_New_Node,getTransactionContext,New-Component_uljoztollg,New-Node_aknqckkfxt,656440106
Move_Component_New_Node,AppStore,New-Node_dxnqxhlxdb,,556226877
Move_Operation_Component,saleStartedEvent,CashBoxController,,470596108
Move_Component_New_Node,PrinterController,New-Node_lvjzjmyrpj,,741868257
Move_Operation_New_Component_New_Node,getTransactionContext,New-Component_uljoztollg,New-Node_aknqckkfxt,654291016
UMLCloneNode,LightDisplay,LightDisplay_jqcogzikri,,520829514
Move_Operation_Component,saleStartedEvent,CashBoxController,,295169896
Move_Component_New_Node,Enterprise,New-Node_bckfdbcisv,,530259740
Move_Operation_New_Component_New_Node,getTransactionContext,New-Component_uljoztollg,New-Node_aknqckkfxt,604977624
UMLCloneNode,LightDisplay,LightDisplay_jqcogzikri,,413929024
Move_Operation_Component,saleStartedEvent,CashBoxController,,281030089
Move_Component_New_Node,Enterprise,New-Node_bckfdbcisv,,533212366
Move_Operation_New_Component_New_Node,getTransactionContext,New-Component_uljoztollg,New-Node_aknqckkfxt,581920813
UMLCloneNode,LightDisplay,LightDisplay_jqcogzikri,,360146222
Move_Operation_Component,startSale,GUIReporting,,244313501
Move_Operation_New_Component_New_Node,createReport,New-Component_dghwzabzkd,New-Node_yjsormmwta,561817332
Move_Operation_New_Component_New_Node,createReport,New-Component_krnmrhlqet,New-Node_vdoyvfurbs,512202185
UMLCloneNode,LightDisplay,LightDisplay_jqcogzikri,,501754431
Move_Operation_Component,startSale,GUIReporting,,256053969
UMLCloneNode,EnterpriseServer,EnterpriseServer_deozmwegbx,,359497555
Move_Operation_New_Component_New_Node,getTransactionContext,New-Component_uljoztollg,New-Node_aknqckkfxt,559230490
UMLCloneNode,LightDisplay,LightDisplay_jqcogzikri,,363336635
Move_Operation_New_Component_New_Node,getTransactionContext,New-Component_zjdvpslvyq,New-Node_vdgcrohvsl,647891233
UMLCloneNode,EnterpriseServer,EnterpriseServer_deozmwegbx,,515331232
Move_Operation_New_Component_New_Node,getTransactionContext,New-Component_uljoztollg,New-Node_aknqckkfxt,579354892
UMLCloneNode,LightDisplay,LightDisplay_jqcogzikri,,421050871
Move_Operation_New_Component_New_Node,getTransactionContext,New-Component_zjdvpslvyq,New-Node_vdgcrohvsl,683706982
Move_Component_New_Node,Enterprise,New-Node_bckfdbcisv,,579616192
Move_Operation_New_Component_New_Node,getTransactionContext,New-Component_uljoztollg,New-Node_aknqckkfxt,724009133
UMLCloneNode,LightDisplay,LightDisplay_jqcogzikri,,497577027
Move_Operation_Component,saleStartedEvent,CashBoxController,,302050249
Move_Component_New_Node,Enterprise,New-Node_bckfdbcisv,,637570208
Move_Operation_New_Component_New_Node,getTransactionContext,New-Component_uljoztollg,New-Node_aknqckkfxt,662844486
UMLCloneNode,LightDisplay,LightDisplay_jqcogzikri,,349606235
UMLCloneNode,BarCodeScanner,BarCodeScanner_nwcgrijeaa,,367251797
UMLCloneNode,EnterpriseClient,EnterpriseClient_ykuanbrvvy,,386071151
Move_Operation_New_Component_New_Node,getTransactionContext,New-Component_uljoztollg,New-Node_aknqckkfxt,569795755
UMLCloneNode,LightDisplay,LightDisplay_jqcogzikri,,369705158
Move_Operation_New_Component_New_Node,getTransactionContext,New-Component_ffnvqsmswf,New-Node_etsbyleszh,549849587
Move_Operation_New_Component_New_Node,getEnterpriseByID,New-Component_ggnwyxhrex,New-Node_zjntlxfcyq,697599696
Move_Operation_New_Component_New_Node,createReport,New-Component_krnmrhlqet,New-Node_vdoyvfurbs,722799034
UMLCloneNode,LightDisplay,LightDisplay_jqcogzikri,,397380019
Move_Operation_Component,startSale,GUIReporting,,274042875
Move_Component_New_Node,Enterprise,New-Node_bckfdbcisv,,597031682
Move_Operation_New_Component_New_Node,getTransactionContext,New-Component_uljoztollg,New-Node_aknqckkfxt,602365635
UMLCloneNode,LightDisplay,LightDisplay_jqcogzikri,,372956195
UMLCloneNode,BarCodeScanner,BarCodeScanner_nwcgrijeaa,,367177157
Move_Component_New_Node,Enterprise,New-Node_bckfdbcisv,,602472336
Move_Operation_New_Component_New_Node,getTransactionContext,New-Component_uljoztollg,New-Node_aknqckkfxt,773719689
UMLCloneNode,LightDisplay,LightDisplay_jqcogzikri,,419050059
Move_Operation_Component,startSale,GUIReporting,,311353847
Move_Operation_New_Component_New_Node,printRunningTotal,New-Component_uoeibevwdx,New-Node_hyrcsixgen,748985123
Move_Operation_New_Component_New_Node,getTransactionContext,New-Component_uljoztollg,New-Node_aknqckkfxt,771579156
UMLCloneNode,LightDisplay,LightDisplay_jqcogzikri,,429071693
Move_Operation_Component,queryStockItem,CashBoxController,,291333953
Move_Component_New_Node,Enterprise,New-Node_bckfdbcisv,,277755478
Move_Operation_New_Component_New_Node,getTransactionContext,New-Component_uljoztollg,New-Node_aknqckkfxt,327833723
UMLCloneNode,LightDisplay,LightDisplay_jqcogzikri,,237676804
Move_Operation_Component,saleStartedEvent,CashBoxController,,162168197
Move_Component_New_Node,Enterprise,New-Node_bckfdbcisv,,529738351
Move_Operation_New_Component_New_Node,getTransactionContext,New-Component_uljoztollg,New-Node_aknqckkfxt,679297602
UMLCloneNode,LightDisplay,LightDisplay_jqcogzikri,,499698716
UMLCloneNode,BarCodeScanner,BarCodeScanner_nwcgrijeaa,,522239709
Move_Component_New_Node,Enterprise,New-Node_bckfdbcisv,,551377773
Move_Operation_New_Component_New_Node,getTransactionContext,New-Component_uljoztollg,New-Node_aknqckkfxt,736937679
UMLCloneNode,LightDisplay,LightDisplay_jqcogzikri,,571625285
UMLCloneNode,CashBox,CashBox_wpovbklgvc,,605940179
UMLCloneNode,EnterpriseServer,EnterpriseServer_deozmwegbx,,512565215
Move_Operation_New_Component_New_Node,getTransactionContext,New-Component_uljoztollg,New-Node_aknqckkfxt,662718610
UMLCloneNode,LightDisplay,LightDisplay_jqcogzikri,,458023138
Move_Operation_New_Component_New_Node,getTransactionContext,New-Component_zjdvpslvyq,New-Node_vdgcrohvsl,648590935
Move_Operation_Component,getMeanTimeToDeliveryReport,DataStore,,445168321
Move_Operation_New_Component_New_Node,getTransactionContext,New-Component_uljoztollg,New-Node_aknqckkfxt,586575072
UMLCloneNode,LightDisplay,LightDisplay_jqcogzikri,,413968199
UMLCloneNode,BarCodeScanner,BarCodeScanner_nwcgrijeaa,,425113280
Move_Component_New_Node,PrinterController,New-Node_wktwfvqzdd,,701363544
Move_Operation_New_Component_New_Node,getTransactionContext,New-Component_uljoztollg,New-Node_aknqckkfxt,633805537
UMLCloneNode,LightDisplay,LightDisplay_jqcogzikri,,321948006
Move_Operation_Component,saleStartedEvent,CashBoxController,,235742968
Move_Operation_New_Component_New_Node,enterOrderID,New-Component_qcbvgytwsb,New-Node_vnsqjxgthv,574405179
Move_Operation_New_Component_New_Node,getTransactionContext,New-Component_uljoztollg,New-Node_aknqckkfxt,580202341
UMLCloneNode,LightDisplay,LightDisplay_jqcogzikri,,457636212
Move_Operation_New_Component_New_Node,getTransactionContext,New-Component_zjdvpslvyq,New-Node_vdgcrohvsl,588062902
UMLCloneNode,New-Node_tgfslsruni,New-Node_tgfslsruni_zjdtfgyeqp,,254369810
Move_Operation_New_Component_New_Node,getTransactionContext,New-Component_uljoztollg,New-Node_aknqckkfxt,959569388
UMLCloneNode,LightDisplay,LightDisplay_jqcogzikri,,550678632
Move_Operation_Component,queryStockItem,CashBoxController,,310994454
UMLCloneNode,EnterpriseServer,EnterpriseServer_deozmwegbx,,475232172
Move_Operation_New_Component_New_Node,getTransactionContext,New-Component_uljoztollg,New-Node_aknqckkfxt,642045761
UMLCloneNode,LightDisplay,LightDisplay_jqcogzikri,,476543652
Move_Operation_New_Component_New_Node,getTransactionContext,New-Component_zjdvpslvyq,New-Node_vdgcrohvsl,716109007
Move_Component_New_Node,Enterprise,New-Node_bckfdbcisv,,617148189
Move_Operation_New_Component_New_Node,getTransactionContext,New-Component_uljoztollg,New-Node_aknqckkfxt,573863914
UMLCloneNode,LightDisplay,LightDisplay_jqcogzikri,,389313441
Move_Operation_Component,createReport,ScannerController,,282924051
Move_Operation_New_Component_New_Node,createReport,New-Component_dghwzabzkd,New-Node_yjsormmwta,669387137
Move_Operation_New_Component_New_Node,createReport,New-Component_krnmrhlqet,New-Node_vdoyvfurbs,585075810
UMLCloneNode,LightDisplay,LightDisplay_jqcogzikri,,381880051
Move_Operation_Component,startSale,GUIReporting,,440368980
Move_Operation_New_Component_New_Node,createReport,New-Component_dghwzabzkd,New-Node_yjsormmwta,681264020
Move_Operation_New_Component_New_Node,createReport,New-Component_krnmrhlqet,New-Node_vdoyvfurbs,650537586
UMLCloneNode,LightDisplay,LightDisplay_jqcogzikri,,516992828
Move_Operation_Component,startSale,GUIReporting,,273335869
Move_Component_New_Node,PrinterController,New-Node_lvjzjmyrpj,,668941762
Move_Operation_New_Component_New_Node,getTransactionContext,New-Component_uljoztollg,New-Node_aknqckkfxt,592190644
UMLCloneNode,LightDisplay,LightDisplay_jqcogzikri,,409218631
Move_Operation_Component,saleStartedEvent,CashBoxController,,280830354
Move_Operation_New_Component_New_Node,printRunningTotal,New-Component_uoeibevwdx,New-Node_hyrcsixgen,665804808
Move_Operation_New_Component_New_Node,getTransactionContext,New-Component_uljoztollg,New-Node_aknqckkfxt,549937834
UMLCloneNode,LightDisplay,LightDisplay_jqcogzikri,,368315181
Move_Operation_Component,queryStockItem,CashBoxController,,396982103
UMLCloneNode,EnterpriseClient,EnterpriseClient_ykuanbrvvy,,453824404
Move_Operation_New_Component_New_Node,getTransactionContext,New-Component_uljoztollg,New-Node_aknqckkfxt,717618679
UMLCloneNode,LightDisplay,LightDisplay_jqcogzikri,,625591883
Move_Operation_Component,queryStockItem,CashBoxController,,342588665
Move_Operation_Component,getMeanTimeToDeliveryReport,DataStore,,305244230
Move_Operation_New_Component_New_Node,getTransactionContext,New-Component_uljoztollg,New-Node_aknqckkfxt,649063772
UMLCloneNode,LightDisplay,LightDisplay_jqcogzikri,,427891841
UMLCloneNode,BarCodeScanner,BarCodeScanner_nwcgrijeaa,,368531277
UMLCloneNode,EnterpriseServer,EnterpriseServer_deozmwegbx,,360663993
Move_Operation_New_Component_New_Node,getTransactionContext,New-Component_uljoztollg,New-Node_aknqckkfxt,760467166
UMLCloneNode,LightDisplay,LightDisplay_jqcogzikri,,481242293
Move_Operation_New_Component_New_Node,getTransactionContext,New-Component_zjdvpslvyq,New-Node_vdgcrohvsl,655459517
Move_Component_New_Node,Enterprise,New-Node_bckfdbcisv,,266534303
Move_Operation_New_Component_New_Node,getTransactionContext,New-Component_uljoztollg,New-Node_aknqckkfxt,344526779
UMLCloneNode,LightDisplay,LightDisplay_jqcogzikri,,360812031
Move_Operation_Component,saleStartedEvent,CashBoxController,,241881620
Move_Component_New_Node,Enterprise,New-Node_bckfdbcisv,,578437270
Move_Operation_New_Component_New_Node,getTransactionContext,New-Component_uljoztollg,New-Node_aknqckkfxt,680442068
UMLCloneNode,LightDisplay,LightDisplay_jqcogzikri,,473905504
Move_Operation_Component,saleStartedEvent,CashBoxController,,419774488
Move_Component_New_Node,Enterprise,New-Node_bckfdbcisv,,647045888
Move_Operation_New_Component_New_Node,getTransactionContext,New-Component_uljoztollg,New-Node_aknqckkfxt,821852588
UMLCloneNode,LightDisplay,LightDisplay_jqcogzikri,,527850611
Move_Operation_Component,saleStartedEvent,CashBoxController,,325978403
UMLCloneNode,EnterpriseClient,EnterpriseClient_rpnipchukf,,494796412
Move_Operation_New_Component_New_Node,createReport,New-Component_krnmrhlqet,New-Node_vdoyvfurbs,643195457
UMLCloneNode,LightDisplay,LightDisplay_jqcogzikri,,416181690
Move_Operation_Component,startSale,GUIReporting,,258375653
Move_Operation_New_Component_New_Node,getEnterpriseByID,New-Component_ggnwyxhrex,New-Node_zjntlxfcyq,839256677
Move_Operation_New_Component_New_Node,createReport,New-Component_krnmrhlqet,New-Node_vdoyvfurbs,581413152
UMLCloneNode,LightDisplay,LightDisplay_jqcogzikri,,298004112
Move_Operation_Component,startSale,GUIReporting,,855084339
UMLCloneNode,EnterpriseClient,EnterpriseClient_ykuanbrvvy,,369006959
Move_Operation_New_Component_New_Node,getTransactionContext,New-Component_uljoztollg,New-Node_aknqckkfxt,636339319
UMLCloneNode,CashBox,CashBox_mzauajzjkv,,468392405
Move_Operation_Component,startSale,GUIReporting,,186656021
Move_Component_New_Node,Enterprise,New-Node_ehuzokdbhf,,526043142
Move_Operation_New_Component_New_Node,getTransactionContext,New-Component_uljoztollg,New-Node_aknqckkfxt,834829074
UMLCloneNode,LightDisplay,LightDisplay_jqcogzikri,,263098210
Move_Operation_Component,saleStartedEvent,CashBoxController,,164425741
UMLCloneNode,EnterpriseClient,EnterpriseClient_ykuanbrvvy,,682199464
Move_Operation_New_Component_New_Node,getTransactionContext,New-Component_uljoztollg,New-Node_aknqckkfxt,588259361
UMLCloneNode,CashBox,CashBox_mzauajzjkv,,412602147
Move_Operation_Component,startSale,GUIReporting,,250430724
Move_Component_New_Node,Enterprise,New-Node_bckfdbcisv,,609207546
Move_Operation_New_Component_New_Node,getTransactionContext,New-Component_uljoztollg,New-Node_aknqckkfxt,512873413
UMLCloneNode,LightDisplay,LightDisplay_jqcogzikri,,484560667
Move_Operation_Component,createReport,ScannerController,,407710303
Move_Operation_New_Component_New_Node,printRunningTotal,New-Component_uoeibevwdx,New-Node_hyrcsixgen,639062196
Move_Operation_New_Component_New_Node,getTransactionContext,New-Component_uljoztollg,New-Node_aknqckkfxt,697282701
UMLCloneNode,LightDisplay,LightDisplay_jqcogzikri,,460586295
Move_Operation_Component,queryStockItem,CashBoxController,,270866127
Move_Component_New_Node,Enterprise,New-Node_bckfdbcisv,,371318543
Move_Operation_New_Component_New_Node,getTransactionContext,New-Component_uljoztollg,New-Node_aknqckkfxt,661347389
UMLCloneNode,LightDisplay,LightDisplay_jqcogzikri,,516062373
Move_Operation_Component,createReport,ScannerController,,326285790
Move_Operation_New_Component_New_Node,enterOrderID,New-Component_qcbvgytwsb,New-Node_vnsqjxgthv,687500506
Move_Operation_New_Component_New_Node,getTransactionContext,New-Component_uljoztollg,New-Node_aknqckkfxt,757322398
UMLCloneNode,LightDisplay,LightDisplay_jqcogzikri,,405005130
Move_Operation_New_Component_New_Node,getTransactionContext,New-Component_zjdvpslvyq,New-Node_vdgcrohvsl,668731837
Move_Operation_New_Component_New_Node,printRunningTotal,New-Component_uoeibevwdx,New-Node_hyrcsixgen,580206209
Move_Operation_New_Component_New_Node,getTransactionContext,New-Component_uljoztollg,New-Node_aknqckkfxt,554629823
UMLCloneNode,LightDisplay,LightDisplay_jqcogzikri,,374398820
Move_Operation_Component,queryStockItem,CashBoxController,,269884827
UMLCloneNode,EnterpriseClient,EnterpriseClient_ykuanbrvvy,,388657231
Move_Operation_New_Component_New_Node,getTransactionContext,New-Component_uljoztollg,New-Node_aknqckkfxt,560171095
UMLCloneNode,CashBox,CashBox_mzauajzjkv,,403945762
Move_Operation_Component,startSale,GUIReporting,,251032001
UMLCloneNode,New-Node_tgfslsruni,New-Node_tgfslsruni_zjdtfgyeqp,,240317597
Move_Operation_New_Component_New_Node,getTransactionContext,New-Component_uljoztollg,New-Node_aknqckkfxt,696465188
UMLCloneNode,LightDisplay,LightDisplay_jqcogzikri,,514325377
Move_Operation_Component,queryStockItem,CashBoxController,,286728405
Move_Operation_New_Component_New_Node,printRunningTotal,New-Component_uoeibevwdx,New-Node_hyrcsixgen,622284220
Move_Operation_New_Component_New_Node,getTransactionContext,New-Component_uljoztollg,New-Node_aknqckkfxt,574321482
UMLCloneNode,LightDisplay,LightDisplay_jqcogzikri,,460924950
Move_Operation_Component,queryStockItem,CashBoxController,,258554448
Move_Component_New_Node,PrinterController,New-Node_lvjzjmyrpj,,464152183
Move_Operation_New_Component_New_Node,getTransactionContext,New-Component_uljoztollg,New-Node_aknqckkfxt,824939907
UMLCloneNode,LightDisplay,LightDisplay_jqcogzikri,,401024894
Move_Operation_Component,saleStartedEvent,CashBoxController,,291043287
UMLCloneNode,EnterpriseClient,EnterpriseClient_ykuanbrvvy,,446095650
Move_Operation_New_Component_New_Node,getTransactionContext,New-Component_uljoztollg,New-Node_aknqckkfxt,538034400
UMLCloneNode,CashBox,CashBox_mzauajzjkv,,375077323
Move_Operation_Component,startSale,GUIReporting,,260787506
Move_Operation_New_Component_New_Node,printRunningTotal,New-Component_uoeibevwdx,New-Node_hyrcsixgen,612699966
Move_Operation_New_Component_New_Node,getTransactionContext,New-Component_uljoztollg,New-Node_aknqckkfxt,561838652
UMLCloneNode,LightDisplay,LightDisplay_jqcogzikri,,456749039
Move_Operation_Component,queryStockItem,CashBoxController,,260082764
Move_Component_New_Node,PrinterController,New-Node_lvjzjmyrpj,,586644171
Move_Operation_New_Component_New_Node,getTransactionContext,New-Component_uljoztollg,New-Node_aknqckkfxt,638522934
UMLCloneNode,LightDisplay,LightDisplay_jqcogzikri,,370214674
Move_Operation_Component,saleStartedEvent,CashBoxController,,239860450
Move_Operation_New_Component_New_Node,getEnterpriseByID,New-Component_ggnwyxhrex,New-Node_zjntlxfcyq,654412744
Move_Operation_New_Component_New_Node,createReport,New-Component_krnmrhlqet,New-Node_vdoyvfurbs,594771314
UMLCloneNode,LightDisplay,LightDisplay_jqcogzikri,,378126431
Move_Operation_Component,startSale,GUIReporting,,249904907
Move_Operation_New_Component_New_Node,getEnterpriseByID,New-Component_ggnwyxhrex,New-Node_zjntlxfcyq,334370413
Move_Operation_New_Component_New_Node,createReport,New-Component_krnmrhlqet,New-Node_vdoyvfurbs,441326125
UMLCloneNode,LightDisplay,LightDisplay_jqcogzikri,,370028996
Move_Operation_Component,startSale,GUIReporting,,244840941
Move_Operation_New_Component_New_Node,queryOrderById,New-Component_ccvjsqklpg,New-Node_mimkydolha,717969948
Move_Operation_New_Component_New_Node,getTransactionContext,New-Component_uljoztollg,New-Node_aknqckkfxt,784316403
UMLCloneNode,LightDisplay,LightDisplay_jqcogzikri,,564642701
Move_Operation_New_Component_New_Node,getTransactionContext,New-Component_zjdvpslvyq,New-Node_vdgcrohvsl,772006377
Move_Component_New_Node,PrinterController,New-Node_lvjzjmyrpj,,729953361
Move_Operation_New_Component_New_Node,getTransactionContext,New-Component_uljoztollg,New-Node_aknqckkfxt,585595014
UMLCloneNode,LightDisplay,LightDisplay_jqcogzikri,,593505258
UMLCloneNode,BarCodeScanner,BarCodeScanner_ojjhuqtlxr,,375450683
UMLCloneNode,EnterpriseClient,EnterpriseClient_teicrojnvf,,502645852
Move_Operation_New_Component_New_Node,getTransactionContext,New-Component_uljoztollg,New-Node_aknqckkfxt,688956056
UMLCloneNode,LightDisplay,LightDisplay_jqcogzikri,,538781400
Move_Operation_Component,createReport,ScannerController,,406811747
Move_Component_New_Node,Enterprise,New-Node_bckfdbcisv,,569815992
Move_Operation_New_Component_New_Node,getTransactionContext,New-Component_uljoztollg,New-Node_aknqckkfxt,642632291
UMLCloneNode,LightDisplay,LightDisplay_jqcogzikri,,451395058
Move_Operation_Component,createReport,ScannerController,,262197891
UMLCloneNode,EnterpriseClient,EnterpriseClient_rpnipchukf,,401533589
Move_Operation_New_Component_New_Node,createReport,New-Component_krnmrhlqet,New-Node_vdoyvfurbs,690160765
UMLCloneNode,LightDisplay,LightDisplay_jqcogzikri,,476776338
Move_Operation_Component,startSale,GUIReporting,,312642424
Move_Component_New_Node,PrinterController,New-Node_hioevalswj,,468017301
Move_Operation_New_Component_New_Node,getTransactionContext,New-Component_uljoztollg,New-Node_aknqckkfxt,827661210
UMLCloneNode,LightDisplay,LightDisplay_jqcogzikri,,381743404
Move_Operation_New_Component_New_Node,getTransactionContext,New-Component_zjdvpslvyq,New-Node_vdgcrohvsl,633745094
UMLCloneNode,CashDeskPC,CashDeskPC_uegzbywvqp,,432640546
Move_Operation_New_Component_New_Node,createReport,New-Component_krnmrhlqet,New-Node_vdoyvfurbs,628182893
UMLCloneNode,LightDisplay,LightDisplay_jqcogzikri,,458921794
Move_Operation_Component,startSale,GUIReporting,,267171899
Move_Operation_Component,getMeanTimeToDeliveryReport,DataStore,,447936251
Move_Operation_New_Component_New_Node,getTransactionContext,New-Component_uljoztollg,New-Node_aknqckkfxt,724509242
UMLCloneNode,LightDisplay,LightDisplay_jqcogzikri,,458898289
UMLCloneNode,BarCodeScanner,BarCodeScanner_nwcgrijeaa,,376571225
Move_Component_New_Node,Enterprise,New-Node_bckfdbcisv,,435018655
Move_Operation_New_Component_New_Node,getTransactionContext,New-Component_uljoztollg,New-Node_aknqckkfxt,553231801
UMLCloneNode,LightDisplay,LightDisplay_jqcogzikri,,594597087
Move_Operation_Component,saleStartedEvent,CashBoxController,,265217684
Move_Component_New_Node,Enterprise,New-Node_bckfdbcisv,,514473334
Move_Operation_New_Component_New_Node,getTransactionContext,New-Component_uljoztollg,New-Node_aknqckkfxt,999308745
UMLCloneNode,LightDisplay,LightDisplay_jqcogzikri,,548988163
Move_Operation_Component,saleStartedEvent,CashBoxController,,375142315
UMLCloneNode,EnterpriseClient,EnterpriseClient_rpnipchukf,,545614726
Move_Operation_New_Component_New_Node,getTransactionContext,New-Component_uljoztollg,New-Node_aknqckkfxt,623529435
UMLCloneNode,LightDisplay,LightDisplay_jqcogzikri,,461546426
Move_Operation_Component,saleStartedEvent,CashBoxController,,349875510
Move_Operation_Component,getMeanTimeToDeliveryReport,DataStore,,248499281
Move_Operation_New_Component_New_Node,getTransactionContext,New-Component_uljoztollg,New-Node_aknqckkfxt,650664334
UMLCloneNode,LightDisplay,LightDisplay_jqcogzikri,,420156914
UMLCloneNode,BarCodeScanner,BarCodeScanner_nwcgrijeaa,,348320965
Move_Component_New_Node,Enterprise,New-Node_bckfdbcisv,,282720679
Move_Operation_New_Component_New_Node,getTransactionContext,New-Component_uljoztollg,New-Node_aknqckkfxt,350605429
UMLCloneNode,LightDisplay,LightDisplay_lgarqtdqll,,399713345
Move_Operation_Component,createReport,ScannerController,,247323896
Move_Component_New_Node,PrinterController,New-Node_lvjzjmyrpj,,555065349
Move_Operation_New_Component_New_Node,getTransactionContext,New-Component_uljoztollg,New-Node_aknqckkfxt,652496700
UMLCloneNode,LightDisplay,LightDisplay_jqcogzikri,,604999775
Move_Operation_Component,saleStartedEvent,CashBoxController,,259469675
