operation,target,to,where,exec_time(nanoSec)
Move_Component_New_Node,Admin-user,New-Node_vmsffdwrku,,2871974494
Move_Operation_New_Component_New_Node,modify,New-Component_ajuouhrzjr,New-Node_fxlqyiiyev,2079535671
Move_Operation_New_Component_New_Node,generate,New-Component_cgfbumamhw,New-Node_qkgcvibdmg,2040410890
UMLCloneNode,continer-route-plan,continer-route-plan_djlwfmffju,,612179376
Move_Component_New_Node,Travel-plan,New-Node_imlykodlea,,1086300417
Move_Operation_New_Component_New_Node,updateUser,New-Component_rgfzpsqzqf,New-Node_dyieoteigg,972608899
Move_Operation_Component,updateUser,Order-other,,317832111
UMLCloneNode,container-admin-user,container-admin-user_hucrmkumri,,443414034
UMLCloneNode,container-travel-plan,container-travel-plan_wsslohgqnh,,435770892
UMLCloneNode,continer-route-plan,continer-route-plan_zetreaymec,,384260267
Move_Operation_Component,updateUser,Route-plan,,315139001
Move_Component_New_Node,Station,New-Node_mwadttqwze,,438204846
Move_Operation_Component,getByID,Route-plan,,294471328
UMLCloneNode,container-travel-plan,container-travel-plan_vpvhkfmuss,,418174227
Move_Component_New_Node,Rebook,New-Node_gvhpyspxjt,,506145858
Move_Operation_New_Component_New_Node,verify,New-Component_qdojzqkoyn,New-Node_qggsditsap,599024551
UMLCloneNode,container-order-other,container-order-other_dcefawurzh,,408930044
Move_Operation_New_Component_New_Node,updateUser,New-Component_wdaacrsodc,New-Node_vdijsicgrt,521752241
Move_Operation_New_Component_New_Node,updateUser,New-Component_wexfabftig,New-Node_lnksdahrqc,623261736
Move_Operation_Component,verify,Route-plan,,235439260
UMLCloneNode,container-ticket-info,container-ticket-info_ufkmabtipd,,386536064
UMLCloneNode,container-verification,container-verification_efwitkmpjc,,358180466
Move_Component_New_Node,Seat,New-Node_imzbuftkes,,435375390
Move_Operation_Component,findAll,Route-plan,,220500419
Move_Component_New_Node,Order-other,New-Node_zqhiuwyirv,,442005783
Move_Operation_Component,modify,Order-other,,221763388
Move_Operation_New_Component_New_Node,rebook,New-Component_occadfsret,New-Node_qqpvhwlaij,615078102
Move_Operation_New_Component_New_Node,findAll,New-Component_hsfchvdfjr,New-Node_uqihivzqtw,587409211
Move_Component_New_Node,Travel-plan,New-Node_mifegovvri,,469294260
UMLCloneNode,container-order-other,container-order-other_rdcdgejfrn,,379511823
Move_Operation_Component,findAll,Verification,,283394479
UMLCloneNode,container-ticket-info,container-ticket-info_ozinkxnnym,,419446061
Move_Component_New_Node,Admin-user,New-Node_jummfzkuay,,475275935
Move_Operation_New_Component_New_Node,generate,New-Component_zldwztwedf,New-Node_vskhtvefyb,583887298
Move_Operation_New_Component_New_Node,login,New-Component_pqwwyhssgp,New-Node_kezaiznuvb,542676455
UMLCloneNode,container-ticket-info,container-ticket-info_lgleaeupjj,,363127682
UMLCloneNode,container-sso,container-sso_gytuoefomq,,386501499
Move_Operation_New_Component_New_Node,getByID,New-Component_qsmdspkcgt,New-Node_ipqrjtgezy,490110772
Move_Component_New_Node,Verification,New-Node_qmhwpfwcrm,,578199723
Move_Operation_New_Component_New_Node,login,New-Component_jbggcpavez,New-Node_sqyktafyhp,508540237
UMLCloneNode,container-seat,container-seat_cgbnliribl,,314287935
Move_Operation_New_Component_New_Node,getByID,New-Component_diiwwjtlyd,New-Node_ojlpekexwm,457772837
Move_Component_New_Node,Admin-user,New-Node_rytaxasgbk,,374418322
Move_Operation_New_Component_New_Node,login,New-Component_tbxjvvrcts,New-Node_pnfolgzxlo,507139752
Move_Component_New_Node,Seat,New-Node_igwjygzhoq,,451283969
Move_Operation_Component,getByID,Ticket-info,,252547759
UMLCloneNode,New-Node_lqhukaildc,New-Node_lqhukaildc_paucoxrcgj,,213392020
UMLCloneNode,container-login,container-login_czbgtjiczn,,396749845
Move_Component_New_Node,Login,New-Node_icbhiihxoq,,392623779
Move_Operation_New_Component_New_Node,getByID,New-Component_snfrhynqba,New-Node_uoaqeearlh,508768396
Move_Operation_New_Component_New_Node,getByID,New-Component_cmmyvpwbck,New-Node_gyoleokllj,537637447
UMLCloneNode,container-travel-plan,container-travel-plan_ihzukkcznn,,372101398
Move_Operation_New_Component_New_Node,rebook,New-Component_jaxxivnxea,New-Node_vswglcbdva,685440896
UMLCloneNode,container-travel-plan,container-travel-plan_kfczzjdbel,,391858214
Move_Operation_New_Component_New_Node,findAll,New-Component_truutgxpmc,New-Node_btqlulcktp,460442272
Move_Operation_New_Component_New_Node,findAll,New-Component_lnczkwhywo,New-Node_zcajpjuhil,490399844
Move_Component_New_Node,Route-plan,New-Node_rndgqnbwfp,,337320853
Move_Operation_New_Component_New_Node,verify,New-Component_decxylcogi,New-Node_rmdyyrvafp,477485910
UMLCloneNode,container-travel-plan,container-travel-plan_hqpjrafzqk,,463122066
UMLCloneNode,container-sso,container-sso_sclfxhxuni,,411285921
Move_Operation_New_Component_New_Node,modify,New-Component_qbkiyqsyqj,New-Node_cvlsodncdy,520202526
Move_Component_New_Node,Rebook,New-Node_xsexkxnqfu,,318945869
Move_Operation_Component,generate,Seat,,217684479
Move_Operation_New_Component_New_Node,generate,New-Component_ftpjgurwbk,New-Node_ziovvcznyy,528149296
Move_Operation_New_Component_New_Node,rebook,New-Component_jaxxivnxea,New-Node_vswglcbdva,848617540
UMLCloneNode,container-travel-plan,container-travel-plan_kfczzjdbel,,392884147
Move_Operation_New_Component_New_Node,findAll,New-Component_truutgxpmc,New-Node_btqlulcktp,613345203
Move_Operation_New_Component_New_Node,findAll,New-Component_lnczkwhywo,New-Node_zcajpjuhil,673034673
Move_Component_New_Node,Route-plan,New-Node_oofikdpigs,,448142299
Move_Operation_Component,modify,Order-other,,246434196
Move_Operation_New_Component_New_Node,rebook,New-Component_occadfsret,New-Node_qqpvhwlaij,666596731
Move_Operation_New_Component_New_Node,findAll,New-Component_hsfchvdfjr,New-Node_uqihivzqtw,599566607
UMLCloneNode,container-travel-plan,container-travel-plan_mlijmljtuh,,416245030
Move_Operation_Component,modify,Order-other,,217108019
Move_Operation_New_Component_New_Node,rebook,New-Component_occadfsret,New-Node_qqpvhwlaij,582871963
Move_Operation_New_Component_New_Node,findAll,New-Component_hsfchvdfjr,New-Node_uqihivzqtw,584762809
UMLCloneNode,container-sso,container-sso_gytuoefomq,,356608889
Move_Operation_New_Component_New_Node,getByID,New-Component_qsmdspkcgt,New-Node_ipqrjtgezy,562255967
Move_Component_New_Node,Verification,New-Node_qmhwpfwcrm,,455010457
Move_Operation_New_Component_New_Node,login,New-Component_jbggcpavez,New-Node_sqyktafyhp,608813915
Move_Operation_New_Component_New_Node,updateUser,New-Component_lmchpqiqfr,New-Node_wtbxsfjuzq,471212476
Move_Operation_New_Component_New_Node,updateUser,New-Component_wdaacrsodc,New-Node_vdijsicgrt,571607933
Move_Operation_New_Component_New_Node,updateUser,New-Component_wexfabftig,New-Node_lnksdahrqc,515370204
Move_Operation_Component,verify,Route-plan,,182754634
UMLCloneNode,container-sso,container-sso_gytuoefomq,,408676268
Move_Operation_New_Component_New_Node,getByID,New-Component_qsmdspkcgt,New-Node_ipqrjtgezy,573996261
Move_Component_New_Node,Verification,New-Node_qmhwpfwcrm,,468767953
Move_Operation_New_Component_New_Node,login,New-Component_jbggcpavez,New-Node_sqyktafyhp,556298066
UMLCloneNode,container-order-other,container-order-other_dcefawurzh,,382161442
Move_Operation_New_Component_New_Node,updateUser,New-Component_wdaacrsodc,New-Node_vdijsicgrt,550077983
Move_Operation_New_Component_New_Node,updateUser,New-Component_wexfabftig,New-Node_lnksdahrqc,469630420
Move_Operation_Component,verify,Route-plan,,226808657
Move_Component_New_Node,Travel-plan,New-Node_hyuhccmfvx,,418777930
Move_Operation_Component,modify,Order-other,,255489074
Move_Operation_New_Component_New_Node,rebook,New-Component_occadfsret,New-Node_qqpvhwlaij,664822054
Move_Operation_New_Component_New_Node,findAll,New-Component_hsfchvdfjr,New-Node_uqihivzqtw,562078966
UMLCloneNode,container-order-other,container-order-other_dcefawurzh,,470671762
Move_Operation_New_Component_New_Node,updateUser,New-Component_wdaacrsodc,New-Node_vdijsicgrt,637298767
Move_Operation_New_Component_New_Node,updateUser,New-Component_wexfabftig,New-Node_lnksdahrqc,568707775
Move_Operation_Component,verify,Route-plan,,275964817
UMLCloneNode,container-seat,container-seat_vomltcmvxm,,522970225
Move_Operation_New_Component_New_Node,updateUser,New-Component_wdaacrsodc,New-Node_vdijsicgrt,551997162
Move_Operation_New_Component_New_Node,updateUser,New-Component_wexfabftig,New-Node_lnksdahrqc,590139501
Move_Operation_Component,verify,Route-plan,,220056406
Move_Operation_New_Component_New_Node,updateUser,New-Component_lmchpqiqfr,New-Node_wtbxsfjuzq,666481725
Move_Operation_New_Component_New_Node,updateUser,New-Component_wdaacrsodc,New-Node_vdijsicgrt,555920228
Move_Operation_New_Component_New_Node,updateUser,New-Component_wexfabftig,New-Node_lnksdahrqc,556205031
Move_Operation_Component,verify,Route-plan,,243562852
Move_Component_New_Node,Admin-user,New-Node_vmsffdwrku,,736867192
Move_Operation_New_Component_New_Node,modify,New-Component_ajuouhrzjr,New-Node_fxlqyiiyev,545183947
Move_Operation_New_Component_New_Node,generate,New-Component_cgfbumamhw,New-Node_qkgcvibdmg,546806659
UMLCloneNode,continer-route-plan,continer-route-plan_djlwfmffju,,394169186
Move_Operation_New_Component_New_Node,updateUser,New-Component_lmchpqiqfr,New-Node_wtbxsfjuzq,575865456
Move_Operation_New_Component_New_Node,updateUser,New-Component_wdaacrsodc,New-Node_vdijsicgrt,577217241
Move_Operation_New_Component_New_Node,updateUser,New-Component_wexfabftig,New-Node_lnksdahrqc,591256836
Move_Operation_Component,verify,Route-plan,,283010528
Move_Component_New_Node,Admin-user,New-Node_vmsffdwrku,,460035730
Move_Operation_New_Component_New_Node,modify,New-Component_ajuouhrzjr,New-Node_fxlqyiiyev,492956458
Move_Operation_New_Component_New_Node,generate,New-Component_cgfbumamhw,New-Node_qkgcvibdmg,592176029
UMLCloneNode,continer-route-plan,continer-route-plan_djlwfmffju,,377711548
UMLCloneNode,container-travel-plan,container-travel-plan_wsslohgqnh,,503740358
UMLCloneNode,continer-route-plan,continer-route-plan_zetreaymec,,444406484
Move_Operation_Component,updateUser,Route-plan,,282813029
UMLCloneNode,container-order-other,container-order-other_fzfqmofkfn,,477942396
Move_Component_New_Node,Admin-user,New-Node_vmsffdwrku,,482299986
Move_Operation_New_Component_New_Node,modify,New-Component_ajuouhrzjr,New-Node_fxlqyiiyev,624471695
Move_Operation_New_Component_New_Node,generate,New-Component_cgfbumamhw,New-Node_qkgcvibdmg,535988525
UMLCloneNode,continer-route-plan,continer-route-plan_djlwfmffju,,505124373
UMLCloneNode,container-travel-plan,container-travel-plan_wsslohgqnh,,461213408
Move_Operation_Component,modify,Order-other,,522331667
Move_Operation_New_Component_New_Node,rebook,New-Component_occadfsret,New-Node_qqpvhwlaij,696422517
Move_Operation_New_Component_New_Node,findAll,New-Component_hsfchvdfjr,New-Node_uqihivzqtw,645732841
Move_Component_New_Node,Travel-plan,New-Node_hyuhccmfvx,,509017523
Move_Operation_Component,modify,Order-other,,260864654
Move_Operation_New_Component_New_Node,rebook,New-Component_occadfsret,New-Node_qqpvhwlaij,717933641
Move_Operation_New_Component_New_Node,findAll,New-Component_hsfchvdfjr,New-Node_uqihivzqtw,710051591
Move_Operation_New_Component_New_Node,rebook,New-Component_jaxxivnxea,New-Node_vswglcbdva,791421734
UMLCloneNode,container-travel-plan,container-travel-plan_kfczzjdbel,,438778471
Move_Operation_New_Component_New_Node,findAll,New-Component_truutgxpmc,New-Node_btqlulcktp,640818787
Move_Operation_New_Component_New_Node,findAll,New-Component_lnczkwhywo,New-Node_zcajpjuhil,753980821
Move_Operation_New_Component_New_Node,rebook,New-Component_jaxxivnxea,New-Node_vswglcbdva,657183201
UMLCloneNode,container-travel-plan,container-travel-plan_kfczzjdbel,,458604977
Move_Operation_New_Component_New_Node,findAll,New-Component_truutgxpmc,New-Node_btqlulcktp,612841207
Move_Operation_New_Component_New_Node,findAll,New-Component_lnczkwhywo,New-Node_zcajpjuhil,697843471
Move_Component_New_Node,Travel-plan,New-Node_hyuhccmfvx,,606438642
Move_Operation_Component,modify,Order-other,,286829740
Move_Operation_New_Component_New_Node,rebook,New-Component_occadfsret,New-Node_qqpvhwlaij,614937357
UMLCloneNode,container-order-other,container-order-other_fzfqmofkfn,,450078550
Move_Component_New_Node,Order-other,New-Node_zqhiuwyirv,,566379279
Move_Operation_Component,modify,Order-other,,243460120
Move_Operation_New_Component_New_Node,rebook,New-Component_occadfsret,New-Node_qqpvhwlaij,684284237
Move_Operation_New_Component_New_Node,findAll,New-Component_hsfchvdfjr,New-Node_uqihivzqtw,560557944
Move_Component_New_Node,Travel-plan,New-Node_hyuhccmfvx,,512138956
Move_Operation_Component,modify,Order-other,,233615571
Move_Operation_New_Component_New_Node,rebook,New-Component_occadfsret,New-Node_qqpvhwlaij,752141663
Move_Operation_New_Component_New_Node,findAll,New-Component_hsfchvdfjr,New-Node_uqihivzqtw,739530396
UMLCloneNode,container-travel-plan,container-travel-plan_wsslohgqnh,,559190410
UMLCloneNode,continer-route-plan,continer-route-plan_zetreaymec,,447363529
Move_Operation_Component,updateUser,Route-plan,,272285769
UMLCloneNode,container-order-other,container-order-other_fzfqmofkfn,,492308312
UMLCloneNode,container-sso,container-sso_gytuoefomq,,405080025
Move_Operation_New_Component_New_Node,getByID,New-Component_qsmdspkcgt,New-Node_ipqrjtgezy,645091017
Move_Component_New_Node,Verification,New-Node_qmhwpfwcrm,,534809755
Move_Operation_New_Component_New_Node,login,New-Component_jbggcpavez,New-Node_sqyktafyhp,676044146
Move_Component_New_Node,Travel-plan,New-Node_hyuhccmfvx,,543461166
Move_Operation_Component,modify,Order-other,,323485862
Move_Operation_New_Component_New_Node,rebook,New-Component_occadfsret,New-Node_qqpvhwlaij,699928941
UMLCloneNode,container-order-other,container-order-other_fzfqmofkfn,,470119226
Move_Component_New_Node,Admin-user,New-Node_vmsffdwrku,,586505106
Move_Operation_New_Component_New_Node,modify,New-Component_ajuouhrzjr,New-Node_fxlqyiiyev,661718194
Move_Operation_New_Component_New_Node,generate,New-Component_cgfbumamhw,New-Node_qkgcvibdmg,667924612
UMLCloneNode,continer-route-plan,continer-route-plan_djlwfmffju,,467119192
Move_Operation_New_Component_New_Node,rebook,New-Component_jaxxivnxea,New-Node_vswglcbdva,685368169
UMLCloneNode,container-travel-plan,container-travel-plan_kfczzjdbel,,424180059
Move_Operation_New_Component_New_Node,findAll,New-Component_truutgxpmc,New-Node_btqlulcktp,579350330
Move_Operation_New_Component_New_Node,findAll,New-Component_lnczkwhywo,New-Node_zcajpjuhil,592078757
Move_Component_New_Node,Travel-plan,New-Node_hyuhccmfvx,,479595876
Move_Operation_Component,modify,Order-other,,211837034
Move_Operation_New_Component_New_Node,rebook,New-Component_occadfsret,New-Node_qqpvhwlaij,642283413
Move_Operation_New_Component_New_Node,findAll,New-Component_hsfchvdfjr,New-Node_uqihivzqtw,704164613
UMLCloneNode,container-admin-user,container-admin-user_trdujmiiju,,539287140
Move_Operation_Component,modify,Order-other,,283507721
Move_Operation_New_Component_New_Node,rebook,New-Component_occadfsret,New-Node_qqpvhwlaij,704610069
Move_Operation_New_Component_New_Node,findAll,New-Component_hsfchvdfjr,New-Node_uqihivzqtw,654710936
Move_Operation_Component,findAll,Station,,384856886
UMLCloneNode,container-travel-plan,container-travel-plan_kfczzjdbel,,372866563
Move_Operation_New_Component_New_Node,findAll,New-Component_truutgxpmc,New-Node_btqlulcktp,565926941
Move_Operation_New_Component_New_Node,findAll,New-Component_lnczkwhywo,New-Node_zcajpjuhil,702130198
Move_Component_New_Node,Travel-plan,New-Node_hyuhccmfvx,,563282292
Move_Operation_Component,modify,Order-other,,291468157
Move_Operation_New_Component_New_Node,rebook,New-Component_occadfsret,New-Node_qqpvhwlaij,741012154
Move_Operation_New_Component_New_Node,findAll,New-Component_hsfchvdfjr,New-Node_uqihivzqtw,620062117
Move_Component_New_Node,Admin-user,New-Node_vmsffdwrku,,634679425
Move_Operation_New_Component_New_Node,modify,New-Component_ajuouhrzjr,New-Node_fxlqyiiyev,523798839
Move_Operation_New_Component_New_Node,generate,New-Component_cgfbumamhw,New-Node_qkgcvibdmg,531397897
UMLCloneNode,continer-route-plan,continer-route-plan_djlwfmffju,,581275710
Move_Operation_Component,findAll,Station,,311267682
UMLCloneNode,container-travel-plan,container-travel-plan_kfczzjdbel,,387089592
Move_Operation_New_Component_New_Node,rebook,New-Component_occadfsret,New-Node_qqpvhwlaij,633520893
Move_Operation_New_Component_New_Node,findAll,New-Component_hsfchvdfjr,New-Node_uqihivzqtw,701342591
Move_Operation_Component,findAll,Station,,289441858
UMLCloneNode,container-travel-plan,container-travel-plan_kfczzjdbel,,479392244
Move_Operation_New_Component_New_Node,rebook,New-Component_occadfsret,New-Node_qqpvhwlaij,642032493
Move_Operation_New_Component_New_Node,findAll,New-Component_hsfchvdfjr,New-Node_uqihivzqtw,630995959
UMLCloneNode,container-seat,container-seat_aowgkrldqb,,537965321
UMLCloneNode,container-travel-plan,container-travel-plan_kfczzjdbel,,422777578
Move_Operation_New_Component_New_Node,findAll,New-Component_truutgxpmc,New-Node_btqlulcktp,567488228
Move_Operation_New_Component_New_Node,findAll,New-Component_lnczkwhywo,New-Node_zcajpjuhil,643777755
UMLCloneNode,container-admin-user,container-admin-user_trdujmiiju,,520455129
Move_Operation_New_Component_New_Node,rebook,New-Component_thndjfvubh,New-Node_ukwnowhbhh,716356193
Move_Operation_New_Component_New_Node,rebook,New-Component_occadfsret,New-Node_qqpvhwlaij,715694172
Move_Operation_New_Component_New_Node,findAll,New-Component_hsfchvdfjr,New-Node_uqihivzqtw,665713305
UMLCloneNode,container-sso,container-sso_gytuoefomq,,530242030
Move_Operation_New_Component_New_Node,getByID,New-Component_qsmdspkcgt,New-Node_ipqrjtgezy,673176439
Move_Component_New_Node,Verification,New-Node_qmhwpfwcrm,,522021075
Move_Operation_New_Component_New_Node,login,New-Component_jbggcpavez,New-Node_sqyktafyhp,671901538
UMLCloneNode,container-order-other,container-order-other_dcefawurzh,,505049783
Move_Operation_New_Component_New_Node,updateUser,New-Component_wdaacrsodc,New-Node_vdijsicgrt,609227301
Move_Operation_New_Component_New_Node,updateUser,New-Component_wexfabftig,New-Node_lnksdahrqc,624062938
Move_Operation_Component,verify,Route-plan,,262803169
Move_Component_New_Node,Admin-user,New-Node_vmsffdwrku,,562632062
Move_Operation_New_Component_New_Node,modify,New-Component_ajuouhrzjr,New-Node_fxlqyiiyev,612426048
Move_Operation_New_Component_New_Node,generate,New-Component_cgfbumamhw,New-Node_qkgcvibdmg,694888941
UMLCloneNode,continer-route-plan,continer-route-plan_djlwfmffju,,490527783
UMLCloneNode,container-admin-user,container-admin-user_trdujmiiju,,440573658
Move_Operation_New_Component_New_Node,rebook,New-Component_thndjfvubh,New-Node_ukwnowhbhh,763539234
Move_Operation_New_Component_New_Node,rebook,New-Component_occadfsret,New-Node_qqpvhwlaij,1253267679
Move_Operation_New_Component_New_Node,findAll,New-Component_hsfchvdfjr,New-Node_uqihivzqtw,964489505
Move_Operation_New_Component_New_Node,updateUser,New-Component_lmchpqiqfr,New-Node_wtbxsfjuzq,778428722
Move_Operation_New_Component_New_Node,updateUser,New-Component_wdaacrsodc,New-Node_vdijsicgrt,657850642
Move_Operation_New_Component_New_Node,updateUser,New-Component_wexfabftig,New-Node_lnksdahrqc,771195690
Move_Operation_Component,verify,Route-plan,,271754794
Move_Component_New_Node,Order-other,New-Node_zqhiuwyirv,,597011336
Move_Operation_Component,modify,Order-other,,262981213
Move_Operation_New_Component_New_Node,rebook,New-Component_occadfsret,New-Node_qqpvhwlaij,751220536
Move_Operation_New_Component_New_Node,findAll,New-Component_hsfchvdfjr,New-Node_uqihivzqtw,779918005
Move_Operation_New_Component_New_Node,updateUser,New-Component_lmchpqiqfr,New-Node_wtbxsfjuzq,780338673
Move_Operation_New_Component_New_Node,updateUser,New-Component_wdaacrsodc,New-Node_vdijsicgrt,752952533
Move_Operation_New_Component_New_Node,updateUser,New-Component_wexfabftig,New-Node_lnksdahrqc,663565377
Move_Operation_Component,verify,Route-plan,,258988727
UMLCloneNode,container-admin-user,container-admin-user_trdujmiiju,,505539752
Move_Operation_Component,modify,Order-other,,255643193
Move_Operation_New_Component_New_Node,rebook,New-Component_occadfsret,New-Node_qqpvhwlaij,729455254
Move_Operation_New_Component_New_Node,findAll,New-Component_hsfchvdfjr,New-Node_uqihivzqtw,724950958
Move_Component_New_Node,Order-other,New-Node_zqhiuwyirv,,667029573
Move_Operation_Component,modify,Order-other,,258391217
Move_Operation_New_Component_New_Node,rebook,New-Component_occadfsret,New-Node_qqpvhwlaij,728382363
Move_Operation_New_Component_New_Node,findAll,New-Component_hsfchvdfjr,New-Node_uqihivzqtw,676490884
UMLCloneNode,container-admin-user,container-admin-user_trdujmiiju,,541870413
Move_Operation_New_Component_New_Node,rebook,New-Component_thndjfvubh,New-Node_ukwnowhbhh,767222981
Move_Operation_New_Component_New_Node,rebook,New-Component_occadfsret,New-Node_qqpvhwlaij,670939054
Move_Operation_New_Component_New_Node,findAll,New-Component_hsfchvdfjr,New-Node_uqihivzqtw,681876552
Move_Component_New_Node,Login,New-Node_eustbupwtz,,617625318
Move_Operation_New_Component_New_Node,updateUser,New-Component_wdaacrsodc,New-Node_vdijsicgrt,688429650
Move_Operation_New_Component_New_Node,updateUser,New-Component_wexfabftig,New-Node_lnksdahrqc,758601926
Move_Operation_Component,verify,Route-plan,,359583486
Move_Operation_New_Component_New_Node,updateUser,New-Component_lmchpqiqfr,New-Node_wtbxsfjuzq,667645398
Move_Operation_New_Component_New_Node,updateUser,New-Component_wdaacrsodc,New-Node_vdijsicgrt,670083009
Move_Operation_New_Component_New_Node,updateUser,New-Component_wexfabftig,New-Node_lnksdahrqc,682626118
Move_Operation_Component,verify,Route-plan,,261101849
UMLCloneNode,container-admin-user,container-admin-user_trdujmiiju,,537110719
Move_Operation_Component,modify,Order-other,,325354656
Move_Operation_New_Component_New_Node,rebook,New-Component_occadfsret,New-Node_qqpvhwlaij,746929239
Move_Operation_New_Component_New_Node,findAll,New-Component_hsfchvdfjr,New-Node_uqihivzqtw,718287004
UMLCloneNode,container-login_fzdgytpiub,container-login_fzdgytpiub_xtrnllqowf,,277484337
Move_Operation_New_Component_New_Node,updateUser,New-Component_wdaacrsodc,New-Node_vdijsicgrt,662310164
Move_Operation_New_Component_New_Node,updateUser,New-Component_wexfabftig,New-Node_lnksdahrqc,614800521
Move_Operation_Component,verify,Route-plan,,264716927
UMLCloneNode,container-sso,container-sso_gytuoefomq,,498057242
Move_Operation_New_Component_New_Node,getByID,New-Component_qsmdspkcgt,New-Node_ipqrjtgezy,672729010
Move_Component_New_Node,Verification,New-Node_qmhwpfwcrm,,453850232
Move_Operation_New_Component_New_Node,login,New-Component_jbggcpavez,New-Node_sqyktafyhp,652683614
Move_Operation_New_Component_New_Node,login,New-Component_qnvkmtxdes,New-Node_soadaxyxra,712686922
UMLCloneNode,container-travel-plan,container-travel-plan_kfczzjdbel,,468025591
Move_Operation_New_Component_New_Node,findAll,New-Component_truutgxpmc,New-Node_btqlulcktp,637051353
Move_Operation_New_Component_New_Node,findAll,New-Component_lnczkwhywo,New-Node_zcajpjuhil,649996054
Move_Component_New_Node,Admin-user,New-Node_vmsffdwrku,,625006017
Move_Operation_New_Component_New_Node,modify,New-Component_ajuouhrzjr,New-Node_fxlqyiiyev,646688503
Move_Operation_New_Component_New_Node,generate,New-Component_cgfbumamhw,New-Node_qkgcvibdmg,623088111
UMLCloneNode,continer-route-plan,continer-route-plan_djlwfmffju,,609393763
Move_Operation_New_Component_New_Node,updateUser,New-Component_lmchpqiqfr,New-Node_wtbxsfjuzq,774358360
Move_Operation_New_Component_New_Node,updateUser,New-Component_wdaacrsodc,New-Node_vdijsicgrt,758986737
Move_Operation_New_Component_New_Node,updateUser,New-Component_wexfabftig,New-Node_lnksdahrqc,780847848
Move_Operation_Component,verify,Route-plan,,301803928
Move_Operation_New_Component_New_Node,generate,New-Component_aksdjmpgjm,New-Node_senfvkwxlr,698312500
Move_Operation_New_Component_New_Node,updateUser,New-Component_wdaacrsodc,New-Node_vdijsicgrt,766214981
Move_Operation_New_Component_New_Node,updateUser,New-Component_wexfabftig,New-Node_lnksdahrqc,714518678
Move_Operation_Component,verify,Route-plan,,287231734
Move_Operation_New_Component_New_Node,rebook,New-Component_jaxxivnxea,New-Node_vswglcbdva,789159733
UMLCloneNode,container-travel-plan,container-travel-plan_kfczzjdbel,,821305187
Move_Operation_New_Component_New_Node,findAll,New-Component_truutgxpmc,New-Node_btqlulcktp,650326834
Move_Operation_New_Component_New_Node,findAll,New-Component_lnczkwhywo,New-Node_zcajpjuhil,756076782
Move_Operation_Component,findAll,Station,,340492199
UMLCloneNode,container-travel-plan,container-travel-plan_kfczzjdbel,,483418934
Move_Operation_New_Component_New_Node,findAll,New-Component_truutgxpmc,New-Node_btqlulcktp,668283935
Move_Operation_New_Component_New_Node,findAll,New-Component_lnczkwhywo,New-Node_zcajpjuhil,771049556
Move_Operation_Component,findAll,Station,,308914760
UMLCloneNode,container-travel-plan,container-travel-plan_kfczzjdbel,,477258463
Move_Operation_New_Component_New_Node,findAll,New-Component_truutgxpmc,New-Node_btqlulcktp,654447801
Move_Operation_New_Component_New_Node,findAll,New-Component_lnczkwhywo,New-Node_zcajpjuhil,742956039
Move_Component_New_Node,Route-plan,New-Node_srzkrnppse,,680798540
Move_Operation_New_Component_New_Node,updateUser,New-Component_wdaacrsodc,New-Node_vdijsicgrt,759565583
Move_Operation_New_Component_New_Node,updateUser,New-Component_wexfabftig,New-Node_lnksdahrqc,702808070
Move_Operation_Component,verify,Route-plan,,297784821
Move_Component_New_Node,Sso,New-Node_dvcfrxfnvv,,723438383
Move_Operation_New_Component_New_Node,updateUser,New-Component_wdaacrsodc,New-Node_vdijsicgrt,640118754
Move_Operation_New_Component_New_Node,updateUser,New-Component_wexfabftig,New-Node_lnksdahrqc,592708939
Move_Operation_Component,verify,Route-plan,,241594542
Move_Operation_New_Component_New_Node,login,New-Component_qnvkmtxdes,New-Node_soadaxyxra,774826458
UMLCloneNode,container-travel-plan,container-travel-plan_kfczzjdbel,,472372081
Move_Operation_New_Component_New_Node,findAll,New-Component_truutgxpmc,New-Node_btqlulcktp,677842508
Move_Operation_New_Component_New_Node,findAll,New-Component_lnczkwhywo,New-Node_zcajpjuhil,728599680
Move_Operation_Component,updateUser,Sso,,319703389
Move_Operation_New_Component_New_Node,getByID,New-Component_qsmdspkcgt,New-Node_ipqrjtgezy,675874378
Move_Component_New_Node,Verification,New-Node_qmhwpfwcrm,,562682137
Move_Operation_New_Component_New_Node,login,New-Component_jbggcpavez,New-Node_sqyktafyhp,616102813
Move_Operation_New_Component_New_Node,generate,New-Component_aksdjmpgjm,New-Node_senfvkwxlr,718302252
Move_Operation_New_Component_New_Node,updateUser,New-Component_wdaacrsodc,New-Node_vdijsicgrt,661042337
Move_Operation_New_Component_New_Node,updateUser,New-Component_wexfabftig,New-Node_lnksdahrqc,637839069
Move_Operation_Component,verify,Route-plan,,306388874
UMLCloneNode,container-admin-user,container-admin-user_trdujmiiju,,497742722
Move_Operation_Component,modify,Order-other,,262817135
Move_Operation_New_Component_New_Node,rebook,New-Component_occadfsret,New-Node_qqpvhwlaij,1021096646
Move_Operation_New_Component_New_Node,findAll,New-Component_hsfchvdfjr,New-Node_uqihivzqtw,655940430
Move_Component_New_Node,Order-other,New-Node_zqhiuwyirv,,663378197
Move_Operation_Component,modify,Order-other,,285947345
Move_Operation_New_Component_New_Node,rebook,New-Component_occadfsret,New-Node_qqpvhwlaij,711886122
Move_Operation_New_Component_New_Node,findAll,New-Component_hsfchvdfjr,New-Node_uqihivzqtw,637968322
UMLCloneNode,container-admin-user,container-admin-user_trdujmiiju,,430616788
Move_Operation_New_Component_New_Node,rebook,New-Component_thndjfvubh,New-Node_ukwnowhbhh,815322269
Move_Operation_New_Component_New_Node,rebook,New-Component_occadfsret,New-Node_qqpvhwlaij,735790022
Move_Operation_New_Component_New_Node,findAll,New-Component_hsfchvdfjr,New-Node_uqihivzqtw,713208862
Move_Component_New_Node,Admin-user,New-Node_vmsffdwrku,,505764353
Move_Operation_New_Component_New_Node,modify,New-Component_ajuouhrzjr,New-Node_fxlqyiiyev,552843670
Move_Operation_New_Component_New_Node,generate,New-Component_cgfbumamhw,New-Node_qkgcvibdmg,609514370
UMLCloneNode,continer-route-plan,continer-route-plan_djlwfmffju,,390305903
Move_Operation_Component,findAll,Station,,275759833
UMLCloneNode,container-travel-plan,container-travel-plan_kfczzjdbel,,378947606
Move_Operation_New_Component_New_Node,findAll,New-Component_truutgxpmc,New-Node_btqlulcktp,546806649
Move_Operation_New_Component_New_Node,findAll,New-Component_lnczkwhywo,New-Node_zcajpjuhil,669706612
Move_Component_New_Node,Travel-plan,New-Node_hyuhccmfvx,,645253222
Move_Operation_Component,modify,Order-other,,266662806
Move_Operation_New_Component_New_Node,rebook,New-Component_occadfsret,New-Node_qqpvhwlaij,680400454
UMLCloneNode,container-order-other,container-order-other_fzfqmofkfn,,496789265
Move_Component_New_Node,Travel-plan,New-Node_hyuhccmfvx,,587939505
Move_Operation_Component,modify,Order-other,,260717328
Move_Operation_New_Component_New_Node,rebook,New-Component_occadfsret,New-Node_qqpvhwlaij,743955383
Move_Operation_New_Component_New_Node,findAll,New-Component_hsfchvdfjr,New-Node_uqihivzqtw,734198579
UMLCloneNode,container-admin-user,container-admin-user_trdujmiiju,,481768469
Move_Operation_Component,modify,Order-other,,295206216
Move_Operation_New_Component_New_Node,rebook,New-Component_occadfsret,New-Node_qqpvhwlaij,719165200
Move_Operation_New_Component_New_Node,findAll,New-Component_hsfchvdfjr,New-Node_uqihivzqtw,642571964
Move_Operation_New_Component_New_Node,login,New-Component_qnvkmtxdes,New-Node_soadaxyxra,780979795
UMLCloneNode,container-travel-plan,container-travel-plan_kfczzjdbel,,521230402
Move_Operation_New_Component_New_Node,findAll,New-Component_truutgxpmc,New-Node_btqlulcktp,737299343
Move_Operation_New_Component_New_Node,findAll,New-Component_lnczkwhywo,New-Node_zcajpjuhil,1121855995
Move_Operation_New_Component_New_Node,rebook,New-Component_gwzmfdawhr,New-Node_pilawwjswq,773019851
UMLCloneNode,container-travel-plan,container-travel-plan_kfczzjdbel,,517573546
Move_Operation_New_Component_New_Node,findAll,New-Component_truutgxpmc,New-Node_btqlulcktp,651383606
Move_Operation_New_Component_New_Node,findAll,New-Component_lnczkwhywo,New-Node_zcajpjuhil,622213190
Move_Component_New_Node,Admin-user,New-Node_vmsffdwrku,,574348010
Move_Operation_New_Component_New_Node,modify,New-Component_ajuouhrzjr,New-Node_fxlqyiiyev,585785056
Move_Operation_New_Component_New_Node,generate,New-Component_cgfbumamhw,New-Node_qkgcvibdmg,626203773
UMLCloneNode,continer-route-plan,continer-route-plan_djlwfmffju,,462874793
UMLCloneNode,container-sso,container-sso_gytuoefomq,,625736467
Move_Operation_New_Component_New_Node,getByID,New-Component_qsmdspkcgt,New-Node_ipqrjtgezy,772400900
Move_Component_New_Node,Verification,New-Node_qmhwpfwcrm,,626423215
Move_Operation_New_Component_New_Node,login,New-Component_jbggcpavez,New-Node_sqyktafyhp,862143171
Move_Component_New_Node,Admin-user,New-Node_vmsffdwrku,,607094993
Move_Operation_New_Component_New_Node,modify,New-Component_ajuouhrzjr,New-Node_fxlqyiiyev,687091961
Move_Operation_New_Component_New_Node,generate,New-Component_cgfbumamhw,New-Node_qkgcvibdmg,634454554
UMLCloneNode,continer-route-plan,continer-route-plan_djlwfmffju,,461013693
UMLCloneNode,container-admin-user,container-admin-user_trdujmiiju,,546862043
Move_Operation_New_Component_New_Node,rebook,New-Component_thndjfvubh,New-Node_ukwnowhbhh,808634039
Move_Operation_New_Component_New_Node,rebook,New-Component_occadfsret,New-Node_qqpvhwlaij,640573035
Move_Operation_New_Component_New_Node,findAll,New-Component_hsfchvdfjr,New-Node_uqihivzqtw,748445532
UMLCloneNode,container-admin-user,container-admin-user_trdujmiiju,,444212220
Move_Operation_New_Component_New_Node,rebook,New-Component_thndjfvubh,New-Node_ukwnowhbhh,660740060
Move_Operation_New_Component_New_Node,rebook,New-Component_occadfsret,New-Node_qqpvhwlaij,576578042
Move_Operation_New_Component_New_Node,findAll,New-Component_hsfchvdfjr,New-Node_uqihivzqtw,608260569
Move_Component_New_Node,Travel-plan,New-Node_hyuhccmfvx,,607528746
Move_Operation_Component,modify,Order-other,,266127813
UMLCloneNode,container-order-other,container-order-other_vngtylgcls,,505107912
UMLCloneNode,container-order-other,container-order-other_fzfqmofkfn,,470969892
Move_Component_New_Node,Travel-plan,New-Node_hyuhccmfvx,,488965775
Move_Operation_Component,modify,Order-other,,213432927
Move_Operation_New_Component_New_Node,rebook,New-Component_occadfsret,New-Node_qqpvhwlaij,614405009
UMLCloneNode,container-order-other,container-order-other_fzfqmofkfn,,372680834
UMLCloneNode,container-login_fzdgytpiub,container-login_fzdgytpiub_xtrnllqowf,,258813027
Move_Operation_New_Component_New_Node,updateUser,New-Component_wdaacrsodc,New-Node_vdijsicgrt,686592685
Move_Operation_New_Component_New_Node,updateUser,New-Component_wexfabftig,New-Node_lnksdahrqc,680839298
Move_Operation_Component,verify,Route-plan,,293279904
UMLCloneNode,container-sso,container-sso_wuuytpdunc,,548205091
Move_Operation_Component,modify,Order-other,,231687045
Move_Operation_New_Component_New_Node,rebook,New-Component_occadfsret,New-Node_qqpvhwlaij,733523042
Move_Operation_New_Component_New_Node,findAll,New-Component_hsfchvdfjr,New-Node_uqihivzqtw,620747512
Move_Component_New_Node,Travel-plan,New-Node_hyuhccmfvx,,696992245
Move_Operation_Component,modify,Order-other,,235130190
Move_Operation_New_Component_New_Node,rebook,New-Component_occadfsret,New-Node_qqpvhwlaij,593098178
Move_Operation_New_Component_New_Node,findAll,New-Component_hsfchvdfjr,New-Node_uqihivzqtw,730436695
UMLCloneNode,container-login_fzdgytpiub,container-login_fzdgytpiub_xtrnllqowf,,307985568
Move_Operation_New_Component_New_Node,updateUser,New-Component_wdaacrsodc,New-Node_vdijsicgrt,758417891
Move_Operation_New_Component_New_Node,updateUser,New-Component_wexfabftig,New-Node_lnksdahrqc,698384325
Move_Operation_Component,verify,Route-plan,,300573500
Move_Component_New_Node,Travel-plan,New-Node_hyuhccmfvx,,557636936
Move_Operation_Component,modify,Order-other,,235404125
Move_Operation_New_Component_New_Node,rebook,New-Component_occadfsret,New-Node_qqpvhwlaij,858331914
UMLCloneNode,container-order-other,container-order-other_fzfqmofkfn,,618977834
UMLCloneNode,container-sso,container-sso_gytuoefomq,,555833225
Move_Operation_New_Component_New_Node,getByID,New-Component_qsmdspkcgt,New-Node_ipqrjtgezy,747083388
Move_Component_New_Node,Verification,New-Node_qmhwpfwcrm,,621059477
Move_Operation_New_Component_New_Node,login,New-Component_jbggcpavez,New-Node_sqyktafyhp,693323736
Move_Operation_New_Component_New_Node,generate,New-Component_aksdjmpgjm,New-Node_senfvkwxlr,711061685
Move_Operation_New_Component_New_Node,updateUser,New-Component_wdaacrsodc,New-Node_vdijsicgrt,694411977
Move_Operation_New_Component_New_Node,updateUser,New-Component_wexfabftig,New-Node_lnksdahrqc,716558383
Move_Operation_Component,verify,Route-plan,,261943416
Move_Operation_Component,findAll,Station,,550588200
UMLCloneNode,container-travel-plan,container-travel-plan_kfczzjdbel,,522775730
Move_Operation_New_Component_New_Node,findAll,New-Component_truutgxpmc,New-Node_btqlulcktp,723842270
Move_Operation_New_Component_New_Node,findAll,New-Component_lnczkwhywo,New-Node_zcajpjuhil,722233874
Move_Operation_New_Component_New_Node,rebook,New-Component_gwzmfdawhr,New-Node_pilawwjswq,718066540
UMLCloneNode,container-travel-plan,container-travel-plan_kfczzjdbel,,476731665
Move_Operation_New_Component_New_Node,findAll,New-Component_truutgxpmc,New-Node_btqlulcktp,651009285
Move_Operation_New_Component_New_Node,findAll,New-Component_lnczkwhywo,New-Node_zcajpjuhil,645173111
Move_Operation_Component,findAll,Station,,286082068
UMLCloneNode,container-travel-plan,container-travel-plan_kfczzjdbel,,503910036
Move_Operation_New_Component_New_Node,findAll,New-Component_truutgxpmc,New-Node_btqlulcktp,627960277
Move_Operation_New_Component_New_Node,findAll,New-Component_lnczkwhywo,New-Node_zcajpjuhil,718753718
Move_Operation_New_Component_New_Node,rebook,New-Component_gwzmfdawhr,New-Node_pilawwjswq,763504598
UMLCloneNode,container-travel-plan,container-travel-plan_kfczzjdbel,,469223236
Move_Operation_New_Component_New_Node,findAll,New-Component_truutgxpmc,New-Node_btqlulcktp,641235227
Move_Operation_New_Component_New_Node,findAll,New-Component_lnczkwhywo,New-Node_zcajpjuhil,729305704
UMLCloneNode,container-admin-user,container-admin-user_trdujmiiju,,502541580
Move_Operation_Component,modify,Order-other,,268808529
Move_Operation_New_Component_New_Node,rebook,New-Component_occadfsret,New-Node_qqpvhwlaij,716115432
Move_Operation_New_Component_New_Node,findAll,New-Component_hsfchvdfjr,New-Node_uqihivzqtw,650776578
Move_Component_New_Node,Rebook,New-Node_pjiuspsqij,,609585423
UMLCloneNode,container-travel-plan,container-travel-plan_kfczzjdbel,,594298268
Move_Operation_New_Component_New_Node,findAll,New-Component_truutgxpmc,New-Node_btqlulcktp,736022478
Move_Operation_New_Component_New_Node,findAll,New-Component_lnczkwhywo,New-Node_zcajpjuhil,754351726
UMLCloneNode,container-admin-user,container-admin-user_trdujmiiju,,565053483
Move_Operation_New_Component_New_Node,rebook,New-Component_thndjfvubh,New-Node_ukwnowhbhh,666717899
Move_Operation_New_Component_New_Node,rebook,New-Component_occadfsret,New-Node_qqpvhwlaij,756643323
Move_Operation_New_Component_New_Node,findAll,New-Component_hsfchvdfjr,New-Node_uqihivzqtw,669462635
UMLCloneNode,container-login_fzdgytpiub,container-login_fzdgytpiub_xtrnllqowf,,294996233
Move_Operation_New_Component_New_Node,updateUser,New-Component_wdaacrsodc,New-Node_vdijsicgrt,624622548
Move_Operation_New_Component_New_Node,updateUser,New-Component_wexfabftig,New-Node_lnksdahrqc,518963953
Move_Operation_Component,verify,Route-plan,,284116863
Move_Component_New_Node,Order-other,New-Node_zqhiuwyirv,,645485497
Move_Operation_Component,modify,Order-other,,333872918
Move_Operation_New_Component_New_Node,rebook,New-Component_occadfsret,New-Node_qqpvhwlaij,883311833
Move_Operation_New_Component_New_Node,findAll,New-Component_hsfchvdfjr,New-Node_uqihivzqtw,645188150
Move_Operation_Component,getByID,Route-plan,,310996233
UMLCloneNode,container-travel-plan,container-travel-plan_kfczzjdbel,,394128069
Move_Operation_New_Component_New_Node,findAll,New-Component_truutgxpmc,New-Node_btqlulcktp,638950633
Move_Operation_New_Component_New_Node,findAll,New-Component_lnczkwhywo,New-Node_zcajpjuhil,792246611
Move_Operation_New_Component_New_Node,rebook,New-Component_gwzmfdawhr,New-Node_pilawwjswq,720245566
UMLCloneNode,container-travel-plan,container-travel-plan_kfczzjdbel,,469834393
Move_Operation_New_Component_New_Node,findAll,New-Component_truutgxpmc,New-Node_btqlulcktp,660926189
Move_Operation_New_Component_New_Node,findAll,New-Component_lnczkwhywo,New-Node_zcajpjuhil,668123334
Move_Component_New_Node,Admin-user,New-Node_vmsffdwrku,,545940956
Move_Operation_New_Component_New_Node,modify,New-Component_ajuouhrzjr,New-Node_fxlqyiiyev,627419512
Move_Operation_New_Component_New_Node,generate,New-Component_cgfbumamhw,New-Node_qkgcvibdmg,681460152
UMLCloneNode,continer-route-plan,continer-route-plan_djlwfmffju,,464036862
Move_Component_New_Node,Travel-plan,New-Node_hyuhccmfvx,,529912932
Move_Operation_Component,modify,Order-other,,259528108
Move_Operation_New_Component_New_Node,rebook,New-Component_occadfsret,New-Node_qqpvhwlaij,642587413
UMLCloneNode,container-order-other,container-order-other_fzfqmofkfn,,491445554
UMLCloneNode,container-order-other,container-order-other_dcefawurzh,,539251874
Move_Operation_New_Component_New_Node,updateUser,New-Component_wdaacrsodc,New-Node_vdijsicgrt,738772064
Move_Operation_New_Component_New_Node,updateUser,New-Component_wexfabftig,New-Node_lnksdahrqc,632235642
Move_Operation_Component,verify,Route-plan,,266857441
Move_Component_New_Node,Travel-plan,New-Node_hyuhccmfvx,,709590427
Move_Operation_Component,modify,Order-other,,277906698
Move_Operation_New_Component_New_Node,rebook,New-Component_occadfsret,New-Node_qqpvhwlaij,714881918
UMLCloneNode,container-order-other,container-order-other_fzfqmofkfn,,509332113
Move_Operation_New_Component_New_Node,generate,New-Component_aksdjmpgjm,New-Node_senfvkwxlr,687786073
Move_Operation_New_Component_New_Node,updateUser,New-Component_wdaacrsodc,New-Node_vdijsicgrt,799283967
Move_Operation_New_Component_New_Node,updateUser,New-Component_wexfabftig,New-Node_lnksdahrqc,700815935
Move_Operation_Component,verify,Route-plan,,266190039
Move_Component_New_Node,Travel-plan,New-Node_hyuhccmfvx,,660640874
Move_Operation_Component,modify,Order-other,,305965841
Move_Operation_New_Component_New_Node,rebook,New-Component_occadfsret,New-Node_qqpvhwlaij,859109703
Move_Operation_New_Component_New_Node,findAll,New-Component_hsfchvdfjr,New-Node_uqihivzqtw,665622905
Move_Operation_New_Component_New_Node,login,New-Component_qnvkmtxdes,New-Node_soadaxyxra,809696852
UMLCloneNode,container-travel-plan,container-travel-plan_kfczzjdbel,,460091484
Move_Operation_New_Component_New_Node,findAll,New-Component_truutgxpmc,New-Node_btqlulcktp,579567708
Move_Operation_New_Component_New_Node,findAll,New-Component_lnczkwhywo,New-Node_zcajpjuhil,679279142
Move_Component_New_Node,Admin-user,New-Node_vmsffdwrku,,626303831
Move_Operation_New_Component_New_Node,modify,New-Component_ajuouhrzjr,New-Node_fxlqyiiyev,657305881
Move_Operation_New_Component_New_Node,generate,New-Component_cgfbumamhw,New-Node_qkgcvibdmg,773833165
UMLCloneNode,continer-route-plan,continer-route-plan_djlwfmffju,,559890672
Move_Component_New_Node,Sso,New-Node_dvcfrxfnvv,,567860086
Move_Operation_New_Component_New_Node,updateUser,New-Component_wdaacrsodc,New-Node_vdijsicgrt,684113967
Move_Operation_New_Component_New_Node,updateUser,New-Component_wexfabftig,New-Node_lnksdahrqc,673276015
Move_Operation_Component,verify,Route-plan,,257794136
Move_Component_New_Node,Order-other,New-Node_zqhiuwyirv,,532676765
Move_Operation_Component,modify,Order-other,,305377317
Move_Operation_New_Component_New_Node,rebook,New-Component_occadfsret,New-Node_qqpvhwlaij,719872115
Move_Operation_New_Component_New_Node,findAll,New-Component_hsfchvdfjr,New-Node_uqihivzqtw,657239697
Move_Operation_New_Component_New_Node,generate,New-Component_aksdjmpgjm,New-Node_senfvkwxlr,690466639
Move_Operation_New_Component_New_Node,updateUser,New-Component_wdaacrsodc,New-Node_vdijsicgrt,663387494
Move_Operation_New_Component_New_Node,updateUser,New-Component_wexfabftig,New-Node_lnksdahrqc,645661327
Move_Operation_Component,verify,Route-plan,,248002877
UMLCloneNode,container-sso,container-sso_wuuytpdunc,,554427830
Move_Operation_Component,modify,Order-other,,282912014
Move_Operation_New_Component_New_Node,rebook,New-Component_occadfsret,New-Node_qqpvhwlaij,721229831
Move_Operation_New_Component_New_Node,findAll,New-Component_hsfchvdfjr,New-Node_uqihivzqtw,709534282
UMLCloneNode,container-sso,container-sso_wuuytpdunc,,520732048
Move_Operation_Component,modify,Order-other,,254532390
Move_Operation_New_Component_New_Node,rebook,New-Component_occadfsret,New-Node_qqpvhwlaij,723373872
Move_Operation_New_Component_New_Node,findAll,New-Component_hsfchvdfjr,New-Node_uqihivzqtw,678211800
Move_Component_New_Node,Sso,New-Node_dvcfrxfnvv,,618793768
Move_Operation_New_Component_New_Node,updateUser,New-Component_wdaacrsodc,New-Node_vdijsicgrt,1153353404
Move_Operation_New_Component_New_Node,updateUser,New-Component_wexfabftig,New-Node_lnksdahrqc,617428238
Move_Operation_Component,verify,Route-plan,,243138166
Move_Operation_Component,findAll,Station,,328149366
UMLCloneNode,container-travel-plan,container-travel-plan_kfczzjdbel,,514082099
Move_Operation_New_Component_New_Node,findAll,New-Component_truutgxpmc,New-Node_btqlulcktp,741670539
Move_Operation_New_Component_New_Node,findAll,New-Component_lnczkwhywo,New-Node_zcajpjuhil,747667383
Move_Operation_New_Component_New_Node,generate,New-Component_aksdjmpgjm,New-Node_senfvkwxlr,735125717
Move_Operation_New_Component_New_Node,updateUser,New-Component_wdaacrsodc,New-Node_vdijsicgrt,710328922
Move_Operation_New_Component_New_Node,updateUser,New-Component_wexfabftig,New-Node_lnksdahrqc,699863960
Move_Operation_Component,verify,Route-plan,,283509475
Move_Component_New_Node,Sso,New-Node_dvcfrxfnvv,,600213099
Move_Operation_New_Component_New_Node,updateUser,New-Component_wdaacrsodc,New-Node_vdijsicgrt,687941845
Move_Operation_New_Component_New_Node,updateUser,New-Component_wexfabftig,New-Node_lnksdahrqc,697723505
Move_Operation_Component,verify,Route-plan,,257046124
Move_Component_New_Node,Order-other,New-Node_zqhiuwyirv,,610068147
Move_Operation_Component,modify,Order-other,,257825285
Move_Operation_New_Component_New_Node,rebook,New-Component_occadfsret,New-Node_qqpvhwlaij,694635846
Move_Operation_New_Component_New_Node,findAll,New-Component_hsfchvdfjr,New-Node_uqihivzqtw,678325503
Move_Operation_New_Component_New_Node,generate,New-Component_aksdjmpgjm,New-Node_senfvkwxlr,766269934
Move_Operation_New_Component_New_Node,updateUser,New-Component_wdaacrsodc,New-Node_vdijsicgrt,656932220
Move_Operation_New_Component_New_Node,updateUser,New-Component_wexfabftig,New-Node_lnksdahrqc,752617174
Move_Operation_Component,verify,Route-plan,,302682906
Move_Operation_Component,findAll,Station,,289865382
UMLCloneNode,container-travel-plan,container-travel-plan_kfczzjdbel,,486965805
Move_Operation_New_Component_New_Node,rebook,New-Component_occadfsret,New-Node_qqpvhwlaij,713372799
UMLCloneNode,container-order-other,container-order-other_fzfqmofkfn,,506384736
Move_Operation_Component,findAll,Station,,331897534
UMLCloneNode,container-travel-plan,container-travel-plan_kfczzjdbel,,470250493
Move_Operation_New_Component_New_Node,findAll,New-Component_truutgxpmc,New-Node_btqlulcktp,639707513
Move_Operation_New_Component_New_Node,findAll,New-Component_lnczkwhywo,New-Node_zcajpjuhil,659186387
UMLCloneNode,container-order-other,container-order-other_dcefawurzh,,492146108
Move_Operation_New_Component_New_Node,updateUser,New-Component_wdaacrsodc,New-Node_vdijsicgrt,648219053
Move_Operation_New_Component_New_Node,updateUser,New-Component_wexfabftig,New-Node_lnksdahrqc,946857614
Move_Operation_Component,verify,Route-plan,,295129312
UMLCloneNode,container-login_fzdgytpiub,container-login_fzdgytpiub_xtrnllqowf,,311867788
Move_Operation_New_Component_New_Node,updateUser,New-Component_wdaacrsodc,New-Node_vdijsicgrt,759235754
Move_Operation_New_Component_New_Node,updateUser,New-Component_wexfabftig,New-Node_lnksdahrqc,790154078
Move_Operation_Component,verify,Route-plan,,300036723
UMLCloneNode,container-order-other,container-order-other_dcefawurzh,,475503352
Move_Operation_New_Component_New_Node,updateUser,New-Component_wdaacrsodc,New-Node_vdijsicgrt,785907315
Move_Operation_New_Component_New_Node,updateUser,New-Component_wexfabftig,New-Node_lnksdahrqc,641396339
Move_Operation_Component,verify,Route-plan,,260744489
Move_Component_New_Node,Sso,New-Node_dvcfrxfnvv,,753186642
Move_Operation_New_Component_New_Node,updateUser,New-Component_wdaacrsodc,New-Node_vdijsicgrt,740505434
Move_Operation_New_Component_New_Node,updateUser,New-Component_wexfabftig,New-Node_lnksdahrqc,652410351
Move_Operation_Component,verify,Route-plan,,273197178
UMLCloneNode,container-admin-user,container-admin-user_trdujmiiju,,584399908
Move_Operation_New_Component_New_Node,rebook,New-Component_thndjfvubh,New-Node_ukwnowhbhh,702107937
Move_Operation_New_Component_New_Node,rebook,New-Component_occadfsret,New-Node_qqpvhwlaij,661168323
Move_Operation_New_Component_New_Node,findAll,New-Component_hsfchvdfjr,New-Node_uqihivzqtw,740697144
UMLCloneNode,container-sso,container-sso_gytuoefomq,,540267809
Move_Operation_New_Component_New_Node,getByID,New-Component_qsmdspkcgt,New-Node_ipqrjtgezy,724929939
Move_Component_New_Node,Verification,New-Node_qmhwpfwcrm,,631865739
Move_Operation_New_Component_New_Node,login,New-Component_jbggcpavez,New-Node_sqyktafyhp,795852853
Move_Operation_New_Component_New_Node,rebook,New-Component_gwzmfdawhr,New-Node_pilawwjswq,742365311
UMLCloneNode,container-travel-plan,container-travel-plan_kfczzjdbel,,478924878
Move_Operation_New_Component_New_Node,findAll,New-Component_truutgxpmc,New-Node_btqlulcktp,651417790
Move_Operation_New_Component_New_Node,findAll,New-Component_lnczkwhywo,New-Node_zcajpjuhil,685667780
Move_Component_New_Node,Travel-plan,New-Node_hyuhccmfvx,,622502633
Move_Operation_Component,modify,Order-other,,257754712
Move_Operation_New_Component_New_Node,rebook,New-Component_occadfsret,New-Node_qqpvhwlaij,704455559
UMLCloneNode,container-order-other,container-order-other_fzfqmofkfn,,485700222
UMLCloneNode,container-order-other,container-order-other_tvkhqplpcl,,829438258
Move_Operation_New_Component_New_Node,updateUser,New-Component_wdaacrsodc,New-Node_vdijsicgrt,727485241
Move_Operation_New_Component_New_Node,updateUser,New-Component_wexfabftig,New-Node_lnksdahrqc,749355658
Move_Operation_Component,verify,Route-plan,,287527017
UMLCloneNode,container-ticket-info,container-ticket-info_cvdyufdodf,,587165294
Move_Operation_New_Component_New_Node,updateUser,New-Component_wdaacrsodc,New-Node_vdijsicgrt,770087772
Move_Operation_New_Component_New_Node,updateUser,New-Component_wexfabftig,New-Node_lnksdahrqc,709496551
Move_Operation_Component,verify,Route-plan,,300926442
UMLCloneNode,container-sso,container-sso_gytuoefomq,,480523305
Move_Operation_New_Component_New_Node,getByID,New-Component_qsmdspkcgt,New-Node_ipqrjtgezy,663866031
Move_Component_New_Node,Verification,New-Node_qmhwpfwcrm,,541543331
Move_Operation_New_Component_New_Node,login,New-Component_jbggcpavez,New-Node_sqyktafyhp,695542767
Move_Operation_New_Component_New_Node,login,New-Component_qnvkmtxdes,New-Node_soadaxyxra,773491093
UMLCloneNode,container-travel-plan,container-travel-plan_kfczzjdbel,,482739050
Move_Operation_New_Component_New_Node,findAll,New-Component_truutgxpmc,New-Node_btqlulcktp,649044511
Move_Operation_New_Component_New_Node,findAll,New-Component_lnczkwhywo,New-Node_zcajpjuhil,672122443
Move_Operation_Component,findAll,Station,,358532135
UMLCloneNode,container-travel-plan,container-travel-plan_kfczzjdbel,,526538416
Move_Operation_New_Component_New_Node,findAll,New-Component_truutgxpmc,New-Node_btqlulcktp,743652846
Move_Operation_New_Component_New_Node,findAll,New-Component_lnczkwhywo,New-Node_zcajpjuhil,738962961
UMLCloneNode,container-admin-user,container-admin-user_trdujmiiju,,526379568
Move_Operation_New_Component_New_Node,rebook,New-Component_thndjfvubh,New-Node_ukwnowhbhh,689605173
Move_Operation_New_Component_New_Node,rebook,New-Component_occadfsret,New-Node_qqpvhwlaij,657028791
Move_Operation_New_Component_New_Node,findAll,New-Component_hsfchvdfjr,New-Node_uqihivzqtw,704704666
Move_Operation_New_Component_New_Node,generate,New-Component_aksdjmpgjm,New-Node_senfvkwxlr,715957446
Move_Operation_New_Component_New_Node,updateUser,New-Component_wdaacrsodc,New-Node_vdijsicgrt,792870851
Move_Operation_New_Component_New_Node,updateUser,New-Component_wexfabftig,New-Node_lnksdahrqc,640863049
Move_Operation_Component,verify,Route-plan,,262810022
Move_Operation_New_Component_New_Node,verify,New-Component_bnfgzbujkr,New-Node_zadistuqac,935932139
Move_Operation_Component,modify,Order-other,,331599535
Move_Operation_New_Component_New_Node,rebook,New-Component_occadfsret,New-Node_qqpvhwlaij,892394874
Move_Operation_New_Component_New_Node,findAll,New-Component_hsfchvdfjr,New-Node_uqihivzqtw,816674044
UMLCloneNode,container-login_fzdgytpiub,container-login_fzdgytpiub_xtrnllqowf,,265349884
Move_Operation_New_Component_New_Node,updateUser,New-Component_wdaacrsodc,New-Node_vdijsicgrt,758808884
Move_Operation_New_Component_New_Node,updateUser,New-Component_wexfabftig,New-Node_lnksdahrqc,1060722106
Move_Operation_Component,verify,Route-plan,,269250348
UMLCloneNode,container-sso,container-sso_gytuoefomq,,569054996
Move_Operation_New_Component_New_Node,getByID,New-Component_qsmdspkcgt,New-Node_ipqrjtgezy,727374603
Move_Component_New_Node,Verification,New-Node_qmhwpfwcrm,,564263833
Move_Operation_New_Component_New_Node,login,New-Component_jbggcpavez,New-Node_sqyktafyhp,775561305
Move_Operation_New_Component_New_Node,verify,New-Component_bnfgzbujkr,New-Node_zadistuqac,806353383
Move_Operation_Component,modify,Order-other,,316239494
Move_Operation_New_Component_New_Node,rebook,New-Component_occadfsret,New-Node_qqpvhwlaij,782032279
Move_Operation_New_Component_New_Node,findAll,New-Component_hsfchvdfjr,New-Node_uqihivzqtw,748860400
Move_Operation_New_Component_New_Node,login,New-Component_qnvkmtxdes,New-Node_soadaxyxra,762181818
UMLCloneNode,container-travel-plan,container-travel-plan_kfczzjdbel,,481257060
Move_Operation_New_Component_New_Node,findAll,New-Component_truutgxpmc,New-Node_btqlulcktp,664955535
Move_Operation_New_Component_New_Node,findAll,New-Component_lnczkwhywo,New-Node_zcajpjuhil,698321577
Move_Component_New_Node,Admin-user,New-Node_vmsffdwrku,,598037028
Move_Operation_New_Component_New_Node,modify,New-Component_ajuouhrzjr,New-Node_fxlqyiiyev,683402614
Move_Operation_New_Component_New_Node,generate,New-Component_cgfbumamhw,New-Node_qkgcvibdmg,658281881
UMLCloneNode,continer-route-plan,continer-route-plan_djlwfmffju,,480873291
UMLCloneNode,container-sso,container-sso_wuuytpdunc,,482494561
Move_Operation_New_Component_New_Node,rebook,New-Component_kxqrncitdi,New-Node_podiaasgmq,687618859
Move_Operation_New_Component_New_Node,rebook,New-Component_occadfsret,New-Node_qqpvhwlaij,759707820
Move_Operation_New_Component_New_Node,findAll,New-Component_hsfchvdfjr,New-Node_uqihivzqtw,745132971
UMLCloneNode,container-sso,container-sso_gytuoefomq,,503742662
Move_Operation_New_Component_New_Node,getByID,New-Component_qsmdspkcgt,New-Node_ipqrjtgezy,645298977
Move_Component_New_Node,Verification,New-Node_qmhwpfwcrm,,620353283
Move_Operation_New_Component_New_Node,login,New-Component_jbggcpavez,New-Node_sqyktafyhp,768304829
Move_Operation_New_Component_New_Node,verify,New-Component_bnfgzbujkr,New-Node_zadistuqac,723231174
Move_Operation_Component,modify,Order-other,,253124801
Move_Operation_New_Component_New_Node,rebook,New-Component_occadfsret,New-Node_qqpvhwlaij,681764733
Move_Operation_New_Component_New_Node,findAll,New-Component_hsfchvdfjr,New-Node_uqihivzqtw,644138571
UMLCloneNode,container-sso,container-sso_gytuoefomq,,507144060
Move_Operation_New_Component_New_Node,getByID,New-Component_qsmdspkcgt,New-Node_ipqrjtgezy,1081421579
Move_Component_New_Node,Verification,New-Node_qmhwpfwcrm,,563240644
Move_Operation_New_Component_New_Node,login,New-Component_jbggcpavez,New-Node_sqyktafyhp,725694272
Move_Component_New_Node,Admin-user,New-Node_vmsffdwrku,,632038503
Move_Operation_New_Component_New_Node,modify,New-Component_ajuouhrzjr,New-Node_fxlqyiiyev,706476889
Move_Operation_New_Component_New_Node,generate,New-Component_cgfbumamhw,New-Node_qkgcvibdmg,663560969
UMLCloneNode,continer-route-plan,continer-route-plan_djlwfmffju,,469834994
UMLCloneNode,container-admin-user,container-admin-user_trdujmiiju,,568401581
Move_Operation_Component,modify,Order-other,,312396098
Move_Operation_New_Component_New_Node,rebook,New-Component_occadfsret,New-Node_qqpvhwlaij,803495073
Move_Operation_New_Component_New_Node,findAll,New-Component_hsfchvdfjr,New-Node_uqihivzqtw,721953238
Move_Operation_New_Component_New_Node,generate,New-Component_aksdjmpgjm,New-Node_senfvkwxlr,713513723
Move_Operation_New_Component_New_Node,updateUser,New-Component_wdaacrsodc,New-Node_vdijsicgrt,659287015
Move_Operation_New_Component_New_Node,updateUser,New-Component_wexfabftig,New-Node_lnksdahrqc,658028606
Move_Operation_Component,verify,Route-plan,,269442548
Move_Component_New_Node,Order-other,New-Node_zqhiuwyirv,,571729480
Move_Operation_Component,modify,Order-other,,300636828
Move_Operation_New_Component_New_Node,rebook,New-Component_occadfsret,New-Node_qqpvhwlaij,711552195
Move_Operation_New_Component_New_Node,findAll,New-Component_hsfchvdfjr,New-Node_uqihivzqtw,555765688
UMLCloneNode,container-login_fzdgytpiub,container-login_fzdgytpiub_xtrnllqowf,,258752243
Move_Operation_New_Component_New_Node,updateUser,New-Component_wdaacrsodc,New-Node_vdijsicgrt,645489595
Move_Operation_New_Component_New_Node,updateUser,New-Component_wexfabftig,New-Node_lnksdahrqc,612800180
Move_Operation_Component,verify,Route-plan,,255430445
Move_Component_New_Node,Travel-plan,New-Node_hyuhccmfvx,,589192686
Move_Operation_Component,modify,Order-other,,259723775
Move_Operation_New_Component_New_Node,rebook,New-Component_occadfsret,New-Node_qqpvhwlaij,760573633
UMLCloneNode,container-order-other,container-order-other_fzfqmofkfn,,471770833
UMLCloneNode,container-order-other,container-order-other_tvkhqplpcl,,564822109
Move_Operation_New_Component_New_Node,updateUser,New-Component_wdaacrsodc,New-Node_vdijsicgrt,733435979
Move_Operation_New_Component_New_Node,updateUser,New-Component_wexfabftig,New-Node_lnksdahrqc,718154465
Move_Operation_Component,verify,Route-plan,,281552795
Move_Operation_New_Component_New_Node,generate,New-Component_aksdjmpgjm,New-Node_senfvkwxlr,774143106
Move_Operation_New_Component_New_Node,updateUser,New-Component_wdaacrsodc,New-Node_vdijsicgrt,1042678223
Move_Operation_New_Component_New_Node,updateUser,New-Component_wexfabftig,New-Node_lnksdahrqc,670277193
Move_Operation_Component,verify,Route-plan,,266147520
Move_Component_New_Node,Admin-user,New-Node_vmsffdwrku,,540638344
Move_Operation_New_Component_New_Node,modify,New-Component_ajuouhrzjr,New-Node_fxlqyiiyev,689853519
Move_Operation_New_Component_New_Node,generate,New-Component_cgfbumamhw,New-Node_qkgcvibdmg,688863663
UMLCloneNode,continer-route-plan,continer-route-plan_djlwfmffju,,594139601
UMLCloneNode,container-sso,container-sso_wuuytpdunc,,560996707
Move_Operation_New_Component_New_Node,rebook,New-Component_kxqrncitdi,New-Node_podiaasgmq,789396427
Move_Operation_New_Component_New_Node,rebook,New-Component_occadfsret,New-Node_qqpvhwlaij,761845207
Move_Operation_New_Component_New_Node,findAll,New-Component_hsfchvdfjr,New-Node_uqihivzqtw,781334000
Move_Operation_Component,findAll,Station,,317253185
UMLCloneNode,container-travel-plan,container-travel-plan_kfczzjdbel,,483283771
Move_Operation_New_Component_New_Node,findAll,New-Component_truutgxpmc,New-Node_btqlulcktp,641669843
Move_Operation_New_Component_New_Node,findAll,New-Component_lnczkwhywo,New-Node_zcajpjuhil,718051672
Move_Operation_New_Component_New_Node,generate,New-Component_aksdjmpgjm,New-Node_senfvkwxlr,839977329
Move_Operation_New_Component_New_Node,updateUser,New-Component_wdaacrsodc,New-Node_vdijsicgrt,716871238
Move_Operation_New_Component_New_Node,updateUser,New-Component_wexfabftig,New-Node_lnksdahrqc,672887707
Move_Operation_Component,verify,Route-plan,,260608023
UMLCloneNode,container-sso,container-sso_gytuoefomq,,568016589
Move_Operation_New_Component_New_Node,getByID,New-Component_qsmdspkcgt,New-Node_ipqrjtgezy,788614691
Move_Component_New_Node,Verification,New-Node_qmhwpfwcrm,,629200652
Move_Operation_New_Component_New_Node,login,New-Component_jbggcpavez,New-Node_sqyktafyhp,773912253
UMLCloneNode,container-login_fzdgytpiub,container-login_fzdgytpiub_xtrnllqowf,,248370898
Move_Operation_New_Component_New_Node,updateUser,New-Component_wdaacrsodc,New-Node_vdijsicgrt,652221378
Move_Operation_New_Component_New_Node,updateUser,New-Component_wexfabftig,New-Node_lnksdahrqc,704300998
Move_Operation_Component,verify,Route-plan,,299764653
Move_Component_New_Node,Admin-user,New-Node_vmsffdwrku,,594896961
Move_Operation_New_Component_New_Node,modify,New-Component_ajuouhrzjr,New-Node_fxlqyiiyev,650135266
Move_Operation_New_Component_New_Node,generate,New-Component_cgfbumamhw,New-Node_qkgcvibdmg,647757327
UMLCloneNode,continer-route-plan,continer-route-plan_djlwfmffju,,483138849
Move_Component_New_Node,Sso,New-Node_dvcfrxfnvv,,588820607
Move_Operation_New_Component_New_Node,updateUser,New-Component_wdaacrsodc,New-Node_vdijsicgrt,969574280
Move_Operation_New_Component_New_Node,updateUser,New-Component_wexfabftig,New-Node_lnksdahrqc,743782839
UMLCloneNode,container-station,container-station_oulnfgewbt,,545177855
Move_Operation_Component,findAll,Station,,351096914
UMLCloneNode,container-travel-plan,container-travel-plan_kfczzjdbel,,571543442
Move_Operation_New_Component_New_Node,findAll,New-Component_truutgxpmc,New-Node_btqlulcktp,741667463
Move_Operation_New_Component_New_Node,findAll,New-Component_lnczkwhywo,New-Node_zcajpjuhil,711573054
UMLCloneNode,container-order-other,container-order-other_tvkhqplpcl,,526664562
Move_Operation_New_Component_New_Node,updateUser,New-Component_wdaacrsodc,New-Node_vdijsicgrt,707321663
Move_Operation_New_Component_New_Node,updateUser,New-Component_wexfabftig,New-Node_lnksdahrqc,696724002
Move_Operation_Component,generate,Login,,289983824
Move_Component_New_Node,Order-other,New-Node_zqhiuwyirv,,592676257
Move_Operation_Component,modify,Order-other,,250781557
Move_Operation_New_Component_New_Node,rebook,New-Component_occadfsret,New-Node_qqpvhwlaij,729875973
Move_Operation_New_Component_New_Node,findAll,New-Component_hsfchvdfjr,New-Node_uqihivzqtw,738011087
UMLCloneNode,container-sso,container-sso_wuuytpdunc,,573544474
Move_Operation_New_Component_New_Node,rebook,New-Component_kxqrncitdi,New-Node_podiaasgmq,794886581
Move_Operation_New_Component_New_Node,rebook,New-Component_occadfsret,New-Node_qqpvhwlaij,753066297
Move_Operation_New_Component_New_Node,findAll,New-Component_hsfchvdfjr,New-Node_uqihivzqtw,729218029
Move_Operation_Component,findAll,Station,,355593195
UMLCloneNode,container-travel-plan,container-travel-plan_kfczzjdbel,,471218458
Move_Operation_New_Component_New_Node,findAll,New-Component_truutgxpmc,New-Node_btqlulcktp,639598659
Move_Operation_New_Component_New_Node,findAll,New-Component_lnczkwhywo,New-Node_zcajpjuhil,672671102
Move_Operation_New_Component_New_Node,verify,New-Component_bnfgzbujkr,New-Node_zadistuqac,680295648
Move_Operation_Component,modify,Order-other,,263103762
Move_Operation_New_Component_New_Node,rebook,New-Component_occadfsret,New-Node_qqpvhwlaij,660743316
Move_Operation_New_Component_New_Node,findAll,New-Component_hsfchvdfjr,New-Node_uqihivzqtw,627179121
UMLCloneNode,container-sso,container-sso_wuuytpdunc,,502094702
Move_Operation_New_Component_New_Node,rebook,New-Component_kxqrncitdi,New-Node_podiaasgmq,699302526
Move_Operation_New_Component_New_Node,rebook,New-Component_occadfsret,New-Node_qqpvhwlaij,662721606
Move_Operation_New_Component_New_Node,findAll,New-Component_hsfchvdfjr,New-Node_uqihivzqtw,656482086
Move_Operation_Component,findAll,Station,,280294496
UMLCloneNode,container-travel-plan,container-travel-plan_kfczzjdbel,,987782320
Move_Operation_New_Component_New_Node,updateUser,New-Component_wexfabftig,New-Node_lnksdahrqc,667320358
UMLCloneNode,container-station,container-station_oulnfgewbt,,470219755
Move_Operation_New_Component_New_Node,verify,New-Component_wmedywzzuy,New-Node_iktjcuyfpa,797114418
Move_Operation_New_Component_New_Node,updateUser,New-Component_wdaacrsodc,New-Node_vdijsicgrt,771423677
Move_Operation_New_Component_New_Node,updateUser,New-Component_wexfabftig,New-Node_lnksdahrqc,741017915
Move_Operation_Component,verify,Route-plan,,287921297
Move_Operation_New_Component_New_Node,findAll,New-Component_fdvsbwxbew,New-Node_myagxzikbp,772761817
Move_Operation_Component,modify,Order-other,,305128150
Move_Operation_New_Component_New_Node,rebook,New-Component_occadfsret,New-Node_qqpvhwlaij,787833436
UMLCloneNode,container-order-other,container-order-other_fzfqmofkfn,,555176894
Move_Operation_New_Component_New_Node,generate,New-Component_auaaaicmqz,New-Node_rbwxeupeml,728798173
Move_Operation_Component,modify,Order-other,,258356120
Move_Operation_New_Component_New_Node,rebook,New-Component_occadfsret,New-Node_qqpvhwlaij,763686710
Move_Operation_New_Component_New_Node,findAll,New-Component_hsfchvdfjr,New-Node_uqihivzqtw,749907454
UMLCloneNode,container-admin-user,container-admin-user_trdujmiiju,,592592770
Move_Operation_Component,modify,Order-other,,286326757
Move_Operation_New_Component_New_Node,rebook,New-Component_occadfsret,New-Node_qqpvhwlaij,720851091
Move_Operation_New_Component_New_Node,findAll,New-Component_hsfchvdfjr,New-Node_uqihivzqtw,635235578
Move_Component_New_Node,Travel-plan,New-Node_hyuhccmfvx,,560078314
Move_Operation_Component,modify,Order-other,,256153821
Move_Operation_New_Component_New_Node,rebook,New-Component_occadfsret,New-Node_qqpvhwlaij,711806602
UMLCloneNode,container-order-other,container-order-other_fzfqmofkfn,,475079347
Move_Component_New_Node,Sso,New-Node_dvcfrxfnvv,,523403077
Move_Operation_New_Component_New_Node,updateUser,New-Component_wdaacrsodc,New-Node_vdijsicgrt,556875519
Move_Operation_New_Component_New_Node,findAll,New-Component_truutgxpmc,New-Node_btqlulcktp,543467868
UMLCloneNode,container-ticket-info,container-ticket-info_qxovklvsih,,371897095
Move_Component_New_Node,Sso,New-Node_dvcfrxfnvv,,562725538
Move_Operation_New_Component_New_Node,updateUser,New-Component_wdaacrsodc,New-Node_vdijsicgrt,815219517
Move_Operation_New_Component_New_Node,updateUser,New-Component_wexfabftig,New-Node_lnksdahrqc,776921125
UMLCloneNode,container-station,container-station_oulnfgewbt,,571333989
Move_Operation_Component,findAll,Station,,284420874
Move_Operation_New_Component_New_Node,generate,New-Component_fdweakugbf,New-Node_yiygzslrnx,703749956
Move_Operation_New_Component_New_Node,updateUser,New-Component_wexfabftig,New-Node_lnksdahrqc,961920027
UMLCloneNode,container-station,container-station_oulnfgewbt,,494512475
Move_Operation_Component,findAll,Station,,340039762
UMLCloneNode,container-travel-plan,container-travel-plan_kfczzjdbel,,368541794
Move_Operation_New_Component_New_Node,findAll,New-Component_truutgxpmc,New-Node_btqlulcktp,564216413
Move_Operation_New_Component_New_Node,findAll,New-Component_lnczkwhywo,New-Node_zcajpjuhil,649720127
UMLCloneNode,container-admin-user,container-admin-user_iijvargyvk,,505116068
Move_Operation_Component,modify,Order-other,,239919531
Move_Operation_New_Component_New_Node,rebook,New-Component_occadfsret,New-Node_qqpvhwlaij,729337454
Move_Operation_New_Component_New_Node,findAll,New-Component_hsfchvdfjr,New-Node_uqihivzqtw,631911545
Move_Operation_New_Component_New_Node,findAll,New-Component_fdvsbwxbew,New-Node_myagxzikbp,767233119
Move_Operation_Component,modify,Order-other,,257098813
Move_Operation_New_Component_New_Node,rebook,New-Component_occadfsret,New-Node_qqpvhwlaij,711097082
UMLCloneNode,container-order-other,container-order-other_fzfqmofkfn,,504024080
UMLCloneNode,container-order-other,container-order-other_tvkhqplpcl,,509353232
Move_Operation_New_Component_New_Node,updateUser,New-Component_wdaacrsodc,New-Node_vdijsicgrt,677380592
Move_Operation_New_Component_New_Node,updateUser,New-Component_wexfabftig,New-Node_lnksdahrqc,688569572
Move_Operation_Component,generate,Login,,259695000
Move_Operation_Component,findAll,Station,,423787612
UMLCloneNode,container-travel-plan,container-travel-plan_kfczzjdbel,,588415748
Move_Operation_New_Component_New_Node,findAll,New-Component_truutgxpmc,New-Node_btqlulcktp,772240158
Move_Operation_New_Component_New_Node,findAll,New-Component_lnczkwhywo,New-Node_zcajpjuhil,721509676
Move_Component_New_Node,Sso,New-Node_dvcfrxfnvv,,594942486
Move_Operation_New_Component_New_Node,updateUser,New-Component_wdaacrsodc,New-Node_vdijsicgrt,692350141
Move_Operation_New_Component_New_Node,findAll,New-Component_truutgxpmc,New-Node_btqlulcktp,671624519
UMLCloneNode,container-ticket-info,container-ticket-info_qxovklvsih,,464673736
UMLCloneNode,container-ticket-info,container-ticket-info_hzihnpxigy,,536033359
Move_Operation_Component,modify,Order-other,,276277223
Move_Operation_New_Component_New_Node,rebook,New-Component_occadfsret,New-Node_qqpvhwlaij,740210922
UMLCloneNode,container-order-other,container-order-other_fzfqmofkfn,,515342192
UMLCloneNode,container-login_fzdgytpiub,container-login_fzdgytpiub_xtrnllqowf,,288297592
Move_Operation_New_Component_New_Node,updateUser,New-Component_wdaacrsodc,New-Node_vdijsicgrt,730198048
Move_Operation_New_Component_New_Node,updateUser,New-Component_wexfabftig,New-Node_lnksdahrqc,969884772
Move_Operation_Component,verify,Route-plan,,239888983
Move_Operation_Component,findAll,Station,,292565755
Move_Operation_New_Component_New_Node,generate,New-Component_fdweakugbf,New-Node_yiygzslrnx,630722405
Move_Operation_New_Component_New_Node,updateUser,New-Component_wexfabftig,New-Node_lnksdahrqc,1088120158
UMLCloneNode,container-station,container-station_oulnfgewbt,,481925444
UMLCloneNode,container-admin-user,container-admin-user_trdujmiiju,,401174953
Move_Operation_New_Component_New_Node,rebook,New-Component_thndjfvubh,New-Node_ukwnowhbhh,614009758
Move_Operation_New_Component_New_Node,rebook,New-Component_occadfsret,New-Node_qqpvhwlaij,538231871
Move_Operation_New_Component_New_Node,findAll,New-Component_hsfchvdfjr,New-Node_uqihivzqtw,632444234
UMLCloneNode,container-sso,container-sso_gytuoefomq,,566773639
Move_Operation_New_Component_New_Node,getByID,New-Component_qsmdspkcgt,New-Node_ipqrjtgezy,733272081
Move_Component_New_Node,Verification,New-Node_qmhwpfwcrm,,591346394
Move_Operation_New_Component_New_Node,login,New-Component_jbggcpavez,New-Node_sqyktafyhp,792542096
UMLCloneNode,container-sso,container-sso_gytuoefomq,,479860933
Move_Operation_New_Component_New_Node,getByID,New-Component_qsmdspkcgt,New-Node_ipqrjtgezy,650008658
Move_Component_New_Node,Verification,New-Node_qmhwpfwcrm,,529747573
Move_Operation_New_Component_New_Node,login,New-Component_jbggcpavez,New-Node_sqyktafyhp,679904494
UMLCloneNode,container-admin-user,container-admin-user_trdujmiiju,,541963508
Move_Operation_New_Component_New_Node,rebook,New-Component_thndjfvubh,New-Node_ukwnowhbhh,782656770
Move_Operation_New_Component_New_Node,rebook,New-Component_occadfsret,New-Node_qqpvhwlaij,704614998
Move_Operation_New_Component_New_Node,findAll,New-Component_hsfchvdfjr,New-Node_uqihivzqtw,733304352
Move_Component_New_Node,Sso,New-Node_dvcfrxfnvv,,548658422
Move_Operation_New_Component_New_Node,updateUser,New-Component_wdaacrsodc,New-Node_vdijsicgrt,692004402
Move_Operation_New_Component_New_Node,findAll,New-Component_truutgxpmc,New-Node_btqlulcktp,603543994
UMLCloneNode,container-station,container-station_oulnfgewbt,,517165141
UMLCloneNode,container-sso,container-sso_wuuytpdunc,,550919541
Move_Operation_New_Component_New_Node,rebook,New-Component_kxqrncitdi,New-Node_podiaasgmq,773174581
Move_Operation_New_Component_New_Node,rebook,New-Component_occadfsret,New-Node_qqpvhwlaij,741599786
Move_Operation_New_Component_New_Node,findAll,New-Component_hsfchvdfjr,New-Node_uqihivzqtw,734668119
UMLCloneNode,container-login_fzdgytpiub,container-login_fzdgytpiub_xtrnllqowf,,265372747
Move_Operation_New_Component_New_Node,updateUser,New-Component_wdaacrsodc,New-Node_vdijsicgrt,698284598
Move_Operation_New_Component_New_Node,updateUser,New-Component_wexfabftig,New-Node_lnksdahrqc,1078917754
Move_Operation_Component,verify,Route-plan,,264524697
Move_Operation_Component,findAll,Station,,349849656
Move_Operation_New_Component_New_Node,generate,New-Component_fdweakugbf,New-Node_yiygzslrnx,699098945
Move_Operation_New_Component_New_Node,updateUser,New-Component_wexfabftig,New-Node_lnksdahrqc,708302753
UMLCloneNode,container-station,container-station_oulnfgewbt,,548117477
UMLCloneNode,container-login,container-login_zzcrzggqrh,,548783226
UMLCloneNode,container-travel-plan,container-travel-plan_kfczzjdbel,,465959597
Move_Operation_New_Component_New_Node,updateUser,New-Component_wexfabftig,New-Node_lnksdahrqc,704180283
UMLCloneNode,container-station,container-station_oulnfgewbt,,474279207
Move_Operation_New_Component_New_Node,generate,New-Component_aksdjmpgjm,New-Node_senfvkwxlr,725150804
Move_Operation_New_Component_New_Node,updateUser,New-Component_wdaacrsodc,New-Node_vdijsicgrt,670528263
Move_Operation_New_Component_New_Node,updateUser,New-Component_wexfabftig,New-Node_lnksdahrqc,666296458
Move_Operation_Component,verify,Route-plan,,295793888
Move_Operation_New_Component_New_Node,generate,New-Component_aksdjmpgjm,New-Node_senfvkwxlr,785549374
Move_Operation_New_Component_New_Node,updateUser,New-Component_wdaacrsodc,New-Node_vdijsicgrt,889283060
Move_Operation_New_Component_New_Node,updateUser,New-Component_wexfabftig,New-Node_lnksdahrqc,827320716
Move_Operation_Component,verify,Route-plan,,292415994
UMLCloneNode,container-sso,container-sso_gytuoefomq,,517089658
Move_Operation_New_Component_New_Node,getByID,New-Component_qsmdspkcgt,New-Node_ipqrjtgezy,702642579
Move_Component_New_Node,Verification,New-Node_qmhwpfwcrm,,517900900
Move_Operation_New_Component_New_Node,login,New-Component_jbggcpavez,New-Node_sqyktafyhp,679787916
Move_Operation_New_Component_New_Node,findAll,New-Component_fdvsbwxbew,New-Node_myagxzikbp,675053428
Move_Operation_Component,modify,Order-other,,269088163
Move_Operation_New_Component_New_Node,rebook,New-Component_occadfsret,New-Node_qqpvhwlaij,754666326
UMLCloneNode,container-order-other,container-order-other_fzfqmofkfn,,481432680
Move_Component_New_Node,Sso,New-Node_dvcfrxfnvv,,643756485
Move_Operation_New_Component_New_Node,updateUser,New-Component_wdaacrsodc,New-Node_vdijsicgrt,711793147
Move_Operation_New_Component_New_Node,findAll,New-Component_truutgxpmc,New-Node_btqlulcktp,661873626
UMLCloneNode,container-station,container-station_oulnfgewbt,,487173454
Move_Operation_New_Component_New_Node,generate,New-Component_auaaaicmqz,New-Node_rbwxeupeml,998355094
Move_Operation_Component,modify,Order-other,,269967392
Move_Operation_New_Component_New_Node,rebook,New-Component_occadfsret,New-Node_qqpvhwlaij,691509263
Move_Operation_New_Component_New_Node,findAll,New-Component_hsfchvdfjr,New-Node_uqihivzqtw,663726369
Move_Operation_New_Component_New_Node,generate,New-Component_auaaaicmqz,New-Node_rbwxeupeml,720548464
Move_Operation_Component,modify,Order-other,,265243956
Move_Operation_New_Component_New_Node,rebook,New-Component_occadfsret,New-Node_qqpvhwlaij,705339907
Move_Operation_New_Component_New_Node,findAll,New-Component_hsfchvdfjr,New-Node_uqihivzqtw,663849079
Move_Operation_Component,findAll,Station,,356122808
UMLCloneNode,container-travel-plan,container-travel-plan_kfczzjdbel,,468155505
Move_Operation_New_Component_New_Node,updateUser,New-Component_wexfabftig,New-Node_lnksdahrqc,680345621
UMLCloneNode,container-station,container-station_oulnfgewbt,,469885449
UMLCloneNode,container-admin-user,container-admin-user_trdujmiiju,,539316665
Move_Operation_New_Component_New_Node,rebook,New-Component_thndjfvubh,New-Node_ukwnowhbhh,739160402
Move_Operation_New_Component_New_Node,rebook,New-Component_occadfsret,New-Node_qqpvhwlaij,661531364
Move_Operation_New_Component_New_Node,findAll,New-Component_hsfchvdfjr,New-Node_uqihivzqtw,651950940
Move_Operation_New_Component_New_Node,generate,New-Component_auaaaicmqz,New-Node_rbwxeupeml,707881131
Move_Operation_Component,modify,Order-other,,269423552
Move_Operation_New_Component_New_Node,rebook,New-Component_occadfsret,New-Node_qqpvhwlaij,1062338467
Move_Operation_New_Component_New_Node,findAll,New-Component_hsfchvdfjr,New-Node_uqihivzqtw,653044440
UMLCloneNode,container-sso,container-sso_gytuoefomq,,465715730
Move_Operation_New_Component_New_Node,getByID,New-Component_qsmdspkcgt,New-Node_ipqrjtgezy,721835708
Move_Component_New_Node,Verification,New-Node_qmhwpfwcrm,,650736343
Move_Operation_New_Component_New_Node,login,New-Component_jbggcpavez,New-Node_sqyktafyhp,840214814
UMLCloneNode,container-admin-user,container-admin-user_trdujmiiju,,558610643
Move_Operation_New_Component_New_Node,rebook,New-Component_thndjfvubh,New-Node_ukwnowhbhh,696137953
Move_Operation_New_Component_New_Node,rebook,New-Component_occadfsret,New-Node_qqpvhwlaij,616558047
Move_Operation_New_Component_New_Node,findAll,New-Component_hsfchvdfjr,New-Node_uqihivzqtw,675111557
UMLCloneNode,container-ticket-info,container-ticket-info_fdnzmnezbd,,538770511
Move_Operation_New_Component_New_Node,updateUser,New-Component_wdaacrsodc,New-Node_vdijsicgrt,847790118
Move_Operation_New_Component_New_Node,updateUser,New-Component_wexfabftig,New-Node_lnksdahrqc,677314408
Move_Operation_Component,verify,Route-plan,,277895878
UMLCloneNode,container-login,container-login_zzcrzggqrh,,516835602
UMLCloneNode,container-travel-plan,container-travel-plan_kfczzjdbel,,814523161
Move_Operation_New_Component_New_Node,updateUser,New-Component_wexfabftig,New-Node_lnksdahrqc,738949406
UMLCloneNode,container-station,container-station_oulnfgewbt,,507703559
Move_Operation_Component,findAll,Station,,292428077
UMLCloneNode,container-travel-plan,container-travel-plan_kfczzjdbel,,533139663
Move_Operation_New_Component_New_Node,findAll,New-Component_truutgxpmc,New-Node_btqlulcktp,720659963
Move_Operation_New_Component_New_Node,findAll,New-Component_lnczkwhywo,New-Node_zcajpjuhil,745771739
Move_Operation_Component,updateUser,Order-other,,296496946
UMLCloneNode,container-travel-plan,container-travel-plan_kfczzjdbel,,529867517
Move_Operation_New_Component_New_Node,updateUser,New-Component_wexfabftig,New-Node_lnksdahrqc,745814569
UMLCloneNode,container-station,container-station_oulnfgewbt,,512964834
Move_Operation_Component,findAll,Station,,279896489
UMLCloneNode,container-travel-plan,container-travel-plan_kfczzjdbel,,457411689
Move_Operation_New_Component_New_Node,findAll,New-Component_truutgxpmc,New-Node_btqlulcktp,685038140
Move_Operation_New_Component_New_Node,findAll,New-Component_lnczkwhywo,New-Node_zcajpjuhil,725796744
Move_Operation_Component,findAll,Station,,274135156
UMLCloneNode,container-travel-plan,container-travel-plan_kfczzjdbel,,367957548
Move_Operation_New_Component_New_Node,updateUser,New-Component_wexfabftig,New-Node_lnksdahrqc,647591376
UMLCloneNode,container-station,container-station_oulnfgewbt,,375446782
UMLCloneNode,container-admin-user,container-admin-user_trdujmiiju,,586682278
Move_Operation_New_Component_New_Node,rebook,New-Component_thndjfvubh,New-Node_ukwnowhbhh,725876444
Move_Operation_New_Component_New_Node,rebook,New-Component_occadfsret,New-Node_qqpvhwlaij,671228306
Move_Operation_New_Component_New_Node,findAll,New-Component_hsfchvdfjr,New-Node_uqihivzqtw,740460830
UMLCloneNode,container-login,container-login_zzcrzggqrh,,454734439
UMLCloneNode,container-travel-plan,container-travel-plan_kfczzjdbel,,396785081
Move_Operation_New_Component_New_Node,updateUser,New-Component_wexfabftig,New-Node_lnksdahrqc,593203957
UMLCloneNode,container-station,container-station_oulnfgewbt,,443784679
Move_Operation_Component,findAll,Station,,322739954
UMLCloneNode,container-travel-plan,container-travel-plan_kfczzjdbel,,474315535
Move_Operation_New_Component_New_Node,findAll,New-Component_truutgxpmc,New-Node_btqlulcktp,698250675
Move_Operation_New_Component_New_Node,findAll,New-Component_lnczkwhywo,New-Node_zcajpjuhil,711512000
UMLCloneNode,container-sso,container-sso_gytuoefomq,,490202624
Move_Operation_New_Component_New_Node,getByID,New-Component_qsmdspkcgt,New-Node_ipqrjtgezy,704194880
Move_Component_New_Node,Verification,New-Node_qmhwpfwcrm,,1028949591
Move_Operation_New_Component_New_Node,login,New-Component_jbggcpavez,New-Node_sqyktafyhp,699855794
UMLCloneNode,container-login_fzdgytpiub,container-login_fzdgytpiub_xtrnllqowf,,251845413
Move_Operation_New_Component_New_Node,updateUser,New-Component_wdaacrsodc,New-Node_vdijsicgrt,679460942
Move_Operation_New_Component_New_Node,updateUser,New-Component_wexfabftig,New-Node_lnksdahrqc,637179904
Move_Operation_Component,verify,Route-plan,,261536344
UMLCloneNode,container-sso,container-sso_wuuytpdunc,,524709616
Move_Operation_New_Component_New_Node,rebook,New-Component_kxqrncitdi,New-Node_podiaasgmq,693461975
Move_Operation_New_Component_New_Node,rebook,New-Component_occadfsret,New-Node_qqpvhwlaij,643197056
Move_Operation_New_Component_New_Node,findAll,New-Component_hsfchvdfjr,New-Node_uqihivzqtw,651568593
Move_Component_New_Node,Sso,New-Node_dvcfrxfnvv,,647408232
Move_Operation_New_Component_New_Node,updateUser,New-Component_wdaacrsodc,New-Node_vdijsicgrt,696702712
Move_Operation_New_Component_New_Node,findAll,New-Component_truutgxpmc,New-Node_btqlulcktp,672561436
UMLCloneNode,container-station,container-station_oulnfgewbt,,470082768
Move_Component_New_Node,Sso,New-Node_dvcfrxfnvv,,590132477
Move_Operation_New_Component_New_Node,updateUser,New-Component_wdaacrsodc,New-Node_vdijsicgrt,665734354
Move_Operation_New_Component_New_Node,findAll,New-Component_truutgxpmc,New-Node_btqlulcktp,647865319
Move_Operation_Component,modify,Admin-user,,275051745
UMLCloneNode,New-Node_hnvpusxult,New-Node_hnvpusxult_lldpyjjbvc,,271542876
Move_Operation_Component,modify,Order-other,,341887445
Move_Operation_New_Component_New_Node,rebook,New-Component_occadfsret,New-Node_qqpvhwlaij,781138854
UMLCloneNode,container-order-other,container-order-other_fzfqmofkfn,,424768101
UMLCloneNode,container-sso,container-sso_wuuytpdunc,,545466436
Move_Operation_New_Component_New_Node,rebook,New-Component_kxqrncitdi,New-Node_podiaasgmq,696807618
Move_Operation_New_Component_New_Node,rebook,New-Component_occadfsret,New-Node_qqpvhwlaij,658807125
Move_Operation_New_Component_New_Node,findAll,New-Component_hsfchvdfjr,New-Node_uqihivzqtw,641027418
UMLCloneNode,container-admin-user,container-admin-user_trdujmiiju,,541962636
Move_Operation_New_Component_New_Node,rebook,New-Component_thndjfvubh,New-Node_ukwnowhbhh,738310609
Move_Operation_New_Component_New_Node,rebook,New-Component_occadfsret,New-Node_qqpvhwlaij,683587190
Move_Operation_New_Component_New_Node,findAll,New-Component_hsfchvdfjr,New-Node_uqihivzqtw,649071071
Move_Component_New_Node,Sso,New-Node_dvcfrxfnvv,,579421814
Move_Operation_New_Component_New_Node,updateUser,New-Component_wdaacrsodc,New-Node_vdijsicgrt,792133629
Move_Operation_New_Component_New_Node,findAll,New-Component_truutgxpmc,New-Node_btqlulcktp,745656433
UMLCloneNode,container-station,container-station_oulnfgewbt,,575148011
UMLCloneNode,container-seat,container-seat_hvjlgaxvwk,,552976579
Move_Operation_Component,modify,Order-other,,279126877
Move_Operation_New_Component_New_Node,rebook,New-Component_occadfsret,New-Node_qqpvhwlaij,694676222
UMLCloneNode,container-order-other,container-order-other_fzfqmofkfn,,567888028
Move_Operation_New_Component_New_Node,generate,New-Component_aksdjmpgjm,New-Node_senfvkwxlr,718356173
Move_Operation_New_Component_New_Node,updateUser,New-Component_wdaacrsodc,New-Node_vdijsicgrt,675988431
Move_Operation_New_Component_New_Node,updateUser,New-Component_wexfabftig,New-Node_lnksdahrqc,720409944
Move_Operation_Component,verify,Route-plan,,298101565
Move_Operation_Component,findAll,Station,,339215515
Move_Operation_New_Component_New_Node,generate,New-Component_fdweakugbf,New-Node_yiygzslrnx,715990237
Move_Operation_New_Component_New_Node,updateUser,New-Component_wexfabftig,New-Node_lnksdahrqc,759665991
UMLCloneNode,container-station,container-station_oulnfgewbt,,521020028
Move_Component_New_Node,Sso,New-Node_dvcfrxfnvv,,677456574
Move_Operation_New_Component_New_Node,updateUser,New-Component_wdaacrsodc,New-Node_vdijsicgrt,692336605
Move_Operation_New_Component_New_Node,findAll,New-Component_truutgxpmc,New-Node_btqlulcktp,729100559
Move_Operation_Component,modify,Admin-user,,303052127
Move_Operation_Component,findAll,Station,,344837787
Move_Operation_New_Component_New_Node,generate,New-Component_fdweakugbf,New-Node_yiygzslrnx,634193564
Move_Operation_New_Component_New_Node,updateUser,New-Component_wexfabftig,New-Node_lnksdahrqc,571630595
UMLCloneNode,container-station,container-station_oulnfgewbt,,453791070
Move_Component_New_Node,Sso,New-Node_dvcfrxfnvv,,560058267
Move_Operation_New_Component_New_Node,updateUser,New-Component_wdaacrsodc,New-Node_vdijsicgrt,773435008
Move_Operation_New_Component_New_Node,findAll,New-Component_truutgxpmc,New-Node_btqlulcktp,697671579
UMLCloneNode,container-station,container-station_oulnfgewbt,,459488624
UMLCloneNode,container-seat,container-seat_khhqkbpgiu,,551942439
Move_Operation_New_Component_New_Node,updateUser,New-Component_wdaacrsodc,New-Node_vdijsicgrt,668867680
Move_Operation_New_Component_New_Node,updateUser,New-Component_wexfabftig,New-Node_lnksdahrqc,631457253
Move_Operation_Component,verify,Route-plan,,248882828
UMLCloneNode,container-sso,container-sso_wuuytpdunc,,920746315
Move_Operation_New_Component_New_Node,rebook,New-Component_kxqrncitdi,New-Node_podiaasgmq,695549490
Move_Operation_New_Component_New_Node,rebook,New-Component_occadfsret,New-Node_qqpvhwlaij,696004112
Move_Operation_New_Component_New_Node,findAll,New-Component_hsfchvdfjr,New-Node_uqihivzqtw,958146371
UMLCloneNode,container-login_fzdgytpiub,container-login_fzdgytpiub_xtrnllqowf,,278677755
Move_Operation_New_Component_New_Node,updateUser,New-Component_wdaacrsodc,New-Node_vdijsicgrt,638727636
Move_Operation_New_Component_New_Node,updateUser,New-Component_wexfabftig,New-Node_lnksdahrqc,746379749
Move_Operation_Component,verify,Route-plan,,274867410
Move_Operation_Component,findAll,Station,,264681340
Move_Operation_New_Component_New_Node,generate,New-Component_fdweakugbf,New-Node_yiygzslrnx,703545603
Move_Operation_New_Component_New_Node,updateUser,New-Component_wexfabftig,New-Node_lnksdahrqc,663212787
UMLCloneNode,container-station,container-station_oulnfgewbt,,460864764
UMLCloneNode,continer-route-plan,continer-route-plan_dlhwnvhtpk,,585451080
UMLCloneNode,container-travel-plan,container-travel-plan_kfczzjdbel,,577060156
Move_Operation_New_Component_New_Node,findAll,New-Component_truutgxpmc,New-Node_btqlulcktp,738984903
Move_Operation_New_Component_New_Node,findAll,New-Component_lnczkwhywo,New-Node_zcajpjuhil,770094495
Move_Operation_New_Component_New_Node,findAll,New-Component_fdvsbwxbew,New-Node_myagxzikbp,698563551
Move_Operation_Component,modify,Order-other,,301699722
Move_Operation_New_Component_New_Node,rebook,New-Component_occadfsret,New-Node_qqpvhwlaij,723515758
UMLCloneNode,container-order-other,container-order-other_fzfqmofkfn,,461958324
Move_Operation_New_Component_New_Node,updateUser,New-Component_zfqgxwkwiu,New-Node_mzoitjdfml,718989150
Move_Operation_New_Component_New_Node,rebook,New-Component_kxqrncitdi,New-Node_podiaasgmq,730663239
Move_Operation_New_Component_New_Node,rebook,New-Component_occadfsret,New-Node_qqpvhwlaij,693048981
Move_Operation_New_Component_New_Node,findAll,New-Component_hsfchvdfjr,New-Node_uqihivzqtw,735944152
Move_Operation_Component,findAll,Station,,337203063
UMLCloneNode,container-travel-plan,container-travel-plan_kfczzjdbel,,406027070
Move_Operation_New_Component_New_Node,findAll,New-Component_truutgxpmc,New-Node_btqlulcktp,684614666
Move_Operation_New_Component_New_Node,findAll,New-Component_lnczkwhywo,New-Node_zcajpjuhil,704280680
Move_Operation_New_Component_New_Node,generate,New-Component_auaaaicmqz,New-Node_rbwxeupeml,667333403
Move_Operation_Component,modify,Order-other,,259126775
Move_Operation_New_Component_New_Node,rebook,New-Component_occadfsret,New-Node_qqpvhwlaij,698852433
Move_Operation_New_Component_New_Node,findAll,New-Component_hsfchvdfjr,New-Node_uqihivzqtw,671398946
Move_Operation_New_Component_New_Node,rebook,New-Component_sdpwhmwcbo,New-Node_ipsyvzxrik,757023446
Move_Operation_New_Component_New_Node,rebook,New-Component_thndjfvubh,New-Node_ukwnowhbhh,1042726213
Move_Operation_New_Component_New_Node,rebook,New-Component_occadfsret,New-Node_qqpvhwlaij,667128178
Move_Operation_New_Component_New_Node,findAll,New-Component_hsfchvdfjr,New-Node_uqihivzqtw,672857361
UMLCloneNode,container-admin-user,container-admin-user_trdujmiiju,,530404063
Move_Operation_New_Component_New_Node,rebook,New-Component_thndjfvubh,New-Node_ukwnowhbhh,700724663
Move_Operation_New_Component_New_Node,rebook,New-Component_occadfsret,New-Node_qqpvhwlaij,721010820
Move_Operation_New_Component_New_Node,findAll,New-Component_hsfchvdfjr,New-Node_uqihivzqtw,743979879
UMLCloneNode,container-admin-user,container-admin-user_trdujmiiju,,546569324
Move_Operation_New_Component_New_Node,rebook,New-Component_thndjfvubh,New-Node_ukwnowhbhh,786420327
Move_Operation_New_Component_New_Node,rebook,New-Component_occadfsret,New-Node_qqpvhwlaij,614249878
Move_Operation_New_Component_New_Node,findAll,New-Component_hsfchvdfjr,New-Node_uqihivzqtw,610660629
Move_Operation_New_Component_New_Node,getByID,New-Component_xpejkxpkvr,New-Node_maeexhhuzk,756728964
Move_Operation_New_Component_New_Node,rebook,New-Component_kxqrncitdi,New-Node_podiaasgmq,699671157
Move_Operation_New_Component_New_Node,rebook,New-Component_occadfsret,New-Node_qqpvhwlaij,605121953
Move_Operation_New_Component_New_Node,findAll,New-Component_hsfchvdfjr,New-Node_uqihivzqtw,608106790
Move_Operation_New_Component_New_Node,updateUser,New-Component_zfqgxwkwiu,New-Node_mzoitjdfml,810762440
Move_Operation_New_Component_New_Node,rebook,New-Component_kxqrncitdi,New-Node_podiaasgmq,772736729
Move_Operation_New_Component_New_Node,rebook,New-Component_occadfsret,New-Node_qqpvhwlaij,738497439
Move_Operation_New_Component_New_Node,findAll,New-Component_hsfchvdfjr,New-Node_uqihivzqtw,718827677
UMLCloneNode,container-verification,container-verification_amkkcyjdjd,,441786411
Move_Operation_New_Component_New_Node,rebook,New-Component_thndjfvubh,New-Node_ukwnowhbhh,631168912
Move_Operation_New_Component_New_Node,rebook,New-Component_occadfsret,New-Node_qqpvhwlaij,545567997
Move_Operation_New_Component_New_Node,findAll,New-Component_hsfchvdfjr,New-Node_uqihivzqtw,556604170
Move_Component_New_Node,Admin-user,New-Node_fijhdwgias,,657954357
UMLCloneNode,container-travel-plan,container-travel-plan_kfczzjdbel,,511109085
Move_Operation_New_Component_New_Node,updateUser,New-Component_wexfabftig,New-Node_lnksdahrqc,734569885
UMLCloneNode,container-station,container-station_oulnfgewbt,,524082821
Move_Component_New_Node,Sso,New-Node_dvcfrxfnvv,,578987630
Move_Operation_New_Component_New_Node,updateUser,New-Component_wdaacrsodc,New-Node_vdijsicgrt,791837795
Move_Operation_New_Component_New_Node,findAll,New-Component_truutgxpmc,New-Node_btqlulcktp,777747696
UMLCloneNode,container-station,container-station_oulnfgewbt,,579626508
UMLCloneNode,container-login_fzdgytpiub,container-login_fzdgytpiub_xtrnllqowf,,255170999
Move_Operation_New_Component_New_Node,updateUser,New-Component_wdaacrsodc,New-Node_vdijsicgrt,806521196
Move_Operation_New_Component_New_Node,updateUser,New-Component_wexfabftig,New-Node_lnksdahrqc,807531161
Move_Operation_Component,verify,Route-plan,,597740994
UMLCloneNode,New-Node_hnvpusxult,New-Node_hnvpusxult_lldpyjjbvc,,279498955
Move_Operation_Component,modify,Order-other,,240597582
Move_Operation_New_Component_New_Node,rebook,New-Component_occadfsret,New-Node_qqpvhwlaij,608448951
UMLCloneNode,container-order-other,container-order-other_fzfqmofkfn,,471106819
Move_Operation_Component,findAll,Station,,309461095
UMLCloneNode,container-travel-plan,container-travel-plan_kfczzjdbel,,519274906
Move_Operation_New_Component_New_Node,updateUser,New-Component_wexfabftig,New-Node_lnksdahrqc,773450006
UMLCloneNode,container-station,container-station_oulnfgewbt,,566710410
Move_Operation_New_Component_New_Node,updateUser,New-Component_yeqwswngzc,New-Node_vjdywjakbq,713961403
Move_Operation_Component,modify,Order-other,,264122403
Move_Operation_New_Component_New_Node,rebook,New-Component_occadfsret,New-Node_qqpvhwlaij,726820324
UMLCloneNode,container-order-other,container-order-other_fzfqmofkfn,,483441877
UMLCloneNode,container-login,container-login_zzcrzggqrh,,464910510
UMLCloneNode,container-travel-plan,container-travel-plan_kfczzjdbel,,462899870
Move_Operation_New_Component_New_Node,updateUser,New-Component_wexfabftig,New-Node_lnksdahrqc,665706953
Move_Operation_Component,modify,Admin-user,,252600248
Move_Component_New_Node,Sso,New-Node_dvcfrxfnvv,,505950843
Move_Operation_New_Component_New_Node,updateUser,New-Component_wdaacrsodc,New-Node_vdijsicgrt,613774157
Move_Operation_New_Component_New_Node,findAll,New-Component_truutgxpmc,New-Node_btqlulcktp,679741088
UMLCloneNode,container-station,container-station_oulnfgewbt,,496565455
UMLCloneNode,container-login_fzdgytpiub,container-login_fzdgytpiub_xtrnllqowf,,253724446
Move_Operation_New_Component_New_Node,updateUser,New-Component_wdaacrsodc,New-Node_vdijsicgrt,710781650
Move_Operation_New_Component_New_Node,updateUser,New-Component_wexfabftig,New-Node_lnksdahrqc,664396476
Move_Operation_Component,verify,Route-plan,,265622375
Move_Operation_Component,findAll,Station,,289064750
UMLCloneNode,container-travel-plan,container-travel-plan_kfczzjdbel,,463329665
Move_Operation_New_Component_New_Node,updateUser,New-Component_wexfabftig,New-Node_lnksdahrqc,699998832
UMLCloneNode,container-station,container-station_oulnfgewbt,,591928815
UMLCloneNode,New-Node_hnvpusxult,New-Node_hnvpusxult_lldpyjjbvc,,871869748
Move_Operation_Component,modify,Order-other,,292122484
Move_Operation_New_Component_New_Node,rebook,New-Component_occadfsret,New-Node_qqpvhwlaij,748076230
UMLCloneNode,container-order-other,container-order-other_fzfqmofkfn,,487001362
Move_Operation_Component,findAll,Station,,291553898
Move_Operation_New_Component_New_Node,generate,New-Component_fdweakugbf,New-Node_yiygzslrnx,660445758
Move_Operation_New_Component_New_Node,updateUser,New-Component_wexfabftig,New-Node_lnksdahrqc,699636974
UMLCloneNode,container-station,container-station_oulnfgewbt,,472957459
Move_Component_New_Node,Sso,New-Node_dvcfrxfnvv,,593631599
Move_Operation_New_Component_New_Node,updateUser,New-Component_wdaacrsodc,New-Node_vdijsicgrt,666974339
Move_Operation_Component,updateUser,Login,,255368419
UMLCloneNode,container-station,container-station_oulnfgewbt,,467530703
Move_Operation_Component,findAll,Station,,335873499
UMLCloneNode,container-travel-plan,container-travel-plan_kfczzjdbel,,468486065
Move_Operation_New_Component_New_Node,findAll,New-Component_truutgxpmc,New-Node_btqlulcktp,648234321
Move_Operation_New_Component_New_Node,findAll,New-Component_lnczkwhywo,New-Node_zcajpjuhil,653955429
Move_Component_New_Node,Sso,New-Node_dvcfrxfnvv,,627101115
Move_Operation_New_Component_New_Node,updateUser,New-Component_wdaacrsodc,New-Node_vdijsicgrt,644352243
Move_Operation_New_Component_New_Node,findAll,New-Component_truutgxpmc,New-Node_btqlulcktp,742005968
Move_Operation_Component,modify,Admin-user,,294334181
Move_Operation_Component,findAll,Station,,302724343
UMLCloneNode,container-travel-plan,container-travel-plan_kfczzjdbel,,496413931
Move_Operation_New_Component_New_Node,findAll,New-Component_truutgxpmc,New-Node_btqlulcktp,670833205
Move_Operation_New_Component_New_Node,findAll,New-Component_lnczkwhywo,New-Node_zcajpjuhil,783127423
Move_Component_New_Node,Sso,New-Node_dvcfrxfnvv,,609670693
Move_Operation_New_Component_New_Node,updateUser,New-Component_wdaacrsodc,New-Node_vdijsicgrt,787278315
Move_Operation_New_Component_New_Node,findAll,New-Component_truutgxpmc,New-Node_btqlulcktp,725672922
Move_Operation_Component,modify,Admin-user,,285950962
Move_Component_New_Node,Seat,New-Node_isxumeuzdl,,569788551
UMLCloneNode,container-travel-plan,container-travel-plan_kfczzjdbel,,513953117
Move_Operation_New_Component_New_Node,updateUser,New-Component_wexfabftig,New-Node_lnksdahrqc,769454004
Move_Operation_Component,modify,Admin-user,,320105814
Move_Operation_Component,findAll,Station,,267002653
UMLCloneNode,container-travel-plan,container-travel-plan_kfczzjdbel,,496644803
Move_Operation_New_Component_New_Node,updateUser,New-Component_wexfabftig,New-Node_lnksdahrqc,1177788100
UMLCloneNode,container-station,container-station_oulnfgewbt,,374572803
Move_Component_New_Node,Seat,New-Node_hxdzooovte,,619288817
Move_Operation_New_Component_New_Node,updateUser,New-Component_wdaacrsodc,New-Node_vdijsicgrt,658320483
Move_Operation_New_Component_New_Node,updateUser,New-Component_wexfabftig,New-Node_lnksdahrqc,661104243
Move_Operation_Component,verify,Route-plan,,302366021
UMLCloneNode,container-login_fzdgytpiub,container-login_fzdgytpiub_xtrnllqowf,,258960825
Move_Operation_New_Component_New_Node,updateUser,New-Component_wdaacrsodc,New-Node_vdijsicgrt,723675447
Move_Operation_New_Component_New_Node,updateUser,New-Component_wexfabftig,New-Node_lnksdahrqc,689900858
Move_Operation_Component,verify,Route-plan,,279360024
UMLCloneNode,container-admin-user,container-admin-user_trdujmiiju,,544385429
Move_Operation_New_Component_New_Node,rebook,New-Component_thndjfvubh,New-Node_ukwnowhbhh,707833172
Move_Operation_New_Component_New_Node,rebook,New-Component_occadfsret,New-Node_qqpvhwlaij,686211360
Move_Operation_New_Component_New_Node,findAll,New-Component_hsfchvdfjr,New-Node_uqihivzqtw,648788660
UMLCloneNode,container-admin-user,container-admin-user_trdujmiiju,,523992892
Move_Operation_New_Component_New_Node,rebook,New-Component_thndjfvubh,New-Node_ukwnowhbhh,689956241
Move_Operation_New_Component_New_Node,rebook,New-Component_occadfsret,New-Node_qqpvhwlaij,687481141
Move_Operation_New_Component_New_Node,findAll,New-Component_hsfchvdfjr,New-Node_uqihivzqtw,740166388
Move_Operation_Component,findAll,Station,,324821477
UMLCloneNode,container-travel-plan,container-travel-plan_kfczzjdbel,,506909541
Move_Operation_New_Component_New_Node,updateUser,New-Component_wexfabftig,New-Node_lnksdahrqc,793321728
UMLCloneNode,container-station,container-station_oulnfgewbt,,500030452
Move_Operation_Component,generate,Ticket-info,,349337124
Move_Operation_New_Component_New_Node,rebook,New-Component_kxqrncitdi,New-Node_podiaasgmq,773133282
Move_Operation_New_Component_New_Node,rebook,New-Component_occadfsret,New-Node_qqpvhwlaij,656023206
Move_Operation_New_Component_New_Node,findAll,New-Component_hsfchvdfjr,New-Node_uqihivzqtw,657602918
Move_Operation_Component,findAll,Route-plan,,350013032
Move_Operation_New_Component_New_Node,rebook,New-Component_kxqrncitdi,New-Node_podiaasgmq,868513576
Move_Operation_New_Component_New_Node,rebook,New-Component_occadfsret,New-Node_qqpvhwlaij,766806470
Move_Operation_New_Component_New_Node,findAll,New-Component_hsfchvdfjr,New-Node_uqihivzqtw,841570315
UMLCloneNode,container-seat,container-seat_luuyfrcqel,,523124344
UMLCloneNode,container-travel-plan,container-travel-plan_kfczzjdbel,,488485765
Move_Operation_New_Component_New_Node,updateUser,New-Component_wexfabftig,New-Node_lnksdahrqc,706742678
Move_Operation_Component,modify,Admin-user,,733256001
Move_Operation_New_Component_New_Node,getByID,New-Component_xpejkxpkvr,New-Node_maeexhhuzk,677730057
Move_Operation_New_Component_New_Node,rebook,New-Component_kxqrncitdi,New-Node_podiaasgmq,623815425
Move_Operation_New_Component_New_Node,rebook,New-Component_occadfsret,New-Node_qqpvhwlaij,588342080
Move_Operation_New_Component_New_Node,findAll,New-Component_hsfchvdfjr,New-Node_uqihivzqtw,574377736
UMLCloneNode,container-sso,container-sso_gytuoefomq,,530271806
Move_Operation_New_Component_New_Node,getByID,New-Component_qsmdspkcgt,New-Node_ipqrjtgezy,693513251
Move_Component_New_Node,Verification,New-Node_qmhwpfwcrm,,524013741
Move_Operation_New_Component_New_Node,login,New-Component_jbggcpavez,New-Node_sqyktafyhp,696813480
Move_Operation_Component,findAll,Station,,351485323
Move_Operation_New_Component_New_Node,generate,New-Component_fdweakugbf,New-Node_yiygzslrnx,649119060
Move_Operation_New_Component_New_Node,updateUser,New-Component_wexfabftig,New-Node_lnksdahrqc,683197809
UMLCloneNode,container-station,container-station_oulnfgewbt,,466145446
Move_Operation_Component,findAll,Station,,285451014
UMLCloneNode,container-travel-plan,container-travel-plan_kfczzjdbel,,458541969
Move_Operation_New_Component_New_Node,findAll,New-Component_truutgxpmc,New-Node_btqlulcktp,625319525
Move_Operation_New_Component_New_Node,findAll,New-Component_lnczkwhywo,New-Node_zcajpjuhil,735395002
Move_Component_New_Node,Sso,New-Node_dvcfrxfnvv,,618967695
Move_Operation_New_Component_New_Node,updateUser,New-Component_wdaacrsodc,New-Node_vdijsicgrt,751636225
Move_Operation_New_Component_New_Node,findAll,New-Component_truutgxpmc,New-Node_btqlulcktp,623425123
UMLCloneNode,container-station,container-station_oulnfgewbt,,482561947
UMLCloneNode,New-Node_hnvpusxult,New-Node_hnvpusxult_lldpyjjbvc,,328672897
Move_Operation_Component,modify,Order-other,,294374156
Move_Operation_New_Component_New_Node,rebook,New-Component_occadfsret,New-Node_qqpvhwlaij,767620597
UMLCloneNode,container-order-other,container-order-other_fzfqmofkfn,,517790884
Move_Operation_Component,getByID,Station,,321776817
Move_Operation_New_Component_New_Node,updateUser,New-Component_wdaacrsodc,New-Node_vdijsicgrt,674553441
Move_Operation_New_Component_New_Node,findAll,New-Component_truutgxpmc,New-Node_btqlulcktp,702986154
UMLCloneNode,container-station,container-station_oulnfgewbt,,466765739
Move_Operation_Component,findAll,Station,,308432496
UMLCloneNode,container-travel-plan,container-travel-plan_kfczzjdbel,,577630646
Move_Operation_New_Component_New_Node,findAll,New-Component_truutgxpmc,New-Node_btqlulcktp,772739785
Move_Operation_New_Component_New_Node,findAll,New-Component_lnczkwhywo,New-Node_zcajpjuhil,858536488
UMLCloneNode,container-login,container-login_zzcrzggqrh,,577929125
UMLCloneNode,container-travel-plan,container-travel-plan_kfczzjdbel,,512473102
Move_Operation_New_Component_New_Node,updateUser,New-Component_wexfabftig,New-Node_lnksdahrqc,689520976
Move_Operation_Component,modify,Admin-user,,261880388
UMLCloneNode,container-admin-user,container-admin-user_trdujmiiju,,517629991
Move_Operation_New_Component_New_Node,rebook,New-Component_thndjfvubh,New-Node_ukwnowhbhh,688084943
Move_Operation_New_Component_New_Node,rebook,New-Component_occadfsret,New-Node_qqpvhwlaij,641520152
Move_Operation_New_Component_New_Node,findAll,New-Component_hsfchvdfjr,New-Node_uqihivzqtw,616956073
Move_Component_New_Node,Sso,New-Node_dvcfrxfnvv,,604648646
UMLCloneNode,container-travel-plan,container-travel-plan_kfczzjdbel,,522745093
Move_Operation_New_Component_New_Node,modify,New-Component_ffsqxtvtuk,New-Node_juovuefwhj,681003255
Move_Operation_Component,modify,Admin-user,,280615728
Move_Component_New_Node,Sso,New-Node_dvcfrxfnvv,,554642742
Move_Operation_New_Component_New_Node,updateUser,New-Component_wdaacrsodc,New-Node_vdijsicgrt,627404965
Move_Operation_New_Component_New_Node,findAll,New-Component_truutgxpmc,New-Node_btqlulcktp,554797262
UMLCloneNode,container-station,container-station_oulnfgewbt,,385316708
Move_Component_New_Node,Sso,New-Node_dvcfrxfnvv,,602477054
Move_Operation_New_Component_New_Node,updateUser,New-Component_wdaacrsodc,New-Node_vdijsicgrt,682979179
Move_Operation_New_Component_New_Node,findAll,New-Component_truutgxpmc,New-Node_btqlulcktp,655382254
Move_Operation_Component,modify,Admin-user,,292370108
Move_Operation_Component,findAll,Station,,331847390
UMLCloneNode,container-travel-plan,container-travel-plan_kfczzjdbel,,396178294
Move_Operation_New_Component_New_Node,findAll,New-Component_truutgxpmc,New-Node_btqlulcktp,618442840
Move_Operation_New_Component_New_Node,findAll,New-Component_lnczkwhywo,New-Node_zcajpjuhil,612620894
Move_Operation_Component,findAll,Station,,352724746
UMLCloneNode,container-travel-plan,container-travel-plan_kfczzjdbel,,463343622
Move_Operation_New_Component_New_Node,updateUser,New-Component_wexfabftig,New-Node_lnksdahrqc,786801241
UMLCloneNode,container-station,container-station_oulnfgewbt,,585739991
Move_Operation_New_Component_New_Node,getByID,New-Component_xpejkxpkvr,New-Node_maeexhhuzk,677198811
Move_Operation_New_Component_New_Node,rebook,New-Component_kxqrncitdi,New-Node_podiaasgmq,1339193524
Move_Operation_New_Component_New_Node,rebook,New-Component_occadfsret,New-Node_qqpvhwlaij,755983025
Move_Operation_New_Component_New_Node,findAll,New-Component_hsfchvdfjr,New-Node_uqihivzqtw,701898945
UMLCloneNode,New-Node_hnvpusxult,New-Node_hnvpusxult_lldpyjjbvc,,284830792
Move_Operation_Component,modify,Order-other,,261881240
Move_Operation_New_Component_New_Node,rebook,New-Component_occadfsret,New-Node_qqpvhwlaij,716444318
UMLCloneNode,container-order-other,container-order-other_fzfqmofkfn,,578242654
Move_Operation_Component,findAll,Station,,311906089
UMLCloneNode,container-travel-plan,container-travel-plan_kfczzjdbel,,447016067
Move_Operation_New_Component_New_Node,updateUser,New-Component_wexfabftig,New-Node_lnksdahrqc,690135568
UMLCloneNode,container-station,container-station_oulnfgewbt,,512841674
UMLCloneNode,container-admin-user,container-admin-user_trdujmiiju,,458402327
Move_Operation_New_Component_New_Node,rebook,New-Component_thndjfvubh,New-Node_ukwnowhbhh,816138410
Move_Operation_New_Component_New_Node,rebook,New-Component_occadfsret,New-Node_qqpvhwlaij,711836729
Move_Operation_New_Component_New_Node,findAll,New-Component_hsfchvdfjr,New-Node_uqihivzqtw,674060347
Move_Operation_Component,findAll,Station,,337890902
UMLCloneNode,container-travel-plan,container-travel-plan_kfczzjdbel,,477862265
Move_Operation_New_Component_New_Node,findAll,New-Component_truutgxpmc,New-Node_btqlulcktp,652628160
Move_Operation_New_Component_New_Node,findAll,New-Component_lnczkwhywo,New-Node_zcajpjuhil,701555320
UMLCloneNode,container-admin-user,container-admin-user_trdujmiiju,,528216953
Move_Operation_New_Component_New_Node,rebook,New-Component_thndjfvubh,New-Node_ukwnowhbhh,754793185
Move_Operation_New_Component_New_Node,rebook,New-Component_occadfsret,New-Node_qqpvhwlaij,650413307
Move_Operation_New_Component_New_Node,findAll,New-Component_hsfchvdfjr,New-Node_uqihivzqtw,683446656
UMLCloneNode,New-Node_hnvpusxult,New-Node_hnvpusxult_lldpyjjbvc,,272487838
Move_Operation_Component,modify,Order-other,,297274174
Move_Operation_New_Component_New_Node,rebook,New-Component_occadfsret,New-Node_qqpvhwlaij,774723204
UMLCloneNode,container-order-other,container-order-other_fzfqmofkfn,,515266440
UMLCloneNode,container-login_fzdgytpiub,container-login_fzdgytpiub_xtrnllqowf,,297564979
Move_Operation_New_Component_New_Node,updateUser,New-Component_wdaacrsodc,New-Node_vdijsicgrt,654503596
Move_Operation_New_Component_New_Node,updateUser,New-Component_wexfabftig,New-Node_lnksdahrqc,718175905
Move_Operation_Component,verify,Route-plan,,279640589
Move_Component_New_Node,Sso,New-Node_dvcfrxfnvv,,684974942
Move_Operation_New_Component_New_Node,updateUser,New-Component_wdaacrsodc,New-Node_vdijsicgrt,1291654115
Move_Operation_New_Component_New_Node,findAll,New-Component_truutgxpmc,New-Node_btqlulcktp,707038812
Move_Operation_Component,modify,Admin-user,,267021539
UMLCloneNode,container-admin-user,container-admin-user_trdujmiiju,,553666212
Move_Operation_New_Component_New_Node,rebook,New-Component_thndjfvubh,New-Node_ukwnowhbhh,711993463
Move_Operation_New_Component_New_Node,rebook,New-Component_occadfsret,New-Node_qqpvhwlaij,651721048
Move_Operation_New_Component_New_Node,findAll,New-Component_hsfchvdfjr,New-Node_uqihivzqtw,646572245
Move_Operation_Component,findAll,Station,,330770852
Move_Operation_New_Component_New_Node,generate,New-Component_fdweakugbf,New-Node_yiygzslrnx,708500273
Move_Operation_New_Component_New_Node,updateUser,New-Component_wexfabftig,New-Node_lnksdahrqc,756268110
UMLCloneNode,container-station,container-station_oulnfgewbt,,522372043
Move_Operation_New_Component_New_Node,generate,New-Component_ysbuplxlqd,New-Node_pafqnjdwch,760370872
Move_Operation_New_Component_New_Node,updateUser,New-Component_wdaacrsodc,New-Node_vdijsicgrt,740473183
Move_Operation_New_Component_New_Node,findAll,New-Component_truutgxpmc,New-Node_btqlulcktp,766313776
Move_Operation_Component,modify,Admin-user,,291799057
Move_Operation_New_Component_New_Node,getByID,New-Component_xpejkxpkvr,New-Node_maeexhhuzk,755794081
Move_Operation_New_Component_New_Node,rebook,New-Component_kxqrncitdi,New-Node_podiaasgmq,764253032
Move_Operation_New_Component_New_Node,rebook,New-Component_occadfsret,New-Node_qqpvhwlaij,745084921
Move_Operation_New_Component_New_Node,findAll,New-Component_hsfchvdfjr,New-Node_uqihivzqtw,768487321
Move_Component_New_Node,Sso,New-Node_dvcfrxfnvv,,627171888
Move_Operation_New_Component_New_Node,updateUser,New-Component_wdaacrsodc,New-Node_vdijsicgrt,697679914
Move_Operation_New_Component_New_Node,findAll,New-Component_truutgxpmc,New-Node_btqlulcktp,648913595
UMLCloneNode,container-station,container-station_oulnfgewbt,,463378367
Move_Component_New_Node,Sso,New-Node_dvcfrxfnvv,,617403622
Move_Operation_New_Component_New_Node,updateUser,New-Component_wdaacrsodc,New-Node_vdijsicgrt,796998321
Move_Operation_New_Component_New_Node,findAll,New-Component_truutgxpmc,New-Node_btqlulcktp,733807735
Move_Operation_Component,modify,Admin-user,,285734816
Move_Operation_New_Component_New_Node,verify,New-Component_meaimeisnh,New-Node_ocmpzfmrdg,693551603
Move_Operation_New_Component_New_Node,generate,New-Component_fdweakugbf,New-Node_yiygzslrnx,668359637
Move_Operation_New_Component_New_Node,updateUser,New-Component_wexfabftig,New-Node_lnksdahrqc,705610224
UMLCloneNode,container-station,container-station_oulnfgewbt,,475150831
UMLCloneNode,New-Node_hnvpusxult,New-Node_hnvpusxult_lldpyjjbvc,,271099585
Move_Operation_Component,modify,Order-other,,504968571
Move_Operation_New_Component_New_Node,rebook,New-Component_occadfsret,New-Node_qqpvhwlaij,732090816
UMLCloneNode,container-order-other,container-order-other_fzfqmofkfn,,491905797
UMLCloneNode,New-Node_hnvpusxult,New-Node_hnvpusxult_lldpyjjbvc,,273183413
Move_Operation_Component,modify,Order-other,,265625130
Move_Operation_New_Component_New_Node,rebook,New-Component_occadfsret,New-Node_qqpvhwlaij,696752244
UMLCloneNode,container-order-other,container-order-other_fzfqmofkfn,,466370518
Move_Operation_New_Component_New_Node,generate,New-Component_ysbuplxlqd,New-Node_pafqnjdwch,684789003
Move_Operation_New_Component_New_Node,updateUser,New-Component_wdaacrsodc,New-Node_vdijsicgrt,674456179
Move_Operation_New_Component_New_Node,findAll,New-Component_truutgxpmc,New-Node_btqlulcktp,661527527
Move_Operation_Component,modify,Admin-user,,292888150
Move_Operation_New_Component_New_Node,generate,New-Component_ysbuplxlqd,New-Node_pafqnjdwch,718089704
Move_Operation_New_Component_New_Node,updateUser,New-Component_wdaacrsodc,New-Node_vdijsicgrt,660343747
Move_Operation_New_Component_New_Node,findAll,New-Component_truutgxpmc,New-Node_btqlulcktp,644465053
Move_Operation_Component,modify,Admin-user,,331183034
Move_Component_New_Node,Sso,New-Node_dvcfrxfnvv,,574913150
Move_Operation_New_Component_New_Node,updateUser,New-Component_wdaacrsodc,New-Node_vdijsicgrt,725201358
Move_Operation_New_Component_New_Node,findAll,New-Component_truutgxpmc,New-Node_btqlulcktp,709229771
UMLCloneNode,container-station,container-station_oulnfgewbt,,536778476
UMLCloneNode,New-Node_hnvpusxult,New-Node_hnvpusxult_lldpyjjbvc,,309183995
Move_Operation_Component,modify,Order-other,,301985327
Move_Operation_New_Component_New_Node,rebook,New-Component_occadfsret,New-Node_qqpvhwlaij,836706817
UMLCloneNode,container-order-other,container-order-other_fzfqmofkfn,,525493967
Move_Operation_New_Component_New_Node,login,New-Component_vvmlhyzxtl,New-Node_pvgzsqgavd,834151255
Move_Operation_New_Component_New_Node,rebook,New-Component_kxqrncitdi,New-Node_podiaasgmq,696215117
Move_Operation_New_Component_New_Node,rebook,New-Component_occadfsret,New-Node_qqpvhwlaij,640032272
Move_Operation_New_Component_New_Node,findAll,New-Component_hsfchvdfjr,New-Node_uqihivzqtw,623562941
UMLCloneNode,container-admin-user,container-admin-user_trdujmiiju,,492126131
Move_Operation_New_Component_New_Node,rebook,New-Component_thndjfvubh,New-Node_ukwnowhbhh,721801793
Move_Operation_New_Component_New_Node,rebook,New-Component_occadfsret,New-Node_qqpvhwlaij,712794465
Move_Operation_New_Component_New_Node,findAll,New-Component_hsfchvdfjr,New-Node_uqihivzqtw,706732699
Move_Component_New_Node,Sso,New-Node_dvcfrxfnvv,,1045719946
Move_Operation_New_Component_New_Node,updateUser,New-Component_wdaacrsodc,New-Node_vdijsicgrt,781790566
Move_Operation_New_Component_New_Node,findAll,New-Component_truutgxpmc,New-Node_btqlulcktp,738280112
UMLCloneNode,container-station,container-station_oulnfgewbt,,747716224
Move_Component_New_Node,Sso,New-Node_dvcfrxfnvv,,719743625
Move_Operation_New_Component_New_Node,updateUser,New-Component_wdaacrsodc,New-Node_vdijsicgrt,767459434
Move_Operation_New_Component_New_Node,findAll,New-Component_truutgxpmc,New-Node_btqlulcktp,689350085
Move_Operation_Component,modify,Admin-user,,267227865
UMLCloneNode,container-login_fzdgytpiub,container-login_fzdgytpiub_xtrnllqowf,,253352419
Move_Operation_New_Component_New_Node,updateUser,New-Component_wdaacrsodc,New-Node_vdijsicgrt,673687597
Move_Operation_New_Component_New_Node,updateUser,New-Component_wexfabftig,New-Node_lnksdahrqc,661434382
Move_Operation_Component,verify,Route-plan,,261874217
UMLCloneNode,container-login_fzdgytpiub,container-login_fzdgytpiub_xtrnllqowf,,227907909
Move_Operation_New_Component_New_Node,updateUser,New-Component_wdaacrsodc,New-Node_vdijsicgrt,677967893
Move_Operation_New_Component_New_Node,updateUser,New-Component_wexfabftig,New-Node_lnksdahrqc,611046803
Move_Operation_Component,verify,Route-plan,,293639258
UMLCloneNode,container-login_fzdgytpiub,container-login_fzdgytpiub_xtrnllqowf,,283777206
Move_Operation_New_Component_New_Node,updateUser,New-Component_wdaacrsodc,New-Node_vdijsicgrt,679084196
Move_Operation_New_Component_New_Node,updateUser,New-Component_wexfabftig,New-Node_lnksdahrqc,665311582
Move_Operation_Component,verify,Route-plan,,261155099
UMLCloneNode,container-login_fzdgytpiub,container-login_fzdgytpiub_xtrnllqowf,,319074500
Move_Operation_New_Component_New_Node,updateUser,New-Component_wdaacrsodc,New-Node_vdijsicgrt,672826192
Move_Operation_New_Component_New_Node,updateUser,New-Component_wexfabftig,New-Node_lnksdahrqc,657774650
Move_Operation_Component,verify,Route-plan,,264797889
Move_Component_New_Node,Sso,New-Node_dvcfrxfnvv,,643260956
Move_Operation_New_Component_New_Node,updateUser,New-Component_wdaacrsodc,New-Node_vdijsicgrt,787838626
Move_Operation_New_Component_New_Node,findAll,New-Component_truutgxpmc,New-Node_btqlulcktp,661001059
UMLCloneNode,container-station,container-station_oulnfgewbt,,467304739
Move_Operation_New_Component_New_Node,generate,New-Component_ysbuplxlqd,New-Node_pafqnjdwch,790601366
Move_Operation_New_Component_New_Node,updateUser,New-Component_wdaacrsodc,New-Node_vdijsicgrt,834507442
Move_Operation_New_Component_New_Node,findAll,New-Component_truutgxpmc,New-Node_btqlulcktp,776097922
Move_Operation_Component,modify,Admin-user,,310701691
Move_Operation_New_Component_New_Node,login,New-Component_ecjdobrsgl,New-Node_ejcumaadmq,691181399
Move_Operation_New_Component_New_Node,updateUser,New-Component_wdaacrsodc,New-Node_vdijsicgrt,689662481
Move_Operation_New_Component_New_Node,findAll,New-Component_truutgxpmc,New-Node_btqlulcktp,962588220
UMLCloneNode,container-station,container-station_oulnfgewbt,,489682790
UMLCloneNode,container-admin-user,container-admin-user_trdujmiiju,,495758001
Move_Operation_New_Component_New_Node,rebook,New-Component_thndjfvubh,New-Node_ukwnowhbhh,699308688
Move_Operation_New_Component_New_Node,rebook,New-Component_occadfsret,New-Node_qqpvhwlaij,621240967
Move_Operation_New_Component_New_Node,findAll,New-Component_hsfchvdfjr,New-Node_uqihivzqtw,784083335
Move_Operation_New_Component_New_Node,generate,New-Component_ysbuplxlqd,New-Node_pafqnjdwch,662134405
Move_Operation_New_Component_New_Node,updateUser,New-Component_wdaacrsodc,New-Node_vdijsicgrt,656289525
Move_Operation_New_Component_New_Node,findAll,New-Component_truutgxpmc,New-Node_btqlulcktp,631328301
Move_Operation_Component,modify,Admin-user,,286938373
Move_Component_New_Node,Sso,New-Node_dvcfrxfnvv,,582366967
Move_Operation_New_Component_New_Node,updateUser,New-Component_wdaacrsodc,New-Node_vdijsicgrt,672215147
Move_Operation_New_Component_New_Node,findAll,New-Component_truutgxpmc,New-Node_btqlulcktp,634707127
UMLCloneNode,container-station,container-station_oulnfgewbt,,453462885
Move_Component_New_Node,Sso,New-Node_dvcfrxfnvv,,598465603
Move_Operation_New_Component_New_Node,updateUser,New-Component_wdaacrsodc,New-Node_vdijsicgrt,656716606
Move_Operation_New_Component_New_Node,findAll,New-Component_truutgxpmc,New-Node_btqlulcktp,643038669
Move_Operation_Component,modify,Admin-user,,255125533
Move_Component_New_Node,Sso,New-Node_dvcfrxfnvv,,591300377
Move_Operation_New_Component_New_Node,updateUser,New-Component_wdaacrsodc,New-Node_vdijsicgrt,681524261
Move_Operation_New_Component_New_Node,findAll,New-Component_truutgxpmc,New-Node_btqlulcktp,656248479
UMLCloneNode,container-station,container-station_oulnfgewbt,,468555444
Move_Operation_Component,rebook,Verification,,316560566
Move_Operation_New_Component_New_Node,rebook,New-Component_kxqrncitdi,New-Node_podiaasgmq,649569434
Move_Operation_New_Component_New_Node,rebook,New-Component_occadfsret,New-Node_qqpvhwlaij,637279881
Move_Operation_New_Component_New_Node,findAll,New-Component_hsfchvdfjr,New-Node_uqihivzqtw,664153641
UMLCloneNode,New-Node_hnvpusxult,New-Node_hnvpusxult_lldpyjjbvc,,299022211
Move_Operation_Component,modify,Order-other,,234403157
Move_Operation_New_Component_New_Node,rebook,New-Component_occadfsret,New-Node_qqpvhwlaij,741860204
UMLCloneNode,container-order-other,container-order-other_fzfqmofkfn,,518947743
UMLCloneNode,container-login_fzdgytpiub,container-login_fzdgytpiub_xtrnllqowf,,266003339
Move_Operation_New_Component_New_Node,updateUser,New-Component_wdaacrsodc,New-Node_vdijsicgrt,772461683
Move_Operation_New_Component_New_Node,updateUser,New-Component_wexfabftig,New-Node_lnksdahrqc,1107982070
Move_Operation_Component,verify,Route-plan,,297183985
UMLCloneNode,container-admin-user,container-admin-user_trdujmiiju,,593683035
Move_Operation_New_Component_New_Node,rebook,New-Component_thndjfvubh,New-Node_ukwnowhbhh,770736589
Move_Operation_New_Component_New_Node,rebook,New-Component_occadfsret,New-Node_qqpvhwlaij,716845721
Move_Operation_New_Component_New_Node,findAll,New-Component_hsfchvdfjr,New-Node_uqihivzqtw,720033789
Move_Operation_New_Component_New_Node,updateUser,New-Component_cavktgoibn,New-Node_hrptlunvgq,764965458
Move_Operation_New_Component_New_Node,updateUser,New-Component_wdaacrsodc,New-Node_vdijsicgrt,722312462
Move_Operation_New_Component_New_Node,findAll,New-Component_truutgxpmc,New-Node_btqlulcktp,780947214
Move_Operation_Component,modify,Admin-user,,307723086
Move_Component_New_Node,Sso,New-Node_dvcfrxfnvv,,594941544
Move_Operation_New_Component_New_Node,updateUser,New-Component_wdaacrsodc,New-Node_vdijsicgrt,679545051
Move_Operation_New_Component_New_Node,findAll,New-Component_truutgxpmc,New-Node_btqlulcktp,721735720
UMLCloneNode,container-station,container-station_oulnfgewbt,,639916255
UMLCloneNode,container-order-other,container-order-other_rcvnqnbifh,,572493964
Move_Operation_New_Component_New_Node,getByID,New-Component_qsmdspkcgt,New-Node_ipqrjtgezy,694359228
Move_Component_New_Node,Verification,New-Node_qmhwpfwcrm,,566256268
Move_Operation_New_Component_New_Node,login,New-Component_jbggcpavez,New-Node_sqyktafyhp,771789453
UMLCloneNode,container-admin-user,container-admin-user_trdujmiiju,,552549788
Move_Operation_New_Component_New_Node,rebook,New-Component_thndjfvubh,New-Node_ukwnowhbhh,689888906
Move_Operation_New_Component_New_Node,rebook,New-Component_occadfsret,New-Node_qqpvhwlaij,640855195
Move_Operation_New_Component_New_Node,findAll,New-Component_hsfchvdfjr,New-Node_uqihivzqtw,648729851
Move_Component_New_Node,Sso,New-Node_dvcfrxfnvv,,589759949
Move_Operation_New_Component_New_Node,updateUser,New-Component_wdaacrsodc,New-Node_vdijsicgrt,843323933
Move_Operation_New_Component_New_Node,findAll,New-Component_truutgxpmc,New-Node_btqlulcktp,686998356
Move_Operation_Component,modify,Admin-user,,259863476
Move_Component_New_Node,Sso,New-Node_dvcfrxfnvv,,547714040
Move_Operation_New_Component_New_Node,updateUser,New-Component_wdaacrsodc,New-Node_vdijsicgrt,699844863
Move_Operation_New_Component_New_Node,findAll,New-Component_truutgxpmc,New-Node_btqlulcktp,645851273
Move_Operation_Component,modify,Admin-user,,265370583
Move_Operation_New_Component_New_Node,updateUser,New-Component_cavktgoibn,New-Node_hrptlunvgq,740401329
Move_Operation_New_Component_New_Node,updateUser,New-Component_wdaacrsodc,New-Node_vdijsicgrt,664862760
Move_Operation_New_Component_New_Node,findAll,New-Component_truutgxpmc,New-Node_btqlulcktp,634603663
Move_Operation_Component,modify,Admin-user,,295742642
Move_Component_New_Node,Sso,New-Node_dvcfrxfnvv,,634407475
Move_Operation_New_Component_New_Node,updateUser,New-Component_wdaacrsodc,New-Node_vdijsicgrt,690695829
Move_Operation_New_Component_New_Node,findAll,New-Component_truutgxpmc,New-Node_btqlulcktp,681539781
UMLCloneNode,container-station,container-station_oulnfgewbt,,473997168
Move_Operation_New_Component_New_Node,updateUser,New-Component_cavktgoibn,New-Node_hrptlunvgq,721107161
Move_Operation_New_Component_New_Node,updateUser,New-Component_wdaacrsodc,New-Node_vdijsicgrt,698429460
Move_Operation_New_Component_New_Node,findAll,New-Component_truutgxpmc,New-Node_btqlulcktp,648945234
Move_Operation_Component,modify,Admin-user,,289848901
Move_Operation_New_Component_New_Node,getByID,New-Component_xpejkxpkvr,New-Node_maeexhhuzk,621212724
Move_Operation_New_Component_New_Node,rebook,New-Component_kxqrncitdi,New-Node_podiaasgmq,597857582
Move_Operation_New_Component_New_Node,rebook,New-Component_occadfsret,New-Node_qqpvhwlaij,798766646
Move_Operation_New_Component_New_Node,findAll,New-Component_hsfchvdfjr,New-Node_uqihivzqtw,750591346
Move_Operation_New_Component_New_Node,generate,New-Component_ysbuplxlqd,New-Node_pafqnjdwch,676248279
Move_Operation_New_Component_New_Node,updateUser,New-Component_wdaacrsodc,New-Node_vdijsicgrt,723157877
Move_Operation_New_Component_New_Node,findAll,New-Component_truutgxpmc,New-Node_btqlulcktp,706446722
Move_Operation_Component,modify,Admin-user,,293245349
UMLCloneNode,container-login_fzdgytpiub,container-login_fzdgytpiub_xtrnllqowf,,305837120
Move_Operation_New_Component_New_Node,updateUser,New-Component_wdaacrsodc,New-Node_vdijsicgrt,725519054
Move_Operation_New_Component_New_Node,updateUser,New-Component_wexfabftig,New-Node_lnksdahrqc,646952017
Move_Operation_Component,verify,Route-plan,,258748826
UMLCloneNode,container-login_fzdgytpiub,container-login_fzdgytpiub_xtrnllqowf,,273455873
Move_Operation_New_Component_New_Node,updateUser,New-Component_wdaacrsodc,New-Node_vdijsicgrt,705456776
Move_Operation_New_Component_New_Node,updateUser,New-Component_wexfabftig,New-Node_lnksdahrqc,674349048
Move_Operation_Component,verify,Route-plan,,268252597
Move_Operation_New_Component_New_Node,findAll,New-Component_gubvahpmff,New-Node_voxwuwrrfg,698188688
Move_Operation_New_Component_New_Node,updateUser,New-Component_wdaacrsodc,New-Node_vdijsicgrt,641393865
Move_Operation_New_Component_New_Node,findAll,New-Component_truutgxpmc,New-Node_btqlulcktp,750139649
UMLCloneNode,container-station,container-station_oulnfgewbt,,521416832
UMLCloneNode,New-Node_hnvpusxult,New-Node_hnvpusxult_lldpyjjbvc,,232205066
Move_Operation_Component,modify,Order-other,,297965079
Move_Operation_New_Component_New_Node,rebook,New-Component_occadfsret,New-Node_qqpvhwlaij,712000987
UMLCloneNode,container-order-other,container-order-other_fzfqmofkfn,,448717958
Move_Operation_New_Component_New_Node,updateUser,New-Component_cavktgoibn,New-Node_hrptlunvgq,747578747
Move_Operation_New_Component_New_Node,updateUser,New-Component_wdaacrsodc,New-Node_vdijsicgrt,669699450
Move_Operation_New_Component_New_Node,findAll,New-Component_truutgxpmc,New-Node_btqlulcktp,656153249
Move_Operation_Component,modify,Admin-user,,260281872
Move_Component_New_Node,Sso,New-Node_dvcfrxfnvv,,640333406
Move_Operation_New_Component_New_Node,updateUser,New-Component_wdaacrsodc,New-Node_vdijsicgrt,810780002
Move_Operation_New_Component_New_Node,findAll,New-Component_truutgxpmc,New-Node_btqlulcktp,780057957
UMLCloneNode,container-station,container-station_oulnfgewbt,,603166967
Move_Component_New_Node,Seat,New-Node_kdgpvhvzsg,,648504437
Move_Operation_New_Component_New_Node,rebook,New-Component_thndjfvubh,New-Node_ukwnowhbhh,698395296
Move_Operation_New_Component_New_Node,rebook,New-Component_occadfsret,New-Node_qqpvhwlaij,646481584
Move_Operation_New_Component_New_Node,findAll,New-Component_hsfchvdfjr,New-Node_uqihivzqtw,665701863
Move_Operation_New_Component_New_Node,getByID,New-Component_xpejkxpkvr,New-Node_maeexhhuzk,766707144
Move_Operation_New_Component_New_Node,rebook,New-Component_kxqrncitdi,New-Node_podiaasgmq,738674982
Move_Operation_New_Component_New_Node,rebook,New-Component_occadfsret,New-Node_qqpvhwlaij,608683662
Move_Operation_New_Component_New_Node,findAll,New-Component_hsfchvdfjr,New-Node_uqihivzqtw,660229503
UMLCloneNode,container-rebook,container-rebook_vkdtpbxeuc,,566696183
Move_Operation_New_Component_New_Node,updateUser,New-Component_wdaacrsodc,New-Node_vdijsicgrt,670325583
Move_Operation_New_Component_New_Node,findAll,New-Component_truutgxpmc,New-Node_btqlulcktp,664886034
UMLCloneNode,container-station,container-station_oulnfgewbt,,459593159
Move_Operation_New_Component_New_Node,login,New-Component_ecjdobrsgl,New-Node_ejcumaadmq,844537941
Move_Operation_New_Component_New_Node,updateUser,New-Component_wdaacrsodc,New-Node_vdijsicgrt,764845062
Move_Operation_New_Component_New_Node,findAll,New-Component_truutgxpmc,New-Node_btqlulcktp,719296145
UMLCloneNode,container-station,container-station_oulnfgewbt,,563762843
UMLCloneNode,New-Node_hnvpusxult,New-Node_hnvpusxult_lldpyjjbvc,,307541195
Move_Operation_Component,modify,Order-other,,262855928
Move_Operation_New_Component_New_Node,rebook,New-Component_occadfsret,New-Node_qqpvhwlaij,713400441
UMLCloneNode,container-order-other,container-order-other_fzfqmofkfn,,476125830
UMLCloneNode,container-admin-user,container-admin-user_trdujmiiju,,472286400
Move_Operation_New_Component_New_Node,rebook,New-Component_thndjfvubh,New-Node_ukwnowhbhh,989726927
Move_Operation_New_Component_New_Node,rebook,New-Component_occadfsret,New-Node_qqpvhwlaij,675680534
Move_Operation_New_Component_New_Node,findAll,New-Component_hsfchvdfjr,New-Node_uqihivzqtw,655311060
UMLCloneNode,container-login_fzdgytpiub,container-login_fzdgytpiub_xtrnllqowf,,397482239
Move_Operation_New_Component_New_Node,updateUser,New-Component_wdaacrsodc,New-Node_vdijsicgrt,752132274
Move_Operation_New_Component_New_Node,updateUser,New-Component_wexfabftig,New-Node_lnksdahrqc,719558899
Move_Operation_Component,verify,Route-plan,,274745061
Move_Component_New_Node,Station,New-Node_sritplmihc,,544008993
Move_Operation_New_Component_New_Node,updateUser,New-Component_wdaacrsodc,New-Node_vdijsicgrt,574338593
Move_Operation_New_Component_New_Node,updateUser,New-Component_wexfabftig,New-Node_lnksdahrqc,683931215
Move_Operation_Component,verify,Route-plan,,265647602
UMLCloneNode,container-sso,container-sso_gytuoefomq,,522062273
Move_Operation_New_Component_New_Node,getByID,New-Component_qsmdspkcgt,New-Node_ipqrjtgezy,687583684
Move_Component_New_Node,Verification,New-Node_qmhwpfwcrm,,530985934
Move_Operation_New_Component_New_Node,login,New-Component_jbggcpavez,New-Node_sqyktafyhp,678470025
UMLCloneNode,container-sso,container-sso_gytuoefomq,,495165419
Move_Operation_New_Component_New_Node,getByID,New-Component_qsmdspkcgt,New-Node_ipqrjtgezy,680057231
Move_Component_New_Node,Verification,New-Node_qmhwpfwcrm,,517191419
Move_Operation_New_Component_New_Node,login,New-Component_jbggcpavez,New-Node_sqyktafyhp,775079492
UMLCloneNode,container-sso,container-sso_gytuoefomq,,581332317
Move_Operation_New_Component_New_Node,getByID,New-Component_qsmdspkcgt,New-Node_ipqrjtgezy,749833795
Move_Component_New_Node,Verification,New-Node_qmhwpfwcrm,,633388265
Move_Operation_New_Component_New_Node,login,New-Component_jbggcpavez,New-Node_sqyktafyhp,786526856
Move_Operation_New_Component_New_Node,updateUser,New-Component_cavktgoibn,New-Node_hrptlunvgq,716757405
Move_Operation_New_Component_New_Node,updateUser,New-Component_wdaacrsodc,New-Node_vdijsicgrt,643027008
Move_Operation_New_Component_New_Node,findAll,New-Component_truutgxpmc,New-Node_btqlulcktp,628502974
Move_Operation_Component,modify,Admin-user,,275309980
Move_Operation_New_Component_New_Node,updateUser,New-Component_cavktgoibn,New-Node_hrptlunvgq,777511823
Move_Operation_New_Component_New_Node,updateUser,New-Component_wdaacrsodc,New-Node_vdijsicgrt,671335988
Move_Operation_New_Component_New_Node,findAll,New-Component_truutgxpmc,New-Node_btqlulcktp,685318476
Move_Operation_Component,modify,Admin-user,,262422265
UMLCloneNode,container-rebook,container-rebook_vkdtpbxeuc,,501266149
Move_Operation_New_Component_New_Node,updateUser,New-Component_wdaacrsodc,New-Node_vdijsicgrt,678846541
Move_Operation_New_Component_New_Node,findAll,New-Component_truutgxpmc,New-Node_btqlulcktp,649943926
UMLCloneNode,container-station,container-station_oulnfgewbt,,806806392
UMLCloneNode,New-Node_hnvpusxult,New-Node_hnvpusxult_lldpyjjbvc,,250173848
Move_Operation_Component,modify,Order-other,,276392569
Move_Operation_New_Component_New_Node,rebook,New-Component_occadfsret,New-Node_qqpvhwlaij,705343383
UMLCloneNode,container-order-other,container-order-other_fzfqmofkfn,,494233061
UMLCloneNode,container-login_fzdgytpiub,container-login_fzdgytpiub_xtrnllqowf,,300115471
Move_Operation_New_Component_New_Node,updateUser,New-Component_wdaacrsodc,New-Node_vdijsicgrt,714146319
Move_Operation_New_Component_New_Node,updateUser,New-Component_wexfabftig,New-Node_lnksdahrqc,649105435
Move_Operation_Component,verify,Route-plan,,256496303
UMLCloneNode,container-rebook,container-rebook_vkdtpbxeuc,,713186250
Move_Operation_New_Component_New_Node,updateUser,New-Component_wdaacrsodc,New-Node_vdijsicgrt,797548553
Move_Operation_New_Component_New_Node,findAll,New-Component_truutgxpmc,New-Node_btqlulcktp,748888132
UMLCloneNode,container-station,container-station_oulnfgewbt,,518286964
UMLCloneNode,container-sso,container-sso_gytuoefomq,,507579366
Move_Operation_New_Component_New_Node,getByID,New-Component_qsmdspkcgt,New-Node_ipqrjtgezy,628123833
Move_Component_New_Node,Verification,New-Node_qmhwpfwcrm,,474529396
Move_Operation_New_Component_New_Node,login,New-Component_jbggcpavez,New-Node_sqyktafyhp,629471229
UMLCloneNode,container-sso,container-sso_gytuoefomq,,486294496
Move_Operation_New_Component_New_Node,getByID,New-Component_qsmdspkcgt,New-Node_ipqrjtgezy,700166497
Move_Component_New_Node,Verification,New-Node_qmhwpfwcrm,,575895762
Move_Operation_New_Component_New_Node,login,New-Component_jbggcpavez,New-Node_sqyktafyhp,742058787
UMLCloneNode,container-login_fzdgytpiub,container-login_fzdgytpiub_xtrnllqowf,,319059322
Move_Operation_New_Component_New_Node,updateUser,New-Component_wdaacrsodc,New-Node_vdijsicgrt,755097124
Move_Operation_New_Component_New_Node,updateUser,New-Component_wexfabftig,New-Node_lnksdahrqc,658365107
Move_Operation_Component,verify,Route-plan,,257503381
Move_Operation_Component,getByID,Route-plan,,289935153
Move_Operation_New_Component_New_Node,getByID,New-Component_qsmdspkcgt,New-Node_ipqrjtgezy,643356044
Move_Component_New_Node,Verification,New-Node_qmhwpfwcrm,,510478322
Move_Operation_New_Component_New_Node,login,New-Component_jbggcpavez,New-Node_sqyktafyhp,679795870
Move_Operation_New_Component_New_Node,updateUser,New-Component_cavktgoibn,New-Node_hrptlunvgq,752073464
Move_Operation_New_Component_New_Node,updateUser,New-Component_wdaacrsodc,New-Node_vdijsicgrt,653257540
Move_Operation_New_Component_New_Node,findAll,New-Component_truutgxpmc,New-Node_btqlulcktp,642548901
Move_Operation_Component,modify,Admin-user,,638970511
Move_Operation_New_Component_New_Node,updateUser,New-Component_cavktgoibn,New-Node_hrptlunvgq,719567795
Move_Operation_New_Component_New_Node,updateUser,New-Component_wdaacrsodc,New-Node_vdijsicgrt,736222754
Move_Operation_New_Component_New_Node,findAll,New-Component_truutgxpmc,New-Node_btqlulcktp,658743457
Move_Operation_Component,modify,Admin-user,,271945531
UMLCloneNode,container-sso,container-sso_gytuoefomq,,565134285
Move_Operation_New_Component_New_Node,getByID,New-Component_qsmdspkcgt,New-Node_ipqrjtgezy,637719826
Move_Component_New_Node,Verification,New-Node_qmhwpfwcrm,,516468664
Move_Operation_New_Component_New_Node,login,New-Component_jbggcpavez,New-Node_sqyktafyhp,680204277
UMLCloneNode,container-rebook,container-rebook_vkdtpbxeuc,,599166527
Move_Operation_New_Component_New_Node,updateUser,New-Component_wdaacrsodc,New-Node_vdijsicgrt,670652997
Move_Operation_New_Component_New_Node,findAll,New-Component_truutgxpmc,New-Node_btqlulcktp,629150709
UMLCloneNode,container-station,container-station_oulnfgewbt,,512909991
Move_Operation_New_Component_New_Node,getByID,New-Component_xpejkxpkvr,New-Node_maeexhhuzk,809790527
Move_Operation_New_Component_New_Node,rebook,New-Component_kxqrncitdi,New-Node_podiaasgmq,774583371
Move_Operation_New_Component_New_Node,rebook,New-Component_occadfsret,New-Node_qqpvhwlaij,688422236
Move_Operation_New_Component_New_Node,findAll,New-Component_hsfchvdfjr,New-Node_uqihivzqtw,675794398
UMLCloneNode,container-verification,container-verification_rfhpjvstax,,532633303
Move_Operation_New_Component_New_Node,updateUser,New-Component_wdaacrsodc,New-Node_vdijsicgrt,678854035
Move_Operation_New_Component_New_Node,findAll,New-Component_truutgxpmc,New-Node_btqlulcktp,650172725
UMLCloneNode,container-station,container-station_oulnfgewbt,,486569692
Move_Operation_New_Component_New_Node,login,New-Component_zlecysshzh,New-Node_hjdoogmgcz,774011139
Move_Operation_New_Component_New_Node,updateUser,New-Component_wdaacrsodc,New-Node_vdijsicgrt,680728910
Move_Operation_New_Component_New_Node,findAll,New-Component_truutgxpmc,New-Node_btqlulcktp,670434047
Move_Operation_Component,modify,Admin-user,,301177132
UMLCloneNode,container-rebook,container-rebook_vkdtpbxeuc,,518523477
Move_Operation_New_Component_New_Node,updateUser,New-Component_wdaacrsodc,New-Node_vdijsicgrt,733139582
Move_Operation_New_Component_New_Node,findAll,New-Component_truutgxpmc,New-Node_btqlulcktp,629825153
UMLCloneNode,container-station,container-station_oulnfgewbt,,459674002
Move_Operation_New_Component_New_Node,login,New-Component_cykqppeuiq,New-Node_hkaizmybeh,716436955
Move_Operation_New_Component_New_Node,updateUser,New-Component_wdaacrsodc,New-Node_vdijsicgrt,690174732
Move_Operation_New_Component_New_Node,updateUser,New-Component_wexfabftig,New-Node_lnksdahrqc,660810412
Move_Operation_Component,verify,Route-plan,,266960524
UMLCloneNode,container-sso,container-sso_gytuoefomq,,573934014
Move_Operation_New_Component_New_Node,getByID,New-Component_qsmdspkcgt,New-Node_ipqrjtgezy,732359330
Move_Component_New_Node,Verification,New-Node_qmhwpfwcrm,,580146644
Move_Operation_New_Component_New_Node,login,New-Component_jbggcpavez,New-Node_sqyktafyhp,714817528
Move_Operation_New_Component_New_Node,updateUser,New-Component_cavktgoibn,New-Node_hrptlunvgq,870879211
Move_Operation_New_Component_New_Node,updateUser,New-Component_wdaacrsodc,New-Node_vdijsicgrt,756593309
Move_Operation_New_Component_New_Node,findAll,New-Component_truutgxpmc,New-Node_btqlulcktp,717124324
Move_Operation_Component,modify,Admin-user,,292598426
UMLCloneNode,container-login_fzdgytpiub,container-login_fzdgytpiub_xtrnllqowf,,289633247
Move_Operation_New_Component_New_Node,updateUser,New-Component_wdaacrsodc,New-Node_vdijsicgrt,693285865
Move_Operation_New_Component_New_Node,updateUser,New-Component_wexfabftig,New-Node_lnksdahrqc,668491354
Move_Operation_Component,verify,Route-plan,,282852181
UMLCloneNode,container-login_fzdgytpiub,container-login_fzdgytpiub_xtrnllqowf,,278662416
Move_Operation_New_Component_New_Node,updateUser,New-Component_wdaacrsodc,New-Node_vdijsicgrt,707362940
Move_Operation_New_Component_New_Node,updateUser,New-Component_wexfabftig,New-Node_lnksdahrqc,657456303
Move_Operation_Component,verify,Route-plan,,263994323
UMLCloneNode,container-sso,container-sso_gytuoefomq,,527003577
Move_Operation_New_Component_New_Node,getByID,New-Component_qsmdspkcgt,New-Node_ipqrjtgezy,709871844
Move_Component_New_Node,Verification,New-Node_qmhwpfwcrm,,564708256
Move_Operation_New_Component_New_Node,login,New-Component_jbggcpavez,New-Node_sqyktafyhp,796015848
UMLCloneNode,New-Node_hvgakahrpc,New-Node_hvgakahrpc_aaklelgmgv,,273770653
Move_Operation_New_Component_New_Node,updateUser,New-Component_wdaacrsodc,New-Node_vdijsicgrt,670773153
Move_Operation_New_Component_New_Node,updateUser,New-Component_wexfabftig,New-Node_lnksdahrqc,639395358
Move_Operation_Component,verify,Route-plan,,280865987
UMLCloneNode,New-Node_hnvpusxult,New-Node_hnvpusxult_lldpyjjbvc,,275129261
Move_Operation_Component,modify,Order-other,,257332441
Move_Operation_New_Component_New_Node,rebook,New-Component_occadfsret,New-Node_qqpvhwlaij,686637960
UMLCloneNode,container-order-other,container-order-other_fzfqmofkfn,,579870165
UMLCloneNode,container-verification,container-verification_rfhpjvstax,,488060147
Move_Operation_New_Component_New_Node,updateUser,New-Component_wdaacrsodc,New-Node_vdijsicgrt,706166466
Move_Operation_New_Component_New_Node,findAll,New-Component_truutgxpmc,New-Node_btqlulcktp,1205976004
UMLCloneNode,container-station,container-station_oulnfgewbt,,492500562
Move_Operation_New_Component_New_Node,generate,New-Component_ysbuplxlqd,New-Node_pafqnjdwch,737060305
Move_Operation_New_Component_New_Node,updateUser,New-Component_wdaacrsodc,New-Node_vdijsicgrt,762855131
Move_Operation_New_Component_New_Node,findAll,New-Component_truutgxpmc,New-Node_btqlulcktp,694964022
Move_Operation_Component,modify,Admin-user,,248920147
Move_Operation_New_Component_New_Node,updateUser,New-Component_cavktgoibn,New-Node_hrptlunvgq,844313649
Move_Operation_New_Component_New_Node,updateUser,New-Component_wdaacrsodc,New-Node_vdijsicgrt,653877583
Move_Operation_New_Component_New_Node,findAll,New-Component_truutgxpmc,New-Node_btqlulcktp,681332442
Move_Operation_Component,modify,Admin-user,,261144599
UMLCloneNode,container-rebook,container-rebook_vkdtpbxeuc,,600034404
Move_Operation_New_Component_New_Node,updateUser,New-Component_wdaacrsodc,New-Node_vdijsicgrt,723874931
Move_Operation_New_Component_New_Node,findAll,New-Component_truutgxpmc,New-Node_btqlulcktp,671814525
UMLCloneNode,container-station,container-station_oulnfgewbt,,469865171
Move_Component_New_Node,Order-other,New-Node_wylgazxaii,,667251660
Move_Operation_New_Component_New_Node,updateUser,New-Component_wdaacrsodc,New-Node_vdijsicgrt,773745101
Move_Operation_New_Component_New_Node,findAll,New-Component_truutgxpmc,New-Node_btqlulcktp,706429731
Move_Operation_Component,modify,Admin-user,,294579341
Move_Operation_New_Component_New_Node,getByID,New-Component_xpejkxpkvr,New-Node_maeexhhuzk,785007268
Move_Operation_New_Component_New_Node,rebook,New-Component_kxqrncitdi,New-Node_podiaasgmq,769235113
Move_Operation_New_Component_New_Node,rebook,New-Component_occadfsret,New-Node_qqpvhwlaij,738931142
Move_Operation_New_Component_New_Node,findAll,New-Component_hsfchvdfjr,New-Node_uqihivzqtw,644901422
Move_Operation_New_Component_New_Node,login,New-Component_zlecysshzh,New-Node_hjdoogmgcz,769745070
Move_Operation_New_Component_New_Node,updateUser,New-Component_wdaacrsodc,New-Node_vdijsicgrt,728755242
Move_Operation_New_Component_New_Node,findAll,New-Component_truutgxpmc,New-Node_btqlulcktp,768225530
Move_Operation_Component,modify,Admin-user,,309273183
UMLCloneNode,container-sso,container-sso_gytuoefomq,,544480768
Move_Operation_New_Component_New_Node,getByID,New-Component_qsmdspkcgt,New-Node_ipqrjtgezy,781769105
Move_Component_New_Node,Verification,New-Node_qmhwpfwcrm,,603368335
Move_Operation_New_Component_New_Node,login,New-Component_jbggcpavez,New-Node_sqyktafyhp,892629254
UMLCloneNode,New-Node_hvgakahrpc,New-Node_hvgakahrpc_aaklelgmgv,,718540789
Move_Operation_New_Component_New_Node,updateUser,New-Component_wdaacrsodc,New-Node_vdijsicgrt,728182789
Move_Operation_New_Component_New_Node,updateUser,New-Component_wexfabftig,New-Node_lnksdahrqc,711249558
Move_Operation_Component,verify,Route-plan,,311997551
Move_Operation_New_Component_New_Node,updateUser,New-Component_cavktgoibn,New-Node_hrptlunvgq,774466914
Move_Operation_New_Component_New_Node,updateUser,New-Component_wdaacrsodc,New-Node_vdijsicgrt,652846810
Move_Operation_New_Component_New_Node,findAll,New-Component_truutgxpmc,New-Node_btqlulcktp,656418427
Move_Operation_Component,modify,Admin-user,,255047626
Move_Operation_New_Component_New_Node,updateUser,New-Component_cavktgoibn,New-Node_hrptlunvgq,736425243
Move_Operation_New_Component_New_Node,updateUser,New-Component_wdaacrsodc,New-Node_vdijsicgrt,656890723
Move_Operation_New_Component_New_Node,findAll,New-Component_truutgxpmc,New-Node_btqlulcktp,678213764
Move_Operation_Component,modify,Admin-user,,265739084
Move_Operation_New_Component_New_Node,generate,New-Component_ysbuplxlqd,New-Node_pafqnjdwch,777861639
Move_Operation_New_Component_New_Node,updateUser,New-Component_wdaacrsodc,New-Node_vdijsicgrt,669449019
Move_Operation_New_Component_New_Node,findAll,New-Component_truutgxpmc,New-Node_btqlulcktp,633916845
Move_Operation_Component,modify,Admin-user,,263970678
UMLCloneNode,container-verification,container-verification_rfhpjvstax,,510816145
Move_Operation_New_Component_New_Node,updateUser,New-Component_wdaacrsodc,New-Node_vdijsicgrt,674414070
Move_Operation_New_Component_New_Node,findAll,New-Component_truutgxpmc,New-Node_btqlulcktp,763974469
UMLCloneNode,container-station,container-station_oulnfgewbt,,525848482
Move_Operation_New_Component_New_Node,getByID,New-Component_xpejkxpkvr,New-Node_maeexhhuzk,722098580
Move_Operation_New_Component_New_Node,rebook,New-Component_kxqrncitdi,New-Node_podiaasgmq,686126130
Move_Operation_New_Component_New_Node,rebook,New-Component_occadfsret,New-Node_qqpvhwlaij,783962518
Move_Operation_New_Component_New_Node,findAll,New-Component_hsfchvdfjr,New-Node_uqihivzqtw,836565631
Move_Operation_New_Component_New_Node,generate,New-Component_ysbuplxlqd,New-Node_pafqnjdwch,729578927
Move_Operation_New_Component_New_Node,updateUser,New-Component_wdaacrsodc,New-Node_vdijsicgrt,721016000
Move_Operation_New_Component_New_Node,findAll,New-Component_truutgxpmc,New-Node_btqlulcktp,734652119
Move_Operation_Component,modify,Admin-user,,298181996
Move_Operation_New_Component_New_Node,updateUser,New-Component_cavktgoibn,New-Node_hrptlunvgq,750334244
Move_Operation_New_Component_New_Node,updateUser,New-Component_wdaacrsodc,New-Node_vdijsicgrt,659688078
Move_Operation_New_Component_New_Node,findAll,New-Component_truutgxpmc,New-Node_btqlulcktp,647061782
Move_Operation_Component,modify,Admin-user,,260062350
Move_Operation_New_Component_New_Node,login,New-Component_sbgownlqct,New-Node_oasynfwqjl,687224980
Move_Operation_New_Component_New_Node,rebook,New-Component_kxqrncitdi,New-Node_podiaasgmq,707741961
Move_Operation_New_Component_New_Node,rebook,New-Component_occadfsret,New-Node_qqpvhwlaij,1091125383
Move_Operation_New_Component_New_Node,findAll,New-Component_hsfchvdfjr,New-Node_uqihivzqtw,607418850
UMLCloneNode,container-verification,container-verification_rfhpjvstax,,412085570
Move_Operation_New_Component_New_Node,updateUser,New-Component_wdaacrsodc,New-Node_vdijsicgrt,594024355
Move_Operation_New_Component_New_Node,findAll,New-Component_truutgxpmc,New-Node_btqlulcktp,584120635
UMLCloneNode,container-station,container-station_oulnfgewbt,,389278907
Move_Operation_New_Component_New_Node,updateUser,New-Component_cavktgoibn,New-Node_hrptlunvgq,744074045
Move_Operation_New_Component_New_Node,updateUser,New-Component_wdaacrsodc,New-Node_vdijsicgrt,741033655
Move_Operation_New_Component_New_Node,findAll,New-Component_truutgxpmc,New-Node_btqlulcktp,747259028
Move_Operation_Component,modify,Admin-user,,325883398
UMLCloneNode,container-sso,container-sso_gytuoefomq,,487494967
Move_Operation_New_Component_New_Node,getByID,New-Component_qsmdspkcgt,New-Node_ipqrjtgezy,653572931
Move_Component_New_Node,Verification,New-Node_qmhwpfwcrm,,562727351
Move_Operation_New_Component_New_Node,login,New-Component_jbggcpavez,New-Node_sqyktafyhp,738383466
UMLCloneNode,New-Node_hvgakahrpc,New-Node_hvgakahrpc_aaklelgmgv,,305298680
Move_Operation_New_Component_New_Node,updateUser,New-Component_wdaacrsodc,New-Node_vdijsicgrt,682817958
Move_Operation_New_Component_New_Node,updateUser,New-Component_wexfabftig,New-Node_lnksdahrqc,718055389
Move_Operation_Component,verify,Route-plan,,278436141
UMLCloneNode,container-sso,container-sso_gytuoefomq,,524022999
Move_Operation_New_Component_New_Node,getByID,New-Component_qsmdspkcgt,New-Node_ipqrjtgezy,709642895
Move_Component_New_Node,Verification,New-Node_qmhwpfwcrm,,596063248
Move_Operation_New_Component_New_Node,login,New-Component_jbggcpavez,New-Node_sqyktafyhp,771279347
UMLCloneNode,container-admin-user,container-admin-user_trdujmiiju,,545730722
Move_Operation_New_Component_New_Node,rebook,New-Component_thndjfvubh,New-Node_ukwnowhbhh,779763665
Move_Operation_New_Component_New_Node,rebook,New-Component_occadfsret,New-Node_qqpvhwlaij,713680045
Move_Operation_New_Component_New_Node,findAll,New-Component_hsfchvdfjr,New-Node_uqihivzqtw,752833791
Move_Operation_New_Component_New_Node,updateUser,New-Component_cavktgoibn,New-Node_hrptlunvgq,722050941
Move_Operation_New_Component_New_Node,updateUser,New-Component_wdaacrsodc,New-Node_vdijsicgrt,678494791
Move_Operation_New_Component_New_Node,findAll,New-Component_truutgxpmc,New-Node_btqlulcktp,736844890
Move_Operation_Component,modify,Admin-user,,244383231
Move_Operation_New_Component_New_Node,login,New-Component_zlecysshzh,New-Node_hjdoogmgcz,705119003
Move_Operation_New_Component_New_Node,updateUser,New-Component_wdaacrsodc,New-Node_vdijsicgrt,779770768
Move_Operation_New_Component_New_Node,findAll,New-Component_truutgxpmc,New-Node_btqlulcktp,814934652
Move_Operation_Component,modify,Admin-user,,640895100
UMLCloneNode,container-verification,container-verification_rfhpjvstax,,528093461
Move_Operation_New_Component_New_Node,updateUser,New-Component_wdaacrsodc,New-Node_vdijsicgrt,666883509
Move_Operation_New_Component_New_Node,findAll,New-Component_truutgxpmc,New-Node_btqlulcktp,829386570
UMLCloneNode,container-station,container-station_oulnfgewbt,,549081465
UMLCloneNode,container-rebook,container-rebook_vkdtpbxeuc,,587143823
Move_Operation_New_Component_New_Node,updateUser,New-Component_wdaacrsodc,New-Node_vdijsicgrt,718488902
Move_Operation_New_Component_New_Node,findAll,New-Component_truutgxpmc,New-Node_btqlulcktp,645857745
UMLCloneNode,container-station,container-station_oulnfgewbt,,471500136
Move_Operation_New_Component_New_Node,login,New-Component_zlecysshzh,New-Node_hjdoogmgcz,762563314
Move_Operation_New_Component_New_Node,updateUser,New-Component_wdaacrsodc,New-Node_vdijsicgrt,670080845
Move_Operation_New_Component_New_Node,findAll,New-Component_truutgxpmc,New-Node_btqlulcktp,650699694
Move_Operation_Component,modify,Admin-user,,264987775
Move_Operation_New_Component_New_Node,updateUser,New-Component_cavktgoibn,New-Node_hrptlunvgq,692354118
Move_Operation_New_Component_New_Node,updateUser,New-Component_wdaacrsodc,New-Node_vdijsicgrt,640492354
Move_Operation_New_Component_New_Node,findAll,New-Component_truutgxpmc,New-Node_btqlulcktp,676287141
Move_Operation_Component,modify,Admin-user,,284992414
Move_Component_New_Node,Rebook,New-Node_pwigxspsde,,598363882
Move_Operation_Component,modify,Order-other,,252402157
Move_Operation_New_Component_New_Node,rebook,New-Component_occadfsret,New-Node_qqpvhwlaij,688702010
UMLCloneNode,container-order-other,container-order-other_fzfqmofkfn,,463523430
UMLCloneNode,container-rebook,container-rebook_vkdtpbxeuc,,588640740
Move_Operation_New_Component_New_Node,updateUser,New-Component_wdaacrsodc,New-Node_vdijsicgrt,698275751
Move_Operation_New_Component_New_Node,findAll,New-Component_truutgxpmc,New-Node_btqlulcktp,755386447
UMLCloneNode,container-station,container-station_oulnfgewbt,,580415908
UMLCloneNode,container-sso,container-sso_gytuoefomq,,635444680
Move_Operation_New_Component_New_Node,getByID,New-Component_qsmdspkcgt,New-Node_ipqrjtgezy,725813956
Move_Component_New_Node,Verification,New-Node_qmhwpfwcrm,,551549863
Move_Operation_New_Component_New_Node,login,New-Component_jbggcpavez,New-Node_sqyktafyhp,781615878
UMLCloneNode,container-verification,container-verification_rfhpjvstax,,917317976
Move_Operation_New_Component_New_Node,updateUser,New-Component_wdaacrsodc,New-Node_vdijsicgrt,673228446
Move_Operation_New_Component_New_Node,findAll,New-Component_truutgxpmc,New-Node_btqlulcktp,743417895
UMLCloneNode,container-station,container-station_oulnfgewbt,,585519297
Move_Operation_New_Component_New_Node,updateUser,New-Component_cavktgoibn,New-Node_hrptlunvgq,742200452
Move_Operation_New_Component_New_Node,updateUser,New-Component_wdaacrsodc,New-Node_vdijsicgrt,673657711
Move_Operation_New_Component_New_Node,findAll,New-Component_truutgxpmc,New-Node_btqlulcktp,596150922
Move_Operation_Component,modify,Admin-user,,237883343
UMLCloneNode,container-verification,container-verification_rfhpjvstax,,531386165
Move_Operation_New_Component_New_Node,updateUser,New-Component_wdaacrsodc,New-Node_vdijsicgrt,747322997
Move_Operation_New_Component_New_Node,findAll,New-Component_truutgxpmc,New-Node_btqlulcktp,782346298
UMLCloneNode,container-station,container-station_oulnfgewbt,,575690007
UMLCloneNode,New-Node_ehmqkxxhxy,New-Node_ehmqkxxhxy_snovvrfgqo,,275570699
Move_Operation_New_Component_New_Node,updateUser,New-Component_wdaacrsodc,New-Node_vdijsicgrt,737536116
Move_Operation_New_Component_New_Node,findAll,New-Component_truutgxpmc,New-Node_btqlulcktp,660664167
Move_Operation_Component,modify,Admin-user,,267280254
UMLCloneNode,container-admin-user,container-admin-user_trdujmiiju,,591029990
Move_Operation_New_Component_New_Node,rebook,New-Component_thndjfvubh,New-Node_ukwnowhbhh,794915045
Move_Operation_New_Component_New_Node,rebook,New-Component_occadfsret,New-Node_qqpvhwlaij,761555955
Move_Operation_New_Component_New_Node,findAll,New-Component_hsfchvdfjr,New-Node_uqihivzqtw,727961844
Move_Component_New_Node,Sso,New-Node_jgtfmpbxpb,,600132147
Move_Operation_New_Component_New_Node,updateUser,New-Component_wdaacrsodc,New-Node_vdijsicgrt,752545991
Move_Operation_New_Component_New_Node,findAll,New-Component_truutgxpmc,New-Node_btqlulcktp,721996880
Move_Operation_Component,modify,Admin-user,,289347380
Move_Operation_New_Component_New_Node,findAll,New-Component_aebbxfklmt,New-Node_aweuqtyaoc,730825072
Move_Operation_New_Component_New_Node,updateUser,New-Component_wdaacrsodc,New-Node_vdijsicgrt,685491951
Move_Operation_New_Component_New_Node,findAll,New-Component_truutgxpmc,New-Node_btqlulcktp,809597004
Move_Operation_Component,modify,Admin-user,,298932834
Move_Operation_New_Component_New_Node,login,New-Component_zlecysshzh,New-Node_hjdoogmgcz,770769671
Move_Operation_New_Component_New_Node,updateUser,New-Component_wdaacrsodc,New-Node_vdijsicgrt,690248049
Move_Operation_New_Component_New_Node,findAll,New-Component_truutgxpmc,New-Node_btqlulcktp,749047500
Move_Operation_Component,modify,Admin-user,,291568475
UMLCloneNode,container-sso,container-sso_gytuoefomq,,471065521
Move_Operation_New_Component_New_Node,getByID,New-Component_qsmdspkcgt,New-Node_ipqrjtgezy,694210819
Move_Component_New_Node,Verification,New-Node_qmhwpfwcrm,,577224855
Move_Operation_New_Component_New_Node,login,New-Component_jbggcpavez,New-Node_sqyktafyhp,686607813
UMLCloneNode,New-Node_ehmqkxxhxy,New-Node_ehmqkxxhxy_snovvrfgqo,,240937871
Move_Operation_New_Component_New_Node,updateUser,New-Component_wdaacrsodc,New-Node_vdijsicgrt,655030684
Move_Operation_New_Component_New_Node,findAll,New-Component_truutgxpmc,New-Node_btqlulcktp,678009161
Move_Operation_Component,modify,Admin-user,,244796866
UMLCloneNode,container-admin-user,container-admin-user_trdujmiiju,,526884885
Move_Operation_New_Component_New_Node,rebook,New-Component_thndjfvubh,New-Node_ukwnowhbhh,704627612
Move_Operation_New_Component_New_Node,rebook,New-Component_occadfsret,New-Node_qqpvhwlaij,701908833
Move_Operation_New_Component_New_Node,findAll,New-Component_hsfchvdfjr,New-Node_uqihivzqtw,665165468
Move_Operation_New_Component_New_Node,getByID,New-Component_xpejkxpkvr,New-Node_maeexhhuzk,749081875
Move_Operation_New_Component_New_Node,rebook,New-Component_kxqrncitdi,New-Node_podiaasgmq,700260232
Move_Operation_New_Component_New_Node,rebook,New-Component_occadfsret,New-Node_qqpvhwlaij,666204907
Move_Operation_New_Component_New_Node,findAll,New-Component_hsfchvdfjr,New-Node_uqihivzqtw,651940841
UMLCloneNode,container-admin-user,container-admin-user_trdujmiiju,,605882018
Move_Operation_New_Component_New_Node,rebook,New-Component_thndjfvubh,New-Node_ukwnowhbhh,720981025
Move_Operation_New_Component_New_Node,rebook,New-Component_occadfsret,New-Node_qqpvhwlaij,647310329
Move_Operation_New_Component_New_Node,findAll,New-Component_hsfchvdfjr,New-Node_uqihivzqtw,635454900
Move_Operation_New_Component_New_Node,generate,New-Component_ysbuplxlqd,New-Node_pafqnjdwch,721362881
Move_Operation_New_Component_New_Node,updateUser,New-Component_wdaacrsodc,New-Node_vdijsicgrt,708339060
Move_Operation_New_Component_New_Node,findAll,New-Component_truutgxpmc,New-Node_btqlulcktp,658042492
Move_Operation_Component,modify,Admin-user,,265158956
Move_Operation_New_Component_New_Node,login,New-Component_zlecysshzh,New-Node_hjdoogmgcz,823756524
Move_Operation_New_Component_New_Node,updateUser,New-Component_wdaacrsodc,New-Node_vdijsicgrt,769727216
Move_Operation_New_Component_New_Node,findAll,New-Component_truutgxpmc,New-Node_btqlulcktp,722908970
Move_Operation_Component,modify,Admin-user,,279816029
Move_Operation_New_Component_New_Node,updateUser,New-Component_mexvblrnuq,New-Node_nwiajnvqhv,708892047
Move_Operation_New_Component_New_Node,getByID,New-Component_qsmdspkcgt,New-Node_ipqrjtgezy,730274992
Move_Component_New_Node,Verification,New-Node_qmhwpfwcrm,,551345720
Move_Operation_New_Component_New_Node,login,New-Component_jbggcpavez,New-Node_sqyktafyhp,773518766
UMLCloneNode,New-Node_ehmqkxxhxy,New-Node_ehmqkxxhxy_snovvrfgqo,,227069878
Move_Operation_New_Component_New_Node,updateUser,New-Component_wdaacrsodc,New-Node_vdijsicgrt,1068847441
Move_Operation_New_Component_New_Node,findAll,New-Component_truutgxpmc,New-Node_btqlulcktp,668724150
Move_Operation_Component,modify,Admin-user,,275459350
UMLCloneNode,container-sso,container-sso_gytuoefomq,,565578808
Move_Operation_New_Component_New_Node,getByID,New-Component_qsmdspkcgt,New-Node_ipqrjtgezy,675713776
Move_Component_New_Node,Verification,New-Node_qmhwpfwcrm,,531494829
Move_Operation_New_Component_New_Node,login,New-Component_jbggcpavez,New-Node_sqyktafyhp,735106681
UMLCloneNode,container-sso,container-sso_gytuoefomq,,509275978
Move_Operation_New_Component_New_Node,getByID,New-Component_qsmdspkcgt,New-Node_ipqrjtgezy,757820140
Move_Component_New_Node,Verification,New-Node_qmhwpfwcrm,,545359656
Move_Operation_New_Component_New_Node,login,New-Component_jbggcpavez,New-Node_sqyktafyhp,678352023
UMLCloneNode,container-verification,container-verification_rfhpjvstax,,569101824
Move_Operation_New_Component_New_Node,updateUser,New-Component_wdaacrsodc,New-Node_vdijsicgrt,708785999
Move_Operation_New_Component_New_Node,findAll,New-Component_truutgxpmc,New-Node_btqlulcktp,693223278
UMLCloneNode,container-station,container-station_oulnfgewbt,,506418830
UMLCloneNode,container-verification,container-verification_rfhpjvstax,,561522472
Move_Operation_New_Component_New_Node,updateUser,New-Component_wdaacrsodc,New-Node_vdijsicgrt,806692618
Move_Operation_New_Component_New_Node,findAll,New-Component_truutgxpmc,New-Node_btqlulcktp,689094806
UMLCloneNode,container-station,container-station_oulnfgewbt,,477699851
UMLCloneNode,container-sso,container-sso_gytuoefomq,,564767366
Move_Operation_New_Component_New_Node,getByID,New-Component_qsmdspkcgt,New-Node_ipqrjtgezy,682584500
Move_Component_New_Node,Verification,New-Node_qmhwpfwcrm,,565217180
Move_Operation_New_Component_New_Node,login,New-Component_jbggcpavez,New-Node_sqyktafyhp,635294168
Move_Operation_New_Component_New_Node,generate,New-Component_ysbuplxlqd,New-Node_pafqnjdwch,778507389
Move_Operation_New_Component_New_Node,updateUser,New-Component_wdaacrsodc,New-Node_vdijsicgrt,705343583
Move_Operation_New_Component_New_Node,findAll,New-Component_truutgxpmc,New-Node_btqlulcktp,628949170
Move_Operation_Component,modify,Admin-user,,249475198
Move_Operation_New_Component_New_Node,updateUser,New-Component_mexvblrnuq,New-Node_nwiajnvqhv,803229895
Move_Operation_New_Component_New_Node,getByID,New-Component_qsmdspkcgt,New-Node_ipqrjtgezy,744634386
Move_Component_New_Node,Verification,New-Node_qmhwpfwcrm,,520381952
Move_Operation_New_Component_New_Node,login,New-Component_jbggcpavez,New-Node_sqyktafyhp,691065572
Move_Operation_New_Component_New_Node,verify,New-Component_cwkgrljuvn,New-Node_zwjungfjul,620705523
Move_Operation_New_Component_New_Node,getByID,New-Component_qsmdspkcgt,New-Node_ipqrjtgezy,763918905
Move_Component_New_Node,Verification,New-Node_qmhwpfwcrm,,610650440
Move_Operation_New_Component_New_Node,login,New-Component_jbggcpavez,New-Node_sqyktafyhp,762010357
UMLCloneNode,New-Node_ehmqkxxhxy,New-Node_ehmqkxxhxy_snovvrfgqo,,269584644
Move_Operation_New_Component_New_Node,updateUser,New-Component_wdaacrsodc,New-Node_vdijsicgrt,655516556
Move_Operation_New_Component_New_Node,findAll,New-Component_truutgxpmc,New-Node_btqlulcktp,686334341
Move_Operation_Component,modify,Admin-user,,258894700
UMLCloneNode,container-rebook,container-rebook_vkdtpbxeuc,,598616956
Move_Operation_New_Component_New_Node,updateUser,New-Component_wdaacrsodc,New-Node_vdijsicgrt,742554717
Move_Operation_New_Component_New_Node,findAll,New-Component_truutgxpmc,New-Node_btqlulcktp,656880313
Move_Component_New_Node,Admin-user,New-Node_qooiskczsx,,573297180
UMLCloneNode,container-verification,container-verification_rfhpjvstax,,422612850
Move_Operation_New_Component_New_Node,updateUser,New-Component_wdaacrsodc,New-Node_vdijsicgrt,586111749
Move_Operation_New_Component_New_Node,findAll,New-Component_truutgxpmc,New-Node_btqlulcktp,626336552
UMLCloneNode,container-station,container-station_oulnfgewbt,,516557431
UMLCloneNode,container-verification,container-verification_rfhpjvstax,,553684115
Move_Operation_New_Component_New_Node,updateUser,New-Component_wdaacrsodc,New-Node_vdijsicgrt,737951506
Move_Operation_New_Component_New_Node,findAll,New-Component_truutgxpmc,New-Node_btqlulcktp,653749352
UMLCloneNode,container-station,container-station_oulnfgewbt,,486557460
UMLCloneNode,container-rebook,container-rebook_vkdtpbxeuc,,599878261
Move_Operation_New_Component_New_Node,updateUser,New-Component_wdaacrsodc,New-Node_vdijsicgrt,700799383
Move_Operation_New_Component_New_Node,findAll,New-Component_truutgxpmc,New-Node_btqlulcktp,786484057
UMLCloneNode,container-station,container-station_oulnfgewbt,,568878946
UMLCloneNode,container-rebook,container-rebook_vkdtpbxeuc,,504720565
Move_Operation_New_Component_New_Node,updateUser,New-Component_wdaacrsodc,New-Node_vdijsicgrt,681097221
Move_Operation_New_Component_New_Node,findAll,New-Component_truutgxpmc,New-Node_btqlulcktp,655058046
UMLCloneNode,container-station,container-station_oulnfgewbt,,466436170
Move_Operation_New_Component_New_Node,getByID,New-Component_xpejkxpkvr,New-Node_maeexhhuzk,820950302
Move_Operation_New_Component_New_Node,rebook,New-Component_kxqrncitdi,New-Node_podiaasgmq,802347772
Move_Operation_New_Component_New_Node,rebook,New-Component_occadfsret,New-Node_qqpvhwlaij,738086077
Move_Operation_New_Component_New_Node,findAll,New-Component_hsfchvdfjr,New-Node_uqihivzqtw,823489834
Move_Operation_New_Component_New_Node,updateUser,New-Component_mexvblrnuq,New-Node_nwiajnvqhv,980107189
Move_Operation_New_Component_New_Node,getByID,New-Component_qsmdspkcgt,New-Node_ipqrjtgezy,675633726
Move_Component_New_Node,Verification,New-Node_qmhwpfwcrm,,546412951
Move_Operation_New_Component_New_Node,login,New-Component_jbggcpavez,New-Node_sqyktafyhp,719072717
Move_Operation_New_Component_New_Node,login,New-Component_zlecysshzh,New-Node_hjdoogmgcz,728821626
Move_Operation_New_Component_New_Node,updateUser,New-Component_wdaacrsodc,New-Node_vdijsicgrt,662108937
Move_Operation_New_Component_New_Node,findAll,New-Component_truutgxpmc,New-Node_btqlulcktp,627925090
Move_Operation_Component,modify,Admin-user,,292127192
Move_Operation_New_Component_New_Node,updateUser,New-Component_mexvblrnuq,New-Node_nwiajnvqhv,715103634
Move_Operation_New_Component_New_Node,getByID,New-Component_qsmdspkcgt,New-Node_ipqrjtgezy,748761245
Move_Component_New_Node,Verification,New-Node_qmhwpfwcrm,,530505463
Move_Operation_New_Component_New_Node,login,New-Component_jbggcpavez,New-Node_sqyktafyhp,692776239
UMLCloneNode,New-Node_hnvpusxult,New-Node_hnvpusxult_lldpyjjbvc,,237492771
Move_Operation_Component,modify,Order-other,,254570091
Move_Operation_New_Component_New_Node,rebook,New-Component_occadfsret,New-Node_qqpvhwlaij,677967333
UMLCloneNode,container-order-other,container-order-other_fzfqmofkfn,,460377080
Move_Operation_New_Component_New_Node,generate,New-Component_ysbuplxlqd,New-Node_pafqnjdwch,686586464
Move_Operation_New_Component_New_Node,updateUser,New-Component_wdaacrsodc,New-Node_vdijsicgrt,672498799
Move_Operation_New_Component_New_Node,findAll,New-Component_truutgxpmc,New-Node_btqlulcktp,763716116
Move_Operation_Component,modify,Admin-user,,291494516
UMLCloneNode,container-admin-user,container-admin-user_trdujmiiju,,521906701
Move_Operation_New_Component_New_Node,rebook,New-Component_thndjfvubh,New-Node_ukwnowhbhh,699979055
Move_Operation_New_Component_New_Node,rebook,New-Component_occadfsret,New-Node_qqpvhwlaij,643002872
Move_Operation_New_Component_New_Node,findAll,New-Component_hsfchvdfjr,New-Node_uqihivzqtw,676697661
Move_Operation_New_Component_New_Node,login,New-Component_zlecysshzh,New-Node_hjdoogmgcz,678852181
Move_Operation_New_Component_New_Node,updateUser,New-Component_wdaacrsodc,New-Node_vdijsicgrt,699472365
Move_Operation_New_Component_New_Node,findAll,New-Component_truutgxpmc,New-Node_btqlulcktp,669366204
Move_Operation_Component,modify,Admin-user,,281707716
UMLCloneNode,container-sso,container-sso_gytuoefomq,,575339710
Move_Operation_New_Component_New_Node,getByID,New-Component_qsmdspkcgt,New-Node_ipqrjtgezy,687052246
Move_Component_New_Node,Verification,New-Node_qmhwpfwcrm,,535211919
Move_Operation_New_Component_New_Node,login,New-Component_jbggcpavez,New-Node_sqyktafyhp,745738847
Move_Component_New_Node,New-Component_xcbmkvvgnw,New-Node_fckvwjojit,,473981909
Move_Operation_New_Component_New_Node,rebook,New-Component_thndjfvubh,New-Node_ukwnowhbhh,813451150
Move_Operation_New_Component_New_Node,rebook,New-Component_occadfsret,New-Node_qqpvhwlaij,770656448
Move_Operation_New_Component_New_Node,findAll,New-Component_hsfchvdfjr,New-Node_uqihivzqtw,775649330
UMLCloneNode,container-rebook,container-rebook_vkdtpbxeuc,,516901165
Move_Operation_New_Component_New_Node,generate,New-Component_vsimmteboa,New-Node_tuaqvcskiu,661505405
Move_Operation_New_Component_New_Node,findAll,New-Component_truutgxpmc,New-Node_btqlulcktp,642833545
UMLCloneNode,container-station,container-station_oulnfgewbt,,537074321
Move_Operation_Component,getByID,Ticket-info,,301865753
Move_Operation_New_Component_New_Node,updateUser,New-Component_wdaacrsodc,New-Node_vdijsicgrt,743527501
Move_Operation_New_Component_New_Node,findAll,New-Component_truutgxpmc,New-Node_btqlulcktp,709906810
UMLCloneNode,container-station,container-station_oulnfgewbt,,512194530
Move_Operation_New_Component_New_Node,generate,New-Component_ysbuplxlqd,New-Node_pafqnjdwch,712807870
Move_Operation_New_Component_New_Node,updateUser,New-Component_wdaacrsodc,New-Node_vdijsicgrt,702160626
Move_Operation_New_Component_New_Node,findAll,New-Component_truutgxpmc,New-Node_btqlulcktp,659582479
Move_Operation_Component,modify,Admin-user,,255697896
Move_Operation_New_Component_New_Node,updateUser,New-Component_mexvblrnuq,New-Node_nwiajnvqhv,722634555
Move_Operation_New_Component_New_Node,getByID,New-Component_qsmdspkcgt,New-Node_ipqrjtgezy,656335391
Move_Component_New_Node,Verification,New-Node_qmhwpfwcrm,,542995133
Move_Operation_New_Component_New_Node,login,New-Component_jbggcpavez,New-Node_sqyktafyhp,738328922
Move_Operation_New_Component_New_Node,login,New-Component_zlecysshzh,New-Node_hjdoogmgcz,730876069
Move_Operation_New_Component_New_Node,updateUser,New-Component_wdaacrsodc,New-Node_vdijsicgrt,670251996
Move_Operation_New_Component_New_Node,findAll,New-Component_truutgxpmc,New-Node_btqlulcktp,654626777
Move_Operation_Component,modify,Admin-user,,278508557
UMLCloneNode,container-sso,container-sso_gytuoefomq,,524133216
Move_Operation_New_Component_New_Node,getByID,New-Component_qsmdspkcgt,New-Node_ipqrjtgezy,673161701
Move_Component_New_Node,Verification,New-Node_qmhwpfwcrm,,530849369
Move_Operation_New_Component_New_Node,login,New-Component_jbggcpavez,New-Node_sqyktafyhp,682283926
Move_Operation_New_Component_New_Node,updateUser,New-Component_mexvblrnuq,New-Node_nwiajnvqhv,650029227
Move_Operation_New_Component_New_Node,getByID,New-Component_qsmdspkcgt,New-Node_ipqrjtgezy,591733720
Move_Component_New_Node,Verification,New-Node_qmhwpfwcrm,,478372872
Move_Operation_New_Component_New_Node,login,New-Component_jbggcpavez,New-Node_sqyktafyhp,655064127
UMLCloneNode,New-Node_hnvpusxult,New-Node_hnvpusxult_lldpyjjbvc,,560366985
Move_Operation_Component,modify,Order-other,,273599653
Move_Operation_New_Component_New_Node,rebook,New-Component_occadfsret,New-Node_qqpvhwlaij,829498731
UMLCloneNode,container-order-other,container-order-other_fzfqmofkfn,,508359690
Move_Operation_New_Component_New_Node,getByID,New-Component_xpejkxpkvr,New-Node_maeexhhuzk,733445677
Move_Operation_New_Component_New_Node,rebook,New-Component_kxqrncitdi,New-Node_podiaasgmq,713088947
Move_Operation_New_Component_New_Node,rebook,New-Component_occadfsret,New-Node_qqpvhwlaij,658133943
Move_Operation_New_Component_New_Node,findAll,New-Component_hsfchvdfjr,New-Node_uqihivzqtw,725291638
Move_Component_New_Node,Sso,New-Node_ktzoxqrxdh,,656441260
Move_Operation_New_Component_New_Node,updateUser,New-Component_wdaacrsodc,New-Node_vdijsicgrt,766160860
Move_Operation_New_Component_New_Node,findAll,New-Component_truutgxpmc,New-Node_btqlulcktp,737508374
Move_Operation_Component,modify,Admin-user,,309765827
Move_Operation_Component,login,Verification,,342306251
Move_Operation_New_Component_New_Node,rebook,New-Component_kxqrncitdi,New-Node_podiaasgmq,789019380
Move_Operation_New_Component_New_Node,rebook,New-Component_occadfsret,New-Node_qqpvhwlaij,844950754
Move_Operation_New_Component_New_Node,findAll,New-Component_hsfchvdfjr,New-Node_uqihivzqtw,648146857
Move_Operation_New_Component_New_Node,generate,New-Component_ysbuplxlqd,New-Node_pafqnjdwch,783961036
Move_Operation_New_Component_New_Node,updateUser,New-Component_wdaacrsodc,New-Node_vdijsicgrt,674260502
Move_Operation_New_Component_New_Node,findAll,New-Component_truutgxpmc,New-Node_btqlulcktp,758327482
Move_Operation_Component,modify,Admin-user,,250092466
UMLCloneNode,container-verification,container-verification_rfhpjvstax,,517778210
Move_Component_New_Node,Login,New-Node_zipctgksax,,544853978
Move_Operation_New_Component_New_Node,findAll,New-Component_truutgxpmc,New-Node_btqlulcktp,703323276
UMLCloneNode,container-station,container-station_oulnfgewbt,,499462697
Move_Component_New_Node,New-Component_xcbmkvvgnw,New-Node_fckvwjojit,,354539860
Move_Operation_New_Component_New_Node,rebook,New-Component_thndjfvubh,New-Node_ukwnowhbhh,785667265
Move_Operation_New_Component_New_Node,rebook,New-Component_occadfsret,New-Node_qqpvhwlaij,727901702
Move_Operation_New_Component_New_Node,findAll,New-Component_hsfchvdfjr,New-Node_uqihivzqtw,697024485
Move_Operation_New_Component_New_Node,updateUser,New-Component_jatbyrhsvt,New-Node_ehtwtxmrpc,763368824
Move_Operation_New_Component_New_Node,updateUser,New-Component_wdaacrsodc,New-Node_vdijsicgrt,621894573
Move_Operation_New_Component_New_Node,findAll,New-Component_truutgxpmc,New-Node_btqlulcktp,742920081
Move_Operation_Component,modify,Admin-user,,297170640
UMLCloneNode,container-station,container-station_mxtljpbyoc,,477182511
Move_Operation_New_Component_New_Node,rebook,New-Component_kxqrncitdi,New-Node_podiaasgmq,1027394616
Move_Operation_New_Component_New_Node,rebook,New-Component_occadfsret,New-Node_qqpvhwlaij,651451964
Move_Operation_New_Component_New_Node,findAll,New-Component_hsfchvdfjr,New-Node_uqihivzqtw,652409650
Move_Operation_New_Component_New_Node,updateUser,New-Component_mexvblrnuq,New-Node_nwiajnvqhv,748618727
Move_Operation_New_Component_New_Node,getByID,New-Component_qsmdspkcgt,New-Node_ipqrjtgezy,658503025
Move_Component_New_Node,Verification,New-Node_qmhwpfwcrm,,552477081
Move_Operation_New_Component_New_Node,login,New-Component_jbggcpavez,New-Node_sqyktafyhp,744996715
UMLCloneNode,New-Node_ehmqkxxhxy,New-Node_ehmqkxxhxy_snovvrfgqo,,295143819
Move_Operation_New_Component_New_Node,updateUser,New-Component_wdaacrsodc,New-Node_vdijsicgrt,673281165
Move_Operation_New_Component_New_Node,findAll,New-Component_truutgxpmc,New-Node_btqlulcktp,698279649
Move_Operation_Component,modify,Admin-user,,278489151
Move_Operation_New_Component_New_Node,getByID,New-Component_xpejkxpkvr,New-Node_maeexhhuzk,733508444
Move_Operation_New_Component_New_Node,rebook,New-Component_kxqrncitdi,New-Node_podiaasgmq,687625301
Move_Operation_New_Component_New_Node,rebook,New-Component_occadfsret,New-Node_qqpvhwlaij,685491029
Move_Operation_New_Component_New_Node,findAll,New-Component_hsfchvdfjr,New-Node_uqihivzqtw,746982129
UMLCloneNode,container-rebook,container-rebook_vkdtpbxeuc,,707034204
Move_Operation_New_Component_New_Node,updateUser,New-Component_wdaacrsodc,New-Node_vdijsicgrt,835730636
Move_Operation_New_Component_New_Node,findAll,New-Component_truutgxpmc,New-Node_btqlulcktp,828630633
UMLCloneNode,container-station,container-station_oulnfgewbt,,649785389
Move_Component_New_Node,New-Component_xcbmkvvgnw,New-Node_fckvwjojit,,286810955
Move_Operation_New_Component_New_Node,rebook,New-Component_thndjfvubh,New-Node_ukwnowhbhh,828172634
Move_Operation_New_Component_New_Node,rebook,New-Component_occadfsret,New-Node_qqpvhwlaij,682583107
Move_Operation_New_Component_New_Node,findAll,New-Component_hsfchvdfjr,New-Node_uqihivzqtw,699873698
Move_Operation_New_Component_New_Node,getByID,New-Component_xpejkxpkvr,New-Node_maeexhhuzk,632381536
Move_Operation_New_Component_New_Node,rebook,New-Component_kxqrncitdi,New-Node_podiaasgmq,615692714
Move_Operation_New_Component_New_Node,rebook,New-Component_occadfsret,New-Node_qqpvhwlaij,544286915
Move_Operation_New_Component_New_Node,findAll,New-Component_hsfchvdfjr,New-Node_uqihivzqtw,585750802
Move_Operation_New_Component_New_Node,login,New-Component_zlecysshzh,New-Node_hjdoogmgcz,745501212
Move_Operation_New_Component_New_Node,updateUser,New-Component_wdaacrsodc,New-Node_vdijsicgrt,719292409
Move_Operation_New_Component_New_Node,findAll,New-Component_truutgxpmc,New-Node_btqlulcktp,707137959
Move_Operation_Component,modify,Admin-user,,298169041
UMLCloneNode,New-Node_ehmqkxxhxy,New-Node_ehmqkxxhxy_snovvrfgqo,,619196133
Move_Operation_New_Component_New_Node,updateUser,New-Component_wdaacrsodc,New-Node_vdijsicgrt,710674389
Move_Operation_New_Component_New_Node,findAll,New-Component_truutgxpmc,New-Node_btqlulcktp,715703500
Move_Operation_Component,modify,Admin-user,,307726783
UMLCloneNode,container-verification,container-verification_qlmycayarw,,592905877
Move_Operation_New_Component_New_Node,updateUser,New-Component_wdaacrsodc,New-Node_vdijsicgrt,670894530
Move_Operation_New_Component_New_Node,findAll,New-Component_truutgxpmc,New-Node_btqlulcktp,638630924
Move_Operation_Component,modify,Admin-user,,249881200
UMLCloneNode,container-verification,container-verification_rfhpjvstax,,427958323
Move_Operation_New_Component_New_Node,updateUser,New-Component_wdaacrsodc,New-Node_vdijsicgrt,578467405
Move_Operation_New_Component_New_Node,findAll,New-Component_truutgxpmc,New-Node_btqlulcktp,547899418
UMLCloneNode,container-station,container-station_oulnfgewbt,,373676382
UMLCloneNode,container-rebook,container-rebook_vkdtpbxeuc,,490979140
Move_Operation_New_Component_New_Node,updateUser,New-Component_wdaacrsodc,New-Node_vdijsicgrt,677527728
Move_Operation_New_Component_New_Node,findAll,New-Component_truutgxpmc,New-Node_btqlulcktp,640851127
UMLCloneNode,container-station,container-station_oulnfgewbt,,477284972
UMLCloneNode,container-sso,container-sso_gytuoefomq,,603117775
Move_Operation_New_Component_New_Node,getByID,New-Component_qsmdspkcgt,New-Node_ipqrjtgezy,657206124
Move_Component_New_Node,Verification,New-Node_qmhwpfwcrm,,628453541
Move_Operation_New_Component_New_Node,login,New-Component_jbggcpavez,New-Node_sqyktafyhp,822782918
UMLCloneNode,New-Node_hnvpusxult,New-Node_hnvpusxult_lldpyjjbvc,,343001424
Move_Operation_Component,modify,Order-other,,264732737
Move_Operation_New_Component_New_Node,rebook,New-Component_occadfsret,New-Node_qqpvhwlaij,748443027
UMLCloneNode,container-order-other,container-order-other_fzfqmofkfn,,529694903
UMLCloneNode,New-Node_ehmqkxxhxy,New-Node_ehmqkxxhxy_snovvrfgqo,,348254714
Move_Operation_New_Component_New_Node,updateUser,New-Component_wdaacrsodc,New-Node_vdijsicgrt,675039512
Move_Operation_New_Component_New_Node,findAll,New-Component_truutgxpmc,New-Node_btqlulcktp,746977810
Move_Operation_Component,modify,Admin-user,,287527408
UMLCloneNode,container-station,container-station_qfjmmfmhjb,,600489267
Move_Operation_New_Component_New_Node,updateUser,New-Component_wdaacrsodc,New-Node_vdijsicgrt,764798435
Move_Operation_New_Component_New_Node,findAll,New-Component_truutgxpmc,New-Node_btqlulcktp,742768918
UMLCloneNode,container-station,container-station_oulnfgewbt,,581160224
Move_Component_New_Node,New-Component_xcbmkvvgnw,New-Node_fckvwjojit,,782602739
Move_Operation_New_Component_New_Node,rebook,New-Component_thndjfvubh,New-Node_ukwnowhbhh,703857628
Move_Operation_New_Component_New_Node,rebook,New-Component_occadfsret,New-Node_qqpvhwlaij,641061442
Move_Operation_New_Component_New_Node,findAll,New-Component_hsfchvdfjr,New-Node_uqihivzqtw,1047724124
UMLCloneNode,container-verification,container-verification_qlmycayarw,,497605775
Move_Operation_New_Component_New_Node,updateUser,New-Component_wdaacrsodc,New-Node_vdijsicgrt,674738768
Move_Operation_New_Component_New_Node,findAll,New-Component_truutgxpmc,New-Node_btqlulcktp,643702393
Move_Operation_Component,modify,Admin-user,,256224494
Move_Component_New_Node,Login,New-Node_vbnjhhsrlu,,597438867
Move_Operation_New_Component_New_Node,rebook,New-Component_thndjfvubh,New-Node_ukwnowhbhh,688138163
Move_Operation_New_Component_New_Node,rebook,New-Component_occadfsret,New-Node_qqpvhwlaij,877928639
Move_Operation_New_Component_New_Node,findAll,New-Component_hsfchvdfjr,New-Node_uqihivzqtw,787831213
UMLCloneNode,container-verification,container-verification_qlmycayarw,,510075657
Move_Operation_New_Component_New_Node,updateUser,New-Component_wdaacrsodc,New-Node_vdijsicgrt,662793891
Move_Operation_New_Component_New_Node,findAll,New-Component_truutgxpmc,New-Node_btqlulcktp,657152844
Move_Operation_Component,modify,Admin-user,,290576826
Move_Component_New_Node,New-Component_xcbmkvvgnw,New-Node_fckvwjojit,,269145932
Move_Operation_New_Component_New_Node,rebook,New-Component_thndjfvubh,New-Node_ukwnowhbhh,837424752
Move_Operation_New_Component_New_Node,rebook,New-Component_occadfsret,New-Node_qqpvhwlaij,697236433
Move_Operation_New_Component_New_Node,findAll,New-Component_hsfchvdfjr,New-Node_uqihivzqtw,640938071
UMLCloneNode,New-Node_ehmqkxxhxy,New-Node_ehmqkxxhxy_snovvrfgqo,,310325676
Move_Operation_New_Component_New_Node,updateUser,New-Component_wdaacrsodc,New-Node_vdijsicgrt,706357004
Move_Operation_New_Component_New_Node,findAll,New-Component_truutgxpmc,New-Node_btqlulcktp,680269629
Move_Operation_Component,modify,Admin-user,,267697326
UMLCloneNode,container-sso,container-sso_gytuoefomq,,556607006
Move_Operation_New_Component_New_Node,getByID,New-Component_qsmdspkcgt,New-Node_ipqrjtgezy,661045052
Move_Component_New_Node,Verification,New-Node_qmhwpfwcrm,,533611107
Move_Operation_New_Component_New_Node,login,New-Component_jbggcpavez,New-Node_sqyktafyhp,693919994
Move_Operation_New_Component_New_Node,updateUser,New-Component_mexvblrnuq,New-Node_nwiajnvqhv,824701045
Move_Operation_New_Component_New_Node,getByID,New-Component_qsmdspkcgt,New-Node_ipqrjtgezy,693889246
Move_Component_New_Node,Verification,New-Node_qmhwpfwcrm,,527885541
Move_Operation_New_Component_New_Node,login,New-Component_jbggcpavez,New-Node_sqyktafyhp,713366337
UMLCloneNode,container-sso,container-sso_gytuoefomq,,434273614
Move_Operation_New_Component_New_Node,getByID,New-Component_qsmdspkcgt,New-Node_ipqrjtgezy,832282792
Move_Component_New_Node,Verification,New-Node_qmhwpfwcrm,,628422193
Move_Operation_New_Component_New_Node,login,New-Component_jbggcpavez,New-Node_sqyktafyhp,1085079687
Move_Operation_New_Component_New_Node,generate,New-Component_ysbuplxlqd,New-Node_pafqnjdwch,715619401
Move_Operation_New_Component_New_Node,updateUser,New-Component_wdaacrsodc,New-Node_vdijsicgrt,666521381
Move_Operation_New_Component_New_Node,findAll,New-Component_truutgxpmc,New-Node_btqlulcktp,650575641
Move_Operation_Component,modify,Admin-user,,254531489
Move_Operation_New_Component_New_Node,generate,New-Component_ysbuplxlqd,New-Node_pafqnjdwch,687580076
Move_Operation_New_Component_New_Node,updateUser,New-Component_wdaacrsodc,New-Node_vdijsicgrt,736522465
Move_Operation_New_Component_New_Node,findAll,New-Component_truutgxpmc,New-Node_btqlulcktp,745942629
Move_Operation_Component,modify,Admin-user,,340288928
UMLCloneNode,container-rebook,container-rebook_vkdtpbxeuc,,481394568
Move_Operation_New_Component_New_Node,updateUser,New-Component_wdaacrsodc,New-Node_vdijsicgrt,695810278
Move_Operation_New_Component_New_Node,findAll,New-Component_truutgxpmc,New-Node_btqlulcktp,653572290
UMLCloneNode,container-station,container-station_oulnfgewbt,,473584485
Move_Operation_New_Component_New_Node,generate,New-Component_ysbuplxlqd,New-Node_pafqnjdwch,782767508
Move_Operation_New_Component_New_Node,updateUser,New-Component_wdaacrsodc,New-Node_vdijsicgrt,687797374
Move_Operation_New_Component_New_Node,findAll,New-Component_truutgxpmc,New-Node_btqlulcktp,641449269
Move_Operation_Component,modify,Admin-user,,262948001
Move_Operation_New_Component_New_Node,login,New-Component_zlecysshzh,New-Node_hjdoogmgcz,654333888
Move_Operation_New_Component_New_Node,updateUser,New-Component_wdaacrsodc,New-Node_vdijsicgrt,619168261
Move_Operation_New_Component_New_Node,findAll,New-Component_truutgxpmc,New-Node_btqlulcktp,566038970
Move_Operation_Component,modify,Admin-user,,231186315
UMLCloneNode,container-verification,container-verification_qlmycayarw,,492258269
Move_Operation_New_Component_New_Node,updateUser,New-Component_wdaacrsodc,New-Node_vdijsicgrt,577856329
Move_Operation_New_Component_New_Node,findAll,New-Component_truutgxpmc,New-Node_btqlulcktp,623994921
Move_Operation_Component,modify,Admin-user,,269061283
UMLCloneNode,container-verification,container-verification_qlmycayarw,,524753378
Move_Operation_New_Component_New_Node,updateUser,New-Component_wdaacrsodc,New-Node_vdijsicgrt,762274302
Move_Operation_New_Component_New_Node,findAll,New-Component_truutgxpmc,New-Node_btqlulcktp,763555644
Move_Operation_Component,modify,Admin-user,,290813269
Move_Operation_New_Component_New_Node,getByID,New-Component_xpejkxpkvr,New-Node_maeexhhuzk,658845367
Move_Operation_New_Component_New_Node,rebook,New-Component_kxqrncitdi,New-Node_podiaasgmq,791625797
Move_Operation_New_Component_New_Node,rebook,New-Component_occadfsret,New-Node_qqpvhwlaij,1086700176
Move_Operation_New_Component_New_Node,findAll,New-Component_hsfchvdfjr,New-Node_uqihivzqtw,691183693
UMLCloneNode,container-admin-user,container-admin-user_trdujmiiju,,598662922
Move_Operation_New_Component_New_Node,rebook,New-Component_thndjfvubh,New-Node_ukwnowhbhh,695217837
Move_Operation_New_Component_New_Node,rebook,New-Component_occadfsret,New-Node_qqpvhwlaij,641326358
Move_Operation_New_Component_New_Node,findAll,New-Component_hsfchvdfjr,New-Node_uqihivzqtw,640091984
Move_Operation_New_Component_New_Node,generate,New-Component_ysbuplxlqd,New-Node_pafqnjdwch,723836930
Move_Operation_New_Component_New_Node,updateUser,New-Component_wdaacrsodc,New-Node_vdijsicgrt,677502941
Move_Operation_New_Component_New_Node,findAll,New-Component_truutgxpmc,New-Node_btqlulcktp,764199342
Move_Operation_Component,modify,Admin-user,,303175700
UMLCloneNode,container-sso,container-sso_gytuoefomq,,554844851
Move_Operation_New_Component_New_Node,getByID,New-Component_qsmdspkcgt,New-Node_ipqrjtgezy,651662640
Move_Component_New_Node,Verification,New-Node_qmhwpfwcrm,,546283559
Move_Operation_New_Component_New_Node,login,New-Component_jbggcpavez,New-Node_sqyktafyhp,776378638
UMLCloneNode,container-verification,container-verification_lettpcufan,,473114663
Move_Operation_New_Component_New_Node,updateUser,New-Component_wdaacrsodc,New-Node_vdijsicgrt,565599898
Move_Operation_New_Component_New_Node,findAll,New-Component_truutgxpmc,New-Node_btqlulcktp,713360216
Move_Operation_Component,modify,Admin-user,,283095698
UMLCloneNode,container-sso,container-sso_gytuoefomq,,571452130
Move_Operation_New_Component_New_Node,getByID,New-Component_qsmdspkcgt,New-Node_ipqrjtgezy,669165879
Move_Component_New_Node,Verification,New-Node_qmhwpfwcrm,,518366472
Move_Operation_New_Component_New_Node,login,New-Component_jbggcpavez,New-Node_sqyktafyhp,704992045
Move_Operation_New_Component_New_Node,verify,New-Component_udtnrapnta,New-Node_iyjsxcjhjx,708096977
Move_Operation_New_Component_New_Node,getByID,New-Component_qsmdspkcgt,New-Node_ipqrjtgezy,571311077
Move_Component_New_Node,Verification,New-Node_qmhwpfwcrm,,417831103
Move_Operation_New_Component_New_Node,login,New-Component_jbggcpavez,New-Node_sqyktafyhp,655247061
UMLCloneNode,container-sso,container-sso_gytuoefomq,,522989581
Move_Operation_New_Component_New_Node,getByID,New-Component_qsmdspkcgt,New-Node_ipqrjtgezy,658801114
Move_Component_New_Node,Verification,New-Node_qmhwpfwcrm,,538433088
Move_Operation_New_Component_New_Node,login,New-Component_jbggcpavez,New-Node_sqyktafyhp,692166426
UMLCloneNode,container-rebook,container-rebook_vkdtpbxeuc,,469926365
Move_Operation_New_Component_New_Node,updateUser,New-Component_wdaacrsodc,New-Node_vdijsicgrt,1020839134
Move_Operation_New_Component_New_Node,findAll,New-Component_truutgxpmc,New-Node_btqlulcktp,615529638
UMLCloneNode,container-station,container-station_oulnfgewbt,,393819060
UMLCloneNode,container-rebook,container-rebook_vkdtpbxeuc,,489023072
Move_Operation_New_Component_New_Node,updateUser,New-Component_wdaacrsodc,New-Node_vdijsicgrt,626102002
Move_Operation_New_Component_New_Node,findAll,New-Component_truutgxpmc,New-Node_btqlulcktp,567559292
UMLCloneNode,container-station,container-station_oulnfgewbt,,397266815
UMLCloneNode,container-rebook,container-rebook_vkdtpbxeuc,,550678389
Move_Operation_New_Component_New_Node,updateUser,New-Component_wdaacrsodc,New-Node_vdijsicgrt,751826241
Move_Operation_New_Component_New_Node,findAll,New-Component_truutgxpmc,New-Node_btqlulcktp,741920067
UMLCloneNode,container-station,container-station_oulnfgewbt,,554156340
UMLCloneNode,container-admin-user,container-admin-user_trdujmiiju,,517505508
Move_Operation_New_Component_New_Node,rebook,New-Component_thndjfvubh,New-Node_ukwnowhbhh,719625082
Move_Operation_New_Component_New_Node,rebook,New-Component_occadfsret,New-Node_qqpvhwlaij,654999887
Move_Operation_New_Component_New_Node,findAll,New-Component_hsfchvdfjr,New-Node_uqihivzqtw,676605989
Move_Operation_New_Component_New_Node,generate,New-Component_ysbuplxlqd,New-Node_pafqnjdwch,725637747
Move_Operation_New_Component_New_Node,updateUser,New-Component_wdaacrsodc,New-Node_vdijsicgrt,699173965
Move_Operation_New_Component_New_Node,findAll,New-Component_truutgxpmc,New-Node_btqlulcktp,675856614
Move_Operation_Component,modify,Admin-user,,277637804
UMLCloneNode,New-Node_hnvpusxult,New-Node_hnvpusxult_lldpyjjbvc,,318851973
Move_Operation_Component,modify,Order-other,,281271458
Move_Operation_New_Component_New_Node,rebook,New-Component_occadfsret,New-Node_qqpvhwlaij,663992719
UMLCloneNode,container-order-other,container-order-other_fzfqmofkfn,,372121817
Move_Operation_New_Component_New_Node,login,New-Component_zlecysshzh,New-Node_hjdoogmgcz,646598724
Move_Operation_New_Component_New_Node,updateUser,New-Component_wdaacrsodc,New-Node_vdijsicgrt,610048611
Move_Operation_New_Component_New_Node,findAll,New-Component_truutgxpmc,New-Node_btqlulcktp,582820267
Move_Operation_Component,modify,Admin-user,,243708195
Move_Operation_New_Component_New_Node,login,New-Component_sjpfpmzrbf,New-Node_uvzqpmiqrz,766699048
Move_Operation_New_Component_New_Node,updateUser,New-Component_wdaacrsodc,New-Node_vdijsicgrt,720384667
Move_Operation_New_Component_New_Node,findAll,New-Component_truutgxpmc,New-Node_btqlulcktp,637630478
UMLCloneNode,container-station,container-station_oulnfgewbt,,517951735
Move_Operation_New_Component_New_Node,findAll,New-Component_ztkzovccnx,New-Node_awanusoysv,773168639
Move_Operation_New_Component_New_Node,rebook,New-Component_kxqrncitdi,New-Node_podiaasgmq,1100648630
Move_Operation_New_Component_New_Node,rebook,New-Component_occadfsret,New-Node_qqpvhwlaij,611837645
Move_Operation_New_Component_New_Node,findAll,New-Component_hsfchvdfjr,New-Node_uqihivzqtw,608506660
UMLCloneNode,New-Node_ehmqkxxhxy,New-Node_ehmqkxxhxy_snovvrfgqo,,257860431
Move_Operation_New_Component_New_Node,updateUser,New-Component_wdaacrsodc,New-Node_vdijsicgrt,656914838
Move_Operation_New_Component_New_Node,findAll,New-Component_truutgxpmc,New-Node_btqlulcktp,642443453
Move_Operation_Component,modify,Admin-user,,251075559
Move_Operation_New_Component_New_Node,getByID,New-Component_xpejkxpkvr,New-Node_maeexhhuzk,679550701
Move_Operation_New_Component_New_Node,rebook,New-Component_kxqrncitdi,New-Node_podiaasgmq,716505804
Move_Operation_New_Component_New_Node,rebook,New-Component_occadfsret,New-Node_qqpvhwlaij,646707168
Move_Operation_New_Component_New_Node,findAll,New-Component_hsfchvdfjr,New-Node_uqihivzqtw,721273773
UMLCloneNode,New-Node_ehmqkxxhxy,New-Node_ehmqkxxhxy_snovvrfgqo,,314349010
Move_Operation_New_Component_New_Node,updateUser,New-Component_wdaacrsodc,New-Node_vdijsicgrt,693039754
Move_Operation_New_Component_New_Node,findAll,New-Component_truutgxpmc,New-Node_btqlulcktp,677957574
Move_Operation_Component,modify,Admin-user,,241874557
UMLCloneNode,New-Node_ehmqkxxhxy,New-Node_ehmqkxxhxy_snovvrfgqo,,318574974
Move_Operation_New_Component_New_Node,updateUser,New-Component_wdaacrsodc,New-Node_vdijsicgrt,687837970
Move_Operation_New_Component_New_Node,findAll,New-Component_truutgxpmc,New-Node_btqlulcktp,675930032
Move_Operation_Component,modify,Admin-user,,275055923
Move_Operation_New_Component_New_Node,generate,New-Component_ysbuplxlqd,New-Node_pafqnjdwch,732129328
Move_Operation_New_Component_New_Node,updateUser,New-Component_wdaacrsodc,New-Node_vdijsicgrt,701509996
Move_Operation_New_Component_New_Node,findAll,New-Component_truutgxpmc,New-Node_btqlulcktp,645689600
Move_Operation_Component,modify,Admin-user,,282468202
UMLCloneNode,container-sso,container-sso_gytuoefomq,,498107887
Move_Operation_New_Component_New_Node,getByID,New-Component_qsmdspkcgt,New-Node_ipqrjtgezy,787804061
Move_Component_New_Node,Verification,New-Node_qmhwpfwcrm,,658610377
Move_Operation_New_Component_New_Node,login,New-Component_jbggcpavez,New-Node_sqyktafyhp,715163347
UMLCloneNode,container-sso,container-sso_gytuoefomq,,541766528
Move_Operation_New_Component_New_Node,getByID,New-Component_qsmdspkcgt,New-Node_ipqrjtgezy,705936175
Move_Component_New_Node,Verification,New-Node_qmhwpfwcrm,,545750228
Move_Operation_New_Component_New_Node,login,New-Component_jbggcpavez,New-Node_sqyktafyhp,893110236
Move_Component_New_Node,New-Component_xcbmkvvgnw,New-Node_fckvwjojit,,684350351
Move_Operation_New_Component_New_Node,rebook,New-Component_thndjfvubh,New-Node_ukwnowhbhh,695194333
Move_Operation_New_Component_New_Node,rebook,New-Component_occadfsret,New-Node_qqpvhwlaij,652843343
Move_Operation_New_Component_New_Node,findAll,New-Component_hsfchvdfjr,New-Node_uqihivzqtw,658814780
Move_Operation_New_Component_New_Node,login,New-Component_zlecysshzh,New-Node_hjdoogmgcz,792565409
Move_Operation_New_Component_New_Node,updateUser,New-Component_wdaacrsodc,New-Node_vdijsicgrt,680295768
Move_Operation_New_Component_New_Node,findAll,New-Component_truutgxpmc,New-Node_btqlulcktp,660652125
Move_Operation_Component,modify,Admin-user,,255589442
Move_Component_New_Node,New-Component_xcbmkvvgnw,New-Node_fckvwjojit,,337095271
Move_Operation_New_Component_New_Node,rebook,New-Component_thndjfvubh,New-Node_ukwnowhbhh,674211028
Move_Operation_New_Component_New_Node,rebook,New-Component_occadfsret,New-Node_qqpvhwlaij,801276032
Move_Operation_New_Component_New_Node,findAll,New-Component_hsfchvdfjr,New-Node_uqihivzqtw,779314032
UMLCloneNode,container-verification,container-verification_lettpcufan,,484237259
Move_Operation_New_Component_New_Node,updateUser,New-Component_wdaacrsodc,New-Node_vdijsicgrt,776521135
Move_Operation_New_Component_New_Node,findAll,New-Component_truutgxpmc,New-Node_btqlulcktp,668069072
Move_Operation_Component,generate,Rebook,,272090514
Move_Operation_New_Component_New_Node,updateUser,New-Component_mexvblrnuq,New-Node_nwiajnvqhv,702798001
Move_Operation_New_Component_New_Node,getByID,New-Component_qsmdspkcgt,New-Node_ipqrjtgezy,648829016
Move_Component_New_Node,Verification,New-Node_qmhwpfwcrm,,548015677
Move_Operation_New_Component_New_Node,login,New-Component_jbggcpavez,New-Node_sqyktafyhp,741065334
UMLCloneNode,container-rebook_hzkqumhsfv,container-rebook_hzkqumhsfv_ebpsnrsamz,,260462260
Move_Operation_New_Component_New_Node,updateUser,New-Component_wdaacrsodc,New-Node_vdijsicgrt,681819415
Move_Operation_New_Component_New_Node,findAll,New-Component_truutgxpmc,New-Node_btqlulcktp,654054574
Move_Operation_Component,modify,Admin-user,,249209681
UMLCloneNode,container-rebook,container-rebook_vkdtpbxeuc,,505916288
Move_Operation_New_Component_New_Node,updateUser,New-Component_wdaacrsodc,New-Node_vdijsicgrt,675916657
Move_Operation_New_Component_New_Node,findAll,New-Component_truutgxpmc,New-Node_btqlulcktp,682814620
UMLCloneNode,container-station,container-station_oulnfgewbt,,462680679
UMLCloneNode,container-admin-user,container-admin-user_trdujmiiju,,587200670
Move_Operation_New_Component_New_Node,rebook,New-Component_thndjfvubh,New-Node_ukwnowhbhh,747190128
Move_Operation_New_Component_New_Node,rebook,New-Component_occadfsret,New-Node_qqpvhwlaij,749408027
Move_Operation_New_Component_New_Node,findAll,New-Component_hsfchvdfjr,New-Node_uqihivzqtw,722223024
UMLCloneNode,container-rebook_hzkqumhsfv,container-rebook_hzkqumhsfv_ebpsnrsamz,,231093662
Move_Operation_New_Component_New_Node,updateUser,New-Component_wdaacrsodc,New-Node_vdijsicgrt,1037107988
Move_Operation_New_Component_New_Node,findAll,New-Component_truutgxpmc,New-Node_btqlulcktp,630131056
Move_Operation_Component,modify,Admin-user,,243255576
UMLCloneNode,container-sso,container-sso_gytuoefomq,,597501083
Move_Operation_New_Component_New_Node,getByID,New-Component_qsmdspkcgt,New-Node_ipqrjtgezy,746862554
Move_Component_New_Node,Verification,New-Node_qmhwpfwcrm,,589549555
Move_Operation_New_Component_New_Node,login,New-Component_jbggcpavez,New-Node_sqyktafyhp,771787280
UMLCloneNode,container-verification,container-verification_lettpcufan,,538225790
Move_Operation_New_Component_New_Node,updateUser,New-Component_wdaacrsodc,New-Node_vdijsicgrt,691560490
Move_Operation_New_Component_New_Node,findAll,New-Component_truutgxpmc,New-Node_btqlulcktp,750578541
Move_Operation_Component,modify,Admin-user,,313746070
UMLCloneNode,container-sso,container-sso_gytuoefomq,,621457353
Move_Operation_New_Component_New_Node,getByID,New-Component_qsmdspkcgt,New-Node_ipqrjtgezy,759155664
Move_Component_New_Node,Verification,New-Node_qmhwpfwcrm,,585248640
Move_Operation_New_Component_New_Node,login,New-Component_jbggcpavez,New-Node_sqyktafyhp,875560970
UMLCloneNode,container-rebook,container-rebook_vkdtpbxeuc,,547276560
Move_Operation_New_Component_New_Node,updateUser,New-Component_wdaacrsodc,New-Node_vdijsicgrt,707312897
Move_Operation_New_Component_New_Node,findAll,New-Component_truutgxpmc,New-Node_btqlulcktp,729100810
UMLCloneNode,container-station,container-station_oulnfgewbt,,475108782
UMLCloneNode,container-rebook_hzkqumhsfv,container-rebook_hzkqumhsfv_ebpsnrsamz,,293939812
Move_Operation_New_Component_New_Node,updateUser,New-Component_wdaacrsodc,New-Node_vdijsicgrt,697393988
Move_Operation_New_Component_New_Node,findAll,New-Component_truutgxpmc,New-Node_btqlulcktp,721354626
Move_Operation_Component,modify,Admin-user,,312760862
Move_Operation_New_Component_New_Node,updateUser,New-Component_mexvblrnuq,New-Node_nwiajnvqhv,780104785
Move_Operation_New_Component_New_Node,getByID,New-Component_qsmdspkcgt,New-Node_ipqrjtgezy,657361806
Move_Component_New_Node,Verification,New-Node_qmhwpfwcrm,,523221075
Move_Operation_New_Component_New_Node,login,New-Component_jbggcpavez,New-Node_sqyktafyhp,676312769
Move_Operation_New_Component_New_Node,updateUser,New-Component_mexvblrnuq,New-Node_nwiajnvqhv,753361049
Move_Operation_New_Component_New_Node,getByID,New-Component_qsmdspkcgt,New-Node_ipqrjtgezy,683074398
Move_Component_New_Node,Verification,New-Node_qmhwpfwcrm,,522846362
Move_Operation_New_Component_New_Node,login,New-Component_jbggcpavez,New-Node_sqyktafyhp,708368906
Move_Operation_New_Component_New_Node,getByID,New-Component_xpejkxpkvr,New-Node_maeexhhuzk,791391107
Move_Operation_New_Component_New_Node,rebook,New-Component_kxqrncitdi,New-Node_podiaasgmq,791548012
Move_Operation_New_Component_New_Node,rebook,New-Component_occadfsret,New-Node_qqpvhwlaij,753948780
Move_Operation_New_Component_New_Node,findAll,New-Component_hsfchvdfjr,New-Node_uqihivzqtw,1004930615
Move_Operation_New_Component_New_Node,getByID,New-Component_xpejkxpkvr,New-Node_maeexhhuzk,842201049
Move_Operation_New_Component_New_Node,rebook,New-Component_kxqrncitdi,New-Node_podiaasgmq,835922485
Move_Operation_New_Component_New_Node,rebook,New-Component_occadfsret,New-Node_qqpvhwlaij,703256510
Move_Operation_New_Component_New_Node,findAll,New-Component_hsfchvdfjr,New-Node_uqihivzqtw,654400233
Move_Operation_New_Component_New_Node,updateUser,New-Component_mexvblrnuq,New-Node_nwiajnvqhv,785454266
Move_Operation_New_Component_New_Node,getByID,New-Component_qsmdspkcgt,New-Node_ipqrjtgezy,694996964
Move_Component_New_Node,Verification,New-Node_qmhwpfwcrm,,524919420
Move_Operation_New_Component_New_Node,login,New-Component_jbggcpavez,New-Node_sqyktafyhp,732522115
Move_Operation_New_Component_New_Node,getByID,New-Component_xpejkxpkvr,New-Node_maeexhhuzk,789056710
Move_Operation_New_Component_New_Node,rebook,New-Component_kxqrncitdi,New-Node_podiaasgmq,759395334
Move_Operation_New_Component_New_Node,rebook,New-Component_occadfsret,New-Node_qqpvhwlaij,671206906
Move_Operation_New_Component_New_Node,findAll,New-Component_hsfchvdfjr,New-Node_uqihivzqtw,620370164
Move_Operation_New_Component_New_Node,rebook,New-Component_mczgakqqwk,New-Node_zzwzkcpish,758408423
Move_Operation_New_Component_New_Node,rebook,New-Component_thndjfvubh,New-Node_ukwnowhbhh,694989099
Move_Operation_New_Component_New_Node,rebook,New-Component_occadfsret,New-Node_qqpvhwlaij,656150614
Move_Operation_New_Component_New_Node,findAll,New-Component_hsfchvdfjr,New-Node_uqihivzqtw,646887185
Move_Operation_New_Component_New_Node,login,New-Component_zlecysshzh,New-Node_hjdoogmgcz,898310366
Move_Operation_New_Component_New_Node,updateUser,New-Component_wdaacrsodc,New-Node_vdijsicgrt,760108741
Move_Operation_New_Component_New_Node,findAll,New-Component_truutgxpmc,New-Node_btqlulcktp,736184231
Move_Operation_Component,modify,Admin-user,,292382111
Move_Component_New_Node,Login,New-Node_ytvtoczwko,,575415803
Move_Operation_New_Component_New_Node,rebook,New-Component_thndjfvubh,New-Node_ukwnowhbhh,742913910
Move_Operation_New_Component_New_Node,rebook,New-Component_occadfsret,New-Node_qqpvhwlaij,740179472
Move_Operation_New_Component_New_Node,findAll,New-Component_hsfchvdfjr,New-Node_uqihivzqtw,660921460
Move_Operation_New_Component_New_Node,generate,New-Component_ysbuplxlqd,New-Node_pafqnjdwch,767675349
Move_Operation_New_Component_New_Node,updateUser,New-Component_wdaacrsodc,New-Node_vdijsicgrt,681843600
Move_Operation_New_Component_New_Node,findAll,New-Component_truutgxpmc,New-Node_btqlulcktp,683384410
Move_Operation_Component,modify,Admin-user,,271528129
Move_Operation_New_Component_New_Node,generate,New-Component_ysbuplxlqd,New-Node_pafqnjdwch,799293044
Move_Operation_New_Component_New_Node,updateUser,New-Component_wdaacrsodc,New-Node_vdijsicgrt,806533891
Move_Operation_New_Component_New_Node,findAll,New-Component_truutgxpmc,New-Node_btqlulcktp,1138194881
Move_Operation_Component,modify,Admin-user,,264597323
UMLCloneNode,container-rebook,container-rebook_vkdtpbxeuc,,611413601
Move_Operation_New_Component_New_Node,updateUser,New-Component_wdaacrsodc,New-Node_vdijsicgrt,766671777
Move_Operation_New_Component_New_Node,findAll,New-Component_truutgxpmc,New-Node_btqlulcktp,689886030
UMLCloneNode,container-station,container-station_oulnfgewbt,,575507615
Move_Component_New_Node,Route-plan,New-Node_jkajlxmhuy,,608360706
Move_Operation_New_Component_New_Node,updateUser,New-Component_wdaacrsodc,New-Node_vdijsicgrt,676812086
Move_Operation_New_Component_New_Node,findAll,New-Component_truutgxpmc,New-Node_btqlulcktp,599247939
Move_Operation_Component,modify,Admin-user,,305953438
UMLCloneNode,container-admin-user,container-admin-user_trdujmiiju,,495529783
Move_Operation_New_Component_New_Node,rebook,New-Component_thndjfvubh,New-Node_ukwnowhbhh,795050318
Move_Operation_New_Component_New_Node,rebook,New-Component_occadfsret,New-Node_qqpvhwlaij,740656818
Move_Operation_New_Component_New_Node,findAll,New-Component_hsfchvdfjr,New-Node_uqihivzqtw,728132474
Move_Component_New_Node,New-Component_xcbmkvvgnw,New-Node_fckvwjojit,,313943530
Move_Operation_New_Component_New_Node,rebook,New-Component_thndjfvubh,New-Node_ukwnowhbhh,717303189
Move_Operation_New_Component_New_Node,rebook,New-Component_occadfsret,New-Node_qqpvhwlaij,682064134
Move_Operation_New_Component_New_Node,findAll,New-Component_hsfchvdfjr,New-Node_uqihivzqtw,668692041
Move_Component_New_Node,New-Component_fnvayivnwy,New-Node_ttgvqmeset,,239165327
Move_Operation_New_Component_New_Node,rebook,New-Component_thndjfvubh,New-Node_ukwnowhbhh,699016770
Move_Operation_New_Component_New_Node,rebook,New-Component_occadfsret,New-Node_qqpvhwlaij,683983513
Move_Operation_New_Component_New_Node,findAll,New-Component_hsfchvdfjr,New-Node_uqihivzqtw,654664828
UMLCloneNode,container-admin-user,container-admin-user_trdujmiiju,,548252831
Move_Operation_New_Component_New_Node,rebook,New-Component_thndjfvubh,New-Node_ukwnowhbhh,827680591
Move_Operation_New_Component_New_Node,rebook,New-Component_occadfsret,New-Node_qqpvhwlaij,644842561
Move_Operation_New_Component_New_Node,findAll,New-Component_hsfchvdfjr,New-Node_uqihivzqtw,658859013
UMLCloneNode,container-rebook,container-rebook_vkdtpbxeuc,,504362074
Move_Operation_New_Component_New_Node,updateUser,New-Component_wdaacrsodc,New-Node_vdijsicgrt,696869785
Move_Operation_New_Component_New_Node,findAll,New-Component_truutgxpmc,New-Node_btqlulcktp,635081870
UMLCloneNode,container-station,container-station_oulnfgewbt,,473502561
Move_Operation_New_Component_New_Node,updateUser,New-Component_mexvblrnuq,New-Node_nwiajnvqhv,761725583
Move_Operation_New_Component_New_Node,getByID,New-Component_qsmdspkcgt,New-Node_ipqrjtgezy,752095877
Move_Component_New_Node,Verification,New-Node_qmhwpfwcrm,,577044978
Move_Operation_New_Component_New_Node,login,New-Component_jbggcpavez,New-Node_sqyktafyhp,755043103
Move_Operation_New_Component_New_Node,getByID,New-Component_xpejkxpkvr,New-Node_maeexhhuzk,720546970
Move_Operation_New_Component_New_Node,rebook,New-Component_kxqrncitdi,New-Node_podiaasgmq,817586525
Move_Operation_New_Component_New_Node,rebook,New-Component_occadfsret,New-Node_qqpvhwlaij,796474078
Move_Operation_New_Component_New_Node,findAll,New-Component_hsfchvdfjr,New-Node_uqihivzqtw,709334056
Move_Component_New_Node,New-Component_xcbmkvvgnw,New-Node_fckvwjojit,,258780817
Move_Operation_New_Component_New_Node,rebook,New-Component_thndjfvubh,New-Node_ukwnowhbhh,898680590
Move_Operation_New_Component_New_Node,rebook,New-Component_occadfsret,New-Node_qqpvhwlaij,812096641
Move_Operation_New_Component_New_Node,findAll,New-Component_hsfchvdfjr,New-Node_uqihivzqtw,713210104
UMLCloneNode,container-rebook_hzkqumhsfv,container-rebook_hzkqumhsfv_ebpsnrsamz,,284617241
Move_Operation_New_Component_New_Node,updateUser,New-Component_wdaacrsodc,New-Node_vdijsicgrt,663146842
Move_Operation_New_Component_New_Node,findAll,New-Component_truutgxpmc,New-Node_btqlulcktp,686081577
Move_Operation_Component,modify,Admin-user,,268434729
UMLCloneNode,container-rebook_hzkqumhsfv,container-rebook_hzkqumhsfv_ebpsnrsamz,,284379967
Move_Operation_New_Component_New_Node,updateUser,New-Component_wdaacrsodc,New-Node_vdijsicgrt,665663131
Move_Operation_New_Component_New_Node,findAll,New-Component_truutgxpmc,New-Node_btqlulcktp,678496895
Move_Operation_Component,modify,Admin-user,,275863197
UMLCloneNode,container-admin-user,container-admin-user_trdujmiiju,,562776173
Move_Operation_New_Component_New_Node,rebook,New-Component_thndjfvubh,New-Node_ukwnowhbhh,733095610
Move_Operation_New_Component_New_Node,rebook,New-Component_occadfsret,New-Node_qqpvhwlaij,733473549
Move_Operation_New_Component_New_Node,findAll,New-Component_hsfchvdfjr,New-Node_uqihivzqtw,737025539
Move_Operation_New_Component_New_Node,getByID,New-Component_xpejkxpkvr,New-Node_maeexhhuzk,763744659
Move_Operation_New_Component_New_Node,rebook,New-Component_kxqrncitdi,New-Node_podiaasgmq,721099356
Move_Operation_New_Component_New_Node,rebook,New-Component_occadfsret,New-Node_qqpvhwlaij,664724952
Move_Operation_New_Component_New_Node,findAll,New-Component_hsfchvdfjr,New-Node_uqihivzqtw,766666517
UMLCloneNode,container-verification,container-verification_lettpcufan,,518875387
Move_Operation_New_Component_New_Node,updateUser,New-Component_wdaacrsodc,New-Node_vdijsicgrt,723457649
Move_Operation_New_Component_New_Node,findAll,New-Component_truutgxpmc,New-Node_btqlulcktp,662818307
Move_Operation_Component,modify,Admin-user,,266630816
UMLCloneNode,container-verification,container-verification_lettpcufan,,461605343
Move_Component_New_Node,Rebook,New-Node_qtdgbrjejc,,538721419
Move_Operation_New_Component_New_Node,findAll,New-Component_truutgxpmc,New-Node_btqlulcktp,1092123274
Move_Operation_Component,modify,Admin-user,,297430347
UMLCloneNode,container-rebook,container-rebook_vkdtpbxeuc,,540393143
Move_Operation_New_Component_New_Node,updateUser,New-Component_wdaacrsodc,New-Node_vdijsicgrt,823661115
Move_Operation_New_Component_New_Node,findAll,New-Component_truutgxpmc,New-Node_btqlulcktp,823568682
UMLCloneNode,container-station,container-station_oulnfgewbt,,618337503
UMLCloneNode,container-verification,container-verification_lettpcufan,,556893543
Move_Operation_New_Component_New_Node,updateUser,New-Component_wdaacrsodc,New-Node_vdijsicgrt,691554118
Move_Operation_New_Component_New_Node,findAll,New-Component_truutgxpmc,New-Node_btqlulcktp,633303005
Move_Operation_Component,modify,Admin-user,,268014721
Move_Operation_New_Component_New_Node,getByID,New-Component_xpejkxpkvr,New-Node_maeexhhuzk,747445758
Move_Operation_New_Component_New_Node,rebook,New-Component_kxqrncitdi,New-Node_podiaasgmq,833246377
Move_Operation_New_Component_New_Node,rebook,New-Component_occadfsret,New-Node_qqpvhwlaij,750485107
Move_Operation_New_Component_New_Node,findAll,New-Component_hsfchvdfjr,New-Node_uqihivzqtw,731586801
UMLCloneNode,container-rebook,container-rebook_vkdtpbxeuc,,520761163
Move_Operation_New_Component_New_Node,updateUser,New-Component_wdaacrsodc,New-Node_vdijsicgrt,714068524
Move_Operation_New_Component_New_Node,findAll,New-Component_truutgxpmc,New-Node_btqlulcktp,638557045
UMLCloneNode,container-station,container-station_oulnfgewbt,,470063922
Move_Operation_New_Component_New_Node,updateUser,New-Component_mexvblrnuq,New-Node_nwiajnvqhv,714324623
Move_Operation_New_Component_New_Node,getByID,New-Component_qsmdspkcgt,New-Node_ipqrjtgezy,650207932
Move_Component_New_Node,Verification,New-Node_qmhwpfwcrm,,517677080
Move_Operation_New_Component_New_Node,login,New-Component_jbggcpavez,New-Node_sqyktafyhp,686715475
UMLCloneNode,container-admin-user,container-admin-user_trdujmiiju,,561484100
Move_Operation_New_Component_New_Node,rebook,New-Component_thndjfvubh,New-Node_ukwnowhbhh,733686398
Move_Operation_New_Component_New_Node,rebook,New-Component_occadfsret,New-Node_qqpvhwlaij,657724746
Move_Operation_New_Component_New_Node,findAll,New-Component_hsfchvdfjr,New-Node_uqihivzqtw,672461949
Move_Operation_New_Component_New_Node,modify,New-Component_wenqzlxxdc,New-Node_eqfzxqjkxm,653935031
Move_Operation_New_Component_New_Node,getByID,New-Component_qsmdspkcgt,New-Node_ipqrjtgezy,598647063
Move_Component_New_Node,Verification,New-Node_qmhwpfwcrm,,509983063
Move_Operation_New_Component_New_Node,login,New-Component_jbggcpavez,New-Node_sqyktafyhp,621814863
Move_Component_New_Node,New-Component_xcbmkvvgnw,New-Node_fckvwjojit,,230609745
Move_Operation_New_Component_New_Node,rebook,New-Component_thndjfvubh,New-Node_ukwnowhbhh,726174233
Move_Operation_New_Component_New_Node,rebook,New-Component_occadfsret,New-Node_qqpvhwlaij,1016962665
Move_Operation_New_Component_New_Node,findAll,New-Component_hsfchvdfjr,New-Node_uqihivzqtw,676764777
UMLCloneNode,container-rebook_hzkqumhsfv,container-rebook_hzkqumhsfv_ebpsnrsamz,,294271464
Move_Operation_New_Component_New_Node,updateUser,New-Component_wdaacrsodc,New-Node_vdijsicgrt,688121151
Move_Operation_New_Component_New_Node,findAll,New-Component_truutgxpmc,New-Node_btqlulcktp,706495263
Move_Operation_Component,modify,Admin-user,,326711861
Move_Component_New_Node,New-Component_xcbmkvvgnw,New-Node_fckvwjojit,,286828438
Move_Operation_New_Component_New_Node,rebook,New-Component_thndjfvubh,New-Node_ukwnowhbhh,674605799
Move_Operation_New_Component_New_Node,rebook,New-Component_occadfsret,New-Node_qqpvhwlaij,637654333
Move_Operation_New_Component_New_Node,findAll,New-Component_hsfchvdfjr,New-Node_uqihivzqtw,633900755
Move_Component_New_Node,New-Component_xcbmkvvgnw,New-Node_fckvwjojit,,345536217
Move_Operation_New_Component_New_Node,rebook,New-Component_thndjfvubh,New-Node_ukwnowhbhh,804286005
Move_Operation_New_Component_New_Node,rebook,New-Component_occadfsret,New-Node_qqpvhwlaij,721429536
Move_Operation_New_Component_New_Node,findAll,New-Component_hsfchvdfjr,New-Node_uqihivzqtw,777036602
Move_Operation_New_Component_New_Node,rebook,New-Component_bpzxbftjaa,New-Node_halugxuhob,740140730
Move_Operation_New_Component_New_Node,rebook,New-Component_thndjfvubh,New-Node_ukwnowhbhh,668557779
Move_Operation_New_Component_New_Node,rebook,New-Component_occadfsret,New-Node_qqpvhwlaij,634141797
Move_Operation_New_Component_New_Node,findAll,New-Component_hsfchvdfjr,New-Node_uqihivzqtw,739723698
UMLCloneNode,container-verification,container-verification_lettpcufan,,532457474
Move_Operation_New_Component_New_Node,updateUser,New-Component_wdaacrsodc,New-Node_vdijsicgrt,731758493
Move_Operation_New_Component_New_Node,findAll,New-Component_truutgxpmc,New-Node_btqlulcktp,692250674
UMLCloneNode,container-admin-user,container-admin-user_ahmypccmev,,572130202
UMLCloneNode,container-rebook,container-rebook_vkdtpbxeuc,,521429295
Move_Operation_New_Component_New_Node,updateUser,New-Component_wdaacrsodc,New-Node_vdijsicgrt,684380146
Move_Operation_New_Component_New_Node,findAll,New-Component_truutgxpmc,New-Node_btqlulcktp,656950414
UMLCloneNode,container-station,container-station_oulnfgewbt,,561190610
UMLCloneNode,container-sso,container-sso_gytuoefomq,,573478670
Move_Operation_New_Component_New_Node,getByID,New-Component_qsmdspkcgt,New-Node_ipqrjtgezy,696811425
Move_Component_New_Node,Verification,New-Node_qmhwpfwcrm,,564349012
Move_Operation_New_Component_New_Node,login,New-Component_jbggcpavez,New-Node_sqyktafyhp,733469501
UMLCloneNode,container-admin-user,container-admin-user_trdujmiiju,,497483166
Move_Operation_New_Component_New_Node,rebook,New-Component_thndjfvubh,New-Node_ukwnowhbhh,993002178
Move_Operation_New_Component_New_Node,rebook,New-Component_occadfsret,New-Node_qqpvhwlaij,701736060
Move_Operation_New_Component_New_Node,findAll,New-Component_hsfchvdfjr,New-Node_uqihivzqtw,730461180
UMLCloneNode,container-admin-user,container-admin-user_trdujmiiju,,553511962
Move_Operation_New_Component_New_Node,rebook,New-Component_thndjfvubh,New-Node_ukwnowhbhh,706582076
Move_Operation_New_Component_New_Node,rebook,New-Component_occadfsret,New-Node_qqpvhwlaij,646080703
Move_Operation_New_Component_New_Node,findAll,New-Component_hsfchvdfjr,New-Node_uqihivzqtw,775232459
UMLCloneNode,container-admin-user,container-admin-user_trdujmiiju,,574473326
Move_Operation_New_Component_New_Node,rebook,New-Component_thndjfvubh,New-Node_ukwnowhbhh,708023308
Move_Operation_New_Component_New_Node,rebook,New-Component_occadfsret,New-Node_qqpvhwlaij,653883764
Move_Operation_New_Component_New_Node,findAll,New-Component_hsfchvdfjr,New-Node_uqihivzqtw,666183918
UMLCloneNode,container-rebook,container-rebook_vkdtpbxeuc,,517793378
Move_Operation_New_Component_New_Node,updateUser,New-Component_wdaacrsodc,New-Node_vdijsicgrt,678645794
Move_Operation_New_Component_New_Node,findAll,New-Component_truutgxpmc,New-Node_btqlulcktp,655025004
UMLCloneNode,container-station,container-station_oulnfgewbt,,457094825
Move_Operation_New_Component_New_Node,generate,New-Component_ysbuplxlqd,New-Node_pafqnjdwch,743332194
Move_Operation_New_Component_New_Node,updateUser,New-Component_wdaacrsodc,New-Node_vdijsicgrt,741498576
Move_Operation_New_Component_New_Node,findAll,New-Component_truutgxpmc,New-Node_btqlulcktp,664413377
Move_Operation_Component,modify,Admin-user,,258083109
Move_Operation_Component,generate,Rebook,,375864855
Move_Operation_New_Component_New_Node,rebook,New-Component_thndjfvubh,New-Node_ukwnowhbhh,741627297
Move_Operation_New_Component_New_Node,rebook,New-Component_occadfsret,New-Node_qqpvhwlaij,671090127
Move_Operation_New_Component_New_Node,findAll,New-Component_hsfchvdfjr,New-Node_uqihivzqtw,646208663
Move_Component_New_Node,Route-plan,New-Node_ywxznxdoed,,544695080
Move_Operation_New_Component_New_Node,rebook,New-Component_thndjfvubh,New-Node_ukwnowhbhh,717061586
Move_Operation_New_Component_New_Node,rebook,New-Component_occadfsret,New-Node_qqpvhwlaij,634683592
Move_Operation_New_Component_New_Node,findAll,New-Component_hsfchvdfjr,New-Node_uqihivzqtw,656367191
UMLCloneNode,container-verification,container-verification_pgcmutvvhd,,527245933
Move_Operation_New_Component_New_Node,rebook,New-Component_thndjfvubh,New-Node_ukwnowhbhh,696369697
Move_Operation_New_Component_New_Node,rebook,New-Component_occadfsret,New-Node_qqpvhwlaij,628947748
Move_Operation_New_Component_New_Node,findAll,New-Component_hsfchvdfjr,New-Node_uqihivzqtw,637881650
UMLCloneNode,container-rebook,container-rebook_vkdtpbxeuc,,534152542
Move_Operation_New_Component_New_Node,updateUser,New-Component_wdaacrsodc,New-Node_vdijsicgrt,678639623
Move_Operation_New_Component_New_Node,findAll,New-Component_truutgxpmc,New-Node_btqlulcktp,992709880
UMLCloneNode,container-station,container-station_oulnfgewbt,,468862420
Move_Component_New_Node,New-Component_xcbmkvvgnw,New-Node_fckvwjojit,,306859477
Move_Operation_New_Component_New_Node,rebook,New-Component_thndjfvubh,New-Node_ukwnowhbhh,737689454
Move_Operation_New_Component_New_Node,rebook,New-Component_occadfsret,New-Node_qqpvhwlaij,707857427
Move_Operation_New_Component_New_Node,findAll,New-Component_hsfchvdfjr,New-Node_uqihivzqtw,660367963
Move_Operation_New_Component_New_Node,login,New-Component_zlecysshzh,New-Node_hjdoogmgcz,730988479
Move_Operation_New_Component_New_Node,updateUser,New-Component_wdaacrsodc,New-Node_vdijsicgrt,706968551
Move_Operation_New_Component_New_Node,findAll,New-Component_truutgxpmc,New-Node_btqlulcktp,679183913
Move_Operation_Component,modify,Admin-user,,268153300
Move_Component_New_Node,New-Component_xcbmkvvgnw,New-Node_fckvwjojit,,344604801
Move_Operation_New_Component_New_Node,rebook,New-Component_thndjfvubh,New-Node_ukwnowhbhh,777997323
Move_Operation_New_Component_New_Node,rebook,New-Component_occadfsret,New-Node_qqpvhwlaij,673129311
Move_Operation_New_Component_New_Node,findAll,New-Component_hsfchvdfjr,New-Node_uqihivzqtw,650976473
UMLCloneNode,container-rebook_hzkqumhsfv,container-rebook_hzkqumhsfv_ebpsnrsamz,,269297606
Move_Operation_New_Component_New_Node,updateUser,New-Component_wdaacrsodc,New-Node_vdijsicgrt,675459239
Move_Operation_New_Component_New_Node,findAll,New-Component_truutgxpmc,New-Node_btqlulcktp,680680379
Move_Operation_Component,modify,Admin-user,,270315805
Move_Operation_New_Component_New_Node,login,New-Component_zlecysshzh,New-Node_hjdoogmgcz,733080522
Move_Operation_New_Component_New_Node,updateUser,New-Component_wdaacrsodc,New-Node_vdijsicgrt,699529643
Move_Operation_New_Component_New_Node,findAll,New-Component_truutgxpmc,New-Node_btqlulcktp,630222759
Move_Operation_Component,modify,Admin-user,,263317974
Move_Operation_New_Component_New_Node,getByID,New-Component_xpejkxpkvr,New-Node_maeexhhuzk,694537031
Move_Operation_New_Component_New_Node,rebook,New-Component_kxqrncitdi,New-Node_podiaasgmq,735123182
Move_Operation_New_Component_New_Node,rebook,New-Component_occadfsret,New-Node_qqpvhwlaij,698711950
Move_Operation_New_Component_New_Node,findAll,New-Component_hsfchvdfjr,New-Node_uqihivzqtw,614356358
UMLCloneNode,container-verification,container-verification_lettpcufan,,570458678
Move_Operation_New_Component_New_Node,updateUser,New-Component_wdaacrsodc,New-Node_vdijsicgrt,709875521
Move_Operation_New_Component_New_Node,findAll,New-Component_truutgxpmc,New-Node_btqlulcktp,644107173
Move_Operation_Component,modify,Admin-user,,267069729
UMLCloneNode,container-rebook,container-rebook_vkdtpbxeuc,,492350381
Move_Operation_New_Component_New_Node,updateUser,New-Component_wdaacrsodc,New-Node_vdijsicgrt,739191861
Move_Operation_New_Component_New_Node,findAll,New-Component_truutgxpmc,New-Node_btqlulcktp,770435063
UMLCloneNode,container-station,container-station_oulnfgewbt,,583896034
UMLCloneNode,container-rebook,container-rebook_vkdtpbxeuc,,525666781
Move_Operation_New_Component_New_Node,updateUser,New-Component_wdaacrsodc,New-Node_vdijsicgrt,693436257
Move_Operation_New_Component_New_Node,findAll,New-Component_truutgxpmc,New-Node_btqlulcktp,645092079
UMLCloneNode,container-station,container-station_oulnfgewbt,,474013869
Move_Component_New_Node,New-Component_xcbmkvvgnw,New-Node_fckvwjojit,,325728056
Move_Operation_New_Component_New_Node,rebook,New-Component_thndjfvubh,New-Node_ukwnowhbhh,687190165
Move_Operation_New_Component_New_Node,rebook,New-Component_occadfsret,New-Node_qqpvhwlaij,656965122
Move_Operation_New_Component_New_Node,findAll,New-Component_hsfchvdfjr,New-Node_uqihivzqtw,669206445
Move_Component_New_Node,New-Component_xcbmkvvgnw,New-Node_fckvwjojit,,270127522
Move_Operation_New_Component_New_Node,rebook,New-Component_thndjfvubh,New-Node_ukwnowhbhh,698166556
Move_Operation_New_Component_New_Node,rebook,New-Component_occadfsret,New-Node_qqpvhwlaij,655344793
Move_Operation_New_Component_New_Node,findAll,New-Component_hsfchvdfjr,New-Node_uqihivzqtw,628403067
Move_Component_New_Node,Travel-plan,New-Node_cwgjbahkbh,,514967579
Move_Operation_New_Component_New_Node,updateUser,New-Component_wdaacrsodc,New-Node_vdijsicgrt,646471155
Move_Operation_New_Component_New_Node,findAll,New-Component_truutgxpmc,New-Node_btqlulcktp,640162867
Move_Operation_Component,modify,Admin-user,,269910576
Move_Operation_New_Component_New_Node,generate,New-Component_ysbuplxlqd,New-Node_pafqnjdwch,654032012
Move_Operation_New_Component_New_Node,updateUser,New-Component_wdaacrsodc,New-Node_vdijsicgrt,625128898
Move_Operation_New_Component_New_Node,findAll,New-Component_truutgxpmc,New-Node_btqlulcktp,615056060
Move_Operation_Component,modify,Admin-user,,293818003
UMLCloneNode,container-admin-user,container-admin-user_trdujmiiju,,600489256
Move_Operation_New_Component_New_Node,rebook,New-Component_thndjfvubh,New-Node_ukwnowhbhh,725003167
Move_Operation_New_Component_New_Node,rebook,New-Component_occadfsret,New-Node_qqpvhwlaij,650762412
Move_Operation_New_Component_New_Node,findAll,New-Component_hsfchvdfjr,New-Node_uqihivzqtw,682740782
UMLCloneNode,container-admin-user,container-admin-user_epumdwsziq,,590660157
Move_Operation_New_Component_New_Node,getByID,New-Component_qsmdspkcgt,New-Node_ipqrjtgezy,704609687
Move_Component_New_Node,Verification,New-Node_qmhwpfwcrm,,567632859
Move_Operation_New_Component_New_Node,login,New-Component_jbggcpavez,New-Node_sqyktafyhp,722391289
UMLCloneNode,container-admin-user,container-admin-user_epumdwsziq,,476101925
Move_Operation_New_Component_New_Node,getByID,New-Component_qsmdspkcgt,New-Node_ipqrjtgezy,617477290
Move_Component_New_Node,Verification,New-Node_qmhwpfwcrm,,925061035
Move_Operation_New_Component_New_Node,login,New-Component_jbggcpavez,New-Node_sqyktafyhp,680355239
Move_Operation_New_Component_New_Node,generate,New-Component_ysbuplxlqd,New-Node_pafqnjdwch,744826776
Move_Operation_New_Component_New_Node,updateUser,New-Component_wdaacrsodc,New-Node_vdijsicgrt,779500010
Move_Operation_New_Component_New_Node,findAll,New-Component_truutgxpmc,New-Node_btqlulcktp,740038248
Move_Operation_Component,modify,Admin-user,,278111673
UMLCloneNode,container-rebook,container-rebook_vkdtpbxeuc,,602285825
Move_Operation_New_Component_New_Node,updateUser,New-Component_wdaacrsodc,New-Node_vdijsicgrt,847922917
Move_Operation_New_Component_New_Node,findAll,New-Component_truutgxpmc,New-Node_btqlulcktp,766023191
UMLCloneNode,container-station,container-station_oulnfgewbt,,526191125
UMLCloneNode,container-admin-user,container-admin-user_epumdwsziq,,510364128
Move_Operation_New_Component_New_Node,getByID,New-Component_qsmdspkcgt,New-Node_ipqrjtgezy,685779991
Move_Component_New_Node,Verification,New-Node_qmhwpfwcrm,,511028613
Move_Operation_New_Component_New_Node,login,New-Component_jbggcpavez,New-Node_sqyktafyhp,734727750
UMLCloneNode,New-Node_hnvpusxult,New-Node_hnvpusxult_lldpyjjbvc,,292761031
Move_Operation_Component,modify,Order-other,,257051294
Move_Operation_New_Component_New_Node,rebook,New-Component_occadfsret,New-Node_qqpvhwlaij,680900692
UMLCloneNode,container-order-other,container-order-other_fzfqmofkfn,,498817647
Move_Operation_New_Component_New_Node,getByID,New-Component_xpejkxpkvr,New-Node_maeexhhuzk,737268184
Move_Operation_New_Component_New_Node,rebook,New-Component_kxqrncitdi,New-Node_podiaasgmq,718984050
Move_Operation_New_Component_New_Node,rebook,New-Component_occadfsret,New-Node_qqpvhwlaij,656473090
Move_Operation_New_Component_New_Node,findAll,New-Component_hsfchvdfjr,New-Node_uqihivzqtw,699355085
UMLCloneNode,container-rebook_hzkqumhsfv,container-rebook_hzkqumhsfv_ebpsnrsamz,,261341378
Move_Operation_New_Component_New_Node,updateUser,New-Component_wdaacrsodc,New-Node_vdijsicgrt,692983107
Move_Operation_New_Component_New_Node,findAll,New-Component_truutgxpmc,New-Node_btqlulcktp,647313505
Move_Operation_Component,modify,Admin-user,,260349408
Move_Operation_New_Component_New_Node,login,New-Component_zlecysshzh,New-Node_hjdoogmgcz,733998253
Move_Operation_New_Component_New_Node,updateUser,New-Component_wdaacrsodc,New-Node_vdijsicgrt,673594763
Move_Operation_New_Component_New_Node,findAll,New-Component_truutgxpmc,New-Node_btqlulcktp,658756661
Move_Operation_Component,modify,Admin-user,,274392018
UMLCloneNode,container-rebook,container-rebook_vkdtpbxeuc,,876234543
Move_Operation_New_Component_New_Node,updateUser,New-Component_wdaacrsodc,New-Node_vdijsicgrt,715428062
Move_Operation_New_Component_New_Node,findAll,New-Component_truutgxpmc,New-Node_btqlulcktp,671914623
UMLCloneNode,container-station,container-station_oulnfgewbt,,815823429
Move_Operation_New_Component_New_Node,findAll,New-Component_vundnvsodi,New-Node_luxncjaprs,679262180
Move_Operation_New_Component_New_Node,getByID,New-Component_qsmdspkcgt,New-Node_ipqrjtgezy,653102520
Move_Component_New_Node,Verification,New-Node_qmhwpfwcrm,,521130996
Move_Operation_New_Component_New_Node,login,New-Component_jbggcpavez,New-Node_sqyktafyhp,686203395
Move_Operation_New_Component_New_Node,findAll,New-Component_hepwdbhcxk,New-Node_qqvltmxhfo,683166731
Move_Operation_New_Component_New_Node,updateUser,New-Component_wdaacrsodc,New-Node_vdijsicgrt,654346261
Move_Operation_New_Component_New_Node,findAll,New-Component_truutgxpmc,New-Node_btqlulcktp,730268660
Move_Operation_Component,modify,Admin-user,,304072240
Move_Operation_New_Component_New_Node,updateUser,New-Component_mexvblrnuq,New-Node_nwiajnvqhv,668285117
Move_Operation_New_Component_New_Node,getByID,New-Component_qsmdspkcgt,New-Node_ipqrjtgezy,690511172
Move_Component_New_Node,Verification,New-Node_qmhwpfwcrm,,537168938
Move_Operation_New_Component_New_Node,login,New-Component_jbggcpavez,New-Node_sqyktafyhp,697166341
Move_Component_New_Node,New-Component_xcbmkvvgnw,New-Node_fckvwjojit,,336262710
Move_Operation_New_Component_New_Node,rebook,New-Component_thndjfvubh,New-Node_ukwnowhbhh,725453420
Move_Operation_New_Component_New_Node,rebook,New-Component_occadfsret,New-Node_qqpvhwlaij,642362751
Move_Operation_New_Component_New_Node,findAll,New-Component_hsfchvdfjr,New-Node_uqihivzqtw,639291674
UMLCloneNode,container-verification,container-verification_lettpcufan,,492730404
Move_Operation_New_Component_New_Node,getByID,New-Component_qsmdspkcgt,New-Node_ipqrjtgezy,655257570
Move_Component_New_Node,Verification,New-Node_qmhwpfwcrm,,539057479
Move_Operation_New_Component_New_Node,login,New-Component_jbggcpavez,New-Node_sqyktafyhp,696957400
UMLCloneNode,container-rebook,container-rebook_vkdtpbxeuc,,580271688
Move_Operation_New_Component_New_Node,updateUser,New-Component_wdaacrsodc,New-Node_vdijsicgrt,813133185
Move_Operation_New_Component_New_Node,findAll,New-Component_truutgxpmc,New-Node_btqlulcktp,776483275
UMLCloneNode,container-station,container-station_oulnfgewbt,,539286759
Move_Operation_New_Component_New_Node,getByID,New-Component_xpejkxpkvr,New-Node_maeexhhuzk,786073026
Move_Operation_New_Component_New_Node,rebook,New-Component_kxqrncitdi,New-Node_podiaasgmq,681778709
Move_Operation_New_Component_New_Node,rebook,New-Component_occadfsret,New-Node_qqpvhwlaij,641118118
Move_Operation_New_Component_New_Node,findAll,New-Component_hsfchvdfjr,New-Node_uqihivzqtw,656947699
Move_Component_New_Node,New-Component_xcbmkvvgnw,New-Node_fckvwjojit,,242216408
Move_Operation_New_Component_New_Node,rebook,New-Component_thndjfvubh,New-Node_ukwnowhbhh,713009678
Move_Operation_New_Component_New_Node,rebook,New-Component_occadfsret,New-Node_qqpvhwlaij,891067986
Move_Operation_New_Component_New_Node,findAll,New-Component_hsfchvdfjr,New-Node_uqihivzqtw,741104397
UMLCloneNode,container-rebook_hzkqumhsfv,container-rebook_hzkqumhsfv_ebpsnrsamz,,330907909
Move_Operation_New_Component_New_Node,updateUser,New-Component_wdaacrsodc,New-Node_vdijsicgrt,715828283
Move_Operation_New_Component_New_Node,findAll,New-Component_truutgxpmc,New-Node_btqlulcktp,642781737
Move_Operation_Component,modify,Admin-user,,270886365
UMLCloneNode,container-admin-user,container-admin-user_trdujmiiju,,515429566
Move_Operation_New_Component_New_Node,rebook,New-Component_thndjfvubh,New-Node_ukwnowhbhh,741498707
Move_Operation_New_Component_New_Node,rebook,New-Component_occadfsret,New-Node_qqpvhwlaij,694593998
Move_Operation_New_Component_New_Node,findAll,New-Component_hsfchvdfjr,New-Node_uqihivzqtw,689369712
Move_Operation_New_Component_New_Node,login,New-Component_zlecysshzh,New-Node_hjdoogmgcz,733259378
Move_Operation_New_Component_New_Node,updateUser,New-Component_wdaacrsodc,New-Node_vdijsicgrt,728712872
Move_Operation_New_Component_New_Node,findAll,New-Component_truutgxpmc,New-Node_btqlulcktp,711263594
Move_Operation_Component,modify,Admin-user,,258961997
Move_Component_New_Node,New-Component_xcbmkvvgnw,New-Node_fckvwjojit,,303015940
Move_Operation_New_Component_New_Node,rebook,New-Component_thndjfvubh,New-Node_ukwnowhbhh,743114577
Move_Operation_New_Component_New_Node,rebook,New-Component_occadfsret,New-Node_qqpvhwlaij,672862831
Move_Operation_New_Component_New_Node,findAll,New-Component_hsfchvdfjr,New-Node_uqihivzqtw,680709934
UMLCloneNode,container-admin-user,container-admin-user_trdujmiiju,,641733542
Move_Operation_New_Component_New_Node,rebook,New-Component_thndjfvubh,New-Node_ukwnowhbhh,681821539
Move_Operation_New_Component_New_Node,rebook,New-Component_occadfsret,New-Node_qqpvhwlaij,620098585
Move_Operation_New_Component_New_Node,findAll,New-Component_hsfchvdfjr,New-Node_uqihivzqtw,702296731
UMLCloneNode,container-admin-user,container-admin-user_epumdwsziq,,505054021
Move_Operation_New_Component_New_Node,getByID,New-Component_qsmdspkcgt,New-Node_ipqrjtgezy,668595239
Move_Component_New_Node,Verification,New-Node_qmhwpfwcrm,,598157435
Move_Operation_New_Component_New_Node,login,New-Component_jbggcpavez,New-Node_sqyktafyhp,807593988
Move_Component_New_Node,New-Component_xcbmkvvgnw,New-Node_fckvwjojit,,236103736
Move_Operation_New_Component_New_Node,rebook,New-Component_thndjfvubh,New-Node_ukwnowhbhh,714075045
Move_Operation_New_Component_New_Node,rebook,New-Component_occadfsret,New-Node_qqpvhwlaij,651966199
Move_Operation_New_Component_New_Node,findAll,New-Component_hsfchvdfjr,New-Node_uqihivzqtw,686788202
Move_Operation_New_Component_New_Node,login,New-Component_zlecysshzh,New-Node_hjdoogmgcz,691264475
Move_Operation_New_Component_New_Node,updateUser,New-Component_wdaacrsodc,New-Node_vdijsicgrt,692153662
Move_Operation_New_Component_New_Node,findAll,New-Component_truutgxpmc,New-Node_btqlulcktp,985727387
Move_Operation_Component,modify,Admin-user,,308172989
Move_Operation_New_Component_New_Node,login,New-Component_zlecysshzh,New-Node_hjdoogmgcz,794882514
Move_Operation_New_Component_New_Node,updateUser,New-Component_wdaacrsodc,New-Node_vdijsicgrt,692410554
Move_Operation_New_Component_New_Node,findAll,New-Component_truutgxpmc,New-Node_btqlulcktp,749023747
Move_Operation_Component,modify,Admin-user,,288124638
UMLCloneNode,container-rebook,container-rebook_vkdtpbxeuc,,589681882
Move_Operation_New_Component_New_Node,updateUser,New-Component_wdaacrsodc,New-Node_vdijsicgrt,668202031
Move_Operation_New_Component_New_Node,findAll,New-Component_truutgxpmc,New-Node_btqlulcktp,699101429
UMLCloneNode,container-station,container-station_oulnfgewbt,,476067810
UMLCloneNode,container-sso,container-sso_gytuoefomq,,576387164
Move_Operation_New_Component_New_Node,getByID,New-Component_qsmdspkcgt,New-Node_ipqrjtgezy,730311219
Move_Component_New_Node,Verification,New-Node_qmhwpfwcrm,,556945580
Move_Operation_New_Component_New_Node,login,New-Component_jbggcpavez,New-Node_sqyktafyhp,699846526
UMLCloneNode,container-seat,container-seat_wkmyfyqwml,,535938210
Move_Operation_New_Component_New_Node,rebook,New-Component_kxqrncitdi,New-Node_podiaasgmq,719956684
Move_Operation_New_Component_New_Node,rebook,New-Component_occadfsret,New-Node_qqpvhwlaij,752232323
Move_Operation_New_Component_New_Node,findAll,New-Component_hsfchvdfjr,New-Node_uqihivzqtw,750043238
Move_Operation_New_Component_New_Node,generate,New-Component_ysbuplxlqd,New-Node_pafqnjdwch,689971230
Move_Operation_New_Component_New_Node,updateUser,New-Component_wdaacrsodc,New-Node_vdijsicgrt,688657216
Move_Operation_New_Component_New_Node,findAll,New-Component_truutgxpmc,New-Node_btqlulcktp,720064486
Move_Operation_Component,modify,Admin-user,,294101384
UMLCloneNode,container-rebook,container-rebook_vkdtpbxeuc,,559001125
Move_Operation_New_Component_New_Node,updateUser,New-Component_wdaacrsodc,New-Node_vdijsicgrt,651822269
Move_Operation_New_Component_New_Node,findAll,New-Component_truutgxpmc,New-Node_btqlulcktp,799363325
UMLCloneNode,container-station,container-station_oulnfgewbt,,587710045
UMLCloneNode,container-rebook_hzkqumhsfv,container-rebook_hzkqumhsfv_ebpsnrsamz,,280631428
Move_Operation_New_Component_New_Node,updateUser,New-Component_wdaacrsodc,New-Node_vdijsicgrt,695363120
Move_Operation_New_Component_New_Node,findAll,New-Component_truutgxpmc,New-Node_btqlulcktp,641243173
Move_Operation_Component,modify,Admin-user,,258942190
UMLCloneNode,container-admin-user,container-admin-user_trdujmiiju,,590919292
Move_Operation_New_Component_New_Node,rebook,New-Component_thndjfvubh,New-Node_ukwnowhbhh,818415068
Move_Operation_New_Component_New_Node,rebook,New-Component_occadfsret,New-Node_qqpvhwlaij,743056868
Move_Operation_New_Component_New_Node,findAll,New-Component_hsfchvdfjr,New-Node_uqihivzqtw,1004060272
Move_Operation_New_Component_New_Node,login,New-Component_zwavgfsjgq,New-Node_dcknflriql,828925226
Move_Operation_New_Component_New_Node,rebook,New-Component_thndjfvubh,New-Node_ukwnowhbhh,816368641
Move_Operation_New_Component_New_Node,rebook,New-Component_occadfsret,New-Node_qqpvhwlaij,698039849
Move_Operation_New_Component_New_Node,findAll,New-Component_hsfchvdfjr,New-Node_uqihivzqtw,660994988
UMLCloneNode,continer-route-plan,continer-route-plan_pwruozgnvy,,495785462
Move_Operation_New_Component_New_Node,updateUser,New-Component_wdaacrsodc,New-Node_vdijsicgrt,670450447
Move_Operation_New_Component_New_Node,findAll,New-Component_truutgxpmc,New-Node_btqlulcktp,772634658
Move_Operation_Component,modify,Admin-user,,300483561
Move_Component_New_Node,New-Component_xcbmkvvgnw,New-Node_fckvwjojit,,275138819
Move_Operation_New_Component_New_Node,rebook,New-Component_thndjfvubh,New-Node_ukwnowhbhh,715558898
Move_Operation_New_Component_New_Node,rebook,New-Component_occadfsret,New-Node_qqpvhwlaij,673405177
Move_Operation_New_Component_New_Node,findAll,New-Component_hsfchvdfjr,New-Node_uqihivzqtw,710110562
Move_Operation_New_Component_New_Node,rebook,New-Component_jvfbnukmmv,New-Node_tyfiohnmht,660158941
Move_Operation_New_Component_New_Node,rebook,New-Component_thndjfvubh,New-Node_ukwnowhbhh,560810066
Move_Operation_New_Component_New_Node,rebook,New-Component_occadfsret,New-Node_qqpvhwlaij,601867311
Move_Operation_New_Component_New_Node,findAll,New-Component_hsfchvdfjr,New-Node_uqihivzqtw,696966176
UMLCloneNode,container-verification,container-verification_lettpcufan,,567001405
Move_Operation_New_Component_New_Node,updateUser,New-Component_wdaacrsodc,New-Node_vdijsicgrt,689986158
Move_Operation_New_Component_New_Node,findAll,New-Component_truutgxpmc,New-Node_btqlulcktp,690492116
Move_Operation_Component,modify,Admin-user,,273766054
Move_Operation_New_Component_New_Node,updateUser,New-Component_ajdnqbshjd,New-Node_lxnjvlpsac,751230845
Move_Operation_Component,modify,Order-other,,278546027
Move_Operation_New_Component_New_Node,rebook,New-Component_occadfsret,New-Node_qqpvhwlaij,783655403
UMLCloneNode,container-order-other,container-order-other_fzfqmofkfn,,530647319
UMLCloneNode,container-admin-user,container-admin-user_trdujmiiju,,523589627
Move_Operation_New_Component_New_Node,rebook,New-Component_thndjfvubh,New-Node_ukwnowhbhh,752391571
Move_Operation_New_Component_New_Node,rebook,New-Component_occadfsret,New-Node_qqpvhwlaij,749240202
Move_Operation_New_Component_New_Node,findAll,New-Component_hsfchvdfjr,New-Node_uqihivzqtw,740695370
Move_Operation_New_Component_New_Node,login,New-Component_zlecysshzh,New-Node_hjdoogmgcz,690971606
Move_Operation_New_Component_New_Node,updateUser,New-Component_wdaacrsodc,New-Node_vdijsicgrt,677515124
Move_Operation_New_Component_New_Node,findAll,New-Component_truutgxpmc,New-Node_btqlulcktp,874183077
Move_Operation_Component,modify,Admin-user,,261419444
Move_Operation_New_Component_New_Node,updateUser,New-Component_mexvblrnuq,New-Node_nwiajnvqhv,789871398
Move_Operation_New_Component_New_Node,getByID,New-Component_qsmdspkcgt,New-Node_ipqrjtgezy,749265650
Move_Component_New_Node,Verification,New-Node_qmhwpfwcrm,,591384225
Move_Operation_New_Component_New_Node,login,New-Component_jbggcpavez,New-Node_sqyktafyhp,777885153
Move_Operation_New_Component_New_Node,generate,New-Component_ysbuplxlqd,New-Node_pafqnjdwch,718148214
Move_Operation_New_Component_New_Node,updateUser,New-Component_wdaacrsodc,New-Node_vdijsicgrt,658193605
Move_Operation_New_Component_New_Node,findAll,New-Component_truutgxpmc,New-Node_btqlulcktp,608689814
Move_Operation_Component,modify,Admin-user,,266833166
UMLCloneNode,New-Node_hnvpusxult,New-Node_hnvpusxult_lldpyjjbvc,,339342473
Move_Operation_Component,modify,Order-other,,308151739
Move_Operation_New_Component_New_Node,rebook,New-Component_occadfsret,New-Node_qqpvhwlaij,709330590
UMLCloneNode,container-order-other,container-order-other_fzfqmofkfn,,531840216
Move_Operation_New_Component_New_Node,login,New-Component_zlecysshzh,New-Node_hjdoogmgcz,780013934
Move_Operation_New_Component_New_Node,updateUser,New-Component_wdaacrsodc,New-Node_vdijsicgrt,745446218
Move_Operation_New_Component_New_Node,findAll,New-Component_truutgxpmc,New-Node_btqlulcktp,798431719
Move_Operation_Component,modify,Admin-user,,340494073
UMLCloneNode,container-admin-user,container-admin-user_epumdwsziq,,529775545
Move_Operation_New_Component_New_Node,getByID,New-Component_qsmdspkcgt,New-Node_ipqrjtgezy,729799871
Move_Component_New_Node,Verification,New-Node_qmhwpfwcrm,,660568990
Move_Operation_New_Component_New_Node,login,New-Component_jbggcpavez,New-Node_sqyktafyhp,793066238
UMLCloneNode,container-rebook,container-rebook_vkdtpbxeuc,,520756825
Move_Operation_New_Component_New_Node,updateUser,New-Component_wdaacrsodc,New-Node_vdijsicgrt,739952477
Move_Operation_New_Component_New_Node,findAll,New-Component_truutgxpmc,New-Node_btqlulcktp,637520843
UMLCloneNode,container-station,container-station_oulnfgewbt,,458708261
Move_Operation_New_Component_New_Node,getByID,New-Component_fxtmhdtrer,New-Node_bpwrfpxqam,776465000
Move_Operation_New_Component_New_Node,rebook,New-Component_kxqrncitdi,New-Node_podiaasgmq,760917818
Move_Operation_New_Component_New_Node,rebook,New-Component_occadfsret,New-Node_qqpvhwlaij,779238581
Move_Operation_New_Component_New_Node,findAll,New-Component_hsfchvdfjr,New-Node_uqihivzqtw,745227258
Move_Operation_New_Component_New_Node,generate,New-Component_ysbuplxlqd,New-Node_pafqnjdwch,667171660
Move_Operation_New_Component_New_Node,updateUser,New-Component_wdaacrsodc,New-Node_vdijsicgrt,736687686
Move_Operation_New_Component_New_Node,findAll,New-Component_truutgxpmc,New-Node_btqlulcktp,1097577853
Move_Operation_Component,modify,Admin-user,,258049325
UMLCloneNode,container-admin-user,container-admin-user_epumdwsziq,,474444316
Move_Operation_New_Component_New_Node,getByID,New-Component_qsmdspkcgt,New-Node_ipqrjtgezy,678724652
Move_Component_New_Node,Verification,New-Node_qmhwpfwcrm,,541003778
Move_Operation_New_Component_New_Node,login,New-Component_jbggcpavez,New-Node_sqyktafyhp,715630994
Move_Operation_New_Component_New_Node,getByID,New-Component_fxtmhdtrer,New-Node_bpwrfpxqam,711616656
Move_Operation_New_Component_New_Node,rebook,New-Component_kxqrncitdi,New-Node_podiaasgmq,731628740
Move_Operation_New_Component_New_Node,rebook,New-Component_occadfsret,New-Node_qqpvhwlaij,663003254
Move_Operation_New_Component_New_Node,findAll,New-Component_hsfchvdfjr,New-Node_uqihivzqtw,638103535
Move_Operation_New_Component_New_Node,getByID,New-Component_cjaukggvjx,New-Node_quvvlsdedt,798379060
Move_Operation_New_Component_New_Node,getByID,New-Component_qsmdspkcgt,New-Node_ipqrjtgezy,670184589
Move_Component_New_Node,Verification,New-Node_qmhwpfwcrm,,532728031
Move_Operation_New_Component_New_Node,login,New-Component_jbggcpavez,New-Node_sqyktafyhp,725662282
UMLCloneNode,container-sso,container-sso_gytuoefomq,,505475051
Move_Operation_New_Component_New_Node,getByID,New-Component_qsmdspkcgt,New-Node_ipqrjtgezy,646667864
Move_Component_New_Node,Verification,New-Node_qmhwpfwcrm,,535584067
Move_Operation_New_Component_New_Node,login,New-Component_jbggcpavez,New-Node_sqyktafyhp,727793017
UMLCloneNode,container-rebook_hzkqumhsfv,container-rebook_hzkqumhsfv_ebpsnrsamz,,293253625
Move_Operation_New_Component_New_Node,updateUser,New-Component_wdaacrsodc,New-Node_vdijsicgrt,674966976
Move_Operation_New_Component_New_Node,findAll,New-Component_truutgxpmc,New-Node_btqlulcktp,647011759
Move_Operation_Component,modify,Admin-user,,263774740
Move_Operation_Component,login,New-Component_xinzzidjno,,292776250
Move_Operation_New_Component_New_Node,rebook,New-Component_thndjfvubh,New-Node_ukwnowhbhh,722128657
Move_Operation_New_Component_New_Node,rebook,New-Component_occadfsret,New-Node_qqpvhwlaij,640811803
Move_Operation_New_Component_New_Node,findAll,New-Component_hsfchvdfjr,New-Node_uqihivzqtw,633043147
UMLCloneNode,container-admin-user,container-admin-user_trdujmiiju,,424413386
Move_Operation_New_Component_New_Node,rebook,New-Component_thndjfvubh,New-Node_ukwnowhbhh,634988514
Move_Operation_New_Component_New_Node,rebook,New-Component_occadfsret,New-Node_qqpvhwlaij,674812887
Move_Operation_New_Component_New_Node,findAll,New-Component_hsfchvdfjr,New-Node_uqihivzqtw,680149553
Move_Component_New_Node,New-Component_xcbmkvvgnw,New-Node_fckvwjojit,,263083244
Move_Operation_New_Component_New_Node,rebook,New-Component_thndjfvubh,New-Node_ukwnowhbhh,803798682
Move_Operation_New_Component_New_Node,rebook,New-Component_occadfsret,New-Node_qqpvhwlaij,767713811
Move_Operation_New_Component_New_Node,findAll,New-Component_hsfchvdfjr,New-Node_uqihivzqtw,745381246
Move_Component_New_Node,New-Component_xcbmkvvgnw,New-Node_fckvwjojit,,294000785
Move_Operation_New_Component_New_Node,rebook,New-Component_thndjfvubh,New-Node_ukwnowhbhh,729898446
Move_Operation_New_Component_New_Node,rebook,New-Component_occadfsret,New-Node_qqpvhwlaij,703944771
Move_Operation_New_Component_New_Node,findAll,New-Component_hsfchvdfjr,New-Node_uqihivzqtw,679964066
UMLCloneNode,New-Node_hnvpusxult,New-Node_hnvpusxult_lldpyjjbvc,,336929740
Move_Operation_Component,modify,Order-other,,259807322
Move_Operation_New_Component_New_Node,rebook,New-Component_occadfsret,New-Node_qqpvhwlaij,696016334
UMLCloneNode,container-order-other,container-order-other_fzfqmofkfn,,467739113
Move_Component_New_Node,Ticket-info,New-Node_myrnlejiay,,601659230
Move_Operation_New_Component_New_Node,updateUser,New-Component_wdaacrsodc,New-Node_vdijsicgrt,705100438
Move_Operation_New_Component_New_Node,findAll,New-Component_truutgxpmc,New-Node_btqlulcktp,624474491
UMLCloneNode,container-station,container-station_oulnfgewbt,,527548680
Move_Operation_New_Component_New_Node,login,New-Component_zlecysshzh,New-Node_hjdoogmgcz,765475965
Move_Operation_New_Component_New_Node,updateUser,New-Component_wdaacrsodc,New-Node_vdijsicgrt,676401226
Move_Operation_New_Component_New_Node,findAll,New-Component_truutgxpmc,New-Node_btqlulcktp,644942078
Move_Operation_Component,modify,Admin-user,,271536063
UMLCloneNode,New-Node_hnvpusxult,New-Node_hnvpusxult_lldpyjjbvc,,287047608
Move_Operation_Component,modify,Order-other,,288555355
Move_Operation_New_Component_New_Node,rebook,New-Component_occadfsret,New-Node_qqpvhwlaij,719160712
UMLCloneNode,container-order-other,container-order-other_fzfqmofkfn,,478583357
UMLCloneNode,container-rebook,container-rebook_vkdtpbxeuc,,536245497
Move_Operation_New_Component_New_Node,updateUser,New-Component_wdaacrsodc,New-Node_vdijsicgrt,711415659
Move_Operation_New_Component_New_Node,findAll,New-Component_truutgxpmc,New-Node_btqlulcktp,658260651
UMLCloneNode,container-station,container-station_oulnfgewbt,,525596960
UMLCloneNode,container-verification,container-verification_lettpcufan,,583701529
Move_Operation_New_Component_New_Node,updateUser,New-Component_wdaacrsodc,New-Node_vdijsicgrt,837440382
Move_Operation_New_Component_New_Node,findAll,New-Component_truutgxpmc,New-Node_btqlulcktp,817147742
Move_Operation_New_Component_New_Node,updateUser,New-Component_rkealnjxwd,New-Node_emibobarof,905150912
Move_Operation_New_Component_New_Node,login,New-Component_zlecysshzh,New-Node_hjdoogmgcz,717423244
Move_Operation_New_Component_New_Node,updateUser,New-Component_wdaacrsodc,New-Node_vdijsicgrt,676120288
Move_Operation_New_Component_New_Node,findAll,New-Component_truutgxpmc,New-Node_btqlulcktp,1059374138
Move_Operation_Component,modify,Admin-user,,273296825
Move_Operation_New_Component_New_Node,getByID,New-Component_fxtmhdtrer,New-Node_bpwrfpxqam,751910359
Move_Operation_New_Component_New_Node,rebook,New-Component_kxqrncitdi,New-Node_podiaasgmq,818817333
Move_Operation_New_Component_New_Node,rebook,New-Component_occadfsret,New-Node_qqpvhwlaij,679086060
Move_Operation_New_Component_New_Node,findAll,New-Component_hsfchvdfjr,New-Node_uqihivzqtw,641684049
Move_Operation_New_Component_New_Node,login,New-Component_zlecysshzh,New-Node_hjdoogmgcz,770711492
Move_Operation_New_Component_New_Node,updateUser,New-Component_wdaacrsodc,New-Node_vdijsicgrt,744327341
Move_Operation_New_Component_New_Node,findAll,New-Component_truutgxpmc,New-Node_btqlulcktp,740304247
Move_Operation_Component,modify,Admin-user,,302631419
Move_Component_New_Node,New-Component_xcbmkvvgnw,New-Node_fckvwjojit,,268323219
Move_Operation_New_Component_New_Node,rebook,New-Component_thndjfvubh,New-Node_ukwnowhbhh,746802802
Move_Operation_New_Component_New_Node,rebook,New-Component_occadfsret,New-Node_qqpvhwlaij,721976161
Move_Operation_New_Component_New_Node,findAll,New-Component_hsfchvdfjr,New-Node_uqihivzqtw,696634013
Move_Operation_New_Component_New_Node,generate,New-Component_ysbuplxlqd,New-Node_pafqnjdwch,708735534
Move_Operation_New_Component_New_Node,updateUser,New-Component_wdaacrsodc,New-Node_vdijsicgrt,686249812
Move_Operation_New_Component_New_Node,findAll,New-Component_truutgxpmc,New-Node_btqlulcktp,709489959
Move_Operation_Component,modify,Admin-user,,278615878
Move_Operation_New_Component_New_Node,generate,New-Component_ysbuplxlqd,New-Node_pafqnjdwch,692281091
Move_Operation_New_Component_New_Node,updateUser,New-Component_wdaacrsodc,New-Node_vdijsicgrt,663359492
Move_Operation_New_Component_New_Node,findAll,New-Component_truutgxpmc,New-Node_btqlulcktp,627196354
Move_Operation_Component,modify,Admin-user,,259877663
Move_Operation_New_Component_New_Node,login,New-Component_zlecysshzh,New-Node_hjdoogmgcz,820260068
Move_Operation_New_Component_New_Node,updateUser,New-Component_wdaacrsodc,New-Node_vdijsicgrt,769616409
Move_Operation_New_Component_New_Node,findAll,New-Component_truutgxpmc,New-Node_btqlulcktp,670859845
Move_Operation_Component,modify,Admin-user,,261035284
UMLCloneNode,container-rebook_hzkqumhsfv,container-rebook_hzkqumhsfv_ebpsnrsamz,,331990338
Move_Operation_New_Component_New_Node,updateUser,New-Component_wdaacrsodc,New-Node_vdijsicgrt,729950002
Move_Operation_New_Component_New_Node,findAll,New-Component_truutgxpmc,New-Node_btqlulcktp,716070698
Move_Operation_Component,modify,Admin-user,,289936315
Move_Operation_Component,modify,Rebook,,639552151
Move_Operation_New_Component_New_Node,rebook,New-Component_kxqrncitdi,New-Node_podiaasgmq,702418840
Move_Operation_New_Component_New_Node,rebook,New-Component_occadfsret,New-Node_qqpvhwlaij,681509644
Move_Operation_New_Component_New_Node,findAll,New-Component_hsfchvdfjr,New-Node_uqihivzqtw,641757176
Move_Component_New_Node,Ticket-info,New-Node_bwtnyndcyp,,545050176
Move_Operation_New_Component_New_Node,updateUser,New-Component_wdaacrsodc,New-Node_vdijsicgrt,673451926
Move_Operation_New_Component_New_Node,findAll,New-Component_truutgxpmc,New-Node_btqlulcktp,680129306
Move_Operation_Component,modify,Admin-user,,284979150
Move_Operation_New_Component_New_Node,rebook,New-Component_fxinfujpgy,New-Node_xyabihzxny,741335440
Move_Operation_New_Component_New_Node,rebook,New-Component_thndjfvubh,New-Node_ukwnowhbhh,707246251
Move_Operation_New_Component_New_Node,rebook,New-Component_occadfsret,New-Node_qqpvhwlaij,675122949
Move_Operation_New_Component_New_Node,findAll,New-Component_hsfchvdfjr,New-Node_uqihivzqtw,722155977
UMLCloneNode,New-Node_hnvpusxult,New-Node_hnvpusxult_lldpyjjbvc,,239187088
Move_Operation_Component,modify,Order-other,,262284125
Move_Operation_New_Component_New_Node,rebook,New-Component_occadfsret,New-Node_qqpvhwlaij,787705897
UMLCloneNode,container-order-other,container-order-other_fzfqmofkfn,,530164434
UMLCloneNode,container-sso,container-sso_gytuoefomq,,528338992
Move_Operation_New_Component_New_Node,getByID,New-Component_qsmdspkcgt,New-Node_ipqrjtgezy,650146296
Move_Component_New_Node,Verification,New-Node_qmhwpfwcrm,,517865934
Move_Operation_New_Component_New_Node,login,New-Component_jbggcpavez,New-Node_sqyktafyhp,678112284
Move_Operation_New_Component_New_Node,updateUser,New-Component_mexvblrnuq,New-Node_nwiajnvqhv,696025062
Move_Operation_New_Component_New_Node,getByID,New-Component_qsmdspkcgt,New-Node_ipqrjtgezy,641265224
Move_Component_New_Node,Verification,New-Node_qmhwpfwcrm,,515045606
Move_Operation_New_Component_New_Node,login,New-Component_jbggcpavez,New-Node_sqyktafyhp,667430606
Move_Operation_New_Component_New_Node,updateUser,New-Component_mexvblrnuq,New-Node_nwiajnvqhv,732962310
Move_Operation_New_Component_New_Node,getByID,New-Component_qsmdspkcgt,New-Node_ipqrjtgezy,645499834
Move_Component_New_Node,Verification,New-Node_qmhwpfwcrm,,525694543
Move_Operation_New_Component_New_Node,login,New-Component_jbggcpavez,New-Node_sqyktafyhp,672243660
UMLCloneNode,New-Node_hnvpusxult,New-Node_hnvpusxult_lldpyjjbvc,,338990324
Move_Operation_Component,modify,Order-other,,298566877
Move_Operation_New_Component_New_Node,rebook,New-Component_occadfsret,New-Node_qqpvhwlaij,735920808
UMLCloneNode,container-order-other,container-order-other_fzfqmofkfn,,492505743
UMLCloneNode,container-verification,container-verification_lettpcufan,,478174320
Move_Operation_New_Component_New_Node,updateUser,New-Component_wdaacrsodc,New-Node_vdijsicgrt,679078285
Move_Operation_New_Component_New_Node,findAll,New-Component_truutgxpmc,New-Node_btqlulcktp,658700095
Move_Operation_New_Component_New_Node,updateUser,New-Component_rkealnjxwd,New-Node_emibobarof,916078652
Move_Operation_New_Component_New_Node,login,New-Component_zlecysshzh,New-Node_hjdoogmgcz,772154477
Move_Operation_New_Component_New_Node,updateUser,New-Component_wdaacrsodc,New-Node_vdijsicgrt,798312364
Move_Operation_New_Component_New_Node,findAll,New-Component_truutgxpmc,New-Node_btqlulcktp,734841764
Move_Operation_Component,modify,Admin-user,,307679404
UMLCloneNode,container-verification,container-verification_lettpcufan,,769525758
Move_Operation_New_Component_New_Node,updateUser,New-Component_wdaacrsodc,New-Node_vdijsicgrt,862379955
Move_Operation_New_Component_New_Node,findAll,New-Component_truutgxpmc,New-Node_btqlulcktp,830846738
Move_Operation_New_Component_New_Node,updateUser,New-Component_rkealnjxwd,New-Node_emibobarof,821182167
Move_Operation_Component,findAll,Seat,,289745547
Move_Operation_New_Component_New_Node,rebook,New-Component_thndjfvubh,New-Node_ukwnowhbhh,705721553
Move_Operation_New_Component_New_Node,rebook,New-Component_occadfsret,New-Node_qqpvhwlaij,646116199
Move_Operation_New_Component_New_Node,findAll,New-Component_hsfchvdfjr,New-Node_uqihivzqtw,687246962
UMLCloneNode,container-sso,container-sso_gytuoefomq,,472303011
Move_Operation_New_Component_New_Node,getByID,New-Component_qsmdspkcgt,New-Node_ipqrjtgezy,653872633
Move_Component_New_Node,Verification,New-Node_qmhwpfwcrm,,559305205
Move_Operation_New_Component_New_Node,login,New-Component_jbggcpavez,New-Node_sqyktafyhp,715682550
UMLCloneNode,container-verification,container-verification_lettpcufan,,520778365
Move_Operation_New_Component_New_Node,updateUser,New-Component_wdaacrsodc,New-Node_vdijsicgrt,728832617
Move_Operation_New_Component_New_Node,findAll,New-Component_truutgxpmc,New-Node_btqlulcktp,686707901
Move_Operation_New_Component_New_Node,updateUser,New-Component_rkealnjxwd,New-Node_emibobarof,683093674
UMLCloneNode,container-admin-user,container-admin-user_trdujmiiju,,538593840
Move_Operation_New_Component_New_Node,rebook,New-Component_thndjfvubh,New-Node_ukwnowhbhh,688362774
Move_Operation_New_Component_New_Node,rebook,New-Component_occadfsret,New-Node_qqpvhwlaij,635694578
Move_Operation_New_Component_New_Node,findAll,New-Component_hsfchvdfjr,New-Node_uqihivzqtw,646168347
UMLCloneNode,container-rebook,container-rebook_vkdtpbxeuc,,559693894
Move_Operation_New_Component_New_Node,updateUser,New-Component_wdaacrsodc,New-Node_vdijsicgrt,666102505
Move_Operation_New_Component_New_Node,findAll,New-Component_truutgxpmc,New-Node_btqlulcktp,671076181
UMLCloneNode,container-station,container-station_oulnfgewbt,,491245399
Move_Operation_New_Component_New_Node,generate,New-Component_ysbuplxlqd,New-Node_pafqnjdwch,704468203
Move_Operation_New_Component_New_Node,updateUser,New-Component_wdaacrsodc,New-Node_vdijsicgrt,1052657835
Move_Operation_New_Component_New_Node,findAll,New-Component_truutgxpmc,New-Node_btqlulcktp,654086434
Move_Operation_Component,modify,Admin-user,,281050703
UMLCloneNode,container-station,container-station_phkefouunv,,558751607
Move_Operation_New_Component_New_Node,getByID,New-Component_qsmdspkcgt,New-Node_ipqrjtgezy,658050757
Move_Component_New_Node,Verification,New-Node_qmhwpfwcrm,,506585442
Move_Operation_New_Component_New_Node,login,New-Component_jbggcpavez,New-Node_sqyktafyhp,760950249
Move_Component_New_Node,New-Component_xcbmkvvgnw,New-Node_fckvwjojit,,242888778
Move_Operation_New_Component_New_Node,rebook,New-Component_thndjfvubh,New-Node_ukwnowhbhh,684851991
Move_Operation_New_Component_New_Node,rebook,New-Component_occadfsret,New-Node_qqpvhwlaij,651647922
Move_Operation_New_Component_New_Node,findAll,New-Component_hsfchvdfjr,New-Node_uqihivzqtw,640195879
UMLCloneNode,container-admin-user,container-admin-user_trdujmiiju,,531613151
Move_Operation_New_Component_New_Node,rebook,New-Component_thndjfvubh,New-Node_ukwnowhbhh,729035738
Move_Operation_New_Component_New_Node,rebook,New-Component_occadfsret,New-Node_qqpvhwlaij,660072468
Move_Operation_New_Component_New_Node,findAll,New-Component_hsfchvdfjr,New-Node_uqihivzqtw,717676088
UMLCloneNode,New-Node_hnvpusxult,New-Node_hnvpusxult_lldpyjjbvc,,258489330
Move_Operation_Component,modify,Order-other,,258717327
Move_Operation_New_Component_New_Node,rebook,New-Component_occadfsret,New-Node_qqpvhwlaij,721085180
UMLCloneNode,container-order-other,container-order-other_fzfqmofkfn,,474057932
UMLCloneNode,container-admin-user,container-admin-user_trdujmiiju,,603940949
Move_Operation_New_Component_New_Node,rebook,New-Component_thndjfvubh,New-Node_ukwnowhbhh,719101000
Move_Operation_New_Component_New_Node,rebook,New-Component_occadfsret,New-Node_qqpvhwlaij,836262403
Move_Operation_New_Component_New_Node,findAll,New-Component_hsfchvdfjr,New-Node_uqihivzqtw,970524141
UMLCloneNode,container-admin-user,container-admin-user_nbfadattic,,538905885
Move_Operation_Component,modify,Order-other,,269511838
Move_Operation_New_Component_New_Node,rebook,New-Component_occadfsret,New-Node_qqpvhwlaij,706271624
UMLCloneNode,container-order-other,container-order-other_fzfqmofkfn,,473649456
Move_Operation_New_Component_New_Node,login,New-Component_zlecysshzh,New-Node_hjdoogmgcz,715495099
Move_Operation_New_Component_New_Node,updateUser,New-Component_wdaacrsodc,New-Node_vdijsicgrt,687402393
Move_Operation_New_Component_New_Node,findAll,New-Component_truutgxpmc,New-Node_btqlulcktp,725553739
Move_Operation_Component,modify,Admin-user,,273598360
UMLCloneNode,container-rebook,container-rebook_vkdtpbxeuc,,486091456
Move_Operation_New_Component_New_Node,updateUser,New-Component_wdaacrsodc,New-Node_vdijsicgrt,1128098530
Move_Operation_New_Component_New_Node,findAll,New-Component_truutgxpmc,New-Node_btqlulcktp,693686867
UMLCloneNode,container-station,container-station_oulnfgewbt,,490075726
UMLCloneNode,container-ticket-info,container-ticket-info_peiedsuncp,,518651497
Move_Operation_New_Component_New_Node,rebook,New-Component_thndjfvubh,New-Node_ukwnowhbhh,825741085
Move_Operation_New_Component_New_Node,rebook,New-Component_occadfsret,New-Node_qqpvhwlaij,795928124
Move_Operation_New_Component_New_Node,findAll,New-Component_hsfchvdfjr,New-Node_uqihivzqtw,741314451
Move_Operation_New_Component_New_Node,generate,New-Component_ysbuplxlqd,New-Node_pafqnjdwch,656508005
Move_Operation_New_Component_New_Node,updateUser,New-Component_wdaacrsodc,New-Node_vdijsicgrt,717724138
Move_Operation_New_Component_New_Node,findAll,New-Component_truutgxpmc,New-Node_btqlulcktp,665012221
Move_Operation_Component,modify,Admin-user,,249473986
UMLCloneNode,container-admin-user,container-admin-user_trdujmiiju,,582619991
Move_Operation_New_Component_New_Node,rebook,New-Component_thndjfvubh,New-Node_ukwnowhbhh,783161216
Move_Operation_New_Component_New_Node,rebook,New-Component_occadfsret,New-Node_qqpvhwlaij,652253537
Move_Operation_New_Component_New_Node,findAll,New-Component_hsfchvdfjr,New-Node_uqihivzqtw,649098221
Move_Operation_New_Component_New_Node,generate,New-Component_fzwyahtwem,New-Node_oihxykpllv,787284447
Move_Operation_New_Component_New_Node,rebook,New-Component_kxqrncitdi,New-Node_podiaasgmq,827423339
Move_Operation_New_Component_New_Node,rebook,New-Component_occadfsret,New-Node_qqpvhwlaij,774140301
Move_Operation_New_Component_New_Node,findAll,New-Component_hsfchvdfjr,New-Node_uqihivzqtw,755707028
Move_Operation_New_Component_New_Node,generate,New-Component_ysbuplxlqd,New-Node_pafqnjdwch,746757888
Move_Operation_New_Component_New_Node,updateUser,New-Component_wdaacrsodc,New-Node_vdijsicgrt,807889783
Move_Operation_New_Component_New_Node,findAll,New-Component_truutgxpmc,New-Node_btqlulcktp,867283329
Move_Operation_Component,modify,Admin-user,,246761570
Move_Component_New_Node,New-Component_xcbmkvvgnw,New-Node_fckvwjojit,,298663048
Move_Operation_New_Component_New_Node,rebook,New-Component_thndjfvubh,New-Node_ukwnowhbhh,750789247
Move_Operation_New_Component_New_Node,rebook,New-Component_occadfsret,New-Node_qqpvhwlaij,654869142
Move_Operation_New_Component_New_Node,findAll,New-Component_hsfchvdfjr,New-Node_uqihivzqtw,640950784
Move_Operation_New_Component_New_Node,getByID,New-Component_fxtmhdtrer,New-Node_bpwrfpxqam,714222212
Move_Operation_New_Component_New_Node,rebook,New-Component_kxqrncitdi,New-Node_podiaasgmq,737775605
Move_Operation_New_Component_New_Node,rebook,New-Component_occadfsret,New-Node_qqpvhwlaij,663337240
Move_Operation_New_Component_New_Node,findAll,New-Component_hsfchvdfjr,New-Node_uqihivzqtw,650328337
Move_Operation_New_Component_New_Node,login,New-Component_zlecysshzh,New-Node_hjdoogmgcz,1112109891
Move_Operation_New_Component_New_Node,updateUser,New-Component_wdaacrsodc,New-Node_vdijsicgrt,768705601
Move_Operation_New_Component_New_Node,findAll,New-Component_truutgxpmc,New-Node_btqlulcktp,775701669
Move_Operation_Component,modify,Admin-user,,287068027
Move_Operation_New_Component_New_Node,generate,New-Component_ysbuplxlqd,New-Node_pafqnjdwch,695622386
Move_Operation_New_Component_New_Node,updateUser,New-Component_wdaacrsodc,New-Node_vdijsicgrt,734001889
Move_Operation_New_Component_New_Node,findAll,New-Component_truutgxpmc,New-Node_btqlulcktp,617489594
Move_Operation_Component,modify,Admin-user,,255477873
Move_Operation_New_Component_New_Node,updateUser,New-Component_mexvblrnuq,New-Node_nwiajnvqhv,766041044
Move_Operation_New_Component_New_Node,getByID,New-Component_qsmdspkcgt,New-Node_ipqrjtgezy,659614860
Move_Component_New_Node,Verification,New-Node_qmhwpfwcrm,,519410259
Move_Operation_New_Component_New_Node,login,New-Component_jbggcpavez,New-Node_sqyktafyhp,656643609
UMLCloneNode,container-admin-user,container-admin-user_trdujmiiju,,565248599
Move_Operation_New_Component_New_Node,rebook,New-Component_thndjfvubh,New-Node_ukwnowhbhh,688110010
Move_Operation_New_Component_New_Node,rebook,New-Component_occadfsret,New-Node_qqpvhwlaij,701766035
Move_Operation_New_Component_New_Node,findAll,New-Component_hsfchvdfjr,New-Node_uqihivzqtw,665127677
Move_Operation_New_Component_New_Node,updateUser,New-Component_mexvblrnuq,New-Node_nwiajnvqhv,746398043
Move_Operation_New_Component_New_Node,getByID,New-Component_qsmdspkcgt,New-Node_ipqrjtgezy,672468521
Move_Component_New_Node,Verification,New-Node_qmhwpfwcrm,,537735841
Move_Operation_New_Component_New_Node,login,New-Component_jbggcpavez,New-Node_sqyktafyhp,690753958
UMLCloneNode,container-verification,container-verification_lettpcufan,,539026151
Move_Operation_New_Component_New_Node,updateUser,New-Component_wdaacrsodc,New-Node_vdijsicgrt,704895283
Move_Operation_New_Component_New_Node,findAll,New-Component_truutgxpmc,New-Node_btqlulcktp,708572768
Move_Operation_New_Component_New_Node,updateUser,New-Component_rkealnjxwd,New-Node_emibobarof,655574955
Move_Operation_New_Component_New_Node,rebook,New-Component_lyuvpchnzo,New-Node_pzoddkdkip,714605781
Move_Operation_New_Component_New_Node,getByID,New-Component_qsmdspkcgt,New-Node_ipqrjtgezy,679039081
Move_Component_New_Node,Verification,New-Node_qmhwpfwcrm,,552150860
Move_Operation_New_Component_New_Node,login,New-Component_jbggcpavez,New-Node_sqyktafyhp,757001975
UMLCloneNode,container-admin-user,container-admin-user_trdujmiiju,,444053382
Move_Operation_New_Component_New_Node,rebook,New-Component_thndjfvubh,New-Node_ukwnowhbhh,768091490
Move_Operation_New_Component_New_Node,rebook,New-Component_occadfsret,New-Node_qqpvhwlaij,854605217
Move_Operation_New_Component_New_Node,findAll,New-Component_hsfchvdfjr,New-Node_uqihivzqtw,813185814
Move_Component_New_Node,New-Component_xcbmkvvgnw,New-Node_fckvwjojit,,261301043
Move_Operation_New_Component_New_Node,rebook,New-Component_thndjfvubh,New-Node_ukwnowhbhh,805133534
Move_Operation_New_Component_New_Node,rebook,New-Component_occadfsret,New-Node_qqpvhwlaij,719709581
Move_Operation_New_Component_New_Node,findAll,New-Component_hsfchvdfjr,New-Node_uqihivzqtw,915678842
UMLCloneNode,New-Node_hnvpusxult,New-Node_hnvpusxult_lldpyjjbvc,,248740361
Move_Operation_Component,modify,Order-other,,249861192
Move_Operation_New_Component_New_Node,rebook,New-Component_occadfsret,New-Node_qqpvhwlaij,684526761
UMLCloneNode,container-order-other,container-order-other_fzfqmofkfn,,501842589
Move_Operation_New_Component_New_Node,getByID,New-Component_fxtmhdtrer,New-Node_bpwrfpxqam,712637690
Move_Operation_New_Component_New_Node,rebook,New-Component_kxqrncitdi,New-Node_podiaasgmq,803114449
Move_Operation_New_Component_New_Node,rebook,New-Component_occadfsret,New-Node_qqpvhwlaij,684266964
Move_Operation_New_Component_New_Node,findAll,New-Component_hsfchvdfjr,New-Node_uqihivzqtw,791127693
UMLCloneNode,container-seat,container-seat_wyymsixdfl,,555079251
Move_Operation_New_Component_New_Node,updateUser,New-Component_wdaacrsodc,New-Node_vdijsicgrt,701726602
Move_Operation_New_Component_New_Node,findAll,New-Component_truutgxpmc,New-Node_btqlulcktp,819909901
Move_Operation_New_Component_New_Node,updateUser,New-Component_rkealnjxwd,New-Node_emibobarof,723988925
Move_Component_New_Node,New-Component_xcbmkvvgnw,New-Node_fckvwjojit,,291209271
Move_Operation_New_Component_New_Node,rebook,New-Component_thndjfvubh,New-Node_ukwnowhbhh,625938295
Move_Operation_New_Component_New_Node,rebook,New-Component_occadfsret,New-Node_qqpvhwlaij,604204733
Move_Operation_New_Component_New_Node,findAll,New-Component_hsfchvdfjr,New-Node_uqihivzqtw,777352184
UMLCloneNode,container-order-other,container-order-other_eeikzmhkce,,527340910
Move_Operation_New_Component_New_Node,updateUser,New-Component_wdaacrsodc,New-Node_vdijsicgrt,678241707
Move_Operation_New_Component_New_Node,findAll,New-Component_truutgxpmc,New-Node_btqlulcktp,638985970
Move_Operation_Component,modify,Admin-user,,282788893
UMLCloneNode,New-Node_wkpjgomppe,New-Node_wkpjgomppe_esfjvhjuae,,249240508
Move_Operation_New_Component_New_Node,getByID,New-Component_qsmdspkcgt,New-Node_ipqrjtgezy,665749603
Move_Component_New_Node,Verification,New-Node_qmhwpfwcrm,,546048638
Move_Operation_New_Component_New_Node,login,New-Component_jbggcpavez,New-Node_sqyktafyhp,752408473
Move_Operation_New_Component_New_Node,getByID,New-Component_fxtmhdtrer,New-Node_bpwrfpxqam,781835690
Move_Operation_New_Component_New_Node,rebook,New-Component_kxqrncitdi,New-Node_podiaasgmq,829582408
Move_Operation_New_Component_New_Node,rebook,New-Component_occadfsret,New-Node_qqpvhwlaij,955414159
Move_Operation_New_Component_New_Node,findAll,New-Component_hsfchvdfjr,New-Node_uqihivzqtw,776418633
UMLCloneNode,container-order-other,container-order-other_xtciffqzne,,500543283
Move_Operation_New_Component_New_Node,updateUser,New-Component_wdaacrsodc,New-Node_vdijsicgrt,763080634
Move_Operation_New_Component_New_Node,findAll,New-Component_truutgxpmc,New-Node_btqlulcktp,961818176
Move_Operation_Component,modify,Admin-user,,258470124
UMLCloneNode,container-admin-user,container-admin-user_trdujmiiju,,563337536
Move_Operation_New_Component_New_Node,rebook,New-Component_thndjfvubh,New-Node_ukwnowhbhh,746395929
Move_Operation_New_Component_New_Node,rebook,New-Component_occadfsret,New-Node_qqpvhwlaij,620489569
Move_Operation_New_Component_New_Node,findAll,New-Component_hsfchvdfjr,New-Node_uqihivzqtw,776190635
UMLCloneNode,container-rebook,container-rebook_vkdtpbxeuc,,559062069
Move_Operation_New_Component_New_Node,updateUser,New-Component_wdaacrsodc,New-Node_vdijsicgrt,744515663
Move_Operation_New_Component_New_Node,findAll,New-Component_truutgxpmc,New-Node_btqlulcktp,751849595
UMLCloneNode,container-station,container-station_oulnfgewbt,,463827900
Move_Component_New_Node,New-Component_ucsrdwwozh,New-Node_kdoitwlmao,,267381774
Move_Operation_Component,modify,Order-other,,282317058
Move_Operation_New_Component_New_Node,rebook,New-Component_occadfsret,New-Node_qqpvhwlaij,750144448
UMLCloneNode,container-order-other,container-order-other_fzfqmofkfn,,480722098
Move_Operation_New_Component_New_Node,login,New-Component_zlecysshzh,New-Node_hjdoogmgcz,673658142
Move_Operation_New_Component_New_Node,updateUser,New-Component_wdaacrsodc,New-Node_vdijsicgrt,736798223
Move_Operation_New_Component_New_Node,findAll,New-Component_truutgxpmc,New-Node_btqlulcktp,767222901
Move_Operation_Component,modify,Admin-user,,391351203
Move_Operation_Component,getByID,Admin-user,,305484329
Move_Operation_New_Component_New_Node,updateUser,New-Component_wdaacrsodc,New-Node_vdijsicgrt,663485377
Move_Operation_New_Component_New_Node,findAll,New-Component_truutgxpmc,New-Node_btqlulcktp,650229553
UMLCloneNode,container-station,container-station_oulnfgewbt,,467920463
UMLCloneNode,container-rebook_hzkqumhsfv,container-rebook_hzkqumhsfv_ebpsnrsamz,,239134469
Move_Operation_New_Component_New_Node,updateUser,New-Component_wdaacrsodc,New-Node_vdijsicgrt,666998414
Move_Operation_New_Component_New_Node,findAll,New-Component_truutgxpmc,New-Node_btqlulcktp,618187502
Move_Operation_Component,modify,Admin-user,,280701750
UMLCloneNode,container-admin-user,container-admin-user_trdujmiiju,,526543676
Move_Operation_New_Component_New_Node,rebook,New-Component_thndjfvubh,New-Node_ukwnowhbhh,780789609
Move_Operation_New_Component_New_Node,rebook,New-Component_occadfsret,New-Node_qqpvhwlaij,768569706
Move_Operation_New_Component_New_Node,findAll,New-Component_hsfchvdfjr,New-Node_uqihivzqtw,728094293
Move_Operation_New_Component_New_Node,generate,New-Component_ysbuplxlqd,New-Node_pafqnjdwch,1045595883
Move_Operation_New_Component_New_Node,updateUser,New-Component_wdaacrsodc,New-Node_vdijsicgrt,676320144
Move_Operation_New_Component_New_Node,findAll,New-Component_truutgxpmc,New-Node_btqlulcktp,651636431
Move_Operation_Component,modify,Admin-user,,290279619
Move_Operation_New_Component_New_Node,updateUser,New-Component_mexvblrnuq,New-Node_nwiajnvqhv,708610710
Move_Operation_New_Component_New_Node,getByID,New-Component_qsmdspkcgt,New-Node_ipqrjtgezy,670704244
Move_Component_New_Node,Verification,New-Node_qmhwpfwcrm,,444636536
Move_Operation_New_Component_New_Node,login,New-Component_jbggcpavez,New-Node_sqyktafyhp,589158832
Move_Component_New_Node,New-Component_ucsrdwwozh,New-Node_kdoitwlmao,,312397851
Move_Operation_Component,modify,Order-other,,267619620
Move_Operation_New_Component_New_Node,rebook,New-Component_occadfsret,New-Node_qqpvhwlaij,710994240
UMLCloneNode,container-order-other,container-order-other_fzfqmofkfn,,466155485
Move_Component_New_Node,New-Component_ucsrdwwozh,New-Node_kdoitwlmao,,288863504
Move_Operation_Component,modify,Order-other,,258687642
Move_Operation_New_Component_New_Node,rebook,New-Component_occadfsret,New-Node_qqpvhwlaij,692387060
UMLCloneNode,container-order-other,container-order-other_fzfqmofkfn,,495347340
UMLCloneNode,container-admin-user,container-admin-user_trdujmiiju,,569312709
Move_Operation_New_Component_New_Node,rebook,New-Component_thndjfvubh,New-Node_ukwnowhbhh,690278887
Move_Operation_New_Component_New_Node,rebook,New-Component_occadfsret,New-Node_qqpvhwlaij,661472925
Move_Operation_New_Component_New_Node,findAll,New-Component_hsfchvdfjr,New-Node_uqihivzqtw,669740406
UMLCloneNode,container-rebook_hzkqumhsfv,container-rebook_hzkqumhsfv_ebpsnrsamz,,240352983
Move_Operation_New_Component_New_Node,updateUser,New-Component_wdaacrsodc,New-Node_vdijsicgrt,703070903
Move_Operation_New_Component_New_Node,findAll,New-Component_truutgxpmc,New-Node_btqlulcktp,688996072
Move_Operation_Component,modify,Admin-user,,258910931
Move_Component_New_Node,New-Component_xcbmkvvgnw,New-Node_fckvwjojit,,220145494
Move_Operation_New_Component_New_Node,rebook,New-Component_thndjfvubh,New-Node_ukwnowhbhh,634194526
Move_Operation_New_Component_New_Node,rebook,New-Component_occadfsret,New-Node_qqpvhwlaij,632286468
Move_Operation_New_Component_New_Node,findAll,New-Component_hsfchvdfjr,New-Node_uqihivzqtw,599580924
Move_Component_New_Node,New-Component_xcbmkvvgnw,New-Node_fckvwjojit,,260349368
Move_Operation_New_Component_New_Node,rebook,New-Component_thndjfvubh,New-Node_ukwnowhbhh,690725744
Move_Operation_New_Component_New_Node,rebook,New-Component_occadfsret,New-Node_qqpvhwlaij,693774020
Move_Operation_New_Component_New_Node,findAll,New-Component_hsfchvdfjr,New-Node_uqihivzqtw,753588325
Move_Operation_New_Component_New_Node,updateUser,New-Component_mexvblrnuq,New-Node_nwiajnvqhv,715198963
Move_Operation_New_Component_New_Node,getByID,New-Component_qsmdspkcgt,New-Node_ipqrjtgezy,742161058
Move_Component_New_Node,Verification,New-Node_qmhwpfwcrm,,922842355
Move_Operation_New_Component_New_Node,login,New-Component_jbggcpavez,New-Node_sqyktafyhp,827090987
UMLCloneNode,container-order-other,container-order-other_eeikzmhkce,,546831987
Move_Operation_New_Component_New_Node,updateUser,New-Component_wdaacrsodc,New-Node_vdijsicgrt,598692749
Move_Operation_New_Component_New_Node,findAll,New-Component_truutgxpmc,New-Node_btqlulcktp,546472963
Move_Operation_Component,modify,Admin-user,,238343756
Move_Operation_New_Component_New_Node,updateUser,New-Component_mexvblrnuq,New-Node_nwiajnvqhv,746188911
Move_Operation_New_Component_New_Node,getByID,New-Component_qsmdspkcgt,New-Node_ipqrjtgezy,732581026
Move_Component_New_Node,Verification,New-Node_qmhwpfwcrm,,679495017
Move_Operation_New_Component_New_Node,login,New-Component_jbggcpavez,New-Node_sqyktafyhp,601642018
Move_Operation_New_Component_New_Node,updateUser,New-Component_mexvblrnuq,New-Node_nwiajnvqhv,798556463
Move_Operation_New_Component_New_Node,getByID,New-Component_qsmdspkcgt,New-Node_ipqrjtgezy,674562678
Move_Component_New_Node,Verification,New-Node_qmhwpfwcrm,,528629026
Move_Operation_New_Component_New_Node,login,New-Component_jbggcpavez,New-Node_sqyktafyhp,707242354
UMLCloneNode,container-rebook,container-rebook_vkdtpbxeuc,,568247101
Move_Operation_New_Component_New_Node,updateUser,New-Component_wdaacrsodc,New-Node_vdijsicgrt,666146137
Move_Operation_New_Component_New_Node,findAll,New-Component_truutgxpmc,New-Node_btqlulcktp,640025940
UMLCloneNode,container-station,container-station_oulnfgewbt,,469762517
Move_Operation_New_Component_New_Node,login,New-Component_zlecysshzh,New-Node_hjdoogmgcz,728790548
Move_Operation_New_Component_New_Node,updateUser,New-Component_wdaacrsodc,New-Node_vdijsicgrt,694427235
Move_Operation_New_Component_New_Node,findAll,New-Component_truutgxpmc,New-Node_btqlulcktp,694434439
Move_Operation_Component,modify,Admin-user,,257376603
UMLCloneNode,container-order-other,container-order-other_eeikzmhkce,,505477786
Move_Operation_New_Component_New_Node,updateUser,New-Component_wdaacrsodc,New-Node_vdijsicgrt,659365413
Move_Operation_New_Component_New_Node,findAll,New-Component_truutgxpmc,New-Node_btqlulcktp,692052402
Move_Operation_Component,modify,Admin-user,,265137365
UMLCloneNode,container-rebook,container-rebook_vkdtpbxeuc,,487806121
Move_Operation_New_Component_New_Node,updateUser,New-Component_wdaacrsodc,New-Node_vdijsicgrt,649702884
Move_Operation_New_Component_New_Node,findAll,New-Component_truutgxpmc,New-Node_btqlulcktp,670932110
UMLCloneNode,container-station,container-station_oulnfgewbt,,567775046
Move_Operation_New_Component_New_Node,login,New-Component_zlecysshzh,New-Node_hjdoogmgcz,762643204
Move_Operation_New_Component_New_Node,updateUser,New-Component_wdaacrsodc,New-Node_vdijsicgrt,1078362453
Move_Operation_New_Component_New_Node,findAll,New-Component_truutgxpmc,New-Node_btqlulcktp,760452826
Move_Operation_Component,modify,Admin-user,,290134356
UMLCloneNode,container-seat,container-seat_ymnjxwyaqf,,605683055
Move_Operation_New_Component_New_Node,updateUser,New-Component_wdaacrsodc,New-Node_vdijsicgrt,771740221
Move_Operation_New_Component_New_Node,findAll,New-Component_truutgxpmc,New-Node_btqlulcktp,753097756
Move_Operation_Component,modify,Admin-user,,270535408
UMLCloneNode,container-rebook_hzkqumhsfv,container-rebook_hzkqumhsfv_ebpsnrsamz,,276690238
Move_Operation_New_Component_New_Node,updateUser,New-Component_wdaacrsodc,New-Node_vdijsicgrt,605402198
Move_Operation_New_Component_New_Node,findAll,New-Component_truutgxpmc,New-Node_btqlulcktp,690791709
Move_Operation_Component,modify,Admin-user,,286240414
Move_Operation_Component,rebook,Order-other,,348723404
Move_Operation_New_Component_New_Node,rebook,New-Component_kxqrncitdi,New-Node_podiaasgmq,703579326
Move_Operation_New_Component_New_Node,rebook,New-Component_occadfsret,New-Node_qqpvhwlaij,706451621
Move_Operation_New_Component_New_Node,findAll,New-Component_hsfchvdfjr,New-Node_uqihivzqtw,769907775
Move_Component_New_Node,New-Component_xcbmkvvgnw,New-Node_fckvwjojit,,287972613
Move_Operation_New_Component_New_Node,rebook,New-Component_thndjfvubh,New-Node_ukwnowhbhh,738692886
Move_Operation_New_Component_New_Node,rebook,New-Component_occadfsret,New-Node_qqpvhwlaij,722063634
Move_Operation_New_Component_New_Node,findAll,New-Component_hsfchvdfjr,New-Node_uqihivzqtw,727096191
Move_Operation_Component,rebook,Travel-plan,,254898367
Move_Operation_New_Component_New_Node,rebook,New-Component_thndjfvubh,New-Node_ukwnowhbhh,674375216
Move_Operation_New_Component_New_Node,rebook,New-Component_occadfsret,New-Node_qqpvhwlaij,677427971
Move_Operation_New_Component_New_Node,findAll,New-Component_hsfchvdfjr,New-Node_uqihivzqtw,668932522
Move_Operation_New_Component_New_Node,verify,New-Component_xamzzhwklh,New-Node_krfqrfsory,710976837
Move_Operation_New_Component_New_Node,rebook,New-Component_thndjfvubh,New-Node_ukwnowhbhh,810677561
Move_Operation_New_Component_New_Node,rebook,New-Component_occadfsret,New-Node_qqpvhwlaij,676876136
Move_Operation_New_Component_New_Node,findAll,New-Component_hsfchvdfjr,New-Node_uqihivzqtw,547964761
Move_Component_New_Node,New-Component_ucsrdwwozh,New-Node_kdoitwlmao,,256395144
Move_Operation_Component,modify,Order-other,,257812692
Move_Operation_New_Component_New_Node,rebook,New-Component_occadfsret,New-Node_qqpvhwlaij,687398686
UMLCloneNode,container-order-other,container-order-other_fzfqmofkfn,,468943752
UMLCloneNode,container-admin-user,container-admin-user_trdujmiiju,,469801200
Move_Operation_New_Component_New_Node,rebook,New-Component_thndjfvubh,New-Node_ukwnowhbhh,702243381
Move_Operation_New_Component_New_Node,rebook,New-Component_occadfsret,New-Node_qqpvhwlaij,1041764219
Move_Operation_New_Component_New_Node,findAll,New-Component_hsfchvdfjr,New-Node_uqihivzqtw,714391039
Move_Operation_New_Component_New_Node,login,New-Component_zlecysshzh,New-Node_hjdoogmgcz,760193490
Move_Operation_New_Component_New_Node,updateUser,New-Component_wdaacrsodc,New-Node_vdijsicgrt,722617604
Move_Operation_New_Component_New_Node,findAll,New-Component_truutgxpmc,New-Node_btqlulcktp,686573419
Move_Operation_Component,modify,Admin-user,,291552045
UMLCloneNode,container-admin-user,container-admin-user_trdujmiiju,,447764531
Move_Operation_New_Component_New_Node,rebook,New-Component_thndjfvubh,New-Node_ukwnowhbhh,688800535
Move_Operation_New_Component_New_Node,rebook,New-Component_occadfsret,New-Node_qqpvhwlaij,647663832
Move_Operation_New_Component_New_Node,findAll,New-Component_hsfchvdfjr,New-Node_uqihivzqtw,581906002
Move_Operation_New_Component_New_Node,login,New-Component_paogcetzzg,New-Node_hzrjuzyccz,705685605
Move_Operation_New_Component_New_Node,updateUser,New-Component_wdaacrsodc,New-Node_vdijsicgrt,592866945
Move_Operation_New_Component_New_Node,findAll,New-Component_truutgxpmc,New-Node_btqlulcktp,640037973
Move_Operation_Component,modify,Admin-user,,276043795
Move_Operation_New_Component_New_Node,login,New-Component_zlecysshzh,New-Node_hjdoogmgcz,774124170
Move_Operation_New_Component_New_Node,updateUser,New-Component_wdaacrsodc,New-Node_vdijsicgrt,672426934
Move_Operation_New_Component_New_Node,findAll,New-Component_truutgxpmc,New-Node_btqlulcktp,678153050
Move_Operation_Component,modify,Admin-user,,291937427
UMLCloneNode,container-admin-user,container-admin-user_epumdwsziq,,474842624
Move_Operation_New_Component_New_Node,getByID,New-Component_qsmdspkcgt,New-Node_ipqrjtgezy,655272999
Move_Component_New_Node,Verification,New-Node_qmhwpfwcrm,,589747816
Move_Operation_New_Component_New_Node,login,New-Component_jbggcpavez,New-Node_sqyktafyhp,825106205
UMLCloneNode,container-rebook,container-rebook_vkdtpbxeuc,,539057700
Move_Operation_New_Component_New_Node,updateUser,New-Component_wdaacrsodc,New-Node_vdijsicgrt,668664670
Move_Operation_New_Component_New_Node,findAll,New-Component_truutgxpmc,New-Node_btqlulcktp,744655015
UMLCloneNode,container-station,container-station_oulnfgewbt,,475680364
Move_Operation_New_Component_New_Node,getByID,New-Component_fxtmhdtrer,New-Node_bpwrfpxqam,723416131
Move_Operation_New_Component_New_Node,rebook,New-Component_kxqrncitdi,New-Node_podiaasgmq,714297252
Move_Operation_New_Component_New_Node,rebook,New-Component_occadfsret,New-Node_qqpvhwlaij,653910524
Move_Operation_New_Component_New_Node,findAll,New-Component_hsfchvdfjr,New-Node_uqihivzqtw,687630271
Move_Operation_New_Component_New_Node,updateUser,New-Component_qlgqqrjyaa,New-Node_jadohwzebi,976850383
Move_Operation_New_Component_New_Node,updateUser,New-Component_wdaacrsodc,New-Node_vdijsicgrt,761550775
Move_Operation_New_Component_New_Node,findAll,New-Component_truutgxpmc,New-Node_btqlulcktp,741169219
Move_Operation_Component,modify,Admin-user,,262891534
Move_Operation_New_Component_New_Node,updateUser,New-Component_mexvblrnuq,New-Node_nwiajnvqhv,741622609
Move_Operation_New_Component_New_Node,getByID,New-Component_qsmdspkcgt,New-Node_ipqrjtgezy,713829686
Move_Component_New_Node,Verification,New-Node_qmhwpfwcrm,,578750165
Move_Operation_New_Component_New_Node,login,New-Component_jbggcpavez,New-Node_sqyktafyhp,609298865
UMLCloneNode,container-admin-user,container-admin-user_epumdwsziq,,536606163
Move_Operation_New_Component_New_Node,updateUser,New-Component_wdaacrsodc,New-Node_vdijsicgrt,662215767
Move_Operation_New_Component_New_Node,findAll,New-Component_truutgxpmc,New-Node_btqlulcktp,656288924
Move_Operation_Component,modify,Admin-user,,289226804
Move_Operation_New_Component_New_Node,generate,New-Component_ysbuplxlqd,New-Node_pafqnjdwch,649624628
Move_Operation_New_Component_New_Node,updateUser,New-Component_wdaacrsodc,New-Node_vdijsicgrt,677162403
Move_Operation_New_Component_New_Node,findAll,New-Component_truutgxpmc,New-Node_btqlulcktp,647950278
Move_Operation_Component,modify,Admin-user,,309872086
UMLCloneNode,container-order-other,container-order-other_eeikzmhkce,,518404924
Move_Operation_New_Component_New_Node,updateUser,New-Component_wdaacrsodc,New-Node_vdijsicgrt,786132758
Move_Operation_New_Component_New_Node,findAll,New-Component_truutgxpmc,New-Node_btqlulcktp,797657947
Move_Operation_Component,modify,Admin-user,,290291691
Move_Operation_New_Component_New_Node,updateUser,New-Component_mexvblrnuq,New-Node_nwiajnvqhv,758366304
Move_Operation_New_Component_New_Node,getByID,New-Component_qsmdspkcgt,New-Node_ipqrjtgezy,749703851
Move_Component_New_Node,Verification,New-Node_qmhwpfwcrm,,600135855
Move_Operation_New_Component_New_Node,login,New-Component_jbggcpavez,New-Node_sqyktafyhp,954575436
Move_Operation_New_Component_New_Node,updateUser,New-Component_mexvblrnuq,New-Node_nwiajnvqhv,714227612
Move_Operation_New_Component_New_Node,getByID,New-Component_qsmdspkcgt,New-Node_ipqrjtgezy,681908742
Move_Component_New_Node,Verification,New-Node_qmhwpfwcrm,,552274673
Move_Operation_New_Component_New_Node,login,New-Component_jbggcpavez,New-Node_sqyktafyhp,708698635
Move_Component_New_Node,New-Component_xcbmkvvgnw,New-Node_fckvwjojit,,263024834
Move_Operation_New_Component_New_Node,rebook,New-Component_thndjfvubh,New-Node_ukwnowhbhh,878197323
Move_Operation_New_Component_New_Node,rebook,New-Component_occadfsret,New-Node_qqpvhwlaij,605036673
Move_Operation_New_Component_New_Node,findAll,New-Component_hsfchvdfjr,New-Node_uqihivzqtw,586543638
Move_Operation_New_Component_New_Node,findAll,New-Component_xjyearrhku,New-Node_lnbiyeajws,635839721
Move_Operation_Component,modify,Order-other,,260865175
Move_Operation_New_Component_New_Node,rebook,New-Component_occadfsret,New-Node_qqpvhwlaij,843557251
UMLCloneNode,container-order-other,container-order-other_fzfqmofkfn,,507311273
Move_Operation_New_Component_New_Node,getByID,New-Component_fxtmhdtrer,New-Node_bpwrfpxqam,770939830
Move_Operation_New_Component_New_Node,rebook,New-Component_kxqrncitdi,New-Node_podiaasgmq,705979546
Move_Operation_New_Component_New_Node,rebook,New-Component_occadfsret,New-Node_qqpvhwlaij,688838366
Move_Operation_New_Component_New_Node,findAll,New-Component_hsfchvdfjr,New-Node_uqihivzqtw,840757812
Move_Component_New_Node,Admin-user,New-Node_suhjlxvjiv,,587558420
Move_Operation_New_Component_New_Node,rebook,New-Component_thndjfvubh,New-Node_ukwnowhbhh,619966477
Move_Operation_New_Component_New_Node,rebook,New-Component_occadfsret,New-Node_qqpvhwlaij,558917578
Move_Operation_New_Component_New_Node,findAll,New-Component_hsfchvdfjr,New-Node_uqihivzqtw,574381303
Move_Component_New_Node,Ticket-info,New-Node_nbeqnunxow,,675970137
Move_Operation_Component,modify,Order-other,,305765726
Move_Operation_New_Component_New_Node,rebook,New-Component_occadfsret,New-Node_qqpvhwlaij,751545966
UMLCloneNode,container-order-other,container-order-other_fzfqmofkfn,,471114763
Move_Component_New_Node,New-Component_ucsrdwwozh,New-Node_kdoitwlmao,,225671104
Move_Operation_Component,modify,Order-other,,271710982
Move_Operation_New_Component_New_Node,rebook,New-Component_occadfsret,New-Node_qqpvhwlaij,731054242
UMLCloneNode,container-order-other,container-order-other_fzfqmofkfn,,471131946
Move_Operation_New_Component_New_Node,findAll,New-Component_jktngdymnd,New-Node_xzeutlpeup,632820209
Move_Operation_Component,modify,Order-other,,232041770
Move_Operation_New_Component_New_Node,rebook,New-Component_occadfsret,New-Node_qqpvhwlaij,678773523
UMLCloneNode,container-order-other,container-order-other_fzfqmofkfn,,404893175
Move_Operation_New_Component_New_Node,updateUser,New-Component_mexvblrnuq,New-Node_nwiajnvqhv,753093497
Move_Operation_New_Component_New_Node,getByID,New-Component_qsmdspkcgt,New-Node_ipqrjtgezy,705671158
Move_Component_New_Node,Verification,New-Node_qmhwpfwcrm,,519763241
Move_Operation_New_Component_New_Node,login,New-Component_jbggcpavez,New-Node_sqyktafyhp,670338056
UMLCloneNode,container-rebook,container-rebook_vkdtpbxeuc,,535709552
Move_Operation_New_Component_New_Node,updateUser,New-Component_wdaacrsodc,New-Node_vdijsicgrt,778296093
Move_Operation_New_Component_New_Node,findAll,New-Component_truutgxpmc,New-Node_btqlulcktp,718460309
UMLCloneNode,container-station,container-station_oulnfgewbt,,555179068
Move_Operation_New_Component_New_Node,login,New-Component_paogcetzzg,New-Node_hzrjuzyccz,949656433
Move_Operation_New_Component_New_Node,updateUser,New-Component_wdaacrsodc,New-Node_vdijsicgrt,786989013
Move_Operation_New_Component_New_Node,findAll,New-Component_truutgxpmc,New-Node_btqlulcktp,734404996
Move_Operation_Component,modify,Admin-user,,305854202
UMLCloneNode,container-admin-user,container-admin-user_epumdwsziq,,523070172
Move_Operation_New_Component_New_Node,getByID,New-Component_qsmdspkcgt,New-Node_ipqrjtgezy,695098083
Move_Component_New_Node,Verification,New-Node_qmhwpfwcrm,,539318789
Move_Operation_New_Component_New_Node,login,New-Component_jbggcpavez,New-Node_sqyktafyhp,710426956
Move_Component_New_Node,Order-other,New-Node_efybgfjjel,,636860825
Move_Operation_New_Component_New_Node,rebook,New-Component_thndjfvubh,New-Node_ukwnowhbhh,799849587
Move_Operation_New_Component_New_Node,rebook,New-Component_occadfsret,New-Node_qqpvhwlaij,700190362
Move_Operation_New_Component_New_Node,findAll,New-Component_hsfchvdfjr,New-Node_uqihivzqtw,810365204
Move_Operation_New_Component_New_Node,updateUser,New-Component_mexvblrnuq,New-Node_nwiajnvqhv,828148830
Move_Operation_New_Component_New_Node,getByID,New-Component_qsmdspkcgt,New-Node_ipqrjtgezy,665502289
Move_Component_New_Node,Verification,New-Node_qmhwpfwcrm,,616159750
Move_Operation_New_Component_New_Node,login,New-Component_jbggcpavez,New-Node_sqyktafyhp,781529096
UMLCloneNode,container-admin-user,container-admin-user_epumdwsziq,,460548902
Move_Operation_New_Component_New_Node,getByID,New-Component_qsmdspkcgt,New-Node_ipqrjtgezy,676475245
Move_Operation_Component,rebook,Ticket-info,,253488844
Move_Operation_New_Component_New_Node,login,New-Component_jbggcpavez,New-Node_sqyktafyhp,664379133
UMLCloneNode,container-admin-user,container-admin-user_trdujmiiju,,634383741
Move_Operation_New_Component_New_Node,rebook,New-Component_thndjfvubh,New-Node_ukwnowhbhh,804562785
Move_Operation_New_Component_New_Node,rebook,New-Component_occadfsret,New-Node_qqpvhwlaij,747540826
Move_Operation_New_Component_New_Node,findAll,New-Component_hsfchvdfjr,New-Node_uqihivzqtw,1005293074
UMLCloneNode,container-sso,container-sso_gytuoefomq,,535525627
Move_Operation_New_Component_New_Node,getByID,New-Component_qsmdspkcgt,New-Node_ipqrjtgezy,658363965
Move_Component_New_Node,Verification,New-Node_qmhwpfwcrm,,541829797
Move_Operation_New_Component_New_Node,login,New-Component_jbggcpavez,New-Node_sqyktafyhp,735236925
Move_Component_New_Node,Seat,New-Node_hhgxbvfwyi,,698890304
Move_Operation_New_Component_New_Node,updateUser,New-Component_wdaacrsodc,New-Node_vdijsicgrt,748491889
Move_Operation_New_Component_New_Node,findAll,New-Component_truutgxpmc,New-Node_btqlulcktp,782477714
Move_Operation_Component,modify,Admin-user,,294296851
UMLCloneNode,container-order-other,container-order-other_eeikzmhkce,,489495357
Move_Operation_New_Component_New_Node,updateUser,New-Component_wdaacrsodc,New-Node_vdijsicgrt,744246338
Move_Operation_New_Component_New_Node,findAll,New-Component_truutgxpmc,New-Node_btqlulcktp,690460077
Move_Operation_Component,modify,Admin-user,,257950530
UMLCloneNode,container-admin-user,container-admin-user_trdujmiiju,,671991057
Move_Operation_New_Component_New_Node,rebook,New-Component_thndjfvubh,New-Node_ukwnowhbhh,691514564
Move_Operation_New_Component_New_Node,rebook,New-Component_occadfsret,New-Node_qqpvhwlaij,659999822
Move_Operation_New_Component_New_Node,findAll,New-Component_hsfchvdfjr,New-Node_uqihivzqtw,661298508
Move_Component_New_Node,New-Component_xcbmkvvgnw,New-Node_fckvwjojit,,263739314
Move_Operation_New_Component_New_Node,rebook,New-Component_thndjfvubh,New-Node_ukwnowhbhh,732813160
Move_Operation_New_Component_New_Node,rebook,New-Component_occadfsret,New-Node_qqpvhwlaij,657491508
Move_Operation_New_Component_New_Node,findAll,New-Component_hsfchvdfjr,New-Node_uqihivzqtw,748588710
Move_Operation_New_Component_New_Node,getByID,New-Component_fxtmhdtrer,New-Node_bpwrfpxqam,753329931
Move_Operation_New_Component_New_Node,rebook,New-Component_kxqrncitdi,New-Node_podiaasgmq,736814303
Move_Operation_New_Component_New_Node,rebook,New-Component_occadfsret,New-Node_qqpvhwlaij,736072522
Move_Operation_New_Component_New_Node,findAll,New-Component_hsfchvdfjr,New-Node_uqihivzqtw,746850001
Move_Operation_New_Component_New_Node,updateUser,New-Component_mexvblrnuq,New-Node_nwiajnvqhv,758506708
Move_Operation_New_Component_New_Node,getByID,New-Component_qsmdspkcgt,New-Node_ipqrjtgezy,678266994
Move_Component_New_Node,Verification,New-Node_qmhwpfwcrm,,555439016
Move_Operation_New_Component_New_Node,login,New-Component_jbggcpavez,New-Node_sqyktafyhp,669514262
Move_Operation_New_Component_New_Node,generate,New-Component_ysbuplxlqd,New-Node_pafqnjdwch,700402269
Move_Operation_New_Component_New_Node,updateUser,New-Component_wdaacrsodc,New-Node_vdijsicgrt,887687017
Move_Operation_New_Component_New_Node,findAll,New-Component_truutgxpmc,New-Node_btqlulcktp,568060061
Move_Operation_Component,modify,Admin-user,,225370812
Move_Operation_New_Component_New_Node,login,New-Component_paogcetzzg,New-Node_hzrjuzyccz,667832839
Move_Operation_New_Component_New_Node,updateUser,New-Component_wdaacrsodc,New-Node_vdijsicgrt,597795826
Move_Operation_New_Component_New_Node,findAll,New-Component_truutgxpmc,New-Node_btqlulcktp,547564020
Move_Operation_Component,modify,Admin-user,,230856527
UMLCloneNode,container-rebook,container-rebook_vkdtpbxeuc,,567790044
Move_Operation_New_Component_New_Node,updateUser,New-Component_wdaacrsodc,New-Node_vdijsicgrt,787868562
Move_Operation_New_Component_New_Node,findAll,New-Component_truutgxpmc,New-Node_btqlulcktp,741574108
UMLCloneNode,container-station,container-station_oulnfgewbt,,546803904
UMLCloneNode,container-rebook_hzkqumhsfv,container-rebook_hzkqumhsfv_ebpsnrsamz,,195806937
Move_Operation_New_Component_New_Node,updateUser,New-Component_wdaacrsodc,New-Node_vdijsicgrt,587618513
Move_Operation_New_Component_New_Node,findAll,New-Component_truutgxpmc,New-Node_btqlulcktp,630208813
Move_Operation_Component,modify,Admin-user,,247479175
Move_Operation_New_Component_New_Node,login,New-Component_ybsvdvbvew,New-Node_hnyzkuppoz,780244416
Move_Operation_New_Component_New_Node,updateUser,New-Component_wdaacrsodc,New-Node_vdijsicgrt,677706263
Move_Operation_New_Component_New_Node,findAll,New-Component_truutgxpmc,New-Node_btqlulcktp,685940873
Move_Operation_Component,modify,Admin-user,,250812646
UMLCloneNode,container-order-other,container-order-other_wqjwinbxml,,474005393
Move_Operation_New_Component_New_Node,rebook,New-Component_kxqrncitdi,New-Node_podiaasgmq,726643322
Move_Operation_New_Component_New_Node,rebook,New-Component_occadfsret,New-Node_qqpvhwlaij,677786112
Move_Operation_New_Component_New_Node,findAll,New-Component_hsfchvdfjr,New-Node_uqihivzqtw,667029433
UMLCloneNode,container-admin-user,container-admin-user_trdujmiiju,,466664820
Move_Operation_New_Component_New_Node,rebook,New-Component_thndjfvubh,New-Node_ukwnowhbhh,727766778
Move_Operation_New_Component_New_Node,rebook,New-Component_occadfsret,New-Node_qqpvhwlaij,695063468
Move_Operation_New_Component_New_Node,findAll,New-Component_hsfchvdfjr,New-Node_uqihivzqtw,672954723
UMLCloneNode,container-sso,container-sso_gytuoefomq,,405790857
Move_Operation_New_Component_New_Node,getByID,New-Component_qsmdspkcgt,New-Node_ipqrjtgezy,560755183
Move_Component_New_Node,Verification,New-Node_qmhwpfwcrm,,493437048
Move_Operation_New_Component_New_Node,login,New-Component_jbggcpavez,New-Node_sqyktafyhp,626581942
Move_Operation_New_Component_New_Node,updateUser,New-Component_mexvblrnuq,New-Node_nwiajnvqhv,674932180
Move_Operation_New_Component_New_Node,getByID,New-Component_qsmdspkcgt,New-Node_ipqrjtgezy,634550243
Move_Component_New_Node,Verification,New-Node_qmhwpfwcrm,,568485809
Move_Operation_New_Component_New_Node,login,New-Component_jbggcpavez,New-Node_sqyktafyhp,713629771
UMLCloneNode,container-admin-user,container-admin-user_epumdwsziq,,578690853
Move_Operation_New_Component_New_Node,getByID,New-Component_qsmdspkcgt,New-Node_ipqrjtgezy,764030535
Move_Component_New_Node,Verification,New-Node_qmhwpfwcrm,,612022722
Move_Operation_New_Component_New_Node,login,New-Component_jbggcpavez,New-Node_sqyktafyhp,843353319
Move_Component_New_Node,New-Component_xcbmkvvgnw,New-Node_fckvwjojit,,283311823
Move_Operation_New_Component_New_Node,rebook,New-Component_thndjfvubh,New-Node_ukwnowhbhh,735634841
Move_Operation_New_Component_New_Node,rebook,New-Component_occadfsret,New-Node_qqpvhwlaij,638993654
Move_Operation_New_Component_New_Node,findAll,New-Component_hsfchvdfjr,New-Node_uqihivzqtw,694182687
