algorithm,problem,solID,step,exec_time(milliSec)
simplified-cocome,simplified-cocome__BRF_clone_1.23__moc_1.64__mcnn_1.80__moncnn_1.45__MaxEval_102__ProbPAs_0.95__sb_byTime_sbth_3600000__Algo_pesa2,0,uml2lqn,7634
NSGA,simplified-cocome__BRF_clone_1.23__moc_1.64__mcnn_1.80__moncnn_1.45__MaxEval_102__ProbPAs_0.95__sb_byTime_sbth_3600000__Algo_pesa2,0,invoke_solver,298
NSGA,simplified-cocome__BRF_clone_1.23__moc_1.64__mcnn_1.80__moncnn_1.45__MaxEval_102__ProbPAs_0.95__sb_byTime_sbth_3600000__Algo_pesa2,0,lqn2uml,1516
NSGA,simplified-cocome__BRF_clone_1.23__moc_1.64__mcnn_1.80__moncnn_1.45__MaxEval_102__ProbPAs_0.95__sb_byTime_sbth_3600000__Algo_pesa2,0,counting_pas,0,12250
simplified-cocome,simplified-cocome__BRF_clone_1.23__moc_1.64__mcnn_1.80__moncnn_1.45__MaxEval_102__ProbPAs_0.95__sb_byTime_sbth_3600000__Algo_pesa2,0,perfQ,411
simplified-cocome,simplified-cocome__BRF_clone_1.23__moc_1.64__mcnn_1.80__moncnn_1.45__MaxEval_102__ProbPAs_0.95__sb_byTime_sbth_3600000__Algo_pesa2,reliability,415
simplified-cocome,simplified-cocome__BRF_clone_1.23__moc_1.64__mcnn_1.80__moncnn_1.45__MaxEval_102__ProbPAs_0.95__sb_byTime_sbth_3600000__Algo_pesa2,1,uml2lqn,2253
NSGA,simplified-cocome__BRF_clone_1.23__moc_1.64__mcnn_1.80__moncnn_1.45__MaxEval_102__ProbPAs_0.95__sb_byTime_sbth_3600000__Algo_pesa2,1,invoke_solver,232
NSGA,simplified-cocome__BRF_clone_1.23__moc_1.64__mcnn_1.80__moncnn_1.45__MaxEval_102__ProbPAs_0.95__sb_byTime_sbth_3600000__Algo_pesa2,1,lqn2uml,413
NSGA,simplified-cocome__BRF_clone_1.23__moc_1.64__mcnn_1.80__moncnn_1.45__MaxEval_102__ProbPAs_0.95__sb_byTime_sbth_3600000__Algo_pesa2,1,counting_pas,1,7089
simplified-cocome,simplified-cocome__BRF_clone_1.23__moc_1.64__mcnn_1.80__moncnn_1.45__MaxEval_102__ProbPAs_0.95__sb_byTime_sbth_3600000__Algo_pesa2,1,perfQ,330
simplified-cocome,simplified-cocome__BRF_clone_1.23__moc_1.64__mcnn_1.80__moncnn_1.45__MaxEval_102__ProbPAs_0.95__sb_byTime_sbth_3600000__Algo_pesa2,reliability,171
simplified-cocome,simplified-cocome__BRF_clone_1.23__moc_1.64__mcnn_1.80__moncnn_1.45__MaxEval_102__ProbPAs_0.95__sb_byTime_sbth_3600000__Algo_pesa2,2,uml2lqn,1960
NSGA,simplified-cocome__BRF_clone_1.23__moc_1.64__mcnn_1.80__moncnn_1.45__MaxEval_102__ProbPAs_0.95__sb_byTime_sbth_3600000__Algo_pesa2,2,invoke_solver,205
NSGA,simplified-cocome__BRF_clone_1.23__moc_1.64__mcnn_1.80__moncnn_1.45__MaxEval_102__ProbPAs_0.95__sb_byTime_sbth_3600000__Algo_pesa2,2,lqn2uml,383
NSGA,simplified-cocome__BRF_clone_1.23__moc_1.64__mcnn_1.80__moncnn_1.45__MaxEval_102__ProbPAs_0.95__sb_byTime_sbth_3600000__Algo_pesa2,2,counting_pas,2,8639
simplified-cocome,simplified-cocome__BRF_clone_1.23__moc_1.64__mcnn_1.80__moncnn_1.45__MaxEval_102__ProbPAs_0.95__sb_byTime_sbth_3600000__Algo_pesa2,2,perfQ,388
simplified-cocome,simplified-cocome__BRF_clone_1.23__moc_1.64__mcnn_1.80__moncnn_1.45__MaxEval_102__ProbPAs_0.95__sb_byTime_sbth_3600000__Algo_pesa2,reliability,215
simplified-cocome,simplified-cocome__BRF_clone_1.23__moc_1.64__mcnn_1.80__moncnn_1.45__MaxEval_102__ProbPAs_0.95__sb_byTime_sbth_3600000__Algo_pesa2,3,uml2lqn,1728
NSGA,simplified-cocome__BRF_clone_1.23__moc_1.64__mcnn_1.80__moncnn_1.45__MaxEval_102__ProbPAs_0.95__sb_byTime_sbth_3600000__Algo_pesa2,3,invoke_solver,31
NSGA,simplified-cocome__BRF_clone_1.23__moc_1.64__mcnn_1.80__moncnn_1.45__MaxEval_102__ProbPAs_0.95__sb_byTime_sbth_3600000__Algo_pesa2,3,lqn2uml,359
NSGA,simplified-cocome__BRF_clone_1.23__moc_1.64__mcnn_1.80__moncnn_1.45__MaxEval_102__ProbPAs_0.95__sb_byTime_sbth_3600000__Algo_pesa2,3,counting_pas,3,6971
simplified-cocome,simplified-cocome__BRF_clone_1.23__moc_1.64__mcnn_1.80__moncnn_1.45__MaxEval_102__ProbPAs_0.95__sb_byTime_sbth_3600000__Algo_pesa2,3,perfQ,348
simplified-cocome,simplified-cocome__BRF_clone_1.23__moc_1.64__mcnn_1.80__moncnn_1.45__MaxEval_102__ProbPAs_0.95__sb_byTime_sbth_3600000__Algo_pesa2,reliability,161
simplified-cocome,simplified-cocome__BRF_clone_1.23__moc_1.64__mcnn_1.80__moncnn_1.45__MaxEval_102__ProbPAs_0.95__sb_byTime_sbth_3600000__Algo_pesa2,4,uml2lqn,1809
NSGA,simplified-cocome__BRF_clone_1.23__moc_1.64__mcnn_1.80__moncnn_1.45__MaxEval_102__ProbPAs_0.95__sb_byTime_sbth_3600000__Algo_pesa2,4,invoke_solver,228
NSGA,simplified-cocome__BRF_clone_1.23__moc_1.64__mcnn_1.80__moncnn_1.45__MaxEval_102__ProbPAs_0.95__sb_byTime_sbth_3600000__Algo_pesa2,4,lqn2uml,327
NSGA,simplified-cocome__BRF_clone_1.23__moc_1.64__mcnn_1.80__moncnn_1.45__MaxEval_102__ProbPAs_0.95__sb_byTime_sbth_3600000__Algo_pesa2,4,counting_pas,4,6542
simplified-cocome,simplified-cocome__BRF_clone_1.23__moc_1.64__mcnn_1.80__moncnn_1.45__MaxEval_102__ProbPAs_0.95__sb_byTime_sbth_3600000__Algo_pesa2,4,perfQ,294
simplified-cocome,simplified-cocome__BRF_clone_1.23__moc_1.64__mcnn_1.80__moncnn_1.45__MaxEval_102__ProbPAs_0.95__sb_byTime_sbth_3600000__Algo_pesa2,reliability,124
simplified-cocome,simplified-cocome__BRF_clone_1.23__moc_1.64__mcnn_1.80__moncnn_1.45__MaxEval_102__ProbPAs_0.95__sb_byTime_sbth_3600000__Algo_pesa2,5,uml2lqn,1410
NSGA,simplified-cocome__BRF_clone_1.23__moc_1.64__mcnn_1.80__moncnn_1.45__MaxEval_102__ProbPAs_0.95__sb_byTime_sbth_3600000__Algo_pesa2,5,invoke_solver,41
NSGA,simplified-cocome__BRF_clone_1.23__moc_1.64__mcnn_1.80__moncnn_1.45__MaxEval_102__ProbPAs_0.95__sb_byTime_sbth_3600000__Algo_pesa2,5,lqn2uml,318
NSGA,simplified-cocome__BRF_clone_1.23__moc_1.64__mcnn_1.80__moncnn_1.45__MaxEval_102__ProbPAs_0.95__sb_byTime_sbth_3600000__Algo_pesa2,5,counting_pas,5,6332
simplified-cocome,simplified-cocome__BRF_clone_1.23__moc_1.64__mcnn_1.80__moncnn_1.45__MaxEval_102__ProbPAs_0.95__sb_byTime_sbth_3600000__Algo_pesa2,5,perfQ,310
simplified-cocome,simplified-cocome__BRF_clone_1.23__moc_1.64__mcnn_1.80__moncnn_1.45__MaxEval_102__ProbPAs_0.95__sb_byTime_sbth_3600000__Algo_pesa2,reliability,170
simplified-cocome,simplified-cocome__BRF_clone_1.23__moc_1.64__mcnn_1.80__moncnn_1.45__MaxEval_102__ProbPAs_0.95__sb_byTime_sbth_3600000__Algo_pesa2,6,uml2lqn,1611
NSGA,simplified-cocome__BRF_clone_1.23__moc_1.64__mcnn_1.80__moncnn_1.45__MaxEval_102__ProbPAs_0.95__sb_byTime_sbth_3600000__Algo_pesa2,6,invoke_solver,46
NSGA,simplified-cocome__BRF_clone_1.23__moc_1.64__mcnn_1.80__moncnn_1.45__MaxEval_102__ProbPAs_0.95__sb_byTime_sbth_3600000__Algo_pesa2,6,lqn2uml,361
NSGA,simplified-cocome__BRF_clone_1.23__moc_1.64__mcnn_1.80__moncnn_1.45__MaxEval_102__ProbPAs_0.95__sb_byTime_sbth_3600000__Algo_pesa2,6,counting_pas,6,6548
simplified-cocome,simplified-cocome__BRF_clone_1.23__moc_1.64__mcnn_1.80__moncnn_1.45__MaxEval_102__ProbPAs_0.95__sb_byTime_sbth_3600000__Algo_pesa2,6,perfQ,355
simplified-cocome,simplified-cocome__BRF_clone_1.23__moc_1.64__mcnn_1.80__moncnn_1.45__MaxEval_102__ProbPAs_0.95__sb_byTime_sbth_3600000__Algo_pesa2,reliability,131
simplified-cocome,simplified-cocome__BRF_clone_1.23__moc_1.64__mcnn_1.80__moncnn_1.45__MaxEval_102__ProbPAs_0.95__sb_byTime_sbth_3600000__Algo_pesa2,7,uml2lqn,1574
NSGA,simplified-cocome__BRF_clone_1.23__moc_1.64__mcnn_1.80__moncnn_1.45__MaxEval_102__ProbPAs_0.95__sb_byTime_sbth_3600000__Algo_pesa2,7,invoke_solver,33
NSGA,simplified-cocome__BRF_clone_1.23__moc_1.64__mcnn_1.80__moncnn_1.45__MaxEval_102__ProbPAs_0.95__sb_byTime_sbth_3600000__Algo_pesa2,7,lqn2uml,455
NSGA,simplified-cocome__BRF_clone_1.23__moc_1.64__mcnn_1.80__moncnn_1.45__MaxEval_102__ProbPAs_0.95__sb_byTime_sbth_3600000__Algo_pesa2,7,counting_pas,7,5968
simplified-cocome,simplified-cocome__BRF_clone_1.23__moc_1.64__mcnn_1.80__moncnn_1.45__MaxEval_102__ProbPAs_0.95__sb_byTime_sbth_3600000__Algo_pesa2,7,perfQ,349
simplified-cocome,simplified-cocome__BRF_clone_1.23__moc_1.64__mcnn_1.80__moncnn_1.45__MaxEval_102__ProbPAs_0.95__sb_byTime_sbth_3600000__Algo_pesa2,reliability,126
simplified-cocome,simplified-cocome__BRF_clone_1.23__moc_1.64__mcnn_1.80__moncnn_1.45__MaxEval_102__ProbPAs_0.95__sb_byTime_sbth_3600000__Algo_pesa2,8,uml2lqn,1781
NSGA,simplified-cocome__BRF_clone_1.23__moc_1.64__mcnn_1.80__moncnn_1.45__MaxEval_102__ProbPAs_0.95__sb_byTime_sbth_3600000__Algo_pesa2,8,invoke_solver,239
NSGA,simplified-cocome__BRF_clone_1.23__moc_1.64__mcnn_1.80__moncnn_1.45__MaxEval_102__ProbPAs_0.95__sb_byTime_sbth_3600000__Algo_pesa2,8,lqn2uml,401
NSGA,simplified-cocome__BRF_clone_1.23__moc_1.64__mcnn_1.80__moncnn_1.45__MaxEval_102__ProbPAs_0.95__sb_byTime_sbth_3600000__Algo_pesa2,8,counting_pas,8,6177
simplified-cocome,simplified-cocome__BRF_clone_1.23__moc_1.64__mcnn_1.80__moncnn_1.45__MaxEval_102__ProbPAs_0.95__sb_byTime_sbth_3600000__Algo_pesa2,8,perfQ,375
simplified-cocome,simplified-cocome__BRF_clone_1.23__moc_1.64__mcnn_1.80__moncnn_1.45__MaxEval_102__ProbPAs_0.95__sb_byTime_sbth_3600000__Algo_pesa2,reliability,133
simplified-cocome,simplified-cocome__BRF_clone_1.23__moc_1.64__mcnn_1.80__moncnn_1.45__MaxEval_102__ProbPAs_0.95__sb_byTime_sbth_3600000__Algo_pesa2,9,uml2lqn,1828
NSGA,simplified-cocome__BRF_clone_1.23__moc_1.64__mcnn_1.80__moncnn_1.45__MaxEval_102__ProbPAs_0.95__sb_byTime_sbth_3600000__Algo_pesa2,9,invoke_solver,336
NSGA,simplified-cocome__BRF_clone_1.23__moc_1.64__mcnn_1.80__moncnn_1.45__MaxEval_102__ProbPAs_0.95__sb_byTime_sbth_3600000__Algo_pesa2,9,lqn2uml,475
NSGA,simplified-cocome__BRF_clone_1.23__moc_1.64__mcnn_1.80__moncnn_1.45__MaxEval_102__ProbPAs_0.95__sb_byTime_sbth_3600000__Algo_pesa2,9,counting_pas,9,6139
simplified-cocome,simplified-cocome__BRF_clone_1.23__moc_1.64__mcnn_1.80__moncnn_1.45__MaxEval_102__ProbPAs_0.95__sb_byTime_sbth_3600000__Algo_pesa2,9,perfQ,331
simplified-cocome,simplified-cocome__BRF_clone_1.23__moc_1.64__mcnn_1.80__moncnn_1.45__MaxEval_102__ProbPAs_0.95__sb_byTime_sbth_3600000__Algo_pesa2,reliability,161
simplified-cocome,simplified-cocome__BRF_clone_1.23__moc_1.64__mcnn_1.80__moncnn_1.45__MaxEval_102__ProbPAs_0.95__sb_byTime_sbth_3600000__Algo_pesa2,10,uml2lqn,1840
NSGA,simplified-cocome__BRF_clone_1.23__moc_1.64__mcnn_1.80__moncnn_1.45__MaxEval_102__ProbPAs_0.95__sb_byTime_sbth_3600000__Algo_pesa2,10,invoke_solver,234
NSGA,simplified-cocome__BRF_clone_1.23__moc_1.64__mcnn_1.80__moncnn_1.45__MaxEval_102__ProbPAs_0.95__sb_byTime_sbth_3600000__Algo_pesa2,10,lqn2uml,354
NSGA,simplified-cocome__BRF_clone_1.23__moc_1.64__mcnn_1.80__moncnn_1.45__MaxEval_102__ProbPAs_0.95__sb_byTime_sbth_3600000__Algo_pesa2,10,counting_pas,10,6553
simplified-cocome,simplified-cocome__BRF_clone_1.23__moc_1.64__mcnn_1.80__moncnn_1.45__MaxEval_102__ProbPAs_0.95__sb_byTime_sbth_3600000__Algo_pesa2,10,perfQ,307
simplified-cocome,simplified-cocome__BRF_clone_1.23__moc_1.64__mcnn_1.80__moncnn_1.45__MaxEval_102__ProbPAs_0.95__sb_byTime_sbth_3600000__Algo_pesa2,reliability,114
simplified-cocome,simplified-cocome__BRF_clone_1.23__moc_1.64__mcnn_1.80__moncnn_1.45__MaxEval_102__ProbPAs_0.95__sb_byTime_sbth_3600000__Algo_pesa2,11,uml2lqn,1492
NSGA,simplified-cocome__BRF_clone_1.23__moc_1.64__mcnn_1.80__moncnn_1.45__MaxEval_102__ProbPAs_0.95__sb_byTime_sbth_3600000__Algo_pesa2,11,invoke_solver,181
NSGA,simplified-cocome__BRF_clone_1.23__moc_1.64__mcnn_1.80__moncnn_1.45__MaxEval_102__ProbPAs_0.95__sb_byTime_sbth_3600000__Algo_pesa2,11,lqn2uml,379
NSGA,simplified-cocome__BRF_clone_1.23__moc_1.64__mcnn_1.80__moncnn_1.45__MaxEval_102__ProbPAs_0.95__sb_byTime_sbth_3600000__Algo_pesa2,11,counting_pas,11,7142
simplified-cocome,simplified-cocome__BRF_clone_1.23__moc_1.64__mcnn_1.80__moncnn_1.45__MaxEval_102__ProbPAs_0.95__sb_byTime_sbth_3600000__Algo_pesa2,11,perfQ,354
simplified-cocome,simplified-cocome__BRF_clone_1.23__moc_1.64__mcnn_1.80__moncnn_1.45__MaxEval_102__ProbPAs_0.95__sb_byTime_sbth_3600000__Algo_pesa2,reliability,144
simplified-cocome,simplified-cocome__BRF_clone_1.23__moc_1.64__mcnn_1.80__moncnn_1.45__MaxEval_102__ProbPAs_0.95__sb_byTime_sbth_3600000__Algo_pesa2,12,uml2lqn,2091
NSGA,simplified-cocome__BRF_clone_1.23__moc_1.64__mcnn_1.80__moncnn_1.45__MaxEval_102__ProbPAs_0.95__sb_byTime_sbth_3600000__Algo_pesa2,12,invoke_solver,225
NSGA,simplified-cocome__BRF_clone_1.23__moc_1.64__mcnn_1.80__moncnn_1.45__MaxEval_102__ProbPAs_0.95__sb_byTime_sbth_3600000__Algo_pesa2,12,lqn2uml,344
NSGA,simplified-cocome__BRF_clone_1.23__moc_1.64__mcnn_1.80__moncnn_1.45__MaxEval_102__ProbPAs_0.95__sb_byTime_sbth_3600000__Algo_pesa2,12,counting_pas,12,7172
simplified-cocome,simplified-cocome__BRF_clone_1.23__moc_1.64__mcnn_1.80__moncnn_1.45__MaxEval_102__ProbPAs_0.95__sb_byTime_sbth_3600000__Algo_pesa2,12,perfQ,314
simplified-cocome,simplified-cocome__BRF_clone_1.23__moc_1.64__mcnn_1.80__moncnn_1.45__MaxEval_102__ProbPAs_0.95__sb_byTime_sbth_3600000__Algo_pesa2,reliability,125
simplified-cocome,simplified-cocome__BRF_clone_1.23__moc_1.64__mcnn_1.80__moncnn_1.45__MaxEval_102__ProbPAs_0.95__sb_byTime_sbth_3600000__Algo_pesa2,13,uml2lqn,1853
NSGA,simplified-cocome__BRF_clone_1.23__moc_1.64__mcnn_1.80__moncnn_1.45__MaxEval_102__ProbPAs_0.95__sb_byTime_sbth_3600000__Algo_pesa2,13,invoke_solver,298
NSGA,simplified-cocome__BRF_clone_1.23__moc_1.64__mcnn_1.80__moncnn_1.45__MaxEval_102__ProbPAs_0.95__sb_byTime_sbth_3600000__Algo_pesa2,13,lqn2uml,348
NSGA,simplified-cocome__BRF_clone_1.23__moc_1.64__mcnn_1.80__moncnn_1.45__MaxEval_102__ProbPAs_0.95__sb_byTime_sbth_3600000__Algo_pesa2,13,counting_pas,13,7037
simplified-cocome,simplified-cocome__BRF_clone_1.23__moc_1.64__mcnn_1.80__moncnn_1.45__MaxEval_102__ProbPAs_0.95__sb_byTime_sbth_3600000__Algo_pesa2,13,perfQ,276
simplified-cocome,simplified-cocome__BRF_clone_1.23__moc_1.64__mcnn_1.80__moncnn_1.45__MaxEval_102__ProbPAs_0.95__sb_byTime_sbth_3600000__Algo_pesa2,reliability,104
simplified-cocome,simplified-cocome__BRF_clone_1.23__moc_1.64__mcnn_1.80__moncnn_1.45__MaxEval_102__ProbPAs_0.95__sb_byTime_sbth_3600000__Algo_pesa2,14,uml2lqn,1717
NSGA,simplified-cocome__BRF_clone_1.23__moc_1.64__mcnn_1.80__moncnn_1.45__MaxEval_102__ProbPAs_0.95__sb_byTime_sbth_3600000__Algo_pesa2,14,invoke_solver,165
NSGA,simplified-cocome__BRF_clone_1.23__moc_1.64__mcnn_1.80__moncnn_1.45__MaxEval_102__ProbPAs_0.95__sb_byTime_sbth_3600000__Algo_pesa2,14,lqn2uml,335
NSGA,simplified-cocome__BRF_clone_1.23__moc_1.64__mcnn_1.80__moncnn_1.45__MaxEval_102__ProbPAs_0.95__sb_byTime_sbth_3600000__Algo_pesa2,14,counting_pas,14,6271
simplified-cocome,simplified-cocome__BRF_clone_1.23__moc_1.64__mcnn_1.80__moncnn_1.45__MaxEval_102__ProbPAs_0.95__sb_byTime_sbth_3600000__Algo_pesa2,14,perfQ,239
simplified-cocome,simplified-cocome__BRF_clone_1.23__moc_1.64__mcnn_1.80__moncnn_1.45__MaxEval_102__ProbPAs_0.95__sb_byTime_sbth_3600000__Algo_pesa2,reliability,128
simplified-cocome,simplified-cocome__BRF_clone_1.23__moc_1.64__mcnn_1.80__moncnn_1.45__MaxEval_102__ProbPAs_0.95__sb_byTime_sbth_3600000__Algo_pesa2,15,uml2lqn,1573
NSGA,simplified-cocome__BRF_clone_1.23__moc_1.64__mcnn_1.80__moncnn_1.45__MaxEval_102__ProbPAs_0.95__sb_byTime_sbth_3600000__Algo_pesa2,15,invoke_solver,216
NSGA,simplified-cocome__BRF_clone_1.23__moc_1.64__mcnn_1.80__moncnn_1.45__MaxEval_102__ProbPAs_0.95__sb_byTime_sbth_3600000__Algo_pesa2,15,lqn2uml,306
NSGA,simplified-cocome__BRF_clone_1.23__moc_1.64__mcnn_1.80__moncnn_1.45__MaxEval_102__ProbPAs_0.95__sb_byTime_sbth_3600000__Algo_pesa2,15,counting_pas,15,5622
simplified-cocome,simplified-cocome__BRF_clone_1.23__moc_1.64__mcnn_1.80__moncnn_1.45__MaxEval_102__ProbPAs_0.95__sb_byTime_sbth_3600000__Algo_pesa2,15,perfQ,277
simplified-cocome,simplified-cocome__BRF_clone_1.23__moc_1.64__mcnn_1.80__moncnn_1.45__MaxEval_102__ProbPAs_0.95__sb_byTime_sbth_3600000__Algo_pesa2,reliability,127
simplified-cocome,simplified-cocome__BRF_clone_1.23__moc_1.64__mcnn_1.80__moncnn_1.45__MaxEval_102__ProbPAs_0.95__sb_byTime_sbth_3600000__Algo_pesa2,16,uml2lqn,2202
NSGA,simplified-cocome__BRF_clone_1.23__moc_1.64__mcnn_1.80__moncnn_1.45__MaxEval_102__ProbPAs_0.95__sb_byTime_sbth_3600000__Algo_pesa2,16,invoke_solver,43
NSGA,simplified-cocome__BRF_clone_1.23__moc_1.64__mcnn_1.80__moncnn_1.45__MaxEval_102__ProbPAs_0.95__sb_byTime_sbth_3600000__Algo_pesa2,16,lqn2uml,910
NSGA,simplified-cocome__BRF_clone_1.23__moc_1.64__mcnn_1.80__moncnn_1.45__MaxEval_102__ProbPAs_0.95__sb_byTime_sbth_3600000__Algo_pesa2,16,counting_pas,16,7284
simplified-cocome,simplified-cocome__BRF_clone_1.23__moc_1.64__mcnn_1.80__moncnn_1.45__MaxEval_102__ProbPAs_0.95__sb_byTime_sbth_3600000__Algo_pesa2,16,perfQ,554
simplified-cocome,simplified-cocome__BRF_clone_1.23__moc_1.64__mcnn_1.80__moncnn_1.45__MaxEval_102__ProbPAs_0.95__sb_byTime_sbth_3600000__Algo_pesa2,reliability,176
simplified-cocome,simplified-cocome__BRF_clone_1.23__moc_1.64__mcnn_1.80__moncnn_1.45__MaxEval_102__ProbPAs_0.95__sb_byTime_sbth_3600000__Algo_pesa2,20,uml2lqn,2454
NSGA,simplified-cocome__BRF_clone_1.23__moc_1.64__mcnn_1.80__moncnn_1.45__MaxEval_102__ProbPAs_0.95__sb_byTime_sbth_3600000__Algo_pesa2,20,invoke_solver,273
NSGA,simplified-cocome__BRF_clone_1.23__moc_1.64__mcnn_1.80__moncnn_1.45__MaxEval_102__ProbPAs_0.95__sb_byTime_sbth_3600000__Algo_pesa2,20,lqn2uml,508
NSGA,simplified-cocome__BRF_clone_1.23__moc_1.64__mcnn_1.80__moncnn_1.45__MaxEval_102__ProbPAs_0.95__sb_byTime_sbth_3600000__Algo_pesa2,20,counting_pas,20,8174
simplified-cocome,simplified-cocome__BRF_clone_1.23__moc_1.64__mcnn_1.80__moncnn_1.45__MaxEval_102__ProbPAs_0.95__sb_byTime_sbth_3600000__Algo_pesa2,20,perfQ,597
simplified-cocome,simplified-cocome__BRF_clone_1.23__moc_1.64__mcnn_1.80__moncnn_1.45__MaxEval_102__ProbPAs_0.95__sb_byTime_sbth_3600000__Algo_pesa2,reliability,137
simplified-cocome,simplified-cocome__BRF_clone_1.23__moc_1.64__mcnn_1.80__moncnn_1.45__MaxEval_102__ProbPAs_0.95__sb_byTime_sbth_3600000__Algo_pesa2,24,uml2lqn,2357
NSGA,simplified-cocome__BRF_clone_1.23__moc_1.64__mcnn_1.80__moncnn_1.45__MaxEval_102__ProbPAs_0.95__sb_byTime_sbth_3600000__Algo_pesa2,24,invoke_solver,253
NSGA,simplified-cocome__BRF_clone_1.23__moc_1.64__mcnn_1.80__moncnn_1.45__MaxEval_102__ProbPAs_0.95__sb_byTime_sbth_3600000__Algo_pesa2,24,lqn2uml,562
NSGA,simplified-cocome__BRF_clone_1.23__moc_1.64__mcnn_1.80__moncnn_1.45__MaxEval_102__ProbPAs_0.95__sb_byTime_sbth_3600000__Algo_pesa2,24,counting_pas,24,7589
simplified-cocome,simplified-cocome__BRF_clone_1.23__moc_1.64__mcnn_1.80__moncnn_1.45__MaxEval_102__ProbPAs_0.95__sb_byTime_sbth_3600000__Algo_pesa2,24,perfQ,539
simplified-cocome,simplified-cocome__BRF_clone_1.23__moc_1.64__mcnn_1.80__moncnn_1.45__MaxEval_102__ProbPAs_0.95__sb_byTime_sbth_3600000__Algo_pesa2,reliability,167
simplified-cocome,simplified-cocome__BRF_clone_1.23__moc_1.64__mcnn_1.80__moncnn_1.45__MaxEval_102__ProbPAs_0.95__sb_byTime_sbth_3600000__Algo_pesa2,28,uml2lqn,2579
NSGA,simplified-cocome__BRF_clone_1.23__moc_1.64__mcnn_1.80__moncnn_1.45__MaxEval_102__ProbPAs_0.95__sb_byTime_sbth_3600000__Algo_pesa2,28,invoke_solver,292
NSGA,simplified-cocome__BRF_clone_1.23__moc_1.64__mcnn_1.80__moncnn_1.45__MaxEval_102__ProbPAs_0.95__sb_byTime_sbth_3600000__Algo_pesa2,28,lqn2uml,681
NSGA,simplified-cocome__BRF_clone_1.23__moc_1.64__mcnn_1.80__moncnn_1.45__MaxEval_102__ProbPAs_0.95__sb_byTime_sbth_3600000__Algo_pesa2,28,counting_pas,28,7658
simplified-cocome,simplified-cocome__BRF_clone_1.23__moc_1.64__mcnn_1.80__moncnn_1.45__MaxEval_102__ProbPAs_0.95__sb_byTime_sbth_3600000__Algo_pesa2,28,perfQ,358
simplified-cocome,simplified-cocome__BRF_clone_1.23__moc_1.64__mcnn_1.80__moncnn_1.45__MaxEval_102__ProbPAs_0.95__sb_byTime_sbth_3600000__Algo_pesa2,reliability,133
simplified-cocome,simplified-cocome__BRF_clone_1.23__moc_1.64__mcnn_1.80__moncnn_1.45__MaxEval_102__ProbPAs_0.95__sb_byTime_sbth_3600000__Algo_pesa2,32,uml2lqn,1820
NSGA,simplified-cocome__BRF_clone_1.23__moc_1.64__mcnn_1.80__moncnn_1.45__MaxEval_102__ProbPAs_0.95__sb_byTime_sbth_3600000__Algo_pesa2,32,invoke_solver,67
NSGA,simplified-cocome__BRF_clone_1.23__moc_1.64__mcnn_1.80__moncnn_1.45__MaxEval_102__ProbPAs_0.95__sb_byTime_sbth_3600000__Algo_pesa2,32,lqn2uml,551
NSGA,simplified-cocome__BRF_clone_1.23__moc_1.64__mcnn_1.80__moncnn_1.45__MaxEval_102__ProbPAs_0.95__sb_byTime_sbth_3600000__Algo_pesa2,32,counting_pas,32,6562
simplified-cocome,simplified-cocome__BRF_clone_1.23__moc_1.64__mcnn_1.80__moncnn_1.45__MaxEval_102__ProbPAs_0.95__sb_byTime_sbth_3600000__Algo_pesa2,32,perfQ,435
simplified-cocome,simplified-cocome__BRF_clone_1.23__moc_1.64__mcnn_1.80__moncnn_1.45__MaxEval_102__ProbPAs_0.95__sb_byTime_sbth_3600000__Algo_pesa2,reliability,135
simplified-cocome,simplified-cocome__BRF_clone_1.23__moc_1.64__mcnn_1.80__moncnn_1.45__MaxEval_102__ProbPAs_0.95__sb_byTime_sbth_3600000__Algo_pesa2,36,uml2lqn,2012
NSGA,simplified-cocome__BRF_clone_1.23__moc_1.64__mcnn_1.80__moncnn_1.45__MaxEval_102__ProbPAs_0.95__sb_byTime_sbth_3600000__Algo_pesa2,36,invoke_solver,209
NSGA,simplified-cocome__BRF_clone_1.23__moc_1.64__mcnn_1.80__moncnn_1.45__MaxEval_102__ProbPAs_0.95__sb_byTime_sbth_3600000__Algo_pesa2,36,lqn2uml,530
NSGA,simplified-cocome__BRF_clone_1.23__moc_1.64__mcnn_1.80__moncnn_1.45__MaxEval_102__ProbPAs_0.95__sb_byTime_sbth_3600000__Algo_pesa2,36,counting_pas,36,7811
simplified-cocome,simplified-cocome__BRF_clone_1.23__moc_1.64__mcnn_1.80__moncnn_1.45__MaxEval_102__ProbPAs_0.95__sb_byTime_sbth_3600000__Algo_pesa2,36,perfQ,351
simplified-cocome,simplified-cocome__BRF_clone_1.23__moc_1.64__mcnn_1.80__moncnn_1.45__MaxEval_102__ProbPAs_0.95__sb_byTime_sbth_3600000__Algo_pesa2,reliability,146
simplified-cocome,simplified-cocome__BRF_clone_1.23__moc_1.64__mcnn_1.80__moncnn_1.45__MaxEval_102__ProbPAs_0.95__sb_byTime_sbth_3600000__Algo_pesa2,38,uml2lqn,1794
NSGA,simplified-cocome__BRF_clone_1.23__moc_1.64__mcnn_1.80__moncnn_1.45__MaxEval_102__ProbPAs_0.95__sb_byTime_sbth_3600000__Algo_pesa2,38,invoke_solver,114
NSGA,simplified-cocome__BRF_clone_1.23__moc_1.64__mcnn_1.80__moncnn_1.45__MaxEval_102__ProbPAs_0.95__sb_byTime_sbth_3600000__Algo_pesa2,38,lqn2uml,418
NSGA,simplified-cocome__BRF_clone_1.23__moc_1.64__mcnn_1.80__moncnn_1.45__MaxEval_102__ProbPAs_0.95__sb_byTime_sbth_3600000__Algo_pesa2,38,counting_pas,38,6820
simplified-cocome,simplified-cocome__BRF_clone_1.23__moc_1.64__mcnn_1.80__moncnn_1.45__MaxEval_102__ProbPAs_0.95__sb_byTime_sbth_3600000__Algo_pesa2,38,perfQ,427
simplified-cocome,simplified-cocome__BRF_clone_1.23__moc_1.64__mcnn_1.80__moncnn_1.45__MaxEval_102__ProbPAs_0.95__sb_byTime_sbth_3600000__Algo_pesa2,reliability,136
simplified-cocome,simplified-cocome__BRF_clone_1.23__moc_1.64__mcnn_1.80__moncnn_1.45__MaxEval_102__ProbPAs_0.95__sb_byTime_sbth_3600000__Algo_pesa2,42,uml2lqn,1605
NSGA,simplified-cocome__BRF_clone_1.23__moc_1.64__mcnn_1.80__moncnn_1.45__MaxEval_102__ProbPAs_0.95__sb_byTime_sbth_3600000__Algo_pesa2,42,invoke_solver,46
NSGA,simplified-cocome__BRF_clone_1.23__moc_1.64__mcnn_1.80__moncnn_1.45__MaxEval_102__ProbPAs_0.95__sb_byTime_sbth_3600000__Algo_pesa2,42,lqn2uml,389
NSGA,simplified-cocome__BRF_clone_1.23__moc_1.64__mcnn_1.80__moncnn_1.45__MaxEval_102__ProbPAs_0.95__sb_byTime_sbth_3600000__Algo_pesa2,42,counting_pas,42,6137
simplified-cocome,simplified-cocome__BRF_clone_1.23__moc_1.64__mcnn_1.80__moncnn_1.45__MaxEval_102__ProbPAs_0.95__sb_byTime_sbth_3600000__Algo_pesa2,42,perfQ,343
simplified-cocome,simplified-cocome__BRF_clone_1.23__moc_1.64__mcnn_1.80__moncnn_1.45__MaxEval_102__ProbPAs_0.95__sb_byTime_sbth_3600000__Algo_pesa2,reliability,143
simplified-cocome,simplified-cocome__BRF_clone_1.23__moc_1.64__mcnn_1.80__moncnn_1.45__MaxEval_102__ProbPAs_0.95__sb_byTime_sbth_3600000__Algo_pesa2,44,uml2lqn,2311
NSGA,simplified-cocome__BRF_clone_1.23__moc_1.64__mcnn_1.80__moncnn_1.45__MaxEval_102__ProbPAs_0.95__sb_byTime_sbth_3600000__Algo_pesa2,44,invoke_solver,170
NSGA,simplified-cocome__BRF_clone_1.23__moc_1.64__mcnn_1.80__moncnn_1.45__MaxEval_102__ProbPAs_0.95__sb_byTime_sbth_3600000__Algo_pesa2,44,lqn2uml,1028
NSGA,simplified-cocome__BRF_clone_1.23__moc_1.64__mcnn_1.80__moncnn_1.45__MaxEval_102__ProbPAs_0.95__sb_byTime_sbth_3600000__Algo_pesa2,44,counting_pas,44,8107
simplified-cocome,simplified-cocome__BRF_clone_1.23__moc_1.64__mcnn_1.80__moncnn_1.45__MaxEval_102__ProbPAs_0.95__sb_byTime_sbth_3600000__Algo_pesa2,44,perfQ,708
simplified-cocome,simplified-cocome__BRF_clone_1.23__moc_1.64__mcnn_1.80__moncnn_1.45__MaxEval_102__ProbPAs_0.95__sb_byTime_sbth_3600000__Algo_pesa2,reliability,136
simplified-cocome,simplified-cocome__BRF_clone_1.23__moc_1.64__mcnn_1.80__moncnn_1.45__MaxEval_102__ProbPAs_0.95__sb_byTime_sbth_3600000__Algo_pesa2,48,uml2lqn,3022
NSGA,simplified-cocome__BRF_clone_1.23__moc_1.64__mcnn_1.80__moncnn_1.45__MaxEval_102__ProbPAs_0.95__sb_byTime_sbth_3600000__Algo_pesa2,48,invoke_solver,304
NSGA,simplified-cocome__BRF_clone_1.23__moc_1.64__mcnn_1.80__moncnn_1.45__MaxEval_102__ProbPAs_0.95__sb_byTime_sbth_3600000__Algo_pesa2,48,lqn2uml,955
NSGA,simplified-cocome__BRF_clone_1.23__moc_1.64__mcnn_1.80__moncnn_1.45__MaxEval_102__ProbPAs_0.95__sb_byTime_sbth_3600000__Algo_pesa2,48,counting_pas,48,8206
simplified-cocome,simplified-cocome__BRF_clone_1.23__moc_1.64__mcnn_1.80__moncnn_1.45__MaxEval_102__ProbPAs_0.95__sb_byTime_sbth_3600000__Algo_pesa2,48,perfQ,752
simplified-cocome,simplified-cocome__BRF_clone_1.23__moc_1.64__mcnn_1.80__moncnn_1.45__MaxEval_102__ProbPAs_0.95__sb_byTime_sbth_3600000__Algo_pesa2,reliability,154
simplified-cocome,simplified-cocome__BRF_clone_1.23__moc_1.64__mcnn_1.80__moncnn_1.45__MaxEval_102__ProbPAs_0.95__sb_byTime_sbth_3600000__Algo_pesa2,52,uml2lqn,2445
NSGA,simplified-cocome__BRF_clone_1.23__moc_1.64__mcnn_1.80__moncnn_1.45__MaxEval_102__ProbPAs_0.95__sb_byTime_sbth_3600000__Algo_pesa2,52,invoke_solver,53
NSGA,simplified-cocome__BRF_clone_1.23__moc_1.64__mcnn_1.80__moncnn_1.45__MaxEval_102__ProbPAs_0.95__sb_byTime_sbth_3600000__Algo_pesa2,52,lqn2uml,1064
NSGA,simplified-cocome__BRF_clone_1.23__moc_1.64__mcnn_1.80__moncnn_1.45__MaxEval_102__ProbPAs_0.95__sb_byTime_sbth_3600000__Algo_pesa2,52,counting_pas,52,8010
simplified-cocome,simplified-cocome__BRF_clone_1.23__moc_1.64__mcnn_1.80__moncnn_1.45__MaxEval_102__ProbPAs_0.95__sb_byTime_sbth_3600000__Algo_pesa2,52,perfQ,900
simplified-cocome,simplified-cocome__BRF_clone_1.23__moc_1.64__mcnn_1.80__moncnn_1.45__MaxEval_102__ProbPAs_0.95__sb_byTime_sbth_3600000__Algo_pesa2,reliability,158
simplified-cocome,simplified-cocome__BRF_clone_1.23__moc_1.64__mcnn_1.80__moncnn_1.45__MaxEval_102__ProbPAs_0.95__sb_byTime_sbth_3600000__Algo_pesa2,56,uml2lqn,2634
NSGA,simplified-cocome__BRF_clone_1.23__moc_1.64__mcnn_1.80__moncnn_1.45__MaxEval_102__ProbPAs_0.95__sb_byTime_sbth_3600000__Algo_pesa2,56,invoke_solver,204
NSGA,simplified-cocome__BRF_clone_1.23__moc_1.64__mcnn_1.80__moncnn_1.45__MaxEval_102__ProbPAs_0.95__sb_byTime_sbth_3600000__Algo_pesa2,56,lqn2uml,740
NSGA,simplified-cocome__BRF_clone_1.23__moc_1.64__mcnn_1.80__moncnn_1.45__MaxEval_102__ProbPAs_0.95__sb_byTime_sbth_3600000__Algo_pesa2,56,counting_pas,56,8884
simplified-cocome,simplified-cocome__BRF_clone_1.23__moc_1.64__mcnn_1.80__moncnn_1.45__MaxEval_102__ProbPAs_0.95__sb_byTime_sbth_3600000__Algo_pesa2,56,perfQ,1021
simplified-cocome,simplified-cocome__BRF_clone_1.23__moc_1.64__mcnn_1.80__moncnn_1.45__MaxEval_102__ProbPAs_0.95__sb_byTime_sbth_3600000__Algo_pesa2,reliability,129
simplified-cocome,simplified-cocome__BRF_clone_1.23__moc_1.64__mcnn_1.80__moncnn_1.45__MaxEval_102__ProbPAs_0.95__sb_byTime_sbth_3600000__Algo_pesa2,60,uml2lqn,2205
NSGA,simplified-cocome__BRF_clone_1.23__moc_1.64__mcnn_1.80__moncnn_1.45__MaxEval_102__ProbPAs_0.95__sb_byTime_sbth_3600000__Algo_pesa2,60,invoke_solver,297
NSGA,simplified-cocome__BRF_clone_1.23__moc_1.64__mcnn_1.80__moncnn_1.45__MaxEval_102__ProbPAs_0.95__sb_byTime_sbth_3600000__Algo_pesa2,60,lqn2uml,694
NSGA,simplified-cocome__BRF_clone_1.23__moc_1.64__mcnn_1.80__moncnn_1.45__MaxEval_102__ProbPAs_0.95__sb_byTime_sbth_3600000__Algo_pesa2,60,counting_pas,60,8286
simplified-cocome,simplified-cocome__BRF_clone_1.23__moc_1.64__mcnn_1.80__moncnn_1.45__MaxEval_102__ProbPAs_0.95__sb_byTime_sbth_3600000__Algo_pesa2,60,perfQ,804
simplified-cocome,simplified-cocome__BRF_clone_1.23__moc_1.64__mcnn_1.80__moncnn_1.45__MaxEval_102__ProbPAs_0.95__sb_byTime_sbth_3600000__Algo_pesa2,reliability,201
simplified-cocome,simplified-cocome__BRF_clone_1.23__moc_1.64__mcnn_1.80__moncnn_1.45__MaxEval_102__ProbPAs_0.95__sb_byTime_sbth_3600000__Algo_pesa2,64,uml2lqn,2284
NSGA,simplified-cocome__BRF_clone_1.23__moc_1.64__mcnn_1.80__moncnn_1.45__MaxEval_102__ProbPAs_0.95__sb_byTime_sbth_3600000__Algo_pesa2,64,invoke_solver,32
NSGA,simplified-cocome__BRF_clone_1.23__moc_1.64__mcnn_1.80__moncnn_1.45__MaxEval_102__ProbPAs_0.95__sb_byTime_sbth_3600000__Algo_pesa2,64,lqn2uml,353
NSGA,simplified-cocome__BRF_clone_1.23__moc_1.64__mcnn_1.80__moncnn_1.45__MaxEval_102__ProbPAs_0.95__sb_byTime_sbth_3600000__Algo_pesa2,64,counting_pas,64,7706
simplified-cocome,simplified-cocome__BRF_clone_1.23__moc_1.64__mcnn_1.80__moncnn_1.45__MaxEval_102__ProbPAs_0.95__sb_byTime_sbth_3600000__Algo_pesa2,64,perfQ,848
simplified-cocome,simplified-cocome__BRF_clone_1.23__moc_1.64__mcnn_1.80__moncnn_1.45__MaxEval_102__ProbPAs_0.95__sb_byTime_sbth_3600000__Algo_pesa2,reliability,138
simplified-cocome,simplified-cocome__BRF_clone_1.23__moc_1.64__mcnn_1.80__moncnn_1.45__MaxEval_102__ProbPAs_0.95__sb_byTime_sbth_3600000__Algo_pesa2,68,uml2lqn,2367
NSGA,simplified-cocome__BRF_clone_1.23__moc_1.64__mcnn_1.80__moncnn_1.45__MaxEval_102__ProbPAs_0.95__sb_byTime_sbth_3600000__Algo_pesa2,68,invoke_solver,230
NSGA,simplified-cocome__BRF_clone_1.23__moc_1.64__mcnn_1.80__moncnn_1.45__MaxEval_102__ProbPAs_0.95__sb_byTime_sbth_3600000__Algo_pesa2,68,lqn2uml,618
NSGA,simplified-cocome__BRF_clone_1.23__moc_1.64__mcnn_1.80__moncnn_1.45__MaxEval_102__ProbPAs_0.95__sb_byTime_sbth_3600000__Algo_pesa2,68,counting_pas,68,7033
simplified-cocome,simplified-cocome__BRF_clone_1.23__moc_1.64__mcnn_1.80__moncnn_1.45__MaxEval_102__ProbPAs_0.95__sb_byTime_sbth_3600000__Algo_pesa2,68,perfQ,491
simplified-cocome,simplified-cocome__BRF_clone_1.23__moc_1.64__mcnn_1.80__moncnn_1.45__MaxEval_102__ProbPAs_0.95__sb_byTime_sbth_3600000__Algo_pesa2,reliability,112
simplified-cocome,simplified-cocome__BRF_clone_1.23__moc_1.64__mcnn_1.80__moncnn_1.45__MaxEval_102__ProbPAs_0.95__sb_byTime_sbth_3600000__Algo_pesa2,72,uml2lqn,2221
NSGA,simplified-cocome__BRF_clone_1.23__moc_1.64__mcnn_1.80__moncnn_1.45__MaxEval_102__ProbPAs_0.95__sb_byTime_sbth_3600000__Algo_pesa2,72,invoke_solver,178
NSGA,simplified-cocome__BRF_clone_1.23__moc_1.64__mcnn_1.80__moncnn_1.45__MaxEval_102__ProbPAs_0.95__sb_byTime_sbth_3600000__Algo_pesa2,72,lqn2uml,543
NSGA,simplified-cocome__BRF_clone_1.23__moc_1.64__mcnn_1.80__moncnn_1.45__MaxEval_102__ProbPAs_0.95__sb_byTime_sbth_3600000__Algo_pesa2,72,counting_pas,72,7166
simplified-cocome,simplified-cocome__BRF_clone_1.23__moc_1.64__mcnn_1.80__moncnn_1.45__MaxEval_102__ProbPAs_0.95__sb_byTime_sbth_3600000__Algo_pesa2,72,perfQ,422
simplified-cocome,simplified-cocome__BRF_clone_1.23__moc_1.64__mcnn_1.80__moncnn_1.45__MaxEval_102__ProbPAs_0.95__sb_byTime_sbth_3600000__Algo_pesa2,reliability,130
simplified-cocome,simplified-cocome__BRF_clone_1.23__moc_1.64__mcnn_1.80__moncnn_1.45__MaxEval_102__ProbPAs_0.95__sb_byTime_sbth_3600000__Algo_pesa2,74,uml2lqn,2848
NSGA,simplified-cocome__BRF_clone_1.23__moc_1.64__mcnn_1.80__moncnn_1.45__MaxEval_102__ProbPAs_0.95__sb_byTime_sbth_3600000__Algo_pesa2,74,invoke_solver,309
NSGA,simplified-cocome__BRF_clone_1.23__moc_1.64__mcnn_1.80__moncnn_1.45__MaxEval_102__ProbPAs_0.95__sb_byTime_sbth_3600000__Algo_pesa2,74,lqn2uml,954
NSGA,simplified-cocome__BRF_clone_1.23__moc_1.64__mcnn_1.80__moncnn_1.45__MaxEval_102__ProbPAs_0.95__sb_byTime_sbth_3600000__Algo_pesa2,74,counting_pas,74,7623
simplified-cocome,simplified-cocome__BRF_clone_1.23__moc_1.64__mcnn_1.80__moncnn_1.45__MaxEval_102__ProbPAs_0.95__sb_byTime_sbth_3600000__Algo_pesa2,74,perfQ,1465
simplified-cocome,simplified-cocome__BRF_clone_1.23__moc_1.64__mcnn_1.80__moncnn_1.45__MaxEval_102__ProbPAs_0.95__sb_byTime_sbth_3600000__Algo_pesa2,reliability,329
simplified-cocome,simplified-cocome__BRF_clone_1.23__moc_1.64__mcnn_1.80__moncnn_1.45__MaxEval_102__ProbPAs_0.95__sb_byTime_sbth_3600000__Algo_pesa2,76,uml2lqn,3213
NSGA,simplified-cocome__BRF_clone_1.23__moc_1.64__mcnn_1.80__moncnn_1.45__MaxEval_102__ProbPAs_0.95__sb_byTime_sbth_3600000__Algo_pesa2,76,invoke_solver,299
NSGA,simplified-cocome__BRF_clone_1.23__moc_1.64__mcnn_1.80__moncnn_1.45__MaxEval_102__ProbPAs_0.95__sb_byTime_sbth_3600000__Algo_pesa2,76,lqn2uml,847
NSGA,simplified-cocome__BRF_clone_1.23__moc_1.64__mcnn_1.80__moncnn_1.45__MaxEval_102__ProbPAs_0.95__sb_byTime_sbth_3600000__Algo_pesa2,76,counting_pas,76,8152
simplified-cocome,simplified-cocome__BRF_clone_1.23__moc_1.64__mcnn_1.80__moncnn_1.45__MaxEval_102__ProbPAs_0.95__sb_byTime_sbth_3600000__Algo_pesa2,76,perfQ,771
simplified-cocome,simplified-cocome__BRF_clone_1.23__moc_1.64__mcnn_1.80__moncnn_1.45__MaxEval_102__ProbPAs_0.95__sb_byTime_sbth_3600000__Algo_pesa2,reliability,230
simplified-cocome,simplified-cocome__BRF_clone_1.23__moc_1.64__mcnn_1.80__moncnn_1.45__MaxEval_102__ProbPAs_0.95__sb_byTime_sbth_3600000__Algo_pesa2,80,uml2lqn,3254
NSGA,simplified-cocome__BRF_clone_1.23__moc_1.64__mcnn_1.80__moncnn_1.45__MaxEval_102__ProbPAs_0.95__sb_byTime_sbth_3600000__Algo_pesa2,80,invoke_solver,396
NSGA,simplified-cocome__BRF_clone_1.23__moc_1.64__mcnn_1.80__moncnn_1.45__MaxEval_102__ProbPAs_0.95__sb_byTime_sbth_3600000__Algo_pesa2,80,lqn2uml,970
NSGA,simplified-cocome__BRF_clone_1.23__moc_1.64__mcnn_1.80__moncnn_1.45__MaxEval_102__ProbPAs_0.95__sb_byTime_sbth_3600000__Algo_pesa2,80,counting_pas,80,8250
simplified-cocome,simplified-cocome__BRF_clone_1.23__moc_1.64__mcnn_1.80__moncnn_1.45__MaxEval_102__ProbPAs_0.95__sb_byTime_sbth_3600000__Algo_pesa2,80,perfQ,758
simplified-cocome,simplified-cocome__BRF_clone_1.23__moc_1.64__mcnn_1.80__moncnn_1.45__MaxEval_102__ProbPAs_0.95__sb_byTime_sbth_3600000__Algo_pesa2,reliability,255
simplified-cocome,simplified-cocome__BRF_clone_1.23__moc_1.64__mcnn_1.80__moncnn_1.45__MaxEval_102__ProbPAs_0.95__sb_byTime_sbth_3600000__Algo_pesa2,84,uml2lqn,3698
NSGA,simplified-cocome__BRF_clone_1.23__moc_1.64__mcnn_1.80__moncnn_1.45__MaxEval_102__ProbPAs_0.95__sb_byTime_sbth_3600000__Algo_pesa2,84,invoke_solver,268
NSGA,simplified-cocome__BRF_clone_1.23__moc_1.64__mcnn_1.80__moncnn_1.45__MaxEval_102__ProbPAs_0.95__sb_byTime_sbth_3600000__Algo_pesa2,84,lqn2uml,1331
NSGA,simplified-cocome__BRF_clone_1.23__moc_1.64__mcnn_1.80__moncnn_1.45__MaxEval_102__ProbPAs_0.95__sb_byTime_sbth_3600000__Algo_pesa2,84,counting_pas,84,9254
simplified-cocome,simplified-cocome__BRF_clone_1.23__moc_1.64__mcnn_1.80__moncnn_1.45__MaxEval_102__ProbPAs_0.95__sb_byTime_sbth_3600000__Algo_pesa2,84,perfQ,1095
simplified-cocome,simplified-cocome__BRF_clone_1.23__moc_1.64__mcnn_1.80__moncnn_1.45__MaxEval_102__ProbPAs_0.95__sb_byTime_sbth_3600000__Algo_pesa2,reliability,138
simplified-cocome,simplified-cocome__BRF_clone_1.23__moc_1.64__mcnn_1.80__moncnn_1.45__MaxEval_102__ProbPAs_0.95__sb_byTime_sbth_3600000__Algo_pesa2,88,uml2lqn,2772
NSGA,simplified-cocome__BRF_clone_1.23__moc_1.64__mcnn_1.80__moncnn_1.45__MaxEval_102__ProbPAs_0.95__sb_byTime_sbth_3600000__Algo_pesa2,88,invoke_solver,375
NSGA,simplified-cocome__BRF_clone_1.23__moc_1.64__mcnn_1.80__moncnn_1.45__MaxEval_102__ProbPAs_0.95__sb_byTime_sbth_3600000__Algo_pesa2,88,lqn2uml,1172
NSGA,simplified-cocome__BRF_clone_1.23__moc_1.64__mcnn_1.80__moncnn_1.45__MaxEval_102__ProbPAs_0.95__sb_byTime_sbth_3600000__Algo_pesa2,88,counting_pas,88,8464
simplified-cocome,simplified-cocome__BRF_clone_1.23__moc_1.64__mcnn_1.80__moncnn_1.45__MaxEval_102__ProbPAs_0.95__sb_byTime_sbth_3600000__Algo_pesa2,88,perfQ,1201
simplified-cocome,simplified-cocome__BRF_clone_1.23__moc_1.64__mcnn_1.80__moncnn_1.45__MaxEval_102__ProbPAs_0.95__sb_byTime_sbth_3600000__Algo_pesa2,reliability,145
simplified-cocome,simplified-cocome__BRF_clone_1.23__moc_1.64__mcnn_1.80__moncnn_1.45__MaxEval_102__ProbPAs_0.95__sb_byTime_sbth_3600000__Algo_pesa2,92,uml2lqn,3334
NSGA,simplified-cocome__BRF_clone_1.23__moc_1.64__mcnn_1.80__moncnn_1.45__MaxEval_102__ProbPAs_0.95__sb_byTime_sbth_3600000__Algo_pesa2,92,invoke_solver,283
NSGA,simplified-cocome__BRF_clone_1.23__moc_1.64__mcnn_1.80__moncnn_1.45__MaxEval_102__ProbPAs_0.95__sb_byTime_sbth_3600000__Algo_pesa2,92,lqn2uml,1236
NSGA,simplified-cocome__BRF_clone_1.23__moc_1.64__mcnn_1.80__moncnn_1.45__MaxEval_102__ProbPAs_0.95__sb_byTime_sbth_3600000__Algo_pesa2,92,counting_pas,92,8339
simplified-cocome,simplified-cocome__BRF_clone_1.23__moc_1.64__mcnn_1.80__moncnn_1.45__MaxEval_102__ProbPAs_0.95__sb_byTime_sbth_3600000__Algo_pesa2,92,perfQ,1372
simplified-cocome,simplified-cocome__BRF_clone_1.23__moc_1.64__mcnn_1.80__moncnn_1.45__MaxEval_102__ProbPAs_0.95__sb_byTime_sbth_3600000__Algo_pesa2,reliability,202
simplified-cocome,simplified-cocome__BRF_clone_1.23__moc_1.64__mcnn_1.80__moncnn_1.45__MaxEval_102__ProbPAs_0.95__sb_byTime_sbth_3600000__Algo_pesa2,96,uml2lqn,2576
NSGA,simplified-cocome__BRF_clone_1.23__moc_1.64__mcnn_1.80__moncnn_1.45__MaxEval_102__ProbPAs_0.95__sb_byTime_sbth_3600000__Algo_pesa2,96,invoke_solver,293
NSGA,simplified-cocome__BRF_clone_1.23__moc_1.64__mcnn_1.80__moncnn_1.45__MaxEval_102__ProbPAs_0.95__sb_byTime_sbth_3600000__Algo_pesa2,96,lqn2uml,873
NSGA,simplified-cocome__BRF_clone_1.23__moc_1.64__mcnn_1.80__moncnn_1.45__MaxEval_102__ProbPAs_0.95__sb_byTime_sbth_3600000__Algo_pesa2,96,counting_pas,96,7748
simplified-cocome,simplified-cocome__BRF_clone_1.23__moc_1.64__mcnn_1.80__moncnn_1.45__MaxEval_102__ProbPAs_0.95__sb_byTime_sbth_3600000__Algo_pesa2,96,perfQ,811
simplified-cocome,simplified-cocome__BRF_clone_1.23__moc_1.64__mcnn_1.80__moncnn_1.45__MaxEval_102__ProbPAs_0.95__sb_byTime_sbth_3600000__Algo_pesa2,reliability,170
simplified-cocome,simplified-cocome__BRF_clone_1.23__moc_1.64__mcnn_1.80__moncnn_1.45__MaxEval_102__ProbPAs_0.95__sb_byTime_sbth_3600000__Algo_pesa2,100,uml2lqn,2324
NSGA,simplified-cocome__BRF_clone_1.23__moc_1.64__mcnn_1.80__moncnn_1.45__MaxEval_102__ProbPAs_0.95__sb_byTime_sbth_3600000__Algo_pesa2,100,invoke_solver,139
NSGA,simplified-cocome__BRF_clone_1.23__moc_1.64__mcnn_1.80__moncnn_1.45__MaxEval_102__ProbPAs_0.95__sb_byTime_sbth_3600000__Algo_pesa2,100,lqn2uml,763
NSGA,simplified-cocome__BRF_clone_1.23__moc_1.64__mcnn_1.80__moncnn_1.45__MaxEval_102__ProbPAs_0.95__sb_byTime_sbth_3600000__Algo_pesa2,100,counting_pas,100,7609
simplified-cocome,simplified-cocome__BRF_clone_1.23__moc_1.64__mcnn_1.80__moncnn_1.45__MaxEval_102__ProbPAs_0.95__sb_byTime_sbth_3600000__Algo_pesa2,100,perfQ,925
simplified-cocome,simplified-cocome__BRF_clone_1.23__moc_1.64__mcnn_1.80__moncnn_1.45__MaxEval_102__ProbPAs_0.95__sb_byTime_sbth_3600000__Algo_pesa2,reliability,173
simplified-cocome,simplified-cocome__BRF_clone_1.23__moc_1.64__mcnn_1.80__moncnn_1.45__MaxEval_102__ProbPAs_0.95__sb_byTime_sbth_3600000__Algo_pesa2,104,uml2lqn,2890
NSGA,simplified-cocome__BRF_clone_1.23__moc_1.64__mcnn_1.80__moncnn_1.45__MaxEval_102__ProbPAs_0.95__sb_byTime_sbth_3600000__Algo_pesa2,104,invoke_solver,236
NSGA,simplified-cocome__BRF_clone_1.23__moc_1.64__mcnn_1.80__moncnn_1.45__MaxEval_102__ProbPAs_0.95__sb_byTime_sbth_3600000__Algo_pesa2,104,lqn2uml,2418
NSGA,simplified-cocome__BRF_clone_1.23__moc_1.64__mcnn_1.80__moncnn_1.45__MaxEval_102__ProbPAs_0.95__sb_byTime_sbth_3600000__Algo_pesa2,104,counting_pas,104,7954
simplified-cocome,simplified-cocome__BRF_clone_1.23__moc_1.64__mcnn_1.80__moncnn_1.45__MaxEval_102__ProbPAs_0.95__sb_byTime_sbth_3600000__Algo_pesa2,104,perfQ,1847
simplified-cocome,simplified-cocome__BRF_clone_1.23__moc_1.64__mcnn_1.80__moncnn_1.45__MaxEval_102__ProbPAs_0.95__sb_byTime_sbth_3600000__Algo_pesa2,reliability,164
simplified-cocome,simplified-cocome__BRF_clone_1.23__moc_1.64__mcnn_1.80__moncnn_1.45__MaxEval_102__ProbPAs_0.95__sb_byTime_sbth_3600000__Algo_pesa2,108,uml2lqn,3516
NSGA,simplified-cocome__BRF_clone_1.23__moc_1.64__mcnn_1.80__moncnn_1.45__MaxEval_102__ProbPAs_0.95__sb_byTime_sbth_3600000__Algo_pesa2,108,invoke_solver,133
NSGA,simplified-cocome__BRF_clone_1.23__moc_1.64__mcnn_1.80__moncnn_1.45__MaxEval_102__ProbPAs_0.95__sb_byTime_sbth_3600000__Algo_pesa2,108,lqn2uml,1963
NSGA,simplified-cocome__BRF_clone_1.23__moc_1.64__mcnn_1.80__moncnn_1.45__MaxEval_102__ProbPAs_0.95__sb_byTime_sbth_3600000__Algo_pesa2,108,counting_pas,108,8911
simplified-cocome,simplified-cocome__BRF_clone_1.23__moc_1.64__mcnn_1.80__moncnn_1.45__MaxEval_102__ProbPAs_0.95__sb_byTime_sbth_3600000__Algo_pesa2,108,perfQ,1307
simplified-cocome,simplified-cocome__BRF_clone_1.23__moc_1.64__mcnn_1.80__moncnn_1.45__MaxEval_102__ProbPAs_0.95__sb_byTime_sbth_3600000__Algo_pesa2,reliability,171
simplified-cocome,simplified-cocome__BRF_clone_1.23__moc_1.64__mcnn_1.80__moncnn_1.45__MaxEval_102__ProbPAs_0.95__sb_byTime_sbth_3600000__Algo_pesa2,110,uml2lqn,3904
NSGA,simplified-cocome__BRF_clone_1.23__moc_1.64__mcnn_1.80__moncnn_1.45__MaxEval_102__ProbPAs_0.95__sb_byTime_sbth_3600000__Algo_pesa2,110,invoke_solver,267
NSGA,simplified-cocome__BRF_clone_1.23__moc_1.64__mcnn_1.80__moncnn_1.45__MaxEval_102__ProbPAs_0.95__sb_byTime_sbth_3600000__Algo_pesa2,110,lqn2uml,1708
NSGA,simplified-cocome__BRF_clone_1.23__moc_1.64__mcnn_1.80__moncnn_1.45__MaxEval_102__ProbPAs_0.95__sb_byTime_sbth_3600000__Algo_pesa2,110,counting_pas,110,8708
simplified-cocome,simplified-cocome__BRF_clone_1.23__moc_1.64__mcnn_1.80__moncnn_1.45__MaxEval_102__ProbPAs_0.95__sb_byTime_sbth_3600000__Algo_pesa2,110,perfQ,1432
simplified-cocome,simplified-cocome__BRF_clone_1.23__moc_1.64__mcnn_1.80__moncnn_1.45__MaxEval_102__ProbPAs_0.95__sb_byTime_sbth_3600000__Algo_pesa2,reliability,179
simplified-cocome,simplified-cocome__BRF_clone_1.23__moc_1.64__mcnn_1.80__moncnn_1.45__MaxEval_102__ProbPAs_0.95__sb_byTime_sbth_3600000__Algo_pesa2,114,uml2lqn,3580
NSGA,simplified-cocome__BRF_clone_1.23__moc_1.64__mcnn_1.80__moncnn_1.45__MaxEval_102__ProbPAs_0.95__sb_byTime_sbth_3600000__Algo_pesa2,114,invoke_solver,138
NSGA,simplified-cocome__BRF_clone_1.23__moc_1.64__mcnn_1.80__moncnn_1.45__MaxEval_102__ProbPAs_0.95__sb_byTime_sbth_3600000__Algo_pesa2,114,lqn2uml,1978
NSGA,simplified-cocome__BRF_clone_1.23__moc_1.64__mcnn_1.80__moncnn_1.45__MaxEval_102__ProbPAs_0.95__sb_byTime_sbth_3600000__Algo_pesa2,114,counting_pas,114,8844
simplified-cocome,simplified-cocome__BRF_clone_1.23__moc_1.64__mcnn_1.80__moncnn_1.45__MaxEval_102__ProbPAs_0.95__sb_byTime_sbth_3600000__Algo_pesa2,114,perfQ,1679
simplified-cocome,simplified-cocome__BRF_clone_1.23__moc_1.64__mcnn_1.80__moncnn_1.45__MaxEval_102__ProbPAs_0.95__sb_byTime_sbth_3600000__Algo_pesa2,reliability,156
simplified-cocome,simplified-cocome__BRF_clone_1.23__moc_1.64__mcnn_1.80__moncnn_1.45__MaxEval_102__ProbPAs_0.95__sb_byTime_sbth_3600000__Algo_pesa2,120,uml2lqn,3271
NSGA,simplified-cocome__BRF_clone_1.23__moc_1.64__mcnn_1.80__moncnn_1.45__MaxEval_102__ProbPAs_0.95__sb_byTime_sbth_3600000__Algo_pesa2,120,invoke_solver,254
NSGA,simplified-cocome__BRF_clone_1.23__moc_1.64__mcnn_1.80__moncnn_1.45__MaxEval_102__ProbPAs_0.95__sb_byTime_sbth_3600000__Algo_pesa2,120,lqn2uml,1895
NSGA,simplified-cocome__BRF_clone_1.23__moc_1.64__mcnn_1.80__moncnn_1.45__MaxEval_102__ProbPAs_0.95__sb_byTime_sbth_3600000__Algo_pesa2,120,counting_pas,120,9055
simplified-cocome,simplified-cocome__BRF_clone_1.23__moc_1.64__mcnn_1.80__moncnn_1.45__MaxEval_102__ProbPAs_0.95__sb_byTime_sbth_3600000__Algo_pesa2,120,perfQ,1813
simplified-cocome,simplified-cocome__BRF_clone_1.23__moc_1.64__mcnn_1.80__moncnn_1.45__MaxEval_102__ProbPAs_0.95__sb_byTime_sbth_3600000__Algo_pesa2,reliability,167
simplified-cocome,simplified-cocome__BRF_clone_1.23__moc_1.64__mcnn_1.80__moncnn_1.45__MaxEval_102__ProbPAs_0.95__sb_byTime_sbth_3600000__Algo_pesa2,122,uml2lqn,2664
NSGA,simplified-cocome__BRF_clone_1.23__moc_1.64__mcnn_1.80__moncnn_1.45__MaxEval_102__ProbPAs_0.95__sb_byTime_sbth_3600000__Algo_pesa2,122,invoke_solver,93
NSGA,simplified-cocome__BRF_clone_1.23__moc_1.64__mcnn_1.80__moncnn_1.45__MaxEval_102__ProbPAs_0.95__sb_byTime_sbth_3600000__Algo_pesa2,122,lqn2uml,1859
NSGA,simplified-cocome__BRF_clone_1.23__moc_1.64__mcnn_1.80__moncnn_1.45__MaxEval_102__ProbPAs_0.95__sb_byTime_sbth_3600000__Algo_pesa2,122,counting_pas,122,8015
simplified-cocome,simplified-cocome__BRF_clone_1.23__moc_1.64__mcnn_1.80__moncnn_1.45__MaxEval_102__ProbPAs_0.95__sb_byTime_sbth_3600000__Algo_pesa2,122,perfQ,1260
simplified-cocome,simplified-cocome__BRF_clone_1.23__moc_1.64__mcnn_1.80__moncnn_1.45__MaxEval_102__ProbPAs_0.95__sb_byTime_sbth_3600000__Algo_pesa2,reliability,219
simplified-cocome,simplified-cocome__BRF_clone_1.23__moc_1.64__mcnn_1.80__moncnn_1.45__MaxEval_102__ProbPAs_0.95__sb_byTime_sbth_3600000__Algo_pesa2,126,uml2lqn,2439
NSGA,simplified-cocome__BRF_clone_1.23__moc_1.64__mcnn_1.80__moncnn_1.45__MaxEval_102__ProbPAs_0.95__sb_byTime_sbth_3600000__Algo_pesa2,126,invoke_solver,283
NSGA,simplified-cocome__BRF_clone_1.23__moc_1.64__mcnn_1.80__moncnn_1.45__MaxEval_102__ProbPAs_0.95__sb_byTime_sbth_3600000__Algo_pesa2,126,lqn2uml,923
NSGA,simplified-cocome__BRF_clone_1.23__moc_1.64__mcnn_1.80__moncnn_1.45__MaxEval_102__ProbPAs_0.95__sb_byTime_sbth_3600000__Algo_pesa2,126,counting_pas,126,7826
simplified-cocome,simplified-cocome__BRF_clone_1.23__moc_1.64__mcnn_1.80__moncnn_1.45__MaxEval_102__ProbPAs_0.95__sb_byTime_sbth_3600000__Algo_pesa2,126,perfQ,860
simplified-cocome,simplified-cocome__BRF_clone_1.23__moc_1.64__mcnn_1.80__moncnn_1.45__MaxEval_102__ProbPAs_0.95__sb_byTime_sbth_3600000__Algo_pesa2,reliability,166
simplified-cocome,simplified-cocome__BRF_clone_1.23__moc_1.64__mcnn_1.80__moncnn_1.45__MaxEval_102__ProbPAs_0.95__sb_byTime_sbth_3600000__Algo_pesa2,130,uml2lqn,2624
NSGA,simplified-cocome__BRF_clone_1.23__moc_1.64__mcnn_1.80__moncnn_1.45__MaxEval_102__ProbPAs_0.95__sb_byTime_sbth_3600000__Algo_pesa2,130,invoke_solver,49
NSGA,simplified-cocome__BRF_clone_1.23__moc_1.64__mcnn_1.80__moncnn_1.45__MaxEval_102__ProbPAs_0.95__sb_byTime_sbth_3600000__Algo_pesa2,130,lqn2uml,1280
NSGA,simplified-cocome__BRF_clone_1.23__moc_1.64__mcnn_1.80__moncnn_1.45__MaxEval_102__ProbPAs_0.95__sb_byTime_sbth_3600000__Algo_pesa2,130,counting_pas,130,7063
simplified-cocome,simplified-cocome__BRF_clone_1.23__moc_1.64__mcnn_1.80__moncnn_1.45__MaxEval_102__ProbPAs_0.95__sb_byTime_sbth_3600000__Algo_pesa2,130,perfQ,1218
simplified-cocome,simplified-cocome__BRF_clone_1.23__moc_1.64__mcnn_1.80__moncnn_1.45__MaxEval_102__ProbPAs_0.95__sb_byTime_sbth_3600000__Algo_pesa2,reliability,141
simplified-cocome,simplified-cocome__BRF_clone_1.23__moc_1.64__mcnn_1.80__moncnn_1.45__MaxEval_102__ProbPAs_0.95__sb_byTime_sbth_3600000__Algo_pesa2,132,uml2lqn,3610
NSGA,simplified-cocome__BRF_clone_1.23__moc_1.64__mcnn_1.80__moncnn_1.45__MaxEval_102__ProbPAs_0.95__sb_byTime_sbth_3600000__Algo_pesa2,132,invoke_solver,302
NSGA,simplified-cocome__BRF_clone_1.23__moc_1.64__mcnn_1.80__moncnn_1.45__MaxEval_102__ProbPAs_0.95__sb_byTime_sbth_3600000__Algo_pesa2,132,lqn2uml,1573
NSGA,simplified-cocome__BRF_clone_1.23__moc_1.64__mcnn_1.80__moncnn_1.45__MaxEval_102__ProbPAs_0.95__sb_byTime_sbth_3600000__Algo_pesa2,132,counting_pas,132,8505
simplified-cocome,simplified-cocome__BRF_clone_1.23__moc_1.64__mcnn_1.80__moncnn_1.45__MaxEval_102__ProbPAs_0.95__sb_byTime_sbth_3600000__Algo_pesa2,132,perfQ,1408
simplified-cocome,simplified-cocome__BRF_clone_1.23__moc_1.64__mcnn_1.80__moncnn_1.45__MaxEval_102__ProbPAs_0.95__sb_byTime_sbth_3600000__Algo_pesa2,reliability,214
simplified-cocome,simplified-cocome__BRF_clone_1.23__moc_1.64__mcnn_1.80__moncnn_1.45__MaxEval_102__ProbPAs_0.95__sb_byTime_sbth_3600000__Algo_pesa2,134,uml2lqn,3241
NSGA,simplified-cocome__BRF_clone_1.23__moc_1.64__mcnn_1.80__moncnn_1.45__MaxEval_102__ProbPAs_0.95__sb_byTime_sbth_3600000__Algo_pesa2,134,invoke_solver,64
NSGA,simplified-cocome__BRF_clone_1.23__moc_1.64__mcnn_1.80__moncnn_1.45__MaxEval_102__ProbPAs_0.95__sb_byTime_sbth_3600000__Algo_pesa2,134,lqn2uml,1849
NSGA,simplified-cocome__BRF_clone_1.23__moc_1.64__mcnn_1.80__moncnn_1.45__MaxEval_102__ProbPAs_0.95__sb_byTime_sbth_3600000__Algo_pesa2,134,counting_pas,134,8531
simplified-cocome,simplified-cocome__BRF_clone_1.23__moc_1.64__mcnn_1.80__moncnn_1.45__MaxEval_102__ProbPAs_0.95__sb_byTime_sbth_3600000__Algo_pesa2,134,perfQ,1883
simplified-cocome,simplified-cocome__BRF_clone_1.23__moc_1.64__mcnn_1.80__moncnn_1.45__MaxEval_102__ProbPAs_0.95__sb_byTime_sbth_3600000__Algo_pesa2,reliability,143
simplified-cocome,simplified-cocome__BRF_clone_1.23__moc_1.64__mcnn_1.80__moncnn_1.45__MaxEval_102__ProbPAs_0.95__sb_byTime_sbth_3600000__Algo_pesa2,138,uml2lqn,3781
NSGA,simplified-cocome__BRF_clone_1.23__moc_1.64__mcnn_1.80__moncnn_1.45__MaxEval_102__ProbPAs_0.95__sb_byTime_sbth_3600000__Algo_pesa2,138,invoke_solver,241
NSGA,simplified-cocome__BRF_clone_1.23__moc_1.64__mcnn_1.80__moncnn_1.45__MaxEval_102__ProbPAs_0.95__sb_byTime_sbth_3600000__Algo_pesa2,138,lqn2uml,1846
NSGA,simplified-cocome__BRF_clone_1.23__moc_1.64__mcnn_1.80__moncnn_1.45__MaxEval_102__ProbPAs_0.95__sb_byTime_sbth_3600000__Algo_pesa2,138,counting_pas,138,8192
simplified-cocome,simplified-cocome__BRF_clone_1.23__moc_1.64__mcnn_1.80__moncnn_1.45__MaxEval_102__ProbPAs_0.95__sb_byTime_sbth_3600000__Algo_pesa2,138,perfQ,1405
simplified-cocome,simplified-cocome__BRF_clone_1.23__moc_1.64__mcnn_1.80__moncnn_1.45__MaxEval_102__ProbPAs_0.95__sb_byTime_sbth_3600000__Algo_pesa2,reliability,160
simplified-cocome,simplified-cocome__BRF_clone_1.23__moc_1.64__mcnn_1.80__moncnn_1.45__MaxEval_102__ProbPAs_0.95__sb_byTime_sbth_3600000__Algo_pesa2,142,uml2lqn,4271
NSGA,simplified-cocome__BRF_clone_1.23__moc_1.64__mcnn_1.80__moncnn_1.45__MaxEval_102__ProbPAs_0.95__sb_byTime_sbth_3600000__Algo_pesa2,142,invoke_solver,363
NSGA,simplified-cocome__BRF_clone_1.23__moc_1.64__mcnn_1.80__moncnn_1.45__MaxEval_102__ProbPAs_0.95__sb_byTime_sbth_3600000__Algo_pesa2,142,lqn2uml,1988
NSGA,simplified-cocome__BRF_clone_1.23__moc_1.64__mcnn_1.80__moncnn_1.45__MaxEval_102__ProbPAs_0.95__sb_byTime_sbth_3600000__Algo_pesa2,142,counting_pas,142,9350
simplified-cocome,simplified-cocome__BRF_clone_1.23__moc_1.64__mcnn_1.80__moncnn_1.45__MaxEval_102__ProbPAs_0.95__sb_byTime_sbth_3600000__Algo_pesa2,142,perfQ,2024
simplified-cocome,simplified-cocome__BRF_clone_1.23__moc_1.64__mcnn_1.80__moncnn_1.45__MaxEval_102__ProbPAs_0.95__sb_byTime_sbth_3600000__Algo_pesa2,reliability,220
simplified-cocome,simplified-cocome__BRF_clone_1.23__moc_1.64__mcnn_1.80__moncnn_1.45__MaxEval_102__ProbPAs_0.95__sb_byTime_sbth_3600000__Algo_pesa2,146,uml2lqn,4038
NSGA,simplified-cocome__BRF_clone_1.23__moc_1.64__mcnn_1.80__moncnn_1.45__MaxEval_102__ProbPAs_0.95__sb_byTime_sbth_3600000__Algo_pesa2,146,invoke_solver,39
NSGA,simplified-cocome__BRF_clone_1.23__moc_1.64__mcnn_1.80__moncnn_1.45__MaxEval_102__ProbPAs_0.95__sb_byTime_sbth_3600000__Algo_pesa2,146,lqn2uml,1900
NSGA,simplified-cocome__BRF_clone_1.23__moc_1.64__mcnn_1.80__moncnn_1.45__MaxEval_102__ProbPAs_0.95__sb_byTime_sbth_3600000__Algo_pesa2,146,counting_pas,146,10261
simplified-cocome,simplified-cocome__BRF_clone_1.23__moc_1.64__mcnn_1.80__moncnn_1.45__MaxEval_102__ProbPAs_0.95__sb_byTime_sbth_3600000__Algo_pesa2,146,perfQ,2020
simplified-cocome,simplified-cocome__BRF_clone_1.23__moc_1.64__mcnn_1.80__moncnn_1.45__MaxEval_102__ProbPAs_0.95__sb_byTime_sbth_3600000__Algo_pesa2,reliability,181
simplified-cocome,simplified-cocome__BRF_clone_1.23__moc_1.64__mcnn_1.80__moncnn_1.45__MaxEval_102__ProbPAs_0.95__sb_byTime_sbth_3600000__Algo_pesa2,150,uml2lqn,3926
NSGA,simplified-cocome__BRF_clone_1.23__moc_1.64__mcnn_1.80__moncnn_1.45__MaxEval_102__ProbPAs_0.95__sb_byTime_sbth_3600000__Algo_pesa2,150,invoke_solver,348
NSGA,simplified-cocome__BRF_clone_1.23__moc_1.64__mcnn_1.80__moncnn_1.45__MaxEval_102__ProbPAs_0.95__sb_byTime_sbth_3600000__Algo_pesa2,150,lqn2uml,1861
NSGA,simplified-cocome__BRF_clone_1.23__moc_1.64__mcnn_1.80__moncnn_1.45__MaxEval_102__ProbPAs_0.95__sb_byTime_sbth_3600000__Algo_pesa2,150,counting_pas,150,9180
simplified-cocome,simplified-cocome__BRF_clone_1.23__moc_1.64__mcnn_1.80__moncnn_1.45__MaxEval_102__ProbPAs_0.95__sb_byTime_sbth_3600000__Algo_pesa2,150,perfQ,1338
simplified-cocome,simplified-cocome__BRF_clone_1.23__moc_1.64__mcnn_1.80__moncnn_1.45__MaxEval_102__ProbPAs_0.95__sb_byTime_sbth_3600000__Algo_pesa2,reliability,142
simplified-cocome,simplified-cocome__BRF_clone_1.23__moc_1.64__mcnn_1.80__moncnn_1.45__MaxEval_102__ProbPAs_0.95__sb_byTime_sbth_3600000__Algo_pesa2,154,uml2lqn,3630
NSGA,simplified-cocome__BRF_clone_1.23__moc_1.64__mcnn_1.80__moncnn_1.45__MaxEval_102__ProbPAs_0.95__sb_byTime_sbth_3600000__Algo_pesa2,154,invoke_solver,304
NSGA,simplified-cocome__BRF_clone_1.23__moc_1.64__mcnn_1.80__moncnn_1.45__MaxEval_102__ProbPAs_0.95__sb_byTime_sbth_3600000__Algo_pesa2,154,lqn2uml,2759
NSGA,simplified-cocome__BRF_clone_1.23__moc_1.64__mcnn_1.80__moncnn_1.45__MaxEval_102__ProbPAs_0.95__sb_byTime_sbth_3600000__Algo_pesa2,154,counting_pas,154,8075
simplified-cocome,simplified-cocome__BRF_clone_1.23__moc_1.64__mcnn_1.80__moncnn_1.45__MaxEval_102__ProbPAs_0.95__sb_byTime_sbth_3600000__Algo_pesa2,154,perfQ,1488
simplified-cocome,simplified-cocome__BRF_clone_1.23__moc_1.64__mcnn_1.80__moncnn_1.45__MaxEval_102__ProbPAs_0.95__sb_byTime_sbth_3600000__Algo_pesa2,reliability,213
simplified-cocome,simplified-cocome__BRF_clone_1.23__moc_1.64__mcnn_1.80__moncnn_1.45__MaxEval_102__ProbPAs_0.95__sb_byTime_sbth_3600000__Algo_pesa2,158,uml2lqn,3716
NSGA,simplified-cocome__BRF_clone_1.23__moc_1.64__mcnn_1.80__moncnn_1.45__MaxEval_102__ProbPAs_0.95__sb_byTime_sbth_3600000__Algo_pesa2,158,invoke_solver,256
NSGA,simplified-cocome__BRF_clone_1.23__moc_1.64__mcnn_1.80__moncnn_1.45__MaxEval_102__ProbPAs_0.95__sb_byTime_sbth_3600000__Algo_pesa2,158,lqn2uml,2138
NSGA,simplified-cocome__BRF_clone_1.23__moc_1.64__mcnn_1.80__moncnn_1.45__MaxEval_102__ProbPAs_0.95__sb_byTime_sbth_3600000__Algo_pesa2,158,counting_pas,158,8635
simplified-cocome,simplified-cocome__BRF_clone_1.23__moc_1.64__mcnn_1.80__moncnn_1.45__MaxEval_102__ProbPAs_0.95__sb_byTime_sbth_3600000__Algo_pesa2,158,perfQ,1529
simplified-cocome,simplified-cocome__BRF_clone_1.23__moc_1.64__mcnn_1.80__moncnn_1.45__MaxEval_102__ProbPAs_0.95__sb_byTime_sbth_3600000__Algo_pesa2,reliability,167
simplified-cocome,simplified-cocome__BRF_clone_1.23__moc_1.64__mcnn_1.80__moncnn_1.45__MaxEval_102__ProbPAs_0.95__sb_byTime_sbth_3600000__Algo_pesa2,162,uml2lqn,3456
NSGA,simplified-cocome__BRF_clone_1.23__moc_1.64__mcnn_1.80__moncnn_1.45__MaxEval_102__ProbPAs_0.95__sb_byTime_sbth_3600000__Algo_pesa2,162,invoke_solver,304
NSGA,simplified-cocome__BRF_clone_1.23__moc_1.64__mcnn_1.80__moncnn_1.45__MaxEval_102__ProbPAs_0.95__sb_byTime_sbth_3600000__Algo_pesa2,162,lqn2uml,1606
NSGA,simplified-cocome__BRF_clone_1.23__moc_1.64__mcnn_1.80__moncnn_1.45__MaxEval_102__ProbPAs_0.95__sb_byTime_sbth_3600000__Algo_pesa2,162,counting_pas,162,8428
simplified-cocome,simplified-cocome__BRF_clone_1.23__moc_1.64__mcnn_1.80__moncnn_1.45__MaxEval_102__ProbPAs_0.95__sb_byTime_sbth_3600000__Algo_pesa2,162,perfQ,2383
simplified-cocome,simplified-cocome__BRF_clone_1.23__moc_1.64__mcnn_1.80__moncnn_1.45__MaxEval_102__ProbPAs_0.95__sb_byTime_sbth_3600000__Algo_pesa2,reliability,202
simplified-cocome,simplified-cocome__BRF_clone_1.23__moc_1.64__mcnn_1.80__moncnn_1.45__MaxEval_102__ProbPAs_0.95__sb_byTime_sbth_3600000__Algo_pesa2,164,uml2lqn,3396
NSGA,simplified-cocome__BRF_clone_1.23__moc_1.64__mcnn_1.80__moncnn_1.45__MaxEval_102__ProbPAs_0.95__sb_byTime_sbth_3600000__Algo_pesa2,164,invoke_solver,287
NSGA,simplified-cocome__BRF_clone_1.23__moc_1.64__mcnn_1.80__moncnn_1.45__MaxEval_102__ProbPAs_0.95__sb_byTime_sbth_3600000__Algo_pesa2,164,lqn2uml,2792
NSGA,simplified-cocome__BRF_clone_1.23__moc_1.64__mcnn_1.80__moncnn_1.45__MaxEval_102__ProbPAs_0.95__sb_byTime_sbth_3600000__Algo_pesa2,164,counting_pas,164,8622
simplified-cocome,simplified-cocome__BRF_clone_1.23__moc_1.64__mcnn_1.80__moncnn_1.45__MaxEval_102__ProbPAs_0.95__sb_byTime_sbth_3600000__Algo_pesa2,164,perfQ,2647
simplified-cocome,simplified-cocome__BRF_clone_1.23__moc_1.64__mcnn_1.80__moncnn_1.45__MaxEval_102__ProbPAs_0.95__sb_byTime_sbth_3600000__Algo_pesa2,reliability,193
simplified-cocome,simplified-cocome__BRF_clone_1.23__moc_1.64__mcnn_1.80__moncnn_1.45__MaxEval_102__ProbPAs_0.95__sb_byTime_sbth_3600000__Algo_pesa2,166,uml2lqn,3352
NSGA,simplified-cocome__BRF_clone_1.23__moc_1.64__mcnn_1.80__moncnn_1.45__MaxEval_102__ProbPAs_0.95__sb_byTime_sbth_3600000__Algo_pesa2,166,invoke_solver,333
NSGA,simplified-cocome__BRF_clone_1.23__moc_1.64__mcnn_1.80__moncnn_1.45__MaxEval_102__ProbPAs_0.95__sb_byTime_sbth_3600000__Algo_pesa2,166,lqn2uml,2129
NSGA,simplified-cocome__BRF_clone_1.23__moc_1.64__mcnn_1.80__moncnn_1.45__MaxEval_102__ProbPAs_0.95__sb_byTime_sbth_3600000__Algo_pesa2,166,counting_pas,166,9332
simplified-cocome,simplified-cocome__BRF_clone_1.23__moc_1.64__mcnn_1.80__moncnn_1.45__MaxEval_102__ProbPAs_0.95__sb_byTime_sbth_3600000__Algo_pesa2,166,perfQ,2144
simplified-cocome,simplified-cocome__BRF_clone_1.23__moc_1.64__mcnn_1.80__moncnn_1.45__MaxEval_102__ProbPAs_0.95__sb_byTime_sbth_3600000__Algo_pesa2,reliability,253
simplified-cocome,simplified-cocome__BRF_clone_1.23__moc_1.64__mcnn_1.80__moncnn_1.45__MaxEval_102__ProbPAs_0.95__sb_byTime_sbth_3600000__Algo_pesa2,170,uml2lqn,4423
NSGA,simplified-cocome__BRF_clone_1.23__moc_1.64__mcnn_1.80__moncnn_1.45__MaxEval_102__ProbPAs_0.95__sb_byTime_sbth_3600000__Algo_pesa2,170,invoke_solver,323
NSGA,simplified-cocome__BRF_clone_1.23__moc_1.64__mcnn_1.80__moncnn_1.45__MaxEval_102__ProbPAs_0.95__sb_byTime_sbth_3600000__Algo_pesa2,170,lqn2uml,2436
NSGA,simplified-cocome__BRF_clone_1.23__moc_1.64__mcnn_1.80__moncnn_1.45__MaxEval_102__ProbPAs_0.95__sb_byTime_sbth_3600000__Algo_pesa2,170,counting_pas,170,9165
simplified-cocome,simplified-cocome__BRF_clone_1.23__moc_1.64__mcnn_1.80__moncnn_1.45__MaxEval_102__ProbPAs_0.95__sb_byTime_sbth_3600000__Algo_pesa2,170,perfQ,2847
simplified-cocome,simplified-cocome__BRF_clone_1.23__moc_1.64__mcnn_1.80__moncnn_1.45__MaxEval_102__ProbPAs_0.95__sb_byTime_sbth_3600000__Algo_pesa2,reliability,201
simplified-cocome,simplified-cocome__BRF_clone_1.23__moc_1.64__mcnn_1.80__moncnn_1.45__MaxEval_102__ProbPAs_0.95__sb_byTime_sbth_3600000__Algo_pesa2,174,uml2lqn,4346
NSGA,simplified-cocome__BRF_clone_1.23__moc_1.64__mcnn_1.80__moncnn_1.45__MaxEval_102__ProbPAs_0.95__sb_byTime_sbth_3600000__Algo_pesa2,174,invoke_solver,317
NSGA,simplified-cocome__BRF_clone_1.23__moc_1.64__mcnn_1.80__moncnn_1.45__MaxEval_102__ProbPAs_0.95__sb_byTime_sbth_3600000__Algo_pesa2,174,lqn2uml,2429
NSGA,simplified-cocome__BRF_clone_1.23__moc_1.64__mcnn_1.80__moncnn_1.45__MaxEval_102__ProbPAs_0.95__sb_byTime_sbth_3600000__Algo_pesa2,174,counting_pas,174,9187
simplified-cocome,simplified-cocome__BRF_clone_1.23__moc_1.64__mcnn_1.80__moncnn_1.45__MaxEval_102__ProbPAs_0.95__sb_byTime_sbth_3600000__Algo_pesa2,174,perfQ,2271
simplified-cocome,simplified-cocome__BRF_clone_1.23__moc_1.64__mcnn_1.80__moncnn_1.45__MaxEval_102__ProbPAs_0.95__sb_byTime_sbth_3600000__Algo_pesa2,reliability,196
simplified-cocome,simplified-cocome__BRF_clone_1.23__moc_1.64__mcnn_1.80__moncnn_1.45__MaxEval_102__ProbPAs_0.95__sb_byTime_sbth_3600000__Algo_pesa2,176,uml2lqn,3718
NSGA,simplified-cocome__BRF_clone_1.23__moc_1.64__mcnn_1.80__moncnn_1.45__MaxEval_102__ProbPAs_0.95__sb_byTime_sbth_3600000__Algo_pesa2,176,invoke_solver,127
NSGA,simplified-cocome__BRF_clone_1.23__moc_1.64__mcnn_1.80__moncnn_1.45__MaxEval_102__ProbPAs_0.95__sb_byTime_sbth_3600000__Algo_pesa2,176,lqn2uml,2470
NSGA,simplified-cocome__BRF_clone_1.23__moc_1.64__mcnn_1.80__moncnn_1.45__MaxEval_102__ProbPAs_0.95__sb_byTime_sbth_3600000__Algo_pesa2,176,counting_pas,176,9785
simplified-cocome,simplified-cocome__BRF_clone_1.23__moc_1.64__mcnn_1.80__moncnn_1.45__MaxEval_102__ProbPAs_0.95__sb_byTime_sbth_3600000__Algo_pesa2,176,perfQ,1976
simplified-cocome,simplified-cocome__BRF_clone_1.23__moc_1.64__mcnn_1.80__moncnn_1.45__MaxEval_102__ProbPAs_0.95__sb_byTime_sbth_3600000__Algo_pesa2,reliability,208
simplified-cocome,simplified-cocome__BRF_clone_1.23__moc_1.64__mcnn_1.80__moncnn_1.45__MaxEval_102__ProbPAs_0.95__sb_byTime_sbth_3600000__Algo_pesa2,180,uml2lqn,3463
NSGA,simplified-cocome__BRF_clone_1.23__moc_1.64__mcnn_1.80__moncnn_1.45__MaxEval_102__ProbPAs_0.95__sb_byTime_sbth_3600000__Algo_pesa2,180,invoke_solver,190
NSGA,simplified-cocome__BRF_clone_1.23__moc_1.64__mcnn_1.80__moncnn_1.45__MaxEval_102__ProbPAs_0.95__sb_byTime_sbth_3600000__Algo_pesa2,180,lqn2uml,2352
NSGA,simplified-cocome__BRF_clone_1.23__moc_1.64__mcnn_1.80__moncnn_1.45__MaxEval_102__ProbPAs_0.95__sb_byTime_sbth_3600000__Algo_pesa2,180,counting_pas,180,8048
simplified-cocome,simplified-cocome__BRF_clone_1.23__moc_1.64__mcnn_1.80__moncnn_1.45__MaxEval_102__ProbPAs_0.95__sb_byTime_sbth_3600000__Algo_pesa2,180,perfQ,1612
simplified-cocome,simplified-cocome__BRF_clone_1.23__moc_1.64__mcnn_1.80__moncnn_1.45__MaxEval_102__ProbPAs_0.95__sb_byTime_sbth_3600000__Algo_pesa2,reliability,201
simplified-cocome,simplified-cocome__BRF_clone_1.23__moc_1.64__mcnn_1.80__moncnn_1.45__MaxEval_102__ProbPAs_0.95__sb_byTime_sbth_3600000__Algo_pesa2,184,uml2lqn,4292
NSGA,simplified-cocome__BRF_clone_1.23__moc_1.64__mcnn_1.80__moncnn_1.45__MaxEval_102__ProbPAs_0.95__sb_byTime_sbth_3600000__Algo_pesa2,184,invoke_solver,57
NSGA,simplified-cocome__BRF_clone_1.23__moc_1.64__mcnn_1.80__moncnn_1.45__MaxEval_102__ProbPAs_0.95__sb_byTime_sbth_3600000__Algo_pesa2,184,lqn2uml,1667
NSGA,simplified-cocome__BRF_clone_1.23__moc_1.64__mcnn_1.80__moncnn_1.45__MaxEval_102__ProbPAs_0.95__sb_byTime_sbth_3600000__Algo_pesa2,184,counting_pas,184,8085
simplified-cocome,simplified-cocome__BRF_clone_1.23__moc_1.64__mcnn_1.80__moncnn_1.45__MaxEval_102__ProbPAs_0.95__sb_byTime_sbth_3600000__Algo_pesa2,184,perfQ,1580
simplified-cocome,simplified-cocome__BRF_clone_1.23__moc_1.64__mcnn_1.80__moncnn_1.45__MaxEval_102__ProbPAs_0.95__sb_byTime_sbth_3600000__Algo_pesa2,reliability,185
simplified-cocome,simplified-cocome__BRF_clone_1.23__moc_1.64__mcnn_1.80__moncnn_1.45__MaxEval_102__ProbPAs_0.95__sb_byTime_sbth_3600000__Algo_pesa2,188,uml2lqn,5945
NSGA,simplified-cocome__BRF_clone_1.23__moc_1.64__mcnn_1.80__moncnn_1.45__MaxEval_102__ProbPAs_0.95__sb_byTime_sbth_3600000__Algo_pesa2,188,invoke_solver,134
NSGA,simplified-cocome__BRF_clone_1.23__moc_1.64__mcnn_1.80__moncnn_1.45__MaxEval_102__ProbPAs_0.95__sb_byTime_sbth_3600000__Algo_pesa2,188,lqn2uml,1868
NSGA,simplified-cocome__BRF_clone_1.23__moc_1.64__mcnn_1.80__moncnn_1.45__MaxEval_102__ProbPAs_0.95__sb_byTime_sbth_3600000__Algo_pesa2,188,counting_pas,188,8798
simplified-cocome,simplified-cocome__BRF_clone_1.23__moc_1.64__mcnn_1.80__moncnn_1.45__MaxEval_102__ProbPAs_0.95__sb_byTime_sbth_3600000__Algo_pesa2,188,perfQ,2595
simplified-cocome,simplified-cocome__BRF_clone_1.23__moc_1.64__mcnn_1.80__moncnn_1.45__MaxEval_102__ProbPAs_0.95__sb_byTime_sbth_3600000__Algo_pesa2,reliability,201
simplified-cocome,simplified-cocome__BRF_clone_1.23__moc_1.64__mcnn_1.80__moncnn_1.45__MaxEval_102__ProbPAs_0.95__sb_byTime_sbth_3600000__Algo_pesa2,192,uml2lqn,4651
NSGA,simplified-cocome__BRF_clone_1.23__moc_1.64__mcnn_1.80__moncnn_1.45__MaxEval_102__ProbPAs_0.95__sb_byTime_sbth_3600000__Algo_pesa2,192,invoke_solver,246
NSGA,simplified-cocome__BRF_clone_1.23__moc_1.64__mcnn_1.80__moncnn_1.45__MaxEval_102__ProbPAs_0.95__sb_byTime_sbth_3600000__Algo_pesa2,192,lqn2uml,2623
NSGA,simplified-cocome__BRF_clone_1.23__moc_1.64__mcnn_1.80__moncnn_1.45__MaxEval_102__ProbPAs_0.95__sb_byTime_sbth_3600000__Algo_pesa2,192,counting_pas,192,8647
simplified-cocome,simplified-cocome__BRF_clone_1.23__moc_1.64__mcnn_1.80__moncnn_1.45__MaxEval_102__ProbPAs_0.95__sb_byTime_sbth_3600000__Algo_pesa2,192,perfQ,2728
simplified-cocome,simplified-cocome__BRF_clone_1.23__moc_1.64__mcnn_1.80__moncnn_1.45__MaxEval_102__ProbPAs_0.95__sb_byTime_sbth_3600000__Algo_pesa2,reliability,189
simplified-cocome,simplified-cocome__BRF_clone_1.23__moc_1.64__mcnn_1.80__moncnn_1.45__MaxEval_102__ProbPAs_0.95__sb_byTime_sbth_3600000__Algo_pesa2,196,uml2lqn,4399
NSGA,simplified-cocome__BRF_clone_1.23__moc_1.64__mcnn_1.80__moncnn_1.45__MaxEval_102__ProbPAs_0.95__sb_byTime_sbth_3600000__Algo_pesa2,196,invoke_solver,38
NSGA,simplified-cocome__BRF_clone_1.23__moc_1.64__mcnn_1.80__moncnn_1.45__MaxEval_102__ProbPAs_0.95__sb_byTime_sbth_3600000__Algo_pesa2,196,lqn2uml,2914
NSGA,simplified-cocome__BRF_clone_1.23__moc_1.64__mcnn_1.80__moncnn_1.45__MaxEval_102__ProbPAs_0.95__sb_byTime_sbth_3600000__Algo_pesa2,196,counting_pas,196,7782
simplified-cocome,simplified-cocome__BRF_clone_1.23__moc_1.64__mcnn_1.80__moncnn_1.45__MaxEval_102__ProbPAs_0.95__sb_byTime_sbth_3600000__Algo_pesa2,196,perfQ,2959
simplified-cocome,simplified-cocome__BRF_clone_1.23__moc_1.64__mcnn_1.80__moncnn_1.45__MaxEval_102__ProbPAs_0.95__sb_byTime_sbth_3600000__Algo_pesa2,reliability,175
simplified-cocome,simplified-cocome__BRF_clone_1.23__moc_1.64__mcnn_1.80__moncnn_1.45__MaxEval_102__ProbPAs_0.95__sb_byTime_sbth_3600000__Algo_pesa2,200,uml2lqn,4928
NSGA,simplified-cocome__BRF_clone_1.23__moc_1.64__mcnn_1.80__moncnn_1.45__MaxEval_102__ProbPAs_0.95__sb_byTime_sbth_3600000__Algo_pesa2,200,invoke_solver,264
NSGA,simplified-cocome__BRF_clone_1.23__moc_1.64__mcnn_1.80__moncnn_1.45__MaxEval_102__ProbPAs_0.95__sb_byTime_sbth_3600000__Algo_pesa2,200,lqn2uml,3486
NSGA,simplified-cocome__BRF_clone_1.23__moc_1.64__mcnn_1.80__moncnn_1.45__MaxEval_102__ProbPAs_0.95__sb_byTime_sbth_3600000__Algo_pesa2,200,counting_pas,200,8516
simplified-cocome,simplified-cocome__BRF_clone_1.23__moc_1.64__mcnn_1.80__moncnn_1.45__MaxEval_102__ProbPAs_0.95__sb_byTime_sbth_3600000__Algo_pesa2,200,perfQ,3266
simplified-cocome,simplified-cocome__BRF_clone_1.23__moc_1.64__mcnn_1.80__moncnn_1.45__MaxEval_102__ProbPAs_0.95__sb_byTime_sbth_3600000__Algo_pesa2,reliability,178
simplified-cocome,simplified-cocome__BRF_clone_1.23__moc_1.64__mcnn_1.80__moncnn_1.45__MaxEval_102__ProbPAs_0.95__sb_byTime_sbth_3600000__Algo_pesa2,204,uml2lqn,5036
NSGA,simplified-cocome__BRF_clone_1.23__moc_1.64__mcnn_1.80__moncnn_1.45__MaxEval_102__ProbPAs_0.95__sb_byTime_sbth_3600000__Algo_pesa2,204,invoke_solver,28
NSGA,simplified-cocome__BRF_clone_1.23__moc_1.64__mcnn_1.80__moncnn_1.45__MaxEval_102__ProbPAs_0.95__sb_byTime_sbth_3600000__Algo_pesa2,204,lqn2uml,3503
NSGA,simplified-cocome__BRF_clone_1.23__moc_1.64__mcnn_1.80__moncnn_1.45__MaxEval_102__ProbPAs_0.95__sb_byTime_sbth_3600000__Algo_pesa2,204,counting_pas,204,9963
simplified-cocome,simplified-cocome__BRF_clone_1.23__moc_1.64__mcnn_1.80__moncnn_1.45__MaxEval_102__ProbPAs_0.95__sb_byTime_sbth_3600000__Algo_pesa2,204,perfQ,2642
simplified-cocome,simplified-cocome__BRF_clone_1.23__moc_1.64__mcnn_1.80__moncnn_1.45__MaxEval_102__ProbPAs_0.95__sb_byTime_sbth_3600000__Algo_pesa2,reliability,263
simplified-cocome,simplified-cocome__BRF_clone_1.23__moc_1.64__mcnn_1.80__moncnn_1.45__MaxEval_102__ProbPAs_0.95__sb_byTime_sbth_3600000__Algo_pesa2,208,uml2lqn,4749
NSGA,simplified-cocome__BRF_clone_1.23__moc_1.64__mcnn_1.80__moncnn_1.45__MaxEval_102__ProbPAs_0.95__sb_byTime_sbth_3600000__Algo_pesa2,208,invoke_solver,396
NSGA,simplified-cocome__BRF_clone_1.23__moc_1.64__mcnn_1.80__moncnn_1.45__MaxEval_102__ProbPAs_0.95__sb_byTime_sbth_3600000__Algo_pesa2,208,lqn2uml,2587
NSGA,simplified-cocome__BRF_clone_1.23__moc_1.64__mcnn_1.80__moncnn_1.45__MaxEval_102__ProbPAs_0.95__sb_byTime_sbth_3600000__Algo_pesa2,208,counting_pas,208,8692
simplified-cocome,simplified-cocome__BRF_clone_1.23__moc_1.64__mcnn_1.80__moncnn_1.45__MaxEval_102__ProbPAs_0.95__sb_byTime_sbth_3600000__Algo_pesa2,208,perfQ,2183
simplified-cocome,simplified-cocome__BRF_clone_1.23__moc_1.64__mcnn_1.80__moncnn_1.45__MaxEval_102__ProbPAs_0.95__sb_byTime_sbth_3600000__Algo_pesa2,reliability,193
simplified-cocome,simplified-cocome__BRF_clone_1.23__moc_1.64__mcnn_1.80__moncnn_1.45__MaxEval_102__ProbPAs_0.95__sb_byTime_sbth_3600000__Algo_pesa2,212,uml2lqn,3772
NSGA,simplified-cocome__BRF_clone_1.23__moc_1.64__mcnn_1.80__moncnn_1.45__MaxEval_102__ProbPAs_0.95__sb_byTime_sbth_3600000__Algo_pesa2,212,invoke_solver,305
NSGA,simplified-cocome__BRF_clone_1.23__moc_1.64__mcnn_1.80__moncnn_1.45__MaxEval_102__ProbPAs_0.95__sb_byTime_sbth_3600000__Algo_pesa2,212,lqn2uml,2867
NSGA,simplified-cocome__BRF_clone_1.23__moc_1.64__mcnn_1.80__moncnn_1.45__MaxEval_102__ProbPAs_0.95__sb_byTime_sbth_3600000__Algo_pesa2,212,counting_pas,212,7902
simplified-cocome,simplified-cocome__BRF_clone_1.23__moc_1.64__mcnn_1.80__moncnn_1.45__MaxEval_102__ProbPAs_0.95__sb_byTime_sbth_3600000__Algo_pesa2,212,perfQ,1294
simplified-cocome,simplified-cocome__BRF_clone_1.23__moc_1.64__mcnn_1.80__moncnn_1.45__MaxEval_102__ProbPAs_0.95__sb_byTime_sbth_3600000__Algo_pesa2,reliability,176
simplified-cocome,simplified-cocome__BRF_clone_1.23__moc_1.64__mcnn_1.80__moncnn_1.45__MaxEval_102__ProbPAs_0.95__sb_byTime_sbth_3600000__Algo_pesa2,214,uml2lqn,4588
NSGA,simplified-cocome__BRF_clone_1.23__moc_1.64__mcnn_1.80__moncnn_1.45__MaxEval_102__ProbPAs_0.95__sb_byTime_sbth_3600000__Algo_pesa2,214,invoke_solver,415
NSGA,simplified-cocome__BRF_clone_1.23__moc_1.64__mcnn_1.80__moncnn_1.45__MaxEval_102__ProbPAs_0.95__sb_byTime_sbth_3600000__Algo_pesa2,214,lqn2uml,1920
NSGA,simplified-cocome__BRF_clone_1.23__moc_1.64__mcnn_1.80__moncnn_1.45__MaxEval_102__ProbPAs_0.95__sb_byTime_sbth_3600000__Algo_pesa2,214,counting_pas,214,9447
simplified-cocome,simplified-cocome__BRF_clone_1.23__moc_1.64__mcnn_1.80__moncnn_1.45__MaxEval_102__ProbPAs_0.95__sb_byTime_sbth_3600000__Algo_pesa2,214,perfQ,1456
simplified-cocome,simplified-cocome__BRF_clone_1.23__moc_1.64__mcnn_1.80__moncnn_1.45__MaxEval_102__ProbPAs_0.95__sb_byTime_sbth_3600000__Algo_pesa2,reliability,187
simplified-cocome,simplified-cocome__BRF_clone_1.23__moc_1.64__mcnn_1.80__moncnn_1.45__MaxEval_102__ProbPAs_0.95__sb_byTime_sbth_3600000__Algo_pesa2,220,uml2lqn,4845
NSGA,simplified-cocome__BRF_clone_1.23__moc_1.64__mcnn_1.80__moncnn_1.45__MaxEval_102__ProbPAs_0.95__sb_byTime_sbth_3600000__Algo_pesa2,220,invoke_solver,33
NSGA,simplified-cocome__BRF_clone_1.23__moc_1.64__mcnn_1.80__moncnn_1.45__MaxEval_102__ProbPAs_0.95__sb_byTime_sbth_3600000__Algo_pesa2,220,lqn2uml,4155
NSGA,simplified-cocome__BRF_clone_1.23__moc_1.64__mcnn_1.80__moncnn_1.45__MaxEval_102__ProbPAs_0.95__sb_byTime_sbth_3600000__Algo_pesa2,220,counting_pas,220,10110
simplified-cocome,simplified-cocome__BRF_clone_1.23__moc_1.64__mcnn_1.80__moncnn_1.45__MaxEval_102__ProbPAs_0.95__sb_byTime_sbth_3600000__Algo_pesa2,220,perfQ,2932
simplified-cocome,simplified-cocome__BRF_clone_1.23__moc_1.64__mcnn_1.80__moncnn_1.45__MaxEval_102__ProbPAs_0.95__sb_byTime_sbth_3600000__Algo_pesa2,reliability,197
simplified-cocome,simplified-cocome__BRF_clone_1.23__moc_1.64__mcnn_1.80__moncnn_1.45__MaxEval_102__ProbPAs_0.95__sb_byTime_sbth_3600000__Algo_pesa2,222,uml2lqn,4488
NSGA,simplified-cocome__BRF_clone_1.23__moc_1.64__mcnn_1.80__moncnn_1.45__MaxEval_102__ProbPAs_0.95__sb_byTime_sbth_3600000__Algo_pesa2,222,invoke_solver,279
NSGA,simplified-cocome__BRF_clone_1.23__moc_1.64__mcnn_1.80__moncnn_1.45__MaxEval_102__ProbPAs_0.95__sb_byTime_sbth_3600000__Algo_pesa2,222,lqn2uml,3807
NSGA,simplified-cocome__BRF_clone_1.23__moc_1.64__mcnn_1.80__moncnn_1.45__MaxEval_102__ProbPAs_0.95__sb_byTime_sbth_3600000__Algo_pesa2,222,counting_pas,222,8664
simplified-cocome,simplified-cocome__BRF_clone_1.23__moc_1.64__mcnn_1.80__moncnn_1.45__MaxEval_102__ProbPAs_0.95__sb_byTime_sbth_3600000__Algo_pesa2,222,perfQ,3545
simplified-cocome,simplified-cocome__BRF_clone_1.23__moc_1.64__mcnn_1.80__moncnn_1.45__MaxEval_102__ProbPAs_0.95__sb_byTime_sbth_3600000__Algo_pesa2,reliability,205
simplified-cocome,simplified-cocome__BRF_clone_1.23__moc_1.64__mcnn_1.80__moncnn_1.45__MaxEval_102__ProbPAs_0.95__sb_byTime_sbth_3600000__Algo_pesa2,226,uml2lqn,5601
NSGA,simplified-cocome__BRF_clone_1.23__moc_1.64__mcnn_1.80__moncnn_1.45__MaxEval_102__ProbPAs_0.95__sb_byTime_sbth_3600000__Algo_pesa2,226,invoke_solver,45
NSGA,simplified-cocome__BRF_clone_1.23__moc_1.64__mcnn_1.80__moncnn_1.45__MaxEval_102__ProbPAs_0.95__sb_byTime_sbth_3600000__Algo_pesa2,226,lqn2uml,3762
NSGA,simplified-cocome__BRF_clone_1.23__moc_1.64__mcnn_1.80__moncnn_1.45__MaxEval_102__ProbPAs_0.95__sb_byTime_sbth_3600000__Algo_pesa2,226,counting_pas,226,10401
simplified-cocome,simplified-cocome__BRF_clone_1.23__moc_1.64__mcnn_1.80__moncnn_1.45__MaxEval_102__ProbPAs_0.95__sb_byTime_sbth_3600000__Algo_pesa2,226,perfQ,3672
simplified-cocome,simplified-cocome__BRF_clone_1.23__moc_1.64__mcnn_1.80__moncnn_1.45__MaxEval_102__ProbPAs_0.95__sb_byTime_sbth_3600000__Algo_pesa2,reliability,221
simplified-cocome,simplified-cocome__BRF_clone_1.23__moc_1.64__mcnn_1.80__moncnn_1.45__MaxEval_102__ProbPAs_0.95__sb_byTime_sbth_3600000__Algo_pesa2,230,uml2lqn,4960
NSGA,simplified-cocome__BRF_clone_1.23__moc_1.64__mcnn_1.80__moncnn_1.45__MaxEval_102__ProbPAs_0.95__sb_byTime_sbth_3600000__Algo_pesa2,230,invoke_solver,264
NSGA,simplified-cocome__BRF_clone_1.23__moc_1.64__mcnn_1.80__moncnn_1.45__MaxEval_102__ProbPAs_0.95__sb_byTime_sbth_3600000__Algo_pesa2,230,lqn2uml,3876
NSGA,simplified-cocome__BRF_clone_1.23__moc_1.64__mcnn_1.80__moncnn_1.45__MaxEval_102__ProbPAs_0.95__sb_byTime_sbth_3600000__Algo_pesa2,230,counting_pas,230,8848
simplified-cocome,simplified-cocome__BRF_clone_1.23__moc_1.64__mcnn_1.80__moncnn_1.45__MaxEval_102__ProbPAs_0.95__sb_byTime_sbth_3600000__Algo_pesa2,230,perfQ,3924
simplified-cocome,simplified-cocome__BRF_clone_1.23__moc_1.64__mcnn_1.80__moncnn_1.45__MaxEval_102__ProbPAs_0.95__sb_byTime_sbth_3600000__Algo_pesa2,reliability,175
simplified-cocome,simplified-cocome__BRF_clone_1.23__moc_1.64__mcnn_1.80__moncnn_1.45__MaxEval_102__ProbPAs_0.95__sb_byTime_sbth_3600000__Algo_pesa2,234,uml2lqn,4708
NSGA,simplified-cocome__BRF_clone_1.23__moc_1.64__mcnn_1.80__moncnn_1.45__MaxEval_102__ProbPAs_0.95__sb_byTime_sbth_3600000__Algo_pesa2,234,invoke_solver,306
NSGA,simplified-cocome__BRF_clone_1.23__moc_1.64__mcnn_1.80__moncnn_1.45__MaxEval_102__ProbPAs_0.95__sb_byTime_sbth_3600000__Algo_pesa2,234,lqn2uml,3781
NSGA,simplified-cocome__BRF_clone_1.23__moc_1.64__mcnn_1.80__moncnn_1.45__MaxEval_102__ProbPAs_0.95__sb_byTime_sbth_3600000__Algo_pesa2,234,counting_pas,234,8612
simplified-cocome,simplified-cocome__BRF_clone_1.23__moc_1.64__mcnn_1.80__moncnn_1.45__MaxEval_102__ProbPAs_0.95__sb_byTime_sbth_3600000__Algo_pesa2,234,perfQ,3775
simplified-cocome,simplified-cocome__BRF_clone_1.23__moc_1.64__mcnn_1.80__moncnn_1.45__MaxEval_102__ProbPAs_0.95__sb_byTime_sbth_3600000__Algo_pesa2,reliability,182
simplified-cocome,simplified-cocome__BRF_clone_1.23__moc_1.64__mcnn_1.80__moncnn_1.45__MaxEval_102__ProbPAs_0.95__sb_byTime_sbth_3600000__Algo_pesa2,236,uml2lqn,4964
NSGA,simplified-cocome__BRF_clone_1.23__moc_1.64__mcnn_1.80__moncnn_1.45__MaxEval_102__ProbPAs_0.95__sb_byTime_sbth_3600000__Algo_pesa2,236,invoke_solver,295
NSGA,simplified-cocome__BRF_clone_1.23__moc_1.64__mcnn_1.80__moncnn_1.45__MaxEval_102__ProbPAs_0.95__sb_byTime_sbth_3600000__Algo_pesa2,236,lqn2uml,4224
NSGA,simplified-cocome__BRF_clone_1.23__moc_1.64__mcnn_1.80__moncnn_1.45__MaxEval_102__ProbPAs_0.95__sb_byTime_sbth_3600000__Algo_pesa2,236,counting_pas,236,9352
simplified-cocome,simplified-cocome__BRF_clone_1.23__moc_1.64__mcnn_1.80__moncnn_1.45__MaxEval_102__ProbPAs_0.95__sb_byTime_sbth_3600000__Algo_pesa2,236,perfQ,3912
simplified-cocome,simplified-cocome__BRF_clone_1.23__moc_1.64__mcnn_1.80__moncnn_1.45__MaxEval_102__ProbPAs_0.95__sb_byTime_sbth_3600000__Algo_pesa2,reliability,178
simplified-cocome,simplified-cocome__BRF_clone_1.23__moc_1.64__mcnn_1.80__moncnn_1.45__MaxEval_102__ProbPAs_0.95__sb_byTime_sbth_3600000__Algo_pesa2,240,uml2lqn,4655
NSGA,simplified-cocome__BRF_clone_1.23__moc_1.64__mcnn_1.80__moncnn_1.45__MaxEval_102__ProbPAs_0.95__sb_byTime_sbth_3600000__Algo_pesa2,240,invoke_solver,53
NSGA,simplified-cocome__BRF_clone_1.23__moc_1.64__mcnn_1.80__moncnn_1.45__MaxEval_102__ProbPAs_0.95__sb_byTime_sbth_3600000__Algo_pesa2,240,lqn2uml,3631
NSGA,simplified-cocome__BRF_clone_1.23__moc_1.64__mcnn_1.80__moncnn_1.45__MaxEval_102__ProbPAs_0.95__sb_byTime_sbth_3600000__Algo_pesa2,240,counting_pas,240,11283
simplified-cocome,simplified-cocome__BRF_clone_1.23__moc_1.64__mcnn_1.80__moncnn_1.45__MaxEval_102__ProbPAs_0.95__sb_byTime_sbth_3600000__Algo_pesa2,240,perfQ,3343
simplified-cocome,simplified-cocome__BRF_clone_1.23__moc_1.64__mcnn_1.80__moncnn_1.45__MaxEval_102__ProbPAs_0.95__sb_byTime_sbth_3600000__Algo_pesa2,reliability,234
simplified-cocome,simplified-cocome__BRF_clone_1.23__moc_1.64__mcnn_1.80__moncnn_1.45__MaxEval_102__ProbPAs_0.95__sb_byTime_sbth_3600000__Algo_pesa2,246,uml2lqn,4443
NSGA,simplified-cocome__BRF_clone_1.23__moc_1.64__mcnn_1.80__moncnn_1.45__MaxEval_102__ProbPAs_0.95__sb_byTime_sbth_3600000__Algo_pesa2,246,invoke_solver,247
NSGA,simplified-cocome__BRF_clone_1.23__moc_1.64__mcnn_1.80__moncnn_1.45__MaxEval_102__ProbPAs_0.95__sb_byTime_sbth_3600000__Algo_pesa2,246,lqn2uml,3029
NSGA,simplified-cocome__BRF_clone_1.23__moc_1.64__mcnn_1.80__moncnn_1.45__MaxEval_102__ProbPAs_0.95__sb_byTime_sbth_3600000__Algo_pesa2,246,counting_pas,246,10430
simplified-cocome,simplified-cocome__BRF_clone_1.23__moc_1.64__mcnn_1.80__moncnn_1.45__MaxEval_102__ProbPAs_0.95__sb_byTime_sbth_3600000__Algo_pesa2,246,perfQ,1983
simplified-cocome,simplified-cocome__BRF_clone_1.23__moc_1.64__mcnn_1.80__moncnn_1.45__MaxEval_102__ProbPAs_0.95__sb_byTime_sbth_3600000__Algo_pesa2,reliability,171
simplified-cocome,simplified-cocome__BRF_clone_1.23__moc_1.64__mcnn_1.80__moncnn_1.45__MaxEval_102__ProbPAs_0.95__sb_byTime_sbth_3600000__Algo_pesa2,248,uml2lqn,4524
NSGA,simplified-cocome__BRF_clone_1.23__moc_1.64__mcnn_1.80__moncnn_1.45__MaxEval_102__ProbPAs_0.95__sb_byTime_sbth_3600000__Algo_pesa2,248,invoke_solver,404
NSGA,simplified-cocome__BRF_clone_1.23__moc_1.64__mcnn_1.80__moncnn_1.45__MaxEval_102__ProbPAs_0.95__sb_byTime_sbth_3600000__Algo_pesa2,248,lqn2uml,3258
NSGA,simplified-cocome__BRF_clone_1.23__moc_1.64__mcnn_1.80__moncnn_1.45__MaxEval_102__ProbPAs_0.95__sb_byTime_sbth_3600000__Algo_pesa2,248,counting_pas,248,9573
simplified-cocome,simplified-cocome__BRF_clone_1.23__moc_1.64__mcnn_1.80__moncnn_1.45__MaxEval_102__ProbPAs_0.95__sb_byTime_sbth_3600000__Algo_pesa2,248,perfQ,2344
simplified-cocome,simplified-cocome__BRF_clone_1.23__moc_1.64__mcnn_1.80__moncnn_1.45__MaxEval_102__ProbPAs_0.95__sb_byTime_sbth_3600000__Algo_pesa2,reliability,187
simplified-cocome,simplified-cocome__BRF_clone_1.23__moc_1.64__mcnn_1.80__moncnn_1.45__MaxEval_102__ProbPAs_0.95__sb_byTime_sbth_3600000__Algo_pesa2,252,uml2lqn,5282
NSGA,simplified-cocome__BRF_clone_1.23__moc_1.64__mcnn_1.80__moncnn_1.45__MaxEval_102__ProbPAs_0.95__sb_byTime_sbth_3600000__Algo_pesa2,252,invoke_solver,36
NSGA,simplified-cocome__BRF_clone_1.23__moc_1.64__mcnn_1.80__moncnn_1.45__MaxEval_102__ProbPAs_0.95__sb_byTime_sbth_3600000__Algo_pesa2,252,lqn2uml,2888
NSGA,simplified-cocome__BRF_clone_1.23__moc_1.64__mcnn_1.80__moncnn_1.45__MaxEval_102__ProbPAs_0.95__sb_byTime_sbth_3600000__Algo_pesa2,252,counting_pas,252,9711
simplified-cocome,simplified-cocome__BRF_clone_1.23__moc_1.64__mcnn_1.80__moncnn_1.45__MaxEval_102__ProbPAs_0.95__sb_byTime_sbth_3600000__Algo_pesa2,252,perfQ,3399
simplified-cocome,simplified-cocome__BRF_clone_1.23__moc_1.64__mcnn_1.80__moncnn_1.45__MaxEval_102__ProbPAs_0.95__sb_byTime_sbth_3600000__Algo_pesa2,reliability,199
simplified-cocome,simplified-cocome__BRF_clone_1.23__moc_1.64__mcnn_1.80__moncnn_1.45__MaxEval_102__ProbPAs_0.95__sb_byTime_sbth_3600000__Algo_pesa2,256,uml2lqn,5060
NSGA,simplified-cocome__BRF_clone_1.23__moc_1.64__mcnn_1.80__moncnn_1.45__MaxEval_102__ProbPAs_0.95__sb_byTime_sbth_3600000__Algo_pesa2,256,invoke_solver,263
NSGA,simplified-cocome__BRF_clone_1.23__moc_1.64__mcnn_1.80__moncnn_1.45__MaxEval_102__ProbPAs_0.95__sb_byTime_sbth_3600000__Algo_pesa2,256,lqn2uml,4384
NSGA,simplified-cocome__BRF_clone_1.23__moc_1.64__mcnn_1.80__moncnn_1.45__MaxEval_102__ProbPAs_0.95__sb_byTime_sbth_3600000__Algo_pesa2,256,counting_pas,256,8175
simplified-cocome,simplified-cocome__BRF_clone_1.23__moc_1.64__mcnn_1.80__moncnn_1.45__MaxEval_102__ProbPAs_0.95__sb_byTime_sbth_3600000__Algo_pesa2,256,perfQ,2903
simplified-cocome,simplified-cocome__BRF_clone_1.23__moc_1.64__mcnn_1.80__moncnn_1.45__MaxEval_102__ProbPAs_0.95__sb_byTime_sbth_3600000__Algo_pesa2,reliability,183
simplified-cocome,simplified-cocome__BRF_clone_1.23__moc_1.64__mcnn_1.80__moncnn_1.45__MaxEval_102__ProbPAs_0.95__sb_byTime_sbth_3600000__Algo_pesa2,260,uml2lqn,5792
NSGA,simplified-cocome__BRF_clone_1.23__moc_1.64__mcnn_1.80__moncnn_1.45__MaxEval_102__ProbPAs_0.95__sb_byTime_sbth_3600000__Algo_pesa2,260,invoke_solver,61
NSGA,simplified-cocome__BRF_clone_1.23__moc_1.64__mcnn_1.80__moncnn_1.45__MaxEval_102__ProbPAs_0.95__sb_byTime_sbth_3600000__Algo_pesa2,260,lqn2uml,4020
NSGA,simplified-cocome__BRF_clone_1.23__moc_1.64__mcnn_1.80__moncnn_1.45__MaxEval_102__ProbPAs_0.95__sb_byTime_sbth_3600000__Algo_pesa2,260,counting_pas,260,9520
simplified-cocome,simplified-cocome__BRF_clone_1.23__moc_1.64__mcnn_1.80__moncnn_1.45__MaxEval_102__ProbPAs_0.95__sb_byTime_sbth_3600000__Algo_pesa2,260,perfQ,3476
simplified-cocome,simplified-cocome__BRF_clone_1.23__moc_1.64__mcnn_1.80__moncnn_1.45__MaxEval_102__ProbPAs_0.95__sb_byTime_sbth_3600000__Algo_pesa2,reliability,214
simplified-cocome,simplified-cocome__BRF_clone_1.23__moc_1.64__mcnn_1.80__moncnn_1.45__MaxEval_102__ProbPAs_0.95__sb_byTime_sbth_3600000__Algo_pesa2,264,uml2lqn,4547
NSGA,simplified-cocome__BRF_clone_1.23__moc_1.64__mcnn_1.80__moncnn_1.45__MaxEval_102__ProbPAs_0.95__sb_byTime_sbth_3600000__Algo_pesa2,264,invoke_solver,299
NSGA,simplified-cocome__BRF_clone_1.23__moc_1.64__mcnn_1.80__moncnn_1.45__MaxEval_102__ProbPAs_0.95__sb_byTime_sbth_3600000__Algo_pesa2,264,lqn2uml,3041
NSGA,simplified-cocome__BRF_clone_1.23__moc_1.64__mcnn_1.80__moncnn_1.45__MaxEval_102__ProbPAs_0.95__sb_byTime_sbth_3600000__Algo_pesa2,264,counting_pas,264,8426
simplified-cocome,simplified-cocome__BRF_clone_1.23__moc_1.64__mcnn_1.80__moncnn_1.45__MaxEval_102__ProbPAs_0.95__sb_byTime_sbth_3600000__Algo_pesa2,264,perfQ,3742
simplified-cocome,simplified-cocome__BRF_clone_1.23__moc_1.64__mcnn_1.80__moncnn_1.45__MaxEval_102__ProbPAs_0.95__sb_byTime_sbth_3600000__Algo_pesa2,reliability,201
simplified-cocome,simplified-cocome__BRF_clone_1.23__moc_1.64__mcnn_1.80__moncnn_1.45__MaxEval_102__ProbPAs_0.95__sb_byTime_sbth_3600000__Algo_pesa2,268,uml2lqn,4472
NSGA,simplified-cocome__BRF_clone_1.23__moc_1.64__mcnn_1.80__moncnn_1.45__MaxEval_102__ProbPAs_0.95__sb_byTime_sbth_3600000__Algo_pesa2,268,invoke_solver,399
NSGA,simplified-cocome__BRF_clone_1.23__moc_1.64__mcnn_1.80__moncnn_1.45__MaxEval_102__ProbPAs_0.95__sb_byTime_sbth_3600000__Algo_pesa2,268,lqn2uml,2987
NSGA,simplified-cocome__BRF_clone_1.23__moc_1.64__mcnn_1.80__moncnn_1.45__MaxEval_102__ProbPAs_0.95__sb_byTime_sbth_3600000__Algo_pesa2,268,counting_pas,268,9830
simplified-cocome,simplified-cocome__BRF_clone_1.23__moc_1.64__mcnn_1.80__moncnn_1.45__MaxEval_102__ProbPAs_0.95__sb_byTime_sbth_3600000__Algo_pesa2,268,perfQ,3167
simplified-cocome,simplified-cocome__BRF_clone_1.23__moc_1.64__mcnn_1.80__moncnn_1.45__MaxEval_102__ProbPAs_0.95__sb_byTime_sbth_3600000__Algo_pesa2,reliability,220
simplified-cocome,simplified-cocome__BRF_clone_1.23__moc_1.64__mcnn_1.80__moncnn_1.45__MaxEval_102__ProbPAs_0.95__sb_byTime_sbth_3600000__Algo_pesa2,272,uml2lqn,4212
NSGA,simplified-cocome__BRF_clone_1.23__moc_1.64__mcnn_1.80__moncnn_1.45__MaxEval_102__ProbPAs_0.95__sb_byTime_sbth_3600000__Algo_pesa2,272,invoke_solver,80
NSGA,simplified-cocome__BRF_clone_1.23__moc_1.64__mcnn_1.80__moncnn_1.45__MaxEval_102__ProbPAs_0.95__sb_byTime_sbth_3600000__Algo_pesa2,272,lqn2uml,2517
NSGA,simplified-cocome__BRF_clone_1.23__moc_1.64__mcnn_1.80__moncnn_1.45__MaxEval_102__ProbPAs_0.95__sb_byTime_sbth_3600000__Algo_pesa2,272,counting_pas,272,7679
simplified-cocome,simplified-cocome__BRF_clone_1.23__moc_1.64__mcnn_1.80__moncnn_1.45__MaxEval_102__ProbPAs_0.95__sb_byTime_sbth_3600000__Algo_pesa2,272,perfQ,3287
simplified-cocome,simplified-cocome__BRF_clone_1.23__moc_1.64__mcnn_1.80__moncnn_1.45__MaxEval_102__ProbPAs_0.95__sb_byTime_sbth_3600000__Algo_pesa2,reliability,198
simplified-cocome,simplified-cocome__BRF_clone_1.23__moc_1.64__mcnn_1.80__moncnn_1.45__MaxEval_102__ProbPAs_0.95__sb_byTime_sbth_3600000__Algo_pesa2,274,uml2lqn,3927
NSGA,simplified-cocome__BRF_clone_1.23__moc_1.64__mcnn_1.80__moncnn_1.45__MaxEval_102__ProbPAs_0.95__sb_byTime_sbth_3600000__Algo_pesa2,274,invoke_solver,260
NSGA,simplified-cocome__BRF_clone_1.23__moc_1.64__mcnn_1.80__moncnn_1.45__MaxEval_102__ProbPAs_0.95__sb_byTime_sbth_3600000__Algo_pesa2,274,lqn2uml,3159
NSGA,simplified-cocome__BRF_clone_1.23__moc_1.64__mcnn_1.80__moncnn_1.45__MaxEval_102__ProbPAs_0.95__sb_byTime_sbth_3600000__Algo_pesa2,274,counting_pas,274,8563
simplified-cocome,simplified-cocome__BRF_clone_1.23__moc_1.64__mcnn_1.80__moncnn_1.45__MaxEval_102__ProbPAs_0.95__sb_byTime_sbth_3600000__Algo_pesa2,274,perfQ,3354
simplified-cocome,simplified-cocome__BRF_clone_1.23__moc_1.64__mcnn_1.80__moncnn_1.45__MaxEval_102__ProbPAs_0.95__sb_byTime_sbth_3600000__Algo_pesa2,reliability,252
simplified-cocome,simplified-cocome__BRF_clone_1.23__moc_1.64__mcnn_1.80__moncnn_1.45__MaxEval_102__ProbPAs_0.95__sb_byTime_sbth_3600000__Algo_pesa2,278,uml2lqn,4051
NSGA,simplified-cocome__BRF_clone_1.23__moc_1.64__mcnn_1.80__moncnn_1.45__MaxEval_102__ProbPAs_0.95__sb_byTime_sbth_3600000__Algo_pesa2,278,invoke_solver,238
NSGA,simplified-cocome__BRF_clone_1.23__moc_1.64__mcnn_1.80__moncnn_1.45__MaxEval_102__ProbPAs_0.95__sb_byTime_sbth_3600000__Algo_pesa2,278,lqn2uml,3172
NSGA,simplified-cocome__BRF_clone_1.23__moc_1.64__mcnn_1.80__moncnn_1.45__MaxEval_102__ProbPAs_0.95__sb_byTime_sbth_3600000__Algo_pesa2,278,counting_pas,278,8172
simplified-cocome,simplified-cocome__BRF_clone_1.23__moc_1.64__mcnn_1.80__moncnn_1.45__MaxEval_102__ProbPAs_0.95__sb_byTime_sbth_3600000__Algo_pesa2,278,perfQ,3490
simplified-cocome,simplified-cocome__BRF_clone_1.23__moc_1.64__mcnn_1.80__moncnn_1.45__MaxEval_102__ProbPAs_0.95__sb_byTime_sbth_3600000__Algo_pesa2,reliability,212
simplified-cocome,simplified-cocome__BRF_clone_1.23__moc_1.64__mcnn_1.80__moncnn_1.45__MaxEval_102__ProbPAs_0.95__sb_byTime_sbth_3600000__Algo_pesa2,282,uml2lqn,4692
NSGA,simplified-cocome__BRF_clone_1.23__moc_1.64__mcnn_1.80__moncnn_1.45__MaxEval_102__ProbPAs_0.95__sb_byTime_sbth_3600000__Algo_pesa2,282,invoke_solver,221
NSGA,simplified-cocome__BRF_clone_1.23__moc_1.64__mcnn_1.80__moncnn_1.45__MaxEval_102__ProbPAs_0.95__sb_byTime_sbth_3600000__Algo_pesa2,282,lqn2uml,2951
NSGA,simplified-cocome__BRF_clone_1.23__moc_1.64__mcnn_1.80__moncnn_1.45__MaxEval_102__ProbPAs_0.95__sb_byTime_sbth_3600000__Algo_pesa2,282,counting_pas,282,11098
simplified-cocome,simplified-cocome__BRF_clone_1.23__moc_1.64__mcnn_1.80__moncnn_1.45__MaxEval_102__ProbPAs_0.95__sb_byTime_sbth_3600000__Algo_pesa2,282,perfQ,3858
simplified-cocome,simplified-cocome__BRF_clone_1.23__moc_1.64__mcnn_1.80__moncnn_1.45__MaxEval_102__ProbPAs_0.95__sb_byTime_sbth_3600000__Algo_pesa2,reliability,265
simplified-cocome,simplified-cocome__BRF_clone_1.23__moc_1.64__mcnn_1.80__moncnn_1.45__MaxEval_102__ProbPAs_0.95__sb_byTime_sbth_3600000__Algo_pesa2,286,uml2lqn,5430
NSGA,simplified-cocome__BRF_clone_1.23__moc_1.64__mcnn_1.80__moncnn_1.45__MaxEval_102__ProbPAs_0.95__sb_byTime_sbth_3600000__Algo_pesa2,286,invoke_solver,377
NSGA,simplified-cocome__BRF_clone_1.23__moc_1.64__mcnn_1.80__moncnn_1.45__MaxEval_102__ProbPAs_0.95__sb_byTime_sbth_3600000__Algo_pesa2,286,lqn2uml,3725
NSGA,simplified-cocome__BRF_clone_1.23__moc_1.64__mcnn_1.80__moncnn_1.45__MaxEval_102__ProbPAs_0.95__sb_byTime_sbth_3600000__Algo_pesa2,286,counting_pas,286,8119
simplified-cocome,simplified-cocome__BRF_clone_1.23__moc_1.64__mcnn_1.80__moncnn_1.45__MaxEval_102__ProbPAs_0.95__sb_byTime_sbth_3600000__Algo_pesa2,286,perfQ,4728
simplified-cocome,simplified-cocome__BRF_clone_1.23__moc_1.64__mcnn_1.80__moncnn_1.45__MaxEval_102__ProbPAs_0.95__sb_byTime_sbth_3600000__Algo_pesa2,reliability,218
simplified-cocome,simplified-cocome__BRF_clone_1.23__moc_1.64__mcnn_1.80__moncnn_1.45__MaxEval_102__ProbPAs_0.95__sb_byTime_sbth_3600000__Algo_pesa2,290,uml2lqn,5473
NSGA,simplified-cocome__BRF_clone_1.23__moc_1.64__mcnn_1.80__moncnn_1.45__MaxEval_102__ProbPAs_0.95__sb_byTime_sbth_3600000__Algo_pesa2,290,invoke_solver,72
NSGA,simplified-cocome__BRF_clone_1.23__moc_1.64__mcnn_1.80__moncnn_1.45__MaxEval_102__ProbPAs_0.95__sb_byTime_sbth_3600000__Algo_pesa2,290,lqn2uml,3367
NSGA,simplified-cocome__BRF_clone_1.23__moc_1.64__mcnn_1.80__moncnn_1.45__MaxEval_102__ProbPAs_0.95__sb_byTime_sbth_3600000__Algo_pesa2,290,counting_pas,290,9162
simplified-cocome,simplified-cocome__BRF_clone_1.23__moc_1.64__mcnn_1.80__moncnn_1.45__MaxEval_102__ProbPAs_0.95__sb_byTime_sbth_3600000__Algo_pesa2,290,perfQ,3155
simplified-cocome,simplified-cocome__BRF_clone_1.23__moc_1.64__mcnn_1.80__moncnn_1.45__MaxEval_102__ProbPAs_0.95__sb_byTime_sbth_3600000__Algo_pesa2,reliability,155
simplified-cocome,simplified-cocome__BRF_clone_1.23__moc_1.64__mcnn_1.80__moncnn_1.45__MaxEval_102__ProbPAs_0.95__sb_byTime_sbth_3600000__Algo_pesa2,292,uml2lqn,4770
NSGA,simplified-cocome__BRF_clone_1.23__moc_1.64__mcnn_1.80__moncnn_1.45__MaxEval_102__ProbPAs_0.95__sb_byTime_sbth_3600000__Algo_pesa2,292,invoke_solver,167
NSGA,simplified-cocome__BRF_clone_1.23__moc_1.64__mcnn_1.80__moncnn_1.45__MaxEval_102__ProbPAs_0.95__sb_byTime_sbth_3600000__Algo_pesa2,292,lqn2uml,3802
NSGA,simplified-cocome__BRF_clone_1.23__moc_1.64__mcnn_1.80__moncnn_1.45__MaxEval_102__ProbPAs_0.95__sb_byTime_sbth_3600000__Algo_pesa2,292,counting_pas,292,9134
simplified-cocome,simplified-cocome__BRF_clone_1.23__moc_1.64__mcnn_1.80__moncnn_1.45__MaxEval_102__ProbPAs_0.95__sb_byTime_sbth_3600000__Algo_pesa2,292,perfQ,3364
simplified-cocome,simplified-cocome__BRF_clone_1.23__moc_1.64__mcnn_1.80__moncnn_1.45__MaxEval_102__ProbPAs_0.95__sb_byTime_sbth_3600000__Algo_pesa2,reliability,162
simplified-cocome,simplified-cocome__BRF_clone_1.23__moc_1.64__mcnn_1.80__moncnn_1.45__MaxEval_102__ProbPAs_0.95__sb_byTime_sbth_3600000__Algo_pesa2,294,uml2lqn,5356
NSGA,simplified-cocome__BRF_clone_1.23__moc_1.64__mcnn_1.80__moncnn_1.45__MaxEval_102__ProbPAs_0.95__sb_byTime_sbth_3600000__Algo_pesa2,294,invoke_solver,288
NSGA,simplified-cocome__BRF_clone_1.23__moc_1.64__mcnn_1.80__moncnn_1.45__MaxEval_102__ProbPAs_0.95__sb_byTime_sbth_3600000__Algo_pesa2,294,lqn2uml,3449
NSGA,simplified-cocome__BRF_clone_1.23__moc_1.64__mcnn_1.80__moncnn_1.45__MaxEval_102__ProbPAs_0.95__sb_byTime_sbth_3600000__Algo_pesa2,294,counting_pas,294,8538
simplified-cocome,simplified-cocome__BRF_clone_1.23__moc_1.64__mcnn_1.80__moncnn_1.45__MaxEval_102__ProbPAs_0.95__sb_byTime_sbth_3600000__Algo_pesa2,294,perfQ,2947
simplified-cocome,simplified-cocome__BRF_clone_1.23__moc_1.64__mcnn_1.80__moncnn_1.45__MaxEval_102__ProbPAs_0.95__sb_byTime_sbth_3600000__Algo_pesa2,reliability,182
simplified-cocome,simplified-cocome__BRF_clone_1.23__moc_1.64__mcnn_1.80__moncnn_1.45__MaxEval_102__ProbPAs_0.95__sb_byTime_sbth_3600000__Algo_pesa2,298,uml2lqn,5625
NSGA,simplified-cocome__BRF_clone_1.23__moc_1.64__mcnn_1.80__moncnn_1.45__MaxEval_102__ProbPAs_0.95__sb_byTime_sbth_3600000__Algo_pesa2,298,invoke_solver,356
NSGA,simplified-cocome__BRF_clone_1.23__moc_1.64__mcnn_1.80__moncnn_1.45__MaxEval_102__ProbPAs_0.95__sb_byTime_sbth_3600000__Algo_pesa2,298,lqn2uml,3517
NSGA,simplified-cocome__BRF_clone_1.23__moc_1.64__mcnn_1.80__moncnn_1.45__MaxEval_102__ProbPAs_0.95__sb_byTime_sbth_3600000__Algo_pesa2,298,counting_pas,298,9917
simplified-cocome,simplified-cocome__BRF_clone_1.23__moc_1.64__mcnn_1.80__moncnn_1.45__MaxEval_102__ProbPAs_0.95__sb_byTime_sbth_3600000__Algo_pesa2,298,perfQ,4202
simplified-cocome,simplified-cocome__BRF_clone_1.23__moc_1.64__mcnn_1.80__moncnn_1.45__MaxEval_102__ProbPAs_0.95__sb_byTime_sbth_3600000__Algo_pesa2,reliability,233
simplified-cocome,simplified-cocome__BRF_clone_1.23__moc_1.64__mcnn_1.80__moncnn_1.45__MaxEval_102__ProbPAs_0.95__sb_byTime_sbth_3600000__Algo_pesa2,300,uml2lqn,4159
NSGA,simplified-cocome__BRF_clone_1.23__moc_1.64__mcnn_1.80__moncnn_1.45__MaxEval_102__ProbPAs_0.95__sb_byTime_sbth_3600000__Algo_pesa2,300,invoke_solver,259
NSGA,simplified-cocome__BRF_clone_1.23__moc_1.64__mcnn_1.80__moncnn_1.45__MaxEval_102__ProbPAs_0.95__sb_byTime_sbth_3600000__Algo_pesa2,300,lqn2uml,4365
NSGA,simplified-cocome__BRF_clone_1.23__moc_1.64__mcnn_1.80__moncnn_1.45__MaxEval_102__ProbPAs_0.95__sb_byTime_sbth_3600000__Algo_pesa2,300,counting_pas,300,9391
simplified-cocome,simplified-cocome__BRF_clone_1.23__moc_1.64__mcnn_1.80__moncnn_1.45__MaxEval_102__ProbPAs_0.95__sb_byTime_sbth_3600000__Algo_pesa2,300,perfQ,4069
simplified-cocome,simplified-cocome__BRF_clone_1.23__moc_1.64__mcnn_1.80__moncnn_1.45__MaxEval_102__ProbPAs_0.95__sb_byTime_sbth_3600000__Algo_pesa2,reliability,156
simplified-cocome,simplified-cocome__BRF_clone_1.23__moc_1.64__mcnn_1.80__moncnn_1.45__MaxEval_102__ProbPAs_0.95__sb_byTime_sbth_3600000__Algo_pesa2,304,uml2lqn,4483
NSGA,simplified-cocome__BRF_clone_1.23__moc_1.64__mcnn_1.80__moncnn_1.45__MaxEval_102__ProbPAs_0.95__sb_byTime_sbth_3600000__Algo_pesa2,304,invoke_solver,335
NSGA,simplified-cocome__BRF_clone_1.23__moc_1.64__mcnn_1.80__moncnn_1.45__MaxEval_102__ProbPAs_0.95__sb_byTime_sbth_3600000__Algo_pesa2,304,lqn2uml,3280
NSGA,simplified-cocome__BRF_clone_1.23__moc_1.64__mcnn_1.80__moncnn_1.45__MaxEval_102__ProbPAs_0.95__sb_byTime_sbth_3600000__Algo_pesa2,304,counting_pas,304,8215
simplified-cocome,simplified-cocome__BRF_clone_1.23__moc_1.64__mcnn_1.80__moncnn_1.45__MaxEval_102__ProbPAs_0.95__sb_byTime_sbth_3600000__Algo_pesa2,304,perfQ,4342
simplified-cocome,simplified-cocome__BRF_clone_1.23__moc_1.64__mcnn_1.80__moncnn_1.45__MaxEval_102__ProbPAs_0.95__sb_byTime_sbth_3600000__Algo_pesa2,reliability,187
simplified-cocome,simplified-cocome__BRF_clone_1.23__moc_1.64__mcnn_1.80__moncnn_1.45__MaxEval_102__ProbPAs_0.95__sb_byTime_sbth_3600000__Algo_pesa2,308,uml2lqn,4814
NSGA,simplified-cocome__BRF_clone_1.23__moc_1.64__mcnn_1.80__moncnn_1.45__MaxEval_102__ProbPAs_0.95__sb_byTime_sbth_3600000__Algo_pesa2,308,invoke_solver,356
NSGA,simplified-cocome__BRF_clone_1.23__moc_1.64__mcnn_1.80__moncnn_1.45__MaxEval_102__ProbPAs_0.95__sb_byTime_sbth_3600000__Algo_pesa2,308,lqn2uml,3103
NSGA,simplified-cocome__BRF_clone_1.23__moc_1.64__mcnn_1.80__moncnn_1.45__MaxEval_102__ProbPAs_0.95__sb_byTime_sbth_3600000__Algo_pesa2,308,counting_pas,308,9613
simplified-cocome,simplified-cocome__BRF_clone_1.23__moc_1.64__mcnn_1.80__moncnn_1.45__MaxEval_102__ProbPAs_0.95__sb_byTime_sbth_3600000__Algo_pesa2,308,perfQ,4351
simplified-cocome,simplified-cocome__BRF_clone_1.23__moc_1.64__mcnn_1.80__moncnn_1.45__MaxEval_102__ProbPAs_0.95__sb_byTime_sbth_3600000__Algo_pesa2,reliability,231
simplified-cocome,simplified-cocome__BRF_clone_1.23__moc_1.64__mcnn_1.80__moncnn_1.45__MaxEval_102__ProbPAs_0.95__sb_byTime_sbth_3600000__Algo_pesa2,310,uml2lqn,4676
NSGA,simplified-cocome__BRF_clone_1.23__moc_1.64__mcnn_1.80__moncnn_1.45__MaxEval_102__ProbPAs_0.95__sb_byTime_sbth_3600000__Algo_pesa2,310,invoke_solver,346
NSGA,simplified-cocome__BRF_clone_1.23__moc_1.64__mcnn_1.80__moncnn_1.45__MaxEval_102__ProbPAs_0.95__sb_byTime_sbth_3600000__Algo_pesa2,310,lqn2uml,3777
NSGA,simplified-cocome__BRF_clone_1.23__moc_1.64__mcnn_1.80__moncnn_1.45__MaxEval_102__ProbPAs_0.95__sb_byTime_sbth_3600000__Algo_pesa2,310,counting_pas,310,10036
simplified-cocome,simplified-cocome__BRF_clone_1.23__moc_1.64__mcnn_1.80__moncnn_1.45__MaxEval_102__ProbPAs_0.95__sb_byTime_sbth_3600000__Algo_pesa2,310,perfQ,4318
simplified-cocome,simplified-cocome__BRF_clone_1.23__moc_1.64__mcnn_1.80__moncnn_1.45__MaxEval_102__ProbPAs_0.95__sb_byTime_sbth_3600000__Algo_pesa2,reliability,254
simplified-cocome,simplified-cocome__BRF_clone_1.23__moc_1.64__mcnn_1.80__moncnn_1.45__MaxEval_102__ProbPAs_0.95__sb_byTime_sbth_3600000__Algo_pesa2,314,uml2lqn,5890
NSGA,simplified-cocome__BRF_clone_1.23__moc_1.64__mcnn_1.80__moncnn_1.45__MaxEval_102__ProbPAs_0.95__sb_byTime_sbth_3600000__Algo_pesa2,314,invoke_solver,57
NSGA,simplified-cocome__BRF_clone_1.23__moc_1.64__mcnn_1.80__moncnn_1.45__MaxEval_102__ProbPAs_0.95__sb_byTime_sbth_3600000__Algo_pesa2,314,lqn2uml,4415
NSGA,simplified-cocome__BRF_clone_1.23__moc_1.64__mcnn_1.80__moncnn_1.45__MaxEval_102__ProbPAs_0.95__sb_byTime_sbth_3600000__Algo_pesa2,314,counting_pas,314,10205
simplified-cocome,simplified-cocome__BRF_clone_1.23__moc_1.64__mcnn_1.80__moncnn_1.45__MaxEval_102__ProbPAs_0.95__sb_byTime_sbth_3600000__Algo_pesa2,314,perfQ,3434
simplified-cocome,simplified-cocome__BRF_clone_1.23__moc_1.64__mcnn_1.80__moncnn_1.45__MaxEval_102__ProbPAs_0.95__sb_byTime_sbth_3600000__Algo_pesa2,reliability,219
simplified-cocome,simplified-cocome__BRF_clone_1.23__moc_1.64__mcnn_1.80__moncnn_1.45__MaxEval_102__ProbPAs_0.95__sb_byTime_sbth_3600000__Algo_pesa2,316,uml2lqn,4432
NSGA,simplified-cocome__BRF_clone_1.23__moc_1.64__mcnn_1.80__moncnn_1.45__MaxEval_102__ProbPAs_0.95__sb_byTime_sbth_3600000__Algo_pesa2,316,invoke_solver,231
NSGA,simplified-cocome__BRF_clone_1.23__moc_1.64__mcnn_1.80__moncnn_1.45__MaxEval_102__ProbPAs_0.95__sb_byTime_sbth_3600000__Algo_pesa2,316,lqn2uml,3399
NSGA,simplified-cocome__BRF_clone_1.23__moc_1.64__mcnn_1.80__moncnn_1.45__MaxEval_102__ProbPAs_0.95__sb_byTime_sbth_3600000__Algo_pesa2,316,counting_pas,316,8737
simplified-cocome,simplified-cocome__BRF_clone_1.23__moc_1.64__mcnn_1.80__moncnn_1.45__MaxEval_102__ProbPAs_0.95__sb_byTime_sbth_3600000__Algo_pesa2,316,perfQ,4346
simplified-cocome,simplified-cocome__BRF_clone_1.23__moc_1.64__mcnn_1.80__moncnn_1.45__MaxEval_102__ProbPAs_0.95__sb_byTime_sbth_3600000__Algo_pesa2,reliability,185
simplified-cocome,simplified-cocome__BRF_clone_1.23__moc_1.64__mcnn_1.80__moncnn_1.45__MaxEval_102__ProbPAs_0.95__sb_byTime_sbth_3600000__Algo_pesa2,318,uml2lqn,4046
NSGA,simplified-cocome__BRF_clone_1.23__moc_1.64__mcnn_1.80__moncnn_1.45__MaxEval_102__ProbPAs_0.95__sb_byTime_sbth_3600000__Algo_pesa2,318,invoke_solver,50
NSGA,simplified-cocome__BRF_clone_1.23__moc_1.64__mcnn_1.80__moncnn_1.45__MaxEval_102__ProbPAs_0.95__sb_byTime_sbth_3600000__Algo_pesa2,318,lqn2uml,2787
NSGA,simplified-cocome__BRF_clone_1.23__moc_1.64__mcnn_1.80__moncnn_1.45__MaxEval_102__ProbPAs_0.95__sb_byTime_sbth_3600000__Algo_pesa2,318,counting_pas,318,7917
simplified-cocome,simplified-cocome__BRF_clone_1.23__moc_1.64__mcnn_1.80__moncnn_1.45__MaxEval_102__ProbPAs_0.95__sb_byTime_sbth_3600000__Algo_pesa2,318,perfQ,3625
simplified-cocome,simplified-cocome__BRF_clone_1.23__moc_1.64__mcnn_1.80__moncnn_1.45__MaxEval_102__ProbPAs_0.95__sb_byTime_sbth_3600000__Algo_pesa2,reliability,188
simplified-cocome,simplified-cocome__BRF_clone_1.23__moc_1.64__mcnn_1.80__moncnn_1.45__MaxEval_102__ProbPAs_0.95__sb_byTime_sbth_3600000__Algo_pesa2,320,uml2lqn,5941
NSGA,simplified-cocome__BRF_clone_1.23__moc_1.64__mcnn_1.80__moncnn_1.45__MaxEval_102__ProbPAs_0.95__sb_byTime_sbth_3600000__Algo_pesa2,320,invoke_solver,295
NSGA,simplified-cocome__BRF_clone_1.23__moc_1.64__mcnn_1.80__moncnn_1.45__MaxEval_102__ProbPAs_0.95__sb_byTime_sbth_3600000__Algo_pesa2,320,lqn2uml,2907
NSGA,simplified-cocome__BRF_clone_1.23__moc_1.64__mcnn_1.80__moncnn_1.45__MaxEval_102__ProbPAs_0.95__sb_byTime_sbth_3600000__Algo_pesa2,320,counting_pas,320,9255
simplified-cocome,simplified-cocome__BRF_clone_1.23__moc_1.64__mcnn_1.80__moncnn_1.45__MaxEval_102__ProbPAs_0.95__sb_byTime_sbth_3600000__Algo_pesa2,320,perfQ,4573
simplified-cocome,simplified-cocome__BRF_clone_1.23__moc_1.64__mcnn_1.80__moncnn_1.45__MaxEval_102__ProbPAs_0.95__sb_byTime_sbth_3600000__Algo_pesa2,reliability,217
simplified-cocome,simplified-cocome__BRF_clone_1.23__moc_1.64__mcnn_1.80__moncnn_1.45__MaxEval_102__ProbPAs_0.95__sb_byTime_sbth_3600000__Algo_pesa2,324,uml2lqn,5937
NSGA,simplified-cocome__BRF_clone_1.23__moc_1.64__mcnn_1.80__moncnn_1.45__MaxEval_102__ProbPAs_0.95__sb_byTime_sbth_3600000__Algo_pesa2,324,invoke_solver,240
NSGA,simplified-cocome__BRF_clone_1.23__moc_1.64__mcnn_1.80__moncnn_1.45__MaxEval_102__ProbPAs_0.95__sb_byTime_sbth_3600000__Algo_pesa2,324,lqn2uml,3345
NSGA,simplified-cocome__BRF_clone_1.23__moc_1.64__mcnn_1.80__moncnn_1.45__MaxEval_102__ProbPAs_0.95__sb_byTime_sbth_3600000__Algo_pesa2,324,counting_pas,324,8734
simplified-cocome,simplified-cocome__BRF_clone_1.23__moc_1.64__mcnn_1.80__moncnn_1.45__MaxEval_102__ProbPAs_0.95__sb_byTime_sbth_3600000__Algo_pesa2,324,perfQ,3236
simplified-cocome,simplified-cocome__BRF_clone_1.23__moc_1.64__mcnn_1.80__moncnn_1.45__MaxEval_102__ProbPAs_0.95__sb_byTime_sbth_3600000__Algo_pesa2,reliability,243
simplified-cocome,simplified-cocome__BRF_clone_1.23__moc_1.64__mcnn_1.80__moncnn_1.45__MaxEval_102__ProbPAs_0.95__sb_byTime_sbth_3600000__Algo_pesa2,330,uml2lqn,6272
NSGA,simplified-cocome__BRF_clone_1.23__moc_1.64__mcnn_1.80__moncnn_1.45__MaxEval_102__ProbPAs_0.95__sb_byTime_sbth_3600000__Algo_pesa2,330,invoke_solver,185
NSGA,simplified-cocome__BRF_clone_1.23__moc_1.64__mcnn_1.80__moncnn_1.45__MaxEval_102__ProbPAs_0.95__sb_byTime_sbth_3600000__Algo_pesa2,330,lqn2uml,5224
NSGA,simplified-cocome__BRF_clone_1.23__moc_1.64__mcnn_1.80__moncnn_1.45__MaxEval_102__ProbPAs_0.95__sb_byTime_sbth_3600000__Algo_pesa2,330,counting_pas,330,7548
simplified-cocome,simplified-cocome__BRF_clone_1.23__moc_1.64__mcnn_1.80__moncnn_1.45__MaxEval_102__ProbPAs_0.95__sb_byTime_sbth_3600000__Algo_pesa2,330,perfQ,3886
simplified-cocome,simplified-cocome__BRF_clone_1.23__moc_1.64__mcnn_1.80__moncnn_1.45__MaxEval_102__ProbPAs_0.95__sb_byTime_sbth_3600000__Algo_pesa2,reliability,167
simplified-cocome,simplified-cocome__BRF_clone_1.23__moc_1.64__mcnn_1.80__moncnn_1.45__MaxEval_102__ProbPAs_0.95__sb_byTime_sbth_3600000__Algo_pesa2,332,uml2lqn,5903
NSGA,simplified-cocome__BRF_clone_1.23__moc_1.64__mcnn_1.80__moncnn_1.45__MaxEval_102__ProbPAs_0.95__sb_byTime_sbth_3600000__Algo_pesa2,332,invoke_solver,54
NSGA,simplified-cocome__BRF_clone_1.23__moc_1.64__mcnn_1.80__moncnn_1.45__MaxEval_102__ProbPAs_0.95__sb_byTime_sbth_3600000__Algo_pesa2,332,lqn2uml,4539
NSGA,simplified-cocome__BRF_clone_1.23__moc_1.64__mcnn_1.80__moncnn_1.45__MaxEval_102__ProbPAs_0.95__sb_byTime_sbth_3600000__Algo_pesa2,332,counting_pas,332,10316
simplified-cocome,simplified-cocome__BRF_clone_1.23__moc_1.64__mcnn_1.80__moncnn_1.45__MaxEval_102__ProbPAs_0.95__sb_byTime_sbth_3600000__Algo_pesa2,332,perfQ,3970
simplified-cocome,simplified-cocome__BRF_clone_1.23__moc_1.64__mcnn_1.80__moncnn_1.45__MaxEval_102__ProbPAs_0.95__sb_byTime_sbth_3600000__Algo_pesa2,reliability,180
simplified-cocome,simplified-cocome__BRF_clone_1.23__moc_1.64__mcnn_1.80__moncnn_1.45__MaxEval_102__ProbPAs_0.95__sb_byTime_sbth_3600000__Algo_pesa2,336,uml2lqn,5743
NSGA,simplified-cocome__BRF_clone_1.23__moc_1.64__mcnn_1.80__moncnn_1.45__MaxEval_102__ProbPAs_0.95__sb_byTime_sbth_3600000__Algo_pesa2,336,invoke_solver,172
NSGA,simplified-cocome__BRF_clone_1.23__moc_1.64__mcnn_1.80__moncnn_1.45__MaxEval_102__ProbPAs_0.95__sb_byTime_sbth_3600000__Algo_pesa2,336,lqn2uml,5121
NSGA,simplified-cocome__BRF_clone_1.23__moc_1.64__mcnn_1.80__moncnn_1.45__MaxEval_102__ProbPAs_0.95__sb_byTime_sbth_3600000__Algo_pesa2,336,counting_pas,336,9409
simplified-cocome,simplified-cocome__BRF_clone_1.23__moc_1.64__mcnn_1.80__moncnn_1.45__MaxEval_102__ProbPAs_0.95__sb_byTime_sbth_3600000__Algo_pesa2,336,perfQ,3566
simplified-cocome,simplified-cocome__BRF_clone_1.23__moc_1.64__mcnn_1.80__moncnn_1.45__MaxEval_102__ProbPAs_0.95__sb_byTime_sbth_3600000__Algo_pesa2,reliability,173
simplified-cocome,simplified-cocome__BRF_clone_1.23__moc_1.64__mcnn_1.80__moncnn_1.45__MaxEval_102__ProbPAs_0.95__sb_byTime_sbth_3600000__Algo_pesa2,340,uml2lqn,4288
NSGA,simplified-cocome__BRF_clone_1.23__moc_1.64__mcnn_1.80__moncnn_1.45__MaxEval_102__ProbPAs_0.95__sb_byTime_sbth_3600000__Algo_pesa2,340,invoke_solver,379
NSGA,simplified-cocome__BRF_clone_1.23__moc_1.64__mcnn_1.80__moncnn_1.45__MaxEval_102__ProbPAs_0.95__sb_byTime_sbth_3600000__Algo_pesa2,340,lqn2uml,3380
NSGA,simplified-cocome__BRF_clone_1.23__moc_1.64__mcnn_1.80__moncnn_1.45__MaxEval_102__ProbPAs_0.95__sb_byTime_sbth_3600000__Algo_pesa2,340,counting_pas,340,9363
simplified-cocome,simplified-cocome__BRF_clone_1.23__moc_1.64__mcnn_1.80__moncnn_1.45__MaxEval_102__ProbPAs_0.95__sb_byTime_sbth_3600000__Algo_pesa2,340,perfQ,3177
simplified-cocome,simplified-cocome__BRF_clone_1.23__moc_1.64__mcnn_1.80__moncnn_1.45__MaxEval_102__ProbPAs_0.95__sb_byTime_sbth_3600000__Algo_pesa2,reliability,173
simplified-cocome,simplified-cocome__BRF_clone_1.23__moc_1.64__mcnn_1.80__moncnn_1.45__MaxEval_102__ProbPAs_0.95__sb_byTime_sbth_3600000__Algo_pesa2,344,uml2lqn,5025
NSGA,simplified-cocome__BRF_clone_1.23__moc_1.64__mcnn_1.80__moncnn_1.45__MaxEval_102__ProbPAs_0.95__sb_byTime_sbth_3600000__Algo_pesa2,344,invoke_solver,64
NSGA,simplified-cocome__BRF_clone_1.23__moc_1.64__mcnn_1.80__moncnn_1.45__MaxEval_102__ProbPAs_0.95__sb_byTime_sbth_3600000__Algo_pesa2,344,lqn2uml,2713
NSGA,simplified-cocome__BRF_clone_1.23__moc_1.64__mcnn_1.80__moncnn_1.45__MaxEval_102__ProbPAs_0.95__sb_byTime_sbth_3600000__Algo_pesa2,344,counting_pas,344,9790
simplified-cocome,simplified-cocome__BRF_clone_1.23__moc_1.64__mcnn_1.80__moncnn_1.45__MaxEval_102__ProbPAs_0.95__sb_byTime_sbth_3600000__Algo_pesa2,344,perfQ,3267
simplified-cocome,simplified-cocome__BRF_clone_1.23__moc_1.64__mcnn_1.80__moncnn_1.45__MaxEval_102__ProbPAs_0.95__sb_byTime_sbth_3600000__Algo_pesa2,reliability,155
simplified-cocome,simplified-cocome__BRF_clone_1.23__moc_1.64__mcnn_1.80__moncnn_1.45__MaxEval_102__ProbPAs_0.95__sb_byTime_sbth_3600000__Algo_pesa2,348,uml2lqn,5110
NSGA,simplified-cocome__BRF_clone_1.23__moc_1.64__mcnn_1.80__moncnn_1.45__MaxEval_102__ProbPAs_0.95__sb_byTime_sbth_3600000__Algo_pesa2,348,invoke_solver,395
NSGA,simplified-cocome__BRF_clone_1.23__moc_1.64__mcnn_1.80__moncnn_1.45__MaxEval_102__ProbPAs_0.95__sb_byTime_sbth_3600000__Algo_pesa2,348,lqn2uml,4098
NSGA,simplified-cocome__BRF_clone_1.23__moc_1.64__mcnn_1.80__moncnn_1.45__MaxEval_102__ProbPAs_0.95__sb_byTime_sbth_3600000__Algo_pesa2,348,counting_pas,348,8978
simplified-cocome,simplified-cocome__BRF_clone_1.23__moc_1.64__mcnn_1.80__moncnn_1.45__MaxEval_102__ProbPAs_0.95__sb_byTime_sbth_3600000__Algo_pesa2,348,perfQ,3451
simplified-cocome,simplified-cocome__BRF_clone_1.23__moc_1.64__mcnn_1.80__moncnn_1.45__MaxEval_102__ProbPAs_0.95__sb_byTime_sbth_3600000__Algo_pesa2,reliability,168
simplified-cocome,simplified-cocome__BRF_clone_1.23__moc_1.64__mcnn_1.80__moncnn_1.45__MaxEval_102__ProbPAs_0.95__sb_byTime_sbth_3600000__Algo_pesa2,352,uml2lqn,5769
NSGA,simplified-cocome__BRF_clone_1.23__moc_1.64__mcnn_1.80__moncnn_1.45__MaxEval_102__ProbPAs_0.95__sb_byTime_sbth_3600000__Algo_pesa2,352,invoke_solver,387
NSGA,simplified-cocome__BRF_clone_1.23__moc_1.64__mcnn_1.80__moncnn_1.45__MaxEval_102__ProbPAs_0.95__sb_byTime_sbth_3600000__Algo_pesa2,352,lqn2uml,3868
NSGA,simplified-cocome__BRF_clone_1.23__moc_1.64__mcnn_1.80__moncnn_1.45__MaxEval_102__ProbPAs_0.95__sb_byTime_sbth_3600000__Algo_pesa2,352,counting_pas,352,8886
simplified-cocome,simplified-cocome__BRF_clone_1.23__moc_1.64__mcnn_1.80__moncnn_1.45__MaxEval_102__ProbPAs_0.95__sb_byTime_sbth_3600000__Algo_pesa2,352,perfQ,4703
simplified-cocome,simplified-cocome__BRF_clone_1.23__moc_1.64__mcnn_1.80__moncnn_1.45__MaxEval_102__ProbPAs_0.95__sb_byTime_sbth_3600000__Algo_pesa2,reliability,154
simplified-cocome,simplified-cocome__BRF_clone_1.23__moc_1.64__mcnn_1.80__moncnn_1.45__MaxEval_102__ProbPAs_0.95__sb_byTime_sbth_3600000__Algo_pesa2,356,uml2lqn,5311
NSGA,simplified-cocome__BRF_clone_1.23__moc_1.64__mcnn_1.80__moncnn_1.45__MaxEval_102__ProbPAs_0.95__sb_byTime_sbth_3600000__Algo_pesa2,356,invoke_solver,198
NSGA,simplified-cocome__BRF_clone_1.23__moc_1.64__mcnn_1.80__moncnn_1.45__MaxEval_102__ProbPAs_0.95__sb_byTime_sbth_3600000__Algo_pesa2,356,lqn2uml,3934
NSGA,simplified-cocome__BRF_clone_1.23__moc_1.64__mcnn_1.80__moncnn_1.45__MaxEval_102__ProbPAs_0.95__sb_byTime_sbth_3600000__Algo_pesa2,356,counting_pas,356,9246
simplified-cocome,simplified-cocome__BRF_clone_1.23__moc_1.64__mcnn_1.80__moncnn_1.45__MaxEval_102__ProbPAs_0.95__sb_byTime_sbth_3600000__Algo_pesa2,356,perfQ,4347
simplified-cocome,simplified-cocome__BRF_clone_1.23__moc_1.64__mcnn_1.80__moncnn_1.45__MaxEval_102__ProbPAs_0.95__sb_byTime_sbth_3600000__Algo_pesa2,reliability,196
simplified-cocome,simplified-cocome__BRF_clone_1.23__moc_1.64__mcnn_1.80__moncnn_1.45__MaxEval_102__ProbPAs_0.95__sb_byTime_sbth_3600000__Algo_pesa2,360,uml2lqn,5928
NSGA,simplified-cocome__BRF_clone_1.23__moc_1.64__mcnn_1.80__moncnn_1.45__MaxEval_102__ProbPAs_0.95__sb_byTime_sbth_3600000__Algo_pesa2,360,invoke_solver,245
NSGA,simplified-cocome__BRF_clone_1.23__moc_1.64__mcnn_1.80__moncnn_1.45__MaxEval_102__ProbPAs_0.95__sb_byTime_sbth_3600000__Algo_pesa2,360,lqn2uml,4825
NSGA,simplified-cocome__BRF_clone_1.23__moc_1.64__mcnn_1.80__moncnn_1.45__MaxEval_102__ProbPAs_0.95__sb_byTime_sbth_3600000__Algo_pesa2,360,counting_pas,360,9097
simplified-cocome,simplified-cocome__BRF_clone_1.23__moc_1.64__mcnn_1.80__moncnn_1.45__MaxEval_102__ProbPAs_0.95__sb_byTime_sbth_3600000__Algo_pesa2,360,perfQ,4288
simplified-cocome,simplified-cocome__BRF_clone_1.23__moc_1.64__mcnn_1.80__moncnn_1.45__MaxEval_102__ProbPAs_0.95__sb_byTime_sbth_3600000__Algo_pesa2,reliability,197
simplified-cocome,simplified-cocome__BRF_clone_1.23__moc_1.64__mcnn_1.80__moncnn_1.45__MaxEval_102__ProbPAs_0.95__sb_byTime_sbth_3600000__Algo_pesa2,364,uml2lqn,6559
NSGA,simplified-cocome__BRF_clone_1.23__moc_1.64__mcnn_1.80__moncnn_1.45__MaxEval_102__ProbPAs_0.95__sb_byTime_sbth_3600000__Algo_pesa2,364,invoke_solver,280
NSGA,simplified-cocome__BRF_clone_1.23__moc_1.64__mcnn_1.80__moncnn_1.45__MaxEval_102__ProbPAs_0.95__sb_byTime_sbth_3600000__Algo_pesa2,364,lqn2uml,5040
NSGA,simplified-cocome__BRF_clone_1.23__moc_1.64__mcnn_1.80__moncnn_1.45__MaxEval_102__ProbPAs_0.95__sb_byTime_sbth_3600000__Algo_pesa2,364,counting_pas,364,10555
simplified-cocome,simplified-cocome__BRF_clone_1.23__moc_1.64__mcnn_1.80__moncnn_1.45__MaxEval_102__ProbPAs_0.95__sb_byTime_sbth_3600000__Algo_pesa2,364,perfQ,4472
simplified-cocome,simplified-cocome__BRF_clone_1.23__moc_1.64__mcnn_1.80__moncnn_1.45__MaxEval_102__ProbPAs_0.95__sb_byTime_sbth_3600000__Algo_pesa2,reliability,185
simplified-cocome,simplified-cocome__BRF_clone_1.23__moc_1.64__mcnn_1.80__moncnn_1.45__MaxEval_102__ProbPAs_0.95__sb_byTime_sbth_3600000__Algo_pesa2,366,uml2lqn,6278
NSGA,simplified-cocome__BRF_clone_1.23__moc_1.64__mcnn_1.80__moncnn_1.45__MaxEval_102__ProbPAs_0.95__sb_byTime_sbth_3600000__Algo_pesa2,366,invoke_solver,64
NSGA,simplified-cocome__BRF_clone_1.23__moc_1.64__mcnn_1.80__moncnn_1.45__MaxEval_102__ProbPAs_0.95__sb_byTime_sbth_3600000__Algo_pesa2,366,lqn2uml,5382
NSGA,simplified-cocome__BRF_clone_1.23__moc_1.64__mcnn_1.80__moncnn_1.45__MaxEval_102__ProbPAs_0.95__sb_byTime_sbth_3600000__Algo_pesa2,366,counting_pas,366,8426
simplified-cocome,simplified-cocome__BRF_clone_1.23__moc_1.64__mcnn_1.80__moncnn_1.45__MaxEval_102__ProbPAs_0.95__sb_byTime_sbth_3600000__Algo_pesa2,366,perfQ,4371
simplified-cocome,simplified-cocome__BRF_clone_1.23__moc_1.64__mcnn_1.80__moncnn_1.45__MaxEval_102__ProbPAs_0.95__sb_byTime_sbth_3600000__Algo_pesa2,reliability,168
simplified-cocome,simplified-cocome__BRF_clone_1.23__moc_1.64__mcnn_1.80__moncnn_1.45__MaxEval_102__ProbPAs_0.95__sb_byTime_sbth_3600000__Algo_pesa2,370,uml2lqn,5937
NSGA,simplified-cocome__BRF_clone_1.23__moc_1.64__mcnn_1.80__moncnn_1.45__MaxEval_102__ProbPAs_0.95__sb_byTime_sbth_3600000__Algo_pesa2,370,invoke_solver,331
NSGA,simplified-cocome__BRF_clone_1.23__moc_1.64__mcnn_1.80__moncnn_1.45__MaxEval_102__ProbPAs_0.95__sb_byTime_sbth_3600000__Algo_pesa2,370,lqn2uml,4978
NSGA,simplified-cocome__BRF_clone_1.23__moc_1.64__mcnn_1.80__moncnn_1.45__MaxEval_102__ProbPAs_0.95__sb_byTime_sbth_3600000__Algo_pesa2,370,counting_pas,370,9106
simplified-cocome,simplified-cocome__BRF_clone_1.23__moc_1.64__mcnn_1.80__moncnn_1.45__MaxEval_102__ProbPAs_0.95__sb_byTime_sbth_3600000__Algo_pesa2,370,perfQ,4516
simplified-cocome,simplified-cocome__BRF_clone_1.23__moc_1.64__mcnn_1.80__moncnn_1.45__MaxEval_102__ProbPAs_0.95__sb_byTime_sbth_3600000__Algo_pesa2,reliability,243
simplified-cocome,simplified-cocome__BRF_clone_1.23__moc_1.64__mcnn_1.80__moncnn_1.45__MaxEval_102__ProbPAs_0.95__sb_byTime_sbth_3600000__Algo_pesa2,374,uml2lqn,6054
NSGA,simplified-cocome__BRF_clone_1.23__moc_1.64__mcnn_1.80__moncnn_1.45__MaxEval_102__ProbPAs_0.95__sb_byTime_sbth_3600000__Algo_pesa2,374,invoke_solver,189
NSGA,simplified-cocome__BRF_clone_1.23__moc_1.64__mcnn_1.80__moncnn_1.45__MaxEval_102__ProbPAs_0.95__sb_byTime_sbth_3600000__Algo_pesa2,374,lqn2uml,3894
NSGA,simplified-cocome__BRF_clone_1.23__moc_1.64__mcnn_1.80__moncnn_1.45__MaxEval_102__ProbPAs_0.95__sb_byTime_sbth_3600000__Algo_pesa2,374,counting_pas,374,7193
simplified-cocome,simplified-cocome__BRF_clone_1.23__moc_1.64__mcnn_1.80__moncnn_1.45__MaxEval_102__ProbPAs_0.95__sb_byTime_sbth_3600000__Algo_pesa2,374,perfQ,3098
simplified-cocome,simplified-cocome__BRF_clone_1.23__moc_1.64__mcnn_1.80__moncnn_1.45__MaxEval_102__ProbPAs_0.95__sb_byTime_sbth_3600000__Algo_pesa2,reliability,188
simplified-cocome,simplified-cocome__BRF_clone_1.23__moc_1.64__mcnn_1.80__moncnn_1.45__MaxEval_102__ProbPAs_0.95__sb_byTime_sbth_3600000__Algo_pesa2,376,uml2lqn,4136
NSGA,simplified-cocome__BRF_clone_1.23__moc_1.64__mcnn_1.80__moncnn_1.45__MaxEval_102__ProbPAs_0.95__sb_byTime_sbth_3600000__Algo_pesa2,376,invoke_solver,276
NSGA,simplified-cocome__BRF_clone_1.23__moc_1.64__mcnn_1.80__moncnn_1.45__MaxEval_102__ProbPAs_0.95__sb_byTime_sbth_3600000__Algo_pesa2,376,lqn2uml,2359
NSGA,simplified-cocome__BRF_clone_1.23__moc_1.64__mcnn_1.80__moncnn_1.45__MaxEval_102__ProbPAs_0.95__sb_byTime_sbth_3600000__Algo_pesa2,376,counting_pas,376,7986
simplified-cocome,simplified-cocome__BRF_clone_1.23__moc_1.64__mcnn_1.80__moncnn_1.45__MaxEval_102__ProbPAs_0.95__sb_byTime_sbth_3600000__Algo_pesa2,376,perfQ,3831
simplified-cocome,simplified-cocome__BRF_clone_1.23__moc_1.64__mcnn_1.80__moncnn_1.45__MaxEval_102__ProbPAs_0.95__sb_byTime_sbth_3600000__Algo_pesa2,reliability,224
simplified-cocome,simplified-cocome__BRF_clone_1.23__moc_1.64__mcnn_1.80__moncnn_1.45__MaxEval_102__ProbPAs_0.95__sb_byTime_sbth_3600000__Algo_pesa2,380,uml2lqn,5096
NSGA,simplified-cocome__BRF_clone_1.23__moc_1.64__mcnn_1.80__moncnn_1.45__MaxEval_102__ProbPAs_0.95__sb_byTime_sbth_3600000__Algo_pesa2,380,invoke_solver,327
NSGA,simplified-cocome__BRF_clone_1.23__moc_1.64__mcnn_1.80__moncnn_1.45__MaxEval_102__ProbPAs_0.95__sb_byTime_sbth_3600000__Algo_pesa2,380,lqn2uml,4932
NSGA,simplified-cocome__BRF_clone_1.23__moc_1.64__mcnn_1.80__moncnn_1.45__MaxEval_102__ProbPAs_0.95__sb_byTime_sbth_3600000__Algo_pesa2,380,counting_pas,380,8912
simplified-cocome,simplified-cocome__BRF_clone_1.23__moc_1.64__mcnn_1.80__moncnn_1.45__MaxEval_102__ProbPAs_0.95__sb_byTime_sbth_3600000__Algo_pesa2,380,perfQ,4049
simplified-cocome,simplified-cocome__BRF_clone_1.23__moc_1.64__mcnn_1.80__moncnn_1.45__MaxEval_102__ProbPAs_0.95__sb_byTime_sbth_3600000__Algo_pesa2,reliability,148
simplified-cocome,simplified-cocome__BRF_clone_1.23__moc_1.64__mcnn_1.80__moncnn_1.45__MaxEval_102__ProbPAs_0.95__sb_byTime_sbth_3600000__Algo_pesa2,384,uml2lqn,5734
NSGA,simplified-cocome__BRF_clone_1.23__moc_1.64__mcnn_1.80__moncnn_1.45__MaxEval_102__ProbPAs_0.95__sb_byTime_sbth_3600000__Algo_pesa2,384,invoke_solver,291
NSGA,simplified-cocome__BRF_clone_1.23__moc_1.64__mcnn_1.80__moncnn_1.45__MaxEval_102__ProbPAs_0.95__sb_byTime_sbth_3600000__Algo_pesa2,384,lqn2uml,4299
NSGA,simplified-cocome__BRF_clone_1.23__moc_1.64__mcnn_1.80__moncnn_1.45__MaxEval_102__ProbPAs_0.95__sb_byTime_sbth_3600000__Algo_pesa2,384,counting_pas,384,9000
simplified-cocome,simplified-cocome__BRF_clone_1.23__moc_1.64__mcnn_1.80__moncnn_1.45__MaxEval_102__ProbPAs_0.95__sb_byTime_sbth_3600000__Algo_pesa2,384,perfQ,3820
simplified-cocome,simplified-cocome__BRF_clone_1.23__moc_1.64__mcnn_1.80__moncnn_1.45__MaxEval_102__ProbPAs_0.95__sb_byTime_sbth_3600000__Algo_pesa2,reliability,155
