algorithm,problem_tag,performance_antipattern,target_element,fuzziness
0,paf,createReport,1.0000
0,paf,getMeanTimeToDeliveryReport,1.0000
0,paf,getMeanTimeToDelivery,1.0000
0,paf,getTransactionContext,1.0000
0,paf,queryOrderById,1.0000
0,paf,enterOrderID,1.0000
0,paf,getEnterpriseByID,1.0000
0,paf,getTransaction,1.0000
0,paf,queryStockItem,1.0000
0,ep,Persistence,1.0000
0,ep,DataStore,1.0000
0,ep,Enterprise,1.0000
0,ep,Reporting,1.0000
1,paf,createReport,1.0000
1,paf,getMeanTimeToDelivery,1.0000
1,paf,getTransactionContext,1.0000
1,paf,queryOrderById,1.0000
1,paf,enterOrderID,1.0000
1,paf,getEnterpriseByID,1.0000
1,paf,getTransaction,1.0000
1,paf,queryStockItem,1.0000
1,ep,Persistence,1.0000
1,ep,DataStore,1.0000
1,ep,Enterprise,1.0000
2,paf,createReport,1.0000
2,paf,getMeanTimeToDelivery,1.0000
2,paf,getTransactionContext,1.0000
2,paf,queryOrderById,1.0000
2,paf,pressButton,1.0000
2,paf,enterOrderID,1.0000
2,paf,getEnterpriseByID,1.0000
2,paf,getTransaction,1.0000
2,paf,queryStockItem,1.0000
2,ep,Persistence,0.9757
2,ep,DataStore,0.9757
2,ep,GUIStore,1.0000
2,ep,GUIReporting,1.0000
2,ep,Reporting,0.9757
3,paf,printRunningTotal,1.0000
3,paf,saleStartedEvent,1.0000
3,paf,stopSale,1.0000
3,ep,New-Component_vlssnenejm,1.0000
4,paf,getMeanTimeToDeliveryReport,1.0000
4,paf,getMeanTimeToDelivery,1.0000
4,paf,getTransactionContext,1.0000
4,paf,queryOrderById,1.0000
4,paf,enterOrderID,1.0000
4,paf,getEnterpriseByID,1.0000
4,paf,getTransaction,1.0000
4,paf,queryStockItem,1.0000
4,ep,Persistence,1.0000
4,ep,DataStore,1.0000
4,ep,Enterprise,1.0000
4,ep,Reporting,1.0000
5,paf,createReport,1.0000
5,paf,getMeanTimeToDeliveryReport,1.0000
5,paf,getMeanTimeToDelivery,1.0000
5,paf,getTransactionContext,1.0000
5,paf,queryOrderById,1.0000
5,paf,enterOrderID,1.0000
5,paf,getEnterpriseByID,1.0000
5,paf,queryStockItem,1.0000
5,ep,Persistence,1.0000
5,ep,DataStore,1.0000
5,ep,Enterprise,1.0000
5,ep,Reporting,1.0000
6,paf,createReport,0.9815
6,paf,getMeanTimeToDeliveryReport,1.0000
6,paf,getMeanTimeToDelivery,1.0000
6,paf,getTransactionContext,1.0000
6,paf,queryOrderById,1.0000
6,paf,enterOrderID,1.0000
6,paf,getEnterpriseByID,1.0000
6,paf,getTransaction,1.0000
6,paf,queryStockItem,1.0000
6,ep,Persistence,1.0000
6,ep,DataStore,1.0000
6,ep,Enterprise,1.0000
6,ep,Reporting,1.0000
7,paf,createReport,1.0000
7,paf,getMeanTimeToDeliveryReport,1.0000
7,paf,rollInReceivedOrder,1.0000
7,paf,getMeanTimeToDelivery,1.0000
7,paf,getTransactionContext,1.0000
7,paf,queryOrderById,1.0000
7,paf,enterOrderID,1.0000
7,paf,getEnterpriseByID,1.0000
7,paf,getTransaction,1.0000
7,paf,queryStockItem,1.0000
7,ep,Persistence,1.0000
7,ep,DataStore,1.0000
7,ep,Enterprise,1.0000
7,ep,Reporting,1.0000
8,paf,createReport,1.0000
8,paf,getMeanTimeToDeliveryReport,1.0000
8,paf,getMeanTimeToDelivery,1.0000
8,paf,getTransactionContext,1.0000
8,paf,queryOrderById,1.0000
8,paf,getEnterpriseByID,1.0000
8,ep,Persistence,1.0000
8,ep,DataStore,1.0000
8,ep,Enterprise,1.0000
8,ep,Reporting,1.0000
9,paf,getMeanTimeToDeliveryReport,1.0000
9,paf,rollInReceivedOrder,1.0000
9,paf,getMeanTimeToDelivery,1.0000
9,paf,queryOrderById,1.0000
9,paf,enterOrderID,1.0000
9,paf,getEnterpriseByID,1.0000
9,paf,queryStockItem,1.0000
9,ep,Persistence,1.0000
9,ep,DataStore,1.0000
9,ep,Enterprise,1.0000
9,ep,Reporting,1.0000
10,paf,getMeanTimeToDeliveryReport,1.0000
10,paf,getTransactionContext,1.0000
10,paf,queryOrderById,1.0000
10,paf,enterOrderID,1.0000
10,paf,getEnterpriseByID,1.0000
10,paf,getTransaction,1.0000
10,paf,queryStockItem,1.0000
10,ep,Persistence,1.0000
10,ep,DataStore,1.0000
10,ep,Enterprise,1.0000
10,ep,Reporting,1.0000
11,paf,getMeanTimeToDeliveryReport,1.0000
11,paf,rollInReceivedOrder,1.0000
11,paf,getMeanTimeToDelivery,1.0000
11,paf,getTransactionContext,1.0000
11,paf,queryOrderById,1.0000
11,paf,getEnterpriseByID,1.0000
11,paf,getTransaction,1.0000
11,paf,queryStockItem,1.0000
11,ep,Persistence,1.0000
11,ep,DataStore,1.0000
11,ep,Enterprise,1.0000
11,ep,Reporting,1.0000
12,paf,createReport,1.0000
12,paf,getMeanTimeToDelivery,1.0000
12,paf,getTransactionContext,1.0000
12,paf,queryOrderById,1.0000
12,paf,enterOrderID,1.0000
12,paf,getEnterpriseByID,1.0000
12,paf,getTransaction,1.0000
12,paf,queryStockItem,1.0000
12,ep,Persistence,1.0000
12,ep,DataStore,1.0000
12,ep,Enterprise,1.0000
12,ep,Reporting,1.0000
13,paf,getMeanTimeToDeliveryReport,1.0000
13,paf,getTransactionContext,1.0000
13,paf,queryOrderById,1.0000
13,paf,enterOrderID,1.0000
13,paf,getEnterpriseByID,1.0000
13,paf,getTransaction,1.0000
13,paf,queryStockItem,1.0000
13,ep,Persistence,1.0000
13,ep,DataStore,1.0000
13,ep,Enterprise,1.0000
13,ep,Reporting,1.0000
14,paf,getMeanTimeToDeliveryReport,1.0000
14,paf,getMeanTimeToDelivery,1.0000
14,paf,getTransactionContext,1.0000
14,paf,queryOrderById,1.0000
14,paf,enterOrderID,1.0000
14,paf,getEnterpriseByID,1.0000
14,paf,getTransaction,1.0000
14,paf,queryStockItem,1.0000
14,ep,Persistence,1.0000
14,ep,DataStore,1.0000
14,ep,Enterprise,1.0000
14,ep,Reporting,1.0000
15,paf,printRunningTotal,1.0000
15,paf,productBarCodeScannedEvent,1.0000
15,paf,saleStartedEvent,1.0000
15,paf,scanProduct,1.0000
15,paf,stopSale,1.0000
16,paf,getMeanTimeToDeliveryReport,1.0000
16,paf,getMeanTimeToDelivery,1.0000
16,paf,getTransactionContext,1.0000
16,paf,queryOrderById,1.0000
16,paf,enterOrderID,1.0000
16,paf,getEnterpriseByID,1.0000
16,paf,getTransaction,1.0000
16,paf,queryStockItem,1.0000
16,ep,Persistence,1.0000
16,ep,DataStore,1.0000
16,ep,Enterprise,1.0000
16,ep,Reporting,1.0000
17,paf,createReport,1.0000
17,paf,getMeanTimeToDeliveryReport,1.0000
17,paf,getTransactionContext,1.0000
17,paf,queryOrderById,1.0000
17,paf,enterOrderID,1.0000
17,paf,getEnterpriseByID,1.0000
17,paf,getTransaction,1.0000
17,paf,queryStockItem,1.0000
17,ep,Persistence,1.0000
17,ep,DataStore,1.0000
17,ep,Enterprise,1.0000
17,ep,Reporting,1.0000
20,paf,createReport,1.0000
20,paf,getMeanTimeToDeliveryReport,1.0000
20,paf,getMeanTimeToDelivery,1.0000
20,paf,getTransactionContext,1.0000
20,paf,queryOrderById,1.0000
20,paf,enterOrderID,1.0000
20,paf,getEnterpriseByID,1.0000
20,paf,queryStockItem,1.0000
20,ep,Persistence,1.0000
20,ep,DataStore,1.0000
20,ep,Enterprise,1.0000
20,ep,Reporting,1.0000
21,paf,getMeanTimeToDeliveryReport,1.0000
21,paf,getMeanTimeToDelivery,1.0000
21,paf,getTransactionContext,1.0000
21,paf,queryOrderById,1.0000
21,paf,enterOrderID,1.0000
21,paf,getEnterpriseByID,1.0000
21,paf,getTransaction,1.0000
21,paf,queryStockItem,1.0000
21,ep,Persistence,1.0000
21,ep,DataStore,1.0000
21,ep,Enterprise,1.0000
21,ep,Reporting,1.0000
24,paf,createReport,1.0000
24,paf,getMeanTimeToDelivery,1.0000
24,paf,getTransactionContext,1.0000
24,paf,queryOrderById,1.0000
24,paf,enterOrderID,1.0000
24,paf,getEnterpriseByID,1.0000
24,paf,getTransaction,1.0000
24,paf,queryStockItem,1.0000
24,ep,Persistence,1.0000
24,ep,DataStore,1.0000
24,ep,Enterprise,1.0000
25,paf,createReport,1.0000
25,paf,getMeanTimeToDeliveryReport,1.0000
25,paf,getMeanTimeToDelivery,1.0000
25,paf,getTransactionContext,1.0000
25,paf,queryOrderById,1.0000
25,paf,enterOrderID,1.0000
25,paf,getEnterpriseByID,1.0000
25,paf,queryStockItem,1.0000
25,ep,Persistence,1.0000
25,ep,DataStore,1.0000
25,ep,Enterprise,1.0000
25,ep,Reporting,1.0000
28,paf,printRunningTotal,1.0000
28,paf,saleStartedEvent,1.0000
28,paf,stopSale,1.0000
28,ep,New-Component_vlssnenejm,1.0000
29,paf,getMeanTimeToDeliveryReport,1.0000
29,paf,rollInReceivedOrder,1.0000
29,paf,getMeanTimeToDelivery,1.0000
29,paf,getTransactionContext,1.0000
29,paf,queryOrderById,1.0000
29,paf,getEnterpriseByID,1.0000
29,paf,getTransaction,1.0000
29,paf,queryStockItem,1.0000
29,ep,Persistence,1.0000
29,ep,DataStore,1.0000
29,ep,Enterprise,1.0000
29,ep,Reporting,1.0000
32,paf,createReport,1.0000
32,paf,getMeanTimeToDeliveryReport,1.0000
32,paf,getMeanTimeToDelivery,1.0000
32,paf,getTransactionContext,1.0000
32,paf,queryOrderById,1.0000
32,paf,enterOrderID,1.0000
32,paf,getEnterpriseByID,1.0000
32,paf,queryStockItem,1.0000
32,ep,Persistence,1.0000
32,ep,DataStore,1.0000
32,ep,Enterprise,1.0000
32,ep,Reporting,1.0000
33,paf,getMeanTimeToDeliveryReport,1.0000
33,paf,getTransactionContext,1.0000
33,paf,queryOrderById,1.0000
33,paf,enterOrderID,1.0000
33,paf,getEnterpriseByID,1.0000
33,paf,getTransaction,1.0000
33,paf,queryStockItem,1.0000
33,ep,Persistence,1.0000
33,ep,DataStore,1.0000
33,ep,Enterprise,1.0000
33,ep,Reporting,1.0000
36,paf,getMeanTimeToDeliveryReport,1.0000
36,paf,getTransactionContext,1.0000
36,paf,queryOrderById,1.0000
36,paf,enterOrderID,1.0000
36,paf,getEnterpriseByID,1.0000
36,paf,getTransaction,1.0000
36,paf,queryStockItem,1.0000
36,ep,Persistence,1.0000
36,ep,DataStore,1.0000
36,ep,Enterprise,1.0000
36,ep,Reporting,1.0000
37,paf,getMeanTimeToDeliveryReport,1.0000
37,paf,getMeanTimeToDelivery,1.0000
37,paf,getTransactionContext,1.0000
37,paf,queryOrderById,1.0000
37,paf,enterOrderID,1.0000
37,paf,getEnterpriseByID,1.0000
37,paf,getTransaction,1.0000
37,paf,queryStockItem,1.0000
37,ep,Persistence,1.0000
37,ep,DataStore,1.0000
37,ep,Enterprise,1.0000
37,ep,Reporting,1.0000
40,paf,createReport,1.0000
40,paf,getMeanTimeToDelivery,1.0000
40,paf,getTransactionContext,1.0000
40,paf,queryOrderById,1.0000
40,paf,enterOrderID,1.0000
40,paf,getEnterpriseByID,1.0000
40,paf,getTransaction,1.0000
40,paf,queryStockItem,1.0000
40,ep,Persistence,1.0000
40,ep,DataStore,1.0000
40,ep,Enterprise,1.0000
41,paf,getMeanTimeToDeliveryReport,1.0000
41,paf,rollInReceivedOrder,1.0000
41,paf,getMeanTimeToDelivery,1.0000
41,paf,getTransactionContext,1.0000
41,paf,queryOrderById,1.0000
41,paf,getEnterpriseByID,1.0000
41,paf,getTransaction,1.0000
41,paf,queryStockItem,1.0000
41,ep,Persistence,1.0000
41,ep,DataStore,1.0000
41,ep,Enterprise,1.0000
41,ep,Reporting,1.0000
44,paf,createReport,1.0000
44,paf,getMeanTimeToDeliveryReport,1.0000
44,paf,rollInReceivedOrder,1.0000
44,paf,getMeanTimeToDelivery,1.0000
44,paf,getTransactionContext,1.0000
44,paf,queryOrderById,1.0000
44,paf,enterOrderID,1.0000
44,paf,getEnterpriseByID,1.0000
44,paf,getTransaction,1.0000
44,paf,queryStockItem,1.0000
44,ep,Persistence,1.0000
44,ep,DataStore,1.0000
44,ep,Enterprise,1.0000
44,ep,Reporting,1.0000
45,paf,createReport,1.0000
45,paf,getMeanTimeToDeliveryReport,1.0000
45,paf,getMeanTimeToDelivery,1.0000
45,paf,getTransactionContext,1.0000
45,paf,queryOrderById,1.0000
45,paf,getEnterpriseByID,1.0000
45,ep,Persistence,1.0000
45,ep,DataStore,1.0000
45,ep,Enterprise,1.0000
45,ep,Reporting,1.0000
48,paf,getMeanTimeToDeliveryReport,1.0000
48,paf,getTransactionContext,1.0000
48,paf,queryOrderById,1.0000
48,paf,enterOrderID,1.0000
48,paf,getEnterpriseByID,1.0000
48,paf,getTransaction,1.0000
48,paf,queryStockItem,1.0000
48,ep,Persistence,1.0000
48,ep,DataStore,1.0000
48,ep,Enterprise,1.0000
48,ep,Reporting,1.0000
49,paf,printRunningTotal,1.0000
49,paf,saleStartedEvent,1.0000
49,paf,stopSale,1.0000
49,ep,New-Component_vlssnenejm,1.0000
52,paf,createReport,1.0000
52,paf,getMeanTimeToDeliveryReport,1.0000
52,paf,getMeanTimeToDelivery,1.0000
52,paf,getTransactionContext,1.0000
52,paf,queryOrderById,1.0000
52,paf,enterOrderID,1.0000
52,paf,getEnterpriseByID,1.0000
52,paf,getTransaction,1.0000
52,paf,queryStockItem,1.0000
52,ep,Persistence,1.0000
52,ep,DataStore,1.0000
52,ep,Enterprise,1.0000
52,ep,Reporting,1.0000
53,paf,printRunningTotal,1.0000
53,paf,saleStartedEvent,1.0000
53,paf,stopSale,1.0000
53,ep,New-Component_vlssnenejm,1.0000
56,paf,getMeanTimeToDeliveryReport,1.0000
56,paf,rollInReceivedOrder,1.0000
56,paf,getMeanTimeToDelivery,1.0000
56,paf,getTransactionContext,1.0000
56,paf,queryOrderById,1.0000
56,paf,getEnterpriseByID,1.0000
56,paf,getTransaction,1.0000
56,paf,queryStockItem,1.0000
56,ep,Persistence,1.0000
56,ep,DataStore,1.0000
56,ep,Enterprise,1.0000
56,ep,Reporting,1.0000
57,paf,getMeanTimeToDeliveryReport,1.0000
57,paf,getMeanTimeToDelivery,1.0000
57,paf,getTransactionContext,1.0000
57,paf,queryOrderById,1.0000
57,paf,enterOrderID,1.0000
57,paf,getEnterpriseByID,1.0000
57,paf,getTransaction,1.0000
57,paf,queryStockItem,1.0000
57,ep,Persistence,1.0000
57,ep,DataStore,1.0000
57,ep,Enterprise,1.0000
57,ep,Reporting,1.0000
60,paf,getMeanTimeToDeliveryReport,1.0000
60,paf,rollInReceivedOrder,1.0000
60,paf,getMeanTimeToDelivery,1.0000
60,paf,getTransactionContext,1.0000
60,paf,queryOrderById,1.0000
60,paf,getEnterpriseByID,1.0000
60,paf,getTransaction,1.0000
60,paf,queryStockItem,1.0000
60,ep,Persistence,1.0000
60,ep,DataStore,1.0000
60,ep,Enterprise,1.0000
60,ep,Reporting,1.0000
61,paf,getMeanTimeToDeliveryReport,1.0000
61,paf,getTransactionContext,1.0000
61,paf,queryOrderById,1.0000
61,paf,enterOrderID,1.0000
61,paf,getEnterpriseByID,1.0000
61,paf,getTransaction,1.0000
61,paf,queryStockItem,1.0000
61,ep,Persistence,1.0000
61,ep,DataStore,1.0000
61,ep,Enterprise,1.0000
61,ep,Reporting,1.0000
64,paf,createReport,0.9815
64,paf,getMeanTimeToDeliveryReport,1.0000
64,paf,getMeanTimeToDelivery,1.0000
64,paf,getTransactionContext,1.0000
64,paf,queryOrderById,1.0000
64,paf,enterOrderID,1.0000
64,paf,getEnterpriseByID,1.0000
64,paf,getTransaction,1.0000
64,paf,queryStockItem,1.0000
64,ep,Persistence,1.0000
64,ep,DataStore,1.0000
64,ep,Enterprise,1.0000
64,ep,Reporting,1.0000
65,paf,getMeanTimeToDeliveryReport,1.0000
65,paf,rollInReceivedOrder,1.0000
65,paf,getMeanTimeToDelivery,1.0000
65,paf,getTransactionContext,1.0000
65,paf,queryOrderById,1.0000
65,paf,getEnterpriseByID,1.0000
65,paf,getTransaction,1.0000
65,paf,queryStockItem,1.0000
65,ep,Persistence,1.0000
65,ep,DataStore,1.0000
65,ep,Enterprise,1.0000
65,ep,Reporting,1.0000
68,paf,getMeanTimeToDeliveryReport,1.0000
68,paf,rollInReceivedOrder,1.0000
68,paf,getMeanTimeToDelivery,1.0000
68,paf,getTransactionContext,1.0000
68,paf,queryOrderById,1.0000
68,paf,getEnterpriseByID,1.0000
68,paf,getTransaction,1.0000
68,paf,queryStockItem,1.0000
68,ep,Persistence,1.0000
68,ep,DataStore,1.0000
68,ep,Enterprise,1.0000
68,ep,Reporting,1.0000
69,paf,createReport,0.9815
69,paf,getMeanTimeToDeliveryReport,1.0000
69,paf,getMeanTimeToDelivery,1.0000
69,paf,getTransactionContext,1.0000
69,paf,queryOrderById,1.0000
69,paf,enterOrderID,1.0000
69,paf,getEnterpriseByID,1.0000
69,paf,getTransaction,1.0000
69,paf,queryStockItem,1.0000
69,ep,Persistence,1.0000
69,ep,DataStore,1.0000
69,ep,Enterprise,1.0000
69,ep,Reporting,1.0000
72,paf,getMeanTimeToDeliveryReport,1.0000
72,paf,getTransactionContext,1.0000
72,paf,queryOrderById,1.0000
72,paf,enterOrderID,1.0000
72,paf,getEnterpriseByID,1.0000
72,paf,getTransaction,1.0000
72,paf,queryStockItem,1.0000
72,ep,Persistence,1.0000
72,ep,DataStore,1.0000
72,ep,Enterprise,1.0000
72,ep,Reporting,1.0000
73,paf,printRunningTotal,1.0000
73,paf,productBarCodeScannedEvent,1.0000
73,paf,saleStartedEvent,1.0000
73,paf,scanProduct,1.0000
73,paf,stopSale,1.0000
74,paf,createReport,0.9815
74,paf,getMeanTimeToDeliveryReport,1.0000
74,paf,getMeanTimeToDelivery,1.0000
74,paf,getTransactionContext,1.0000
74,paf,queryOrderById,1.0000
74,paf,enterOrderID,1.0000
74,paf,getEnterpriseByID,1.0000
74,paf,getTransaction,1.0000
74,paf,queryStockItem,1.0000
74,ep,Persistence,1.0000
74,ep,DataStore,1.0000
74,ep,Enterprise,1.0000
74,ep,Reporting,1.0000
75,paf,getMeanTimeToDeliveryReport,1.0000
75,paf,rollInReceivedOrder,1.0000
75,paf,getMeanTimeToDelivery,1.0000
75,paf,getTransactionContext,1.0000
75,paf,queryOrderById,1.0000
75,paf,getEnterpriseByID,1.0000
75,paf,getTransaction,1.0000
75,paf,queryStockItem,1.0000
75,ep,Persistence,1.0000
75,ep,DataStore,1.0000
75,ep,Enterprise,1.0000
75,ep,Reporting,1.0000
78,paf,getMeanTimeToDeliveryReport,1.0000
78,paf,getMeanTimeToDelivery,1.0000
78,paf,getTransactionContext,1.0000
78,paf,queryOrderById,1.0000
78,paf,getEnterpriseByID,1.0000
78,paf,getTransaction,1.0000
78,paf,queryStockItem,1.0000
78,ep,Persistence,1.0000
78,ep,DataStore,1.0000
78,ep,Enterprise,1.0000
78,ep,Reporting,1.0000
79,paf,getMeanTimeToDeliveryReport,1.0000
79,paf,getTransactionContext,1.0000
79,paf,queryOrderById,1.0000
79,paf,enterOrderID,1.0000
79,paf,getEnterpriseByID,1.0000
79,paf,getTransaction,1.0000
79,paf,queryStockItem,1.0000
79,ep,Persistence,1.0000
79,ep,DataStore,1.0000
79,ep,Enterprise,1.0000
79,ep,Reporting,1.0000
82,paf,printRunningTotal,1.0000
82,paf,saleStartedEvent,1.0000
82,paf,stopSale,1.0000
82,ep,New-Component_vlssnenejm,1.0000
83,paf,createReport,1.0000
83,paf,getMeanTimeToDelivery,1.0000
83,paf,getTransactionContext,1.0000
83,paf,queryOrderById,1.0000
83,paf,enterOrderID,1.0000
83,paf,getEnterpriseByID,1.0000
83,paf,getTransaction,1.0000
83,paf,queryStockItem,1.0000
83,ep,Persistence,1.0000
83,ep,DataStore,1.0000
83,ep,Enterprise,1.0000
86,paf,printRunningTotal,1.0000
86,paf,saleStartedEvent,1.0000
86,paf,stopSale,1.0000
86,ep,New-Component_vlssnenejm,1.0000
87,paf,getMeanTimeToDeliveryReport,1.0000
87,paf,getMeanTimeToDelivery,1.0000
87,paf,getTransactionContext,1.0000
87,paf,queryOrderById,1.0000
87,paf,enterOrderID,1.0000
87,paf,getEnterpriseByID,1.0000
87,paf,getTransaction,1.0000
87,paf,queryStockItem,1.0000
87,ep,Persistence,1.0000
87,ep,DataStore,1.0000
87,ep,Enterprise,1.0000
87,ep,Reporting,1.0000
90,paf,printRunningTotal,1.0000
90,paf,productBarCodeScannedEvent,1.0000
90,paf,saleStartedEvent,1.0000
90,paf,scanProduct,1.0000
90,paf,stopSale,1.0000
91,paf,getMeanTimeToDeliveryReport,1.0000
91,paf,rollInReceivedOrder,1.0000
91,paf,getMeanTimeToDelivery,1.0000
91,paf,queryOrderById,1.0000
91,paf,enterOrderID,1.0000
91,paf,getEnterpriseByID,1.0000
91,paf,queryStockItem,1.0000
91,ep,Persistence,1.0000
91,ep,DataStore,1.0000
91,ep,Enterprise,1.0000
91,ep,Reporting,1.0000
94,paf,printRunningTotal,1.0000
94,paf,saleStartedEvent,1.0000
94,paf,stopSale,1.0000
94,ep,New-Component_vlssnenejm,1.0000
95,paf,getMeanTimeToDeliveryReport,1.0000
95,paf,getTransactionContext,1.0000
95,paf,queryOrderById,1.0000
95,paf,enterOrderID,1.0000
95,paf,getEnterpriseByID,1.0000
95,paf,getTransaction,1.0000
95,paf,queryStockItem,1.0000
95,ep,Persistence,1.0000
95,ep,DataStore,1.0000
95,ep,Enterprise,1.0000
95,ep,Reporting,1.0000
98,paf,printRunningTotal,1.0000
98,paf,saleStartedEvent,1.0000
98,paf,stopSale,1.0000
98,ep,New-Component_vlssnenejm,1.0000
99,paf,getMeanTimeToDeliveryReport,1.0000
99,paf,rollInReceivedOrder,1.0000
99,paf,getMeanTimeToDelivery,1.0000
99,paf,queryOrderById,1.0000
99,paf,enterOrderID,1.0000
99,paf,getEnterpriseByID,1.0000
99,paf,queryStockItem,1.0000
99,ep,Persistence,1.0000
99,ep,DataStore,1.0000
99,ep,Enterprise,1.0000
99,ep,Reporting,1.0000
102,paf,getMeanTimeToDeliveryReport,1.0000
102,paf,getMeanTimeToDelivery,1.0000
102,paf,getTransactionContext,1.0000
102,paf,queryOrderById,1.0000
102,paf,enterOrderID,1.0000
102,paf,getEnterpriseByID,1.0000
102,paf,getTransaction,1.0000
102,paf,queryStockItem,1.0000
102,ep,Persistence,1.0000
102,ep,DataStore,1.0000
102,ep,Enterprise,1.0000
102,ep,Reporting,1.0000
103,paf,createReport,1.0000
103,paf,getMeanTimeToDelivery,1.0000
103,paf,getTransactionContext,1.0000
103,paf,queryOrderById,1.0000
103,paf,enterOrderID,1.0000
103,paf,getEnterpriseByID,1.0000
103,paf,getTransaction,1.0000
103,paf,queryStockItem,1.0000
103,ep,Persistence,1.0000
103,ep,DataStore,1.0000
103,ep,Enterprise,1.0000
106,paf,printRunningTotal,1.0000
106,paf,saleStartedEvent,1.0000
106,paf,stopSale,1.0000
106,ep,New-Component_vlssnenejm,1.0000
107,paf,getMeanTimeToDeliveryReport,1.0000
107,paf,rollInReceivedOrder,1.0000
107,paf,getMeanTimeToDelivery,1.0000
107,paf,getTransactionContext,1.0000
107,paf,queryOrderById,1.0000
107,paf,enterOrderID,1.0000
107,paf,getEnterpriseByID,1.0000
107,paf,getTransaction,1.0000
107,paf,queryStockItem,1.0000
107,ep,Persistence,1.0000
107,ep,DataStore,1.0000
107,ep,Enterprise,1.0000
107,ep,Reporting,1.0000
110,paf,printRunningTotal,1.0000
110,paf,saleStartedEvent,1.0000
110,paf,stopSale,1.0000
110,ep,New-Component_vlssnenejm,1.0000
111,paf,printRunningTotal,1.0000
111,paf,saleStartedEvent,1.0000
111,paf,stopSale,1.0000
111,ep,New-Component_vlssnenejm,1.0000
114,paf,printRunningTotal,1.0000
114,paf,productBarCodeScannedEvent,1.0000
114,paf,saleStartedEvent,1.0000
114,paf,scanProduct,1.0000
114,paf,stopSale,1.0000
115,paf,getMeanTimeToDeliveryReport,1.0000
115,paf,getMeanTimeToDelivery,1.0000
115,paf,getTransactionContext,1.0000
115,paf,queryOrderById,1.0000
115,paf,getEnterpriseByID,1.0000
115,paf,getTransaction,1.0000
115,paf,queryStockItem,1.0000
115,ep,Persistence,1.0000
115,ep,DataStore,1.0000
115,ep,Enterprise,1.0000
115,ep,Reporting,1.0000
118,paf,getMeanTimeToDeliveryReport,1.0000
118,paf,getTransactionContext,1.0000
118,paf,queryOrderById,1.0000
118,paf,enterOrderID,1.0000
118,paf,getEnterpriseByID,1.0000
118,paf,getTransaction,1.0000
118,paf,queryStockItem,1.0000
118,ep,Persistence,1.0000
118,ep,DataStore,1.0000
118,ep,Enterprise,1.0000
118,ep,Reporting,1.0000
119,paf,getMeanTimeToDeliveryReport,1.0000
119,paf,getMeanTimeToDelivery,1.0000
119,paf,getTransactionContext,1.0000
119,paf,queryOrderById,1.0000
119,paf,enterOrderID,1.0000
119,paf,getEnterpriseByID,1.0000
119,paf,getTransaction,1.0000
119,paf,queryStockItem,1.0000
119,ep,Persistence,1.0000
119,ep,DataStore,1.0000
119,ep,Enterprise,1.0000
119,ep,Reporting,1.0000
122,paf,getMeanTimeToDeliveryReport,1.0000
122,paf,rollInReceivedOrder,1.0000
122,paf,getMeanTimeToDelivery,1.0000
122,paf,getTransactionContext,1.0000
122,paf,queryOrderById,1.0000
122,paf,getEnterpriseByID,1.0000
122,paf,getTransaction,1.0000
122,paf,queryStockItem,1.0000
122,ep,Persistence,1.0000
122,ep,DataStore,1.0000
122,ep,Enterprise,1.0000
122,ep,Reporting,1.0000
123,paf,getMeanTimeToDeliveryReport,1.0000
123,paf,getTransactionContext,1.0000
123,paf,queryOrderById,1.0000
123,paf,enterOrderID,1.0000
123,paf,getEnterpriseByID,1.0000
123,paf,getTransaction,1.0000
123,paf,queryStockItem,1.0000
123,ep,Persistence,1.0000
123,ep,DataStore,1.0000
123,ep,Enterprise,1.0000
123,ep,Reporting,1.0000
126,paf,getMeanTimeToDeliveryReport,1.0000
126,paf,getTransactionContext,1.0000
126,paf,queryOrderById,1.0000
126,paf,enterOrderID,1.0000
126,paf,getEnterpriseByID,1.0000
126,paf,getTransaction,1.0000
126,paf,queryStockItem,1.0000
126,ep,Persistence,1.0000
126,ep,DataStore,1.0000
126,ep,Enterprise,1.0000
126,ep,Reporting,1.0000
127,paf,printRunningTotal,1.0000
127,paf,saleStartedEvent,1.0000
127,paf,stopSale,1.0000
127,ep,New-Component_vlssnenejm,1.0000
130,paf,printRunningTotal,1.0000
130,paf,saleStartedEvent,1.0000
130,paf,stopSale,1.0000
130,ep,New-Component_vlssnenejm,1.0000
131,paf,getMeanTimeToDeliveryReport,1.0000
131,paf,getMeanTimeToDelivery,1.0000
131,paf,getTransactionContext,1.0000
131,paf,queryOrderById,1.0000
131,paf,getEnterpriseByID,1.0000
131,paf,getTransaction,1.0000
131,paf,queryStockItem,1.0000
131,ep,Persistence,1.0000
131,ep,DataStore,1.0000
131,ep,Enterprise,1.0000
131,ep,Reporting,1.0000
134,paf,getMeanTimeToDeliveryReport,1.0000
134,paf,rollInReceivedOrder,1.0000
134,paf,getMeanTimeToDelivery,1.0000
134,paf,getTransactionContext,1.0000
134,paf,queryOrderById,1.0000
134,paf,enterOrderID,1.0000
134,paf,getEnterpriseByID,1.0000
134,paf,getTransaction,1.0000
134,paf,queryStockItem,1.0000
134,ep,Persistence,1.0000
134,ep,DataStore,1.0000
134,ep,Enterprise,1.0000
134,ep,Reporting,1.0000
135,paf,getMeanTimeToDeliveryReport,1.0000
135,paf,rollInReceivedOrder,1.0000
135,paf,getMeanTimeToDelivery,1.0000
135,paf,getTransactionContext,1.0000
135,paf,queryOrderById,1.0000
135,paf,getEnterpriseByID,1.0000
135,paf,getTransaction,1.0000
135,paf,queryStockItem,1.0000
135,ep,Persistence,1.0000
135,ep,DataStore,1.0000
135,ep,Enterprise,1.0000
135,ep,Reporting,1.0000
138,paf,getMeanTimeToDeliveryReport,1.0000
138,paf,getTransactionContext,1.0000
138,paf,queryOrderById,1.0000
138,paf,enterOrderID,1.0000
138,paf,getEnterpriseByID,1.0000
138,paf,getTransaction,1.0000
138,paf,queryStockItem,1.0000
138,ep,Persistence,1.0000
138,ep,DataStore,1.0000
138,ep,Enterprise,1.0000
138,ep,Reporting,1.0000
139,paf,printRunningTotal,1.0000
139,paf,saleStartedEvent,1.0000
139,paf,stopSale,1.0000
139,ep,New-Component_vlssnenejm,1.0000
142,paf,printRunningTotal,1.0000
142,paf,productBarCodeScannedEvent,1.0000
142,paf,saleStartedEvent,1.0000
142,paf,scanProduct,1.0000
142,paf,stopSale,1.0000
143,paf,getMeanTimeToDeliveryReport,1.0000
143,paf,rollInReceivedOrder,1.0000
143,paf,getMeanTimeToDelivery,1.0000
143,paf,getTransactionContext,1.0000
143,paf,queryOrderById,1.0000
143,paf,getEnterpriseByID,1.0000
143,paf,getTransaction,1.0000
143,paf,queryStockItem,1.0000
143,ep,Persistence,1.0000
143,ep,DataStore,1.0000
143,ep,Enterprise,1.0000
143,ep,Reporting,1.0000
144,paf,printRunningTotal,1.0000
144,paf,saleStartedEvent,1.0000
144,paf,stopSale,1.0000
144,ep,New-Component_vlssnenejm,1.0000
145,paf,createReport,1.0000
145,paf,getMeanTimeToDeliveryReport,1.0000
145,paf,getMeanTimeToDelivery,1.0000
145,paf,getTransactionContext,1.0000
145,paf,queryOrderById,1.0000
145,paf,enterOrderID,1.0000
145,paf,getEnterpriseByID,1.0000
145,paf,getTransaction,1.0000
145,paf,queryStockItem,1.0000
145,ep,Persistence,1.0000
145,ep,DataStore,1.0000
145,ep,Enterprise,1.0000
145,ep,Reporting,1.0000
148,paf,getMeanTimeToDeliveryReport,1.0000
148,paf,rollInReceivedOrder,1.0000
148,paf,getMeanTimeToDelivery,1.0000
148,paf,getTransactionContext,1.0000
148,paf,queryOrderById,1.0000
148,paf,getEnterpriseByID,1.0000
148,paf,getTransaction,1.0000
148,paf,queryStockItem,1.0000
148,ep,Persistence,1.0000
148,ep,DataStore,1.0000
148,ep,Enterprise,1.0000
148,ep,Reporting,1.0000
149,paf,createReport,1.0000
149,paf,getMeanTimeToDeliveryReport,1.0000
149,paf,rollInReceivedOrder,1.0000
149,paf,getMeanTimeToDelivery,1.0000
149,paf,getTransactionContext,1.0000
149,paf,queryOrderById,1.0000
149,paf,enterOrderID,1.0000
149,paf,getEnterpriseByID,1.0000
149,paf,getTransaction,1.0000
149,paf,queryStockItem,1.0000
149,ep,Persistence,1.0000
149,ep,DataStore,1.0000
149,ep,Enterprise,1.0000
149,ep,Reporting,1.0000
152,paf,getMeanTimeToDeliveryReport,1.0000
152,paf,rollInReceivedOrder,1.0000
152,paf,getMeanTimeToDelivery,1.0000
152,paf,getTransactionContext,1.0000
152,paf,queryOrderById,1.0000
152,paf,getEnterpriseByID,1.0000
152,paf,getTransaction,1.0000
152,paf,queryStockItem,1.0000
152,ep,Persistence,1.0000
152,ep,DataStore,1.0000
152,ep,Enterprise,1.0000
152,ep,Reporting,1.0000
153,paf,printRunningTotal,1.0000
153,paf,saleStartedEvent,1.0000
153,paf,stopSale,1.0000
153,ep,New-Component_vlssnenejm,1.0000
156,paf,getMeanTimeToDeliveryReport,1.0000
156,paf,getMeanTimeToDelivery,1.0000
156,paf,getTransactionContext,1.0000
156,paf,queryOrderById,1.0000
156,paf,enterOrderID,1.0000
156,paf,getEnterpriseByID,1.0000
156,paf,getTransaction,1.0000
156,paf,queryStockItem,1.0000
156,ep,Persistence,1.0000
156,ep,DataStore,1.0000
156,ep,Enterprise,1.0000
156,ep,Reporting,1.0000
157,paf,getMeanTimeToDeliveryReport,1.0000
157,paf,getTransactionContext,1.0000
157,paf,queryOrderById,1.0000
157,paf,enterOrderID,1.0000
157,paf,getEnterpriseByID,1.0000
157,paf,getTransaction,1.0000
157,paf,queryStockItem,1.0000
157,ep,Persistence,1.0000
157,ep,DataStore,1.0000
157,ep,Enterprise,1.0000
157,ep,Reporting,1.0000
160,paf,getMeanTimeToDeliveryReport,1.0000
160,paf,getTransactionContext,1.0000
160,paf,queryOrderById,1.0000
160,paf,enterOrderID,1.0000
160,paf,getEnterpriseByID,1.0000
160,paf,getTransaction,1.0000
160,paf,queryStockItem,1.0000
160,ep,Persistence,1.0000
160,ep,DataStore,1.0000
160,ep,Enterprise,1.0000
160,ep,Reporting,1.0000
161,paf,createReport,1.0000
161,paf,getMeanTimeToDeliveryReport,1.0000
161,paf,getMeanTimeToDelivery,1.0000
161,paf,getTransactionContext,1.0000
161,paf,queryOrderById,1.0000
161,paf,enterOrderID,1.0000
161,paf,getEnterpriseByID,1.0000
161,paf,getTransaction,1.0000
161,paf,queryStockItem,1.0000
161,ep,Persistence,1.0000
161,ep,DataStore,1.0000
161,ep,Enterprise,1.0000
161,ep,Reporting,1.0000
164,paf,getMeanTimeToDeliveryReport,1.0000
164,paf,rollInReceivedOrder,1.0000
164,paf,getMeanTimeToDelivery,1.0000
164,paf,getTransactionContext,1.0000
164,paf,queryOrderById,1.0000
164,paf,getEnterpriseByID,1.0000
164,paf,getTransaction,1.0000
164,paf,queryStockItem,1.0000
164,ep,Persistence,1.0000
164,ep,DataStore,1.0000
164,ep,Enterprise,1.0000
164,ep,Reporting,1.0000
165,paf,getMeanTimeToDeliveryReport,1.0000
165,paf,getMeanTimeToDelivery,1.0000
165,paf,getTransactionContext,1.0000
165,paf,queryOrderById,1.0000
165,paf,enterOrderID,1.0000
165,paf,getEnterpriseByID,1.0000
165,paf,getTransaction,1.0000
165,paf,queryStockItem,1.0000
165,ep,Persistence,1.0000
165,ep,DataStore,1.0000
165,ep,Enterprise,1.0000
165,ep,Reporting,1.0000
168,paf,createReport,1.0000
168,paf,getMeanTimeToDeliveryReport,1.0000
168,paf,getMeanTimeToDelivery,1.0000
168,paf,getTransactionContext,1.0000
168,paf,queryOrderById,1.0000
168,paf,enterOrderID,1.0000
168,paf,getEnterpriseByID,1.0000
168,paf,startSale,1.0000
168,paf,getTransaction,1.0000
168,paf,queryStockItem,1.0000
168,ep,Persistence,1.0000
168,ep,DataStore,1.0000
168,ep,Enterprise,1.0000
168,ep,Reporting,1.0000
169,paf,createReport,1.0000
169,paf,getMeanTimeToDeliveryReport,1.0000
169,paf,getTransactionContext,1.0000
169,paf,queryOrderById,1.0000
169,paf,enterOrderID,1.0000
169,paf,getEnterpriseByID,1.0000
169,paf,getTransaction,1.0000
169,paf,queryStockItem,1.0000
169,ep,Persistence,1.0000
169,ep,DataStore,1.0000
169,ep,Enterprise,1.0000
169,ep,Reporting,1.0000
172,paf,getMeanTimeToDeliveryReport,1.0000
172,paf,rollInReceivedOrder,1.0000
172,paf,getMeanTimeToDelivery,1.0000
172,paf,queryOrderById,1.0000
172,paf,enterOrderID,1.0000
172,paf,getEnterpriseByID,1.0000
172,paf,queryStockItem,1.0000
172,ep,Persistence,1.0000
172,ep,DataStore,1.0000
172,ep,Enterprise,1.0000
172,ep,Reporting,1.0000
173,paf,getMeanTimeToDeliveryReport,1.0000
173,paf,getTransactionContext,1.0000
173,paf,queryOrderById,1.0000
173,paf,enterOrderID,1.0000
173,paf,getEnterpriseByID,1.0000
173,paf,getTransaction,1.0000
173,paf,queryStockItem,1.0000
173,ep,Persistence,1.0000
173,ep,DataStore,1.0000
173,ep,Enterprise,1.0000
173,ep,Reporting,1.0000
174,paf,getMeanTimeToDeliveryReport,1.0000
174,paf,getMeanTimeToDelivery,1.0000
174,paf,getTransactionContext,1.0000
174,paf,queryOrderById,1.0000
174,paf,enterOrderID,1.0000
174,paf,getEnterpriseByID,1.0000
174,paf,getTransaction,1.0000
174,paf,queryStockItem,1.0000
174,ep,Persistence,1.0000
174,ep,DataStore,1.0000
174,ep,Enterprise,1.0000
174,ep,Reporting,1.0000
175,paf,getMeanTimeToDeliveryReport,1.0000
175,paf,getTransactionContext,1.0000
175,paf,queryOrderById,1.0000
175,paf,enterOrderID,1.0000
175,paf,getEnterpriseByID,1.0000
175,paf,getTransaction,1.0000
175,paf,queryStockItem,1.0000
175,ep,Persistence,1.0000
175,ep,DataStore,1.0000
175,ep,Enterprise,1.0000
175,ep,Reporting,1.0000
178,paf,createReport,1.0000
178,paf,getMeanTimeToDelivery,1.0000
178,paf,getTransactionContext,1.0000
178,paf,queryOrderById,1.0000
178,paf,enterOrderID,1.0000
178,paf,getEnterpriseByID,1.0000
178,paf,getTransaction,1.0000
178,paf,queryStockItem,1.0000
178,ep,Persistence,1.0000
178,ep,DataStore,1.0000
178,ep,Enterprise,1.0000
179,paf,getMeanTimeToDeliveryReport,1.0000
179,paf,rollInReceivedOrder,1.0000
179,paf,getMeanTimeToDelivery,1.0000
179,paf,getTransactionContext,1.0000
179,paf,queryOrderById,1.0000
179,paf,enterOrderID,1.0000
179,paf,getEnterpriseByID,1.0000
179,paf,getTransaction,1.0000
179,paf,queryStockItem,1.0000
179,ep,Persistence,1.0000
179,ep,DataStore,1.0000
179,ep,Enterprise,1.0000
179,ep,Reporting,1.0000
182,paf,getMeanTimeToDeliveryReport,1.0000
182,paf,getTransactionContext,1.0000
182,paf,queryOrderById,1.0000
182,paf,enterOrderID,1.0000
182,paf,getEnterpriseByID,1.0000
182,paf,getTransaction,1.0000
182,paf,queryStockItem,1.0000
182,ep,Persistence,1.0000
182,ep,DataStore,1.0000
182,ep,Enterprise,1.0000
182,ep,Reporting,1.0000
183,paf,printRunningTotal,1.0000
183,paf,saleStartedEvent,1.0000
183,paf,stopSale,1.0000
183,ep,New-Component_vlssnenejm,1.0000
186,paf,getMeanTimeToDeliveryReport,1.0000
186,paf,rollInReceivedOrder,1.0000
186,paf,getMeanTimeToDelivery,1.0000
186,paf,getTransactionContext,1.0000
186,paf,queryOrderById,1.0000
186,paf,enterOrderID,1.0000
186,paf,getEnterpriseByID,1.0000
186,paf,getTransaction,1.0000
186,paf,queryStockItem,1.0000
186,ep,Persistence,1.0000
186,ep,DataStore,1.0000
186,ep,Enterprise,1.0000
186,ep,Reporting,1.0000
187,paf,getMeanTimeToDeliveryReport,1.0000
187,paf,rollInReceivedOrder,1.0000
187,paf,getMeanTimeToDelivery,1.0000
187,paf,queryOrderById,1.0000
187,paf,enterOrderID,1.0000
187,paf,getEnterpriseByID,1.0000
187,paf,queryStockItem,1.0000
187,ep,Persistence,1.0000
187,ep,DataStore,1.0000
187,ep,Enterprise,1.0000
187,ep,Reporting,1.0000
190,paf,getMeanTimeToDeliveryReport,1.0000
190,paf,getTransactionContext,1.0000
190,paf,queryOrderById,1.0000
190,paf,enterOrderID,1.0000
190,paf,getEnterpriseByID,1.0000
190,paf,getTransaction,1.0000
190,paf,queryStockItem,1.0000
190,ep,Persistence,1.0000
190,ep,DataStore,1.0000
190,ep,Enterprise,1.0000
190,ep,Reporting,1.0000
191,paf,createReport,1.0000
191,paf,getMeanTimeToDeliveryReport,1.0000
191,paf,getMeanTimeToDelivery,1.0000
191,paf,getTransactionContext,1.0000
191,paf,queryOrderById,1.0000
191,paf,enterOrderID,1.0000
191,paf,getEnterpriseByID,1.0000
191,paf,getTransaction,1.0000
191,paf,queryStockItem,1.0000
191,ep,Persistence,1.0000
191,ep,DataStore,1.0000
191,ep,Enterprise,1.0000
191,ep,Reporting,1.0000
194,paf,printRunningTotal,1.0000
194,paf,saleStartedEvent,1.0000
194,paf,stopSale,1.0000
194,ep,New-Component_vlssnenejm,1.0000
195,paf,getMeanTimeToDeliveryReport,1.0000
195,paf,rollInReceivedOrder,1.0000
195,paf,getMeanTimeToDelivery,1.0000
195,paf,queryOrderById,1.0000
195,paf,enterOrderID,1.0000
195,paf,getEnterpriseByID,1.0000
195,paf,getTransaction,1.0000
195,ep,Persistence,1.0000
195,ep,DataStore,1.0000
195,ep,Enterprise,1.0000
195,ep,Reporting,1.0000
196,paf,getMeanTimeToDeliveryReport,1.0000
196,paf,getTransactionContext,1.0000
196,paf,queryOrderById,1.0000
196,paf,enterOrderID,1.0000
196,paf,getEnterpriseByID,1.0000
196,paf,getTransaction,1.0000
196,paf,queryStockItem,1.0000
196,ep,Persistence,1.0000
196,ep,DataStore,1.0000
196,ep,Enterprise,1.0000
196,ep,Reporting,1.0000
197,paf,getMeanTimeToDeliveryReport,1.0000
197,paf,getMeanTimeToDelivery,1.0000
197,paf,getTransactionContext,1.0000
197,paf,queryOrderById,1.0000
197,paf,getEnterpriseByID,1.0000
197,paf,getTransaction,1.0000
197,paf,queryStockItem,1.0000
197,ep,Persistence,1.0000
197,ep,DataStore,1.0000
197,ep,Enterprise,1.0000
197,ep,Reporting,1.0000
198,paf,printRunningTotal,1.0000
198,paf,productBarCodeScannedEvent,1.0000
198,paf,saleStartedEvent,1.0000
198,paf,scanProduct,1.0000
198,paf,stopSale,1.0000
199,paf,printRunningTotal,1.0000
199,paf,productBarCodeScannedEvent,1.0000
199,paf,saleStartedEvent,1.0000
199,paf,scanProduct,1.0000
199,paf,stopSale,1.0000
202,paf,getMeanTimeToDeliveryReport,1.0000
202,paf,getTransactionContext,1.0000
202,paf,queryOrderById,1.0000
202,paf,enterOrderID,1.0000
202,paf,getEnterpriseByID,1.0000
202,paf,getTransaction,1.0000
202,paf,queryStockItem,1.0000
202,ep,Persistence,1.0000
202,ep,DataStore,1.0000
202,ep,Enterprise,1.0000
202,ep,Reporting,1.0000
203,paf,createReport,1.0000
203,paf,getMeanTimeToDeliveryReport,1.0000
203,paf,rollInReceivedOrder,1.0000
203,paf,getMeanTimeToDelivery,1.0000
203,paf,getTransactionContext,1.0000
203,paf,pressButton,1.0000
203,paf,enterOrderID,1.0000
203,paf,getEnterpriseByID,1.0000
203,ep,Persistence,0.9790
203,ep,DataStore,0.9790
203,ep,Enterprise,0.9790
203,ep,GUIStore,1.0000
203,ep,GUIReporting,1.0000
203,ep,Reporting,0.9790
206,paf,createReport,1.0000
206,paf,getMeanTimeToDeliveryReport,1.0000
206,paf,getMeanTimeToDelivery,1.0000
206,paf,getTransactionContext,1.0000
206,paf,queryOrderById,1.0000
206,paf,enterOrderID,1.0000
206,paf,getEnterpriseByID,1.0000
206,paf,getTransaction,1.0000
206,paf,queryStockItem,1.0000
206,ep,Persistence,1.0000
206,ep,DataStore,1.0000
206,ep,Enterprise,1.0000
206,ep,Reporting,1.0000
207,paf,getMeanTimeToDeliveryReport,1.0000
207,paf,getTransactionContext,1.0000
207,paf,queryOrderById,1.0000
207,paf,enterOrderID,1.0000
207,paf,getEnterpriseByID,1.0000
207,paf,getTransaction,1.0000
207,paf,queryStockItem,1.0000
207,ep,Persistence,1.0000
207,ep,DataStore,1.0000
207,ep,Enterprise,1.0000
207,ep,Reporting,1.0000
210,paf,createReport,1.0000
210,paf,getMeanTimeToDeliveryReport,1.0000
210,paf,getMeanTimeToDelivery,1.0000
210,paf,getTransactionContext,1.0000
210,paf,queryOrderById,1.0000
210,paf,enterOrderID,1.0000
210,paf,getEnterpriseByID,1.0000
210,paf,getTransaction,1.0000
210,paf,queryStockItem,1.0000
210,ep,Persistence,1.0000
210,ep,DataStore,1.0000
210,ep,Enterprise,1.0000
210,ep,Reporting,1.0000
211,paf,getMeanTimeToDeliveryReport,1.0000
211,paf,getTransactionContext,1.0000
211,paf,queryOrderById,1.0000
211,paf,enterOrderID,1.0000
211,paf,getEnterpriseByID,1.0000
211,paf,getTransaction,1.0000
211,paf,queryStockItem,1.0000
211,ep,Persistence,1.0000
211,ep,DataStore,1.0000
211,ep,Enterprise,1.0000
211,ep,Reporting,1.0000
214,paf,createReport,1.0000
214,paf,getMeanTimeToDeliveryReport,1.0000
214,paf,getMeanTimeToDelivery,1.0000
214,paf,getTransactionContext,1.0000
214,paf,queryOrderById,1.0000
214,paf,enterOrderID,1.0000
214,paf,getEnterpriseByID,1.0000
214,paf,getTransaction,1.0000
214,paf,queryStockItem,1.0000
214,ep,Persistence,1.0000
214,ep,DataStore,1.0000
214,ep,Enterprise,1.0000
214,ep,Reporting,1.0000
215,paf,getMeanTimeToDeliveryReport,1.0000
215,paf,getTransactionContext,1.0000
215,paf,queryOrderById,1.0000
215,paf,enterOrderID,1.0000
215,paf,getEnterpriseByID,1.0000
215,paf,getTransaction,1.0000
215,paf,queryStockItem,1.0000
215,ep,Persistence,1.0000
215,ep,DataStore,1.0000
215,ep,Enterprise,1.0000
215,ep,Reporting,1.0000
216,paf,getMeanTimeToDeliveryReport,1.0000
216,paf,getMeanTimeToDelivery,1.0000
216,paf,getTransactionContext,1.0000
216,paf,queryOrderById,1.0000
216,paf,enterOrderID,1.0000
216,paf,getEnterpriseByID,1.0000
216,paf,getTransaction,1.0000
216,paf,queryStockItem,1.0000
216,ep,Persistence,1.0000
216,ep,DataStore,1.0000
216,ep,Enterprise,1.0000
216,ep,Reporting,1.0000
217,paf,getMeanTimeToDeliveryReport,1.0000
217,paf,getTransactionContext,1.0000
217,paf,queryOrderById,1.0000
217,paf,enterOrderID,1.0000
217,paf,getEnterpriseByID,1.0000
217,paf,getTransaction,1.0000
217,paf,queryStockItem,1.0000
217,ep,Persistence,1.0000
217,ep,DataStore,1.0000
217,ep,Enterprise,1.0000
217,ep,Reporting,1.0000
218,paf,printRunningTotal,1.0000
218,paf,saleStartedEvent,1.0000
218,paf,stopSale,1.0000
218,ep,New-Component_vlssnenejm,1.0000
219,paf,getMeanTimeToDeliveryReport,1.0000
219,paf,getTransactionContext,1.0000
219,paf,queryOrderById,1.0000
219,paf,enterOrderID,1.0000
219,paf,getEnterpriseByID,1.0000
219,paf,getTransaction,1.0000
219,paf,queryStockItem,1.0000
219,ep,Persistence,1.0000
219,ep,DataStore,1.0000
219,ep,Enterprise,1.0000
219,ep,Reporting,1.0000
222,paf,getMeanTimeToDeliveryReport,1.0000
222,paf,rollInReceivedOrder,1.0000
222,paf,getMeanTimeToDelivery,1.0000
222,paf,queryOrderById,1.0000
222,paf,enterOrderID,1.0000
222,paf,getEnterpriseByID,1.0000
222,paf,queryStockItem,1.0000
222,ep,Persistence,1.0000
222,ep,DataStore,1.0000
222,ep,Enterprise,1.0000
222,ep,Reporting,1.0000
223,paf,getMeanTimeToDeliveryReport,1.0000
223,paf,getMeanTimeToDelivery,1.0000
223,paf,getTransactionContext,1.0000
223,paf,queryOrderById,1.0000
223,paf,enterOrderID,1.0000
223,paf,getEnterpriseByID,1.0000
223,paf,getTransaction,1.0000
223,paf,queryStockItem,1.0000
223,ep,Persistence,1.0000
223,ep,DataStore,1.0000
223,ep,Enterprise,1.0000
223,ep,Reporting,1.0000
226,paf,printRunningTotal,1.0000
226,paf,saleStartedEvent,1.0000
226,paf,stopSale,1.0000
226,ep,New-Component_vlssnenejm,1.0000
227,paf,printRunningTotal,1.0000
227,paf,saleStartedEvent,1.0000
227,paf,stopSale,1.0000
227,ep,New-Component_vlssnenejm,1.0000
230,paf,getMeanTimeToDeliveryReport,1.0000
230,paf,rollInReceivedOrder,1.0000
230,paf,getMeanTimeToDelivery,1.0000
230,paf,getTransactionContext,1.0000
230,paf,queryOrderById,1.0000
230,paf,getEnterpriseByID,1.0000
230,paf,getTransaction,1.0000
230,paf,queryStockItem,1.0000
230,ep,Persistence,1.0000
230,ep,DataStore,1.0000
230,ep,Enterprise,1.0000
230,ep,Reporting,1.0000
231,paf,createReport,1.0000
231,paf,getMeanTimeToDeliveryReport,1.0000
231,paf,getMeanTimeToDelivery,1.0000
231,paf,getTransactionContext,1.0000
231,paf,queryOrderById,1.0000
231,paf,enterOrderID,1.0000
231,paf,getEnterpriseByID,1.0000
231,paf,getTransaction,1.0000
231,paf,queryStockItem,1.0000
231,ep,Persistence,1.0000
231,ep,DataStore,1.0000
231,ep,Enterprise,1.0000
231,ep,Reporting,1.0000
234,paf,getMeanTimeToDeliveryReport,1.0000
234,paf,getTransactionContext,1.0000
234,paf,queryOrderById,1.0000
234,paf,enterOrderID,1.0000
234,paf,getEnterpriseByID,1.0000
234,paf,getTransaction,1.0000
234,paf,queryStockItem,1.0000
234,ep,Persistence,1.0000
234,ep,DataStore,1.0000
234,ep,Enterprise,1.0000
234,ep,Reporting,1.0000
235,paf,printRunningTotal,1.0000
235,paf,saleStartedEvent,1.0000
235,paf,stopSale,1.0000
235,ep,New-Component_vlssnenejm,1.0000
236,paf,getMeanTimeToDeliveryReport,1.0000
236,paf,rollInReceivedOrder,1.0000
236,paf,getMeanTimeToDelivery,1.0000
236,paf,getTransactionContext,1.0000
236,paf,queryOrderById,1.0000
236,paf,getEnterpriseByID,1.0000
236,paf,getTransaction,1.0000
236,paf,queryStockItem,1.0000
236,ep,Persistence,1.0000
236,ep,DataStore,1.0000
236,ep,Enterprise,1.0000
236,ep,Reporting,1.0000
237,paf,printRunningTotal,1.0000
237,paf,saleStartedEvent,1.0000
237,paf,stopSale,1.0000
237,ep,New-Component_vlssnenejm,1.0000
240,paf,getMeanTimeToDeliveryReport,1.0000
240,paf,rollInReceivedOrder,1.0000
240,paf,getMeanTimeToDelivery,1.0000
240,paf,getTransactionContext,1.0000
240,paf,queryOrderById,1.0000
240,paf,getEnterpriseByID,1.0000
240,paf,getTransaction,1.0000
240,paf,queryStockItem,1.0000
240,ep,Persistence,1.0000
240,ep,DataStore,1.0000
240,ep,Enterprise,1.0000
240,ep,Reporting,1.0000
241,paf,getMeanTimeToDeliveryReport,1.0000
241,paf,getTransactionContext,1.0000
241,paf,queryOrderById,1.0000
241,paf,enterOrderID,1.0000
241,paf,getEnterpriseByID,1.0000
241,paf,getTransaction,1.0000
241,paf,queryStockItem,1.0000
241,ep,Persistence,1.0000
241,ep,DataStore,1.0000
241,ep,Enterprise,1.0000
241,ep,Reporting,1.0000
244,paf,printRunningTotal,1.0000
244,paf,saleStartedEvent,1.0000
244,paf,stopSale,1.0000
244,ep,New-Component_vlssnenejm,1.0000
245,paf,printRunningTotal,1.0000
245,paf,saleStartedEvent,1.0000
245,paf,stopSale,1.0000
245,ep,New-Component_vlssnenejm,1.0000
248,paf,printRunningTotal,1.0000
248,paf,saleStartedEvent,1.0000
248,paf,stopSale,1.0000
248,ep,New-Component_vlssnenejm,1.0000
249,paf,printRunningTotal,1.0000
249,paf,saleStartedEvent,1.0000
249,paf,stopSale,1.0000
249,ep,New-Component_vlssnenejm,1.0000
252,paf,printRunningTotal,1.0000
252,paf,productBarCodeScannedEvent,1.0000
252,paf,saleStartedEvent,1.0000
252,paf,scanProduct,1.0000
252,paf,stopSale,1.0000
253,paf,createReport,1.0000
253,paf,getMeanTimeToDeliveryReport,1.0000
253,paf,getMeanTimeToDelivery,1.0000
253,paf,getTransactionContext,1.0000
253,paf,queryOrderById,1.0000
253,paf,enterOrderID,1.0000
253,paf,getEnterpriseByID,1.0000
253,paf,getTransaction,1.0000
253,paf,queryStockItem,1.0000
253,ep,Persistence,1.0000
253,ep,DataStore,1.0000
253,ep,Enterprise,1.0000
253,ep,Reporting,1.0000
256,paf,getMeanTimeToDeliveryReport,1.0000
256,paf,getMeanTimeToDelivery,1.0000
256,paf,getTransactionContext,1.0000
256,paf,queryOrderById,1.0000
256,paf,enterOrderID,1.0000
256,paf,getEnterpriseByID,1.0000
256,paf,getTransaction,1.0000
256,paf,queryStockItem,1.0000
256,ep,Persistence,1.0000
256,ep,DataStore,1.0000
256,ep,Enterprise,1.0000
256,ep,Reporting,1.0000
257,paf,getMeanTimeToDeliveryReport,1.0000
257,paf,getMeanTimeToDelivery,1.0000
257,paf,getTransactionContext,1.0000
257,paf,queryOrderById,1.0000
257,paf,enterOrderID,1.0000
257,paf,getEnterpriseByID,1.0000
257,paf,getTransaction,1.0000
257,paf,queryStockItem,1.0000
257,ep,Persistence,1.0000
257,ep,DataStore,1.0000
257,ep,Enterprise,1.0000
257,ep,Reporting,1.0000
260,paf,getMeanTimeToDeliveryReport,1.0000
260,paf,rollInReceivedOrder,1.0000
260,paf,getMeanTimeToDelivery,1.0000
260,paf,getTransactionContext,1.0000
260,paf,queryOrderById,1.0000
260,paf,getEnterpriseByID,1.0000
260,paf,getTransaction,1.0000
260,paf,queryStockItem,1.0000
260,ep,Persistence,1.0000
260,ep,DataStore,1.0000
260,ep,Enterprise,1.0000
260,ep,Reporting,1.0000
261,paf,getMeanTimeToDeliveryReport,1.0000
261,paf,getMeanTimeToDelivery,1.0000
261,paf,getTransactionContext,1.0000
261,paf,queryOrderById,1.0000
261,paf,enterOrderID,1.0000
261,paf,getEnterpriseByID,1.0000
261,paf,getTransaction,1.0000
261,paf,queryStockItem,1.0000
261,ep,Persistence,1.0000
261,ep,DataStore,1.0000
261,ep,Enterprise,1.0000
261,ep,Reporting,1.0000
264,paf,getMeanTimeToDeliveryReport,1.0000
264,paf,rollInReceivedOrder,1.0000
264,paf,getMeanTimeToDelivery,1.0000
264,paf,getTransactionContext,1.0000
264,paf,queryOrderById,1.0000
264,paf,getEnterpriseByID,1.0000
264,paf,getTransaction,1.0000
264,paf,queryStockItem,1.0000
264,ep,Persistence,1.0000
264,ep,DataStore,1.0000
264,ep,Enterprise,1.0000
264,ep,Reporting,1.0000
265,paf,getMeanTimeToDeliveryReport,1.0000
265,paf,rollInReceivedOrder,1.0000
265,paf,getMeanTimeToDelivery,1.0000
265,paf,queryOrderById,1.0000
265,paf,enterOrderID,1.0000
265,paf,getEnterpriseByID,1.0000
265,paf,queryStockItem,1.0000
265,ep,Persistence,1.0000
265,ep,DataStore,1.0000
265,ep,Enterprise,1.0000
265,ep,Reporting,1.0000
268,paf,getMeanTimeToDeliveryReport,1.0000
268,paf,getTransactionContext,1.0000
268,paf,queryOrderById,1.0000
268,paf,enterOrderID,1.0000
268,paf,getEnterpriseByID,1.0000
268,paf,getTransaction,1.0000
268,paf,queryStockItem,1.0000
268,ep,Persistence,1.0000
268,ep,DataStore,1.0000
268,ep,Enterprise,1.0000
268,ep,Reporting,1.0000
269,paf,printRunningTotal,1.0000
269,paf,productBarCodeScannedEvent,1.0000
269,paf,saleStartedEvent,1.0000
269,paf,scanProduct,1.0000
269,paf,stopSale,1.0000
272,paf,getMeanTimeToDeliveryReport,1.0000
272,paf,getMeanTimeToDelivery,1.0000
272,paf,getTransactionContext,1.0000
272,paf,queryOrderById,1.0000
272,paf,enterOrderID,1.0000
272,paf,getEnterpriseByID,1.0000
272,paf,getTransaction,1.0000
272,paf,queryStockItem,1.0000
272,ep,Persistence,1.0000
272,ep,DataStore,1.0000
272,ep,Enterprise,1.0000
272,ep,Reporting,1.0000
273,paf,getMeanTimeToDeliveryReport,1.0000
273,paf,rollInReceivedOrder,1.0000
273,paf,getMeanTimeToDelivery,1.0000
273,paf,getTransactionContext,1.0000
273,paf,queryOrderById,1.0000
273,paf,enterOrderID,1.0000
273,paf,getEnterpriseByID,1.0000
273,paf,getTransaction,1.0000
273,paf,queryStockItem,1.0000
273,ep,Persistence,1.0000
273,ep,DataStore,1.0000
273,ep,Enterprise,1.0000
273,ep,Reporting,1.0000
276,paf,getMeanTimeToDeliveryReport,1.0000
276,paf,getTransactionContext,1.0000
276,paf,queryOrderById,1.0000
276,paf,enterOrderID,1.0000
276,paf,getEnterpriseByID,1.0000
276,paf,getTransaction,1.0000
276,paf,queryStockItem,1.0000
276,ep,Persistence,1.0000
276,ep,DataStore,1.0000
276,ep,Enterprise,1.0000
276,ep,Reporting,1.0000
277,paf,getMeanTimeToDeliveryReport,1.0000
277,paf,getMeanTimeToDelivery,1.0000
277,paf,getTransactionContext,1.0000
277,paf,queryOrderById,1.0000
277,paf,getEnterpriseByID,1.0000
277,paf,getTransaction,1.0000
277,paf,queryStockItem,1.0000
277,ep,Persistence,1.0000
277,ep,DataStore,1.0000
277,ep,Enterprise,1.0000
277,ep,Reporting,1.0000
280,paf,getMeanTimeToDeliveryReport,1.0000
280,paf,getMeanTimeToDelivery,1.0000
280,paf,getTransactionContext,1.0000
280,paf,queryOrderById,1.0000
280,paf,enterOrderID,1.0000
280,paf,getEnterpriseByID,1.0000
280,paf,getTransaction,1.0000
280,paf,queryStockItem,1.0000
280,ep,Persistence,1.0000
280,ep,DataStore,1.0000
280,ep,Enterprise,1.0000
280,ep,Reporting,1.0000
281,paf,getMeanTimeToDeliveryReport,1.0000
281,paf,getTransactionContext,1.0000
281,paf,queryOrderById,1.0000
281,paf,enterOrderID,1.0000
281,paf,getEnterpriseByID,1.0000
281,paf,getTransaction,1.0000
281,paf,queryStockItem,1.0000
281,ep,Persistence,1.0000
281,ep,DataStore,1.0000
281,ep,Enterprise,1.0000
281,ep,Reporting,1.0000
282,paf,getMeanTimeToDeliveryReport,1.0000
282,paf,getTransactionContext,1.0000
282,paf,queryOrderById,1.0000
282,paf,enterOrderID,1.0000
282,paf,getEnterpriseByID,1.0000
282,paf,getTransaction,1.0000
282,paf,queryStockItem,1.0000
282,ep,Persistence,1.0000
282,ep,DataStore,1.0000
282,ep,Enterprise,1.0000
282,ep,Reporting,1.0000
283,paf,getMeanTimeToDeliveryReport,1.0000
283,paf,rollInReceivedOrder,1.0000
283,paf,getMeanTimeToDelivery,1.0000
283,paf,queryOrderById,1.0000
283,paf,enterOrderID,1.0000
283,paf,getEnterpriseByID,1.0000
283,paf,queryStockItem,1.0000
283,ep,Persistence,1.0000
283,ep,DataStore,1.0000
283,ep,Enterprise,1.0000
283,ep,Reporting,1.0000
286,paf,printRunningTotal,1.0000
286,paf,productBarCodeScannedEvent,1.0000
286,paf,saleStartedEvent,1.0000
286,paf,scanProduct,1.0000
286,paf,stopSale,1.0000
287,paf,getMeanTimeToDeliveryReport,1.0000
287,paf,getTransactionContext,1.0000
287,paf,queryOrderById,1.0000
287,paf,enterOrderID,1.0000
287,paf,getEnterpriseByID,1.0000
287,paf,getTransaction,1.0000
287,paf,queryStockItem,1.0000
287,ep,Persistence,1.0000
287,ep,DataStore,1.0000
287,ep,Enterprise,1.0000
287,ep,Reporting,1.0000
290,paf,getMeanTimeToDeliveryReport,1.0000
290,paf,rollInReceivedOrder,1.0000
290,paf,getMeanTimeToDelivery,1.0000
290,paf,getTransactionContext,1.0000
290,paf,queryOrderById,1.0000
290,paf,getEnterpriseByID,1.0000
290,paf,getTransaction,1.0000
290,paf,queryStockItem,1.0000
290,ep,Persistence,1.0000
290,ep,DataStore,1.0000
290,ep,Enterprise,1.0000
290,ep,Reporting,1.0000
291,paf,printRunningTotal,1.0000
291,paf,saleStartedEvent,1.0000
291,paf,stopSale,1.0000
291,ep,New-Component_vlssnenejm,1.0000
294,paf,createReport,1.0000
294,paf,getMeanTimeToDeliveryReport,1.0000
294,paf,getTransactionContext,1.0000
294,paf,queryOrderById,1.0000
294,paf,enterOrderID,1.0000
294,paf,getEnterpriseByID,1.0000
294,paf,getTransaction,1.0000
294,paf,queryStockItem,1.0000
294,ep,Persistence,1.0000
294,ep,DataStore,1.0000
294,ep,Enterprise,1.0000
294,ep,Reporting,1.0000
295,paf,printRunningTotal,1.0000
295,paf,saleStartedEvent,1.0000
295,paf,stopSale,1.0000
295,ep,New-Component_vlssnenejm,1.0000
298,paf,getMeanTimeToDeliveryReport,1.0000
298,paf,rollInReceivedOrder,1.0000
298,paf,getMeanTimeToDelivery,1.0000
298,paf,queryOrderById,1.0000
298,paf,enterOrderID,1.0000
298,paf,getEnterpriseByID,1.0000
298,paf,queryStockItem,1.0000
298,ep,Persistence,1.0000
298,ep,DataStore,1.0000
298,ep,Enterprise,1.0000
298,ep,Reporting,1.0000
299,paf,getMeanTimeToDeliveryReport,1.0000
299,paf,rollInReceivedOrder,1.0000
299,paf,getMeanTimeToDelivery,1.0000
299,paf,queryOrderById,1.0000
299,paf,enterOrderID,1.0000
299,paf,getEnterpriseByID,1.0000
299,paf,queryStockItem,1.0000
299,ep,Persistence,1.0000
299,ep,DataStore,1.0000
299,ep,Enterprise,1.0000
299,ep,Reporting,1.0000
302,paf,getMeanTimeToDeliveryReport,1.0000
302,paf,rollInReceivedOrder,1.0000
302,paf,getMeanTimeToDelivery,1.0000
302,paf,getTransactionContext,1.0000
302,paf,queryOrderById,1.0000
302,paf,getEnterpriseByID,1.0000
302,paf,getTransaction,1.0000
302,paf,queryStockItem,1.0000
302,ep,Persistence,1.0000
302,ep,DataStore,1.0000
302,ep,Enterprise,1.0000
302,ep,Reporting,1.0000
303,paf,printRunningTotal,1.0000
303,paf,productBarCodeScannedEvent,1.0000
303,paf,saleStartedEvent,1.0000
303,paf,scanProduct,1.0000
303,paf,stopSale,1.0000
306,paf,createReport,1.0000
306,paf,getMeanTimeToDeliveryReport,1.0000
306,paf,getMeanTimeToDelivery,1.0000
306,paf,getTransactionContext,1.0000
306,paf,queryOrderById,1.0000
306,paf,enterOrderID,1.0000
306,paf,getEnterpriseByID,1.0000
306,paf,getTransaction,1.0000
306,paf,queryStockItem,1.0000
306,ep,Persistence,1.0000
306,ep,DataStore,1.0000
306,ep,Enterprise,1.0000
306,ep,Reporting,1.0000
307,paf,createReport,1.0000
307,paf,getMeanTimeToDeliveryReport,1.0000
307,paf,rollInReceivedOrder,1.0000
307,paf,getMeanTimeToDelivery,1.0000
307,paf,getTransactionContext,1.0000
307,paf,queryOrderById,1.0000
307,paf,enterOrderID,1.0000
307,paf,getEnterpriseByID,1.0000
307,paf,getTransaction,1.0000
307,paf,queryStockItem,1.0000
307,ep,Persistence,1.0000
307,ep,DataStore,1.0000
307,ep,Enterprise,1.0000
307,ep,Reporting,1.0000
310,paf,getMeanTimeToDeliveryReport,1.0000
310,paf,rollInReceivedOrder,1.0000
310,paf,getMeanTimeToDelivery,1.0000
310,paf,getTransactionContext,1.0000
310,paf,queryOrderById,1.0000
310,paf,getEnterpriseByID,1.0000
310,paf,getTransaction,1.0000
310,paf,queryStockItem,1.0000
310,ep,Persistence,1.0000
310,ep,DataStore,1.0000
310,ep,Enterprise,1.0000
310,ep,Reporting,1.0000
311,paf,createReport,1.0000
311,paf,getMeanTimeToDeliveryReport,1.0000
311,paf,rollInReceivedOrder,1.0000
311,paf,getMeanTimeToDelivery,1.0000
311,paf,getTransactionContext,1.0000
311,paf,queryOrderById,1.0000
311,paf,enterOrderID,1.0000
311,paf,getEnterpriseByID,1.0000
311,paf,getTransaction,1.0000
311,paf,queryStockItem,1.0000
311,ep,Persistence,1.0000
311,ep,DataStore,1.0000
311,ep,Enterprise,1.0000
311,ep,Reporting,1.0000
314,paf,getMeanTimeToDeliveryReport,1.0000
314,paf,rollInReceivedOrder,1.0000
314,paf,getMeanTimeToDelivery,1.0000
314,paf,getTransactionContext,1.0000
314,paf,queryOrderById,1.0000
314,paf,getEnterpriseByID,1.0000
314,paf,getTransaction,1.0000
314,paf,queryStockItem,1.0000
314,ep,Persistence,1.0000
314,ep,DataStore,1.0000
314,ep,Enterprise,1.0000
314,ep,Reporting,1.0000
315,paf,getMeanTimeToDeliveryReport,1.0000
315,paf,rollInReceivedOrder,1.0000
315,paf,getMeanTimeToDelivery,1.0000
315,paf,getTransactionContext,1.0000
315,paf,queryOrderById,1.0000
315,paf,getEnterpriseByID,1.0000
315,paf,getTransaction,1.0000
315,paf,queryStockItem,1.0000
315,ep,Persistence,1.0000
315,ep,DataStore,1.0000
315,ep,Enterprise,1.0000
315,ep,Reporting,1.0000
316,paf,getMeanTimeToDeliveryReport,1.0000
316,paf,rollInReceivedOrder,1.0000
316,paf,getMeanTimeToDelivery,1.0000
316,paf,getTransactionContext,1.0000
316,paf,queryOrderById,1.0000
316,paf,getEnterpriseByID,1.0000
316,paf,getTransaction,1.0000
316,paf,queryStockItem,1.0000
316,ep,Persistence,1.0000
316,ep,DataStore,1.0000
316,ep,Enterprise,1.0000
316,ep,Reporting,1.0000
317,paf,printRunningTotal,1.0000
317,paf,saleStartedEvent,1.0000
317,paf,stopSale,1.0000
317,ep,New-Component_vlssnenejm,1.0000
320,paf,getMeanTimeToDeliveryReport,1.0000
320,paf,rollInReceivedOrder,1.0000
320,paf,getMeanTimeToDelivery,1.0000
320,paf,getTransactionContext,1.0000
320,paf,queryOrderById,1.0000
320,paf,getEnterpriseByID,1.0000
320,paf,getTransaction,1.0000
320,paf,queryStockItem,1.0000
320,ep,Persistence,1.0000
320,ep,DataStore,1.0000
320,ep,Enterprise,1.0000
320,ep,Reporting,1.0000
321,paf,getMeanTimeToDeliveryReport,1.0000
321,paf,getMeanTimeToDelivery,1.0000
321,paf,getTransactionContext,1.0000
321,paf,queryOrderById,1.0000
321,paf,enterOrderID,1.0000
321,paf,getEnterpriseByID,1.0000
321,paf,getTransaction,1.0000
321,paf,queryStockItem,1.0000
321,ep,Persistence,1.0000
321,ep,DataStore,1.0000
321,ep,Enterprise,1.0000
321,ep,Reporting,1.0000
324,paf,getMeanTimeToDeliveryReport,1.0000
324,paf,rollInReceivedOrder,1.0000
324,paf,getMeanTimeToDelivery,1.0000
324,paf,getTransactionContext,1.0000
324,paf,queryOrderById,1.0000
324,paf,enterOrderID,1.0000
324,paf,getEnterpriseByID,1.0000
324,paf,getTransaction,1.0000
324,paf,queryStockItem,1.0000
324,ep,Persistence,1.0000
324,ep,DataStore,1.0000
324,ep,Enterprise,1.0000
324,ep,Reporting,1.0000
325,paf,getMeanTimeToDeliveryReport,1.0000
325,paf,getMeanTimeToDelivery,1.0000
325,paf,getTransactionContext,1.0000
325,paf,queryOrderById,1.0000
325,paf,enterOrderID,1.0000
325,paf,getEnterpriseByID,1.0000
325,paf,getTransaction,1.0000
325,paf,queryStockItem,1.0000
325,ep,Persistence,1.0000
325,ep,DataStore,1.0000
325,ep,Enterprise,1.0000
325,ep,Reporting,1.0000
328,paf,getMeanTimeToDeliveryReport,1.0000
328,paf,getTransactionContext,1.0000
328,paf,queryOrderById,1.0000
328,paf,enterOrderID,1.0000
328,paf,getEnterpriseByID,1.0000
328,paf,getTransaction,1.0000
328,paf,queryStockItem,1.0000
328,ep,Persistence,1.0000
328,ep,DataStore,1.0000
328,ep,Enterprise,1.0000
328,ep,Reporting,1.0000
329,paf,getMeanTimeToDeliveryReport,1.0000
329,paf,rollInReceivedOrder,1.0000
329,paf,getMeanTimeToDelivery,1.0000
329,paf,queryOrderById,1.0000
329,paf,enterOrderID,1.0000
329,paf,getEnterpriseByID,1.0000
329,paf,queryStockItem,1.0000
329,ep,Persistence,1.0000
329,ep,DataStore,1.0000
329,ep,Enterprise,1.0000
329,ep,Reporting,1.0000
334,paf,getMeanTimeToDeliveryReport,1.0000
334,paf,getMeanTimeToDelivery,1.0000
334,paf,getTransactionContext,1.0000
334,paf,queryOrderById,1.0000
334,paf,getEnterpriseByID,1.0000
334,paf,getTransaction,1.0000
334,paf,queryStockItem,1.0000
334,ep,Persistence,1.0000
334,ep,DataStore,1.0000
334,ep,Enterprise,1.0000
334,ep,Reporting,1.0000
335,paf,getMeanTimeToDeliveryReport,1.0000
335,paf,getMeanTimeToDelivery,1.0000
335,paf,getTransactionContext,1.0000
335,paf,queryOrderById,1.0000
335,paf,enterOrderID,1.0000
335,paf,getEnterpriseByID,1.0000
335,paf,getTransaction,1.0000
335,paf,queryStockItem,1.0000
335,ep,Persistence,1.0000
335,ep,DataStore,1.0000
335,ep,Enterprise,1.0000
335,ep,Reporting,1.0000
336,paf,getMeanTimeToDeliveryReport,1.0000
336,paf,rollInReceivedOrder,1.0000
336,paf,getMeanTimeToDelivery,1.0000
336,paf,getTransactionContext,1.0000
336,paf,queryOrderById,1.0000
336,paf,enterOrderID,1.0000
336,paf,getEnterpriseByID,1.0000
336,paf,getTransaction,1.0000
336,ep,Persistence,1.0000
336,ep,DataStore,1.0000
336,ep,Enterprise,1.0000
336,ep,Reporting,1.0000
337,paf,getMeanTimeToDeliveryReport,1.0000
337,paf,rollInReceivedOrder,1.0000
337,paf,getMeanTimeToDelivery,1.0000
337,paf,queryOrderById,1.0000
337,paf,enterOrderID,1.0000
337,paf,getEnterpriseByID,1.0000
337,paf,getTransaction,1.0000
337,paf,queryStockItem,1.0000
337,ep,Persistence,1.0000
337,ep,DataStore,1.0000
337,ep,Enterprise,1.0000
337,ep,Reporting,1.0000
340,paf,getMeanTimeToDeliveryReport,1.0000
340,paf,getMeanTimeToDelivery,1.0000
340,paf,getTransactionContext,1.0000
340,paf,queryOrderById,1.0000
340,paf,getEnterpriseByID,1.0000
340,paf,getTransaction,1.0000
340,paf,queryStockItem,1.0000
340,ep,Persistence,1.0000
340,ep,DataStore,1.0000
340,ep,Enterprise,1.0000
340,ep,Reporting,1.0000
341,paf,getMeanTimeToDeliveryReport,1.0000
341,paf,rollInReceivedOrder,1.0000
341,paf,getMeanTimeToDelivery,1.0000
341,paf,queryOrderById,1.0000
341,paf,enterOrderID,1.0000
341,paf,getEnterpriseByID,1.0000
341,paf,queryStockItem,1.0000
341,ep,Persistence,1.0000
341,ep,DataStore,1.0000
341,ep,Enterprise,1.0000
341,ep,Reporting,1.0000
344,paf,getMeanTimeToDeliveryReport,1.0000
344,paf,getMeanTimeToDelivery,1.0000
344,paf,getTransactionContext,1.0000
344,paf,queryOrderById,1.0000
344,paf,getProductWithStockItem,1.0000
344,paf,enterOrderID,1.0000
344,paf,getEnterpriseByID,1.0000
344,paf,getTransaction,1.0000
344,paf,queryStockItem,1.0000
344,ep,Persistence,1.0000
344,ep,DataStore,1.0000
344,ep,Enterprise,1.0000
344,ep,Reporting,1.0000
345,paf,getMeanTimeToDeliveryReport,1.0000
345,paf,getTransactionContext,1.0000
345,paf,queryOrderById,1.0000
345,paf,enterOrderID,1.0000
345,paf,getEnterpriseByID,1.0000
345,paf,getTransaction,1.0000
345,paf,queryStockItem,1.0000
345,ep,Persistence,1.0000
345,ep,DataStore,1.0000
345,ep,Enterprise,1.0000
345,ep,Reporting,1.0000
348,paf,getMeanTimeToDeliveryReport,1.0000
348,paf,rollInReceivedOrder,1.0000
348,paf,getMeanTimeToDelivery,1.0000
348,paf,queryOrderById,1.0000
348,paf,enterOrderID,1.0000
348,paf,getEnterpriseByID,1.0000
348,paf,queryStockItem,1.0000
348,ep,Persistence,1.0000
348,ep,DataStore,1.0000
348,ep,Enterprise,1.0000
348,ep,Reporting,1.0000
349,paf,getMeanTimeToDeliveryReport,1.0000
349,paf,rollInReceivedOrder,1.0000
349,paf,getMeanTimeToDelivery,1.0000
349,paf,getTransactionContext,1.0000
349,paf,queryOrderById,1.0000
349,paf,getEnterpriseByID,1.0000
349,paf,getTransaction,1.0000
349,paf,queryStockItem,1.0000
349,ep,Persistence,1.0000
349,ep,DataStore,1.0000
349,ep,Enterprise,1.0000
349,ep,Reporting,1.0000
352,paf,printRunningTotal,1.0000
352,paf,saleStartedEvent,1.0000
352,paf,stopSale,1.0000
352,ep,New-Component_vlssnenejm,1.0000
353,paf,getMeanTimeToDeliveryReport,1.0000
353,paf,rollInReceivedOrder,1.0000
353,paf,getMeanTimeToDelivery,1.0000
353,paf,getTransactionContext,1.0000
353,paf,queryOrderById,1.0000
353,paf,enterOrderID,1.0000
353,paf,getEnterpriseByID,1.0000
353,paf,getTransaction,1.0000
353,paf,queryStockItem,1.0000
353,ep,Persistence,1.0000
353,ep,DataStore,1.0000
353,ep,Enterprise,1.0000
353,ep,Reporting,1.0000
354,paf,getMeanTimeToDeliveryReport,1.0000
354,paf,rollInReceivedOrder,1.0000
354,paf,getMeanTimeToDelivery,1.0000
354,paf,getTransactionContext,1.0000
354,paf,queryOrderById,1.0000
354,paf,getEnterpriseByID,1.0000
354,paf,getTransaction,1.0000
354,paf,queryStockItem,1.0000
354,ep,Persistence,1.0000
354,ep,DataStore,1.0000
354,ep,Enterprise,1.0000
354,ep,Reporting,1.0000
355,paf,printRunningTotal,1.0000
355,paf,saleStartedEvent,1.0000
355,paf,stopSale,1.0000
355,ep,New-Component_vlssnenejm,1.0000
358,paf,getMeanTimeToDeliveryReport,1.0000
358,paf,getTransactionContext,1.0000
358,paf,queryOrderById,1.0000
358,paf,enterOrderID,1.0000
358,paf,getEnterpriseByID,1.0000
358,paf,getTransaction,1.0000
358,paf,queryStockItem,1.0000
358,ep,Persistence,1.0000
358,ep,DataStore,1.0000
358,ep,Enterprise,1.0000
358,ep,Reporting,1.0000
359,paf,getMeanTimeToDeliveryReport,1.0000
359,paf,rollInReceivedOrder,1.0000
359,paf,getMeanTimeToDelivery,1.0000
359,paf,getTransactionContext,1.0000
359,paf,queryOrderById,1.0000
359,paf,getEnterpriseByID,1.0000
359,paf,getTransaction,1.0000
359,paf,queryStockItem,1.0000
359,ep,Persistence,1.0000
359,ep,DataStore,1.0000
359,ep,Enterprise,1.0000
359,ep,Reporting,1.0000
362,paf,getMeanTimeToDeliveryReport,1.0000
362,paf,getTransactionContext,1.0000
362,paf,queryOrderById,1.0000
362,paf,enterOrderID,1.0000
362,paf,getEnterpriseByID,1.0000
362,paf,getTransaction,1.0000
362,paf,queryStockItem,1.0000
362,ep,Persistence,1.0000
362,ep,DataStore,1.0000
362,ep,Enterprise,1.0000
362,ep,Reporting,1.0000
363,paf,getMeanTimeToDeliveryReport,1.0000
363,paf,rollInReceivedOrder,1.0000
363,paf,getMeanTimeToDelivery,1.0000
363,paf,getTransactionContext,1.0000
363,paf,queryOrderById,1.0000
363,paf,getEnterpriseByID,1.0000
363,paf,getTransaction,1.0000
363,paf,queryStockItem,1.0000
363,ep,Persistence,1.0000
363,ep,DataStore,1.0000
363,ep,Enterprise,1.0000
363,ep,Reporting,1.0000
366,paf,printRunningTotal,1.0000
366,paf,saleStartedEvent,1.0000
366,paf,stopSale,1.0000
366,ep,New-Component_vlssnenejm,1.0000
367,paf,getMeanTimeToDeliveryReport,1.0000
367,paf,getTransactionContext,1.0000
367,paf,queryOrderById,1.0000
367,paf,enterOrderID,1.0000
367,paf,getEnterpriseByID,1.0000
367,paf,getTransaction,1.0000
367,paf,queryStockItem,1.0000
367,ep,Persistence,1.0000
367,ep,DataStore,1.0000
367,ep,Enterprise,1.0000
367,ep,Reporting,1.0000
370,paf,printRunningTotal,1.0000
370,paf,saleStartedEvent,1.0000
370,paf,stopSale,1.0000
370,ep,New-Component_vlssnenejm,1.0000
371,paf,getMeanTimeToDeliveryReport,1.0000
371,paf,rollInReceivedOrder,1.0000
371,paf,getMeanTimeToDelivery,1.0000
371,paf,getTransactionContext,1.0000
371,paf,queryOrderById,1.0000
371,paf,getEnterpriseByID,1.0000
371,paf,getTransaction,1.0000
371,paf,queryStockItem,1.0000
371,ep,Persistence,1.0000
371,ep,DataStore,1.0000
371,ep,Enterprise,1.0000
371,ep,Reporting,1.0000
374,paf,printRunningTotal,1.0000
374,paf,saleStartedEvent,1.0000
374,paf,stopSale,1.0000
374,ep,New-Component_vlssnenejm,1.0000
375,paf,printRunningTotal,1.0000
375,paf,saleStartedEvent,1.0000
375,paf,stopSale,1.0000
375,ep,New-Component_vlssnenejm,1.0000
376,paf,getMeanTimeToDeliveryReport,1.0000
376,paf,rollInReceivedOrder,1.0000
376,paf,getMeanTimeToDelivery,1.0000
376,paf,getTransactionContext,1.0000
376,paf,queryOrderById,1.0000
376,paf,getEnterpriseByID,1.0000
376,paf,getTransaction,1.0000
376,paf,queryStockItem,1.0000
376,ep,Persistence,1.0000
376,ep,DataStore,1.0000
376,ep,Enterprise,1.0000
376,ep,Reporting,1.0000
377,paf,createReport,1.0000
377,paf,getMeanTimeToDeliveryReport,1.0000
377,paf,getMeanTimeToDelivery,1.0000
377,paf,getTransactionContext,1.0000
377,paf,queryOrderById,1.0000
377,paf,enterOrderID,1.0000
377,paf,getEnterpriseByID,1.0000
377,paf,getTransaction,1.0000
377,paf,queryStockItem,1.0000
377,ep,Persistence,1.0000
377,ep,DataStore,1.0000
377,ep,Enterprise,1.0000
377,ep,Reporting,1.0000
380,paf,getMeanTimeToDeliveryReport,1.0000
380,paf,getMeanTimeToDelivery,1.0000
380,paf,getTransactionContext,1.0000
380,paf,queryOrderById,1.0000
380,paf,enterOrderID,1.0000
380,paf,getEnterpriseByID,1.0000
380,paf,getTransaction,1.0000
380,paf,queryStockItem,1.0000
380,ep,Persistence,1.0000
380,ep,DataStore,1.0000
380,ep,Enterprise,1.0000
380,ep,Reporting,1.0000
381,paf,printRunningTotal,1.0000
381,paf,saleStartedEvent,1.0000
381,paf,stopSale,1.0000
381,ep,New-Component_vlssnenejm,1.0000
384,paf,getMeanTimeToDeliveryReport,1.0000
384,paf,rollInReceivedOrder,1.0000
384,paf,getMeanTimeToDelivery,1.0000
384,paf,getTransactionContext,1.0000
384,paf,queryOrderById,1.0000
384,paf,getEnterpriseByID,1.0000
384,paf,getTransaction,1.0000
384,paf,queryStockItem,1.0000
384,ep,Persistence,1.0000
384,ep,DataStore,1.0000
384,ep,Enterprise,1.0000
384,ep,Reporting,1.0000
385,paf,printRunningTotal,1.0000
385,paf,saleStartedEvent,1.0000
385,paf,stopSale,1.0000
385,ep,New-Component_vlssnenejm,1.0000
388,paf,createReport,1.0000
388,paf,getMeanTimeToDeliveryReport,1.0000
388,paf,getMeanTimeToDelivery,1.0000
388,paf,getTransactionContext,1.0000
388,paf,queryOrderById,1.0000
388,paf,enterOrderID,1.0000
388,paf,getEnterpriseByID,1.0000
388,paf,getTransaction,1.0000
388,paf,queryStockItem,1.0000
388,ep,Persistence,1.0000
388,ep,DataStore,1.0000
388,ep,Enterprise,1.0000
388,ep,Reporting,1.0000
389,paf,getMeanTimeToDeliveryReport,1.0000
389,paf,rollInReceivedOrder,1.0000
389,paf,getMeanTimeToDelivery,1.0000
389,paf,getTransactionContext,1.0000
389,paf,queryOrderById,1.0000
389,paf,getEnterpriseByID,1.0000
389,paf,getTransaction,1.0000
389,paf,queryStockItem,1.0000
389,ep,Persistence,1.0000
389,ep,DataStore,1.0000
389,ep,Enterprise,1.0000
389,ep,Reporting,1.0000
392,paf,printRunningTotal,1.0000
392,paf,saleStartedEvent,1.0000
392,paf,stopSale,1.0000
392,ep,New-Component_vlssnenejm,1.0000
393,paf,printRunningTotal,1.0000
393,paf,saleStartedEvent,1.0000
393,paf,stopSale,1.0000
393,ep,New-Component_vlssnenejm,1.0000
396,paf,getMeanTimeToDeliveryReport,1.0000
396,paf,rollInReceivedOrder,1.0000
396,paf,getMeanTimeToDelivery,1.0000
396,paf,queryOrderById,1.0000
396,paf,enterOrderID,1.0000
396,paf,getEnterpriseByID,1.0000
396,paf,queryStockItem,1.0000
396,ep,Persistence,1.0000
396,ep,DataStore,1.0000
396,ep,Enterprise,1.0000
396,ep,Reporting,1.0000
397,paf,createReport,1.0000
397,paf,getMeanTimeToDeliveryReport,1.0000
397,paf,rollInReceivedOrder,1.0000
397,paf,getMeanTimeToDelivery,1.0000
397,paf,queryOrderById,1.0000
397,paf,getTransactionContext,1.0000
397,paf,enterOrderID,1.0000
397,paf,getEnterpriseByID,1.0000
397,paf,getTransaction,1.0000
397,paf,queryStockItem,1.0000
397,ep,Persistence,1.0000
397,ep,DataStore,1.0000
397,ep,Enterprise,1.0000
397,ep,Reporting,1.0000
398,paf,getMeanTimeToDeliveryReport,1.0000
398,paf,getMeanTimeToDelivery,1.0000
398,paf,queryOrderById,1.0000
398,paf,enterOrderID,0.9831
398,paf,getEnterpriseByID,1.0000
398,paf,getTransaction,1.0000
398,paf,queryStockItem,1.0000
398,ep,Persistence,1.0000
398,ep,DataStore,1.0000
398,ep,Enterprise,1.0000
398,ep,Reporting,1.0000
399,paf,printRunningTotal,1.0000
399,paf,saleStartedEvent,1.0000
399,paf,stopSale,1.0000
399,ep,New-Component_vlssnenejm,1.0000
402,paf,printRunningTotal,1.0000
402,paf,saleStartedEvent,1.0000
402,paf,stopSale,1.0000
402,ep,New-Component_vlssnenejm,1.0000
403,paf,printRunningTotal,1.0000
403,paf,saleStartedEvent,1.0000
403,paf,stopSale,1.0000
403,ep,New-Component_vlssnenejm,1.0000
406,paf,getMeanTimeToDeliveryReport,1.0000
406,paf,rollInReceivedOrder,1.0000
406,paf,getMeanTimeToDelivery,1.0000
406,paf,getTransactionContext,1.0000
406,paf,queryOrderById,1.0000
406,paf,getEnterpriseByID,1.0000
406,paf,getTransaction,1.0000
406,paf,queryStockItem,1.0000
406,ep,Persistence,1.0000
406,ep,DataStore,1.0000
406,ep,Enterprise,1.0000
406,ep,Reporting,1.0000
407,paf,getMeanTimeToDeliveryReport,1.0000
407,paf,rollInReceivedOrder,1.0000
407,paf,getMeanTimeToDelivery,1.0000
407,paf,queryOrderById,1.0000
407,paf,enterOrderID,1.0000
407,paf,getEnterpriseByID,1.0000
407,paf,queryStockItem,1.0000
407,ep,Persistence,1.0000
407,ep,DataStore,1.0000
407,ep,Enterprise,1.0000
407,ep,Reporting,1.0000
410,paf,getMeanTimeToDeliveryReport,1.0000
410,paf,rollInReceivedOrder,1.0000
410,paf,getMeanTimeToDelivery,1.0000
410,paf,getTransactionContext,1.0000
410,paf,enterOrderID,1.0000
410,paf,getEnterpriseByID,1.0000
410,paf,getTransaction,1.0000
410,paf,queryStockItem,1.0000
410,ep,Persistence,1.0000
410,ep,DataStore,1.0000
410,ep,Enterprise,1.0000
410,ep,Reporting,1.0000
411,paf,getMeanTimeToDeliveryReport,1.0000
411,paf,rollInReceivedOrder,1.0000
411,paf,getMeanTimeToDelivery,1.0000
411,paf,queryOrderById,1.0000
411,paf,enterOrderID,1.0000
411,paf,getEnterpriseByID,1.0000
411,paf,queryStockItem,1.0000
411,ep,Persistence,1.0000
411,ep,DataStore,1.0000
411,ep,Enterprise,1.0000
411,ep,Reporting,1.0000
414,paf,printRunningTotal,1.0000
414,paf,productBarCodeScannedEvent,1.0000
414,paf,saleStartedEvent,1.0000
414,paf,scanProduct,1.0000
414,paf,stopSale,1.0000
415,paf,getMeanTimeToDeliveryReport,1.0000
415,paf,rollInReceivedOrder,1.0000
415,paf,getMeanTimeToDelivery,1.0000
415,paf,getTransactionContext,1.0000
415,paf,queryOrderById,1.0000
415,paf,enterOrderID,1.0000
415,paf,getEnterpriseByID,1.0000
415,paf,getTransaction,1.0000
415,paf,queryStockItem,1.0000
415,ep,Persistence,1.0000
415,ep,DataStore,1.0000
415,ep,Enterprise,1.0000
415,ep,Reporting,1.0000
418,paf,getMeanTimeToDeliveryReport,1.0000
418,paf,getMeanTimeToDelivery,1.0000
418,paf,getTransactionContext,1.0000
418,paf,queryOrderById,1.0000
418,paf,enterOrderID,1.0000
418,paf,getEnterpriseByID,1.0000
418,paf,getTransaction,1.0000
418,paf,queryStockItem,1.0000
418,ep,Persistence,1.0000
418,ep,DataStore,1.0000
418,ep,Enterprise,1.0000
418,ep,Reporting,1.0000
419,paf,getMeanTimeToDeliveryReport,1.0000
419,paf,getTransactionContext,1.0000
419,paf,queryOrderById,1.0000
419,paf,enterOrderID,1.0000
419,paf,getEnterpriseByID,1.0000
419,paf,getTransaction,1.0000
419,paf,queryStockItem,1.0000
419,ep,Persistence,1.0000
419,ep,DataStore,1.0000
419,ep,Enterprise,1.0000
419,ep,Reporting,1.0000
422,paf,getMeanTimeToDeliveryReport,1.0000
422,paf,getTransactionContext,1.0000
422,paf,queryOrderById,1.0000
422,paf,enterOrderID,1.0000
422,paf,getEnterpriseByID,1.0000
422,paf,getTransaction,1.0000
422,paf,queryStockItem,1.0000
422,ep,Persistence,1.0000
422,ep,DataStore,1.0000
422,ep,Enterprise,1.0000
422,ep,Reporting,1.0000
423,paf,getMeanTimeToDeliveryReport,1.0000
423,paf,getMeanTimeToDelivery,1.0000
423,paf,getTransactionContext,1.0000
423,paf,queryOrderById,1.0000
423,paf,getEnterpriseByID,1.0000
423,paf,getTransaction,1.0000
423,paf,queryStockItem,1.0000
423,ep,Persistence,1.0000
423,ep,DataStore,1.0000
423,ep,Enterprise,1.0000
423,ep,Reporting,1.0000
426,paf,getMeanTimeToDeliveryReport,1.0000
426,paf,rollInReceivedOrder,1.0000
426,paf,getMeanTimeToDelivery,1.0000
426,paf,queryOrderById,1.0000
426,paf,enterOrderID,1.0000
426,paf,getEnterpriseByID,1.0000
426,paf,queryStockItem,1.0000
426,ep,Persistence,1.0000
426,ep,DataStore,1.0000
426,ep,Enterprise,1.0000
426,ep,Reporting,1.0000
427,paf,printRunningTotal,1.0000
427,paf,productBarCodeScannedEvent,1.0000
427,paf,saleStartedEvent,1.0000
427,paf,scanProduct,1.0000
427,paf,stopSale,1.0000
430,paf,getMeanTimeToDeliveryReport,1.0000
430,paf,rollInReceivedOrder,1.0000
430,paf,getMeanTimeToDelivery,1.0000
430,paf,queryOrderById,1.0000
430,paf,enterOrderID,1.0000
430,paf,getEnterpriseByID,1.0000
430,paf,getTransaction,1.0000
430,paf,queryStockItem,1.0000
430,ep,Persistence,1.0000
430,ep,DataStore,1.0000
430,ep,Enterprise,1.0000
430,ep,Reporting,1.0000
431,paf,getMeanTimeToDeliveryReport,1.0000
431,paf,rollInReceivedOrder,1.0000
431,paf,getMeanTimeToDelivery,1.0000
431,paf,getTransactionContext,1.0000
431,paf,queryOrderById,1.0000
431,paf,getEnterpriseByID,1.0000
431,paf,getTransaction,1.0000
431,paf,queryStockItem,1.0000
431,ep,Persistence,1.0000
431,ep,DataStore,1.0000
431,ep,Enterprise,1.0000
431,ep,Reporting,1.0000
434,paf,createReport,1.0000
434,paf,getMeanTimeToDeliveryReport,1.0000
434,paf,getMeanTimeToDelivery,1.0000
434,paf,getTransactionContext,1.0000
434,paf,queryOrderById,1.0000
434,paf,getEnterpriseByID,1.0000
434,paf,getTransaction,1.0000
434,paf,queryStockItem,1.0000
434,ep,Persistence,1.0000
434,ep,DataStore,1.0000
434,ep,Enterprise,1.0000
434,ep,Reporting,1.0000
435,paf,printRunningTotal,1.0000
435,paf,productBarCodeScannedEvent,1.0000
435,paf,saleStartedEvent,1.0000
435,paf,scanProduct,1.0000
435,paf,stopSale,1.0000
438,paf,getMeanTimeToDeliveryReport,1.0000
438,paf,getTransactionContext,1.0000
438,paf,queryOrderById,1.0000
438,paf,enterOrderID,1.0000
438,paf,getEnterpriseByID,1.0000
438,paf,getTransaction,1.0000
438,paf,queryStockItem,1.0000
438,ep,Persistence,1.0000
438,ep,DataStore,1.0000
438,ep,Enterprise,1.0000
438,ep,Reporting,1.0000
439,paf,printRunningTotal,1.0000
439,paf,saleStartedEvent,1.0000
439,paf,stopSale,1.0000
439,ep,New-Component_vlssnenejm,1.0000
442,paf,getMeanTimeToDeliveryReport,1.0000
442,paf,getTransactionContext,1.0000
442,paf,queryOrderById,1.0000
442,paf,enterOrderID,1.0000
442,paf,getEnterpriseByID,1.0000
442,paf,getTransaction,1.0000
442,paf,queryStockItem,1.0000
442,ep,Persistence,1.0000
442,ep,DataStore,1.0000
442,ep,Enterprise,1.0000
442,ep,Reporting,1.0000
443,paf,getMeanTimeToDeliveryReport,1.0000
443,paf,rollInReceivedOrder,1.0000
443,paf,getMeanTimeToDelivery,1.0000
443,paf,getTransactionContext,1.0000
443,paf,queryOrderById,1.0000
443,paf,enterOrderID,1.0000
443,paf,getEnterpriseByID,1.0000
443,paf,getTransaction,1.0000
443,paf,queryStockItem,1.0000
443,ep,Persistence,1.0000
443,ep,DataStore,1.0000
443,ep,Enterprise,1.0000
443,ep,Reporting,1.0000
444,paf,getMeanTimeToDeliveryReport,1.0000
444,paf,getTransactionContext,1.0000
444,paf,queryOrderById,1.0000
444,paf,enterOrderID,1.0000
444,paf,getEnterpriseByID,1.0000
444,paf,getTransaction,1.0000
444,paf,queryStockItem,1.0000
444,ep,Persistence,1.0000
444,ep,DataStore,1.0000
444,ep,Enterprise,1.0000
444,ep,Reporting,1.0000
445,paf,printRunningTotal,1.0000
445,paf,saleStartedEvent,1.0000
445,paf,stopSale,1.0000
445,ep,New-Component_vlssnenejm,1.0000
448,paf,printRunningTotal,1.0000
448,paf,saleStartedEvent,1.0000
448,paf,stopSale,1.0000
448,ep,New-Component_vlssnenejm,1.0000
449,paf,printRunningTotal,1.0000
449,paf,saleStartedEvent,1.0000
449,paf,stopSale,1.0000
449,ep,New-Component_vlssnenejm,1.0000
452,paf,printRunningTotal,1.0000
452,paf,saleStartedEvent,1.0000
452,paf,stopSale,1.0000
452,ep,New-Component_vlssnenejm,1.0000
453,paf,getMeanTimeToDeliveryReport,1.0000
453,paf,getTransactionContext,1.0000
453,paf,queryOrderById,1.0000
453,paf,enterOrderID,1.0000
453,paf,getEnterpriseByID,1.0000
453,paf,getTransaction,1.0000
453,paf,queryStockItem,1.0000
453,ep,Persistence,1.0000
453,ep,DataStore,1.0000
453,ep,Enterprise,1.0000
453,ep,Reporting,1.0000
456,paf,getMeanTimeToDeliveryReport,1.0000
456,paf,rollInReceivedOrder,1.0000
456,paf,getMeanTimeToDelivery,1.0000
456,paf,getTransactionContext,1.0000
456,paf,queryOrderById,1.0000
456,paf,enterOrderID,1.0000
456,paf,getEnterpriseByID,1.0000
456,paf,getTransaction,1.0000
456,paf,queryStockItem,1.0000
456,ep,Persistence,1.0000
456,ep,DataStore,1.0000
456,ep,Enterprise,1.0000
456,ep,Reporting,1.0000
457,paf,getMeanTimeToDeliveryReport,1.0000
457,paf,getTransactionContext,1.0000
457,paf,queryOrderById,1.0000
457,paf,enterOrderID,1.0000
457,paf,getEnterpriseByID,1.0000
457,paf,getTransaction,1.0000
457,paf,queryStockItem,1.0000
457,ep,Persistence,1.0000
457,ep,DataStore,1.0000
457,ep,Enterprise,1.0000
457,ep,Reporting,1.0000
460,paf,getMeanTimeToDeliveryReport,1.0000
460,paf,getTransactionContext,1.0000
460,paf,queryOrderById,1.0000
460,paf,enterOrderID,1.0000
460,paf,getEnterpriseByID,1.0000
460,paf,getTransaction,1.0000
460,paf,queryStockItem,1.0000
460,ep,Persistence,1.0000
460,ep,DataStore,1.0000
460,ep,Enterprise,1.0000
460,ep,Reporting,1.0000
461,paf,createReport,1.0000
461,paf,getMeanTimeToDeliveryReport,1.0000
461,paf,getMeanTimeToDelivery,1.0000
461,paf,getTransactionContext,1.0000
461,paf,queryOrderById,1.0000
461,paf,enterOrderID,1.0000
461,paf,getEnterpriseByID,1.0000
461,paf,getTransaction,1.0000
461,paf,queryStockItem,1.0000
461,ep,Persistence,1.0000
461,ep,DataStore,1.0000
461,ep,Enterprise,1.0000
461,ep,Reporting,1.0000
462,paf,printRunningTotal,1.0000
462,paf,saleStartedEvent,1.0000
462,paf,stopSale,1.0000
462,ep,New-Component_vlssnenejm,1.0000
463,paf,printRunningTotal,1.0000
463,paf,saleStartedEvent,1.0000
463,paf,stopSale,1.0000
463,ep,New-Component_vlssnenejm,1.0000
466,paf,getMeanTimeToDeliveryReport,1.0000
466,paf,getTransactionContext,1.0000
466,paf,queryOrderById,1.0000
466,paf,enterOrderID,1.0000
466,paf,getEnterpriseByID,1.0000
466,paf,getTransaction,1.0000
466,paf,queryStockItem,1.0000
466,ep,Persistence,1.0000
466,ep,DataStore,1.0000
466,ep,Enterprise,1.0000
466,ep,Reporting,1.0000
467,paf,createReport,1.0000
467,paf,getMeanTimeToDeliveryReport,1.0000
467,paf,getMeanTimeToDelivery,1.0000
467,paf,getTransactionContext,1.0000
467,paf,queryOrderById,1.0000
467,paf,enterOrderID,1.0000
467,paf,getEnterpriseByID,1.0000
467,paf,getTransaction,1.0000
467,paf,queryStockItem,1.0000
467,ep,Persistence,1.0000
467,ep,DataStore,1.0000
467,ep,Enterprise,1.0000
467,ep,Reporting,1.0000
470,paf,getMeanTimeToDeliveryReport,1.0000
470,paf,getTransactionContext,1.0000
470,paf,queryOrderById,1.0000
470,paf,enterOrderID,1.0000
470,paf,getEnterpriseByID,1.0000
470,paf,getTransaction,1.0000
470,paf,queryStockItem,1.0000
470,ep,Persistence,1.0000
470,ep,DataStore,1.0000
470,ep,Enterprise,1.0000
470,ep,Reporting,1.0000
471,paf,getMeanTimeToDeliveryReport,1.0000
471,paf,rollInReceivedOrder,1.0000
471,paf,getMeanTimeToDelivery,1.0000
471,paf,getTransactionContext,1.0000
471,paf,queryOrderById,1.0000
471,paf,getEnterpriseByID,1.0000
471,paf,getTransaction,1.0000
471,paf,queryStockItem,1.0000
471,ep,Persistence,1.0000
471,ep,DataStore,1.0000
471,ep,Enterprise,1.0000
471,ep,Reporting,1.0000
474,paf,getMeanTimeToDeliveryReport,1.0000
474,paf,rollInReceivedOrder,1.0000
474,paf,getMeanTimeToDelivery,1.0000
474,paf,getTransactionContext,1.0000
474,paf,queryOrderById,1.0000
474,paf,getEnterpriseByID,1.0000
474,paf,getTransaction,1.0000
474,paf,queryStockItem,1.0000
474,ep,Persistence,1.0000
474,ep,DataStore,1.0000
474,ep,Enterprise,1.0000
474,ep,Reporting,1.0000
475,paf,createReport,1.0000
475,paf,getMeanTimeToDeliveryReport,1.0000
475,paf,rollInReceivedOrder,1.0000
475,paf,getMeanTimeToDelivery,1.0000
475,paf,getTransactionContext,1.0000
475,paf,queryOrderById,1.0000
475,paf,enterOrderID,1.0000
475,paf,getEnterpriseByID,1.0000
475,paf,getTransaction,1.0000
475,paf,queryStockItem,1.0000
475,ep,Persistence,1.0000
475,ep,DataStore,1.0000
475,ep,Enterprise,1.0000
475,ep,Reporting,1.0000
478,paf,getMeanTimeToDeliveryReport,1.0000
478,paf,getTransactionContext,1.0000
478,paf,queryOrderById,1.0000
478,paf,enterOrderID,1.0000
478,paf,getEnterpriseByID,1.0000
478,paf,getTransaction,1.0000
478,paf,queryStockItem,1.0000
478,ep,Persistence,1.0000
478,ep,DataStore,1.0000
478,ep,Enterprise,1.0000
478,ep,Reporting,1.0000
479,paf,getMeanTimeToDeliveryReport,1.0000
479,paf,rollInReceivedOrder,1.0000
479,paf,getMeanTimeToDelivery,1.0000
479,paf,getTransactionContext,1.0000
479,paf,queryOrderById,1.0000
479,paf,getEnterpriseByID,1.0000
479,paf,getTransaction,1.0000
479,paf,queryStockItem,1.0000
479,ep,Persistence,1.0000
479,ep,DataStore,1.0000
479,ep,Enterprise,1.0000
479,ep,Reporting,1.0000
480,paf,getMeanTimeToDeliveryReport,1.0000
480,paf,rollInReceivedOrder,1.0000
480,paf,getMeanTimeToDelivery,1.0000
480,paf,getTransactionContext,1.0000
480,paf,queryOrderById,1.0000
480,paf,enterOrderID,1.0000
480,paf,getEnterpriseByID,1.0000
480,paf,getTransaction,1.0000
480,paf,queryStockItem,1.0000
480,ep,Persistence,1.0000
480,ep,DataStore,1.0000
480,ep,Enterprise,1.0000
480,ep,Reporting,1.0000
481,paf,printRunningTotal,1.0000
481,paf,productBarCodeScannedEvent,1.0000
481,paf,saleStartedEvent,1.0000
481,paf,scanProduct,1.0000
481,paf,stopSale,1.0000
484,paf,getMeanTimeToDelivery,1.0000
484,paf,getTransactionContext,1.0000
484,paf,queryOrderById,1.0000
484,paf,enterOrderID,1.0000
484,paf,getEnterpriseByID,1.0000
484,paf,getTransaction,1.0000
484,paf,queryStockItem,1.0000
484,ep,Persistence,1.0000
484,ep,DataStore,1.0000
484,ep,Enterprise,1.0000
484,ep,Reporting,1.0000
485,paf,getMeanTimeToDeliveryReport,1.0000
485,paf,rollInReceivedOrder,1.0000
485,paf,getMeanTimeToDelivery,1.0000
485,paf,getTransactionContext,1.0000
485,paf,queryOrderById,1.0000
485,paf,getEnterpriseByID,1.0000
485,paf,getTransaction,1.0000
485,paf,queryStockItem,1.0000
485,ep,Persistence,1.0000
485,ep,DataStore,1.0000
485,ep,Enterprise,1.0000
485,ep,Reporting,1.0000
488,paf,getMeanTimeToDeliveryReport,1.0000
488,paf,getMeanTimeToDelivery,1.0000
488,paf,getTransactionContext,1.0000
488,paf,queryOrderById,1.0000
488,paf,getEnterpriseByID,1.0000
488,paf,getTransaction,1.0000
488,paf,queryStockItem,1.0000
488,ep,Persistence,1.0000
488,ep,DataStore,1.0000
488,ep,Enterprise,1.0000
488,ep,Reporting,1.0000
489,paf,getMeanTimeToDeliveryReport,1.0000
489,paf,rollInReceivedOrder,1.0000
489,paf,getMeanTimeToDelivery,1.0000
489,paf,getTransactionContext,1.0000
489,paf,queryOrderById,1.0000
489,paf,getEnterpriseByID,1.0000
489,paf,getTransaction,1.0000
489,paf,queryStockItem,1.0000
489,ep,Persistence,1.0000
489,ep,DataStore,1.0000
489,ep,Enterprise,1.0000
489,ep,Reporting,1.0000
492,paf,getMeanTimeToDeliveryReport,1.0000
492,paf,getTransactionContext,1.0000
492,paf,queryOrderById,1.0000
492,paf,enterOrderID,1.0000
492,paf,getEnterpriseByID,1.0000
492,paf,getTransaction,1.0000
492,paf,queryStockItem,1.0000
492,ep,Persistence,1.0000
492,ep,DataStore,1.0000
492,ep,Enterprise,1.0000
492,ep,Reporting,1.0000
493,paf,getMeanTimeToDeliveryReport,1.0000
493,paf,rollInReceivedOrder,1.0000
493,paf,getMeanTimeToDelivery,1.0000
493,paf,queryOrderById,1.0000
493,paf,enterOrderID,1.0000
493,paf,getEnterpriseByID,1.0000
493,paf,queryStockItem,1.0000
493,ep,Persistence,1.0000
493,ep,DataStore,1.0000
493,ep,Enterprise,1.0000
493,ep,Reporting,1.0000
496,paf,getMeanTimeToDeliveryReport,1.0000
496,paf,rollInReceivedOrder,1.0000
496,paf,getMeanTimeToDelivery,1.0000
496,paf,queryOrderById,1.0000
496,paf,enterOrderID,1.0000
496,paf,getEnterpriseByID,1.0000
496,paf,queryStockItem,1.0000
496,ep,Persistence,1.0000
496,ep,DataStore,1.0000
496,ep,Enterprise,1.0000
496,ep,Reporting,1.0000
497,paf,printRunningTotal,1.0000
497,paf,productBarCodeScannedEvent,1.0000
497,paf,saleStartedEvent,1.0000
497,paf,scanProduct,1.0000
497,paf,stopSale,1.0000
500,paf,printRunningTotal,1.0000
500,paf,productBarCodeScannedEvent,1.0000
500,paf,saleStartedEvent,1.0000
500,paf,scanProduct,1.0000
500,paf,stopSale,1.0000
501,paf,getMeanTimeToDeliveryReport,1.0000
501,paf,rollInReceivedOrder,1.0000
501,paf,getMeanTimeToDelivery,1.0000
501,paf,getTransactionContext,1.0000
501,paf,queryOrderById,1.0000
501,paf,getEnterpriseByID,1.0000
501,paf,getTransaction,1.0000
501,paf,queryStockItem,1.0000
501,ep,Persistence,1.0000
501,ep,DataStore,1.0000
501,ep,Enterprise,1.0000
501,ep,Reporting,1.0000
504,paf,getMeanTimeToDeliveryReport,1.0000
504,paf,rollInReceivedOrder,1.0000
504,paf,getMeanTimeToDelivery,1.0000
504,paf,getTransactionContext,1.0000
504,paf,queryOrderById,1.0000
504,paf,getEnterpriseByID,1.0000
504,paf,getTransaction,1.0000
504,paf,queryStockItem,1.0000
504,ep,Persistence,1.0000
504,ep,DataStore,1.0000
504,ep,Enterprise,1.0000
504,ep,Reporting,1.0000
505,paf,getMeanTimeToDeliveryReport,1.0000
505,paf,rollInReceivedOrder,1.0000
505,paf,getMeanTimeToDelivery,1.0000
505,paf,getTransactionContext,1.0000
505,paf,queryOrderById,1.0000
505,paf,getEnterpriseByID,1.0000
505,paf,getTransaction,1.0000
505,paf,queryStockItem,1.0000
505,ep,Persistence,1.0000
505,ep,DataStore,1.0000
505,ep,Enterprise,1.0000
505,ep,Reporting,1.0000
508,paf,getMeanTimeToDeliveryReport,1.0000
508,paf,rollInReceivedOrder,1.0000
508,paf,getMeanTimeToDelivery,1.0000
508,paf,getTransactionContext,1.0000
508,paf,queryOrderById,1.0000
508,paf,getEnterpriseByID,1.0000
508,paf,getTransaction,1.0000
508,paf,queryStockItem,1.0000
508,ep,Persistence,1.0000
508,ep,DataStore,1.0000
508,ep,Enterprise,1.0000
508,ep,Reporting,1.0000
509,paf,getMeanTimeToDeliveryReport,1.0000
509,paf,rollInReceivedOrder,1.0000
509,paf,getMeanTimeToDelivery,1.0000
509,paf,getTransactionContext,1.0000
509,paf,queryOrderById,1.0000
509,paf,getEnterpriseByID,1.0000
509,paf,getTransaction,1.0000
509,paf,queryStockItem,1.0000
509,ep,Persistence,1.0000
509,ep,DataStore,1.0000
509,ep,Enterprise,1.0000
509,ep,Reporting,1.0000
512,paf,getMeanTimeToDeliveryReport,1.0000
512,paf,rollInReceivedOrder,1.0000
512,paf,getMeanTimeToDelivery,1.0000
512,paf,getTransactionContext,1.0000
512,paf,queryOrderById,1.0000
512,paf,getEnterpriseByID,1.0000
512,paf,getTransaction,1.0000
512,paf,queryStockItem,1.0000
512,ep,Persistence,1.0000
512,ep,DataStore,1.0000
512,ep,Enterprise,1.0000
512,ep,Reporting,1.0000
513,paf,getMeanTimeToDeliveryReport,1.0000
513,paf,rollInReceivedOrder,1.0000
513,paf,getMeanTimeToDelivery,1.0000
513,paf,getTransactionContext,1.0000
513,paf,queryOrderById,1.0000
513,paf,enterOrderID,1.0000
513,paf,getEnterpriseByID,1.0000
513,paf,getTransaction,1.0000
513,paf,queryStockItem,1.0000
513,ep,Persistence,1.0000
513,ep,DataStore,1.0000
513,ep,Enterprise,1.0000
513,ep,Reporting,1.0000
516,paf,printRunningTotal,1.0000
516,paf,productBarCodeScannedEvent,1.0000
516,paf,saleStartedEvent,1.0000
516,paf,scanProduct,1.0000
516,paf,stopSale,1.0000
517,paf,printRunningTotal,1.0000
517,paf,productBarCodeScannedEvent,1.0000
517,paf,saleStartedEvent,1.0000
517,paf,scanProduct,1.0000
517,paf,stopSale,1.0000
520,paf,createReport,1.0000
520,paf,getMeanTimeToDeliveryReport,1.0000
520,paf,getMeanTimeToDelivery,1.0000
520,paf,queryOrderById,1.0000
520,paf,enterOrderID,1.0000
520,paf,getEnterpriseByID,1.0000
520,paf,getTransaction,1.0000
520,paf,queryStockItem,1.0000
520,ep,Persistence,1.0000
520,ep,DataStore,1.0000
520,ep,Enterprise,1.0000
520,ep,Reporting,1.0000
521,paf,getMeanTimeToDeliveryReport,1.0000
521,paf,rollInReceivedOrder,1.0000
521,paf,getMeanTimeToDelivery,1.0000
521,paf,getTransactionContext,1.0000
521,paf,queryOrderById,1.0000
521,paf,getEnterpriseByID,1.0000
521,paf,getTransaction,1.0000
521,paf,queryStockItem,1.0000
521,ep,Persistence,1.0000
521,ep,DataStore,1.0000
521,ep,Enterprise,1.0000
521,ep,Reporting,1.0000
524,paf,printRunningTotal,1.0000
524,paf,saleStartedEvent,1.0000
524,paf,stopSale,1.0000
524,ep,New-Component_vlssnenejm,1.0000
525,paf,getMeanTimeToDeliveryReport,1.0000
525,paf,rollInReceivedOrder,1.0000
525,paf,getMeanTimeToDelivery,1.0000
525,paf,getTransactionContext,1.0000
525,paf,queryOrderById,1.0000
525,paf,getEnterpriseByID,1.0000
525,paf,getTransaction,1.0000
525,paf,queryStockItem,1.0000
525,ep,Persistence,1.0000
525,ep,DataStore,1.0000
525,ep,Enterprise,1.0000
525,ep,Reporting,1.0000
528,paf,printRunningTotal,1.0000
528,paf,saleStartedEvent,1.0000
528,paf,stopSale,1.0000
528,ep,New-Component_vlssnenejm,1.0000
529,paf,getMeanTimeToDeliveryReport,1.0000
529,paf,rollInReceivedOrder,1.0000
529,paf,getMeanTimeToDelivery,1.0000
529,paf,getTransactionContext,1.0000
529,paf,queryOrderById,1.0000
529,paf,getEnterpriseByID,1.0000
529,paf,getTransaction,1.0000
529,paf,queryStockItem,1.0000
529,ep,Persistence,1.0000
529,ep,DataStore,1.0000
529,ep,Enterprise,1.0000
529,ep,Reporting,1.0000
530,paf,getMeanTimeToDeliveryReport,1.0000
530,paf,rollInReceivedOrder,1.0000
530,paf,getMeanTimeToDelivery,1.0000
530,paf,getTransactionContext,1.0000
530,paf,queryOrderById,1.0000
530,paf,getEnterpriseByID,1.0000
530,paf,getTransaction,1.0000
530,paf,queryStockItem,1.0000
530,ep,Persistence,1.0000
530,ep,DataStore,1.0000
530,ep,Enterprise,1.0000
530,ep,Reporting,1.0000
531,paf,printRunningTotal,1.0000
531,paf,productBarCodeScannedEvent,1.0000
531,paf,saleStartedEvent,1.0000
531,paf,scanProduct,1.0000
531,paf,stopSale,1.0000
534,paf,printRunningTotal,1.0000
534,paf,saleStartedEvent,1.0000
534,paf,stopSale,1.0000
534,ep,New-Component_vlssnenejm,1.0000
535,paf,printRunningTotal,1.0000
535,paf,saleStartedEvent,1.0000
535,paf,stopSale,1.0000
535,ep,New-Component_vlssnenejm,1.0000
536,paf,getMeanTimeToDeliveryReport,1.0000
536,paf,rollInReceivedOrder,1.0000
536,paf,getMeanTimeToDelivery,1.0000
536,paf,queryOrderById,1.0000
536,paf,enterOrderID,1.0000
536,paf,getEnterpriseByID,1.0000
536,paf,queryStockItem,1.0000
536,ep,Persistence,1.0000
536,ep,DataStore,1.0000
536,ep,Enterprise,1.0000
536,ep,Reporting,1.0000
537,paf,createReport,1.0000
537,paf,getMeanTimeToDeliveryReport,1.0000
537,paf,rollInReceivedOrder,1.0000
537,paf,getMeanTimeToDelivery,1.0000
537,paf,queryOrderById,1.0000
537,paf,getTransactionContext,1.0000
537,paf,enterOrderID,1.0000
537,paf,getEnterpriseByID,1.0000
537,paf,getTransaction,1.0000
537,paf,queryStockItem,1.0000
537,ep,Persistence,1.0000
537,ep,DataStore,1.0000
537,ep,Enterprise,1.0000
537,ep,Reporting,1.0000
540,paf,getMeanTimeToDeliveryReport,1.0000
540,paf,rollInReceivedOrder,1.0000
540,paf,getMeanTimeToDelivery,1.0000
540,paf,queryOrderById,1.0000
540,paf,enterOrderID,1.0000
540,paf,getEnterpriseByID,1.0000
540,paf,queryStockItem,1.0000
540,ep,Persistence,1.0000
540,ep,DataStore,1.0000
540,ep,Enterprise,1.0000
540,ep,Reporting,1.0000
541,paf,getMeanTimeToDeliveryReport,1.0000
541,paf,getMeanTimeToDelivery,1.0000
541,paf,getTransactionContext,1.0000
541,paf,queryOrderById,1.0000
541,paf,getEnterpriseByID,1.0000
541,paf,getTransaction,1.0000
541,paf,queryStockItem,1.0000
541,ep,Persistence,1.0000
541,ep,DataStore,1.0000
541,ep,Enterprise,1.0000
541,ep,Reporting,1.0000
544,paf,printRunningTotal,1.0000
544,paf,saleStartedEvent,1.0000
544,paf,stopSale,1.0000
544,ep,New-Component_vlssnenejm,1.0000
545,paf,printRunningTotal,1.0000
545,paf,saleStartedEvent,1.0000
545,paf,stopSale,1.0000
545,ep,New-Component_vlssnenejm,1.0000
548,paf,createReport,1.0000
548,paf,getMeanTimeToDeliveryReport,1.0000
548,paf,rollInReceivedOrder,1.0000
548,paf,getMeanTimeToDelivery,1.0000
548,paf,getTransactionContext,1.0000
548,paf,enterOrderID,1.0000
548,paf,getEnterpriseByID,1.0000
548,paf,getTransaction,1.0000
548,paf,queryStockItem,1.0000
548,ep,Persistence,1.0000
548,ep,DataStore,1.0000
548,ep,Enterprise,1.0000
548,ep,Reporting,1.0000
549,paf,getMeanTimeToDeliveryReport,1.0000
549,paf,rollInReceivedOrder,1.0000
549,paf,getMeanTimeToDelivery,1.0000
549,paf,getTransactionContext,1.0000
549,paf,queryOrderById,1.0000
549,paf,getEnterpriseByID,1.0000
549,paf,getTransaction,1.0000
549,paf,queryStockItem,1.0000
549,ep,Persistence,1.0000
549,ep,DataStore,1.0000
549,ep,Enterprise,1.0000
549,ep,Reporting,1.0000
552,paf,createReport,1.0000
552,paf,getMeanTimeToDeliveryReport,1.0000
552,paf,getMeanTimeToDelivery,1.0000
552,paf,getTransactionContext,1.0000
552,paf,queryOrderById,1.0000
552,paf,enterOrderID,1.0000
552,paf,getEnterpriseByID,1.0000
552,paf,getTransaction,1.0000
552,paf,queryStockItem,1.0000
552,ep,Persistence,1.0000
552,ep,DataStore,1.0000
552,ep,Enterprise,1.0000
552,ep,Reporting,1.0000
553,paf,printRunningTotal,1.0000
553,paf,saleStartedEvent,1.0000
553,paf,stopSale,1.0000
553,ep,New-Component_vlssnenejm,1.0000
556,paf,printRunningTotal,1.0000
556,paf,productBarCodeScannedEvent,1.0000
556,paf,saleStartedEvent,1.0000
556,paf,scanProduct,1.0000
556,paf,stopSale,1.0000
557,paf,getMeanTimeToDeliveryReport,1.0000
557,paf,rollInReceivedOrder,1.0000
557,paf,getMeanTimeToDelivery,1.0000
557,paf,getTransactionContext,1.0000
557,paf,queryOrderById,1.0000
557,paf,getEnterpriseByID,1.0000
557,paf,getTransaction,1.0000
557,paf,queryStockItem,1.0000
557,ep,Persistence,1.0000
557,ep,DataStore,1.0000
557,ep,Enterprise,1.0000
557,ep,Reporting,1.0000
560,paf,createReport,1.0000
560,paf,getMeanTimeToDeliveryReport,1.0000
560,paf,getMeanTimeToDelivery,1.0000
560,paf,getTransactionContext,1.0000
560,paf,enterOrderID,1.0000
560,paf,getEnterpriseByID,1.0000
560,paf,getTransaction,1.0000
560,ep,Persistence,1.0000
560,ep,DataStore,1.0000
560,ep,Enterprise,1.0000
560,ep,Reporting,1.0000
561,paf,getMeanTimeToDeliveryReport,1.0000
561,paf,rollInReceivedOrder,1.0000
561,paf,getMeanTimeToDelivery,1.0000
561,paf,getTransactionContext,1.0000
561,paf,queryOrderById,1.0000
561,paf,getEnterpriseByID,1.0000
561,paf,getTransaction,1.0000
561,paf,queryStockItem,1.0000
561,ep,Persistence,1.0000
561,ep,DataStore,1.0000
561,ep,Enterprise,1.0000
561,ep,Reporting,1.0000
564,paf,getMeanTimeToDeliveryReport,1.0000
564,paf,rollInReceivedOrder,1.0000
564,paf,getMeanTimeToDelivery,1.0000
564,paf,queryOrderById,1.0000
564,paf,enterOrderID,1.0000
564,paf,getEnterpriseByID,1.0000
564,paf,queryStockItem,1.0000
564,ep,Persistence,1.0000
564,ep,DataStore,1.0000
564,ep,Enterprise,1.0000
564,ep,Reporting,1.0000
565,paf,getMeanTimeToDeliveryReport,1.0000
565,paf,rollInReceivedOrder,1.0000
565,paf,getMeanTimeToDelivery,1.0000
565,paf,getTransactionContext,1.0000
565,paf,queryOrderById,1.0000
565,paf,getEnterpriseByID,1.0000
565,paf,getTransaction,1.0000
565,paf,queryStockItem,1.0000
565,ep,Persistence,1.0000
565,ep,DataStore,1.0000
565,ep,Enterprise,1.0000
565,ep,Reporting,1.0000
568,paf,printRunningTotal,1.0000
568,paf,saleStartedEvent,1.0000
568,paf,stopSale,1.0000
568,ep,New-Component_vlssnenejm,1.0000
569,paf,getMeanTimeToDeliveryReport,1.0000
569,paf,rollInReceivedOrder,1.0000
569,paf,getMeanTimeToDelivery,1.0000
569,paf,getTransactionContext,1.0000
569,paf,queryOrderById,1.0000
569,paf,getEnterpriseByID,1.0000
569,paf,getTransaction,1.0000
569,paf,queryStockItem,1.0000
569,ep,Persistence,1.0000
569,ep,DataStore,1.0000
569,ep,Enterprise,1.0000
569,ep,Reporting,1.0000
572,paf,getMeanTimeToDeliveryReport,1.0000
572,paf,rollInReceivedOrder,1.0000
572,paf,getMeanTimeToDelivery,1.0000
572,paf,getTransactionContext,1.0000
572,paf,queryOrderById,1.0000
572,paf,getEnterpriseByID,1.0000
572,paf,getTransaction,1.0000
572,paf,queryStockItem,1.0000
572,ep,Persistence,1.0000
572,ep,DataStore,1.0000
572,ep,Enterprise,1.0000
572,ep,Reporting,1.0000
573,paf,getMeanTimeToDeliveryReport,1.0000
573,paf,rollInReceivedOrder,1.0000
573,paf,getMeanTimeToDelivery,1.0000
573,paf,getTransactionContext,1.0000
573,paf,queryOrderById,1.0000
573,paf,getEnterpriseByID,1.0000
573,paf,getTransaction,1.0000
573,paf,queryStockItem,1.0000
573,ep,Persistence,1.0000
573,ep,DataStore,1.0000
573,ep,Enterprise,1.0000
573,ep,Reporting,1.0000
576,paf,createReport,1.0000
576,paf,getMeanTimeToDeliveryReport,1.0000
576,paf,getMeanTimeToDelivery,1.0000
576,paf,getTransactionContext,1.0000
576,paf,queryOrderById,1.0000
576,paf,enterOrderID,1.0000
576,paf,getEnterpriseByID,1.0000
576,paf,getTransaction,1.0000
576,paf,queryStockItem,1.0000
576,ep,Persistence,1.0000
576,ep,DataStore,1.0000
576,ep,Enterprise,1.0000
576,ep,Reporting,1.0000
577,paf,getMeanTimeToDeliveryReport,1.0000
577,paf,rollInReceivedOrder,1.0000
577,paf,getMeanTimeToDelivery,1.0000
577,paf,getTransactionContext,1.0000
577,paf,queryOrderById,1.0000
577,paf,getEnterpriseByID,1.0000
577,paf,getTransaction,1.0000
577,paf,queryStockItem,1.0000
577,ep,Persistence,1.0000
577,ep,DataStore,1.0000
577,ep,Enterprise,1.0000
577,ep,Reporting,1.0000
580,paf,getMeanTimeToDeliveryReport,1.0000
580,paf,rollInReceivedOrder,1.0000
580,paf,getMeanTimeToDelivery,1.0000
580,paf,getTransactionContext,1.0000
580,paf,queryOrderById,1.0000
580,paf,getEnterpriseByID,1.0000
580,paf,getTransaction,1.0000
580,paf,queryStockItem,1.0000
580,ep,Persistence,1.0000
580,ep,DataStore,1.0000
580,ep,Enterprise,1.0000
580,ep,Reporting,1.0000
581,paf,getMeanTimeToDeliveryReport,1.0000
581,paf,rollInReceivedOrder,1.0000
581,paf,getMeanTimeToDelivery,1.0000
581,paf,getTransactionContext,1.0000
581,paf,queryOrderById,1.0000
581,paf,getEnterpriseByID,1.0000
581,paf,getTransaction,1.0000
581,paf,queryStockItem,1.0000
581,ep,Persistence,1.0000
581,ep,DataStore,1.0000
581,ep,Enterprise,1.0000
581,ep,Reporting,1.0000
584,paf,getMeanTimeToDeliveryReport,1.0000
584,paf,rollInReceivedOrder,1.0000
584,paf,getMeanTimeToDelivery,1.0000
584,paf,getTransactionContext,1.0000
584,paf,queryOrderById,1.0000
584,paf,getEnterpriseByID,1.0000
584,paf,getTransaction,1.0000
584,paf,queryStockItem,1.0000
584,ep,Persistence,1.0000
584,ep,DataStore,1.0000
584,ep,Enterprise,1.0000
584,ep,Reporting,1.0000
585,paf,printRunningTotal,1.0000
585,paf,productBarCodeScannedEvent,1.0000
585,paf,saleStartedEvent,1.0000
585,paf,scanProduct,1.0000
585,paf,stopSale,1.0000
588,paf,printRunningTotal,1.0000
588,paf,productBarCodeScannedEvent,1.0000
588,paf,saleStartedEvent,1.0000
588,paf,scanProduct,1.0000
588,paf,stopSale,1.0000
589,paf,printRunningTotal,1.0000
589,paf,productBarCodeScannedEvent,1.0000
589,paf,saleStartedEvent,1.0000
589,paf,scanProduct,1.0000
589,paf,stopSale,1.0000
592,paf,createReport,1.0000
592,paf,getMeanTimeToDelivery,1.0000
592,paf,getTransactionContext,1.0000
592,paf,queryOrderById,1.0000
592,paf,enterOrderID,1.0000
592,paf,getEnterpriseByID,1.0000
592,paf,getTransaction,1.0000
592,paf,queryStockItem,1.0000
592,ep,Persistence,1.0000
592,ep,DataStore,1.0000
592,ep,Enterprise,1.0000
593,paf,getMeanTimeToDeliveryReport,1.0000
593,paf,rollInReceivedOrder,1.0000
593,paf,getMeanTimeToDelivery,1.0000
593,paf,getTransactionContext,1.0000
593,paf,queryOrderById,1.0000
593,paf,getEnterpriseByID,1.0000
593,paf,getTransaction,1.0000
593,paf,queryStockItem,1.0000
593,ep,Persistence,1.0000
593,ep,DataStore,1.0000
593,ep,Enterprise,1.0000
593,ep,Reporting,1.0000
596,paf,printRunningTotal,1.0000
596,paf,saleStartedEvent,1.0000
596,paf,stopSale,1.0000
596,ep,New-Component_vlssnenejm,1.0000
597,paf,getMeanTimeToDeliveryReport,1.0000
597,paf,rollInReceivedOrder,1.0000
597,paf,getMeanTimeToDelivery,1.0000
597,paf,getTransactionContext,1.0000
597,paf,queryOrderById,1.0000
597,paf,getEnterpriseByID,1.0000
597,paf,getTransaction,1.0000
597,paf,queryStockItem,1.0000
597,ep,Persistence,1.0000
597,ep,DataStore,1.0000
597,ep,Enterprise,1.0000
597,ep,Reporting,1.0000
600,paf,getMeanTimeToDeliveryReport,1.0000
600,paf,rollInReceivedOrder,1.0000
600,paf,getMeanTimeToDelivery,1.0000
600,paf,getTransactionContext,1.0000
600,paf,queryOrderById,1.0000
600,paf,getEnterpriseByID,1.0000
600,paf,getTransaction,1.0000
600,paf,queryStockItem,1.0000
600,ep,Persistence,1.0000
600,ep,DataStore,1.0000
600,ep,Enterprise,1.0000
600,ep,Reporting,1.0000
601,paf,printRunningTotal,1.0000
601,paf,saleStartedEvent,1.0000
601,paf,stopSale,1.0000
601,ep,New-Component_vlssnenejm,1.0000
604,paf,getMeanTimeToDeliveryReport,1.0000
604,paf,rollInReceivedOrder,1.0000
604,paf,getMeanTimeToDelivery,1.0000
604,paf,queryOrderById,1.0000
604,paf,enterOrderID,1.0000
604,paf,getEnterpriseByID,1.0000
604,paf,queryStockItem,1.0000
604,ep,Persistence,1.0000
604,ep,DataStore,1.0000
604,ep,Enterprise,1.0000
604,ep,Reporting,1.0000
605,paf,createReport,1.0000
605,paf,getMeanTimeToDeliveryReport,1.0000
605,paf,rollInReceivedOrder,1.0000
605,paf,getMeanTimeToDelivery,1.0000
605,paf,getTransactionContext,1.0000
605,paf,enterOrderID,1.0000
605,paf,getEnterpriseByID,1.0000
605,paf,getTransaction,1.0000
605,ep,Persistence,1.0000
605,ep,DataStore,1.0000
605,ep,Enterprise,1.0000
605,ep,Reporting,1.0000
608,paf,getMeanTimeToDeliveryReport,1.0000
608,paf,rollInReceivedOrder,1.0000
608,paf,getMeanTimeToDelivery,1.0000
608,paf,getTransactionContext,1.0000
608,paf,queryOrderById,1.0000
608,paf,getEnterpriseByID,1.0000
608,paf,getTransaction,1.0000
608,paf,queryStockItem,1.0000
608,ep,Persistence,1.0000
608,ep,DataStore,1.0000
608,ep,Enterprise,1.0000
608,ep,Reporting,1.0000
609,paf,getMeanTimeToDeliveryReport,1.0000
609,paf,rollInReceivedOrder,1.0000
609,paf,getMeanTimeToDelivery,1.0000
609,paf,getTransactionContext,1.0000
609,paf,queryOrderById,1.0000
609,paf,getEnterpriseByID,1.0000
609,paf,getTransaction,1.0000
609,paf,queryStockItem,1.0000
609,ep,Persistence,1.0000
609,ep,DataStore,1.0000
609,ep,Enterprise,1.0000
609,ep,Reporting,1.0000
612,paf,printRunningTotal,1.0000
612,paf,productBarCodeScannedEvent,1.0000
612,paf,saleStartedEvent,1.0000
612,paf,scanProduct,1.0000
612,paf,stopSale,1.0000
613,paf,getMeanTimeToDeliveryReport,1.0000
613,paf,rollInReceivedOrder,1.0000
613,paf,getMeanTimeToDelivery,1.0000
613,paf,getTransactionContext,1.0000
613,paf,queryOrderById,1.0000
613,paf,getEnterpriseByID,1.0000
613,paf,getTransaction,1.0000
613,paf,queryStockItem,1.0000
613,ep,Persistence,1.0000
613,ep,DataStore,1.0000
613,ep,Enterprise,1.0000
613,ep,Reporting,1.0000
616,paf,getMeanTimeToDeliveryReport,1.0000
616,paf,rollInReceivedOrder,1.0000
616,paf,getMeanTimeToDelivery,1.0000
616,paf,getTransactionContext,1.0000
616,paf,queryOrderById,1.0000
616,paf,getEnterpriseByID,1.0000
616,paf,getTransaction,1.0000
616,paf,queryStockItem,1.0000
616,ep,Persistence,1.0000
616,ep,DataStore,1.0000
616,ep,Enterprise,1.0000
616,ep,Reporting,1.0000
617,paf,getMeanTimeToDeliveryReport,1.0000
617,paf,rollInReceivedOrder,1.0000
617,paf,getMeanTimeToDelivery,1.0000
617,paf,getTransactionContext,1.0000
617,paf,queryOrderById,1.0000
617,paf,getEnterpriseByID,1.0000
617,paf,getTransaction,1.0000
617,paf,queryStockItem,1.0000
617,ep,Persistence,1.0000
617,ep,DataStore,1.0000
617,ep,Enterprise,1.0000
617,ep,Reporting,1.0000
620,paf,getMeanTimeToDeliveryReport,1.0000
620,paf,rollInReceivedOrder,1.0000
620,paf,getMeanTimeToDelivery,1.0000
620,paf,getTransactionContext,1.0000
620,paf,queryOrderById,1.0000
620,paf,getEnterpriseByID,1.0000
620,paf,getTransaction,1.0000
620,paf,queryStockItem,1.0000
620,ep,Persistence,1.0000
620,ep,DataStore,1.0000
620,ep,Enterprise,1.0000
620,ep,Reporting,1.0000
621,paf,createReport,1.0000
621,paf,getMeanTimeToDeliveryReport,1.0000
621,paf,getMeanTimeToDelivery,1.0000
621,paf,queryOrderById,1.0000
621,paf,enterOrderID,1.0000
621,paf,getEnterpriseByID,1.0000
621,paf,getTransaction,1.0000
621,paf,queryStockItem,1.0000
621,ep,Persistence,1.0000
621,ep,DataStore,1.0000
621,ep,Enterprise,1.0000
621,ep,Reporting,1.0000
624,paf,printRunningTotal,1.0000
624,paf,saleStartedEvent,1.0000
624,paf,stopSale,1.0000
624,ep,New-Component_vlssnenejm,1.0000
625,paf,getMeanTimeToDeliveryReport,1.0000
625,paf,rollInReceivedOrder,1.0000
625,paf,getMeanTimeToDelivery,1.0000
625,paf,getTransactionContext,1.0000
625,paf,queryOrderById,1.0000
625,paf,getEnterpriseByID,1.0000
625,paf,getTransaction,1.0000
625,paf,queryStockItem,1.0000
625,ep,Persistence,1.0000
625,ep,DataStore,1.0000
625,ep,Enterprise,1.0000
625,ep,Reporting,1.0000
628,paf,printRunningTotal,1.0000
628,paf,saleStartedEvent,1.0000
628,paf,stopSale,1.0000
628,ep,New-Component_vlssnenejm,1.0000
629,paf,printRunningTotal,1.0000
629,paf,saleStartedEvent,1.0000
629,paf,stopSale,1.0000
629,ep,New-Component_vlssnenejm,1.0000
630,paf,createReport,1.0000
630,paf,getMeanTimeToDeliveryReport,1.0000
630,paf,rollInReceivedOrder,1.0000
630,paf,getMeanTimeToDelivery,1.0000
630,paf,getTransactionContext,1.0000
630,paf,queryOrderById,1.0000
630,paf,enterOrderID,1.0000
630,paf,getEnterpriseByID,1.0000
630,paf,getTransaction,1.0000
630,ep,Persistence,1.0000
630,ep,DataStore,1.0000
630,ep,Enterprise,1.0000
630,ep,Reporting,1.0000
631,paf,getMeanTimeToDeliveryReport,1.0000
631,paf,rollInReceivedOrder,1.0000
631,paf,getMeanTimeToDelivery,1.0000
631,paf,getTransactionContext,1.0000
631,paf,queryOrderById,1.0000
631,paf,getEnterpriseByID,1.0000
631,paf,getTransaction,1.0000
631,paf,queryStockItem,1.0000
631,ep,Persistence,1.0000
631,ep,DataStore,1.0000
631,ep,Enterprise,1.0000
631,ep,Reporting,1.0000
632,paf,printRunningTotal,1.0000
632,paf,productBarCodeScannedEvent,1.0000
632,paf,saleStartedEvent,1.0000
632,paf,scanProduct,1.0000
632,paf,stopSale,1.0000
633,paf,getMeanTimeToDeliveryReport,1.0000
633,paf,rollInReceivedOrder,1.0000
633,paf,getMeanTimeToDelivery,1.0000
633,paf,queryOrderById,1.0000
633,paf,enterOrderID,1.0000
633,paf,getEnterpriseByID,1.0000
633,paf,queryStockItem,1.0000
633,ep,Persistence,1.0000
633,ep,DataStore,1.0000
633,ep,Enterprise,1.0000
633,ep,Reporting,1.0000
634,paf,printRunningTotal,1.0000
634,paf,saleStartedEvent,1.0000
634,paf,stopSale,1.0000
634,ep,New-Component_vlssnenejm,1.0000
635,paf,getMeanTimeToDeliveryReport,1.0000
635,paf,rollInReceivedOrder,1.0000
635,paf,getMeanTimeToDelivery,1.0000
635,paf,getTransactionContext,1.0000
635,paf,queryOrderById,1.0000
635,paf,getEnterpriseByID,1.0000
635,paf,getTransaction,1.0000
635,paf,queryStockItem,1.0000
635,ep,Persistence,1.0000
635,ep,DataStore,1.0000
635,ep,Enterprise,1.0000
635,ep,Reporting,1.0000
636,paf,printRunningTotal,1.0000
636,paf,saleStartedEvent,1.0000
636,paf,stopSale,1.0000
636,ep,New-Component_vlssnenejm,1.0000
637,paf,getMeanTimeToDeliveryReport,1.0000
637,paf,rollInReceivedOrder,1.0000
637,paf,getMeanTimeToDelivery,1.0000
637,paf,queryOrderById,1.0000
637,paf,enterOrderID,1.0000
637,paf,getEnterpriseByID,1.0000
637,paf,queryStockItem,1.0000
637,ep,Persistence,1.0000
637,ep,DataStore,1.0000
637,ep,Enterprise,1.0000
637,ep,Reporting,1.0000
640,paf,getMeanTimeToDeliveryReport,1.0000
640,paf,rollInReceivedOrder,1.0000
640,paf,getMeanTimeToDelivery,1.0000
640,paf,getTransactionContext,1.0000
640,paf,queryOrderById,1.0000
640,paf,getEnterpriseByID,1.0000
640,paf,getTransaction,1.0000
640,paf,queryStockItem,1.0000
640,ep,Persistence,1.0000
640,ep,DataStore,1.0000
640,ep,Enterprise,1.0000
640,ep,Reporting,1.0000
641,paf,printRunningTotal,1.0000
641,paf,saleStartedEvent,1.0000
641,paf,stopSale,1.0000
641,ep,New-Component_vlssnenejm,1.0000
644,paf,createReport,1.0000
644,paf,getMeanTimeToDeliveryReport,1.0000
644,paf,getMeanTimeToDelivery,1.0000
644,paf,getTransactionContext,1.0000
644,paf,queryOrderById,1.0000
644,paf,enterOrderID,1.0000
644,paf,getEnterpriseByID,1.0000
644,paf,getTransaction,1.0000
644,paf,queryStockItem,1.0000
644,ep,Persistence,1.0000
644,ep,DataStore,1.0000
644,ep,Enterprise,1.0000
644,ep,Reporting,1.0000
645,paf,printRunningTotal,1.0000
645,paf,saleStartedEvent,1.0000
645,paf,stopSale,1.0000
645,ep,New-Component_vlssnenejm,1.0000
648,paf,getMeanTimeToDeliveryReport,1.0000
648,paf,rollInReceivedOrder,1.0000
648,paf,getMeanTimeToDelivery,1.0000
648,paf,getTransactionContext,1.0000
648,paf,queryOrderById,1.0000
648,paf,getEnterpriseByID,1.0000
648,paf,getTransaction,1.0000
648,paf,queryStockItem,1.0000
648,ep,Persistence,1.0000
648,ep,DataStore,1.0000
648,ep,Enterprise,1.0000
648,ep,Reporting,1.0000
649,paf,getMeanTimeToDeliveryReport,1.0000
649,paf,getMeanTimeToDelivery,1.0000
649,paf,getTransactionContext,1.0000
649,paf,queryOrderById,1.0000
649,paf,getEnterpriseByID,1.0000
649,paf,getTransaction,1.0000
649,paf,queryStockItem,1.0000
649,ep,Persistence,1.0000
649,ep,DataStore,1.0000
649,ep,Enterprise,1.0000
649,ep,Reporting,1.0000
650,paf,createReport,1.0000
650,paf,getMeanTimeToDeliveryReport,1.0000
650,paf,getMeanTimeToDelivery,1.0000
650,paf,getTransactionContext,1.0000
650,paf,enterOrderID,1.0000
650,paf,getEnterpriseByID,1.0000
650,paf,getTransaction,1.0000
650,ep,Persistence,1.0000
650,ep,DataStore,1.0000
650,ep,Enterprise,1.0000
650,ep,Reporting,1.0000
651,paf,getMeanTimeToDeliveryReport,1.0000
651,paf,rollInReceivedOrder,1.0000
651,paf,getMeanTimeToDelivery,1.0000
651,paf,queryOrderById,1.0000
651,paf,enterOrderID,1.0000
651,paf,getEnterpriseByID,1.0000
651,paf,queryStockItem,1.0000
651,ep,Persistence,1.0000
651,ep,DataStore,1.0000
651,ep,Enterprise,1.0000
651,ep,Reporting,1.0000
652,paf,getMeanTimeToDeliveryReport,1.0000
652,paf,rollInReceivedOrder,1.0000
652,paf,getMeanTimeToDelivery,1.0000
652,paf,getTransactionContext,1.0000
652,paf,queryOrderById,1.0000
652,paf,getEnterpriseByID,1.0000
652,paf,getTransaction,1.0000
652,paf,queryStockItem,1.0000
652,ep,Persistence,1.0000
652,ep,DataStore,1.0000
652,ep,Enterprise,1.0000
652,ep,Reporting,1.0000
653,paf,printRunningTotal,1.0000
653,paf,productBarCodeScannedEvent,1.0000
653,paf,saleStartedEvent,1.0000
653,paf,scanProduct,1.0000
653,paf,stopSale,1.0000
656,paf,getMeanTimeToDeliveryReport,1.0000
656,paf,rollInReceivedOrder,1.0000
656,paf,getMeanTimeToDelivery,1.0000
656,paf,queryOrderById,1.0000
656,paf,enterOrderID,1.0000
656,paf,getEnterpriseByID,1.0000
656,paf,getTransaction,1.0000
656,paf,queryStockItem,1.0000
656,ep,Persistence,1.0000
656,ep,DataStore,1.0000
656,ep,Enterprise,1.0000
656,ep,Reporting,1.0000
657,paf,getMeanTimeToDeliveryReport,1.0000
657,paf,getMeanTimeToDelivery,1.0000
657,paf,getTransactionContext,1.0000
657,paf,queryOrderById,1.0000
657,paf,getEnterpriseByID,1.0000
657,paf,getTransaction,1.0000
657,paf,queryStockItem,1.0000
657,ep,Persistence,1.0000
657,ep,DataStore,1.0000
657,ep,Enterprise,1.0000
657,ep,Reporting,1.0000
658,paf,getMeanTimeToDeliveryReport,1.0000
658,paf,getMeanTimeToDelivery,1.0000
658,paf,getTransactionContext,1.0000
658,paf,queryOrderById,1.0000
658,paf,getEnterpriseByID,1.0000
658,paf,getTransaction,1.0000
658,paf,queryStockItem,1.0000
658,ep,Persistence,1.0000
658,ep,DataStore,1.0000
658,ep,Enterprise,1.0000
658,ep,Reporting,1.0000
659,paf,printRunningTotal,1.0000
659,paf,productBarCodeScannedEvent,1.0000
659,paf,saleStartedEvent,1.0000
659,paf,scanProduct,1.0000
659,paf,stopSale,1.0000
660,paf,getMeanTimeToDeliveryReport,1.0000
660,paf,rollInReceivedOrder,1.0000
660,paf,getMeanTimeToDelivery,1.0000
660,paf,getTransactionContext,1.0000
660,paf,queryOrderById,1.0000
660,paf,getEnterpriseByID,1.0000
660,paf,getTransaction,1.0000
660,paf,queryStockItem,1.0000
660,ep,Persistence,1.0000
660,ep,DataStore,1.0000
660,ep,Enterprise,1.0000
660,ep,Reporting,1.0000
661,paf,getMeanTimeToDeliveryReport,1.0000
661,paf,getMeanTimeToDelivery,1.0000
661,paf,getTransactionContext,1.0000
661,paf,queryOrderById,1.0000
661,paf,enterOrderID,1.0000
661,paf,getEnterpriseByID,1.0000
661,paf,getTransaction,1.0000
661,paf,queryStockItem,1.0000
661,ep,Persistence,1.0000
661,ep,DataStore,1.0000
661,ep,Enterprise,1.0000
661,ep,Reporting,1.0000
664,paf,getMeanTimeToDeliveryReport,1.0000
664,paf,getMeanTimeToDelivery,1.0000
664,paf,getTransactionContext,1.0000
664,paf,queryOrderById,1.0000
664,paf,getEnterpriseByID,1.0000
664,paf,getTransaction,1.0000
664,paf,queryStockItem,1.0000
664,ep,Persistence,1.0000
664,ep,DataStore,1.0000
664,ep,Enterprise,1.0000
664,ep,Reporting,1.0000
665,paf,getMeanTimeToDeliveryReport,1.0000
665,paf,rollInReceivedOrder,1.0000
665,paf,getMeanTimeToDelivery,1.0000
665,paf,getTransactionContext,1.0000
665,paf,queryOrderById,1.0000
665,paf,getEnterpriseByID,1.0000
665,paf,getTransaction,1.0000
665,paf,queryStockItem,1.0000
665,ep,Persistence,1.0000
665,ep,DataStore,1.0000
665,ep,Enterprise,1.0000
665,ep,Reporting,1.0000
668,paf,getMeanTimeToDeliveryReport,1.0000
668,paf,rollInReceivedOrder,1.0000
668,paf,getMeanTimeToDelivery,1.0000
668,paf,getTransactionContext,1.0000
668,paf,queryOrderById,1.0000
668,paf,getEnterpriseByID,1.0000
668,paf,getTransaction,1.0000
668,paf,queryStockItem,1.0000
668,ep,Persistence,1.0000
668,ep,DataStore,1.0000
668,ep,Enterprise,1.0000
668,ep,Reporting,1.0000
669,paf,getMeanTimeToDeliveryReport,1.0000
669,paf,rollInReceivedOrder,1.0000
669,paf,getMeanTimeToDelivery,1.0000
669,paf,getTransactionContext,1.0000
669,paf,queryOrderById,1.0000
669,paf,getEnterpriseByID,1.0000
669,paf,getTransaction,1.0000
669,paf,queryStockItem,1.0000
669,ep,Persistence,1.0000
669,ep,DataStore,1.0000
669,ep,Enterprise,1.0000
669,ep,Reporting,1.0000
672,paf,printRunningTotal,1.0000
672,paf,saleStartedEvent,1.0000
672,paf,stopSale,1.0000
672,ep,New-Component_vlssnenejm,1.0000
673,paf,getMeanTimeToDeliveryReport,1.0000
673,paf,rollInReceivedOrder,1.0000
673,paf,getMeanTimeToDelivery,1.0000
673,paf,getTransactionContext,1.0000
673,paf,queryOrderById,1.0000
673,paf,getEnterpriseByID,1.0000
673,paf,getTransaction,1.0000
673,paf,queryStockItem,1.0000
673,ep,Persistence,1.0000
673,ep,DataStore,1.0000
673,ep,Enterprise,1.0000
673,ep,Reporting,1.0000
676,paf,printRunningTotal,1.0000
676,paf,productBarCodeScannedEvent,1.0000
676,paf,saleStartedEvent,1.0000
676,paf,scanProduct,1.0000
676,paf,stopSale,1.0000
677,paf,printRunningTotal,1.0000
677,paf,saleStartedEvent,1.0000
677,paf,stopSale,1.0000
677,ep,New-Component_vlssnenejm,1.0000
678,paf,getMeanTimeToDeliveryReport,1.0000
678,paf,rollInReceivedOrder,1.0000
678,paf,getMeanTimeToDelivery,1.0000
678,paf,getTransactionContext,1.0000
678,paf,queryOrderById,1.0000
678,paf,getEnterpriseByID,1.0000
678,paf,getTransaction,1.0000
678,paf,queryStockItem,1.0000
678,ep,Persistence,1.0000
678,ep,DataStore,1.0000
678,ep,Enterprise,1.0000
678,ep,Reporting,1.0000
679,paf,createReport,1.0000
679,paf,getMeanTimeToDeliveryReport,1.0000
679,paf,getMeanTimeToDelivery,1.0000
679,paf,getTransactionContext,1.0000
679,paf,queryOrderById,1.0000
679,paf,enterOrderID,1.0000
679,paf,getEnterpriseByID,1.0000
679,paf,getTransaction,1.0000
679,paf,queryStockItem,1.0000
679,ep,Persistence,1.0000
679,ep,DataStore,1.0000
679,ep,Enterprise,1.0000
679,ep,Reporting,1.0000
682,paf,createReport,1.0000
682,paf,getMeanTimeToDeliveryReport,1.0000
682,paf,getMeanTimeToDelivery,1.0000
682,paf,getTransactionContext,1.0000
682,paf,queryOrderById,1.0000
682,paf,enterOrderID,1.0000
682,paf,getEnterpriseByID,1.0000
682,paf,getTransaction,1.0000
682,paf,queryStockItem,1.0000
682,ep,Persistence,1.0000
682,ep,DataStore,1.0000
682,ep,Enterprise,1.0000
682,ep,Reporting,1.0000
683,paf,createReport,1.0000
683,paf,getMeanTimeToDeliveryReport,1.0000
683,paf,getMeanTimeToDelivery,1.0000
683,paf,queryOrderById,1.0000
683,paf,enterOrderID,1.0000
683,paf,getEnterpriseByID,1.0000
683,paf,getTransaction,1.0000
683,paf,queryStockItem,1.0000
683,ep,Persistence,1.0000
683,ep,DataStore,1.0000
683,ep,Enterprise,1.0000
683,ep,Reporting,1.0000
686,paf,printRunningTotal,1.0000
686,paf,saleStartedEvent,1.0000
686,paf,stopSale,1.0000
686,ep,New-Component_vlssnenejm,1.0000
687,paf,printRunningTotal,1.0000
687,paf,saleStartedEvent,1.0000
687,paf,stopSale,1.0000
687,ep,New-Component_vlssnenejm,1.0000
690,paf,getMeanTimeToDeliveryReport,1.0000
690,paf,rollInReceivedOrder,1.0000
690,paf,getMeanTimeToDelivery,1.0000
690,paf,getTransactionContext,1.0000
690,paf,queryOrderById,1.0000
690,paf,getEnterpriseByID,1.0000
690,paf,getTransaction,1.0000
690,paf,queryStockItem,1.0000
690,ep,Persistence,1.0000
690,ep,DataStore,1.0000
690,ep,Enterprise,1.0000
690,ep,Reporting,1.0000
691,paf,printRunningTotal,1.0000
691,paf,productBarCodeScannedEvent,1.0000
691,paf,saleStartedEvent,1.0000
691,paf,scanProduct,1.0000
691,paf,stopSale,1.0000
694,paf,getMeanTimeToDeliveryReport,1.0000
694,paf,rollInReceivedOrder,1.0000
694,paf,getMeanTimeToDelivery,1.0000
694,paf,getTransactionContext,1.0000
694,paf,queryOrderById,1.0000
694,paf,getEnterpriseByID,1.0000
694,paf,getTransaction,1.0000
694,paf,queryStockItem,1.0000
694,ep,Persistence,1.0000
694,ep,DataStore,1.0000
694,ep,Enterprise,1.0000
694,ep,Reporting,1.0000
695,paf,printRunningTotal,1.0000
695,paf,saleStartedEvent,1.0000
695,paf,stopSale,1.0000
695,ep,New-Component_vlssnenejm,1.0000
698,paf,printRunningTotal,1.0000
698,paf,saleStartedEvent,1.0000
698,paf,stopSale,1.0000
698,ep,New-Component_vlssnenejm,1.0000
699,paf,printRunningTotal,1.0000
699,paf,createReport,1.0000
699,paf,getMeanTimeToDeliveryReport,1.0000
699,paf,getMeanTimeToDelivery,1.0000
699,paf,getTransactionContext,1.0000
699,paf,enterOrderID,1.0000
699,paf,getEnterpriseByID,1.0000
699,paf,getTransaction,1.0000
699,ep,Persistence,1.0000
699,ep,DataStore,1.0000
699,ep,Enterprise,1.0000
699,ep,Reporting,1.0000
702,paf,getMeanTimeToDeliveryReport,1.0000
702,paf,rollInReceivedOrder,1.0000
702,paf,getMeanTimeToDelivery,1.0000
702,paf,queryOrderById,1.0000
702,paf,enterOrderID,1.0000
702,paf,getEnterpriseByID,1.0000
702,paf,queryStockItem,1.0000
702,ep,Persistence,1.0000
702,ep,DataStore,1.0000
702,ep,Enterprise,1.0000
702,ep,Reporting,1.0000
703,paf,createReport,1.0000
703,paf,getMeanTimeToDeliveryReport,1.0000
703,paf,rollInReceivedOrder,1.0000
703,paf,getMeanTimeToDelivery,1.0000
703,paf,getTransactionContext,1.0000
703,paf,queryOrderById,1.0000
703,paf,enterOrderID,1.0000
703,paf,getEnterpriseByID,1.0000
703,paf,getTransaction,1.0000
703,paf,queryStockItem,1.0000
703,ep,Persistence,1.0000
703,ep,DataStore,1.0000
703,ep,Enterprise,1.0000
703,ep,Reporting,1.0000
706,paf,printRunningTotal,1.0000
706,paf,saleStartedEvent,1.0000
706,paf,stopSale,1.0000
706,ep,New-Component_vlssnenejm,1.0000
707,paf,getMeanTimeToDeliveryReport,1.0000
707,paf,rollInReceivedOrder,1.0000
707,paf,getMeanTimeToDelivery,1.0000
707,paf,getTransactionContext,1.0000
707,paf,queryOrderById,1.0000
707,paf,getEnterpriseByID,1.0000
707,paf,getTransaction,1.0000
707,paf,queryStockItem,1.0000
707,ep,Persistence,1.0000
707,ep,DataStore,1.0000
707,ep,Enterprise,1.0000
707,ep,Reporting,1.0000
710,paf,printRunningTotal,1.0000
710,paf,productBarCodeScannedEvent,1.0000
710,paf,saleStartedEvent,1.0000
710,paf,scanProduct,1.0000
710,paf,stopSale,1.0000
711,paf,printRunningTotal,1.0000
711,paf,productBarCodeScannedEvent,1.0000
711,paf,saleStartedEvent,1.0000
711,paf,scanProduct,1.0000
711,paf,stopSale,1.0000
712,paf,printRunningTotal,1.0000
712,paf,productBarCodeScannedEvent,1.0000
712,paf,saleStartedEvent,1.0000
712,paf,scanProduct,1.0000
712,paf,stopSale,1.0000
713,paf,printRunningTotal,1.0000
713,paf,productBarCodeScannedEvent,1.0000
713,paf,saleStartedEvent,1.0000
713,paf,scanProduct,1.0000
713,paf,stopSale,1.0000
716,paf,printRunningTotal,1.0000
716,paf,productBarCodeScannedEvent,1.0000
716,paf,saleStartedEvent,1.0000
716,paf,scanProduct,1.0000
716,paf,stopSale,1.0000
717,paf,createReport,1.0000
717,paf,getMeanTimeToDeliveryReport,1.0000
717,paf,getMeanTimeToDelivery,1.0000
717,paf,getTransactionContext,1.0000
717,paf,queryOrderById,1.0000
717,paf,enterOrderID,1.0000
717,paf,getEnterpriseByID,1.0000
717,paf,getTransaction,1.0000
717,paf,queryStockItem,1.0000
717,ep,Persistence,1.0000
717,ep,DataStore,1.0000
717,ep,Enterprise,1.0000
717,ep,Reporting,1.0000
720,paf,printRunningTotal,1.0000
720,paf,saleStartedEvent,1.0000
720,paf,stopSale,1.0000
720,ep,New-Component_vlssnenejm,1.0000
721,paf,printRunningTotal,1.0000
721,paf,productBarCodeScannedEvent,1.0000
721,paf,saleStartedEvent,1.0000
721,paf,scanProduct,1.0000
721,paf,stopSale,1.0000
724,paf,getMeanTimeToDeliveryReport,1.0000
724,paf,getMeanTimeToDelivery,1.0000
724,paf,getTransactionContext,1.0000
724,paf,queryOrderById,1.0000
724,paf,getEnterpriseByID,1.0000
724,paf,getTransaction,1.0000
724,paf,queryStockItem,1.0000
724,ep,Persistence,1.0000
724,ep,DataStore,1.0000
724,ep,Enterprise,1.0000
724,ep,Reporting,1.0000
725,paf,getMeanTimeToDeliveryReport,1.0000
725,paf,rollInReceivedOrder,1.0000
725,paf,getMeanTimeToDelivery,1.0000
725,paf,getTransactionContext,1.0000
725,paf,queryOrderById,1.0000
725,paf,getEnterpriseByID,1.0000
725,paf,getTransaction,1.0000
725,paf,queryStockItem,1.0000
725,ep,Persistence,1.0000
725,ep,DataStore,1.0000
725,ep,Enterprise,1.0000
725,ep,Reporting,1.0000
728,paf,createReport,1.0000
728,paf,getMeanTimeToDeliveryReport,1.0000
728,paf,getMeanTimeToDelivery,1.0000
728,paf,queryOrderById,1.0000
728,paf,enterOrderID,1.0000
728,paf,getEnterpriseByID,1.0000
728,paf,getTransaction,1.0000
728,paf,queryStockItem,1.0000
728,ep,Persistence,1.0000
728,ep,DataStore,1.0000
728,ep,Enterprise,1.0000
728,ep,Reporting,1.0000
729,paf,printRunningTotal,1.0000
729,paf,saleStartedEvent,1.0000
729,paf,stopSale,1.0000
729,ep,New-Component_vlssnenejm,1.0000
732,paf,printRunningTotal,1.0000
732,paf,saleStartedEvent,1.0000
732,paf,stopSale,1.0000
732,ep,New-Component_vlssnenejm,1.0000
733,paf,getMeanTimeToDeliveryReport,1.0000
733,paf,getMeanTimeToDelivery,1.0000
733,paf,queryOrderById,1.0000
733,paf,enterOrderID,1.0000
733,paf,getEnterpriseByID,1.0000
733,paf,getTransaction,1.0000
733,paf,queryStockItem,1.0000
733,ep,Persistence,1.0000
733,ep,DataStore,1.0000
733,ep,Enterprise,1.0000
733,ep,Reporting,1.0000
736,paf,printRunningTotal,1.0000
736,paf,saleStartedEvent,1.0000
736,paf,stopSale,1.0000
736,ep,New-Component_vlssnenejm,1.0000
737,paf,printRunningTotal,1.0000
737,paf,saleStartedEvent,1.0000
737,paf,stopSale,1.0000
737,ep,New-Component_vlssnenejm,1.0000
740,paf,createReport,1.0000
740,paf,getMeanTimeToDeliveryReport,1.0000
740,paf,getMeanTimeToDelivery,1.0000
740,paf,getTransactionContext,1.0000
740,paf,queryOrderById,1.0000
740,paf,enterOrderID,1.0000
740,paf,getEnterpriseByID,1.0000
740,paf,getTransaction,1.0000
740,paf,queryStockItem,1.0000
740,ep,Persistence,1.0000
740,ep,DataStore,1.0000
740,ep,Enterprise,1.0000
740,ep,Reporting,1.0000
741,paf,createReport,1.0000
741,paf,getMeanTimeToDeliveryReport,1.0000
741,paf,getMeanTimeToDelivery,1.0000
741,paf,getTransactionContext,1.0000
741,paf,queryOrderById,1.0000
741,paf,enterOrderID,1.0000
741,paf,getEnterpriseByID,1.0000
741,paf,getTransaction,1.0000
741,paf,queryStockItem,1.0000
741,ep,Persistence,1.0000
741,ep,DataStore,1.0000
741,ep,Enterprise,1.0000
741,ep,Reporting,1.0000
744,paf,createReport,1.0000
744,paf,getMeanTimeToDeliveryReport,1.0000
744,paf,rollInReceivedOrder,1.0000
744,paf,getMeanTimeToDelivery,1.0000
744,paf,getTransactionContext,1.0000
744,paf,enterOrderID,1.0000
744,paf,getEnterpriseByID,1.0000
744,paf,getTransaction,1.0000
744,ep,Persistence,1.0000
744,ep,DataStore,1.0000
744,ep,Enterprise,1.0000
744,ep,Reporting,1.0000
745,paf,getMeanTimeToDeliveryReport,1.0000
745,paf,rollInReceivedOrder,1.0000
745,paf,getMeanTimeToDelivery,1.0000
745,paf,getTransactionContext,1.0000
745,paf,queryOrderById,1.0000
745,paf,getEnterpriseByID,1.0000
745,paf,getTransaction,1.0000
745,paf,queryStockItem,1.0000
745,ep,Persistence,1.0000
745,ep,DataStore,1.0000
745,ep,Enterprise,1.0000
745,ep,Reporting,1.0000
746,paf,getMeanTimeToDeliveryReport,1.0000
746,paf,rollInReceivedOrder,1.0000
746,paf,getMeanTimeToDelivery,1.0000
746,paf,queryOrderById,1.0000
746,paf,enterOrderID,1.0000
746,paf,getEnterpriseByID,1.0000
746,paf,getTransaction,1.0000
746,paf,queryStockItem,1.0000
746,ep,Persistence,1.0000
746,ep,DataStore,1.0000
746,ep,Enterprise,1.0000
746,ep,Reporting,1.0000
747,paf,printRunningTotal,1.0000
747,paf,saleStartedEvent,1.0000
747,paf,stopSale,1.0000
747,ep,New-Component_vlssnenejm,1.0000
750,paf,printRunningTotal,1.0000
750,paf,saleStartedEvent,1.0000
750,paf,stopSale,1.0000
750,ep,New-Component_vlssnenejm,1.0000
751,paf,getMeanTimeToDeliveryReport,1.0000
751,paf,getMeanTimeToDelivery,1.0000
751,paf,getTransactionContext,1.0000
751,paf,queryOrderById,1.0000
751,paf,getEnterpriseByID,1.0000
751,paf,getTransaction,1.0000
751,paf,queryStockItem,1.0000
751,ep,Persistence,1.0000
751,ep,DataStore,1.0000
751,ep,Enterprise,1.0000
751,ep,Reporting,1.0000
754,paf,getMeanTimeToDeliveryReport,1.0000
754,paf,rollInReceivedOrder,1.0000
754,paf,getMeanTimeToDelivery,1.0000
754,paf,getTransactionContext,1.0000
754,paf,queryOrderById,1.0000
754,paf,getEnterpriseByID,1.0000
754,paf,getTransaction,1.0000
754,paf,queryStockItem,1.0000
754,ep,Persistence,1.0000
754,ep,DataStore,1.0000
754,ep,Enterprise,1.0000
754,ep,Reporting,1.0000
755,paf,getMeanTimeToDeliveryReport,1.0000
755,paf,rollInReceivedOrder,1.0000
755,paf,getMeanTimeToDelivery,1.0000
755,paf,getTransactionContext,1.0000
755,paf,queryOrderById,1.0000
755,paf,getEnterpriseByID,1.0000
755,paf,getTransaction,1.0000
755,paf,queryStockItem,1.0000
755,ep,Persistence,1.0000
755,ep,DataStore,1.0000
755,ep,Enterprise,1.0000
755,ep,Reporting,1.0000
756,paf,getMeanTimeToDeliveryReport,1.0000
756,paf,rollInReceivedOrder,1.0000
756,paf,getMeanTimeToDelivery,1.0000
756,paf,getTransactionContext,1.0000
756,paf,queryOrderById,1.0000
756,paf,getEnterpriseByID,1.0000
756,paf,getTransaction,1.0000
756,paf,queryStockItem,1.0000
756,ep,Persistence,1.0000
756,ep,DataStore,1.0000
756,ep,Enterprise,1.0000
756,ep,Reporting,1.0000
757,paf,printRunningTotal,1.0000
757,paf,saleStartedEvent,1.0000
757,paf,stopSale,1.0000
757,ep,New-Component_vlssnenejm,1.0000
760,paf,getMeanTimeToDeliveryReport,1.0000
760,paf,rollInReceivedOrder,1.0000
760,paf,getMeanTimeToDelivery,1.0000
760,paf,getTransactionContext,1.0000
760,paf,queryOrderById,1.0000
760,paf,getEnterpriseByID,1.0000
760,paf,getTransaction,1.0000
760,paf,queryStockItem,1.0000
760,ep,Persistence,1.0000
760,ep,DataStore,1.0000
760,ep,Enterprise,1.0000
760,ep,Reporting,1.0000
761,paf,printRunningTotal,1.0000
761,paf,saleStartedEvent,1.0000
761,paf,stopSale,1.0000
761,ep,New-Component_vlssnenejm,1.0000
764,paf,getMeanTimeToDeliveryReport,1.0000
764,paf,rollInReceivedOrder,1.0000
764,paf,getMeanTimeToDelivery,1.0000
764,paf,queryOrderById,1.0000
764,paf,enterOrderID,1.0000
764,paf,getEnterpriseByID,1.0000
764,paf,queryStockItem,1.0000
764,ep,Persistence,1.0000
764,ep,DataStore,1.0000
764,ep,Enterprise,1.0000
764,ep,Reporting,1.0000
765,paf,getMeanTimeToDeliveryReport,1.0000
765,paf,rollInReceivedOrder,1.0000
765,paf,getMeanTimeToDelivery,1.0000
765,paf,getTransactionContext,1.0000
765,paf,queryOrderById,1.0000
765,paf,getEnterpriseByID,1.0000
765,paf,getTransaction,1.0000
765,paf,queryStockItem,1.0000
765,ep,Persistence,1.0000
765,ep,DataStore,1.0000
765,ep,Enterprise,1.0000
765,ep,Reporting,1.0000
768,paf,printRunningTotal,1.0000
768,paf,productBarCodeScannedEvent,1.0000
768,paf,saleStartedEvent,1.0000
768,paf,scanProduct,1.0000
768,paf,stopSale,1.0000
769,paf,createReport,1.0000
769,paf,getMeanTimeToDeliveryReport,1.0000
769,paf,getMeanTimeToDelivery,1.0000
769,paf,pressButton,0.9773
769,paf,enterOrderID,1.0000
769,paf,getEnterpriseByID,1.0000
769,paf,getTransaction,1.0000
769,ep,Persistence,1.0000
769,ep,DataStore,1.0000
769,ep,Enterprise,1.0000
769,ep,GUIStore,0.9773
769,ep,GUIReporting,0.9773
769,ep,Reporting,1.0000
772,paf,getMeanTimeToDeliveryReport,1.0000
772,paf,rollInReceivedOrder,1.0000
772,paf,getMeanTimeToDelivery,1.0000
772,paf,getTransactionContext,1.0000
772,paf,queryOrderById,1.0000
772,paf,getEnterpriseByID,1.0000
772,paf,getTransaction,1.0000
772,paf,queryStockItem,1.0000
772,ep,Persistence,1.0000
772,ep,DataStore,1.0000
772,ep,Enterprise,1.0000
772,ep,Reporting,1.0000
773,paf,getMeanTimeToDeliveryReport,1.0000
773,paf,rollInReceivedOrder,1.0000
773,paf,getMeanTimeToDelivery,1.0000
773,paf,getTransactionContext,1.0000
773,paf,queryOrderById,1.0000
773,paf,getEnterpriseByID,1.0000
773,paf,getTransaction,1.0000
773,paf,queryStockItem,1.0000
773,ep,Persistence,1.0000
773,ep,DataStore,1.0000
773,ep,Enterprise,1.0000
773,ep,Reporting,1.0000
776,paf,printRunningTotal,1.0000
776,paf,saleStartedEvent,1.0000
776,paf,stopSale,1.0000
776,ep,New-Component_vlssnenejm,1.0000
777,paf,printRunningTotal,1.0000
777,paf,productBarCodeScannedEvent,1.0000
777,paf,saleStartedEvent,1.0000
777,paf,scanProduct,1.0000
777,paf,stopSale,1.0000
780,paf,createReport,1.0000
780,paf,getMeanTimeToDeliveryReport,1.0000
780,paf,getMeanTimeToDelivery,1.0000
780,paf,getTransactionContext,1.0000
780,paf,queryOrderById,1.0000
780,paf,enterOrderID,1.0000
780,paf,getEnterpriseByID,1.0000
780,paf,queryStockItem,1.0000
780,paf,getTransaction,1.0000
780,ep,Persistence,1.0000
780,ep,DataStore,1.0000
780,ep,Enterprise,1.0000
780,ep,Reporting,1.0000
781,paf,createReport,1.0000
781,paf,getMeanTimeToDeliveryReport,1.0000
781,paf,rollInReceivedOrder,1.0000
781,paf,getMeanTimeToDelivery,1.0000
781,paf,getTransactionContext,1.0000
781,paf,queryOrderById,1.0000
781,paf,getEnterpriseByID,1.0000
781,paf,queryStockItem,1.0000
781,ep,Persistence,1.0000
781,ep,DataStore,1.0000
781,ep,Enterprise,1.0000
781,ep,Reporting,1.0000
784,paf,getMeanTimeToDeliveryReport,1.0000
784,paf,rollInReceivedOrder,1.0000
784,paf,getMeanTimeToDelivery,1.0000
784,paf,getTransactionContext,1.0000
784,paf,queryOrderById,1.0000
784,paf,getEnterpriseByID,1.0000
784,paf,getTransaction,1.0000
784,paf,queryStockItem,1.0000
784,ep,Persistence,1.0000
784,ep,DataStore,1.0000
784,ep,Enterprise,1.0000
784,ep,Reporting,1.0000
785,paf,getMeanTimeToDeliveryReport,1.0000
785,paf,rollInReceivedOrder,1.0000
785,paf,getMeanTimeToDelivery,1.0000
785,paf,getTransactionContext,1.0000
785,paf,queryOrderById,1.0000
785,paf,getEnterpriseByID,1.0000
785,paf,getTransaction,1.0000
785,paf,queryStockItem,1.0000
785,ep,Persistence,1.0000
785,ep,DataStore,1.0000
785,ep,Enterprise,1.0000
785,ep,Reporting,1.0000
788,paf,getMeanTimeToDeliveryReport,1.0000
788,paf,rollInReceivedOrder,1.0000
788,paf,getMeanTimeToDelivery,1.0000
788,paf,getTransactionContext,1.0000
788,paf,queryOrderById,1.0000
788,paf,getEnterpriseByID,1.0000
788,paf,getTransaction,1.0000
788,paf,queryStockItem,1.0000
788,ep,Persistence,1.0000
788,ep,DataStore,1.0000
788,ep,Enterprise,1.0000
788,ep,Reporting,1.0000
789,paf,createReport,1.0000
789,paf,getMeanTimeToDeliveryReport,1.0000
789,paf,getMeanTimeToDelivery,1.0000
789,paf,getTransactionContext,1.0000
789,paf,queryOrderById,1.0000
789,paf,enterOrderID,1.0000
789,paf,getEnterpriseByID,1.0000
789,paf,queryStockItem,1.0000
789,paf,getTransaction,1.0000
789,ep,Persistence,1.0000
789,ep,DataStore,1.0000
789,ep,Enterprise,1.0000
789,ep,Reporting,1.0000
792,paf,createReport,1.0000
792,paf,getMeanTimeToDeliveryReport,1.0000
792,paf,getMeanTimeToDelivery,1.0000
792,paf,getTransactionContext,1.0000
792,paf,queryOrderById,1.0000
792,paf,enterOrderID,1.0000
792,paf,getEnterpriseByID,1.0000
792,paf,getTransaction,1.0000
792,paf,queryStockItem,1.0000
792,ep,Persistence,1.0000
792,ep,DataStore,1.0000
792,ep,Enterprise,1.0000
792,ep,Reporting,1.0000
793,paf,getMeanTimeToDeliveryReport,1.0000
793,paf,getMeanTimeToDelivery,1.0000
793,paf,getTransactionContext,1.0000
793,paf,queryOrderById,1.0000
793,paf,getEnterpriseByID,1.0000
793,paf,getTransaction,1.0000
793,paf,queryStockItem,1.0000
793,ep,Persistence,1.0000
793,ep,DataStore,1.0000
793,ep,Enterprise,1.0000
793,ep,Reporting,1.0000
796,paf,getMeanTimeToDeliveryReport,1.0000
796,paf,getMeanTimeToDelivery,1.0000
796,paf,getTransactionContext,1.0000
796,paf,queryOrderById,1.0000
796,paf,getEnterpriseByID,1.0000
796,paf,getTransaction,1.0000
796,paf,queryStockItem,1.0000
796,ep,Persistence,1.0000
796,ep,DataStore,1.0000
796,ep,Enterprise,1.0000
796,ep,Reporting,1.0000
797,paf,createReport,1.0000
797,paf,getMeanTimeToDeliveryReport,1.0000
797,paf,getMeanTimeToDelivery,1.0000
797,paf,getTransactionContext,1.0000
797,paf,queryOrderById,1.0000
797,paf,enterOrderID,1.0000
797,paf,getEnterpriseByID,1.0000
797,paf,getTransaction,1.0000
797,paf,queryStockItem,1.0000
797,ep,Persistence,1.0000
797,ep,DataStore,1.0000
797,ep,Enterprise,1.0000
797,ep,Reporting,1.0000
800,paf,getMeanTimeToDeliveryReport,1.0000
800,paf,rollInReceivedOrder,1.0000
800,paf,getMeanTimeToDelivery,1.0000
800,paf,queryOrderById,1.0000
800,paf,enterOrderID,1.0000
800,paf,getEnterpriseByID,1.0000
800,paf,queryStockItem,1.0000
800,ep,Persistence,1.0000
800,ep,DataStore,1.0000
800,ep,Enterprise,1.0000
800,ep,Reporting,1.0000
801,paf,printRunningTotal,1.0000
801,paf,saleStartedEvent,1.0000
801,paf,stopSale,1.0000
801,ep,New-Component_vlssnenejm,1.0000
804,paf,getMeanTimeToDeliveryReport,1.0000
804,paf,rollInReceivedOrder,1.0000
804,paf,getMeanTimeToDelivery,1.0000
804,paf,getTransactionContext,1.0000
804,paf,queryOrderById,1.0000
804,paf,getEnterpriseByID,1.0000
804,paf,getTransaction,1.0000
804,paf,queryStockItem,1.0000
804,ep,Persistence,1.0000
804,ep,DataStore,1.0000
804,ep,Enterprise,1.0000
804,ep,Reporting,1.0000
805,paf,createReport,0.9734
805,paf,getMeanTimeToDeliveryReport,1.0000
805,paf,getMeanTimeToDelivery,1.0000
805,paf,queryOrderById,1.0000
805,paf,getTransactionContext,1.0000
805,paf,enterOrderID,1.0000
805,paf,getEnterpriseByID,1.0000
805,paf,getTransaction,1.0000
805,paf,queryStockItem,1.0000
805,ep,Persistence,1.0000
805,ep,DataStore,1.0000
805,ep,Enterprise,1.0000
805,ep,Reporting,1.0000
808,paf,getMeanTimeToDeliveryReport,1.0000
808,paf,rollInReceivedOrder,1.0000
808,paf,getMeanTimeToDelivery,1.0000
808,paf,getTransactionContext,1.0000
808,paf,queryOrderById,1.0000
808,paf,getEnterpriseByID,1.0000
808,paf,getTransaction,1.0000
808,paf,queryStockItem,1.0000
808,ep,Persistence,1.0000
808,ep,DataStore,1.0000
808,ep,Enterprise,1.0000
808,ep,Reporting,1.0000
809,paf,createReport,1.0000
809,paf,getMeanTimeToDeliveryReport,1.0000
809,paf,getMeanTimeToDelivery,1.0000
809,paf,getTransactionContext,1.0000
809,paf,queryOrderById,1.0000
809,paf,enterOrderID,1.0000
809,paf,getEnterpriseByID,1.0000
809,paf,getTransaction,1.0000
809,paf,queryStockItem,1.0000
809,ep,Persistence,1.0000
809,ep,DataStore,1.0000
809,ep,Enterprise,1.0000
809,ep,Reporting,1.0000
812,paf,printRunningTotal,1.0000
812,paf,productBarCodeScannedEvent,1.0000
812,paf,saleStartedEvent,1.0000
812,paf,scanProduct,1.0000
812,paf,stopSale,1.0000
813,paf,getMeanTimeToDeliveryReport,1.0000
813,paf,getMeanTimeToDelivery,1.0000
813,paf,getTransactionContext,1.0000
813,paf,queryOrderById,1.0000
813,paf,getEnterpriseByID,1.0000
813,paf,getTransaction,1.0000
813,paf,queryStockItem,1.0000
813,ep,Persistence,1.0000
813,ep,DataStore,1.0000
813,ep,Enterprise,1.0000
813,ep,Reporting,1.0000
816,paf,printRunningTotal,1.0000
816,paf,productBarCodeScannedEvent,1.0000
816,paf,saleStartedEvent,1.0000
816,paf,scanProduct,1.0000
816,paf,stopSale,1.0000
817,paf,getMeanTimeToDeliveryReport,1.0000
817,paf,rollInReceivedOrder,1.0000
817,paf,getMeanTimeToDelivery,1.0000
817,paf,getTransactionContext,1.0000
817,paf,queryOrderById,1.0000
817,paf,getEnterpriseByID,1.0000
817,paf,getTransaction,1.0000
817,paf,queryStockItem,1.0000
817,ep,Persistence,1.0000
817,ep,DataStore,1.0000
817,ep,Enterprise,1.0000
817,ep,Reporting,1.0000
818,paf,printRunningTotal,1.0000
818,paf,productBarCodeScannedEvent,1.0000
818,paf,saleStartedEvent,1.0000
818,paf,scanProduct,1.0000
818,paf,stopSale,1.0000
819,paf,createReport,1.0000
819,paf,getMeanTimeToDeliveryReport,1.0000
819,paf,rollInReceivedOrder,1.0000
819,paf,getMeanTimeToDelivery,1.0000
819,paf,getTransactionContext,1.0000
819,paf,enterOrderID,1.0000
819,paf,getEnterpriseByID,1.0000
819,paf,getTransaction,1.0000
819,ep,Persistence,1.0000
819,ep,DataStore,1.0000
819,ep,Enterprise,1.0000
819,ep,Reporting,1.0000
822,paf,getMeanTimeToDeliveryReport,1.0000
822,paf,rollInReceivedOrder,1.0000
822,paf,getMeanTimeToDelivery,1.0000
822,paf,getTransactionContext,1.0000
822,paf,queryOrderById,1.0000
822,paf,enterOrderID,1.0000
822,paf,getEnterpriseByID,1.0000
822,paf,getTransaction,1.0000
822,paf,queryStockItem,1.0000
822,ep,Persistence,1.0000
822,ep,DataStore,1.0000
822,ep,Enterprise,1.0000
822,ep,Reporting,1.0000
823,paf,printRunningTotal,1.0000
823,paf,productBarCodeScannedEvent,1.0000
823,paf,saleStartedEvent,1.0000
823,paf,scanProduct,1.0000
823,paf,stopSale,1.0000
826,paf,getMeanTimeToDeliveryReport,1.0000
826,paf,rollInReceivedOrder,1.0000
826,paf,getMeanTimeToDelivery,1.0000
826,paf,queryOrderById,1.0000
826,paf,enterOrderID,1.0000
826,paf,getEnterpriseByID,1.0000
826,paf,queryStockItem,1.0000
826,ep,Persistence,1.0000
826,ep,DataStore,1.0000
826,ep,Enterprise,1.0000
826,ep,Reporting,1.0000
827,paf,getMeanTimeToDeliveryReport,1.0000
827,paf,rollInReceivedOrder,1.0000
827,paf,getMeanTimeToDelivery,1.0000
827,paf,getTransactionContext,1.0000
827,paf,queryOrderById,1.0000
827,paf,getEnterpriseByID,1.0000
827,paf,getTransaction,1.0000
827,paf,queryStockItem,1.0000
827,ep,Persistence,1.0000
827,ep,DataStore,1.0000
827,ep,Enterprise,1.0000
827,ep,Reporting,1.0000
830,paf,createReport,1.0000
830,paf,getMeanTimeToDeliveryReport,1.0000
830,paf,rollInReceivedOrder,1.0000
830,paf,getMeanTimeToDelivery,1.0000
830,paf,getTransactionContext,1.0000
830,paf,enterOrderID,1.0000
830,paf,getEnterpriseByID,1.0000
830,paf,getTransaction,1.0000
830,ep,Persistence,1.0000
830,ep,DataStore,1.0000
830,ep,Enterprise,1.0000
830,ep,Reporting,1.0000
831,paf,getMeanTimeToDeliveryReport,1.0000
831,paf,rollInReceivedOrder,1.0000
831,paf,getMeanTimeToDelivery,1.0000
831,paf,getTransactionContext,1.0000
831,paf,queryOrderById,1.0000
831,paf,getEnterpriseByID,1.0000
831,paf,getTransaction,1.0000
831,paf,queryStockItem,1.0000
831,ep,Persistence,1.0000
831,ep,DataStore,1.0000
831,ep,Enterprise,1.0000
831,ep,Reporting,1.0000
834,paf,createReport,1.0000
834,paf,getMeanTimeToDeliveryReport,1.0000
834,paf,getMeanTimeToDelivery,1.0000
834,paf,getTransactionContext,1.0000
834,paf,queryOrderById,1.0000
834,paf,enterOrderID,1.0000
834,paf,getEnterpriseByID,1.0000
834,paf,getTransaction,1.0000
834,paf,queryStockItem,1.0000
834,ep,Persistence,1.0000
834,ep,DataStore,1.0000
834,ep,Enterprise,1.0000
834,ep,Reporting,1.0000
835,paf,printRunningTotal,1.0000
835,paf,saleStartedEvent,1.0000
835,paf,stopSale,1.0000
835,ep,New-Component_vlssnenejm,1.0000
836,paf,printRunningTotal,1.0000
836,paf,productBarCodeScannedEvent,1.0000
836,paf,saleStartedEvent,1.0000
836,paf,scanProduct,1.0000
836,paf,stopSale,1.0000
837,paf,printRunningTotal,1.0000
837,paf,saleStartedEvent,1.0000
837,paf,stopSale,1.0000
837,ep,New-Component_vlssnenejm,1.0000
840,paf,printRunningTotal,1.0000
840,paf,saleStartedEvent,1.0000
840,paf,stopSale,1.0000
840,ep,New-Component_vlssnenejm,1.0000
841,paf,getMeanTimeToDeliveryReport,1.0000
841,paf,rollInReceivedOrder,1.0000
841,paf,getMeanTimeToDelivery,1.0000
841,paf,getTransactionContext,1.0000
841,paf,queryOrderById,1.0000
841,paf,getEnterpriseByID,1.0000
841,paf,getTransaction,1.0000
841,paf,queryStockItem,1.0000
841,ep,Persistence,1.0000
841,ep,DataStore,1.0000
841,ep,Enterprise,1.0000
841,ep,Reporting,1.0000
842,paf,printRunningTotal,1.0000
842,paf,productBarCodeScannedEvent,1.0000
842,paf,saleStartedEvent,1.0000
842,paf,scanProduct,1.0000
842,paf,stopSale,1.0000
843,paf,printRunningTotal,1.0000
843,paf,saleStartedEvent,1.0000
843,paf,stopSale,1.0000
843,ep,New-Component_vlssnenejm,1.0000
846,paf,getMeanTimeToDeliveryReport,1.0000
846,paf,rollInReceivedOrder,1.0000
846,paf,getMeanTimeToDelivery,1.0000
846,paf,getTransactionContext,1.0000
846,paf,queryOrderById,1.0000
846,paf,getEnterpriseByID,1.0000
846,paf,getTransaction,1.0000
846,paf,queryStockItem,1.0000
846,ep,Persistence,1.0000
846,ep,DataStore,1.0000
846,ep,Enterprise,1.0000
846,ep,Reporting,1.0000
847,paf,printRunningTotal,1.0000
847,paf,saleStartedEvent,1.0000
847,paf,stopSale,1.0000
847,ep,New-Component_vlssnenejm,1.0000
850,paf,getMeanTimeToDeliveryReport,1.0000
850,paf,rollInReceivedOrder,1.0000
850,paf,getMeanTimeToDelivery,1.0000
850,paf,queryOrderById,1.0000
850,paf,enterOrderID,1.0000
850,paf,getEnterpriseByID,1.0000
850,paf,queryStockItem,1.0000
850,ep,Persistence,1.0000
850,ep,DataStore,1.0000
850,ep,Enterprise,1.0000
850,ep,Reporting,1.0000
851,paf,getMeanTimeToDeliveryReport,1.0000
851,paf,rollInReceivedOrder,1.0000
851,paf,getMeanTimeToDelivery,1.0000
851,paf,getTransactionContext,1.0000
851,paf,queryOrderById,1.0000
851,paf,getEnterpriseByID,1.0000
851,paf,getTransaction,1.0000
851,paf,queryStockItem,1.0000
851,ep,Persistence,1.0000
851,ep,DataStore,1.0000
851,ep,Enterprise,1.0000
851,ep,Reporting,1.0000
854,paf,getMeanTimeToDeliveryReport,1.0000
854,paf,rollInReceivedOrder,1.0000
854,paf,getMeanTimeToDelivery,1.0000
854,paf,getTransactionContext,1.0000
854,paf,queryOrderById,1.0000
854,paf,getEnterpriseByID,1.0000
854,paf,getTransaction,1.0000
854,paf,queryStockItem,1.0000
854,ep,Persistence,1.0000
854,ep,DataStore,1.0000
854,ep,Enterprise,1.0000
854,ep,Reporting,1.0000
855,paf,getMeanTimeToDeliveryReport,1.0000
855,paf,rollInReceivedOrder,1.0000
855,paf,getMeanTimeToDelivery,1.0000
855,paf,getTransactionContext,1.0000
855,paf,queryOrderById,1.0000
855,paf,getEnterpriseByID,1.0000
855,paf,getTransaction,1.0000
855,paf,queryStockItem,1.0000
855,ep,Persistence,1.0000
855,ep,DataStore,1.0000
855,ep,Enterprise,1.0000
855,ep,Reporting,1.0000
858,paf,createReport,1.0000
858,paf,getMeanTimeToDeliveryReport,1.0000
858,paf,getMeanTimeToDelivery,1.0000
858,paf,getTransactionContext,1.0000
858,paf,queryOrderById,1.0000
858,paf,enterOrderID,1.0000
858,paf,getEnterpriseByID,1.0000
858,paf,getTransaction,1.0000
858,paf,queryStockItem,1.0000
858,ep,Persistence,1.0000
858,ep,DataStore,1.0000
858,ep,Enterprise,1.0000
858,ep,Reporting,1.0000
859,paf,createReport,1.0000
859,paf,getMeanTimeToDeliveryReport,1.0000
859,paf,getMeanTimeToDelivery,1.0000
859,paf,getTransactionContext,1.0000
859,paf,queryOrderById,1.0000
859,paf,enterOrderID,1.0000
859,paf,getEnterpriseByID,1.0000
859,paf,queryStockItem,1.0000
859,ep,Persistence,1.0000
859,ep,DataStore,1.0000
859,ep,Enterprise,1.0000
859,ep,Reporting,1.0000
862,paf,getMeanTimeToDeliveryReport,1.0000
862,paf,rollInReceivedOrder,1.0000
862,paf,getMeanTimeToDelivery,1.0000
862,paf,getTransactionContext,1.0000
862,paf,queryOrderById,1.0000
862,paf,getEnterpriseByID,1.0000
862,paf,getTransaction,1.0000
862,paf,queryStockItem,1.0000
862,ep,Persistence,1.0000
862,ep,DataStore,1.0000
862,ep,Enterprise,1.0000
862,ep,Reporting,1.0000
863,paf,printRunningTotal,1.0000
863,paf,productBarCodeScannedEvent,1.0000
863,paf,saleStartedEvent,1.0000
863,paf,scanProduct,1.0000
863,paf,stopSale,1.0000
866,paf,getMeanTimeToDeliveryReport,1.0000
866,paf,rollInReceivedOrder,1.0000
866,paf,getMeanTimeToDelivery,1.0000
866,paf,queryOrderById,1.0000
866,paf,enterOrderID,1.0000
866,paf,getEnterpriseByID,1.0000
866,paf,queryStockItem,1.0000
866,ep,Persistence,1.0000
866,ep,DataStore,1.0000
866,ep,Enterprise,1.0000
866,ep,Reporting,1.0000
867,paf,printRunningTotal,1.0000
867,paf,saleStartedEvent,1.0000
867,paf,stopSale,1.0000
867,ep,New-Component_vlssnenejm,1.0000
870,paf,printRunningTotal,1.0000
870,paf,productBarCodeScannedEvent,1.0000
870,paf,saleStartedEvent,1.0000
870,paf,scanProduct,1.0000
870,paf,stopSale,1.0000
871,paf,printRunningTotal,1.0000
871,paf,saleStartedEvent,1.0000
871,paf,stopSale,1.0000
871,ep,New-Component_vlssnenejm,1.0000
874,paf,getMeanTimeToDeliveryReport,1.0000
874,paf,rollInReceivedOrder,1.0000
874,paf,getMeanTimeToDelivery,1.0000
874,paf,getTransactionContext,1.0000
874,paf,queryOrderById,1.0000
874,paf,getEnterpriseByID,1.0000
874,paf,getTransaction,1.0000
874,paf,queryStockItem,1.0000
874,ep,Persistence,1.0000
874,ep,DataStore,1.0000
874,ep,Enterprise,1.0000
874,ep,Reporting,1.0000
875,paf,getMeanTimeToDeliveryReport,1.0000
875,paf,rollInReceivedOrder,1.0000
875,paf,getMeanTimeToDelivery,1.0000
875,paf,getTransactionContext,1.0000
875,paf,queryOrderById,1.0000
875,paf,getEnterpriseByID,1.0000
875,paf,getTransaction,1.0000
875,paf,queryStockItem,1.0000
875,ep,Persistence,1.0000
875,ep,DataStore,1.0000
875,ep,Enterprise,1.0000
875,ep,Reporting,1.0000
878,paf,printRunningTotal,1.0000
878,paf,productBarCodeScannedEvent,1.0000
878,paf,saleStartedEvent,1.0000
878,paf,scanProduct,1.0000
878,paf,stopSale,1.0000
879,paf,printRunningTotal,1.0000
879,paf,productBarCodeScannedEvent,1.0000
879,paf,saleStartedEvent,1.0000
879,paf,scanProduct,1.0000
879,paf,stopSale,1.0000
882,paf,getMeanTimeToDeliveryReport,1.0000
882,paf,rollInReceivedOrder,1.0000
882,paf,getMeanTimeToDelivery,1.0000
882,paf,getTransactionContext,1.0000
882,paf,queryOrderById,1.0000
882,paf,getEnterpriseByID,1.0000
882,paf,getTransaction,1.0000
882,paf,queryStockItem,1.0000
882,ep,Persistence,1.0000
882,ep,DataStore,1.0000
882,ep,Enterprise,1.0000
882,ep,Reporting,1.0000
883,paf,getMeanTimeToDeliveryReport,1.0000
883,paf,rollInReceivedOrder,1.0000
883,paf,getMeanTimeToDelivery,1.0000
883,paf,queryOrderById,1.0000
883,paf,enterOrderID,1.0000
883,paf,getEnterpriseByID,1.0000
883,paf,queryStockItem,1.0000
883,ep,Persistence,1.0000
883,ep,DataStore,1.0000
883,ep,Enterprise,1.0000
883,ep,Reporting,1.0000
884,paf,printRunningTotal,1.0000
884,paf,saleStartedEvent,1.0000
884,paf,stopSale,1.0000
884,ep,New-Component_vlssnenejm,1.0000
885,paf,getMeanTimeToDeliveryReport,1.0000
885,paf,rollInReceivedOrder,1.0000
885,paf,getMeanTimeToDelivery,1.0000
885,paf,queryOrderById,1.0000
885,paf,enterOrderID,1.0000
885,paf,getEnterpriseByID,1.0000
885,paf,queryStockItem,1.0000
885,ep,Persistence,1.0000
885,ep,DataStore,1.0000
885,ep,Enterprise,1.0000
885,ep,Reporting,1.0000
888,paf,printRunningTotal,1.0000
888,paf,productBarCodeScannedEvent,1.0000
888,paf,saleStartedEvent,1.0000
888,paf,scanProduct,1.0000
888,paf,stopSale,1.0000
889,paf,printRunningTotal,1.0000
889,paf,saleStartedEvent,1.0000
889,paf,stopSale,1.0000
889,ep,New-Component_vlssnenejm,1.0000
890,paf,printRunningTotal,1.0000
890,paf,saleStartedEvent,1.0000
890,paf,stopSale,1.0000
890,ep,New-Component_vlssnenejm,1.0000
891,paf,printRunningTotal,1.0000
891,paf,productBarCodeScannedEvent,1.0000
891,paf,saleStartedEvent,1.0000
891,paf,scanProduct,1.0000
891,paf,stopSale,1.0000
894,paf,createReport,1.0000
894,paf,getMeanTimeToDelivery,1.0000
894,paf,getTransactionContext,1.0000
894,paf,queryOrderById,1.0000
894,paf,enterOrderID,1.0000
894,paf,getEnterpriseByID,1.0000
894,paf,getTransaction,1.0000
894,paf,queryStockItem,1.0000
894,ep,Persistence,1.0000
894,ep,DataStore,1.0000
894,ep,Enterprise,1.0000
894,ep,Reporting,1.0000
895,paf,printRunningTotal,1.0000
895,paf,productBarCodeScannedEvent,1.0000
895,paf,saleStartedEvent,1.0000
895,paf,scanProduct,1.0000
895,paf,stopSale,1.0000
898,paf,printRunningTotal,1.0000
898,paf,productBarCodeScannedEvent,1.0000
898,paf,saleStartedEvent,1.0000
898,paf,scanProduct,1.0000
898,paf,stopSale,1.0000
899,paf,printRunningTotal,1.0000
899,paf,productBarCodeScannedEvent,1.0000
899,paf,saleStartedEvent,1.0000
899,paf,scanProduct,1.0000
899,paf,stopSale,1.0000
900,paf,getMeanTimeToDeliveryReport,1.0000
900,paf,rollInReceivedOrder,1.0000
900,paf,getMeanTimeToDelivery,1.0000
900,paf,getTransactionContext,1.0000
900,paf,queryOrderById,1.0000
900,paf,getEnterpriseByID,1.0000
900,paf,getTransaction,1.0000
900,paf,queryStockItem,1.0000
900,ep,Persistence,1.0000
900,ep,DataStore,1.0000
900,ep,Enterprise,1.0000
900,ep,Reporting,1.0000
901,paf,getMeanTimeToDeliveryReport,1.0000
901,paf,rollInReceivedOrder,1.0000
901,paf,getMeanTimeToDelivery,1.0000
901,paf,getTransactionContext,1.0000
901,paf,queryOrderById,1.0000
901,paf,getEnterpriseByID,1.0000
901,paf,getTransaction,1.0000
901,paf,queryStockItem,1.0000
901,ep,Persistence,1.0000
901,ep,DataStore,1.0000
901,ep,Enterprise,1.0000
901,ep,Reporting,1.0000
902,paf,printRunningTotal,1.0000
902,paf,productBarCodeScannedEvent,1.0000
902,paf,saleStartedEvent,1.0000
902,paf,scanProduct,1.0000
902,paf,stopSale,1.0000
903,paf,getMeanTimeToDeliveryReport,1.0000
903,paf,rollInReceivedOrder,1.0000
903,paf,getMeanTimeToDelivery,1.0000
903,paf,getTransactionContext,1.0000
903,paf,queryOrderById,1.0000
903,paf,getEnterpriseByID,1.0000
903,paf,getTransaction,1.0000
903,paf,queryStockItem,1.0000
903,ep,Persistence,1.0000
903,ep,DataStore,1.0000
903,ep,Enterprise,1.0000
903,ep,Reporting,1.0000
906,paf,getMeanTimeToDeliveryReport,1.0000
906,paf,rollInReceivedOrder,1.0000
906,paf,getMeanTimeToDelivery,1.0000
906,paf,getTransactionContext,1.0000
906,paf,queryOrderById,1.0000
906,paf,getEnterpriseByID,1.0000
906,paf,getTransaction,1.0000
906,paf,queryStockItem,1.0000
906,ep,Persistence,1.0000
906,ep,DataStore,1.0000
906,ep,Enterprise,1.0000
906,ep,Reporting,1.0000
907,paf,printRunningTotal,1.0000
907,paf,productBarCodeScannedEvent,1.0000
907,paf,saleStartedEvent,1.0000
907,paf,scanProduct,1.0000
907,paf,stopSale,1.0000
910,paf,createReport,1.0000
910,paf,getMeanTimeToDeliveryReport,1.0000
910,paf,getMeanTimeToDelivery,1.0000
910,paf,getTransactionContext,1.0000
910,paf,queryOrderById,1.0000
910,paf,enterOrderID,1.0000
910,paf,getEnterpriseByID,1.0000
910,paf,getTransaction,1.0000
910,paf,queryStockItem,1.0000
910,ep,Persistence,1.0000
910,ep,DataStore,1.0000
910,ep,Enterprise,1.0000
910,ep,Reporting,1.0000
911,paf,getMeanTimeToDeliveryReport,1.0000
911,paf,getMeanTimeToDelivery,1.0000
911,paf,getTransactionContext,1.0000
911,paf,queryOrderById,1.0000
911,paf,getEnterpriseByID,1.0000
911,paf,getTransaction,1.0000
911,paf,queryStockItem,1.0000
911,ep,Persistence,1.0000
911,ep,DataStore,1.0000
911,ep,Enterprise,1.0000
911,ep,Reporting,1.0000
914,paf,getMeanTimeToDeliveryReport,1.0000
914,paf,rollInReceivedOrder,1.0000
914,paf,getMeanTimeToDelivery,1.0000
914,paf,getTransactionContext,1.0000
914,paf,queryOrderById,1.0000
914,paf,getEnterpriseByID,1.0000
914,paf,getTransaction,1.0000
914,paf,queryStockItem,1.0000
914,ep,Persistence,1.0000
914,ep,DataStore,1.0000
914,ep,Enterprise,1.0000
914,ep,Reporting,1.0000
915,paf,getMeanTimeToDeliveryReport,1.0000
915,paf,rollInReceivedOrder,1.0000
915,paf,getMeanTimeToDelivery,1.0000
915,paf,getTransactionContext,1.0000
915,paf,queryOrderById,1.0000
915,paf,getEnterpriseByID,1.0000
915,paf,getTransaction,1.0000
915,paf,queryStockItem,1.0000
915,ep,Persistence,1.0000
915,ep,DataStore,1.0000
915,ep,Enterprise,1.0000
915,ep,Reporting,1.0000
918,paf,getMeanTimeToDeliveryReport,1.0000
918,paf,getMeanTimeToDelivery,1.0000
918,paf,getTransactionContext,1.0000
918,paf,queryOrderById,1.0000
918,paf,getEnterpriseByID,1.0000
918,paf,getTransaction,1.0000
918,paf,queryStockItem,1.0000
918,ep,Persistence,1.0000
918,ep,DataStore,1.0000
918,ep,Enterprise,1.0000
918,ep,Reporting,1.0000
919,paf,getMeanTimeToDeliveryReport,1.0000
919,paf,rollInReceivedOrder,1.0000
919,paf,getMeanTimeToDelivery,1.0000
919,paf,getTransactionContext,1.0000
919,paf,queryOrderById,1.0000
919,paf,getEnterpriseByID,1.0000
919,paf,getTransaction,1.0000
919,paf,queryStockItem,1.0000
919,ep,Persistence,1.0000
919,ep,DataStore,1.0000
919,ep,Enterprise,1.0000
919,ep,Reporting,1.0000
922,paf,getMeanTimeToDeliveryReport,1.0000
922,paf,rollInReceivedOrder,1.0000
922,paf,getMeanTimeToDelivery,1.0000
922,paf,getTransactionContext,1.0000
922,paf,queryOrderById,1.0000
922,paf,getEnterpriseByID,1.0000
922,paf,getTransaction,1.0000
922,paf,queryStockItem,1.0000
922,ep,Persistence,1.0000
922,ep,DataStore,1.0000
922,ep,Enterprise,1.0000
922,ep,Reporting,1.0000
923,paf,getMeanTimeToDeliveryReport,1.0000
923,paf,rollInReceivedOrder,1.0000
923,paf,getMeanTimeToDelivery,1.0000
923,paf,getTransactionContext,1.0000
923,paf,queryOrderById,1.0000
923,paf,getEnterpriseByID,1.0000
923,paf,getTransaction,1.0000
923,paf,queryStockItem,1.0000
923,ep,Persistence,1.0000
923,ep,DataStore,1.0000
923,ep,Enterprise,1.0000
923,ep,Reporting,1.0000
926,paf,getMeanTimeToDeliveryReport,1.0000
926,paf,rollInReceivedOrder,1.0000
926,paf,getMeanTimeToDelivery,1.0000
926,paf,getTransactionContext,1.0000
926,paf,queryOrderById,1.0000
926,paf,getEnterpriseByID,1.0000
926,paf,getTransaction,1.0000
926,paf,queryStockItem,1.0000
926,ep,Persistence,1.0000
926,ep,DataStore,1.0000
926,ep,Enterprise,1.0000
926,ep,Reporting,1.0000
927,paf,printRunningTotal,1.0000
927,paf,productBarCodeScannedEvent,1.0000
927,paf,saleStartedEvent,1.0000
927,paf,scanProduct,1.0000
927,paf,stopSale,1.0000
930,paf,getMeanTimeToDeliveryReport,1.0000
930,paf,rollInReceivedOrder,1.0000
930,paf,getMeanTimeToDelivery,1.0000
930,paf,getTransactionContext,1.0000
930,paf,queryOrderById,1.0000
930,paf,getEnterpriseByID,1.0000
930,paf,getTransaction,1.0000
930,paf,queryStockItem,1.0000
930,ep,Persistence,1.0000
930,ep,DataStore,1.0000
930,ep,Enterprise,1.0000
930,ep,Reporting,1.0000
931,paf,printRunningTotal,1.0000
931,paf,productBarCodeScannedEvent,1.0000
931,paf,saleStartedEvent,1.0000
931,paf,scanProduct,1.0000
931,paf,stopSale,1.0000
934,paf,printRunningTotal,1.0000
934,paf,saleStartedEvent,1.0000
934,paf,stopSale,1.0000
934,ep,New-Component_vlssnenejm,1.0000
935,paf,printRunningTotal,1.0000
935,paf,saleStartedEvent,1.0000
935,paf,stopSale,1.0000
935,ep,New-Component_vlssnenejm,1.0000
936,paf,printRunningTotal,1.0000
936,paf,productBarCodeScannedEvent,1.0000
936,paf,saleStartedEvent,1.0000
936,paf,scanProduct,1.0000
936,paf,stopSale,1.0000
937,paf,getMeanTimeToDeliveryReport,1.0000
937,paf,rollInReceivedOrder,1.0000
937,paf,getMeanTimeToDelivery,1.0000
937,paf,queryOrderById,1.0000
937,paf,enterOrderID,1.0000
937,paf,getEnterpriseByID,1.0000
937,paf,queryStockItem,1.0000
937,ep,Persistence,1.0000
937,ep,DataStore,1.0000
937,ep,Enterprise,1.0000
937,ep,Reporting,1.0000
940,paf,printRunningTotal,1.0000
940,paf,saleStartedEvent,1.0000
940,paf,stopSale,1.0000
940,ep,New-Component_vlssnenejm,1.0000
941,paf,printRunningTotal,1.0000
941,paf,saleStartedEvent,1.0000
941,paf,stopSale,1.0000
941,ep,New-Component_vlssnenejm,1.0000
944,paf,getMeanTimeToDeliveryReport,1.0000
944,paf,rollInReceivedOrder,1.0000
944,paf,getMeanTimeToDelivery,1.0000
944,paf,getTransactionContext,1.0000
944,paf,queryOrderById,1.0000
944,paf,getEnterpriseByID,1.0000
944,paf,getTransaction,1.0000
944,paf,queryStockItem,1.0000
944,ep,Persistence,1.0000
944,ep,DataStore,1.0000
944,ep,Enterprise,1.0000
944,ep,Reporting,1.0000
945,paf,printRunningTotal,1.0000
945,paf,productBarCodeScannedEvent,1.0000
945,paf,saleStartedEvent,1.0000
945,paf,scanProduct,1.0000
945,paf,stopSale,1.0000
948,paf,printRunningTotal,1.0000
948,paf,saleStartedEvent,1.0000
948,paf,stopSale,1.0000
948,ep,New-Component_vlssnenejm,1.0000
949,paf,getMeanTimeToDeliveryReport,1.0000
949,paf,rollInReceivedOrder,1.0000
949,paf,getMeanTimeToDelivery,1.0000
949,paf,getTransactionContext,1.0000
949,paf,queryOrderById,1.0000
949,paf,getEnterpriseByID,1.0000
949,paf,getTransaction,1.0000
949,paf,queryStockItem,1.0000
949,ep,Persistence,1.0000
949,ep,DataStore,1.0000
949,ep,Enterprise,1.0000
949,ep,Reporting,1.0000
952,paf,printRunningTotal,1.0000
952,paf,productBarCodeScannedEvent,1.0000
952,paf,saleStartedEvent,1.0000
952,paf,scanProduct,1.0000
952,paf,stopSale,1.0000
953,paf,getMeanTimeToDeliveryReport,1.0000
953,paf,getMeanTimeToDelivery,1.0000
953,paf,getTransactionContext,1.0000
953,paf,queryOrderById,1.0000
953,paf,getEnterpriseByID,1.0000
953,paf,getTransaction,1.0000
953,paf,queryStockItem,1.0000
953,ep,Persistence,1.0000
953,ep,DataStore,1.0000
953,ep,Enterprise,1.0000
953,ep,Reporting,1.0000
956,paf,getMeanTimeToDeliveryReport,1.0000
956,paf,rollInReceivedOrder,1.0000
956,paf,getMeanTimeToDelivery,1.0000
956,paf,queryOrderById,1.0000
956,paf,enterOrderID,1.0000
956,paf,getEnterpriseByID,1.0000
956,paf,queryStockItem,1.0000
956,ep,Persistence,1.0000
956,ep,DataStore,1.0000
956,ep,Enterprise,1.0000
956,ep,Reporting,1.0000
957,paf,getMeanTimeToDeliveryReport,1.0000
957,paf,rollInReceivedOrder,1.0000
957,paf,getMeanTimeToDelivery,1.0000
957,paf,getTransactionContext,1.0000
957,paf,queryOrderById,1.0000
957,paf,getEnterpriseByID,1.0000
957,paf,getTransaction,1.0000
957,paf,queryStockItem,1.0000
957,ep,Persistence,1.0000
957,ep,DataStore,1.0000
957,ep,Enterprise,1.0000
957,ep,Reporting,1.0000
960,paf,printRunningTotal,1.0000
960,paf,productBarCodeScannedEvent,1.0000
960,paf,saleStartedEvent,1.0000
960,paf,scanProduct,1.0000
960,paf,stopSale,1.0000
961,paf,printRunningTotal,1.0000
961,paf,saleStartedEvent,1.0000
961,paf,stopSale,1.0000
961,ep,New-Component_vlssnenejm,1.0000
964,paf,getMeanTimeToDeliveryReport,1.0000
964,paf,rollInReceivedOrder,1.0000
964,paf,getMeanTimeToDelivery,1.0000
964,paf,queryOrderById,1.0000
964,paf,enterOrderID,1.0000
964,paf,getEnterpriseByID,1.0000
964,paf,queryStockItem,1.0000
964,ep,Persistence,1.0000
964,ep,DataStore,1.0000
964,ep,Enterprise,1.0000
964,ep,Reporting,1.0000
965,paf,getMeanTimeToDeliveryReport,1.0000
965,paf,rollInReceivedOrder,1.0000
965,paf,getMeanTimeToDelivery,1.0000
965,paf,getTransactionContext,1.0000
965,paf,queryOrderById,1.0000
965,paf,getEnterpriseByID,1.0000
965,paf,getTransaction,1.0000
965,paf,queryStockItem,1.0000
965,ep,Persistence,1.0000
965,ep,DataStore,1.0000
965,ep,Enterprise,1.0000
965,ep,Reporting,1.0000
968,paf,printRunningTotal,1.0000
968,paf,productBarCodeScannedEvent,1.0000
968,paf,saleStartedEvent,1.0000
968,paf,scanProduct,1.0000
968,paf,stopSale,1.0000
969,paf,createReport,1.0000
969,paf,getMeanTimeToDeliveryReport,1.0000
969,paf,getMeanTimeToDelivery,1.0000
969,paf,getTransactionContext,1.0000
969,paf,queryOrderById,1.0000
969,paf,enterOrderID,1.0000
969,paf,getEnterpriseByID,1.0000
969,paf,getTransaction,1.0000
969,paf,queryStockItem,1.0000
969,ep,DataStore,1.0000
969,ep,Enterprise,1.0000
969,ep,Reporting,1.0000
972,paf,getMeanTimeToDeliveryReport,1.0000
972,paf,rollInReceivedOrder,1.0000
972,paf,getMeanTimeToDelivery,1.0000
972,paf,queryOrderById,1.0000
972,paf,enterOrderID,1.0000
972,paf,getEnterpriseByID,1.0000
972,paf,queryStockItem,1.0000
972,ep,Persistence,1.0000
972,ep,DataStore,1.0000
972,ep,Enterprise,1.0000
972,ep,Reporting,1.0000
973,paf,printRunningTotal,1.0000
973,paf,saleStartedEvent,1.0000
973,paf,stopSale,1.0000
973,ep,New-Component_vlssnenejm,1.0000
974,paf,createReport,1.0000
974,paf,getMeanTimeToDeliveryReport,1.0000
974,paf,getMeanTimeToDelivery,1.0000
974,paf,getTransactionContext,1.0000
974,paf,queryOrderById,1.0000
974,paf,enterOrderID,1.0000
974,paf,getEnterpriseByID,1.0000
974,paf,getTransaction,1.0000
974,paf,queryStockItem,1.0000
974,ep,Persistence,1.0000
974,ep,DataStore,1.0000
974,ep,Enterprise,1.0000
974,ep,Reporting,1.0000
975,paf,printRunningTotal,1.0000
975,paf,saleStartedEvent,1.0000
975,paf,stopSale,1.0000
975,ep,New-Component_vlssnenejm,1.0000
978,paf,getMeanTimeToDeliveryReport,1.0000
978,paf,rollInReceivedOrder,1.0000
978,paf,getMeanTimeToDelivery,1.0000
978,paf,getTransactionContext,1.0000
978,paf,queryOrderById,1.0000
978,paf,getEnterpriseByID,1.0000
978,paf,getTransaction,1.0000
978,paf,queryStockItem,1.0000
978,ep,Persistence,1.0000
978,ep,DataStore,1.0000
978,ep,Enterprise,1.0000
978,ep,Reporting,1.0000
979,paf,printRunningTotal,1.0000
979,paf,saleStartedEvent,1.0000
979,paf,stopSale,1.0000
979,ep,New-Component_vlssnenejm,1.0000
980,paf,getMeanTimeToDeliveryReport,1.0000
980,paf,rollInReceivedOrder,1.0000
980,paf,getMeanTimeToDelivery,1.0000
980,paf,getTransactionContext,1.0000
980,paf,queryOrderById,1.0000
980,paf,getEnterpriseByID,1.0000
980,paf,getTransaction,1.0000
980,paf,queryStockItem,1.0000
980,ep,Persistence,1.0000
980,ep,DataStore,1.0000
980,ep,Enterprise,1.0000
980,ep,Reporting,1.0000
981,paf,getMeanTimeToDeliveryReport,1.0000
981,paf,rollInReceivedOrder,1.0000
981,paf,getMeanTimeToDelivery,1.0000
981,paf,getTransactionContext,1.0000
981,paf,queryOrderById,1.0000
981,paf,getEnterpriseByID,1.0000
981,paf,getTransaction,1.0000
981,paf,queryStockItem,1.0000
981,ep,Persistence,1.0000
981,ep,DataStore,1.0000
981,ep,Enterprise,1.0000
981,ep,Reporting,1.0000
984,paf,createReport,1.0000
984,paf,getMeanTimeToDeliveryReport,1.0000
984,paf,getMeanTimeToDelivery,1.0000
984,paf,getTransactionContext,1.0000
984,paf,queryOrderById,1.0000
984,paf,enterOrderID,1.0000
984,paf,getEnterpriseByID,1.0000
984,paf,getTransaction,1.0000
984,paf,queryStockItem,1.0000
984,ep,Persistence,1.0000
984,ep,DataStore,1.0000
984,ep,Enterprise,1.0000
984,ep,Reporting,1.0000
985,paf,createReport,1.0000
985,paf,getMeanTimeToDeliveryReport,1.0000
985,paf,getMeanTimeToDelivery,1.0000
985,paf,getTransactionContext,1.0000
985,paf,queryOrderById,1.0000
985,paf,enterOrderID,1.0000
985,paf,getEnterpriseByID,1.0000
985,paf,getTransaction,1.0000
985,paf,queryStockItem,1.0000
985,ep,Persistence,1.0000
985,ep,DataStore,1.0000
985,ep,Enterprise,1.0000
985,ep,Reporting,1.0000
988,paf,getMeanTimeToDeliveryReport,1.0000
988,paf,rollInReceivedOrder,1.0000
988,paf,getMeanTimeToDelivery,1.0000
988,paf,getTransactionContext,1.0000
988,paf,queryOrderById,1.0000
988,paf,getEnterpriseByID,1.0000
988,paf,getTransaction,1.0000
988,paf,queryStockItem,1.0000
988,ep,Persistence,1.0000
988,ep,DataStore,1.0000
988,ep,Enterprise,1.0000
988,ep,Reporting,1.0000
989,paf,printRunningTotal,1.0000
989,paf,saleStartedEvent,1.0000
989,paf,stopSale,1.0000
989,ep,New-Component_vlssnenejm,1.0000
990,paf,getMeanTimeToDeliveryReport,1.0000
990,paf,rollInReceivedOrder,1.0000
990,paf,getMeanTimeToDelivery,1.0000
990,paf,getTransactionContext,1.0000
990,paf,queryOrderById,1.0000
990,paf,getEnterpriseByID,1.0000
990,paf,getTransaction,1.0000
990,paf,queryStockItem,1.0000
990,ep,Persistence,1.0000
990,ep,DataStore,1.0000
990,ep,Enterprise,1.0000
990,ep,Reporting,1.0000
991,paf,getMeanTimeToDeliveryReport,1.0000
991,paf,getMeanTimeToDelivery,1.0000
991,paf,getTransactionContext,1.0000
991,paf,queryOrderById,1.0000
991,paf,getEnterpriseByID,1.0000
991,paf,getTransaction,1.0000
991,paf,queryStockItem,1.0000
991,ep,Persistence,1.0000
991,ep,DataStore,1.0000
991,ep,Enterprise,1.0000
991,ep,Reporting,1.0000
994,paf,getMeanTimeToDeliveryReport,1.0000
994,paf,rollInReceivedOrder,1.0000
994,paf,getMeanTimeToDelivery,1.0000
994,paf,getTransactionContext,1.0000
994,paf,queryOrderById,1.0000
994,paf,getEnterpriseByID,1.0000
994,paf,getTransaction,1.0000
994,paf,queryStockItem,1.0000
994,ep,Persistence,1.0000
994,ep,DataStore,1.0000
994,ep,Enterprise,1.0000
994,ep,Reporting,1.0000
995,paf,getMeanTimeToDeliveryReport,1.0000
995,paf,rollInReceivedOrder,1.0000
995,paf,getMeanTimeToDelivery,1.0000
995,paf,getTransactionContext,1.0000
995,paf,queryOrderById,1.0000
995,paf,getEnterpriseByID,1.0000
995,paf,getTransaction,1.0000
995,paf,queryStockItem,1.0000
995,ep,Persistence,1.0000
995,ep,DataStore,1.0000
995,ep,Enterprise,1.0000
995,ep,Reporting,1.0000
998,paf,getMeanTimeToDeliveryReport,1.0000
998,paf,rollInReceivedOrder,1.0000
998,paf,getMeanTimeToDelivery,1.0000
998,paf,getTransactionContext,1.0000
998,paf,queryOrderById,1.0000
998,paf,getEnterpriseByID,1.0000
998,paf,getTransaction,1.0000
998,paf,queryStockItem,1.0000
998,ep,Persistence,1.0000
998,ep,DataStore,1.0000
998,ep,Enterprise,1.0000
998,ep,Reporting,1.0000
999,paf,printRunningTotal,1.0000
999,paf,saleStartedEvent,1.0000
999,paf,stopSale,1.0000
999,ep,New-Component_vlssnenejm,1.0000
1002,paf,getMeanTimeToDeliveryReport,1.0000
1002,paf,rollInReceivedOrder,1.0000
1002,paf,getMeanTimeToDelivery,1.0000
1002,paf,queryOrderById,1.0000
1002,paf,enterOrderID,1.0000
1002,paf,getEnterpriseByID,1.0000
1002,paf,queryStockItem,1.0000
1002,ep,Persistence,1.0000
1002,ep,DataStore,1.0000
1002,ep,Enterprise,1.0000
1002,ep,Reporting,1.0000
1003,paf,printRunningTotal,1.0000
1003,paf,productBarCodeScannedEvent,1.0000
1003,paf,saleStartedEvent,1.0000
1003,paf,scanProduct,1.0000
1003,paf,stopSale,1.0000
1006,paf,getMeanTimeToDeliveryReport,1.0000
1006,paf,rollInReceivedOrder,1.0000
1006,paf,getMeanTimeToDelivery,1.0000
1006,paf,queryOrderById,1.0000
1006,paf,enterOrderID,1.0000
1006,paf,getEnterpriseByID,1.0000
1006,paf,queryStockItem,1.0000
1006,ep,Persistence,1.0000
1006,ep,DataStore,1.0000
1006,ep,Enterprise,1.0000
1006,ep,Reporting,1.0000
1007,paf,getMeanTimeToDeliveryReport,1.0000
1007,paf,rollInReceivedOrder,1.0000
1007,paf,getMeanTimeToDelivery,1.0000
1007,paf,queryOrderById,1.0000
1007,paf,enterOrderID,1.0000
1007,paf,getEnterpriseByID,1.0000
1007,paf,queryStockItem,1.0000
1007,ep,Persistence,1.0000
1007,ep,DataStore,1.0000
1007,ep,Enterprise,1.0000
1007,ep,Reporting,1.0000
1010,paf,printRunningTotal,1.0000
1010,paf,productBarCodeScannedEvent,1.0000
1010,paf,saleStartedEvent,1.0000
1010,paf,scanProduct,1.0000
1010,paf,stopSale,1.0000
1011,paf,printRunningTotal,1.0000
1011,paf,productBarCodeScannedEvent,1.0000
1011,paf,saleStartedEvent,1.0000
1011,paf,scanProduct,1.0000
1011,paf,stopSale,1.0000
1014,paf,printRunningTotal,1.0000
1014,paf,productBarCodeScannedEvent,1.0000
1014,paf,saleStartedEvent,1.0000
1014,paf,scanProduct,1.0000
1014,paf,stopSale,1.0000
1015,paf,createReport,1.0000
1015,paf,getMeanTimeToDeliveryReport,1.0000
1015,paf,getMeanTimeToDelivery,1.0000
1015,paf,getTransactionContext,1.0000
1015,paf,queryOrderById,1.0000
1015,paf,enterOrderID,1.0000
1015,paf,getEnterpriseByID,1.0000
1015,paf,getTransaction,1.0000
1015,paf,queryStockItem,1.0000
1015,ep,Persistence,1.0000
1015,ep,DataStore,1.0000
1015,ep,Enterprise,1.0000
1015,ep,Reporting,1.0000
1016,paf,printRunningTotal,1.0000
1016,paf,saleStartedEvent,1.0000
1016,paf,stopSale,1.0000
1016,ep,New-Component_vlssnenejm,1.0000
1017,paf,printRunningTotal,1.0000
1017,paf,saleStartedEvent,1.0000
1017,paf,stopSale,1.0000
1017,ep,New-Component_vlssnenejm,1.0000
1020,paf,getMeanTimeToDeliveryReport,1.0000
1020,paf,rollInReceivedOrder,1.0000
1020,paf,getMeanTimeToDelivery,1.0000
1020,paf,getTransactionContext,1.0000
1020,paf,queryOrderById,1.0000
1020,paf,getEnterpriseByID,1.0000
1020,paf,getTransaction,1.0000
1020,paf,queryStockItem,1.0000
1020,ep,Persistence,1.0000
1020,ep,DataStore,1.0000
1020,ep,Enterprise,1.0000
1020,ep,Reporting,1.0000
1021,paf,getMeanTimeToDeliveryReport,1.0000
1021,paf,getMeanTimeToDelivery,1.0000
1021,paf,getTransactionContext,1.0000
1021,paf,queryOrderById,1.0000
1021,paf,getEnterpriseByID,1.0000
1021,paf,getTransaction,1.0000
1021,paf,queryStockItem,1.0000
1021,ep,Persistence,1.0000
1021,ep,DataStore,1.0000
1021,ep,Enterprise,1.0000
1021,ep,Reporting,1.0000
1024,paf,createReport,0.9811
1024,paf,getMeanTimeToDeliveryReport,1.0000
1024,paf,getMeanTimeToDelivery,1.0000
1024,paf,getTransactionContext,1.0000
1024,paf,queryOrderById,1.0000
1024,paf,enterOrderID,1.0000
1024,paf,getEnterpriseByID,1.0000
1024,paf,getTransaction,1.0000
1024,paf,queryStockItem,1.0000
1024,ep,Persistence,1.0000
1024,ep,DataStore,1.0000
1024,ep,Enterprise,1.0000
1024,ep,Reporting,1.0000
1025,paf,printRunningTotal,1.0000
1025,paf,productBarCodeScannedEvent,1.0000
1025,paf,saleStartedEvent,1.0000
1025,paf,scanProduct,1.0000
1025,paf,stopSale,1.0000
1028,paf,getMeanTimeToDeliveryReport,1.0000
1028,paf,rollInReceivedOrder,1.0000
1028,paf,getMeanTimeToDelivery,1.0000
1028,paf,getTransactionContext,1.0000
1028,paf,queryOrderById,1.0000
1028,paf,getEnterpriseByID,1.0000
1028,paf,getTransaction,1.0000
1028,paf,queryStockItem,1.0000
1028,ep,Persistence,1.0000
1028,ep,DataStore,1.0000
1028,ep,Enterprise,1.0000
1028,ep,Reporting,1.0000
1029,paf,getMeanTimeToDeliveryReport,1.0000
1029,paf,getMeanTimeToDelivery,1.0000
1029,paf,getTransactionContext,1.0000
1029,paf,queryOrderById,1.0000
1029,paf,getEnterpriseByID,1.0000
1029,paf,getTransaction,1.0000
1029,paf,queryStockItem,1.0000
1029,ep,Persistence,1.0000
1029,ep,DataStore,1.0000
1029,ep,Enterprise,1.0000
1029,ep,Reporting,1.0000
1032,paf,printRunningTotal,1.0000
1032,paf,productBarCodeScannedEvent,1.0000
1032,paf,saleStartedEvent,1.0000
1032,paf,scanProduct,1.0000
1032,paf,stopSale,1.0000
1033,paf,getMeanTimeToDeliveryReport,1.0000
1033,paf,rollInReceivedOrder,1.0000
1033,paf,getMeanTimeToDelivery,1.0000
1033,paf,getTransactionContext,1.0000
1033,paf,queryOrderById,1.0000
1033,paf,getEnterpriseByID,1.0000
1033,paf,getTransaction,1.0000
1033,paf,queryStockItem,1.0000
1033,ep,Persistence,1.0000
1033,ep,DataStore,1.0000
1033,ep,Enterprise,1.0000
1033,ep,Reporting,1.0000
1036,paf,printRunningTotal,1.0000
1036,paf,productBarCodeScannedEvent,1.0000
1036,paf,saleStartedEvent,1.0000
1036,paf,scanProduct,1.0000
1036,paf,stopSale,1.0000
1037,paf,getMeanTimeToDeliveryReport,1.0000
1037,paf,rollInReceivedOrder,1.0000
1037,paf,getMeanTimeToDelivery,1.0000
1037,paf,getTransactionContext,1.0000
1037,paf,queryOrderById,1.0000
1037,paf,getEnterpriseByID,1.0000
1037,paf,getTransaction,1.0000
1037,paf,queryStockItem,1.0000
1037,ep,Persistence,1.0000
1037,ep,DataStore,1.0000
1037,ep,Enterprise,1.0000
1037,ep,Reporting,1.0000
1040,paf,getMeanTimeToDeliveryReport,1.0000
1040,paf,rollInReceivedOrder,1.0000
1040,paf,getMeanTimeToDelivery,1.0000
1040,paf,getTransactionContext,1.0000
1040,paf,queryOrderById,1.0000
1040,paf,getEnterpriseByID,1.0000
1040,paf,getTransaction,1.0000
1040,paf,queryStockItem,1.0000
1040,ep,Persistence,1.0000
1040,ep,DataStore,1.0000
1040,ep,Enterprise,1.0000
1040,ep,Reporting,1.0000
1041,paf,getMeanTimeToDeliveryReport,1.0000
1041,paf,getMeanTimeToDelivery,1.0000
1041,paf,getTransactionContext,1.0000
1041,paf,queryOrderById,1.0000
1041,paf,getEnterpriseByID,1.0000
1041,paf,getTransaction,1.0000
1041,paf,queryStockItem,1.0000
1041,ep,Persistence,1.0000
1041,ep,DataStore,1.0000
1041,ep,Enterprise,1.0000
1041,ep,Reporting,1.0000
1044,paf,printRunningTotal,1.0000
1044,paf,productBarCodeScannedEvent,1.0000
1044,paf,saleStartedEvent,1.0000
1044,paf,scanProduct,1.0000
1044,paf,stopSale,1.0000
1045,paf,getMeanTimeToDeliveryReport,1.0000
1045,paf,rollInReceivedOrder,1.0000
1045,paf,getMeanTimeToDelivery,1.0000
1045,paf,getTransactionContext,1.0000
1045,paf,queryOrderById,1.0000
1045,paf,getEnterpriseByID,1.0000
1045,paf,getTransaction,1.0000
1045,paf,queryStockItem,1.0000
1045,ep,Persistence,1.0000
1045,ep,DataStore,1.0000
1045,ep,Enterprise,1.0000
1045,ep,Reporting,1.0000
1048,paf,printRunningTotal,1.0000
1048,paf,productBarCodeScannedEvent,1.0000
1048,paf,saleStartedEvent,1.0000
1048,paf,scanProduct,1.0000
1048,paf,stopSale,1.0000
1049,paf,printRunningTotal,1.0000
1049,paf,saleStartedEvent,1.0000
1049,paf,stopSale,1.0000
1049,ep,New-Component_vlssnenejm,1.0000
1050,paf,printRunningTotal,1.0000
1050,paf,saleStartedEvent,1.0000
1050,paf,stopSale,1.0000
1050,ep,New-Component_vlssnenejm,1.0000
1051,paf,getMeanTimeToDeliveryReport,1.0000
1051,paf,rollInReceivedOrder,1.0000
1051,paf,getMeanTimeToDelivery,1.0000
1051,paf,getTransactionContext,1.0000
1051,paf,queryOrderById,1.0000
1051,paf,getEnterpriseByID,1.0000
1051,paf,getTransaction,1.0000
1051,paf,queryStockItem,1.0000
1051,ep,Persistence,1.0000
1051,ep,DataStore,1.0000
1051,ep,Enterprise,1.0000
1051,ep,Reporting,1.0000
1054,paf,printRunningTotal,1.0000
1054,paf,saleStartedEvent,1.0000
1054,paf,stopSale,1.0000
1054,ep,New-Component_vlssnenejm,1.0000
1055,paf,getMeanTimeToDeliveryReport,1.0000
1055,paf,rollInReceivedOrder,1.0000
1055,paf,getMeanTimeToDelivery,1.0000
1055,paf,queryOrderById,1.0000
1055,paf,enterOrderID,1.0000
1055,paf,getEnterpriseByID,1.0000
1055,paf,queryStockItem,1.0000
1055,ep,Persistence,1.0000
1055,ep,DataStore,1.0000
1055,ep,Enterprise,1.0000
1055,ep,Reporting,1.0000
1058,paf,createReport,1.0000
1058,paf,getMeanTimeToDeliveryReport,1.0000
1058,paf,rollInReceivedOrder,1.0000
1058,paf,getMeanTimeToDelivery,1.0000
1058,paf,getTransactionContext,1.0000
1058,paf,queryOrderById,1.0000
1058,paf,enterOrderID,1.0000
1058,paf,getEnterpriseByID,1.0000
1058,paf,getTransaction,1.0000
1058,paf,queryStockItem,1.0000
1058,ep,Persistence,1.0000
1058,ep,DataStore,1.0000
1058,ep,Enterprise,1.0000
1058,ep,Reporting,1.0000
1059,paf,createReport,1.0000
1059,paf,getMeanTimeToDeliveryReport,1.0000
1059,paf,getMeanTimeToDelivery,1.0000
1059,paf,getTransactionContext,1.0000
1059,paf,queryOrderById,1.0000
1059,paf,enterOrderID,1.0000
1059,paf,getEnterpriseByID,1.0000
1059,paf,getTransaction,1.0000
1059,paf,queryStockItem,1.0000
1059,ep,Persistence,1.0000
1059,ep,DataStore,1.0000
1059,ep,Enterprise,1.0000
1059,ep,Reporting,1.0000
1062,paf,printRunningTotal,1.0000
1062,paf,saleStartedEvent,1.0000
1062,paf,stopSale,1.0000
1062,ep,New-Component_vlssnenejm,1.0000
1063,paf,getMeanTimeToDeliveryReport,1.0000
1063,paf,rollInReceivedOrder,1.0000
1063,paf,getMeanTimeToDelivery,1.0000
1063,paf,getTransactionContext,1.0000
1063,paf,queryOrderById,1.0000
1063,paf,getEnterpriseByID,1.0000
1063,paf,getTransaction,1.0000
1063,paf,queryStockItem,1.0000
1063,ep,Persistence,1.0000
1063,ep,DataStore,1.0000
1063,ep,Enterprise,1.0000
1063,ep,Reporting,1.0000
1066,paf,getMeanTimeToDeliveryReport,1.0000
1066,paf,rollInReceivedOrder,1.0000
1066,paf,getMeanTimeToDelivery,1.0000
1066,paf,getTransactionContext,1.0000
1066,paf,queryOrderById,1.0000
1066,paf,getEnterpriseByID,1.0000
1066,paf,getTransaction,1.0000
1066,paf,queryStockItem,1.0000
1066,ep,Persistence,1.0000
1066,ep,DataStore,1.0000
1066,ep,Enterprise,1.0000
1066,ep,Reporting,1.0000
1067,paf,getMeanTimeToDeliveryReport,1.0000
1067,paf,getMeanTimeToDelivery,1.0000
1067,paf,getTransactionContext,1.0000
1067,paf,queryOrderById,1.0000
1067,paf,getEnterpriseByID,1.0000
1067,paf,getTransaction,1.0000
1067,paf,queryStockItem,1.0000
1067,ep,Persistence,1.0000
1067,ep,DataStore,1.0000
1067,ep,Enterprise,1.0000
1067,ep,Reporting,1.0000
1070,paf,getMeanTimeToDeliveryReport,1.0000
1070,paf,getMeanTimeToDelivery,1.0000
1070,paf,getTransactionContext,1.0000
1070,paf,queryOrderById,1.0000
1070,paf,getEnterpriseByID,1.0000
1070,paf,getTransaction,1.0000
1070,paf,queryStockItem,1.0000
1070,ep,Persistence,1.0000
1070,ep,DataStore,1.0000
1070,ep,Enterprise,1.0000
1070,ep,Reporting,1.0000
1071,paf,getMeanTimeToDeliveryReport,1.0000
1071,paf,rollInReceivedOrder,1.0000
1071,paf,getMeanTimeToDelivery,1.0000
1071,paf,getTransactionContext,1.0000
1071,paf,queryOrderById,1.0000
1071,paf,getEnterpriseByID,1.0000
1071,paf,getTransaction,1.0000
1071,paf,queryStockItem,1.0000
1071,ep,Persistence,1.0000
1071,ep,DataStore,1.0000
1071,ep,Enterprise,1.0000
1071,ep,Reporting,1.0000
1072,paf,printRunningTotal,1.0000
1072,paf,saleStartedEvent,1.0000
1072,paf,stopSale,1.0000
1072,ep,New-Component_vlssnenejm,1.0000
1073,paf,getMeanTimeToDeliveryReport,1.0000
1073,paf,rollInReceivedOrder,1.0000
1073,paf,getMeanTimeToDelivery,1.0000
1073,paf,getTransactionContext,1.0000
1073,paf,queryOrderById,1.0000
1073,paf,getEnterpriseByID,1.0000
1073,paf,getTransaction,1.0000
1073,paf,queryStockItem,1.0000
1073,ep,Persistence,1.0000
1073,ep,DataStore,1.0000
1073,ep,Enterprise,1.0000
1073,ep,Reporting,1.0000
1076,paf,getMeanTimeToDeliveryReport,1.0000
1076,paf,rollInReceivedOrder,1.0000
1076,paf,getMeanTimeToDelivery,1.0000
1076,paf,getTransactionContext,1.0000
1076,paf,queryOrderById,1.0000
1076,paf,getEnterpriseByID,1.0000
1076,paf,getTransaction,1.0000
1076,paf,queryStockItem,1.0000
1076,ep,Persistence,1.0000
1076,ep,DataStore,1.0000
1076,ep,Enterprise,1.0000
1076,ep,Reporting,1.0000
1077,paf,getMeanTimeToDeliveryReport,1.0000
1077,paf,rollInReceivedOrder,1.0000
1077,paf,getMeanTimeToDelivery,1.0000
1077,paf,getTransactionContext,1.0000
1077,paf,queryOrderById,1.0000
1077,paf,getEnterpriseByID,1.0000
1077,paf,getTransaction,1.0000
1077,paf,queryStockItem,1.0000
1077,ep,Persistence,1.0000
1077,ep,DataStore,1.0000
1077,ep,Enterprise,1.0000
1077,ep,Reporting,1.0000
1080,paf,getMeanTimeToDeliveryReport,1.0000
1080,paf,getMeanTimeToDelivery,1.0000
1080,paf,getTransactionContext,1.0000
1080,paf,queryOrderById,1.0000
1080,paf,getEnterpriseByID,1.0000
1080,paf,getTransaction,1.0000
1080,paf,queryStockItem,1.0000
1080,ep,Persistence,1.0000
1080,ep,DataStore,1.0000
1080,ep,Enterprise,1.0000
1080,ep,Reporting,1.0000
1081,paf,createReport,1.0000
1081,paf,getMeanTimeToDeliveryReport,1.0000
1081,paf,getMeanTimeToDelivery,1.0000
1081,paf,getTransactionContext,1.0000
1081,paf,enterOrderID,1.0000
1081,paf,getEnterpriseByID,1.0000
1081,paf,getTransaction,1.0000
1081,ep,Persistence,1.0000
1081,ep,DataStore,1.0000
1081,ep,Enterprise,1.0000
1081,ep,Reporting,1.0000
1084,paf,getMeanTimeToDeliveryReport,1.0000
1084,paf,rollInReceivedOrder,1.0000
1084,paf,getMeanTimeToDelivery,1.0000
1084,paf,queryOrderById,1.0000
1084,paf,enterOrderID,1.0000
1084,paf,getEnterpriseByID,1.0000
1084,paf,queryStockItem,1.0000
1084,ep,Persistence,1.0000
1084,ep,DataStore,1.0000
1084,ep,Enterprise,1.0000
1084,ep,Reporting,1.0000
1085,paf,createReport,1.0000
1085,paf,getMeanTimeToDeliveryReport,1.0000
1085,paf,rollInReceivedOrder,1.0000
1085,paf,getMeanTimeToDelivery,1.0000
1085,paf,getTransactionContext,1.0000
1085,paf,queryOrderById,1.0000
1085,paf,enterOrderID,1.0000
1085,paf,getEnterpriseByID,1.0000
1085,paf,getTransaction,1.0000
1085,paf,queryStockItem,1.0000
1085,ep,Persistence,1.0000
1085,ep,DataStore,1.0000
1085,ep,Enterprise,1.0000
1085,ep,Reporting,1.0000
1088,paf,printRunningTotal,1.0000
1088,paf,saleStartedEvent,1.0000
1088,paf,stopSale,1.0000
1088,ep,New-Component_vlssnenejm,1.0000
1089,paf,createReport,1.0000
1089,paf,getMeanTimeToDeliveryReport,1.0000
1089,paf,getMeanTimeToDelivery,1.0000
1089,paf,getTransactionContext,1.0000
1089,paf,queryOrderById,1.0000
1089,paf,enterOrderID,1.0000
1089,paf,getEnterpriseByID,1.0000
1089,paf,getTransaction,1.0000
1089,paf,queryStockItem,1.0000
1089,ep,Persistence,1.0000
1089,ep,DataStore,1.0000
1089,ep,Enterprise,1.0000
1089,ep,Reporting,1.0000
1092,paf,createReport,1.0000
1092,paf,getMeanTimeToDeliveryReport,1.0000
1092,paf,getMeanTimeToDelivery,1.0000
1092,paf,getTransactionContext,1.0000
1092,paf,pressButton,1.0000
1092,paf,enterOrderID,1.0000
1092,paf,getEnterpriseByID,1.0000
1092,paf,getTransaction,1.0000
1092,ep,GUIStore,1.0000
1092,ep,GUIReporting,1.0000
1093,paf,getMeanTimeToDeliveryReport,1.0000
1093,paf,rollInReceivedOrder,1.0000
1093,paf,getMeanTimeToDelivery,1.0000
1093,paf,getTransactionContext,1.0000
1093,paf,queryOrderById,1.0000
1093,paf,getEnterpriseByID,1.0000
1093,paf,getTransaction,1.0000
1093,paf,queryStockItem,1.0000
1093,ep,Persistence,1.0000
1093,ep,DataStore,1.0000
1093,ep,Enterprise,1.0000
1093,ep,Reporting,1.0000
1096,paf,printRunningTotal,1.0000
1096,paf,productBarCodeScannedEvent,1.0000
1096,paf,saleStartedEvent,1.0000
1096,paf,scanProduct,1.0000
1096,paf,stopSale,1.0000
1097,paf,getMeanTimeToDeliveryReport,1.0000
1097,paf,rollInReceivedOrder,1.0000
1097,paf,getMeanTimeToDelivery,1.0000
1097,paf,getTransactionContext,1.0000
1097,paf,queryOrderById,1.0000
1097,paf,getEnterpriseByID,1.0000
1097,paf,getTransaction,1.0000
1097,paf,queryStockItem,1.0000
1097,ep,Persistence,1.0000
1097,ep,DataStore,1.0000
1097,ep,Enterprise,1.0000
1097,ep,Reporting,1.0000
1100,paf,getMeanTimeToDeliveryReport,1.0000
1100,paf,getMeanTimeToDelivery,1.0000
1100,paf,getTransactionContext,1.0000
1100,paf,queryOrderById,1.0000
1100,paf,getEnterpriseByID,1.0000
1100,paf,getTransaction,1.0000
1100,paf,queryStockItem,1.0000
1100,ep,Persistence,1.0000
1100,ep,DataStore,1.0000
1100,ep,Enterprise,1.0000
1100,ep,Reporting,1.0000
1101,paf,getMeanTimeToDeliveryReport,1.0000
1101,paf,rollInReceivedOrder,1.0000
1101,paf,getMeanTimeToDelivery,1.0000
1101,paf,getTransactionContext,1.0000
1101,paf,queryOrderById,1.0000
1101,paf,getEnterpriseByID,1.0000
1101,paf,getTransaction,1.0000
1101,paf,queryStockItem,1.0000
1101,ep,Persistence,1.0000
1101,ep,DataStore,1.0000
1101,ep,Enterprise,1.0000
1101,ep,Reporting,1.0000
1104,paf,getMeanTimeToDeliveryReport,1.0000
1104,paf,rollInReceivedOrder,1.0000
1104,paf,getMeanTimeToDelivery,1.0000
1104,paf,getTransactionContext,1.0000
1104,paf,queryOrderById,1.0000
1104,paf,enterOrderID,1.0000
1104,paf,getEnterpriseByID,1.0000
1104,paf,getTransaction,1.0000
1104,paf,queryStockItem,1.0000
1104,ep,Persistence,1.0000
1104,ep,DataStore,1.0000
1104,ep,Enterprise,1.0000
1104,ep,Reporting,1.0000
1105,paf,getMeanTimeToDeliveryReport,1.0000
1105,paf,rollInReceivedOrder,1.0000
1105,paf,getMeanTimeToDelivery,1.0000
1105,paf,getTransactionContext,1.0000
1105,paf,queryOrderById,1.0000
1105,paf,getEnterpriseByID,1.0000
1105,paf,getTransaction,1.0000
1105,paf,queryStockItem,1.0000
1105,ep,Persistence,1.0000
1105,ep,DataStore,1.0000
1105,ep,Enterprise,1.0000
1105,ep,Reporting,1.0000
1108,paf,getMeanTimeToDeliveryReport,1.0000
1108,paf,rollInReceivedOrder,1.0000
1108,paf,getMeanTimeToDelivery,1.0000
1108,paf,getTransactionContext,1.0000
1108,paf,queryOrderById,1.0000
1108,paf,getEnterpriseByID,1.0000
1108,paf,getTransaction,1.0000
1108,paf,queryStockItem,1.0000
1108,ep,Persistence,1.0000
1108,ep,DataStore,1.0000
1108,ep,Enterprise,1.0000
1108,ep,Reporting,1.0000
1109,paf,createReport,1.0000
1109,paf,getMeanTimeToDeliveryReport,1.0000
1109,paf,getMeanTimeToDelivery,1.0000
1109,paf,queryOrderById,1.0000
1109,paf,getTransactionContext,1.0000
1109,paf,getEnterpriseByID,1.0000
1109,paf,getTransaction,1.0000
1109,paf,queryStockItem,1.0000
1109,ep,Persistence,1.0000
1109,ep,DataStore,1.0000
1109,ep,Enterprise,1.0000
1109,ep,Reporting,1.0000
1112,paf,printRunningTotal,1.0000
1112,paf,productBarCodeScannedEvent,1.0000
1112,paf,saleStartedEvent,1.0000
1112,paf,scanProduct,1.0000
1112,paf,stopSale,1.0000
1113,paf,printRunningTotal,1.0000
1113,paf,productBarCodeScannedEvent,1.0000
1113,paf,saleStartedEvent,1.0000
1113,paf,scanProduct,1.0000
1113,paf,stopSale,1.0000
1116,paf,getMeanTimeToDeliveryReport,1.0000
1116,paf,rollInReceivedOrder,1.0000
1116,paf,getMeanTimeToDelivery,1.0000
1116,paf,queryOrderById,1.0000
1116,paf,enterOrderID,1.0000
1116,paf,getEnterpriseByID,1.0000
1116,paf,queryStockItem,1.0000
1116,ep,Persistence,1.0000
1116,ep,DataStore,1.0000
1116,ep,Enterprise,1.0000
1116,ep,Reporting,1.0000
1117,paf,printRunningTotal,1.0000
1117,paf,saleStartedEvent,1.0000
1117,paf,stopSale,1.0000
1117,ep,New-Component_vlssnenejm,1.0000
1120,paf,getMeanTimeToDeliveryReport,1.0000
1120,paf,rollInReceivedOrder,1.0000
1120,paf,getMeanTimeToDelivery,1.0000
1120,paf,queryOrderById,1.0000
1120,paf,enterOrderID,1.0000
1120,paf,getEnterpriseByID,1.0000
1120,paf,getTransaction,1.0000
1120,paf,queryStockItem,1.0000
1120,ep,Persistence,1.0000
1120,ep,DataStore,1.0000
1120,ep,Enterprise,1.0000
1120,ep,Reporting,1.0000
1121,paf,getMeanTimeToDeliveryReport,1.0000
1121,paf,rollInReceivedOrder,1.0000
1121,paf,getMeanTimeToDelivery,1.0000
1121,paf,getTransactionContext,1.0000
1121,paf,queryOrderById,1.0000
1121,paf,getEnterpriseByID,1.0000
1121,paf,getTransaction,1.0000
1121,paf,queryStockItem,1.0000
1121,ep,Persistence,1.0000
1121,ep,DataStore,1.0000
1121,ep,Enterprise,1.0000
1121,ep,Reporting,1.0000
1124,paf,printRunningTotal,1.0000
1124,paf,saleStartedEvent,1.0000
1124,paf,stopSale,1.0000
1124,ep,New-Component_vlssnenejm,1.0000
1125,paf,getMeanTimeToDeliveryReport,1.0000
1125,paf,rollInReceivedOrder,1.0000
1125,paf,getMeanTimeToDelivery,1.0000
1125,paf,getTransactionContext,1.0000
1125,paf,queryOrderById,1.0000
1125,paf,getEnterpriseByID,1.0000
1125,paf,getTransaction,1.0000
1125,paf,queryStockItem,1.0000
1125,ep,Persistence,1.0000
1125,ep,DataStore,1.0000
1125,ep,Enterprise,1.0000
1125,ep,Reporting,1.0000
1128,paf,printRunningTotal,1.0000
1128,paf,saleStartedEvent,1.0000
1128,paf,stopSale,1.0000
1128,ep,New-Component_vlssnenejm,1.0000
1129,paf,printRunningTotal,1.0000
1129,paf,saleStartedEvent,1.0000
1129,paf,stopSale,1.0000
1129,ep,New-Component_vlssnenejm,1.0000
1130,paf,printRunningTotal,1.0000
1130,paf,productBarCodeScannedEvent,1.0000
1130,paf,saleStartedEvent,1.0000
1130,paf,scanProduct,1.0000
1130,paf,stopSale,1.0000
1131,paf,printRunningTotal,1.0000
1131,paf,saleStartedEvent,1.0000
1131,paf,stopSale,1.0000
1131,ep,New-Component_vlssnenejm,1.0000
1134,paf,createReport,1.0000
1134,paf,getMeanTimeToDeliveryReport,1.0000
1134,paf,getMeanTimeToDelivery,1.0000
1134,paf,getTransactionContext,1.0000
1134,paf,queryOrderById,1.0000
1134,paf,enterOrderID,1.0000
1134,paf,getEnterpriseByID,1.0000
1134,paf,getTransaction,1.0000
1134,paf,queryStockItem,1.0000
1134,ep,Persistence,1.0000
1134,ep,DataStore,1.0000
1134,ep,Enterprise,1.0000
1134,ep,Reporting,1.0000
1135,paf,printRunningTotal,1.0000
1135,paf,saleStartedEvent,1.0000
1135,paf,stopSale,1.0000
1135,ep,New-Component_vlssnenejm,1.0000
1138,paf,printRunningTotal,1.0000
1138,paf,productBarCodeScannedEvent,1.0000
1138,paf,saleStartedEvent,1.0000
1138,paf,scanProduct,1.0000
1138,paf,stopSale,1.0000
1139,paf,getMeanTimeToDeliveryReport,1.0000
1139,paf,rollInReceivedOrder,1.0000
1139,paf,getMeanTimeToDelivery,1.0000
1139,paf,getTransactionContext,1.0000
1139,paf,queryOrderById,1.0000
1139,paf,enterOrderID,1.0000
1139,paf,getEnterpriseByID,1.0000
1139,paf,getTransaction,1.0000
1139,paf,queryStockItem,1.0000
1139,ep,Persistence,1.0000
1139,ep,DataStore,1.0000
1139,ep,Enterprise,1.0000
1139,ep,Reporting,1.0000
1142,paf,printRunningTotal,1.0000
1142,paf,saleStartedEvent,1.0000
1142,paf,stopSale,1.0000
1142,ep,New-Component_vlssnenejm,1.0000
1143,paf,createReport,1.0000
1143,paf,getMeanTimeToDeliveryReport,1.0000
1143,paf,getMeanTimeToDelivery,1.0000
1143,paf,enterOrderID,1.0000
1143,paf,getEnterpriseByID,1.0000
1143,paf,getTransaction,1.0000
1146,paf,createReport,1.0000
1146,paf,getMeanTimeToDeliveryReport,1.0000
1146,paf,getMeanTimeToDelivery,1.0000
1146,paf,getTransactionContext,1.0000
1146,paf,enterOrderID,1.0000
1146,paf,getEnterpriseByID,1.0000
1146,paf,getTransaction,1.0000
1146,ep,Persistence,1.0000
1146,ep,DataStore,1.0000
1146,ep,Enterprise,1.0000
1146,ep,Reporting,1.0000
1147,paf,getMeanTimeToDeliveryReport,1.0000
1147,paf,rollInReceivedOrder,1.0000
1147,paf,getMeanTimeToDelivery,1.0000
1147,paf,getTransactionContext,1.0000
1147,paf,queryOrderById,1.0000
1147,paf,getEnterpriseByID,1.0000
1147,paf,getTransaction,1.0000
1147,paf,queryStockItem,1.0000
1147,ep,Persistence,1.0000
1147,ep,DataStore,1.0000
1147,ep,Enterprise,1.0000
1147,ep,Reporting,1.0000
1148,paf,printRunningTotal,1.0000
1148,paf,productBarCodeScannedEvent,1.0000
1148,paf,saleStartedEvent,1.0000
1148,paf,scanProduct,1.0000
1148,paf,stopSale,1.0000
1149,paf,printRunningTotal,1.0000
1149,paf,saleStartedEvent,1.0000
1149,paf,stopSale,1.0000
1149,ep,New-Component_vlssnenejm,1.0000
1152,paf,printRunningTotal,1.0000
1152,paf,productBarCodeScannedEvent,1.0000
1152,paf,saleStartedEvent,1.0000
1152,paf,scanProduct,1.0000
1152,paf,stopSale,1.0000
1153,paf,getMeanTimeToDeliveryReport,1.0000
1153,paf,rollInReceivedOrder,1.0000
1153,paf,getMeanTimeToDelivery,1.0000
1153,paf,getTransactionContext,1.0000
1153,paf,queryOrderById,1.0000
1153,paf,getEnterpriseByID,1.0000
1153,paf,getTransaction,1.0000
1153,paf,queryStockItem,1.0000
1153,ep,Persistence,1.0000
1153,ep,DataStore,1.0000
1153,ep,Enterprise,1.0000
1153,ep,Reporting,1.0000
1156,paf,printRunningTotal,1.0000
1156,paf,saleStartedEvent,1.0000
1156,paf,stopSale,1.0000
1156,ep,New-Component_vlssnenejm,1.0000
1157,paf,printRunningTotal,1.0000
1157,paf,productBarCodeScannedEvent,1.0000
1157,paf,saleStartedEvent,1.0000
1157,paf,scanProduct,1.0000
1157,paf,stopSale,1.0000
1160,paf,getMeanTimeToDeliveryReport,1.0000
1160,paf,getMeanTimeToDelivery,1.0000
1160,paf,getTransactionContext,1.0000
1160,paf,queryOrderById,1.0000
1160,paf,enterOrderID,1.0000
1160,paf,getEnterpriseByID,1.0000
1160,paf,getTransaction,1.0000
1160,paf,queryStockItem,1.0000
1160,ep,Persistence,1.0000
1160,ep,DataStore,1.0000
1160,ep,Enterprise,1.0000
1160,ep,Reporting,1.0000
1161,paf,getMeanTimeToDeliveryReport,1.0000
1161,paf,getMeanTimeToDelivery,1.0000
1161,paf,getTransactionContext,1.0000
1161,paf,queryOrderById,1.0000
1161,paf,getEnterpriseByID,1.0000
1161,paf,getTransaction,1.0000
1161,paf,queryStockItem,1.0000
1161,ep,Persistence,1.0000
1161,ep,DataStore,1.0000
1161,ep,Enterprise,1.0000
1161,ep,Reporting,1.0000
1164,paf,createReport,1.0000
1164,paf,getMeanTimeToDeliveryReport,1.0000
1164,paf,getMeanTimeToDelivery,1.0000
1164,paf,getTransactionContext,1.0000
1164,paf,queryOrderById,1.0000
1164,paf,enterOrderID,1.0000
1164,paf,getEnterpriseByID,1.0000
1164,paf,getTransaction,1.0000
1164,ep,Persistence,1.0000
1164,ep,DataStore,1.0000
1164,ep,Enterprise,1.0000
1164,ep,Reporting,1.0000
1165,paf,createReport,1.0000
1165,paf,getMeanTimeToDeliveryReport,1.0000
1165,paf,getMeanTimeToDelivery,1.0000
1165,paf,enterOrderID,1.0000
1165,paf,getEnterpriseByID,1.0000
1165,paf,getTransaction,1.0000
1168,paf,createReport,1.0000
1168,paf,getMeanTimeToDeliveryReport,1.0000
1168,paf,rollInReceivedOrder,1.0000
1168,paf,getMeanTimeToDelivery,1.0000
1168,paf,getTransactionContext,1.0000
1168,paf,enterOrderID,1.0000
1168,paf,getEnterpriseByID,1.0000
1168,paf,getTransaction,1.0000
1168,ep,Persistence,1.0000
1168,ep,DataStore,1.0000
1168,ep,Enterprise,1.0000
1168,ep,Reporting,1.0000
1169,paf,getMeanTimeToDeliveryReport,1.0000
1169,paf,getMeanTimeToDelivery,1.0000
1169,paf,getTransactionContext,1.0000
1169,paf,queryOrderById,1.0000
1169,paf,getEnterpriseByID,1.0000
1169,paf,getTransaction,1.0000
1169,paf,queryStockItem,1.0000
1169,ep,Persistence,1.0000
1169,ep,DataStore,1.0000
1169,ep,Enterprise,1.0000
1169,ep,Reporting,1.0000
1172,paf,createReport,1.0000
1172,paf,getMeanTimeToDeliveryReport,1.0000
1172,paf,getMeanTimeToDelivery,1.0000
1172,paf,enterOrderID,1.0000
1172,paf,getEnterpriseByID,1.0000
1172,paf,getTransaction,1.0000
1173,paf,createReport,1.0000
1173,paf,getMeanTimeToDeliveryReport,1.0000
1173,paf,getMeanTimeToDelivery,1.0000
1173,paf,getTransactionContext,1.0000
1173,paf,queryOrderById,1.0000
1173,paf,enterOrderID,1.0000
1173,paf,getEnterpriseByID,1.0000
1173,paf,getTransaction,1.0000
1173,paf,queryStockItem,1.0000
1173,ep,Persistence,1.0000
1173,ep,DataStore,1.0000
1173,ep,Enterprise,1.0000
1173,ep,Reporting,1.0000
1174,paf,getMeanTimeToDeliveryReport,1.0000
1174,paf,rollInReceivedOrder,1.0000
1174,paf,getMeanTimeToDelivery,1.0000
1174,paf,queryOrderById,1.0000
1174,paf,enterOrderID,1.0000
1174,paf,getEnterpriseByID,1.0000
1174,paf,queryStockItem,1.0000
1174,ep,Persistence,1.0000
1174,ep,DataStore,1.0000
1174,ep,Enterprise,1.0000
1174,ep,Reporting,1.0000
1175,paf,getMeanTimeToDeliveryReport,1.0000
1175,paf,rollInReceivedOrder,1.0000
1175,paf,getMeanTimeToDelivery,1.0000
1175,paf,getTransactionContext,1.0000
1175,paf,queryOrderById,1.0000
1175,paf,getEnterpriseByID,1.0000
1175,paf,getTransaction,1.0000
1175,paf,queryStockItem,1.0000
1175,ep,Persistence,1.0000
1175,ep,DataStore,1.0000
1175,ep,Enterprise,1.0000
1175,ep,Reporting,1.0000
1178,paf,createReport,1.0000
1178,paf,getMeanTimeToDeliveryReport,1.0000
1178,paf,rollInReceivedOrder,1.0000
1178,paf,getMeanTimeToDelivery,1.0000
1178,paf,getTransactionContext,1.0000
1178,paf,queryOrderById,1.0000
1178,paf,enterOrderID,1.0000
1178,paf,getEnterpriseByID,1.0000
1178,paf,queryStockItem,1.0000
1178,ep,Persistence,1.0000
1178,ep,DataStore,1.0000
1178,ep,Enterprise,1.0000
1178,ep,Reporting,1.0000
1179,paf,getMeanTimeToDeliveryReport,1.0000
1179,paf,rollInReceivedOrder,1.0000
1179,paf,getMeanTimeToDelivery,1.0000
1179,paf,getTransactionContext,1.0000
1179,paf,queryOrderById,1.0000
1179,paf,getEnterpriseByID,1.0000
1179,paf,getTransaction,1.0000
1179,paf,queryStockItem,1.0000
1179,ep,Persistence,1.0000
1179,ep,DataStore,1.0000
1179,ep,Enterprise,1.0000
1179,ep,Reporting,1.0000
1182,paf,createReport,1.0000
1182,paf,getMeanTimeToDeliveryReport,1.0000
1182,paf,getMeanTimeToDelivery,1.0000
1182,paf,getTransactionContext,1.0000
1182,paf,queryOrderById,1.0000
1182,paf,enterOrderID,1.0000
1182,paf,getEnterpriseByID,1.0000
1182,paf,getTransaction,1.0000
1182,paf,queryStockItem,1.0000
1182,ep,Persistence,1.0000
1182,ep,DataStore,1.0000
1182,ep,Enterprise,1.0000
1182,ep,Reporting,1.0000
1183,paf,getMeanTimeToDeliveryReport,1.0000
1183,paf,rollInReceivedOrder,1.0000
1183,paf,getMeanTimeToDelivery,1.0000
1183,paf,getTransactionContext,1.0000
1183,paf,queryOrderById,1.0000
1183,paf,getEnterpriseByID,1.0000
1183,paf,getTransaction,1.0000
1183,paf,queryStockItem,1.0000
1183,ep,Persistence,1.0000
1183,ep,DataStore,1.0000
1183,ep,Enterprise,1.0000
1183,ep,Reporting,1.0000
1186,paf,getMeanTimeToDeliveryReport,1.0000
1186,paf,rollInReceivedOrder,1.0000
1186,paf,getMeanTimeToDelivery,1.0000
1186,paf,getTransactionContext,1.0000
1186,paf,queryOrderById,1.0000
1186,paf,getEnterpriseByID,1.0000
1186,paf,getTransaction,1.0000
1186,paf,queryStockItem,1.0000
1186,ep,Persistence,1.0000
1186,ep,DataStore,1.0000
1186,ep,Enterprise,1.0000
1186,ep,Reporting,1.0000
1187,paf,getMeanTimeToDeliveryReport,1.0000
1187,paf,rollInReceivedOrder,1.0000
1187,paf,getMeanTimeToDelivery,1.0000
1187,paf,queryOrderById,1.0000
1187,paf,enterOrderID,1.0000
1187,paf,getEnterpriseByID,1.0000
1187,paf,queryStockItem,1.0000
1187,ep,Persistence,1.0000
1187,ep,DataStore,1.0000
1187,ep,Enterprise,1.0000
1187,ep,Reporting,1.0000
1190,paf,getMeanTimeToDeliveryReport,1.0000
1190,paf,rollInReceivedOrder,1.0000
1190,paf,getMeanTimeToDelivery,1.0000
1190,paf,getTransactionContext,1.0000
1190,paf,queryOrderById,1.0000
1190,paf,getEnterpriseByID,1.0000
1190,paf,getTransaction,1.0000
1190,paf,queryStockItem,1.0000
1190,ep,Persistence,1.0000
1190,ep,DataStore,1.0000
1190,ep,Enterprise,1.0000
1190,ep,Reporting,1.0000
1191,paf,printRunningTotal,1.0000
1191,paf,saleStartedEvent,1.0000
1191,paf,stopSale,1.0000
1191,ep,New-Component_vlssnenejm,1.0000
1194,paf,printRunningTotal,1.0000
1194,paf,saleStartedEvent,1.0000
1194,paf,stopSale,1.0000
1194,ep,New-Component_vlssnenejm,1.0000
1195,paf,getMeanTimeToDeliveryReport,1.0000
1195,paf,rollInReceivedOrder,1.0000
1195,paf,getMeanTimeToDelivery,1.0000
1195,paf,getTransactionContext,1.0000
1195,paf,queryOrderById,1.0000
1195,paf,getEnterpriseByID,1.0000
1195,paf,getTransaction,1.0000
1195,paf,queryStockItem,1.0000
1195,ep,Persistence,1.0000
1195,ep,DataStore,1.0000
1195,ep,Enterprise,1.0000
1195,ep,Reporting,1.0000
1198,paf,printRunningTotal,1.0000
1198,paf,saleStartedEvent,1.0000
1198,paf,stopSale,1.0000
1198,ep,New-Component_vlssnenejm,1.0000
1199,paf,getMeanTimeToDeliveryReport,1.0000
1199,paf,rollInReceivedOrder,1.0000
1199,paf,getMeanTimeToDelivery,1.0000
1199,paf,getTransactionContext,1.0000
1199,paf,queryOrderById,1.0000
1199,paf,getEnterpriseByID,1.0000
1199,paf,getTransaction,1.0000
1199,paf,queryStockItem,1.0000
1199,ep,Persistence,1.0000
1199,ep,DataStore,1.0000
1199,ep,Enterprise,1.0000
1199,ep,Reporting,1.0000
1200,paf,getMeanTimeToDeliveryReport,1.0000
1200,paf,rollInReceivedOrder,1.0000
1200,paf,getMeanTimeToDelivery,1.0000
1200,paf,getTransactionContext,1.0000
1200,paf,queryOrderById,1.0000
1200,paf,getEnterpriseByID,1.0000
1200,paf,getTransaction,1.0000
1200,paf,queryStockItem,1.0000
1200,ep,Persistence,1.0000
1200,ep,DataStore,1.0000
1200,ep,Enterprise,1.0000
1200,ep,Reporting,1.0000
1201,paf,printRunningTotal,1.0000
1201,paf,productBarCodeScannedEvent,1.0000
1201,paf,saleStartedEvent,1.0000
1201,paf,scanProduct,1.0000
1201,paf,stopSale,1.0000
1204,paf,getMeanTimeToDeliveryReport,1.0000
1204,paf,rollInReceivedOrder,1.0000
1204,paf,getMeanTimeToDelivery,1.0000
1204,paf,getTransactionContext,1.0000
1204,paf,queryOrderById,1.0000
1204,paf,getEnterpriseByID,1.0000
1204,paf,getTransaction,1.0000
1204,paf,queryStockItem,1.0000
1204,ep,Persistence,1.0000
1204,ep,DataStore,1.0000
1204,ep,Enterprise,1.0000
1204,ep,Reporting,1.0000
1205,paf,getMeanTimeToDeliveryReport,1.0000
1205,paf,rollInReceivedOrder,1.0000
1205,paf,getMeanTimeToDelivery,1.0000
1205,paf,getTransactionContext,1.0000
1205,paf,queryOrderById,1.0000
1205,paf,getEnterpriseByID,1.0000
1205,paf,getTransaction,1.0000
1205,paf,queryStockItem,1.0000
1205,ep,Persistence,1.0000
1205,ep,DataStore,1.0000
1205,ep,Enterprise,1.0000
1205,ep,Reporting,1.0000
1208,paf,printRunningTotal,1.0000
1208,paf,saleStartedEvent,1.0000
1208,paf,stopSale,1.0000
1208,ep,New-Component_vlssnenejm,1.0000
1209,paf,getMeanTimeToDeliveryReport,1.0000
1209,paf,rollInReceivedOrder,1.0000
1209,paf,getMeanTimeToDelivery,1.0000
1209,paf,getTransactionContext,1.0000
1209,paf,queryOrderById,1.0000
1209,paf,getEnterpriseByID,1.0000
1209,paf,getTransaction,1.0000
1209,paf,queryStockItem,1.0000
1209,ep,Persistence,1.0000
1209,ep,DataStore,1.0000
1209,ep,Enterprise,1.0000
1209,ep,Reporting,1.0000
1212,paf,getMeanTimeToDeliveryReport,1.0000
1212,paf,rollInReceivedOrder,1.0000
1212,paf,getMeanTimeToDelivery,1.0000
1212,paf,getTransactionContext,1.0000
1212,paf,queryOrderById,1.0000
1212,paf,getEnterpriseByID,1.0000
1212,paf,getTransaction,1.0000
1212,paf,queryStockItem,1.0000
1212,ep,Persistence,1.0000
1212,ep,DataStore,1.0000
1212,ep,Enterprise,1.0000
1212,ep,Reporting,1.0000
1213,paf,createReport,1.0000
1213,paf,getMeanTimeToDeliveryReport,1.0000
1213,paf,getMeanTimeToDelivery,1.0000
1213,paf,getTransactionContext,1.0000
1213,paf,queryOrderById,1.0000
1213,paf,getEnterpriseByID,1.0000
1213,paf,getTransaction,1.0000
1213,paf,queryStockItem,1.0000
1213,ep,Persistence,1.0000
1213,ep,DataStore,1.0000
1213,ep,Enterprise,1.0000
1213,ep,Reporting,1.0000
1216,paf,getMeanTimeToDeliveryReport,1.0000
1216,paf,rollInReceivedOrder,1.0000
1216,paf,getMeanTimeToDelivery,1.0000
1216,paf,getTransactionContext,1.0000
1216,paf,queryOrderById,1.0000
1216,paf,getEnterpriseByID,1.0000
1216,paf,getTransaction,1.0000
1216,paf,queryStockItem,1.0000
1216,ep,Persistence,1.0000
1216,ep,DataStore,1.0000
1216,ep,Enterprise,1.0000
1216,ep,Reporting,1.0000
1217,paf,createReport,1.0000
1217,paf,getMeanTimeToDeliveryReport,1.0000
1217,paf,rollInReceivedOrder,1.0000
1217,paf,getMeanTimeToDelivery,1.0000
1217,paf,getTransactionContext,1.0000
1217,paf,queryOrderById,1.0000
1217,paf,enterOrderID,1.0000
1217,paf,getEnterpriseByID,1.0000
1217,paf,getTransaction,1.0000
1217,paf,queryStockItem,1.0000
1217,ep,Persistence,1.0000
1217,ep,DataStore,1.0000
1217,ep,Enterprise,1.0000
1217,ep,Reporting,1.0000
1220,paf,printRunningTotal,1.0000
1220,paf,productBarCodeScannedEvent,1.0000
1220,paf,saleStartedEvent,1.0000
1220,paf,scanProduct,1.0000
1220,paf,stopSale,1.0000
1221,paf,getMeanTimeToDeliveryReport,1.0000
1221,paf,rollInReceivedOrder,1.0000
1221,paf,getMeanTimeToDelivery,1.0000
1221,paf,getTransactionContext,1.0000
1221,paf,queryOrderById,1.0000
1221,paf,getEnterpriseByID,1.0000
1221,paf,getTransaction,1.0000
1221,paf,queryStockItem,1.0000
1221,ep,Persistence,1.0000
1221,ep,DataStore,1.0000
1221,ep,Enterprise,1.0000
1221,ep,Reporting,1.0000
1224,paf,getMeanTimeToDeliveryReport,1.0000
1224,paf,rollInReceivedOrder,1.0000
1224,paf,getMeanTimeToDelivery,1.0000
1224,paf,getTransactionContext,1.0000
1224,paf,queryOrderById,1.0000
1224,paf,getEnterpriseByID,1.0000
1224,paf,getTransaction,1.0000
1224,paf,queryStockItem,1.0000
1224,ep,Persistence,1.0000
1224,ep,DataStore,1.0000
1224,ep,Enterprise,1.0000
1224,ep,Reporting,1.0000
1225,paf,getMeanTimeToDeliveryReport,1.0000
1225,paf,rollInReceivedOrder,1.0000
1225,paf,getMeanTimeToDelivery,1.0000
1225,paf,getTransactionContext,1.0000
1225,paf,queryOrderById,1.0000
1225,paf,getEnterpriseByID,1.0000
1225,paf,getTransaction,1.0000
1225,paf,queryStockItem,1.0000
1225,ep,Persistence,1.0000
1225,ep,DataStore,1.0000
1225,ep,Enterprise,1.0000
1225,ep,Reporting,1.0000
1228,paf,printRunningTotal,1.0000
1228,paf,productBarCodeScannedEvent,1.0000
1228,paf,saleStartedEvent,1.0000
1228,paf,scanProduct,1.0000
1228,paf,stopSale,1.0000
1229,paf,createReport,1.0000
1229,paf,getMeanTimeToDeliveryReport,1.0000
1229,paf,getMeanTimeToDelivery,1.0000
1229,paf,enterOrderID,1.0000
1229,paf,getEnterpriseByID,1.0000
1229,paf,getTransaction,1.0000
1232,paf,createReport,1.0000
1232,paf,getMeanTimeToDeliveryReport,1.0000
1232,paf,rollInReceivedOrder,1.0000
1232,paf,getMeanTimeToDelivery,1.0000
1232,paf,getTransactionContext,1.0000
1232,paf,queryOrderById,1.0000
1232,paf,enterOrderID,1.0000
1232,paf,getEnterpriseByID,1.0000
1232,paf,getTransaction,1.0000
1232,paf,queryStockItem,1.0000
1232,ep,Persistence,1.0000
1232,ep,DataStore,1.0000
1232,ep,Enterprise,1.0000
1232,ep,Reporting,1.0000
1233,paf,getMeanTimeToDeliveryReport,1.0000
1233,paf,rollInReceivedOrder,1.0000
1233,paf,getMeanTimeToDelivery,1.0000
1233,paf,getTransactionContext,1.0000
1233,paf,queryOrderById,1.0000
1233,paf,getEnterpriseByID,1.0000
1233,paf,getTransaction,1.0000
1233,paf,queryStockItem,1.0000
1233,ep,Persistence,1.0000
1233,ep,DataStore,1.0000
1233,ep,Enterprise,1.0000
1233,ep,Reporting,1.0000
1236,paf,printRunningTotal,1.0000
1236,paf,productBarCodeScannedEvent,1.0000
1236,paf,saleStartedEvent,1.0000
1236,paf,scanProduct,1.0000
1236,paf,stopSale,1.0000
1237,paf,getMeanTimeToDeliveryReport,1.0000
1237,paf,rollInReceivedOrder,1.0000
1237,paf,getMeanTimeToDelivery,1.0000
1237,paf,getTransactionContext,1.0000
1237,paf,queryOrderById,1.0000
1237,paf,getEnterpriseByID,1.0000
1237,paf,getTransaction,1.0000
1237,paf,queryStockItem,1.0000
1237,ep,Persistence,1.0000
1237,ep,DataStore,1.0000
1237,ep,Enterprise,1.0000
1237,ep,Reporting,1.0000
1240,paf,createReport,1.0000
1240,paf,getMeanTimeToDeliveryReport,1.0000
1240,paf,getMeanTimeToDelivery,1.0000
1240,paf,getTransactionContext,1.0000
1240,paf,queryOrderById,1.0000
1240,paf,getEnterpriseByID,1.0000
1240,paf,getTransaction,1.0000
1240,paf,queryStockItem,1.0000
1240,ep,Persistence,1.0000
1240,ep,DataStore,1.0000
1240,ep,Enterprise,1.0000
1240,ep,Reporting,1.0000
1241,paf,printRunningTotal,1.0000
1241,paf,saleStartedEvent,1.0000
1241,paf,stopSale,1.0000
1241,ep,New-Component_vlssnenejm,1.0000
1244,paf,printRunningTotal,1.0000
1244,paf,productBarCodeScannedEvent,1.0000
1244,paf,saleStartedEvent,1.0000
1244,paf,scanProduct,1.0000
1244,paf,stopSale,1.0000
1245,paf,printRunningTotal,1.0000
1245,paf,productBarCodeScannedEvent,1.0000
1245,paf,saleStartedEvent,1.0000
1245,paf,scanProduct,1.0000
1245,paf,stopSale,1.0000
1248,paf,getMeanTimeToDeliveryReport,1.0000
1248,paf,getMeanTimeToDelivery,1.0000
1248,paf,getTransactionContext,1.0000
1248,paf,queryOrderById,1.0000
1248,paf,getEnterpriseByID,1.0000
1248,paf,getTransaction,1.0000
1248,paf,queryStockItem,1.0000
1248,ep,Persistence,1.0000
1248,ep,DataStore,1.0000
1248,ep,Enterprise,1.0000
1248,ep,Reporting,1.0000
1249,paf,createReport,1.0000
1249,paf,getMeanTimeToDeliveryReport,1.0000
1249,paf,getMeanTimeToDelivery,1.0000
1249,paf,getTransactionContext,1.0000
1249,paf,enterOrderID,1.0000
1249,paf,getEnterpriseByID,1.0000
1249,paf,getTransaction,1.0000
1249,ep,Persistence,1.0000
1249,ep,DataStore,1.0000
1249,ep,Enterprise,1.0000
1249,ep,Reporting,1.0000
1252,paf,printRunningTotal,1.0000
1252,paf,saleStartedEvent,1.0000
1252,paf,stopSale,1.0000
1252,ep,New-Component_vlssnenejm,1.0000
1253,paf,getMeanTimeToDeliveryReport,1.0000
1253,paf,getMeanTimeToDelivery,1.0000
1253,paf,getTransactionContext,1.0000
1253,paf,queryOrderById,1.0000
1253,paf,getEnterpriseByID,1.0000
1253,paf,getTransaction,1.0000
1253,paf,queryStockItem,1.0000
1253,ep,Persistence,1.0000
1253,ep,DataStore,1.0000
1253,ep,Enterprise,1.0000
1253,ep,Reporting,1.0000
1256,paf,printRunningTotal,1.0000
1256,paf,productBarCodeScannedEvent,1.0000
1256,paf,saleStartedEvent,1.0000
1256,paf,scanProduct,1.0000
1256,paf,stopSale,1.0000
1257,paf,printRunningTotal,1.0000
1257,paf,saleStartedEvent,1.0000
1257,paf,stopSale,1.0000
1257,ep,New-Component_vlssnenejm,1.0000
1260,paf,createReport,1.0000
1260,paf,getMeanTimeToDeliveryReport,1.0000
1260,paf,getMeanTimeToDelivery,1.0000
1260,paf,getTransactionContext,1.0000
1260,paf,enterOrderID,1.0000
1260,paf,getEnterpriseByID,1.0000
1260,paf,getTransaction,1.0000
1260,ep,Persistence,1.0000
1260,ep,DataStore,1.0000
1260,ep,Enterprise,1.0000
1260,ep,Reporting,1.0000
1261,paf,getMeanTimeToDeliveryReport,1.0000
1261,paf,rollInReceivedOrder,1.0000
1261,paf,getMeanTimeToDelivery,1.0000
1261,paf,getTransactionContext,1.0000
1261,paf,queryOrderById,1.0000
1261,paf,getEnterpriseByID,1.0000
1261,paf,getTransaction,1.0000
1261,paf,queryStockItem,1.0000
1261,ep,Persistence,1.0000
1261,ep,DataStore,1.0000
1261,ep,Enterprise,1.0000
1261,ep,Reporting,1.0000
1262,paf,createReport,1.0000
1262,paf,getMeanTimeToDeliveryReport,1.0000
1262,paf,getMeanTimeToDelivery,1.0000
1262,paf,getTransactionContext,1.0000
1262,paf,queryOrderById,1.0000
1262,paf,enterOrderID,1.0000
1262,paf,getEnterpriseByID,1.0000
1262,paf,getTransaction,1.0000
1262,paf,queryStockItem,1.0000
1262,ep,Persistence,1.0000
1262,ep,DataStore,1.0000
1262,ep,Enterprise,1.0000
1262,ep,Reporting,1.0000
1263,paf,getMeanTimeToDeliveryReport,1.0000
1263,paf,rollInReceivedOrder,1.0000
1263,paf,getMeanTimeToDelivery,1.0000
1263,paf,getTransactionContext,1.0000
1263,paf,queryOrderById,1.0000
1263,paf,getEnterpriseByID,1.0000
1263,paf,getTransaction,1.0000
1263,paf,queryStockItem,1.0000
1263,ep,Persistence,1.0000
1263,ep,DataStore,1.0000
1263,ep,Enterprise,1.0000
1263,ep,Reporting,1.0000
1264,paf,printRunningTotal,1.0000
1264,paf,productBarCodeScannedEvent,1.0000
1264,paf,saleStartedEvent,1.0000
1264,paf,scanProduct,1.0000
1264,paf,stopSale,1.0000
1265,paf,getMeanTimeToDeliveryReport,1.0000
1265,paf,rollInReceivedOrder,1.0000
1265,paf,getMeanTimeToDelivery,1.0000
1265,paf,getTransactionContext,1.0000
1265,paf,queryOrderById,1.0000
1265,paf,getEnterpriseByID,1.0000
1265,paf,getTransaction,1.0000
1265,paf,queryStockItem,1.0000
1265,ep,Persistence,1.0000
1265,ep,DataStore,1.0000
1265,ep,Enterprise,1.0000
1265,ep,Reporting,1.0000
1268,paf,getMeanTimeToDeliveryReport,1.0000
1268,paf,rollInReceivedOrder,1.0000
1268,paf,getMeanTimeToDelivery,1.0000
1268,paf,getTransactionContext,1.0000
1268,paf,queryOrderById,1.0000
1268,paf,getEnterpriseByID,1.0000
1268,paf,getTransaction,1.0000
1268,paf,queryStockItem,1.0000
1268,ep,Persistence,1.0000
1268,ep,DataStore,1.0000
1268,ep,Enterprise,1.0000
1268,ep,Reporting,1.0000
1269,paf,getMeanTimeToDeliveryReport,1.0000
1269,paf,rollInReceivedOrder,1.0000
1269,paf,getMeanTimeToDelivery,1.0000
1269,paf,getTransactionContext,1.0000
1269,paf,queryOrderById,1.0000
1269,paf,getEnterpriseByID,1.0000
1269,paf,getTransaction,1.0000
1269,paf,queryStockItem,1.0000
1269,ep,Persistence,1.0000
1269,ep,DataStore,1.0000
1269,ep,Enterprise,1.0000
1269,ep,Reporting,1.0000
1272,paf,getMeanTimeToDeliveryReport,1.0000
1272,paf,rollInReceivedOrder,1.0000
1272,paf,getMeanTimeToDelivery,1.0000
1272,paf,queryOrderById,1.0000
1272,paf,enterOrderID,1.0000
1272,paf,getEnterpriseByID,1.0000
1272,paf,queryStockItem,1.0000
1272,ep,Persistence,1.0000
1272,ep,DataStore,1.0000
1272,ep,Enterprise,1.0000
1272,ep,Reporting,1.0000
1273,paf,printRunningTotal,1.0000
1273,paf,saleStartedEvent,1.0000
1273,paf,stopSale,1.0000
1273,ep,New-Component_vlssnenejm,1.0000
1276,paf,getMeanTimeToDeliveryReport,1.0000
1276,paf,rollInReceivedOrder,1.0000
1276,paf,getMeanTimeToDelivery,1.0000
1276,paf,getTransactionContext,1.0000
1276,paf,queryOrderById,1.0000
1276,paf,getEnterpriseByID,1.0000
1276,paf,getTransaction,1.0000
1276,paf,queryStockItem,1.0000
1276,ep,Persistence,1.0000
1276,ep,DataStore,1.0000
1276,ep,Enterprise,1.0000
1276,ep,Reporting,1.0000
1277,paf,printRunningTotal,1.0000
1277,paf,productBarCodeScannedEvent,1.0000
1277,paf,saleStartedEvent,1.0000
1277,paf,scanProduct,1.0000
1277,paf,stopSale,1.0000
1280,paf,getMeanTimeToDeliveryReport,1.0000
1280,paf,rollInReceivedOrder,1.0000
1280,paf,getMeanTimeToDelivery,1.0000
1280,paf,getTransactionContext,1.0000
1280,paf,queryOrderById,1.0000
1280,paf,getEnterpriseByID,1.0000
1280,paf,getTransaction,1.0000
1280,paf,queryStockItem,1.0000
1280,ep,Persistence,1.0000
1280,ep,DataStore,1.0000
1280,ep,Enterprise,1.0000
1280,ep,Reporting,1.0000
1281,paf,printRunningTotal,1.0000
1281,paf,productBarCodeScannedEvent,1.0000
1281,paf,saleStartedEvent,1.0000
1281,paf,scanProduct,1.0000
1281,paf,stopSale,1.0000
1284,paf,getMeanTimeToDeliveryReport,1.0000
1284,paf,rollInReceivedOrder,1.0000
1284,paf,getMeanTimeToDelivery,1.0000
1284,paf,getTransactionContext,1.0000
1284,paf,queryOrderById,1.0000
1284,paf,getEnterpriseByID,1.0000
1284,paf,getTransaction,1.0000
1284,paf,queryStockItem,1.0000
1284,ep,Persistence,1.0000
1284,ep,DataStore,1.0000
1284,ep,Enterprise,1.0000
1284,ep,Reporting,1.0000
1285,paf,getMeanTimeToDeliveryReport,1.0000
1285,paf,rollInReceivedOrder,1.0000
1285,paf,getMeanTimeToDelivery,1.0000
1285,paf,queryOrderById,1.0000
1285,paf,enterOrderID,1.0000
1285,paf,getEnterpriseByID,1.0000
1285,paf,getTransaction,1.0000
1285,paf,queryStockItem,1.0000
1285,ep,Persistence,1.0000
1285,ep,DataStore,1.0000
1285,ep,Enterprise,1.0000
1285,ep,Reporting,1.0000
1288,paf,printRunningTotal,1.0000
1288,paf,saleStartedEvent,1.0000
1288,paf,stopSale,1.0000
1288,ep,New-Component_vlssnenejm,1.0000
1289,paf,getMeanTimeToDeliveryReport,1.0000
1289,paf,rollInReceivedOrder,1.0000
1289,paf,getMeanTimeToDelivery,1.0000
1289,paf,getTransactionContext,1.0000
1289,paf,queryOrderById,1.0000
1289,paf,getEnterpriseByID,1.0000
1289,paf,getTransaction,1.0000
1289,paf,queryStockItem,1.0000
1289,ep,Persistence,1.0000
1289,ep,DataStore,1.0000
1289,ep,Enterprise,1.0000
1289,ep,Reporting,1.0000
1292,paf,createReport,1.0000
1292,paf,getMeanTimeToDeliveryReport,1.0000
1292,paf,getMeanTimeToDelivery,1.0000
1292,paf,getTransactionContext,1.0000
1292,paf,queryOrderById,1.0000
1292,paf,enterOrderID,1.0000
1292,paf,getEnterpriseByID,1.0000
1292,paf,getTransaction,1.0000
1292,paf,queryStockItem,1.0000
1292,ep,Persistence,1.0000
1292,ep,DataStore,1.0000
1292,ep,Enterprise,1.0000
1292,ep,Reporting,1.0000
1293,paf,getMeanTimeToDeliveryReport,1.0000
1293,paf,rollInReceivedOrder,1.0000
1293,paf,getMeanTimeToDelivery,1.0000
1293,paf,getTransactionContext,1.0000
1293,paf,queryOrderById,1.0000
1293,paf,getEnterpriseByID,1.0000
1293,paf,getTransaction,1.0000
1293,paf,queryStockItem,1.0000
1293,ep,Persistence,1.0000
1293,ep,DataStore,1.0000
1293,ep,Enterprise,1.0000
1293,ep,Reporting,1.0000
1294,paf,getMeanTimeToDeliveryReport,1.0000
1294,paf,rollInReceivedOrder,1.0000
1294,paf,getMeanTimeToDelivery,1.0000
1294,paf,queryOrderById,1.0000
1294,paf,enterOrderID,1.0000
1294,paf,getEnterpriseByID,1.0000
1294,paf,queryStockItem,1.0000
1294,ep,Persistence,1.0000
1294,ep,DataStore,1.0000
1294,ep,Enterprise,1.0000
1294,ep,Reporting,1.0000
1295,paf,printRunningTotal,1.0000
1295,paf,productBarCodeScannedEvent,1.0000
1295,paf,saleStartedEvent,1.0000
1295,paf,scanProduct,1.0000
1295,paf,stopSale,1.0000
1298,paf,printRunningTotal,1.0000
1298,paf,saleStartedEvent,1.0000
1298,paf,stopSale,1.0000
1298,ep,New-Component_vlssnenejm,1.0000
1299,paf,printRunningTotal,1.0000
1299,paf,saleStartedEvent,1.0000
1299,paf,stopSale,1.0000
1299,ep,New-Component_vlssnenejm,1.0000
1302,paf,createReport,1.0000
1302,paf,getMeanTimeToDeliveryReport,1.0000
1302,paf,getMeanTimeToDelivery,1.0000
1302,paf,getTransactionContext,1.0000
1302,paf,queryOrderById,1.0000
1302,paf,enterOrderID,1.0000
1302,paf,getEnterpriseByID,1.0000
1302,paf,getTransaction,1.0000
1302,paf,queryStockItem,1.0000
1302,ep,Persistence,1.0000
1302,ep,DataStore,1.0000
1302,ep,Enterprise,1.0000
1302,ep,Reporting,1.0000
1303,paf,getMeanTimeToDeliveryReport,1.0000
1303,paf,rollInReceivedOrder,1.0000
1303,paf,getMeanTimeToDelivery,1.0000
1303,paf,getTransactionContext,1.0000
1303,paf,queryOrderById,1.0000
1303,paf,getEnterpriseByID,1.0000
1303,paf,getTransaction,1.0000
1303,paf,queryStockItem,1.0000
1303,ep,Persistence,1.0000
1303,ep,DataStore,1.0000
1303,ep,Enterprise,1.0000
1303,ep,Reporting,1.0000
1306,paf,createReport,1.0000
1306,paf,getMeanTimeToDelivery,1.0000
1306,paf,getTransactionContext,1.0000
1306,paf,queryOrderById,1.0000
1306,paf,enterOrderID,1.0000
1306,paf,getEnterpriseByID,1.0000
1306,paf,getTransaction,1.0000
1306,paf,queryStockItem,1.0000
1306,ep,Persistence,1.0000
1306,ep,DataStore,1.0000
1306,ep,Enterprise,1.0000
1307,paf,createReport,1.0000
1307,paf,getMeanTimeToDeliveryReport,1.0000
1307,paf,getMeanTimeToDelivery,1.0000
1307,paf,queryOrderById,1.0000
1307,paf,enterOrderID,1.0000
1307,paf,getEnterpriseByID,1.0000
1307,paf,getTransaction,1.0000
1307,paf,queryStockItem,1.0000
1307,ep,Persistence,1.0000
1307,ep,DataStore,1.0000
1307,ep,Enterprise,1.0000
1307,ep,Reporting,1.0000
1310,paf,getMeanTimeToDeliveryReport,1.0000
1310,paf,rollInReceivedOrder,1.0000
1310,paf,getMeanTimeToDelivery,1.0000
1310,paf,queryOrderById,1.0000
1310,paf,enterOrderID,1.0000
1310,paf,getEnterpriseByID,1.0000
1310,paf,queryStockItem,1.0000
1310,ep,Persistence,1.0000
1310,ep,DataStore,1.0000
1310,ep,Enterprise,1.0000
1310,ep,Reporting,1.0000
1311,paf,printRunningTotal,1.0000
1311,paf,productBarCodeScannedEvent,1.0000
1311,paf,saleStartedEvent,1.0000
1311,paf,scanProduct,1.0000
1311,paf,stopSale,1.0000
1314,paf,printRunningTotal,1.0000
1314,paf,saleStartedEvent,1.0000
1314,paf,stopSale,1.0000
1314,ep,New-Component_vlssnenejm,1.0000
1315,paf,getMeanTimeToDeliveryReport,1.0000
1315,paf,rollInReceivedOrder,1.0000
1315,paf,getMeanTimeToDelivery,1.0000
1315,paf,getTransactionContext,1.0000
1315,paf,queryOrderById,1.0000
1315,paf,getEnterpriseByID,1.0000
1315,paf,getTransaction,1.0000
1315,paf,queryStockItem,1.0000
1315,ep,Persistence,1.0000
1315,ep,DataStore,1.0000
1315,ep,Enterprise,1.0000
1315,ep,Reporting,1.0000
1318,paf,getMeanTimeToDeliveryReport,1.0000
1318,paf,rollInReceivedOrder,1.0000
1318,paf,getMeanTimeToDelivery,1.0000
1318,paf,getTransactionContext,1.0000
1318,paf,queryOrderById,1.0000
1318,paf,enterOrderID,1.0000
1318,paf,getEnterpriseByID,1.0000
1318,paf,getTransaction,1.0000
1318,paf,queryStockItem,1.0000
1318,ep,Persistence,1.0000
1318,ep,DataStore,1.0000
1318,ep,Enterprise,1.0000
1318,ep,Reporting,1.0000
1319,paf,getMeanTimeToDeliveryReport,1.0000
1319,paf,rollInReceivedOrder,1.0000
1319,paf,getMeanTimeToDelivery,1.0000
1319,paf,getTransactionContext,1.0000
1319,paf,queryOrderById,1.0000
1319,paf,getEnterpriseByID,1.0000
1319,paf,getTransaction,1.0000
1319,paf,queryStockItem,1.0000
1319,ep,Persistence,1.0000
1319,ep,DataStore,1.0000
1319,ep,Enterprise,1.0000
1319,ep,Reporting,1.0000
1322,paf,getMeanTimeToDeliveryReport,1.0000
1322,paf,getMeanTimeToDelivery,1.0000
1322,paf,getTransactionContext,1.0000
1322,paf,queryOrderById,1.0000
1322,paf,getEnterpriseByID,1.0000
1322,paf,getTransaction,1.0000
1322,paf,queryStockItem,1.0000
1322,ep,Persistence,1.0000
1322,ep,DataStore,1.0000
1322,ep,Enterprise,1.0000
1322,ep,Reporting,1.0000
1323,paf,printRunningTotal,1.0000
1323,paf,saleStartedEvent,1.0000
1323,paf,stopSale,1.0000
1323,ep,New-Component_vlssnenejm,1.0000
1324,paf,printRunningTotal,1.0000
1324,paf,saleStartedEvent,1.0000
1324,paf,stopSale,1.0000
1324,ep,New-Component_vlssnenejm,1.0000
1325,paf,getMeanTimeToDeliveryReport,1.0000
1325,paf,rollInReceivedOrder,1.0000
1325,paf,getMeanTimeToDelivery,1.0000
1325,paf,getTransactionContext,1.0000
1325,paf,queryOrderById,1.0000
1325,paf,getEnterpriseByID,1.0000
1325,paf,getTransaction,1.0000
1325,paf,queryStockItem,1.0000
1325,ep,Persistence,1.0000
1325,ep,DataStore,1.0000
1325,ep,Enterprise,1.0000
1325,ep,Reporting,1.0000
1328,paf,getMeanTimeToDeliveryReport,1.0000
1328,paf,rollInReceivedOrder,1.0000
1328,paf,getMeanTimeToDelivery,1.0000
1328,paf,getTransactionContext,1.0000
1328,paf,queryOrderById,1.0000
1328,paf,getEnterpriseByID,1.0000
1328,paf,getTransaction,1.0000
1328,paf,queryStockItem,1.0000
1328,ep,Persistence,1.0000
1328,ep,DataStore,1.0000
1328,ep,Enterprise,1.0000
1328,ep,Reporting,1.0000
1329,paf,getMeanTimeToDeliveryReport,1.0000
1329,paf,rollInReceivedOrder,1.0000
1329,paf,getMeanTimeToDelivery,1.0000
1329,paf,getTransactionContext,1.0000
1329,paf,queryOrderById,1.0000
1329,paf,getEnterpriseByID,1.0000
1329,paf,getTransaction,1.0000
1329,paf,queryStockItem,1.0000
1329,ep,Persistence,1.0000
1329,ep,DataStore,1.0000
1329,ep,Enterprise,1.0000
1329,ep,Reporting,1.0000
1332,paf,printRunningTotal,1.0000
1332,paf,saleStartedEvent,1.0000
1332,paf,stopSale,1.0000
1332,ep,New-Component_vlssnenejm,1.0000
1333,paf,getMeanTimeToDeliveryReport,1.0000
1333,paf,rollInReceivedOrder,1.0000
1333,paf,getMeanTimeToDelivery,1.0000
1333,paf,getTransactionContext,1.0000
1333,paf,queryOrderById,1.0000
1333,paf,getEnterpriseByID,1.0000
1333,paf,getTransaction,1.0000
1333,paf,queryStockItem,1.0000
1333,ep,Persistence,1.0000
1333,ep,DataStore,1.0000
1333,ep,Enterprise,1.0000
1333,ep,Reporting,1.0000
1334,paf,getMeanTimeToDeliveryReport,1.0000
1334,paf,rollInReceivedOrder,1.0000
1334,paf,getMeanTimeToDelivery,1.0000
1334,paf,getTransactionContext,1.0000
1334,paf,queryOrderById,1.0000
1334,paf,getEnterpriseByID,1.0000
1334,paf,getTransaction,1.0000
1334,paf,queryStockItem,1.0000
1334,ep,Persistence,1.0000
1334,ep,DataStore,1.0000
1334,ep,Enterprise,1.0000
1334,ep,Reporting,1.0000
1335,paf,getMeanTimeToDeliveryReport,1.0000
1335,paf,getMeanTimeToDelivery,1.0000
1335,paf,getTransactionContext,1.0000
1335,paf,queryOrderById,1.0000
1335,paf,getEnterpriseByID,1.0000
1335,paf,getTransaction,1.0000
1335,paf,queryStockItem,1.0000
1335,ep,Persistence,1.0000
1335,ep,DataStore,1.0000
1335,ep,Enterprise,1.0000
1335,ep,Reporting,1.0000
1338,paf,printRunningTotal,1.0000
1338,paf,saleStartedEvent,1.0000
1338,paf,stopSale,1.0000
1338,ep,New-Component_vlssnenejm,1.0000
1339,paf,printRunningTotal,1.0000
1339,paf,saleStartedEvent,1.0000
1339,paf,stopSale,1.0000
1339,ep,New-Component_vlssnenejm,1.0000
1340,paf,getMeanTimeToDeliveryReport,1.0000
1340,paf,rollInReceivedOrder,1.0000
1340,paf,getMeanTimeToDelivery,1.0000
1340,paf,getTransactionContext,1.0000
1340,paf,queryOrderById,1.0000
1340,paf,getEnterpriseByID,1.0000
1340,paf,getTransaction,1.0000
1340,paf,queryStockItem,1.0000
1340,ep,Persistence,1.0000
1340,ep,DataStore,1.0000
1340,ep,Enterprise,1.0000
1340,ep,Reporting,1.0000
1341,paf,printRunningTotal,1.0000
1341,paf,productBarCodeScannedEvent,1.0000
1341,paf,saleStartedEvent,1.0000
1341,paf,scanProduct,1.0000
1341,paf,stopSale,1.0000
1344,paf,createReport,1.0000
1344,paf,getMeanTimeToDeliveryReport,1.0000
1344,paf,rollInReceivedOrder,1.0000
1344,paf,getMeanTimeToDelivery,1.0000
1344,paf,getTransactionContext,1.0000
1344,paf,enterOrderID,1.0000
1344,paf,getEnterpriseByID,1.0000
1344,paf,getTransaction,1.0000
1344,ep,Persistence,1.0000
1344,ep,DataStore,1.0000
1344,ep,Enterprise,1.0000
1344,ep,Reporting,1.0000
1345,paf,printRunningTotal,1.0000
1345,paf,saleStartedEvent,1.0000
1345,paf,stopSale,1.0000
1345,ep,New-Component_vlssnenejm,1.0000
1348,paf,getMeanTimeToDeliveryReport,1.0000
1348,paf,rollInReceivedOrder,1.0000
1348,paf,getMeanTimeToDelivery,1.0000
1348,paf,getTransactionContext,1.0000
1348,paf,queryOrderById,1.0000
1348,paf,getEnterpriseByID,1.0000
1348,paf,getTransaction,1.0000
1348,paf,queryStockItem,1.0000
1348,ep,Persistence,1.0000
1348,ep,DataStore,1.0000
1348,ep,Enterprise,1.0000
1348,ep,Reporting,1.0000
1349,paf,printRunningTotal,1.0000
1349,paf,saleStartedEvent,1.0000
1349,paf,stopSale,1.0000
1349,ep,New-Component_vlssnenejm,1.0000
1350,paf,createReport,1.0000
1350,paf,getMeanTimeToDeliveryReport,1.0000
1350,paf,getMeanTimeToDelivery,1.0000
1350,paf,getTransactionContext,1.0000
1350,paf,queryOrderById,1.0000
1350,paf,enterOrderID,1.0000
1350,paf,getEnterpriseByID,1.0000
1350,paf,getTransaction,1.0000
1350,paf,queryStockItem,1.0000
1350,ep,Persistence,1.0000
1350,ep,DataStore,1.0000
1350,ep,Enterprise,1.0000
1350,ep,Reporting,1.0000
1351,paf,getMeanTimeToDeliveryReport,1.0000
1351,paf,rollInReceivedOrder,1.0000
1351,paf,getMeanTimeToDelivery,1.0000
1351,paf,getTransactionContext,1.0000
1351,paf,queryOrderById,1.0000
1351,paf,getEnterpriseByID,1.0000
1351,paf,getTransaction,1.0000
1351,paf,queryStockItem,1.0000
1351,ep,Persistence,1.0000
1351,ep,DataStore,1.0000
1351,ep,Enterprise,1.0000
1351,ep,Reporting,1.0000
1354,paf,createReport,1.0000
1354,paf,getMeanTimeToDeliveryReport,1.0000
1354,paf,rollInReceivedOrder,1.0000
1354,paf,getMeanTimeToDelivery,1.0000
1354,paf,getTransactionContext,1.0000
1354,paf,queryOrderById,1.0000
1354,paf,enterOrderID,1.0000
1354,paf,getEnterpriseByID,1.0000
1354,paf,getTransaction,1.0000
1354,paf,queryStockItem,1.0000
1354,ep,Persistence,1.0000
1354,ep,DataStore,1.0000
1354,ep,Enterprise,1.0000
1354,ep,Reporting,1.0000
1355,paf,printRunningTotal,1.0000
1355,paf,saleStartedEvent,1.0000
1355,paf,stopSale,1.0000
1355,ep,New-Component_vlssnenejm,1.0000
1358,paf,printRunningTotal,1.0000
1358,paf,saleStartedEvent,1.0000
1358,paf,stopSale,1.0000
1358,ep,New-Component_vlssnenejm,1.0000
1359,paf,getMeanTimeToDeliveryReport,1.0000
1359,paf,getMeanTimeToDelivery,1.0000
1359,paf,getTransactionContext,1.0000
1359,paf,queryOrderById,1.0000
1359,paf,enterOrderID,1.0000
1359,paf,getTransaction,1.0000
1359,paf,queryStockItem,1.0000
1359,ep,Persistence,1.0000
1359,ep,DataStore,1.0000
1359,ep,Enterprise,1.0000
1359,ep,Reporting,1.0000
1362,paf,printRunningTotal,1.0000
1362,paf,productBarCodeScannedEvent,1.0000
1362,paf,saleStartedEvent,1.0000
1362,paf,scanProduct,1.0000
1362,paf,stopSale,1.0000
1363,paf,getMeanTimeToDeliveryReport,1.0000
1363,paf,rollInReceivedOrder,1.0000
1363,paf,getMeanTimeToDelivery,1.0000
1363,paf,getTransactionContext,1.0000
1363,paf,queryOrderById,1.0000
1363,paf,getEnterpriseByID,1.0000
1363,paf,getTransaction,1.0000
1363,paf,queryStockItem,1.0000
1363,ep,Persistence,1.0000
1363,ep,DataStore,1.0000
1363,ep,Enterprise,1.0000
1363,ep,Reporting,1.0000
1366,paf,createReport,1.0000
1366,paf,getMeanTimeToDeliveryReport,1.0000
1366,paf,getMeanTimeToDelivery,1.0000
1366,paf,getTransactionContext,1.0000
1366,paf,saleStartedEvent,1.0000
1366,paf,enterOrderID,1.0000
1366,paf,getEnterpriseByID,1.0000
1366,paf,getTransaction,1.0000
1366,ep,Persistence,1.0000
1366,ep,DataStore,1.0000
1366,ep,Enterprise,1.0000
1366,ep,Reporting,1.0000
1367,paf,printRunningTotal,1.0000
1367,paf,saleStartedEvent,1.0000
1367,paf,stopSale,1.0000
1367,ep,New-Component_vlssnenejm,1.0000
1370,paf,printRunningTotal,1.0000
1370,paf,saleStartedEvent,1.0000
1370,paf,stopSale,1.0000
1370,ep,New-Component_vlssnenejm,1.0000
1371,paf,printRunningTotal,1.0000
1371,paf,saleStartedEvent,1.0000
1371,paf,stopSale,1.0000
1371,ep,New-Component_vlssnenejm,1.0000
1374,paf,getMeanTimeToDeliveryReport,1.0000
1374,paf,rollInReceivedOrder,1.0000
1374,paf,getMeanTimeToDelivery,1.0000
1374,paf,getTransactionContext,1.0000
1374,paf,queryOrderById,1.0000
1374,paf,getEnterpriseByID,1.0000
1374,paf,getTransaction,1.0000
1374,paf,queryStockItem,1.0000
1374,ep,Persistence,1.0000
1374,ep,DataStore,1.0000
1374,ep,Enterprise,1.0000
1374,ep,Reporting,1.0000
1375,paf,getMeanTimeToDeliveryReport,1.0000
1375,paf,rollInReceivedOrder,1.0000
1375,paf,getMeanTimeToDelivery,1.0000
1375,paf,getTransactionContext,1.0000
1375,paf,queryOrderById,1.0000
1375,paf,getEnterpriseByID,1.0000
1375,paf,getTransaction,1.0000
1375,paf,queryStockItem,1.0000
1375,ep,Persistence,1.0000
1375,ep,DataStore,1.0000
1375,ep,Enterprise,1.0000
1375,ep,Reporting,1.0000
1378,paf,printRunningTotal,1.0000
1378,paf,saleStartedEvent,1.0000
1378,paf,stopSale,1.0000
1378,ep,New-Component_vlssnenejm,1.0000
1379,paf,printRunningTotal,1.0000
1379,paf,saleStartedEvent,1.0000
1379,paf,stopSale,1.0000
1379,ep,New-Component_vlssnenejm,1.0000
1382,paf,createReport,1.0000
1382,paf,getMeanTimeToDeliveryReport,1.0000
1382,paf,getMeanTimeToDelivery,1.0000
1382,paf,getTransactionContext,1.0000
1382,paf,queryOrderById,1.0000
1382,paf,enterOrderID,1.0000
1382,paf,getEnterpriseByID,1.0000
1382,paf,getTransaction,1.0000
1382,paf,queryStockItem,1.0000
1382,ep,Persistence,1.0000
1382,ep,DataStore,1.0000
1382,ep,Enterprise,1.0000
1382,ep,Reporting,1.0000
1383,paf,getMeanTimeToDeliveryReport,1.0000
1383,paf,rollInReceivedOrder,1.0000
1383,paf,getMeanTimeToDelivery,1.0000
1383,paf,getTransactionContext,1.0000
1383,paf,queryOrderById,1.0000
1383,paf,getEnterpriseByID,1.0000
1383,paf,getTransaction,1.0000
1383,paf,queryStockItem,1.0000
1383,ep,Persistence,1.0000
1383,ep,DataStore,1.0000
1383,ep,Enterprise,1.0000
1383,ep,Reporting,1.0000
1386,paf,printRunningTotal,1.0000
1386,paf,productBarCodeScannedEvent,1.0000
1386,paf,saleStartedEvent,1.0000
1386,paf,scanProduct,1.0000
1386,paf,stopSale,1.0000
1387,paf,getMeanTimeToDeliveryReport,1.0000
1387,paf,getMeanTimeToDelivery,1.0000
1387,paf,getTransactionContext,1.0000
1387,paf,queryOrderById,1.0000
1387,paf,getEnterpriseByID,1.0000
1387,paf,getTransaction,1.0000
1387,paf,queryStockItem,1.0000
1387,ep,Persistence,1.0000
1387,ep,DataStore,1.0000
1387,ep,Enterprise,1.0000
1387,ep,Reporting,1.0000
1390,paf,getMeanTimeToDeliveryReport,1.0000
1390,paf,getMeanTimeToDelivery,1.0000
1390,paf,getTransactionContext,1.0000
1390,paf,queryOrderById,1.0000
1390,paf,getEnterpriseByID,1.0000
1390,paf,getTransaction,1.0000
1390,paf,queryStockItem,1.0000
1390,ep,Persistence,1.0000
1390,ep,DataStore,1.0000
1390,ep,Enterprise,1.0000
1390,ep,Reporting,1.0000
1391,paf,createReport,1.0000
1391,paf,getMeanTimeToDeliveryReport,1.0000
1391,paf,rollInReceivedOrder,1.0000
1391,paf,getMeanTimeToDelivery,1.0000
1391,paf,getTransactionContext,1.0000
1391,paf,enterOrderID,1.0000
1391,paf,getEnterpriseByID,1.0000
1391,paf,getTransaction,1.0000
1391,ep,Persistence,1.0000
1391,ep,DataStore,1.0000
1391,ep,Enterprise,1.0000
1391,ep,Reporting,1.0000
1394,paf,printRunningTotal,1.0000
1394,paf,saleStartedEvent,1.0000
1394,paf,stopSale,1.0000
1394,ep,New-Component_vlssnenejm,1.0000
1395,paf,getMeanTimeToDeliveryReport,1.0000
1395,paf,rollInReceivedOrder,1.0000
1395,paf,getMeanTimeToDelivery,1.0000
1395,paf,queryOrderById,1.0000
1395,paf,enterOrderID,1.0000
1395,paf,getEnterpriseByID,1.0000
1395,paf,queryStockItem,1.0000
1395,ep,Persistence,1.0000
1395,ep,DataStore,1.0000
1395,ep,Enterprise,1.0000
1395,ep,Reporting,1.0000
1398,paf,printRunningTotal,1.0000
1398,paf,productBarCodeScannedEvent,1.0000
1398,paf,saleStartedEvent,1.0000
1398,paf,scanProduct,1.0000
1398,paf,stopSale,1.0000
1399,paf,getMeanTimeToDeliveryReport,1.0000
1399,paf,rollInReceivedOrder,1.0000
1399,paf,getMeanTimeToDelivery,1.0000
1399,paf,queryOrderById,1.0000
1399,paf,enterOrderID,1.0000
1399,paf,getEnterpriseByID,1.0000
1399,paf,queryStockItem,1.0000
1399,ep,Persistence,1.0000
1399,ep,DataStore,1.0000
1399,ep,Enterprise,1.0000
1399,ep,Reporting,1.0000
1402,paf,printRunningTotal,1.0000
1402,paf,productBarCodeScannedEvent,1.0000
1402,paf,saleStartedEvent,1.0000
1402,paf,scanProduct,1.0000
1402,paf,stopSale,1.0000
1403,paf,getMeanTimeToDeliveryReport,1.0000
1403,paf,rollInReceivedOrder,1.0000
1403,paf,getMeanTimeToDelivery,1.0000
1403,paf,getTransactionContext,1.0000
1403,paf,queryOrderById,1.0000
1403,paf,getEnterpriseByID,1.0000
1403,paf,getTransaction,1.0000
1403,paf,queryStockItem,1.0000
1403,ep,Persistence,1.0000
1403,ep,DataStore,1.0000
1403,ep,Enterprise,1.0000
1403,ep,Reporting,1.0000
1406,paf,printRunningTotal,1.0000
1406,paf,saleStartedEvent,1.0000
1406,paf,stopSale,1.0000
1406,ep,New-Component_vlssnenejm,1.0000
1407,paf,printRunningTotal,1.0000
1407,paf,productBarCodeScannedEvent,1.0000
1407,paf,saleStartedEvent,1.0000
1407,paf,scanProduct,1.0000
1407,paf,stopSale,1.0000
1410,paf,createReport,1.0000
1410,paf,getMeanTimeToDeliveryReport,1.0000
1410,paf,getMeanTimeToDelivery,1.0000
1410,paf,getTransactionContext,1.0000
1410,paf,pressButton,1.0000
1410,paf,enterOrderID,1.0000
1410,paf,getEnterpriseByID,1.0000
1410,paf,getTransaction,1.0000
1410,ep,GUIStore,1.0000
1410,ep,GUIReporting,1.0000
1411,paf,createReport,1.0000
1411,paf,getMeanTimeToDelivery,1.0000
1411,paf,getTransactionContext,1.0000
1411,paf,queryOrderById,1.0000
1411,paf,enterOrderID,1.0000
1411,paf,getEnterpriseByID,1.0000
1411,paf,getTransaction,1.0000
1411,paf,queryStockItem,1.0000
1411,ep,Persistence,1.0000
1411,ep,DataStore,1.0000
1411,ep,Enterprise,1.0000
1411,ep,Reporting,1.0000
1414,paf,printRunningTotal,1.0000
1414,paf,saleStartedEvent,1.0000
1414,paf,stopSale,1.0000
1414,ep,New-Component_vlssnenejm,1.0000
1415,paf,getMeanTimeToDeliveryReport,1.0000
1415,paf,rollInReceivedOrder,1.0000
1415,paf,getMeanTimeToDelivery,1.0000
1415,paf,getTransactionContext,1.0000
1415,paf,queryOrderById,1.0000
1415,paf,getEnterpriseByID,1.0000
1415,paf,getTransaction,1.0000
1415,paf,queryStockItem,1.0000
1415,ep,Persistence,1.0000
1415,ep,DataStore,1.0000
1415,ep,Enterprise,1.0000
1415,ep,Reporting,1.0000
1418,paf,createReport,1.0000
1418,paf,getMeanTimeToDeliveryReport,1.0000
1418,paf,getMeanTimeToDelivery,1.0000
1418,paf,getTransactionContext,1.0000
1418,paf,queryOrderById,1.0000
1418,paf,enterOrderID,1.0000
1418,paf,getEnterpriseByID,1.0000
1418,paf,getTransaction,1.0000
1418,paf,queryStockItem,1.0000
1418,ep,Persistence,1.0000
1418,ep,DataStore,1.0000
1418,ep,Enterprise,1.0000
1418,ep,Reporting,1.0000
1419,paf,getMeanTimeToDeliveryReport,1.0000
1419,paf,rollInReceivedOrder,1.0000
1419,paf,getMeanTimeToDelivery,1.0000
1419,paf,getTransactionContext,1.0000
1419,paf,queryOrderById,1.0000
1419,paf,getEnterpriseByID,1.0000
1419,paf,getTransaction,1.0000
1419,paf,queryStockItem,1.0000
1419,ep,Persistence,1.0000
1419,ep,DataStore,1.0000
1419,ep,Enterprise,1.0000
1419,ep,Reporting,1.0000
1422,paf,printRunningTotal,1.0000
1422,paf,saleStartedEvent,1.0000
1422,paf,stopSale,1.0000
1422,ep,New-Component_vlssnenejm,1.0000
1423,paf,printRunningTotal,1.0000
1423,paf,productBarCodeScannedEvent,1.0000
1423,paf,saleStartedEvent,1.0000
1423,paf,scanProduct,1.0000
1423,paf,stopSale,1.0000
1424,paf,printRunningTotal,1.0000
1424,paf,productBarCodeScannedEvent,1.0000
1424,paf,saleStartedEvent,1.0000
1424,paf,scanProduct,1.0000
1424,paf,stopSale,1.0000
1425,paf,createReport,1.0000
1425,paf,getMeanTimeToDeliveryReport,1.0000
1425,paf,rollInReceivedOrder,1.0000
1425,paf,getMeanTimeToDelivery,1.0000
1425,paf,getTransactionContext,1.0000
1425,paf,enterOrderID,1.0000
1425,paf,getEnterpriseByID,1.0000
1425,paf,getTransaction,1.0000
1425,ep,Persistence,1.0000
1425,ep,Enterprise,1.0000
1425,ep,Reporting,1.0000
1426,paf,printRunningTotal,1.0000
1426,paf,productBarCodeScannedEvent,1.0000
1426,paf,saleStartedEvent,1.0000
1426,paf,scanProduct,1.0000
1426,paf,stopSale,1.0000
1427,paf,createReport,1.0000
1427,paf,getMeanTimeToDeliveryReport,1.0000
1427,paf,rollInReceivedOrder,1.0000
1427,paf,getMeanTimeToDelivery,1.0000
1427,paf,getTransactionContext,1.0000
1427,paf,enterOrderID,1.0000
1427,paf,getEnterpriseByID,1.0000
1427,paf,getTransaction,1.0000
1427,ep,Persistence,1.0000
1427,ep,DataStore,1.0000
1427,ep,Enterprise,1.0000
1427,ep,Reporting,1.0000
1430,paf,getMeanTimeToDeliveryReport,1.0000
1430,paf,rollInReceivedOrder,1.0000
1430,paf,getMeanTimeToDelivery,1.0000
1430,paf,getTransactionContext,1.0000
1430,paf,queryOrderById,1.0000
1430,paf,getEnterpriseByID,1.0000
1430,paf,getTransaction,1.0000
1430,paf,queryStockItem,1.0000
1430,ep,Persistence,1.0000
1430,ep,DataStore,1.0000
1430,ep,Enterprise,1.0000
1430,ep,Reporting,1.0000
1431,paf,createReport,1.0000
1431,paf,getMeanTimeToDeliveryReport,1.0000
1431,paf,getMeanTimeToDelivery,1.0000
1431,paf,getTransactionContext,1.0000
1431,paf,queryOrderById,1.0000
1431,paf,enterOrderID,1.0000
1431,paf,getEnterpriseByID,1.0000
1431,paf,getTransaction,1.0000
1431,paf,queryStockItem,1.0000
1431,ep,Persistence,1.0000
1431,ep,DataStore,1.0000
1431,ep,Enterprise,1.0000
1431,ep,Reporting,1.0000
1434,paf,createReport,1.0000
1434,paf,getMeanTimeToDeliveryReport,1.0000
1434,paf,rollInReceivedOrder,1.0000
1434,paf,getMeanTimeToDelivery,1.0000
1434,paf,getTransactionContext,1.0000
1434,paf,enterOrderID,1.0000
1434,paf,getEnterpriseByID,1.0000
1434,paf,getTransaction,1.0000
1434,ep,Persistence,1.0000
1434,ep,DataStore,1.0000
1434,ep,Enterprise,1.0000
1434,ep,Reporting,1.0000
1435,paf,printRunningTotal,1.0000
1435,paf,saleStartedEvent,1.0000
1435,paf,stopSale,1.0000
1435,ep,New-Component_vlssnenejm,1.0000
1438,paf,createReport,1.0000
1438,paf,getMeanTimeToDeliveryReport,1.0000
1438,paf,getMeanTimeToDelivery,1.0000
1438,paf,getTransactionContext,1.0000
1438,paf,queryOrderById,1.0000
1438,paf,enterOrderID,1.0000
1438,paf,getEnterpriseByID,1.0000
1438,paf,getTransaction,1.0000
1438,paf,queryStockItem,1.0000
1438,ep,Persistence,1.0000
1438,ep,DataStore,1.0000
1438,ep,Enterprise,1.0000
1438,ep,Reporting,1.0000
1439,paf,printRunningTotal,1.0000
1439,paf,productBarCodeScannedEvent,1.0000
1439,paf,saleStartedEvent,1.0000
1439,paf,scanProduct,1.0000
1439,paf,stopSale,1.0000
1442,paf,printRunningTotal,1.0000
1442,paf,saleStartedEvent,1.0000
1442,paf,stopSale,1.0000
1442,ep,New-Component_vlssnenejm,1.0000
1443,paf,getMeanTimeToDeliveryReport,1.0000
1443,paf,getMeanTimeToDelivery,1.0000
1443,paf,getTransactionContext,1.0000
1443,paf,queryOrderById,1.0000
1443,paf,getEnterpriseByID,1.0000
1443,paf,getTransaction,1.0000
1443,paf,queryStockItem,1.0000
1443,ep,Persistence,1.0000
1443,ep,DataStore,1.0000
1443,ep,Enterprise,1.0000
1443,ep,Reporting,1.0000
1446,paf,printRunningTotal,1.0000
1446,paf,saleStartedEvent,1.0000
1446,paf,stopSale,1.0000
1446,ep,New-Component_vlssnenejm,1.0000
1447,paf,getMeanTimeToDeliveryReport,1.0000
1447,paf,getMeanTimeToDelivery,1.0000
1447,paf,getTransactionContext,1.0000
1447,paf,queryOrderById,1.0000
1447,paf,getEnterpriseByID,1.0000
1447,paf,getTransaction,1.0000
1447,paf,queryStockItem,1.0000
1447,ep,Persistence,1.0000
1447,ep,DataStore,1.0000
1447,ep,Enterprise,1.0000
1447,ep,Reporting,1.0000
1450,paf,getMeanTimeToDeliveryReport,1.0000
1450,paf,getMeanTimeToDelivery,1.0000
1450,paf,getTransactionContext,1.0000
1450,paf,queryOrderById,1.0000
1450,paf,getEnterpriseByID,1.0000
1450,paf,getTransaction,1.0000
1450,paf,queryStockItem,1.0000
1450,ep,Persistence,1.0000
1450,ep,DataStore,1.0000
1450,ep,Enterprise,1.0000
1450,ep,Reporting,1.0000
1451,paf,getMeanTimeToDeliveryReport,1.0000
1451,paf,getMeanTimeToDelivery,1.0000
1451,paf,getTransactionContext,1.0000
1451,paf,queryOrderById,1.0000
1451,paf,getEnterpriseByID,1.0000
1451,paf,getTransaction,1.0000
1451,paf,queryStockItem,1.0000
1451,ep,Persistence,1.0000
1451,ep,DataStore,1.0000
1451,ep,Enterprise,1.0000
1451,ep,Reporting,1.0000
1454,paf,getMeanTimeToDeliveryReport,1.0000
1454,paf,rollInReceivedOrder,1.0000
1454,paf,getMeanTimeToDelivery,1.0000
1454,paf,getTransactionContext,1.0000
1454,paf,queryOrderById,1.0000
1454,paf,getEnterpriseByID,1.0000
1454,paf,getTransaction,1.0000
1454,paf,queryStockItem,1.0000
1454,ep,Persistence,1.0000
1454,ep,DataStore,1.0000
1454,ep,Enterprise,1.0000
1454,ep,Reporting,1.0000
1455,paf,getMeanTimeToDeliveryReport,1.0000
1455,paf,rollInReceivedOrder,1.0000
1455,paf,getMeanTimeToDelivery,1.0000
1455,paf,getTransactionContext,1.0000
1455,paf,queryOrderById,1.0000
1455,paf,getEnterpriseByID,1.0000
1455,paf,getTransaction,1.0000
1455,paf,queryStockItem,1.0000
1455,ep,Persistence,1.0000
1455,ep,DataStore,1.0000
1455,ep,Enterprise,1.0000
1455,ep,Reporting,1.0000
1456,paf,printRunningTotal,1.0000
1456,paf,productBarCodeScannedEvent,1.0000
1456,paf,saleStartedEvent,1.0000
1456,paf,scanProduct,1.0000
1456,paf,stopSale,1.0000
1457,paf,getMeanTimeToDeliveryReport,1.0000
1457,paf,rollInReceivedOrder,1.0000
1457,paf,getMeanTimeToDelivery,1.0000
1457,paf,queryOrderById,1.0000
1457,paf,enterOrderID,1.0000
1457,paf,getEnterpriseByID,1.0000
1457,paf,queryStockItem,1.0000
1457,ep,Persistence,1.0000
1457,ep,DataStore,1.0000
1457,ep,Enterprise,1.0000
1457,ep,Reporting,1.0000
1460,paf,getMeanTimeToDeliveryReport,1.0000
1460,paf,rollInReceivedOrder,1.0000
1460,paf,getMeanTimeToDelivery,1.0000
1460,paf,getTransactionContext,1.0000
1460,paf,queryOrderById,1.0000
1460,paf,getEnterpriseByID,1.0000
1460,paf,getTransaction,1.0000
1460,paf,queryStockItem,1.0000
1460,ep,Persistence,1.0000
1460,ep,DataStore,1.0000
1460,ep,Enterprise,1.0000
1460,ep,Reporting,1.0000
1461,paf,printRunningTotal,1.0000
1461,paf,saleStartedEvent,1.0000
1461,paf,stopSale,1.0000
1461,ep,New-Component_vlssnenejm,1.0000
1464,paf,getMeanTimeToDeliveryReport,1.0000
1464,paf,rollInReceivedOrder,1.0000
1464,paf,getMeanTimeToDelivery,1.0000
1464,paf,getTransactionContext,1.0000
1464,paf,queryOrderById,1.0000
1464,paf,getEnterpriseByID,1.0000
1464,paf,getTransaction,1.0000
1464,paf,queryStockItem,1.0000
1464,ep,Persistence,1.0000
1464,ep,DataStore,1.0000
1464,ep,Enterprise,1.0000
1464,ep,Reporting,1.0000
1465,paf,printRunningTotal,1.0000
1465,paf,saleStartedEvent,1.0000
1465,paf,stopSale,1.0000
1465,ep,New-Component_vlssnenejm,1.0000
1468,paf,getMeanTimeToDeliveryReport,1.0000
1468,paf,rollInReceivedOrder,1.0000
1468,paf,getMeanTimeToDelivery,1.0000
1468,paf,getTransactionContext,1.0000
1468,paf,queryOrderById,1.0000
1468,paf,getEnterpriseByID,1.0000
1468,paf,getTransaction,1.0000
1468,paf,queryStockItem,1.0000
1468,ep,Persistence,1.0000
1468,ep,DataStore,1.0000
1468,ep,Enterprise,1.0000
1468,ep,Reporting,1.0000
1469,paf,getMeanTimeToDeliveryReport,1.0000
1469,paf,rollInReceivedOrder,1.0000
1469,paf,getMeanTimeToDelivery,1.0000
1469,paf,getTransactionContext,1.0000
1469,paf,queryOrderById,1.0000
1469,paf,getEnterpriseByID,1.0000
1469,paf,getTransaction,1.0000
1469,paf,queryStockItem,1.0000
1469,ep,Persistence,1.0000
1469,ep,DataStore,1.0000
1469,ep,Enterprise,1.0000
1469,ep,Reporting,1.0000
1470,paf,getMeanTimeToDeliveryReport,1.0000
1470,paf,rollInReceivedOrder,1.0000
1470,paf,getMeanTimeToDelivery,1.0000
1470,paf,getTransactionContext,1.0000
1470,paf,queryOrderById,1.0000
1470,paf,getEnterpriseByID,1.0000
1470,paf,getTransaction,1.0000
1470,paf,queryStockItem,1.0000
1470,ep,Persistence,1.0000
1470,ep,DataStore,1.0000
1470,ep,Enterprise,1.0000
1470,ep,Reporting,1.0000
1471,paf,createReport,1.0000
1471,paf,getMeanTimeToDeliveryReport,1.0000
1471,paf,getMeanTimeToDelivery,1.0000
1471,paf,getTransactionContext,1.0000
1471,paf,queryOrderById,1.0000
1471,paf,enterOrderID,1.0000
1471,paf,getEnterpriseByID,1.0000
1471,paf,getTransaction,1.0000
1471,paf,queryStockItem,1.0000
1471,ep,Persistence,1.0000
1471,ep,DataStore,1.0000
1471,ep,Enterprise,1.0000
1471,ep,Reporting,1.0000
1474,paf,getMeanTimeToDeliveryReport,1.0000
1474,paf,rollInReceivedOrder,1.0000
1474,paf,getMeanTimeToDelivery,1.0000
1474,paf,getTransactionContext,1.0000
1474,paf,queryOrderById,1.0000
1474,paf,getEnterpriseByID,1.0000
1474,paf,getTransaction,1.0000
1474,paf,queryStockItem,1.0000
1474,ep,Persistence,1.0000
1474,ep,DataStore,1.0000
1474,ep,Enterprise,1.0000
1474,ep,Reporting,1.0000
1475,paf,getMeanTimeToDeliveryReport,1.0000
1475,paf,rollInReceivedOrder,1.0000
1475,paf,getMeanTimeToDelivery,1.0000
1475,paf,queryOrderById,1.0000
1475,paf,enterOrderID,1.0000
1475,paf,getEnterpriseByID,1.0000
1475,paf,queryStockItem,1.0000
1475,ep,Persistence,1.0000
1475,ep,DataStore,1.0000
1475,ep,Enterprise,1.0000
1475,ep,Reporting,1.0000
1478,paf,printRunningTotal,1.0000
1478,paf,productBarCodeScannedEvent,1.0000
1478,paf,saleStartedEvent,1.0000
1478,paf,scanProduct,1.0000
1478,paf,stopSale,1.0000
1479,paf,getMeanTimeToDeliveryReport,1.0000
1479,paf,rollInReceivedOrder,1.0000
1479,paf,getMeanTimeToDelivery,1.0000
1479,paf,getTransactionContext,1.0000
1479,paf,queryOrderById,1.0000
1479,paf,getEnterpriseByID,1.0000
1479,paf,getTransaction,1.0000
1479,paf,queryStockItem,1.0000
1479,ep,Persistence,1.0000
1479,ep,DataStore,1.0000
1479,ep,Enterprise,1.0000
1479,ep,Reporting,1.0000
1482,paf,getMeanTimeToDeliveryReport,1.0000
1482,paf,rollInReceivedOrder,1.0000
1482,paf,getMeanTimeToDelivery,1.0000
1482,paf,getTransactionContext,1.0000
1482,paf,queryOrderById,1.0000
1482,paf,getEnterpriseByID,1.0000
1482,paf,getTransaction,1.0000
1482,paf,queryStockItem,1.0000
1482,ep,Persistence,1.0000
1482,ep,DataStore,1.0000
1482,ep,Enterprise,1.0000
1482,ep,Reporting,1.0000
1483,paf,getMeanTimeToDeliveryReport,1.0000
1483,paf,rollInReceivedOrder,1.0000
1483,paf,getMeanTimeToDelivery,1.0000
1483,paf,getTransactionContext,1.0000
1483,paf,queryOrderById,1.0000
1483,paf,getEnterpriseByID,1.0000
1483,paf,getTransaction,1.0000
1483,paf,queryStockItem,1.0000
1483,ep,Persistence,1.0000
1483,ep,DataStore,1.0000
1483,ep,Enterprise,1.0000
1483,ep,Reporting,1.0000
1486,paf,getMeanTimeToDeliveryReport,1.0000
1486,paf,rollInReceivedOrder,1.0000
1486,paf,getMeanTimeToDelivery,1.0000
1486,paf,getTransactionContext,1.0000
1486,paf,queryOrderById,1.0000
1486,paf,getEnterpriseByID,1.0000
1486,paf,getTransaction,1.0000
1486,paf,queryStockItem,1.0000
1486,ep,Persistence,1.0000
1486,ep,DataStore,1.0000
1486,ep,Enterprise,1.0000
1486,ep,Reporting,1.0000
1487,paf,createReport,1.0000
1487,paf,getMeanTimeToDeliveryReport,1.0000
1487,paf,getMeanTimeToDelivery,1.0000
1487,paf,getTransactionContext,1.0000
1487,paf,queryOrderById,1.0000
1487,paf,enterOrderID,1.0000
1487,paf,getEnterpriseByID,1.0000
1487,paf,getTransaction,1.0000
1487,paf,queryStockItem,1.0000
1487,ep,Persistence,1.0000
1487,ep,DataStore,1.0000
1487,ep,Enterprise,1.0000
1487,ep,Reporting,1.0000
1490,paf,getMeanTimeToDeliveryReport,1.0000
1490,paf,rollInReceivedOrder,1.0000
1490,paf,getMeanTimeToDelivery,1.0000
1490,paf,getTransactionContext,1.0000
1490,paf,queryOrderById,1.0000
1490,paf,getEnterpriseByID,1.0000
1490,paf,getTransaction,1.0000
1490,paf,queryStockItem,1.0000
1490,ep,Persistence,1.0000
1490,ep,DataStore,1.0000
1490,ep,Enterprise,1.0000
1490,ep,Reporting,1.0000
1491,paf,createReport,0.9559
1491,paf,getMeanTimeToDeliveryReport,1.0000
1491,paf,rollInReceivedOrder,1.0000
1491,paf,getMeanTimeToDelivery,1.0000
1491,paf,getTransactionContext,1.0000
1491,paf,enterOrderID,1.0000
1491,paf,getEnterpriseByID,1.0000
1491,paf,getTransaction,1.0000
1491,ep,Persistence,1.0000
1491,ep,DataStore,1.0000
1491,ep,Enterprise,1.0000
1491,ep,Reporting,1.0000
1494,paf,printRunningTotal,1.0000
1494,paf,productBarCodeScannedEvent,1.0000
1494,paf,saleStartedEvent,1.0000
1494,paf,scanProduct,1.0000
1494,paf,stopSale,1.0000
1495,paf,getMeanTimeToDeliveryReport,1.0000
1495,paf,rollInReceivedOrder,1.0000
1495,paf,getMeanTimeToDelivery,1.0000
1495,paf,getTransactionContext,1.0000
1495,paf,queryOrderById,1.0000
1495,paf,getEnterpriseByID,1.0000
1495,paf,getTransaction,1.0000
1495,paf,queryStockItem,1.0000
1495,ep,Persistence,1.0000
1495,ep,DataStore,1.0000
1495,ep,Enterprise,1.0000
1495,ep,Reporting,1.0000
1498,paf,getMeanTimeToDeliveryReport,1.0000
1498,paf,rollInReceivedOrder,1.0000
1498,paf,getMeanTimeToDelivery,1.0000
1498,paf,getTransactionContext,1.0000
1498,paf,queryOrderById,1.0000
1498,paf,getEnterpriseByID,1.0000
1498,paf,getTransaction,1.0000
1498,paf,queryStockItem,1.0000
1498,ep,Persistence,1.0000
1498,ep,DataStore,1.0000
1498,ep,Enterprise,1.0000
1498,ep,Reporting,1.0000
1499,paf,printRunningTotal,1.0000
1499,paf,saleStartedEvent,1.0000
1499,paf,stopSale,1.0000
1499,ep,New-Component_vlssnenejm,1.0000
1500,paf,printRunningTotal,1.0000
1500,paf,productBarCodeScannedEvent,1.0000
1500,paf,saleStartedEvent,1.0000
1500,paf,scanProduct,1.0000
1500,paf,stopSale,1.0000
1501,paf,printRunningTotal,1.0000
1501,paf,saleStartedEvent,1.0000
1501,paf,stopSale,1.0000
1501,ep,New-Component_vlssnenejm,1.0000
1504,paf,getMeanTimeToDeliveryReport,1.0000
1504,paf,getMeanTimeToDelivery,1.0000
1504,paf,queryOrderById,1.0000
1504,paf,enterOrderID,1.0000
1504,paf,getEnterpriseByID,1.0000
1504,paf,getTransaction,1.0000
1504,paf,queryStockItem,1.0000
1504,ep,Persistence,1.0000
1504,ep,DataStore,1.0000
1504,ep,Enterprise,1.0000
1504,ep,Reporting,1.0000
1505,paf,printRunningTotal,1.0000
1505,paf,productBarCodeScannedEvent,1.0000
1505,paf,saleStartedEvent,1.0000
1505,paf,scanProduct,1.0000
1505,paf,stopSale,1.0000
1506,paf,printRunningTotal,1.0000
1506,paf,productBarCodeScannedEvent,1.0000
1506,paf,saleStartedEvent,1.0000
1506,paf,scanProduct,1.0000
1506,paf,stopSale,1.0000
1507,paf,getMeanTimeToDeliveryReport,1.0000
1507,paf,rollInReceivedOrder,1.0000
1507,paf,getMeanTimeToDelivery,1.0000
1507,paf,getTransactionContext,1.0000
1507,paf,queryOrderById,1.0000
1507,paf,getEnterpriseByID,1.0000
1507,paf,getTransaction,1.0000
1507,paf,queryStockItem,1.0000
1507,ep,Persistence,1.0000
1507,ep,DataStore,1.0000
1507,ep,Enterprise,1.0000
1507,ep,Reporting,1.0000
1510,paf,getMeanTimeToDeliveryReport,1.0000
1510,paf,rollInReceivedOrder,1.0000
1510,paf,getMeanTimeToDelivery,1.0000
1510,paf,getTransactionContext,1.0000
1510,paf,queryOrderById,1.0000
1510,paf,getEnterpriseByID,1.0000
1510,paf,getTransaction,1.0000
1510,paf,queryStockItem,1.0000
1510,ep,Persistence,1.0000
1510,ep,DataStore,1.0000
1510,ep,Enterprise,1.0000
1510,ep,Reporting,1.0000
1511,paf,createReport,1.0000
1511,paf,getMeanTimeToDeliveryReport,1.0000
1511,paf,getMeanTimeToDelivery,1.0000
1511,paf,getTransactionContext,1.0000
1511,paf,queryOrderById,1.0000
1511,paf,getEnterpriseByID,1.0000
1511,paf,getTransaction,1.0000
1511,paf,queryStockItem,1.0000
1511,ep,Persistence,1.0000
1511,ep,DataStore,1.0000
1511,ep,Enterprise,1.0000
1511,ep,Reporting,1.0000
1512,paf,createReport,0.9904
1512,paf,getMeanTimeToDeliveryReport,1.0000
1512,paf,rollInReceivedOrder,1.0000
1512,paf,getMeanTimeToDelivery,1.0000
1512,paf,getTransactionContext,1.0000
1512,paf,queryOrderById,1.0000
1512,paf,getTransaction,1.0000
1512,paf,queryStockItem,1.0000
1512,ep,Persistence,1.0000
1512,ep,DataStore,1.0000
1512,ep,Enterprise,1.0000
1512,ep,Reporting,1.0000
1513,paf,printRunningTotal,1.0000
1513,paf,productBarCodeScannedEvent,1.0000
1513,paf,saleStartedEvent,1.0000
1513,paf,scanProduct,1.0000
1513,paf,stopSale,1.0000
1516,paf,createReport,1.0000
1516,paf,getMeanTimeToDeliveryReport,1.0000
1516,paf,getMeanTimeToDelivery,1.0000
1516,paf,getTransactionContext,1.0000
1516,paf,queryOrderById,1.0000
1516,paf,enterOrderID,1.0000
1516,paf,getEnterpriseByID,1.0000
1516,paf,getTransaction,1.0000
1516,paf,queryStockItem,1.0000
1516,ep,Persistence,1.0000
1516,ep,DataStore,1.0000
1516,ep,Enterprise,1.0000
1516,ep,Reporting,1.0000
1517,paf,printRunningTotal,1.0000
1517,paf,productBarCodeScannedEvent,1.0000
1517,paf,saleStartedEvent,1.0000
1517,paf,scanProduct,1.0000
1517,paf,stopSale,1.0000
1520,paf,printRunningTotal,1.0000
1520,paf,productBarCodeScannedEvent,1.0000
1520,paf,saleStartedEvent,1.0000
1520,paf,scanProduct,1.0000
1520,paf,stopSale,1.0000
1521,paf,getMeanTimeToDeliveryReport,1.0000
1521,paf,rollInReceivedOrder,1.0000
1521,paf,getMeanTimeToDelivery,1.0000
1521,paf,queryOrderById,1.0000
1521,paf,enterOrderID,1.0000
1521,paf,getEnterpriseByID,1.0000
1521,paf,queryStockItem,1.0000
1521,ep,Persistence,1.0000
1521,ep,DataStore,1.0000
1521,ep,Enterprise,1.0000
1521,ep,Reporting,1.0000
