operation,target,to,where,exec_time(nanoSec)
Move_Operation_New_Component_New_Node,createReport,New-Component_lvehxrjpaz,New-Node_cvpwogjbpe,1662181332
Move_Operation_Component,startSale,Reporting,,503705593
Move_Component_New_Node,ScannerController,New-Node_jvsqivwwcj,,705916669
UMLCloneNode,EnterpriseServer,EnterpriseServer_ssthnlopos,,754498251
UMLCloneNode,CashDeskPC,CashDeskPC_wjmnofbghe,,687245068
Move_Operation_Component,printRunningTotal,AppStore,,654690637
UMLCloneNode,CashDeskPC_wjmnofbghe,CashDeskPC_wjmnofbghe_jwreuovmzs,,730117406
UMLCloneNode,CashDeskPC,CashDeskPC_opynitijwg,,453986968
Move_Component_New_Node,AppStore,New-Node_pbrjelpgqo,,603563251
Move_Operation_Component,createReport,GUIStore,,314141020
Move_Operation_New_Component_New_Node,queryStockItem,New-Component_ecvbwlzwlv,New-Node_bpwcpzmhze,899605223
Move_Operation_New_Component_New_Node,queryStockItem,New-Component_uluaaqsfuc,New-Node_zaztgoadge,633496167
Move_Operation_Component,createReport,PrinterController,,287359924
Move_Component_New_Node,Persistence,New-Node_wakpzlauqa,,498950526
Move_Operation_New_Component_New_Node,saleStartedEvent,New-Component_nykkevxpxo,New-Node_cgygtehyso,603078422
Move_Operation_New_Component_New_Node,queryOrderById,New-Component_mkpnsyhiqo,New-Node_ycalqinbwe,512329763
Move_Operation_Component,getEnterpriseByID,Persistence,,260683575
Move_Component_New_Node,Inventory,New-Node_jvxgpisnem,,438599416
UMLCloneNode,New-Node_krxzuhjymt,New-Node_krxzuhjymt_pampfmjsth,,214780845
UMLCloneNode,Printer,Printer_mppmqubuce,,358368248
Move_Operation_New_Component_New_Node,rollInReceivedOrder,New-Component_knyqdhkuiz,New-Node_xycivltjta,528006989
Move_Operation_Component,getTransaction,Inventory,,235282186
Move_Operation_New_Component_New_Node,getEnterpriseByID,New-Component_dfcwzhjwdf,New-Node_nrxqfmmsbm,497550612
Move_Operation_New_Component_New_Node,saleStartedEvent,New-Component_lvruokzspx,New-Node_kxlgwevlzn,545191261
Move_Operation_New_Component_New_Node,saleStartedEvent,New-Component_ejhwlprsdg,New-Node_brosqlkoyr,648389182
UMLCloneNode,Printer,Printer_bwcjywwffu,,344782114
UMLCloneNode,New-Node_brosqlkoyr,New-Node_brosqlkoyr_xdcahytfxc,,350952192
Move_Operation_New_Component_New_Node,saleStartedEvent,New-Component_ycdejxvgth,New-Node_jijretumzq,555694084
Move_Operation_New_Component_New_Node,getEnterpriseByID,New-Component_rqpbqvqpxz,New-Node_ksctenmcbq,548435914
Move_Operation_Component,createReport,Reporting,,205638041
Move_Component_New_Node,ScannerController,New-Node_smwfoilhii,,392132597
Move_Operation_New_Component_New_Node,printRunningTotal,New-Component_lxavqyxfhr,New-Node_qjfuamhwzq,626877907
Move_Component_New_Node,CashDeskApplication,New-Node_wjnbflueye,,432519786
Move_Operation_Component,queryOrderById,AppStore,,226698200
Move_Operation_New_Component_New_Node,getEnterpriseByID,New-Component_pfmefycucc,New-Node_yrbyqipzgl,539419247
UMLCloneNode,StoreServer,StoreServer_aoopoyepze,,315056166
Move_Component_New_Node,GUIStore,New-Node_jxafcyxbmw,,471060802
Move_Operation_New_Component_New_Node,getEnterpriseByID,New-Component_sxlvfntpzz,New-Node_kmdsuazozs,456159511
Move_Operation_New_Component_New_Node,getMeanTimeToDeliveryReport,New-Component_cjveuibywr,New-Node_emtvniwzgd,454376328
Move_Operation_New_Component_New_Node,createReport,New-Component_vaihnrjfhc,New-Node_gvpugzltev,614045235
Move_Component_New_Node,Reporting,New-Node_atgrhvjkap,,412882234
Move_Operation_Component,stopSale,DataStore,,205020914
Move_Operation_New_Component_New_Node,getEnterpriseByID,New-Component_gefrycgxvy,New-Node_fqwpbcvtpf,593212121
Move_Operation_New_Component_New_Node,rollInReceivedOrder,New-Component_ikyejvjeyb,New-Node_mhbyamuxaa,475592630
UMLCloneNode,Printer,Printer_pbsdylphsu,,318345213
UMLCloneNode,Printer,Printer_ruhwjfpzwo,,323360737
Move_Operation_New_Component_New_Node,createReport,New-Component_mfgqayiyye,New-Node_irwkspvlcf,510453836
UMLCloneNode,LightDisplay,LightDisplay_zksvchhecq,,331488267
Move_Operation_New_Component_New_Node,getProductWithStockItem,New-Component_speidipvhv,New-Node_yinltlennz,558655557
Move_Component_New_Node,GUIStore,New-Node_cvkbzfpeaj,,373665711
UMLCloneNode,EnterpriseClient,EnterpriseClient_nhmuydhnui,,424949080
Move_Operation_Component,saleStartedEvent,Enterprise,,218775665
Move_Operation_Component,startSale,GUIStore,,283856114
Move_Operation_New_Component_New_Node,printRunningTotal,New-Component_vbzeoqdynw,New-Node_whytohpkzd,509047249
UMLCloneNode,New-Node_whytohpkzd,New-Node_whytohpkzd_xdjptvdicv,,429098400
Move_Component_New_Node,DataStore,New-Node_vxbfzbwofb,,442657655
UMLCloneNode,BarCodeScanner,BarCodeScanner_lrachxaicw,,409176135
Move_Operation_New_Component_New_Node,queryStockItem,New-Component_wkitulhpbl,New-Node_hjsyfsiqha,498748959
UMLCloneNode,BarCodeScanner_lrachxaicw,BarCodeScanner_lrachxaicw_djbudfnhmr,,334296282
Move_Component_New_Node,New-Component_wkitulhpbl,New-Node_ikdivnwfrl,,385114459
UMLCloneNode,Printer,Printer_jkornwvsrd,,407191014
Move_Component_New_Node,Reporting,New-Node_weokimzalc,,405083581
Move_Operation_Component,enterOrderID,Enterprise,,193601001
Move_Operation_New_Component_New_Node,rollInReceivedOrder,New-Component_hgczdovglr,New-Node_fmmbiqtmbf,505965771
Move_Component_New_Node,GUIStore,New-Node_jxafcyxbmw,,343761930
Move_Operation_New_Component_New_Node,getEnterpriseByID,New-Component_sxlvfntpzz,New-Node_kmdsuazozs,547820310
Move_Operation_New_Component_New_Node,getMeanTimeToDeliveryReport,New-Component_cjveuibywr,New-Node_emtvniwzgd,562455051
Move_Operation_New_Component_New_Node,createReport,New-Component_vaihnrjfhc,New-Node_gvpugzltev,469503773
Move_Component_New_Node,GUIStore,New-Node_jxafcyxbmw,,407025212
Move_Operation_New_Component_New_Node,getEnterpriseByID,New-Component_sxlvfntpzz,New-Node_kmdsuazozs,529319721
Move_Operation_New_Component_New_Node,getMeanTimeToDeliveryReport,New-Component_cjveuibywr,New-Node_emtvniwzgd,545661201
Move_Operation_New_Component_New_Node,createReport,New-Component_vaihnrjfhc,New-Node_gvpugzltev,548196586
Move_Operation_New_Component_New_Node,rollInReceivedOrder,New-Component_knyqdhkuiz,New-Node_xycivltjta,645122757
Move_Operation_Component,getTransaction,Inventory,,224338687
Move_Operation_New_Component_New_Node,getEnterpriseByID,New-Component_dfcwzhjwdf,New-Node_nrxqfmmsbm,614357801
Move_Operation_New_Component_New_Node,saleStartedEvent,New-Component_lvruokzspx,New-Node_kxlgwevlzn,523591981
Move_Component_New_Node,Reporting,New-Node_atgrhvjkap,,469122597
Move_Operation_Component,stopSale,DataStore,,229036174
Move_Operation_New_Component_New_Node,getEnterpriseByID,New-Component_gefrycgxvy,New-Node_fqwpbcvtpf,586486692
Move_Operation_New_Component_New_Node,rollInReceivedOrder,New-Component_ikyejvjeyb,New-Node_mhbyamuxaa,566999021
UMLCloneNode,BarCodeScanner,BarCodeScanner_lrachxaicw,,417890445
Move_Operation_New_Component_New_Node,queryStockItem,New-Component_wkitulhpbl,New-Node_hjsyfsiqha,657349653
UMLCloneNode,BarCodeScanner_lrachxaicw,BarCodeScanner_lrachxaicw_djbudfnhmr,,405918728
Move_Component_New_Node,New-Component_wkitulhpbl,New-Node_ikdivnwfrl,,467698668
Move_Component_New_Node,Reporting,New-Node_atgrhvjkap,,456923965
Move_Operation_Component,stopSale,DataStore,,254645873
Move_Operation_New_Component_New_Node,getEnterpriseByID,New-Component_gefrycgxvy,New-Node_fqwpbcvtpf,517579858
Move_Operation_New_Component_New_Node,rollInReceivedOrder,New-Component_ikyejvjeyb,New-Node_mhbyamuxaa,565947499
Move_Operation_New_Component_New_Node,createReport,New-Component_lvehxrjpaz,New-Node_cvpwogjbpe,665295211
Move_Operation_Component,startSale,Reporting,,291193442
Move_Component_New_Node,ScannerController,New-Node_jvsqivwwcj,,455650086
UMLCloneNode,EnterpriseServer,EnterpriseServer_ssthnlopos,,355633501
Move_Component_New_Node,Reporting,New-Node_atgrhvjkap,,582553477
Move_Operation_Component,stopSale,DataStore,,258985741
Move_Operation_New_Component_New_Node,getEnterpriseByID,New-Component_gefrycgxvy,New-Node_fqwpbcvtpf,533311204
Move_Operation_New_Component_New_Node,rollInReceivedOrder,New-Component_ikyejvjeyb,New-Node_mhbyamuxaa,571995790
UMLCloneNode,Printer,Printer_pbsdylphsu,,407321809
UMLCloneNode,Printer,Printer_ruhwjfpzwo,,329256933
Move_Operation_New_Component_New_Node,createReport,New-Component_mfgqayiyye,New-Node_irwkspvlcf,466405744
UMLCloneNode,LightDisplay,LightDisplay_zksvchhecq,,366462645
Move_Component_New_Node,GUIReporting,New-Node_ksgvsvhfan,,473193721
Move_Operation_Component,stopSale,DataStore,,255955098
Move_Operation_New_Component_New_Node,getEnterpriseByID,New-Component_gefrycgxvy,New-Node_fqwpbcvtpf,499001271
Move_Operation_New_Component_New_Node,rollInReceivedOrder,New-Component_ikyejvjeyb,New-Node_mhbyamuxaa,532984463
Move_Component_New_Node,Reporting,New-Node_atgrhvjkap,,468534986
Move_Operation_Component,stopSale,DataStore,,262056539
Move_Operation_New_Component_New_Node,getEnterpriseByID,New-Component_gefrycgxvy,New-Node_fqwpbcvtpf,696786659
Move_Operation_New_Component_New_Node,rollInReceivedOrder,New-Component_ikyejvjeyb,New-Node_mhbyamuxaa,593584430
UMLCloneNode,BarCodeScanner,BarCodeScanner_lrachxaicw,,492019541
Move_Operation_New_Component_New_Node,queryStockItem,New-Component_wkitulhpbl,New-Node_hjsyfsiqha,636351561
UMLCloneNode,BarCodeScanner_lrachxaicw,BarCodeScanner_lrachxaicw_djbudfnhmr,,434525426
Move_Component_New_Node,New-Component_wkitulhpbl,New-Node_ikdivnwfrl,,492972788
Move_Component_New_Node,CashDeskApplication,New-Node_wjnbflueye,,558782855
Move_Operation_Component,queryOrderById,AppStore,,299663965
Move_Operation_New_Component_New_Node,getEnterpriseByID,New-Component_pfmefycucc,New-Node_yrbyqipzgl,720170275
UMLCloneNode,StoreServer,StoreServer_aoopoyepze,,549014359
Move_Operation_Component,startSale,GUIStore,,314174422
Move_Operation_New_Component_New_Node,printRunningTotal,New-Component_vbzeoqdynw,New-Node_whytohpkzd,565317248
UMLCloneNode,New-Node_whytohpkzd,New-Node_whytohpkzd_xdjptvdicv,,460826522
Move_Component_New_Node,DataStore,New-Node_vxbfzbwofb,,454596360
Move_Operation_New_Component_New_Node,rollInReceivedOrder,New-Component_knyqdhkuiz,New-Node_xycivltjta,564239587
Move_Operation_Component,getTransaction,Inventory,,251458918
Move_Operation_New_Component_New_Node,getEnterpriseByID,New-Component_dfcwzhjwdf,New-Node_nrxqfmmsbm,623208637
Move_Operation_New_Component_New_Node,saleStartedEvent,New-Component_lvruokzspx,New-Node_kxlgwevlzn,671544448
UMLCloneNode,BarCodeScanner,BarCodeScanner_lrachxaicw,,460089451
Move_Operation_New_Component_New_Node,queryStockItem,New-Component_wkitulhpbl,New-Node_hjsyfsiqha,642912071
UMLCloneNode,BarCodeScanner_lrachxaicw,BarCodeScanner_lrachxaicw_djbudfnhmr,,377636487
Move_Component_New_Node,New-Component_wkitulhpbl,New-Node_ikdivnwfrl,,569112484
Move_Operation_Component,queryOrderById,Inventory,,305560982
Move_Operation_New_Component_New_Node,printRunningTotal,New-Component_vbzeoqdynw,New-Node_whytohpkzd,1034629511
UMLCloneNode,New-Node_whytohpkzd,New-Node_whytohpkzd_xdjptvdicv,,418781927
Move_Component_New_Node,DataStore,New-Node_vxbfzbwofb,,536362336
Move_Component_New_Node,CashDeskApplication,New-Node_wjnbflueye,,567913646
Move_Operation_Component,queryOrderById,AppStore,,266643179
Move_Operation_New_Component_New_Node,getEnterpriseByID,New-Component_pfmefycucc,New-Node_yrbyqipzgl,568327862
UMLCloneNode,StoreServer,StoreServer_aoopoyepze,,394996959
Move_Operation_New_Component_New_Node,createReport,New-Component_lvehxrjpaz,New-Node_cvpwogjbpe,752099864
Move_Operation_Component,startSale,Reporting,,291308568
Move_Component_New_Node,ScannerController,New-Node_jvsqivwwcj,,578253955
UMLCloneNode,EnterpriseServer,EnterpriseServer_ssthnlopos,,454796596
Move_Operation_New_Component_New_Node,rollInReceivedOrder,New-Component_knyqdhkuiz,New-Node_xycivltjta,763182756
Move_Operation_Component,getTransaction,Inventory,,258316325
Move_Operation_New_Component_New_Node,getEnterpriseByID,New-Component_dfcwzhjwdf,New-Node_nrxqfmmsbm,686415884
Move_Operation_New_Component_New_Node,saleStartedEvent,New-Component_lvruokzspx,New-Node_kxlgwevlzn,721242415
Move_Operation_New_Component_New_Node,getTransactionContext,New-Component_rbcmzbdwpr,New-Node_ykwzlxxkam,750246990
Move_Operation_New_Component_New_Node,printRunningTotal,New-Component_vbzeoqdynw,New-Node_whytohpkzd,666829548
UMLCloneNode,New-Node_whytohpkzd,New-Node_whytohpkzd_xdjptvdicv,,477552705
Move_Component_New_Node,DataStore,New-Node_vxbfzbwofb,,533982203
Move_Component_New_Node,ScannerController,New-Node_cjptsquqlg,,563362062
Move_Operation_Component,getTransaction,Inventory,,294750101
Move_Operation_New_Component_New_Node,getEnterpriseByID,New-Component_dfcwzhjwdf,New-Node_nrxqfmmsbm,610494878
Move_Operation_New_Component_New_Node,saleStartedEvent,New-Component_lvruokzspx,New-Node_kxlgwevlzn,670669218
Move_Component_New_Node,GUIReporting,New-Node_ksgvsvhfan,,581459786
Move_Operation_Component,stopSale,DataStore,,246784643
Move_Operation_New_Component_New_Node,getEnterpriseByID,New-Component_gefrycgxvy,New-Node_fqwpbcvtpf,639926343
Move_Operation_New_Component_New_Node,rollInReceivedOrder,New-Component_ikyejvjeyb,New-Node_mhbyamuxaa,724290370
UMLCloneNode,EnterpriseServer,EnterpriseServer_opvlfhgjom,,330288577
Move_Operation_New_Component_New_Node,printRunningTotal,New-Component_vbzeoqdynw,New-Node_whytohpkzd,595799694
UMLCloneNode,New-Node_whytohpkzd,New-Node_whytohpkzd_xdjptvdicv,,360130122
Move_Component_New_Node,DataStore,New-Node_vxbfzbwofb,,497891190
Move_Operation_Component,startSale,GUIStore,,344627594
Move_Operation_New_Component_New_Node,printRunningTotal,New-Component_vbzeoqdynw,New-Node_whytohpkzd,690912534
UMLCloneNode,New-Node_whytohpkzd,New-Node_whytohpkzd_xdjptvdicv,,537555403
Move_Component_New_Node,DataStore,New-Node_vxbfzbwofb,,536743059
UMLCloneNode,EnterpriseServer,EnterpriseServer_opvlfhgjom,,531554360
Move_Operation_New_Component_New_Node,printRunningTotal,New-Component_vbzeoqdynw,New-Node_whytohpkzd,758415937
UMLCloneNode,New-Node_whytohpkzd,New-Node_whytohpkzd_xdjptvdicv,,502980073
Move_Component_New_Node,DataStore,New-Node_vxbfzbwofb,,597472480
UMLCloneNode,EnterpriseServer,EnterpriseServer_opvlfhgjom,,561860947
Move_Operation_New_Component_New_Node,printRunningTotal,New-Component_vbzeoqdynw,New-Node_whytohpkzd,726516624
UMLCloneNode,New-Node_whytohpkzd,New-Node_whytohpkzd_xdjptvdicv,,456539864
Move_Component_New_Node,DataStore,New-Node_vxbfzbwofb,,534708425
Move_Component_New_Node,CashDeskApplication,New-Node_wjnbflueye,,534725667
Move_Operation_Component,queryOrderById,AppStore,,270462270
Move_Operation_New_Component_New_Node,getEnterpriseByID,New-Component_pfmefycucc,New-Node_yrbyqipzgl,680716747
UMLCloneNode,StoreServer,StoreServer_aoopoyepze,,472204306
Move_Operation_New_Component_New_Node,rollInReceivedOrder,New-Component_knyqdhkuiz,New-Node_xycivltjta,707284052
Move_Operation_Component,getTransaction,Inventory,,283983453
Move_Operation_New_Component_New_Node,getEnterpriseByID,New-Component_dfcwzhjwdf,New-Node_nrxqfmmsbm,685961562
Move_Operation_New_Component_New_Node,saleStartedEvent,New-Component_lvruokzspx,New-Node_kxlgwevlzn,701241211
UMLCloneNode,CashBox,CashBox_fjzjauyeip,,570795600
Move_Operation_New_Component_New_Node,queryStockItem,New-Component_wkitulhpbl,New-Node_hjsyfsiqha,652327877
UMLCloneNode,BarCodeScanner_lrachxaicw,BarCodeScanner_lrachxaicw_djbudfnhmr,,184867356
Move_Component_New_Node,New-Component_wkitulhpbl,New-Node_ikdivnwfrl,,490585111
Move_Operation_Component,startSale,GUIStore,,351154763
Move_Operation_New_Component_New_Node,printRunningTotal,New-Component_vbzeoqdynw,New-Node_whytohpkzd,644676329
UMLCloneNode,New-Node_whytohpkzd,New-Node_whytohpkzd_xdjptvdicv,,367441270
Move_Component_New_Node,DataStore,New-Node_vxbfzbwofb,,527855104
Move_Component_New_Node,GUIStore,New-Node_jxafcyxbmw,,577751883
Move_Operation_New_Component_New_Node,getEnterpriseByID,New-Component_sxlvfntpzz,New-Node_kmdsuazozs,639451733
Move_Operation_New_Component_New_Node,getMeanTimeToDeliveryReport,New-Component_cjveuibywr,New-Node_emtvniwzgd,689753471
Move_Operation_New_Component_New_Node,createReport,New-Component_vaihnrjfhc,New-Node_gvpugzltev,690782281
UMLCloneNode,EnterpriseServer,EnterpriseServer_opvlfhgjom,,441795539
Move_Operation_New_Component_New_Node,printRunningTotal,New-Component_vbzeoqdynw,New-Node_whytohpkzd,653173593
UMLCloneNode,New-Node_whytohpkzd,New-Node_whytohpkzd_xdjptvdicv,,406340488
Move_Component_New_Node,DataStore,New-Node_vxbfzbwofb,,476911172
UMLCloneNode,CashBox,CashBox_fjzjauyeip,,485339656
Move_Operation_New_Component_New_Node,queryStockItem,New-Component_wkitulhpbl,New-Node_hjsyfsiqha,665860621
UMLCloneNode,BarCodeScanner_lrachxaicw,BarCodeScanner_lrachxaicw_djbudfnhmr,,204149570
Move_Component_New_Node,New-Component_wkitulhpbl,New-Node_ikdivnwfrl,,451397673
UMLCloneNode,CashBox,CashBox_fjzjauyeip,,474310536
UMLCloneNode,EnterpriseClient,EnterpriseClient_myvpdbrfvb,,364631342
UMLCloneNode,BarCodeScanner_lrachxaicw,BarCodeScanner_lrachxaicw_djbudfnhmr,,195869184
Move_Component_New_Node,New-Component_wkitulhpbl,New-Node_ikdivnwfrl,,191498389
Move_Component_New_Node,ScannerController,New-Node_cjptsquqlg,,606076964
Move_Operation_New_Component_New_Node,getMeanTimeToDelivery,New-Component_igewqpqqwa,New-Node_pwbrihffcs,736391781
Move_Operation_New_Component_New_Node,getEnterpriseByID,New-Component_dfcwzhjwdf,New-Node_nrxqfmmsbm,740847205
Move_Operation_New_Component_New_Node,saleStartedEvent,New-Component_lvruokzspx,New-Node_kxlgwevlzn,729428835
UMLCloneNode,EnterpriseServer,EnterpriseServer_opvlfhgjom,,595666293
Move_Operation_New_Component_New_Node,printRunningTotal,New-Component_vbzeoqdynw,New-Node_whytohpkzd,723352952
UMLCloneNode,New-Node_whytohpkzd,New-Node_whytohpkzd_xdjptvdicv,,488072340
Move_Component_New_Node,New-Component_wkitulhpbl,New-Node_ikdivnwfrl,,246131298
Move_Operation_New_Component_New_Node,rollInReceivedOrder,New-Component_knyqdhkuiz,New-Node_xycivltjta,716313673
Move_Operation_Component,getTransaction,Inventory,,268872369
Move_Operation_New_Component_New_Node,getEnterpriseByID,New-Component_dfcwzhjwdf,New-Node_nrxqfmmsbm,644234482
Move_Operation_New_Component_New_Node,saleStartedEvent,New-Component_lvruokzspx,New-Node_kxlgwevlzn,713876123
Move_Operation_New_Component_New_Node,rollInReceivedOrder,New-Component_knyqdhkuiz,New-Node_xycivltjta,657587018
Move_Operation_Component,getTransaction,Inventory,,246833906
Move_Operation_New_Component_New_Node,getEnterpriseByID,New-Component_dfcwzhjwdf,New-Node_nrxqfmmsbm,562970558
Move_Operation_New_Component_New_Node,saleStartedEvent,New-Component_lvruokzspx,New-Node_kxlgwevlzn,662445557
Move_Component_New_Node,ScannerController,New-Node_cjptsquqlg,,544292405
Move_Operation_Component,getTransaction,Inventory,,276432023
Move_Operation_New_Component_New_Node,getEnterpriseByID,New-Component_dfcwzhjwdf,New-Node_nrxqfmmsbm,735972906
Move_Operation_New_Component_New_Node,saleStartedEvent,New-Component_lvruokzspx,New-Node_kxlgwevlzn,712708824
Move_Operation_New_Component_New_Node,getTransaction,New-Component_qhfbsqyxfw,New-Node_imsevpevnw,703987431
Move_Operation_New_Component_New_Node,queryStockItem,New-Component_wkitulhpbl,New-Node_hjsyfsiqha,758064197
UMLCloneNode,BarCodeScanner_lrachxaicw,BarCodeScanner_lrachxaicw_djbudfnhmr,,220773862
Move_Component_New_Node,New-Component_wkitulhpbl,New-Node_ikdivnwfrl,,691656651
Move_Operation_New_Component_New_Node,createReport,New-Component_lvehxrjpaz,New-Node_cvpwogjbpe,768452967
Move_Operation_Component,startSale,Reporting,,304553333
Move_Component_New_Node,ScannerController,New-Node_jvsqivwwcj,,554402973
UMLCloneNode,EnterpriseServer,EnterpriseServer_ssthnlopos,,491319378
UMLCloneNode,EnterpriseServer,EnterpriseServer_opvlfhgjom,,528256777
Move_Operation_New_Component_New_Node,printRunningTotal,New-Component_vbzeoqdynw,New-Node_whytohpkzd,666296048
UMLCloneNode,BarCodeScanner_lrachxaicw,BarCodeScanner_lrachxaicw_djbudfnhmr,,228205747
Move_Component_New_Node,New-Component_wkitulhpbl,New-Node_ikdivnwfrl,,220778411
Move_Component_New_Node,ScannerController,New-Node_cjptsquqlg,,464289295
Move_Operation_New_Component_New_Node,getMeanTimeToDelivery,New-Component_igewqpqqwa,New-Node_pwbrihffcs,669725558
Move_Operation_New_Component_New_Node,getEnterpriseByID,New-Component_dfcwzhjwdf,New-Node_nrxqfmmsbm,590560931
Move_Operation_New_Component_New_Node,saleStartedEvent,New-Component_lvruokzspx,New-Node_kxlgwevlzn,751221087
UMLCloneNode,CashDeskPC,CashDeskPC_vxyvlwunog,,503894517
Move_Operation_New_Component_New_Node,getEnterpriseByID,New-Component_sxlvfntpzz,New-Node_kmdsuazozs,704302351
Move_Operation_New_Component_New_Node,getMeanTimeToDeliveryReport,New-Component_cjveuibywr,New-Node_emtvniwzgd,697632505
Move_Operation_New_Component_New_Node,createReport,New-Component_vaihnrjfhc,New-Node_gvpugzltev,769779164
UMLCloneNode,EnterpriseServer,EnterpriseServer_xjhdgwbejk,,420695575
Move_Operation_Component,getTransaction,Inventory,,276757524
Move_Operation_New_Component_New_Node,getEnterpriseByID,New-Component_dfcwzhjwdf,New-Node_nrxqfmmsbm,778646200
Move_Operation_New_Component_New_Node,saleStartedEvent,New-Component_lvruokzspx,New-Node_kxlgwevlzn,670224174
UMLCloneNode,CashBox,CashBox_fjzjauyeip,,498845690
UMLCloneNode,EnterpriseClient,EnterpriseClient_myvpdbrfvb,,498652398
UMLCloneNode,BarCodeScanner_lrachxaicw,BarCodeScanner_lrachxaicw_djbudfnhmr,,203945047
Move_Component_New_Node,New-Component_wkitulhpbl,New-Node_ikdivnwfrl,,196228258
Move_Operation_New_Component_New_Node,getTransaction,New-Component_hhhfrapzwv,New-Node_ykwntgtwsx,624273974
Move_Operation_New_Component_New_Node,getEnterpriseByID,New-Component_sxlvfntpzz,New-Node_kmdsuazozs,654462159
Move_Operation_New_Component_New_Node,getMeanTimeToDeliveryReport,New-Component_cjveuibywr,New-Node_emtvniwzgd,588031398
Move_Operation_New_Component_New_Node,createReport,New-Component_vaihnrjfhc,New-Node_gvpugzltev,625927104
Move_Component_New_Node,GUIStore,New-Node_jxafcyxbmw,,584809878
Move_Operation_New_Component_New_Node,getEnterpriseByID,New-Component_sxlvfntpzz,New-Node_kmdsuazozs,745665469
Move_Operation_New_Component_New_Node,getMeanTimeToDeliveryReport,New-Component_cjveuibywr,New-Node_emtvniwzgd,766407332
Move_Operation_New_Component_New_Node,createReport,New-Component_vaihnrjfhc,New-Node_gvpugzltev,694700808
Move_Operation_New_Component_New_Node,getTransaction,New-Component_hhhfrapzwv,New-Node_ykwntgtwsx,690704535
Move_Operation_New_Component_New_Node,getEnterpriseByID,New-Component_sxlvfntpzz,New-Node_kmdsuazozs,622479009
Move_Operation_New_Component_New_Node,getMeanTimeToDeliveryReport,New-Component_cjveuibywr,New-Node_emtvniwzgd,650533642
Move_Operation_New_Component_New_Node,createReport,New-Component_vaihnrjfhc,New-Node_gvpugzltev,624170671
Move_Operation_New_Component_New_Node,getTransaction,New-Component_hhhfrapzwv,New-Node_ykwntgtwsx,654956385
Move_Operation_New_Component_New_Node,getEnterpriseByID,New-Component_sxlvfntpzz,New-Node_kmdsuazozs,572665065
Move_Operation_New_Component_New_Node,getMeanTimeToDeliveryReport,New-Component_cjveuibywr,New-Node_emtvniwzgd,659124300
Move_Operation_New_Component_New_Node,createReport,New-Component_vaihnrjfhc,New-Node_gvpugzltev,647199962
UMLCloneNode,CashBox,CashBox_fjzjauyeip,,459504364
UMLCloneNode,EnterpriseClient,EnterpriseClient_myvpdbrfvb,,488083069
UMLCloneNode,BarCodeScanner_lrachxaicw,BarCodeScanner_lrachxaicw_djbudfnhmr,,238536518
Move_Component_New_Node,New-Component_wkitulhpbl,New-Node_ikdivnwfrl,,236641494
Move_Operation_New_Component_New_Node,getTransaction,New-Component_hhhfrapzwv,New-Node_ykwntgtwsx,720735595
Move_Operation_New_Component_New_Node,getEnterpriseByID,New-Component_sxlvfntpzz,New-Node_kmdsuazozs,629860940
Move_Operation_New_Component_New_Node,getMeanTimeToDeliveryReport,New-Component_cjveuibywr,New-Node_emtvniwzgd,689142757
Move_Operation_New_Component_New_Node,createReport,New-Component_vaihnrjfhc,New-Node_gvpugzltev,794283811
Move_Component_New_Node,GUIStore,New-Node_jxafcyxbmw,,745353444
Move_Operation_New_Component_New_Node,getEnterpriseByID,New-Component_sxlvfntpzz,New-Node_kmdsuazozs,755474572
Move_Operation_New_Component_New_Node,getMeanTimeToDeliveryReport,New-Component_cjveuibywr,New-Node_emtvniwzgd,643453977
Move_Operation_New_Component_New_Node,createReport,New-Component_vaihnrjfhc,New-Node_gvpugzltev,693230452
UMLCloneNode,BarCodeScanner,BarCodeScanner_lrachxaicw,,512649313
Move_Operation_New_Component_New_Node,queryStockItem,New-Component_wkitulhpbl,New-Node_hjsyfsiqha,663323464
UMLCloneNode,BarCodeScanner_lrachxaicw,BarCodeScanner_lrachxaicw_djbudfnhmr,,523844003
Move_Component_New_Node,New-Component_wkitulhpbl,New-Node_ikdivnwfrl,,470147390
Move_Operation_New_Component_New_Node,getTransaction,New-Component_qhfbsqyxfw,New-Node_imsevpevnw,780453689
Move_Operation_New_Component_New_Node,queryStockItem,New-Component_wkitulhpbl,New-Node_hjsyfsiqha,608168566
UMLCloneNode,BarCodeScanner_lrachxaicw,BarCodeScanner_lrachxaicw_djbudfnhmr,,216958448
Move_Component_New_Node,New-Component_wkitulhpbl,New-Node_ikdivnwfrl,,462453643
Move_Component_New_Node,ScannerController,New-Node_cjptsquqlg,,684342886
Move_Operation_New_Component_New_Node,getMeanTimeToDelivery,New-Component_igewqpqqwa,New-Node_pwbrihffcs,914806397
Move_Operation_New_Component_New_Node,getEnterpriseByID,New-Component_dfcwzhjwdf,New-Node_nrxqfmmsbm,792949198
Move_Operation_New_Component_New_Node,saleStartedEvent,New-Component_lvruokzspx,New-Node_kxlgwevlzn,701465793
UMLCloneNode,CashBox,CashBox_fjzjauyeip,,514818219
Move_Operation_New_Component_New_Node,queryStockItem,New-Component_wkitulhpbl,New-Node_hjsyfsiqha,671116156
Move_Operation_New_Component_New_Node,getEnterpriseByID,New-Component_dfcwzhjwdf,New-Node_nrxqfmmsbm,684066408
Move_Operation_New_Component_New_Node,saleStartedEvent,New-Component_lvruokzspx,New-Node_kxlgwevlzn,739417875
UMLCloneNode,CashBox,CashBox_fjzjauyeip,,499089287
Move_Operation_New_Component_New_Node,queryStockItem,New-Component_wkitulhpbl,New-Node_hjsyfsiqha,768119683
UMLCloneNode,BarCodeScanner_lrachxaicw,BarCodeScanner_lrachxaicw_djbudfnhmr,,256653448
Move_Component_New_Node,New-Component_wkitulhpbl,New-Node_ikdivnwfrl,,645453827
UMLCloneNode,CashBox,CashBox_fjzjauyeip,,605807619
Move_Operation_New_Component_New_Node,queryStockItem,New-Component_wkitulhpbl,New-Node_hjsyfsiqha,790419055
Move_Operation_New_Component_New_Node,getEnterpriseByID,New-Component_dfcwzhjwdf,New-Node_nrxqfmmsbm,690963471
Move_Operation_New_Component_New_Node,saleStartedEvent,New-Component_lvruokzspx,New-Node_kxlgwevlzn,645157162
Move_Operation_New_Component_New_Node,getTransaction,New-Component_hhhfrapzwv,New-Node_ykwntgtwsx,705740428
Move_Operation_New_Component_New_Node,getEnterpriseByID,New-Component_sxlvfntpzz,New-Node_kmdsuazozs,749171473
Move_Operation_New_Component_New_Node,getMeanTimeToDeliveryReport,New-Component_cjveuibywr,New-Node_emtvniwzgd,673931885
Move_Operation_New_Component_New_Node,createReport,New-Component_vaihnrjfhc,New-Node_gvpugzltev,707396273
Move_Component_New_Node,ScannerController,New-Node_cjptsquqlg,,640797788
Move_Operation_New_Component_New_Node,getMeanTimeToDelivery,New-Component_igewqpqqwa,New-Node_pwbrihffcs,669894164
Move_Operation_New_Component_New_Node,getEnterpriseByID,New-Component_dfcwzhjwdf,New-Node_nrxqfmmsbm,756485177
Move_Operation_New_Component_New_Node,saleStartedEvent,New-Component_lvruokzspx,New-Node_kxlgwevlzn,733378321
Move_Component_New_Node,ScannerController,New-Node_cjptsquqlg,,553507033
Move_Operation_New_Component_New_Node,getMeanTimeToDelivery,New-Component_igewqpqqwa,New-Node_pwbrihffcs,630535605
Move_Operation_New_Component_New_Node,getEnterpriseByID,New-Component_dfcwzhjwdf,New-Node_nrxqfmmsbm,723608461
Move_Operation_New_Component_New_Node,saleStartedEvent,New-Component_lvruokzspx,New-Node_kxlgwevlzn,770612046
Move_Operation_New_Component_New_Node,getTransaction,New-Component_hhhfrapzwv,New-Node_ykwntgtwsx,703521978
Move_Operation_New_Component_New_Node,getEnterpriseByID,New-Component_sxlvfntpzz,New-Node_kmdsuazozs,673427650
Move_Operation_New_Component_New_Node,getMeanTimeToDeliveryReport,New-Component_cjveuibywr,New-Node_emtvniwzgd,658229713
Move_Operation_New_Component_New_Node,createReport,New-Component_vaihnrjfhc,New-Node_gvpugzltev,558812571
Move_Operation_New_Component_New_Node,getTransaction,New-Component_hhhfrapzwv,New-Node_ykwntgtwsx,653639105
Move_Operation_New_Component_New_Node,getEnterpriseByID,New-Component_sxlvfntpzz,New-Node_kmdsuazozs,692617502
Move_Operation_New_Component_New_Node,getMeanTimeToDeliveryReport,New-Component_cjveuibywr,New-Node_emtvniwzgd,773722828
Move_Operation_New_Component_New_Node,createReport,New-Component_vaihnrjfhc,New-Node_gvpugzltev,721235361
Move_Operation_New_Component_New_Node,getTransaction,New-Component_qhfbsqyxfw,New-Node_imsevpevnw,738347908
Move_Operation_New_Component_New_Node,queryStockItem,New-Component_wkitulhpbl,New-Node_hjsyfsiqha,656529105
UMLCloneNode,BarCodeScanner_lrachxaicw,BarCodeScanner_lrachxaicw_djbudfnhmr,,246664307
Move_Component_New_Node,New-Component_wkitulhpbl,New-Node_ikdivnwfrl,,637770451
UMLCloneNode,EnterpriseServer,EnterpriseServer_opvlfhgjom,,493604042
Move_Operation_New_Component_New_Node,printRunningTotal,New-Component_vbzeoqdynw,New-Node_whytohpkzd,720613867
UMLCloneNode,BarCodeScanner_lrachxaicw,BarCodeScanner_lrachxaicw_djbudfnhmr,,241001760
Move_Operation_New_Component_New_Node,saleStartedEvent,New-Component_lvruokzspx,New-Node_kxlgwevlzn,745916600
UMLCloneNode,CashBox,CashBox_fjzjauyeip,,495635431
Move_Operation_New_Component_New_Node,queryStockItem,New-Component_wkitulhpbl,New-Node_hjsyfsiqha,667543977
Move_Operation_New_Component_New_Node,getEnterpriseByID,New-Component_dfcwzhjwdf,New-Node_nrxqfmmsbm,706600501
Move_Operation_New_Component_New_Node,saleStartedEvent,New-Component_lvruokzspx,New-Node_kxlgwevlzn,703923722
Move_Operation_Component,enterOrderID,CashDeskGUI,,296149365
Move_Operation_New_Component_New_Node,getEnterpriseByID,New-Component_sxlvfntpzz,New-Node_kmdsuazozs,671236051
Move_Operation_New_Component_New_Node,getMeanTimeToDeliveryReport,New-Component_cjveuibywr,New-Node_emtvniwzgd,832344126
Move_Operation_New_Component_New_Node,createReport,New-Component_vaihnrjfhc,New-Node_gvpugzltev,764475159
UMLCloneNode,CashBox,CashBox_fjzjauyeip,,538029161
Move_Operation_New_Component_New_Node,queryStockItem,New-Component_wkitulhpbl,New-Node_hjsyfsiqha,643446033
Move_Operation_New_Component_New_Node,getEnterpriseByID,New-Component_dfcwzhjwdf,New-Node_nrxqfmmsbm,703419697
Move_Operation_New_Component_New_Node,saleStartedEvent,New-Component_lvruokzspx,New-Node_kxlgwevlzn,766337310
Move_Operation_New_Component_New_Node,saleStartedEvent,New-Component_xkefcojsyn,New-Node_bbramskdet,723399500
Move_Operation_New_Component_New_Node,getEnterpriseByID,New-Component_sxlvfntpzz,New-Node_kmdsuazozs,721248978
Move_Operation_New_Component_New_Node,getMeanTimeToDeliveryReport,New-Component_cjveuibywr,New-Node_emtvniwzgd,667217455
Move_Operation_New_Component_New_Node,createReport,New-Component_vaihnrjfhc,New-Node_gvpugzltev,657854831
UMLCloneNode,CashBox,CashBox_fjzjauyeip,,544230299
UMLCloneNode,EnterpriseClient,EnterpriseClient_myvpdbrfvb,,486139135
Move_Operation_New_Component_New_Node,getEnterpriseByID,New-Component_dfcwzhjwdf,New-Node_nrxqfmmsbm,627459377
Move_Operation_New_Component_New_Node,saleStartedEvent,New-Component_lvruokzspx,New-Node_kxlgwevlzn,619502789
Move_Operation_New_Component_New_Node,getTransaction,New-Component_hhhfrapzwv,New-Node_ykwntgtwsx,707817823
Move_Operation_New_Component_New_Node,getEnterpriseByID,New-Component_sxlvfntpzz,New-Node_kmdsuazozs,859274893
Move_Operation_New_Component_New_Node,getMeanTimeToDeliveryReport,New-Component_cjveuibywr,New-Node_emtvniwzgd,824933361
Move_Operation_New_Component_New_Node,createReport,New-Component_vaihnrjfhc,New-Node_gvpugzltev,733464933
Move_Operation_New_Component_New_Node,getTransaction,New-Component_qhfbsqyxfw,New-Node_imsevpevnw,711582572
Move_Operation_New_Component_New_Node,queryStockItem,New-Component_wkitulhpbl,New-Node_hjsyfsiqha,683047809
UMLCloneNode,BarCodeScanner_lrachxaicw,BarCodeScanner_lrachxaicw_djbudfnhmr,,240345800
Move_Component_New_Node,New-Component_wkitulhpbl,New-Node_ikdivnwfrl,,455516315
UMLCloneNode,EnterpriseServer,EnterpriseServer_opvlfhgjom,,520417659
Move_Operation_New_Component_New_Node,printRunningTotal,New-Component_vbzeoqdynw,New-Node_whytohpkzd,654949763
UMLCloneNode,BarCodeScanner_lrachxaicw,BarCodeScanner_lrachxaicw_djbudfnhmr,,221460730
Move_Operation_New_Component_New_Node,saleStartedEvent,New-Component_lvruokzspx,New-Node_kxlgwevlzn,735700325
Move_Operation_New_Component_New_Node,getTransaction,New-Component_qhfbsqyxfw,New-Node_imsevpevnw,684589810
Move_Operation_New_Component_New_Node,queryStockItem,New-Component_wkitulhpbl,New-Node_hjsyfsiqha,658632448
UMLCloneNode,BarCodeScanner_lrachxaicw,BarCodeScanner_lrachxaicw_djbudfnhmr,,223037096
Move_Component_New_Node,New-Component_wkitulhpbl,New-Node_ikdivnwfrl,,544427247
Move_Operation_New_Component_New_Node,getTransaction,New-Component_hhhfrapzwv,New-Node_ykwntgtwsx,697209492
Move_Operation_New_Component_New_Node,getEnterpriseByID,New-Component_sxlvfntpzz,New-Node_kmdsuazozs,744354982
Move_Operation_New_Component_New_Node,getMeanTimeToDeliveryReport,New-Component_cjveuibywr,New-Node_emtvniwzgd,832052038
Move_Operation_New_Component_New_Node,createReport,New-Component_vaihnrjfhc,New-Node_gvpugzltev,762745345
Move_Operation_New_Component_New_Node,createReport,New-Component_lvehxrjpaz,New-Node_cvpwogjbpe,687568395
Move_Operation_Component,startSale,Reporting,,288651335
Move_Component_New_Node,ScannerController,New-Node_jvsqivwwcj,,517830297
UMLCloneNode,EnterpriseServer,EnterpriseServer_ssthnlopos,,459903291
UMLCloneNode,CashBox,CashBox_fjzjauyeip,,562733453
Move_Operation_New_Component_New_Node,queryStockItem,New-Component_wkitulhpbl,New-Node_hjsyfsiqha,742390148
Move_Operation_New_Component_New_Node,getEnterpriseByID,New-Component_dfcwzhjwdf,New-Node_nrxqfmmsbm,701181189
Move_Component_New_Node,Inventory,New-Node_hvikwaxuox,,578233026
UMLCloneNode,BarCodeScanner,BarCodeScanner_lrachxaicw,,499736080
Move_Operation_New_Component_New_Node,queryStockItem,New-Component_wkitulhpbl,New-Node_hjsyfsiqha,682917494
UMLCloneNode,BarCodeScanner_lrachxaicw,BarCodeScanner_lrachxaicw_djbudfnhmr,,479136965
Move_Component_New_Node,New-Component_wkitulhpbl,New-Node_ikdivnwfrl,,554446154
Move_Operation_New_Component_New_Node,getTransaction,New-Component_hhhfrapzwv,New-Node_ykwntgtwsx,1068080393
Move_Operation_New_Component_New_Node,getEnterpriseByID,New-Component_sxlvfntpzz,New-Node_kmdsuazozs,673521956
Move_Operation_New_Component_New_Node,getMeanTimeToDeliveryReport,New-Component_cjveuibywr,New-Node_emtvniwzgd,1095548597
Move_Operation_New_Component_New_Node,createReport,New-Component_vaihnrjfhc,New-Node_gvpugzltev,695136415
UMLCloneNode,New-Node_fczdjbxsnu,New-Node_fczdjbxsnu_cvvlsrzmhs,,281932257
Move_Operation_New_Component_New_Node,queryStockItem,New-Component_wkitulhpbl,New-Node_hjsyfsiqha,697047107
UMLCloneNode,BarCodeScanner_lrachxaicw,BarCodeScanner_lrachxaicw_djbudfnhmr,,222992072
Move_Component_New_Node,New-Component_wkitulhpbl,New-Node_ikdivnwfrl,,552786802
Move_Operation_Component,enterOrderID,CashDeskGUI,,353807506
Move_Operation_New_Component_New_Node,getEnterpriseByID,New-Component_sxlvfntpzz,New-Node_kmdsuazozs,740286444
Move_Operation_New_Component_New_Node,getEnterpriseByID,New-Component_dfcwzhjwdf,New-Node_nrxqfmmsbm,701701565
Move_Component_New_Node,Inventory,New-Node_hvikwaxuox,,521247605
UMLCloneNode,EnterpriseServer,EnterpriseServer_xjhdgwbejk,,537293983
Move_Operation_Component,getTransaction,Inventory,,297929703
Move_Operation_New_Component_New_Node,getEnterpriseByID,New-Component_dfcwzhjwdf,New-Node_nrxqfmmsbm,708867391
Move_Operation_New_Component_New_Node,saleStartedEvent,New-Component_lvruokzspx,New-Node_kxlgwevlzn,748714426
UMLCloneNode,CashBox,CashBox_gnguiagcje,,499117379
UMLCloneNode,EnterpriseClient,EnterpriseClient_myvpdbrfvb,,549695456
Move_Operation_New_Component_New_Node,getEnterpriseByID,New-Component_dfcwzhjwdf,New-Node_nrxqfmmsbm,745492175
Move_Operation_New_Component_New_Node,saleStartedEvent,New-Component_lvruokzspx,New-Node_kxlgwevlzn,754325808
UMLCloneNode,EnterpriseClient,EnterpriseClient_ybspcfiwqy,,428090832
Move_Operation_New_Component_New_Node,getEnterpriseByID,New-Component_sxlvfntpzz,New-Node_kmdsuazozs,690400926
UMLCloneNode,BarCodeScanner_lrachxaicw,BarCodeScanner_lrachxaicw_djbudfnhmr,,244077226
Move_Operation_New_Component_New_Node,saleStartedEvent,New-Component_lvruokzspx,New-Node_kxlgwevlzn,678490353
UMLCloneNode,CashBox,CashBox_fjzjauyeip,,563265681
UMLCloneNode,EnterpriseClient,EnterpriseClient_myvpdbrfvb,,567107194
Move_Operation_New_Component_New_Node,getEnterpriseByID,New-Component_dfcwzhjwdf,New-Node_nrxqfmmsbm,801335463
Move_Operation_New_Component_New_Node,saleStartedEvent,New-Component_lvruokzspx,New-Node_kxlgwevlzn,809993036
UMLCloneNode,EnterpriseServer,EnterpriseServer_xjhdgwbejk,,510300218
Move_Operation_Component,getTransaction,Inventory,,291770063
Move_Operation_New_Component_New_Node,getEnterpriseByID,New-Component_dfcwzhjwdf,New-Node_nrxqfmmsbm,708139636
Move_Operation_New_Component_New_Node,saleStartedEvent,New-Component_lvruokzspx,New-Node_kxlgwevlzn,744686965
UMLCloneNode,EnterpriseServer,EnterpriseServer_opvlfhgjom,,604144310
Move_Operation_New_Component_New_Node,printRunningTotal,New-Component_vbzeoqdynw,New-Node_whytohpkzd,776749063
UMLCloneNode,BarCodeScanner_lrachxaicw,BarCodeScanner_lrachxaicw_djbudfnhmr,,256596010
Move_Operation_New_Component_New_Node,saleStartedEvent,New-Component_lvruokzspx,New-Node_kxlgwevlzn,631759571
Move_Operation_New_Component_New_Node,getTransaction,New-Component_qhfbsqyxfw,New-Node_imsevpevnw,588445645
Move_Operation_New_Component_New_Node,queryStockItem,New-Component_wkitulhpbl,New-Node_hjsyfsiqha,680800234
UMLCloneNode,BarCodeScanner_lrachxaicw,BarCodeScanner_lrachxaicw_djbudfnhmr,,236680488
Move_Component_New_Node,New-Component_wkitulhpbl,New-Node_ikdivnwfrl,,573523836
UMLCloneNode,CashBox,CashBox_fjzjauyeip,,546198359
Move_Operation_New_Component_New_Node,queryStockItem,New-Component_wkitulhpbl,New-Node_hjsyfsiqha,805374547
Move_Operation_New_Component_New_Node,getEnterpriseByID,New-Component_dfcwzhjwdf,New-Node_nrxqfmmsbm,649926684
Move_Component_New_Node,Inventory,New-Node_hvikwaxuox,,512138675
UMLCloneNode,EnterpriseServer,EnterpriseServer_opvlfhgjom,,563154913
Move_Operation_New_Component_New_Node,printRunningTotal,New-Component_vbzeoqdynw,New-Node_whytohpkzd,699876563
UMLCloneNode,BarCodeScanner_lrachxaicw,BarCodeScanner_lrachxaicw_djbudfnhmr,,226956846
Move_Component_New_Node,New-Component_wkitulhpbl,New-Node_ikdivnwfrl,,245589342
UMLCloneNode,CashBox,CashBox_fjzjauyeip,,504874896
Move_Operation_New_Component_New_Node,queryStockItem,New-Component_wkitulhpbl,New-Node_hjsyfsiqha,653193720
Move_Operation_New_Component_New_Node,getEnterpriseByID,New-Component_dfcwzhjwdf,New-Node_nrxqfmmsbm,667510796
Move_Component_New_Node,Inventory,New-Node_hvikwaxuox,,560093513
UMLCloneNode,BarCodeScanner,BarCodeScanner_lrachxaicw,,524238062
Move_Operation_New_Component_New_Node,queryStockItem,New-Component_wkitulhpbl,New-Node_hjsyfsiqha,725266190
UMLCloneNode,BarCodeScanner_lrachxaicw,BarCodeScanner_lrachxaicw_djbudfnhmr,,494076818
Move_Component_New_Node,New-Component_wkitulhpbl,New-Node_ikdivnwfrl,,556088272
UMLCloneNode,CashBox,CashBox_fjzjauyeip,,567414069
Move_Operation_New_Component_New_Node,queryStockItem,New-Component_wkitulhpbl,New-Node_hjsyfsiqha,718312592
UMLCloneNode,BarCodeScanner_lrachxaicw,BarCodeScanner_lrachxaicw_djbudfnhmr,,241622344
Move_Component_New_Node,New-Component_wkitulhpbl,New-Node_ikdivnwfrl,,544070990
UMLCloneNode,StoreServer,StoreServer_momvtivhwf,,519158377
Move_Operation_New_Component_New_Node,queryStockItem,New-Component_wkitulhpbl,New-Node_hjsyfsiqha,715205706
UMLCloneNode,BarCodeScanner_lrachxaicw,BarCodeScanner_lrachxaicw_djbudfnhmr,,240083238
Move_Component_New_Node,New-Component_wkitulhpbl,New-Node_ikdivnwfrl,,611738870
UMLCloneNode,EnterpriseServer,EnterpriseServer_opvlfhgjom,,467846114
Move_Operation_New_Component_New_Node,printRunningTotal,New-Component_vbzeoqdynw,New-Node_whytohpkzd,674578819
UMLCloneNode,BarCodeScanner_lrachxaicw,BarCodeScanner_lrachxaicw_djbudfnhmr,,223136763
Move_Operation_New_Component_New_Node,saleStartedEvent,New-Component_lvruokzspx,New-Node_kxlgwevlzn,1062676260
UMLCloneNode,CashBox,CashBox_fjzjauyeip,,549536387
Move_Operation_New_Component_New_Node,queryStockItem,New-Component_wkitulhpbl,New-Node_hjsyfsiqha,674482097
Move_Operation_New_Component_New_Node,getEnterpriseByID,New-Component_dfcwzhjwdf,New-Node_nrxqfmmsbm,667450663
Move_Component_New_Node,New-Component_wkitulhpbl,New-Node_ikdivnwfrl,,517533291
UMLCloneNode,CashBox,CashBox_fjzjauyeip,,562017110
Move_Operation_New_Component_New_Node,queryStockItem,New-Component_wkitulhpbl,New-Node_hjsyfsiqha,705211857
UMLCloneNode,BarCodeScanner_lrachxaicw,BarCodeScanner_lrachxaicw_djbudfnhmr,,226028004
Move_Operation_New_Component_New_Node,saleStartedEvent,New-Component_lvruokzspx,New-Node_kxlgwevlzn,665482783
UMLCloneNode,BarCodeScanner,BarCodeScanner_lrachxaicw,,510059066
Move_Operation_New_Component_New_Node,queryStockItem,New-Component_wkitulhpbl,New-Node_hjsyfsiqha,638240783
UMLCloneNode,BarCodeScanner_lrachxaicw,BarCodeScanner_lrachxaicw_djbudfnhmr,,484185502
Move_Component_New_Node,New-Component_wkitulhpbl,New-Node_ikdivnwfrl,,486402809
Move_Operation_New_Component_New_Node,createReport,New-Component_lvehxrjpaz,New-Node_cvpwogjbpe,693477475
Move_Operation_Component,startSale,Reporting,,338287165
Move_Component_New_Node,ScannerController,New-Node_jvsqivwwcj,,532871400
UMLCloneNode,EnterpriseServer,EnterpriseServer_ssthnlopos,,471942976
Move_Operation_New_Component_New_Node,getTransaction,New-Component_qhfbsqyxfw,New-Node_imsevpevnw,788151943
Move_Operation_New_Component_New_Node,queryStockItem,New-Component_wkitulhpbl,New-Node_hjsyfsiqha,670045118
UMLCloneNode,BarCodeScanner_lrachxaicw,BarCodeScanner_lrachxaicw_djbudfnhmr,,217944166
Move_Component_New_Node,New-Component_wkitulhpbl,New-Node_ikdivnwfrl,,540895365
UMLCloneNode,EnterpriseClient,EnterpriseClient_ybspcfiwqy,,573074924
Move_Operation_New_Component_New_Node,getEnterpriseByID,New-Component_sxlvfntpzz,New-Node_kmdsuazozs,766328523
UMLCloneNode,BarCodeScanner_lrachxaicw,BarCodeScanner_lrachxaicw_djbudfnhmr,,198482534
Move_Operation_New_Component_New_Node,saleStartedEvent,New-Component_lvruokzspx,New-Node_kxlgwevlzn,653576879
Move_Operation_Component,enterOrderID,CashDeskGUI,,288089622
Move_Operation_New_Component_New_Node,getEnterpriseByID,New-Component_sxlvfntpzz,New-Node_kmdsuazozs,643988640
Move_Operation_New_Component_New_Node,getEnterpriseByID,New-Component_dfcwzhjwdf,New-Node_nrxqfmmsbm,678212251
Move_Component_New_Node,Inventory,New-Node_hvikwaxuox,,522857824
Move_Operation_New_Component_New_Node,createReport,New-Component_lvehxrjpaz,New-Node_cvpwogjbpe,657032068
Move_Operation_Component,startSale,Reporting,,277561561
Move_Component_New_Node,ScannerController,New-Node_jvsqivwwcj,,653715879
UMLCloneNode,EnterpriseServer,EnterpriseServer_ssthnlopos,,809838297
Move_Operation_Component,enterOrderID,CashDeskGUI,,293460373
Move_Operation_New_Component_New_Node,getEnterpriseByID,New-Component_sxlvfntpzz,New-Node_kmdsuazozs,688404362
UMLCloneNode,BarCodeScanner_lrachxaicw,BarCodeScanner_lrachxaicw_djbudfnhmr,,227486748
Move_Operation_New_Component_New_Node,saleStartedEvent,New-Component_lvruokzspx,New-Node_kxlgwevlzn,706681332
UMLCloneNode,EnterpriseServer,EnterpriseServer_xjhdgwbejk,,501222416
Move_Operation_Component,getTransaction,Inventory,,264620297
Move_Operation_New_Component_New_Node,getEnterpriseByID,New-Component_dfcwzhjwdf,New-Node_nrxqfmmsbm,649411769
Move_Component_New_Node,New-Component_wkitulhpbl,New-Node_ikdivnwfrl,,253049139
Move_Operation_New_Component_New_Node,getTransaction,New-Component_qhfbsqyxfw,New-Node_imsevpevnw,742781512
Move_Operation_New_Component_New_Node,queryStockItem,New-Component_wkitulhpbl,New-Node_hjsyfsiqha,656419689
UMLCloneNode,BarCodeScanner_lrachxaicw,BarCodeScanner_lrachxaicw_djbudfnhmr,,205268529
Move_Component_New_Node,New-Component_wkitulhpbl,New-Node_ikdivnwfrl,,614000051
UMLCloneNode,CashBox,CashBox_fjzjauyeip,,496613545
Move_Operation_New_Component_New_Node,queryStockItem,New-Component_wkitulhpbl,New-Node_hjsyfsiqha,656742464
Move_Operation_New_Component_New_Node,getEnterpriseByID,New-Component_dfcwzhjwdf,New-Node_nrxqfmmsbm,696032705
Move_Operation_New_Component_New_Node,saleStartedEvent,New-Component_lvruokzspx,New-Node_kxlgwevlzn,692113617
UMLCloneNode,CashBox,CashBox_fjzjauyeip,,501833362
Move_Operation_Component,getTransaction,Inventory,,286030802
Move_Operation_New_Component_New_Node,getEnterpriseByID,New-Component_dfcwzhjwdf,New-Node_nrxqfmmsbm,706906504
Move_Operation_New_Component_New_Node,saleStartedEvent,New-Component_lvruokzspx,New-Node_kxlgwevlzn,679766205
UMLCloneNode,CashBox,CashBox_fjzjauyeip,,531552998
UMLCloneNode,EnterpriseClient,EnterpriseClient_myvpdbrfvb,,590314378
UMLCloneNode,BarCodeScanner_lrachxaicw,BarCodeScanner_lrachxaicw_djbudfnhmr,,276321286
Move_Component_New_Node,New-Component_wkitulhpbl,New-Node_ikdivnwfrl,,265992109
Move_Operation_Component,enterOrderID,CashDeskGUI,,303052890
Move_Operation_New_Component_New_Node,getEnterpriseByID,New-Component_sxlvfntpzz,New-Node_kmdsuazozs,780228577
Move_Operation_New_Component_New_Node,getMeanTimeToDeliveryReport,New-Component_cjveuibywr,New-Node_emtvniwzgd,641901006
Move_Operation_New_Component_New_Node,createReport,New-Component_vaihnrjfhc,New-Node_gvpugzltev,805540037
UMLCloneNode,New-Node_fczdjbxsnu,New-Node_fczdjbxsnu_cvvlsrzmhs,,215144166
Move_Operation_New_Component_New_Node,queryStockItem,New-Component_wkitulhpbl,New-Node_hjsyfsiqha,1138925562
UMLCloneNode,BarCodeScanner_lrachxaicw,BarCodeScanner_lrachxaicw_djbudfnhmr,,222329919
Move_Component_New_Node,New-Component_wkitulhpbl,New-Node_ikdivnwfrl,,549431632
UMLCloneNode,CashBox,CashBox_fjzjauyeip,,512109050
Move_Operation_New_Component_New_Node,printRunningTotal,New-Component_vbzeoqdynw,New-Node_whytohpkzd,657076852
UMLCloneNode,BarCodeScanner_lrachxaicw,BarCodeScanner_lrachxaicw_djbudfnhmr,,214426921
Move_Component_New_Node,New-Component_wkitulhpbl,New-Node_ikdivnwfrl,,221482571
UMLCloneNode,EnterpriseClient,EnterpriseClient_ybspcfiwqy,,603016957
Move_Operation_New_Component_New_Node,getEnterpriseByID,New-Component_sxlvfntpzz,New-Node_kmdsuazozs,728912326
Move_Operation_Component,queryStockItem,ScannerController,,301824767
Move_Operation_New_Component_New_Node,saleStartedEvent,New-Component_lvruokzspx,New-Node_kxlgwevlzn,746714928
UMLCloneNode,CashBox,CashBox_fjzjauyeip,,535090841
Move_Operation_New_Component_New_Node,queryStockItem,New-Component_wkitulhpbl,New-Node_hjsyfsiqha,675896529
Move_Operation_New_Component_New_Node,getEnterpriseByID,New-Component_dfcwzhjwdf,New-Node_nrxqfmmsbm,683832660
Move_Operation_New_Component_New_Node,saleStartedEvent,New-Component_lvruokzspx,New-Node_kxlgwevlzn,747776608
UMLCloneNode,CashBox,CashBox_fjzjauyeip,,503904015
Move_Operation_New_Component_New_Node,queryStockItem,New-Component_wkitulhpbl,New-Node_hjsyfsiqha,675327332
Move_Operation_New_Component_New_Node,saleStartedEvent,New-Component_xubtpcljxy,New-Node_quzqvwzmgo,813258109
Move_Operation_New_Component_New_Node,saleStartedEvent,New-Component_lvruokzspx,New-Node_kxlgwevlzn,772883455
UMLCloneNode,EnterpriseServer,EnterpriseServer_opvlfhgjom,,568890948
Move_Operation_New_Component_New_Node,printRunningTotal,New-Component_vbzeoqdynw,New-Node_whytohpkzd,686126661
UMLCloneNode,BarCodeScanner_lrachxaicw,BarCodeScanner_lrachxaicw_djbudfnhmr,,264014791
Move_Component_New_Node,New-Component_wkitulhpbl,New-Node_ikdivnwfrl,,266131149
UMLCloneNode,BarCodeScanner,BarCodeScanner_lrachxaicw,,513132879
Move_Operation_New_Component_New_Node,queryStockItem,New-Component_wkitulhpbl,New-Node_hjsyfsiqha,654237738
UMLCloneNode,BarCodeScanner_lrachxaicw,BarCodeScanner_lrachxaicw_djbudfnhmr,,460523765
Move_Component_New_Node,New-Component_wkitulhpbl,New-Node_ikdivnwfrl,,552395558
Move_Operation_New_Component_New_Node,startSale,New-Component_zoaukyimmd,New-Node_htpwhydryw,625258270
Move_Operation_New_Component_New_Node,queryStockItem,New-Component_wkitulhpbl,New-Node_hjsyfsiqha,579414281
Move_Operation_New_Component_New_Node,getEnterpriseByID,New-Component_dfcwzhjwdf,New-Node_nrxqfmmsbm,574759793
Move_Component_New_Node,New-Component_wkitulhpbl,New-Node_ikdivnwfrl,,466690538
UMLCloneNode,CashBox,CashBox_fjzjauyeip,,483758360
Move_Operation_New_Component_New_Node,queryStockItem,New-Component_wkitulhpbl,New-Node_hjsyfsiqha,808931296
Move_Operation_New_Component_New_Node,getEnterpriseByID,New-Component_dfcwzhjwdf,New-Node_nrxqfmmsbm,1095190766
Move_Operation_New_Component_New_Node,saleStartedEvent,New-Component_lvruokzspx,New-Node_kxlgwevlzn,667825405
UMLCloneNode,CashBox,CashBox_fjzjauyeip,,482851340
Move_Operation_New_Component_New_Node,queryStockItem,New-Component_wkitulhpbl,New-Node_hjsyfsiqha,720504572
Move_Operation_New_Component_New_Node,getEnterpriseByID,New-Component_dfcwzhjwdf,New-Node_nrxqfmmsbm,663699759
Move_Component_New_Node,New-Component_wkitulhpbl,New-Node_ikdivnwfrl,,530930711
UMLCloneNode,CashBox,CashBox_fjzjauyeip,,504461901
Move_Operation_New_Component_New_Node,printRunningTotal,New-Component_vbzeoqdynw,New-Node_whytohpkzd,655763228
UMLCloneNode,BarCodeScanner_lrachxaicw,BarCodeScanner_lrachxaicw_djbudfnhmr,,214155031
Move_Component_New_Node,New-Component_wkitulhpbl,New-Node_ikdivnwfrl,,194672961
Move_Operation_New_Component_New_Node,getTransaction,New-Component_qhfbsqyxfw,New-Node_imsevpevnw,715560762
Move_Operation_New_Component_New_Node,queryStockItem,New-Component_wkitulhpbl,New-Node_hjsyfsiqha,683426999
UMLCloneNode,BarCodeScanner_lrachxaicw,BarCodeScanner_lrachxaicw_djbudfnhmr,,219208477
Move_Component_New_Node,New-Component_wkitulhpbl,New-Node_ikdivnwfrl,,526980525
UMLCloneNode,CashBox,CashBox_fjzjauyeip,,507252644
UMLCloneNode,EnterpriseClient,EnterpriseClient_myvpdbrfvb,,470666964
UMLCloneNode,BarCodeScanner_lrachxaicw,BarCodeScanner_lrachxaicw_djbudfnhmr,,222186170
Move_Component_New_Node,New-Component_wkitulhpbl,New-Node_ikdivnwfrl,,238728016
UMLCloneNode,CashBox,CashBox_fjzjauyeip,,473017932
Move_Operation_New_Component_New_Node,printRunningTotal,New-Component_vbzeoqdynw,New-Node_whytohpkzd,641040152
UMLCloneNode,BarCodeScanner_lrachxaicw,BarCodeScanner_lrachxaicw_djbudfnhmr,,232918112
Move_Component_New_Node,New-Component_wkitulhpbl,New-Node_ikdivnwfrl,,220670769
UMLCloneNode,CashBox,CashBox_fjzjauyeip,,510518227
Move_Operation_New_Component_New_Node,queryStockItem,New-Component_wkitulhpbl,New-Node_hjsyfsiqha,651420095
Move_Operation_New_Component_New_Node,getEnterpriseByID,New-Component_dfcwzhjwdf,New-Node_nrxqfmmsbm,652728427
Move_Operation_New_Component_New_Node,saleStartedEvent,New-Component_lvruokzspx,New-Node_kxlgwevlzn,687735097
Move_Operation_New_Component_New_Node,enterOrderID,New-Component_ykorzyazml,New-Node_ydzfefmznb,711045425
Move_Operation_New_Component_New_Node,queryStockItem,New-Component_wkitulhpbl,New-Node_hjsyfsiqha,671173063
UMLCloneNode,BarCodeScanner_lrachxaicw,BarCodeScanner_lrachxaicw_djbudfnhmr,,241542434
Move_Component_New_Node,New-Component_wkitulhpbl,New-Node_ikdivnwfrl,,608702106
Move_Operation_Component,printRunningTotal,GUIStore,,271106508
Move_Operation_New_Component_New_Node,queryStockItem,New-Component_wkitulhpbl,New-Node_hjsyfsiqha,734499442
Move_Operation_New_Component_New_Node,getEnterpriseByID,New-Component_dfcwzhjwdf,New-Node_nrxqfmmsbm,785350921
Move_Component_New_Node,Inventory,New-Node_hvikwaxuox,,586527027
UMLCloneNode,CashBox,CashBox_fjzjauyeip,,596124553
Move_Operation_New_Component_New_Node,queryStockItem,New-Component_wkitulhpbl,New-Node_hjsyfsiqha,681053068
UMLCloneNode,BarCodeScanner_lrachxaicw,BarCodeScanner_lrachxaicw_djbudfnhmr,,232372530
Move_Component_New_Node,New-Component_wkitulhpbl,New-Node_ikdivnwfrl,,675799567
UMLCloneNode,New-Node_hfapsqbjad,New-Node_hfapsqbjad_elttgoerln,,227645166
Move_Operation_New_Component_New_Node,queryStockItem,New-Component_wkitulhpbl,New-Node_hjsyfsiqha,654550183
UMLCloneNode,BarCodeScanner_lrachxaicw,BarCodeScanner_lrachxaicw_djbudfnhmr,,216251242
Move_Component_New_Node,New-Component_wkitulhpbl,New-Node_ikdivnwfrl,,514732138
UMLCloneNode,CashBox,CashBox_fjzjauyeip,,581146298
Move_Operation_New_Component_New_Node,queryStockItem,New-Component_wkitulhpbl,New-Node_hjsyfsiqha,643635919
Move_Operation_New_Component_New_Node,getEnterpriseByID,New-Component_dfcwzhjwdf,New-Node_nrxqfmmsbm,649231491
Move_Component_New_Node,New-Component_wkitulhpbl,New-Node_ikdivnwfrl,,527118393
UMLCloneNode,EnterpriseServer,EnterpriseServer_opvlfhgjom,,512565807
Move_Operation_New_Component_New_Node,printRunningTotal,New-Component_vbzeoqdynw,New-Node_whytohpkzd,709691867
UMLCloneNode,BarCodeScanner_lrachxaicw,BarCodeScanner_lrachxaicw_djbudfnhmr,,227447506
Move_Component_New_Node,New-Component_wkitulhpbl,New-Node_ikdivnwfrl,,241258682
UMLCloneNode,New-Node_vkrmgnxlce,New-Node_vkrmgnxlce_fdtmhfxtox,,269721612
Move_Operation_New_Component_New_Node,queryStockItem,New-Component_wkitulhpbl,New-Node_hjsyfsiqha,593586944
UMLCloneNode,BarCodeScanner_lrachxaicw,BarCodeScanner_lrachxaicw_djbudfnhmr,,189175985
Move_Component_New_Node,New-Component_wkitulhpbl,New-Node_ikdivnwfrl,,471881311
Move_Operation_New_Component_New_Node,enterOrderID,New-Component_ykorzyazml,New-Node_ydzfefmznb,781548442
Move_Operation_New_Component_New_Node,queryStockItem,New-Component_wkitulhpbl,New-Node_hjsyfsiqha,715650269
UMLCloneNode,BarCodeScanner_lrachxaicw,BarCodeScanner_lrachxaicw_djbudfnhmr,,247791411
Move_Component_New_Node,New-Component_wkitulhpbl,New-Node_ikdivnwfrl,,432735791
UMLCloneNode,CashBox,CashBox_fjzjauyeip,,541324400
Move_Operation_New_Component_New_Node,queryStockItem,New-Component_wkitulhpbl,New-Node_hjsyfsiqha,673389980
Move_Operation_New_Component_New_Node,getEnterpriseByID,New-Component_dfcwzhjwdf,New-Node_nrxqfmmsbm,695849592
Move_Component_New_Node,Inventory,New-Node_hvikwaxuox,,554615832
Move_Component_New_Node,ScannerController,New-Node_cjptsquqlg,,561845208
Move_Operation_New_Component_New_Node,getMeanTimeToDelivery,New-Component_igewqpqqwa,New-Node_pwbrihffcs,698438617
Move_Operation_New_Component_New_Node,getEnterpriseByID,New-Component_dfcwzhjwdf,New-Node_nrxqfmmsbm,667074527
Move_Operation_New_Component_New_Node,saleStartedEvent,New-Component_lvruokzspx,New-Node_kxlgwevlzn,677896229
UMLCloneNode,EnterpriseServer,EnterpriseServer_opvlfhgjom,,544444521
Move_Operation_New_Component_New_Node,printRunningTotal,New-Component_vbzeoqdynw,New-Node_whytohpkzd,686426053
UMLCloneNode,LightDisplay,LightDisplay_tvniizpaqk,,488699355
Move_Component_New_Node,New-Component_wkitulhpbl,New-Node_ikdivnwfrl,,216012724
UMLCloneNode,EnterpriseServer,EnterpriseServer_opvlfhgjom,,536095024
Move_Operation_New_Component_New_Node,printRunningTotal,New-Component_vbzeoqdynw,New-Node_whytohpkzd,764400338
Move_Operation_Component,queryStockItem,ScannerController,,294880415
Move_Operation_New_Component_New_Node,saleStartedEvent,New-Component_lvruokzspx,New-Node_kxlgwevlzn,767455898
UMLCloneNode,EnterpriseClient,EnterpriseClient_ybspcfiwqy,,608985518
Move_Operation_New_Component_New_Node,getEnterpriseByID,New-Component_sxlvfntpzz,New-Node_kmdsuazozs,872215648
UMLCloneNode,BarCodeScanner_lrachxaicw,BarCodeScanner_lrachxaicw_djbudfnhmr,,250085402
Move_Operation_New_Component_New_Node,saleStartedEvent,New-Component_lvruokzspx,New-Node_kxlgwevlzn,606771506
UMLCloneNode,New-Node_vkrmgnxlce,New-Node_vkrmgnxlce_fdtmhfxtox,,280652226
Move_Operation_New_Component_New_Node,queryStockItem,New-Component_wkitulhpbl,New-Node_hjsyfsiqha,618907963
UMLCloneNode,BarCodeScanner_lrachxaicw,BarCodeScanner_lrachxaicw_djbudfnhmr,,217900755
Move_Component_New_Node,New-Component_wkitulhpbl,New-Node_ikdivnwfrl,,525519224
UMLCloneNode,CashBox,CashBox_fjzjauyeip,,565850738
Move_Operation_New_Component_New_Node,queryStockItem,New-Component_wkitulhpbl,New-Node_hjsyfsiqha,670648880
UMLCloneNode,BarCodeScanner_lrachxaicw,BarCodeScanner_lrachxaicw_djbudfnhmr,,223599400
Move_Operation_New_Component_New_Node,saleStartedEvent,New-Component_lvruokzspx,New-Node_kxlgwevlzn,816900248
UMLCloneNode,EnterpriseClient,EnterpriseClient_ybspcfiwqy,,372862315
Move_Operation_New_Component_New_Node,getEnterpriseByID,New-Component_sxlvfntpzz,New-Node_kmdsuazozs,547765958
UMLCloneNode,BarCodeScanner_lrachxaicw,BarCodeScanner_lrachxaicw_djbudfnhmr,,212885491
Move_Operation_New_Component_New_Node,saleStartedEvent,New-Component_lvruokzspx,New-Node_kxlgwevlzn,578507821
UMLCloneNode,EnterpriseServer,EnterpriseServer_opvlfhgjom,,564703898
Move_Operation_New_Component_New_Node,printRunningTotal,New-Component_vbzeoqdynw,New-Node_whytohpkzd,643786932
UMLCloneNode,BarCodeScanner_lrachxaicw,BarCodeScanner_lrachxaicw_djbudfnhmr,,209271674
Move_Component_New_Node,New-Component_wkitulhpbl,New-Node_ikdivnwfrl,,262875675
UMLCloneNode,EnterpriseClient,EnterpriseClient_ybspcfiwqy,,594308928
Move_Operation_New_Component_New_Node,getEnterpriseByID,New-Component_sxlvfntpzz,New-Node_kmdsuazozs,790087152
Move_Operation_Component,queryStockItem,ScannerController,,715868409
Move_Operation_New_Component_New_Node,saleStartedEvent,New-Component_lvruokzspx,New-Node_kxlgwevlzn,693696726
UMLCloneNode,CashBox,CashBox_fjzjauyeip,,532435042
Move_Operation_New_Component_New_Node,queryStockItem,New-Component_wkitulhpbl,New-Node_hjsyfsiqha,703684002
Move_Operation_New_Component_New_Node,getEnterpriseByID,New-Component_dfcwzhjwdf,New-Node_nrxqfmmsbm,678075124
Move_Component_New_Node,New-Component_wkitulhpbl,New-Node_ikdivnwfrl,,437689179
UMLCloneNode,BarCodeScanner,BarCodeScanner_lrachxaicw,,490781951
Move_Operation_New_Component_New_Node,queryStockItem,New-Component_wkitulhpbl,New-Node_hjsyfsiqha,654707479
UMLCloneNode,BarCodeScanner_lrachxaicw,BarCodeScanner_lrachxaicw_djbudfnhmr,,455412140
Move_Component_New_Node,New-Component_wkitulhpbl,New-Node_ikdivnwfrl,,539088678
Move_Operation_New_Component_New_Node,startSale,New-Component_zoaukyimmd,New-Node_htpwhydryw,715183675
Move_Operation_New_Component_New_Node,queryStockItem,New-Component_wkitulhpbl,New-Node_hjsyfsiqha,658227599
Move_Operation_New_Component_New_Node,getEnterpriseByID,New-Component_dfcwzhjwdf,New-Node_nrxqfmmsbm,646631957
Move_Component_New_Node,New-Component_wkitulhpbl,New-Node_ikdivnwfrl,,555714892
Move_Operation_Component,enterOrderID,CashDeskGUI,,356621172
Move_Operation_New_Component_New_Node,getEnterpriseByID,New-Component_sxlvfntpzz,New-Node_kmdsuazozs,669634628
Move_Operation_New_Component_New_Node,getMeanTimeToDeliveryReport,New-Component_cjveuibywr,New-Node_emtvniwzgd,753659518
Move_Operation_New_Component_New_Node,createReport,New-Component_vaihnrjfhc,New-Node_gvpugzltev,785199728
Move_Operation_New_Component_New_Node,startSale,New-Component_zoaukyimmd,New-Node_htpwhydryw,672995910
Move_Operation_New_Component_New_Node,queryStockItem,New-Component_wkitulhpbl,New-Node_hjsyfsiqha,776371094
Move_Operation_New_Component_New_Node,getEnterpriseByID,New-Component_dfcwzhjwdf,New-Node_nrxqfmmsbm,748443919
Move_Component_New_Node,New-Component_wkitulhpbl,New-Node_ikdivnwfrl,,674064704
Move_Operation_New_Component_New_Node,queryOrderById,New-Component_nxckkcugkt,New-Node_kgzbuixaej,723428865
Move_Operation_New_Component_New_Node,queryStockItem,New-Component_wkitulhpbl,New-Node_hjsyfsiqha,735884189
Move_Operation_New_Component_New_Node,getEnterpriseByID,New-Component_dfcwzhjwdf,New-Node_nrxqfmmsbm,833391189
Move_Component_New_Node,Inventory,New-Node_hvikwaxuox,,611345683
UMLCloneNode,New-Node_vkrmgnxlce,New-Node_vkrmgnxlce_fdtmhfxtox,,286228492
Move_Operation_New_Component_New_Node,queryStockItem,New-Component_wkitulhpbl,New-Node_hjsyfsiqha,660443083
UMLCloneNode,BarCodeScanner_lrachxaicw,BarCodeScanner_lrachxaicw_djbudfnhmr,,214509045
Move_Component_New_Node,New-Component_wkitulhpbl,New-Node_ikdivnwfrl,,513880030
UMLCloneNode,EnterpriseClient,EnterpriseClient_ybspcfiwqy,,527883397
Move_Operation_New_Component_New_Node,getEnterpriseByID,New-Component_sxlvfntpzz,New-Node_kmdsuazozs,783496855
UMLCloneNode,BarCodeScanner_lrachxaicw,BarCodeScanner_lrachxaicw_djbudfnhmr,,246534805
Move_Operation_New_Component_New_Node,saleStartedEvent,New-Component_lvruokzspx,New-Node_kxlgwevlzn,664894510
Move_Operation_Component,getProductWithStockItem,DataStore,,395938514
Move_Operation_New_Component_New_Node,queryStockItem,New-Component_wkitulhpbl,New-Node_hjsyfsiqha,746692425
Move_Operation_New_Component_New_Node,getEnterpriseByID,New-Component_dfcwzhjwdf,New-Node_nrxqfmmsbm,699735789
Move_Component_New_Node,New-Component_wkitulhpbl,New-Node_ikdivnwfrl,,522419192
UMLCloneNode,CashBox,CashBox_fjzjauyeip,,503821741
Move_Operation_New_Component_New_Node,queryStockItem,New-Component_wkitulhpbl,New-Node_hjsyfsiqha,668099970
Move_Operation_New_Component_New_Node,getEnterpriseByID,New-Component_dfcwzhjwdf,New-Node_nrxqfmmsbm,763993745
Move_Operation_New_Component_New_Node,saleStartedEvent,New-Component_lvruokzspx,New-Node_kxlgwevlzn,779047562
UMLCloneNode,EnterpriseServer,EnterpriseServer_opvlfhgjom,,466210278
UMLCloneNode,LightDisplay,LightDisplay_cmdlvbybzv,,457703887
UMLCloneNode,LightDisplay,LightDisplay_tvniizpaqk,,455327742
Move_Component_New_Node,New-Component_wkitulhpbl,New-Node_ikdivnwfrl,,219909762
UMLCloneNode,CashBox,CashBox_fjzjauyeip,,511305863
Move_Operation_New_Component_New_Node,queryStockItem,New-Component_wkitulhpbl,New-Node_hjsyfsiqha,703074168
Move_Operation_New_Component_New_Node,getEnterpriseByID,New-Component_dfcwzhjwdf,New-Node_nrxqfmmsbm,704099411
Move_Component_New_Node,Inventory,New-Node_hvikwaxuox,,558656488
Move_Operation_New_Component_New_Node,enterOrderID,New-Component_ykorzyazml,New-Node_ydzfefmznb,760091609
Move_Operation_New_Component_New_Node,queryStockItem,New-Component_wkitulhpbl,New-Node_hjsyfsiqha,735805812
UMLCloneNode,BarCodeScanner_lrachxaicw,BarCodeScanner_lrachxaicw_djbudfnhmr,,247299438
Move_Component_New_Node,New-Component_wkitulhpbl,New-Node_ikdivnwfrl,,611081428
UMLCloneNode,EnterpriseClient,EnterpriseClient_ybspcfiwqy,,479655799
Move_Operation_New_Component_New_Node,getEnterpriseByID,New-Component_sxlvfntpzz,New-Node_kmdsuazozs,593461359
Move_Operation_Component,productBarCodeScannedEvent,GUIReporting,,288954474
Move_Operation_New_Component_New_Node,saleStartedEvent,New-Component_lvruokzspx,New-Node_kxlgwevlzn,634387728
UMLCloneNode,StoreServer,StoreServer_mykqbcitxw,,489311914
Move_Operation_New_Component_New_Node,queryStockItem,New-Component_wkitulhpbl,New-Node_hjsyfsiqha,657944488
UMLCloneNode,BarCodeScanner_lrachxaicw,BarCodeScanner_lrachxaicw_djbudfnhmr,,215450821
Move_Component_New_Node,New-Component_wkitulhpbl,New-Node_ikdivnwfrl,,523102012
UMLCloneNode,EnterpriseClient,EnterpriseClient_ybspcfiwqy,,970630570
Move_Operation_New_Component_New_Node,getEnterpriseByID,New-Component_sxlvfntpzz,New-Node_kmdsuazozs,691367919
Move_Operation_Component,queryStockItem,ScannerController,,259739334
Move_Operation_New_Component_New_Node,saleStartedEvent,New-Component_lvruokzspx,New-Node_kxlgwevlzn,700200390
UMLCloneNode,CashBox,CashBox_fjzjauyeip,,514683957
UMLCloneNode,EnterpriseClient,EnterpriseClient_myvpdbrfvb,,507280837
UMLCloneNode,BarCodeScanner_lrachxaicw,BarCodeScanner_lrachxaicw_djbudfnhmr,,251345275
Move_Component_New_Node,New-Component_wkitulhpbl,New-Node_ikdivnwfrl,,254573988
UMLCloneNode,CashBox,CashBox_fjzjauyeip,,540144838
UMLCloneNode,EnterpriseClient,EnterpriseClient_myvpdbrfvb,,446084280
UMLCloneNode,BarCodeScanner_lrachxaicw,BarCodeScanner_lrachxaicw_djbudfnhmr,,218163427
Move_Component_New_Node,New-Component_wkitulhpbl,New-Node_ikdivnwfrl,,235287075
UMLCloneNode,CashBox,CashBox_fjzjauyeip,,487083315
Move_Operation_New_Component_New_Node,queryStockItem,New-Component_wkitulhpbl,New-Node_hjsyfsiqha,665381753
Move_Operation_New_Component_New_Node,getEnterpriseByID,New-Component_dfcwzhjwdf,New-Node_nrxqfmmsbm,755957838
Move_Operation_New_Component_New_Node,saleStartedEvent,New-Component_lvruokzspx,New-Node_kxlgwevlzn,796065502
UMLCloneNode,EnterpriseClient,EnterpriseClient_ybspcfiwqy,,589223984
Move_Operation_New_Component_New_Node,getEnterpriseByID,New-Component_sxlvfntpzz,New-Node_kmdsuazozs,644686519
Move_Operation_Component,queryStockItem,ScannerController,,292867992
Move_Operation_New_Component_New_Node,saleStartedEvent,New-Component_lvruokzspx,New-Node_kxlgwevlzn,764218838
Move_Operation_New_Component_New_Node,enterOrderID,New-Component_exagjdaocs,New-Node_vtkhrtzyfr,731776537
Move_Operation_New_Component_New_Node,printRunningTotal,New-Component_vbzeoqdynw,New-Node_whytohpkzd,601204798
UMLCloneNode,BarCodeScanner_lrachxaicw,BarCodeScanner_lrachxaicw_djbudfnhmr,,195492257
Move_Component_New_Node,New-Component_wkitulhpbl,New-Node_ikdivnwfrl,,201798752
UMLCloneNode,CashBox,CashBox_fjzjauyeip,,511907952
Move_Operation_New_Component_New_Node,queryStockItem,New-Component_wkitulhpbl,New-Node_hjsyfsiqha,795833046
UMLCloneNode,BarCodeScanner_lrachxaicw,BarCodeScanner_lrachxaicw_djbudfnhmr,,248809771
Move_Operation_New_Component_New_Node,saleStartedEvent,New-Component_lvruokzspx,New-Node_kxlgwevlzn,737861386
UMLCloneNode,CashBox,CashBox_fjzjauyeip,,507644969
Move_Operation_New_Component_New_Node,queryStockItem,New-Component_wkitulhpbl,New-Node_hjsyfsiqha,689391102
UMLCloneNode,BarCodeScanner_lrachxaicw,BarCodeScanner_lrachxaicw_djbudfnhmr,,251685954
Move_Operation_New_Component_New_Node,saleStartedEvent,New-Component_lvruokzspx,New-Node_kxlgwevlzn,735469651
UMLCloneNode,CashBox,CashBox_fjzjauyeip,,481023393
Move_Operation_New_Component_New_Node,queryStockItem,New-Component_wkitulhpbl,New-Node_hjsyfsiqha,636678794
Move_Operation_New_Component_New_Node,getEnterpriseByID,New-Component_dfcwzhjwdf,New-Node_nrxqfmmsbm,1123486051
Move_Component_New_Node,New-Component_wkitulhpbl,New-Node_ikdivnwfrl,,548606564
Move_Operation_New_Component_New_Node,queryStockItem,New-Component_ythrjtjavv,New-Node_nijiyjictx,724074065
Move_Operation_New_Component_New_Node,queryStockItem,New-Component_wkitulhpbl,New-Node_hjsyfsiqha,657861653
UMLCloneNode,BarCodeScanner_lrachxaicw,BarCodeScanner_lrachxaicw_djbudfnhmr,,223355022
Move_Component_New_Node,New-Component_wkitulhpbl,New-Node_ikdivnwfrl,,539562396
UMLCloneNode,CashBox,CashBox_fjzjauyeip,,402594405
Move_Operation_New_Component_New_Node,queryStockItem,New-Component_wkitulhpbl,New-Node_hjsyfsiqha,549214775
Move_Operation_New_Component_New_Node,getEnterpriseByID,New-Component_dfcwzhjwdf,New-Node_nrxqfmmsbm,691079688
Move_Component_New_Node,Inventory,New-Node_hvikwaxuox,,516991995
Move_Operation_New_Component_New_Node,startSale,New-Component_zoaukyimmd,New-Node_htpwhydryw,803175614
Move_Operation_New_Component_New_Node,queryStockItem,New-Component_wkitulhpbl,New-Node_hjsyfsiqha,706795516
Move_Operation_New_Component_New_Node,getEnterpriseByID,New-Component_dfcwzhjwdf,New-Node_nrxqfmmsbm,750510854
Move_Component_New_Node,New-Component_wkitulhpbl,New-Node_ikdivnwfrl,,599342917
UMLCloneNode,LightDisplay,LightDisplay_qpuaxtyycs,,498035501
Move_Operation_New_Component_New_Node,queryStockItem,New-Component_wkitulhpbl,New-Node_hjsyfsiqha,651715249
Move_Operation_New_Component_New_Node,getEnterpriseByID,New-Component_dfcwzhjwdf,New-Node_nrxqfmmsbm,662810052
Move_Component_New_Node,Inventory,New-Node_hvikwaxuox,,615318272
UMLCloneNode,CashBox,CashBox_fjzjauyeip,,455252781
Move_Operation_New_Component_New_Node,printRunningTotal,New-Component_vbzeoqdynw,New-Node_whytohpkzd,701554058
UMLCloneNode,BarCodeScanner_lrachxaicw,BarCodeScanner_lrachxaicw_djbudfnhmr,,240605347
Move_Component_New_Node,New-Component_wkitulhpbl,New-Node_ikdivnwfrl,,274780397
UMLCloneNode,New-Node_okzckhewtg,New-Node_okzckhewtg_bikbunrmym,,274608965
Move_Operation_New_Component_New_Node,queryStockItem,New-Component_wkitulhpbl,New-Node_hjsyfsiqha,668942591
Move_Operation_New_Component_New_Node,getEnterpriseByID,New-Component_dfcwzhjwdf,New-Node_nrxqfmmsbm,666023106
Move_Component_New_Node,Inventory,New-Node_hvikwaxuox,,576733023
UMLCloneNode,New-Node_vkrmgnxlce,New-Node_vkrmgnxlce_fdtmhfxtox,,220547978
Move_Operation_New_Component_New_Node,queryStockItem,New-Component_wkitulhpbl,New-Node_hjsyfsiqha,674786208
UMLCloneNode,BarCodeScanner_lrachxaicw,BarCodeScanner_lrachxaicw_djbudfnhmr,,210778379
Move_Component_New_Node,New-Component_wkitulhpbl,New-Node_ikdivnwfrl,,534752748
Move_Operation_New_Component_New_Node,getMeanTimeToDelivery,New-Component_qkpfwanzic,New-Node_mxxoojkdio,1405268557
Move_Operation_New_Component_New_Node,printRunningTotal,New-Component_vbzeoqdynw,New-Node_whytohpkzd,729979909
UMLCloneNode,BarCodeScanner_lrachxaicw,BarCodeScanner_lrachxaicw_djbudfnhmr,,236909357
Move_Component_New_Node,New-Component_wkitulhpbl,New-Node_ikdivnwfrl,,238288773
Move_Operation_New_Component_New_Node,startSale,New-Component_zoaukyimmd,New-Node_htpwhydryw,664090171
Move_Operation_New_Component_New_Node,queryStockItem,New-Component_wkitulhpbl,New-Node_hjsyfsiqha,631393995
Move_Operation_New_Component_New_Node,getEnterpriseByID,New-Component_dfcwzhjwdf,New-Node_nrxqfmmsbm,642170671
Move_Component_New_Node,New-Component_wkitulhpbl,New-Node_ikdivnwfrl,,477484637
Move_Operation_New_Component_New_Node,enterOrderID,New-Component_exagjdaocs,New-Node_vtkhrtzyfr,700681332
Move_Operation_New_Component_New_Node,printRunningTotal,New-Component_vbzeoqdynw,New-Node_whytohpkzd,699757831
UMLCloneNode,BarCodeScanner_lrachxaicw,BarCodeScanner_lrachxaicw_djbudfnhmr,,248622158
Move_Component_New_Node,New-Component_wkitulhpbl,New-Node_ikdivnwfrl,,249255776
Move_Operation_New_Component_New_Node,enterOrderID,New-Component_ykorzyazml,New-Node_ydzfefmznb,638204575
Move_Operation_New_Component_New_Node,queryStockItem,New-Component_wkitulhpbl,New-Node_hjsyfsiqha,682911102
UMLCloneNode,BarCodeScanner_lrachxaicw,BarCodeScanner_lrachxaicw_djbudfnhmr,,213794014
Move_Component_New_Node,New-Component_wkitulhpbl,New-Node_ikdivnwfrl,,526978170
UMLCloneNode,New-Node_vkrmgnxlce,New-Node_vkrmgnxlce_fdtmhfxtox,,271363180
Move_Operation_New_Component_New_Node,queryStockItem,New-Component_wkitulhpbl,New-Node_hjsyfsiqha,652116991
UMLCloneNode,BarCodeScanner_lrachxaicw,BarCodeScanner_lrachxaicw_djbudfnhmr,,197350372
Move_Component_New_Node,New-Component_wkitulhpbl,New-Node_ikdivnwfrl,,530087671
UMLCloneNode,EnterpriseClient,EnterpriseClient_mubydalqjd,,485486361
Move_Operation_New_Component_New_Node,queryStockItem,New-Component_wkitulhpbl,New-Node_hjsyfsiqha,635318503
UMLCloneNode,BarCodeScanner_lrachxaicw,BarCodeScanner_lrachxaicw_djbudfnhmr,,226903966
Move_Operation_New_Component_New_Node,saleStartedEvent,New-Component_lvruokzspx,New-Node_kxlgwevlzn,634500069
Move_Operation_New_Component_New_Node,startSale,New-Component_zoaukyimmd,New-Node_htpwhydryw,735583044
Move_Operation_New_Component_New_Node,queryStockItem,New-Component_wkitulhpbl,New-Node_hjsyfsiqha,633564234
Move_Operation_New_Component_New_Node,getEnterpriseByID,New-Component_dfcwzhjwdf,New-Node_nrxqfmmsbm,651594552
Move_Component_New_Node,New-Component_wkitulhpbl,New-Node_ikdivnwfrl,,551539925
UMLCloneNode,CashBox,CashBox_fjzjauyeip,,460273325
Move_Operation_New_Component_New_Node,queryStockItem,New-Component_wkitulhpbl,New-Node_hjsyfsiqha,641263650
Move_Operation_New_Component_New_Node,getEnterpriseByID,New-Component_dfcwzhjwdf,New-Node_nrxqfmmsbm,664881646
Move_Operation_New_Component_New_Node,saleStartedEvent,New-Component_lvruokzspx,New-Node_kxlgwevlzn,667612045
Move_Operation_New_Component_New_Node,getMeanTimeToDelivery,New-Component_fneeprhbuq,New-Node_pqtxgzfjrk,644490962
Move_Operation_New_Component_New_Node,queryStockItem,New-Component_wkitulhpbl,New-Node_hjsyfsiqha,660942289
Move_Operation_New_Component_New_Node,getEnterpriseByID,New-Component_dfcwzhjwdf,New-Node_nrxqfmmsbm,1066631396
Move_Operation_New_Component_New_Node,saleStartedEvent,New-Component_lvruokzspx,New-Node_kxlgwevlzn,816695414
Move_Operation_New_Component_New_Node,enterOrderID,New-Component_exagjdaocs,New-Node_vtkhrtzyfr,735880432
Move_Operation_New_Component_New_Node,printRunningTotal,New-Component_vbzeoqdynw,New-Node_whytohpkzd,767310965
UMLCloneNode,BarCodeScanner_lrachxaicw,BarCodeScanner_lrachxaicw_djbudfnhmr,,233205111
Move_Component_New_Node,New-Component_wkitulhpbl,New-Node_ikdivnwfrl,,251426277
UMLCloneNode,EnterpriseServer,EnterpriseServer_opvlfhgjom,,561620556
Move_Operation_New_Component_New_Node,printRunningTotal,New-Component_vbzeoqdynw,New-Node_whytohpkzd,750422179
UMLCloneNode,BarCodeScanner_lrachxaicw,BarCodeScanner_lrachxaicw_djbudfnhmr,,215954866
Move_Component_New_Node,New-Component_wkitulhpbl,New-Node_ikdivnwfrl,,214150673
UMLCloneNode,CashBox,CashBox_fjzjauyeip,,527776236
Move_Operation_New_Component_New_Node,queryStockItem,New-Component_wkitulhpbl,New-Node_hjsyfsiqha,639322150
UMLCloneNode,BarCodeScanner_lrachxaicw,BarCodeScanner_lrachxaicw_djbudfnhmr,,205422788
Move_Operation_New_Component_New_Node,saleStartedEvent,New-Component_lvruokzspx,New-Node_kxlgwevlzn,693920014
UMLCloneNode,EnterpriseServer,EnterpriseServer_opvlfhgjom,,539021662
Move_Operation_New_Component_New_Node,printRunningTotal,New-Component_vbzeoqdynw,New-Node_whytohpkzd,749701447
UMLCloneNode,LightDisplay,LightDisplay_tvniizpaqk,,480969602
Move_Component_New_Node,New-Component_wkitulhpbl,New-Node_ikdivnwfrl,,270960254
UMLCloneNode,BarCodeScanner,BarCodeScanner_lrachxaicw,,496060368
Move_Operation_New_Component_New_Node,queryStockItem,New-Component_wkitulhpbl,New-Node_hjsyfsiqha,707956243
UMLCloneNode,BarCodeScanner_lrachxaicw,BarCodeScanner_lrachxaicw_djbudfnhmr,,456725363
Move_Component_New_Node,New-Component_wkitulhpbl,New-Node_ikdivnwfrl,,505840737
Move_Operation_New_Component_New_Node,enterOrderID,New-Component_ykorzyazml,New-Node_ydzfefmznb,663618968
Move_Operation_New_Component_New_Node,queryStockItem,New-Component_wkitulhpbl,New-Node_hjsyfsiqha,662631246
UMLCloneNode,BarCodeScanner_lrachxaicw,BarCodeScanner_lrachxaicw_djbudfnhmr,,223051653
Move_Component_New_Node,New-Component_wkitulhpbl,New-Node_ikdivnwfrl,,542505434
UMLCloneNode,EnterpriseServer,EnterpriseServer_opvlfhgjom,,563249901
UMLCloneNode,LightDisplay,LightDisplay_cmdlvbybzv,,466962858
UMLCloneNode,LightDisplay,LightDisplay_tvniizpaqk,,481421459
Move_Component_New_Node,New-Component_wkitulhpbl,New-Node_ikdivnwfrl,,218025669
Move_Operation_New_Component_New_Node,enterOrderID,New-Component_exagjdaocs,New-Node_vtkhrtzyfr,634250420
Move_Operation_New_Component_New_Node,printRunningTotal,New-Component_vbzeoqdynw,New-Node_whytohpkzd,1055106987
UMLCloneNode,BarCodeScanner_lrachxaicw,BarCodeScanner_lrachxaicw_djbudfnhmr,,238752012
Move_Component_New_Node,New-Component_wkitulhpbl,New-Node_ikdivnwfrl,,234338316
Move_Operation_New_Component_New_Node,getTransactionContext,New-Component_pjehgtwoit,New-Node_lubyzgtaoi,723777699
Move_Operation_New_Component_New_Node,queryStockItem,New-Component_wkitulhpbl,New-Node_hjsyfsiqha,788749324
UMLCloneNode,BarCodeScanner_lrachxaicw,BarCodeScanner_lrachxaicw_djbudfnhmr,,250776198
Move_Component_New_Node,New-Component_wkitulhpbl,New-Node_ikdivnwfrl,,640731513
UMLCloneNode,New-Node_vkrmgnxlce,New-Node_vkrmgnxlce_fdtmhfxtox,,268264048
Move_Operation_New_Component_New_Node,queryStockItem,New-Component_wkitulhpbl,New-Node_hjsyfsiqha,656029547
UMLCloneNode,BarCodeScanner_lrachxaicw,BarCodeScanner_lrachxaicw_djbudfnhmr,,247209469
Move_Component_New_Node,New-Component_wkitulhpbl,New-Node_ikdivnwfrl,,502776992
UMLCloneNode,CashBox,CashBox_fjzjauyeip,,474746433
Move_Operation_New_Component_New_Node,queryStockItem,New-Component_wkitulhpbl,New-Node_hjsyfsiqha,655303827
UMLCloneNode,BarCodeScanner_lrachxaicw,BarCodeScanner_lrachxaicw_djbudfnhmr,,207671243
Move_Operation_New_Component_New_Node,saleStartedEvent,New-Component_lvruokzspx,New-Node_kxlgwevlzn,636011523
UMLCloneNode,EnterpriseClient,EnterpriseClient_mubydalqjd,,501240420
Move_Operation_New_Component_New_Node,queryStockItem,New-Component_wkitulhpbl,New-Node_hjsyfsiqha,687303428
UMLCloneNode,BarCodeScanner_lrachxaicw,BarCodeScanner_lrachxaicw_djbudfnhmr,,222340079
Move_Operation_New_Component_New_Node,saleStartedEvent,New-Component_lvruokzspx,New-Node_kxlgwevlzn,765713721
Move_Operation_New_Component_New_Node,startSale,New-Component_zoaukyimmd,New-Node_htpwhydryw,732435242
Move_Operation_New_Component_New_Node,queryStockItem,New-Component_wkitulhpbl,New-Node_hjsyfsiqha,634300765
Move_Operation_New_Component_New_Node,getEnterpriseByID,New-Component_dfcwzhjwdf,New-Node_nrxqfmmsbm,638777208
Move_Component_New_Node,New-Component_wkitulhpbl,New-Node_ikdivnwfrl,,513379352
Move_Operation_New_Component_New_Node,startSale,New-Component_zoaukyimmd,New-Node_htpwhydryw,627756063
Move_Operation_New_Component_New_Node,queryStockItem,New-Component_wkitulhpbl,New-Node_hjsyfsiqha,557652576
Move_Operation_New_Component_New_Node,getEnterpriseByID,New-Component_dfcwzhjwdf,New-Node_nrxqfmmsbm,596269375
Move_Component_New_Node,New-Component_wkitulhpbl,New-Node_ikdivnwfrl,,576294831
Move_Operation_New_Component_New_Node,getMeanTimeToDeliveryReport,New-Component_ggssnguyrf,New-Node_whhvyxeeqm,794819355
UMLCloneNode,EnterpriseClient,EnterpriseClient_myvpdbrfvb,,563286920
UMLCloneNode,BarCodeScanner_lrachxaicw,BarCodeScanner_lrachxaicw_djbudfnhmr,,249192438
Move_Component_New_Node,New-Component_wkitulhpbl,New-Node_ikdivnwfrl,,257647742
UMLCloneNode,CashBox,CashBox_fjzjauyeip,,518346004
UMLCloneNode,EnterpriseClient,EnterpriseClient_myvpdbrfvb,,580345977
UMLCloneNode,BarCodeScanner_lrachxaicw,BarCodeScanner_lrachxaicw_djbudfnhmr,,265686064
Move_Component_New_Node,New-Component_wkitulhpbl,New-Node_ikdivnwfrl,,251691494
Move_Operation_New_Component_New_Node,startSale,New-Component_zoaukyimmd,New-Node_htpwhydryw,706924798
Move_Operation_New_Component_New_Node,queryStockItem,New-Component_wkitulhpbl,New-Node_hjsyfsiqha,657332050
Move_Operation_New_Component_New_Node,getEnterpriseByID,New-Component_dfcwzhjwdf,New-Node_nrxqfmmsbm,639116715
Move_Component_New_Node,New-Component_wkitulhpbl,New-Node_ikdivnwfrl,,508048396
UMLCloneNode,CashBox,CashBox_fjzjauyeip,,455296513
Move_Operation_New_Component_New_Node,queryStockItem,New-Component_wkitulhpbl,New-Node_hjsyfsiqha,631486318
Move_Operation_New_Component_New_Node,getEnterpriseByID,New-Component_dfcwzhjwdf,New-Node_nrxqfmmsbm,630376056
Move_Component_New_Node,Inventory,New-Node_hvikwaxuox,,504783795
Move_Operation_New_Component_New_Node,queryStockItem,New-Component_stujgufueg,New-Node_gohgunjhkg,762822240
Move_Operation_New_Component_New_Node,queryStockItem,New-Component_wkitulhpbl,New-Node_hjsyfsiqha,692678606
Move_Operation_New_Component_New_Node,getEnterpriseByID,New-Component_dfcwzhjwdf,New-Node_nrxqfmmsbm,781096965
Move_Component_New_Node,Inventory,New-Node_hvikwaxuox,,622879560
Move_Operation_New_Component_New_Node,startSale,New-Component_zoaukyimmd,New-Node_htpwhydryw,691158396
Move_Operation_New_Component_New_Node,queryStockItem,New-Component_wkitulhpbl,New-Node_hjsyfsiqha,635071711
Move_Operation_New_Component_New_Node,getEnterpriseByID,New-Component_dfcwzhjwdf,New-Node_nrxqfmmsbm,639430744
Move_Component_New_Node,New-Component_wkitulhpbl,New-Node_ikdivnwfrl,,522523728
UMLCloneNode,CashBox,CashBox_fjzjauyeip,,494700228
Move_Operation_New_Component_New_Node,queryStockItem,New-Component_wkitulhpbl,New-Node_hjsyfsiqha,653341547
UMLCloneNode,BarCodeScanner_lrachxaicw,BarCodeScanner_lrachxaicw_djbudfnhmr,,211198417
Move_Operation_New_Component_New_Node,saleStartedEvent,New-Component_lvruokzspx,New-Node_kxlgwevlzn,658804100
Move_Operation_New_Component_New_Node,getMeanTimeToDeliveryReport,New-Component_ggssnguyrf,New-Node_whhvyxeeqm,743767871
UMLCloneNode,EnterpriseClient,EnterpriseClient_myvpdbrfvb,,479799768
UMLCloneNode,BarCodeScanner_lrachxaicw,BarCodeScanner_lrachxaicw_djbudfnhmr,,228953389
Move_Component_New_Node,New-Component_wkitulhpbl,New-Node_ikdivnwfrl,,236846959
Move_Operation_New_Component_New_Node,enterOrderID,New-Component_ykorzyazml,New-Node_ydzfefmznb,743746502
Move_Operation_New_Component_New_Node,queryStockItem,New-Component_wkitulhpbl,New-Node_hjsyfsiqha,681630240
UMLCloneNode,BarCodeScanner_lrachxaicw,BarCodeScanner_lrachxaicw_djbudfnhmr,,224536387
Move_Component_New_Node,New-Component_wkitulhpbl,New-Node_ikdivnwfrl,,565338097
Move_Operation_New_Component_New_Node,getMeanTimeToDelivery,New-Component_fneeprhbuq,New-Node_pqtxgzfjrk,702649903
Move_Operation_New_Component_New_Node,queryStockItem,New-Component_wkitulhpbl,New-Node_hjsyfsiqha,1533013485
Move_Operation_New_Component_New_Node,getEnterpriseByID,New-Component_dfcwzhjwdf,New-Node_nrxqfmmsbm,670244752
Move_Operation_New_Component_New_Node,saleStartedEvent,New-Component_lvruokzspx,New-Node_kxlgwevlzn,673483975
UMLCloneNode,CashBox,CashBox_fjzjauyeip,,581026533
Move_Operation_New_Component_New_Node,printRunningTotal,New-Component_vbzeoqdynw,New-Node_whytohpkzd,759972896
UMLCloneNode,BarCodeScanner_lrachxaicw,BarCodeScanner_lrachxaicw_djbudfnhmr,,234167315
Move_Component_New_Node,New-Component_wkitulhpbl,New-Node_ikdivnwfrl,,245640208
Move_Operation_New_Component_New_Node,queryOrderById,New-Component_nxckkcugkt,New-Node_kgzbuixaej,684795355
Move_Operation_New_Component_New_Node,queryStockItem,New-Component_wkitulhpbl,New-Node_hjsyfsiqha,636197522
Move_Operation_New_Component_New_Node,getEnterpriseByID,New-Component_dfcwzhjwdf,New-Node_nrxqfmmsbm,716264081
Move_Component_New_Node,Inventory,New-Node_hvikwaxuox,,635274350
Move_Operation_Component,startSale,Enterprise,,399140248
Move_Operation_New_Component_New_Node,printRunningTotal,New-Component_vbzeoqdynw,New-Node_whytohpkzd,641944698
UMLCloneNode,BarCodeScanner_lrachxaicw,BarCodeScanner_lrachxaicw_djbudfnhmr,,217949285
Move_Component_New_Node,New-Component_wkitulhpbl,New-Node_ikdivnwfrl,,225448427
Move_Operation_New_Component_New_Node,queryOrderById,New-Component_nxckkcugkt,New-Node_kgzbuixaej,616998623
Move_Operation_New_Component_New_Node,queryStockItem,New-Component_wkitulhpbl,New-Node_hjsyfsiqha,587940998
Move_Operation_New_Component_New_Node,getEnterpriseByID,New-Component_dfcwzhjwdf,New-Node_nrxqfmmsbm,594733154
Move_Component_New_Node,Inventory,New-Node_hvikwaxuox,,452684226
Move_Operation_New_Component_New_Node,getMeanTimeToDelivery,New-Component_fneeprhbuq,New-Node_pqtxgzfjrk,729813335
Move_Operation_New_Component_New_Node,queryStockItem,New-Component_wkitulhpbl,New-Node_hjsyfsiqha,718313843
Move_Operation_New_Component_New_Node,getEnterpriseByID,New-Component_dfcwzhjwdf,New-Node_nrxqfmmsbm,727212729
Move_Operation_New_Component_New_Node,saleStartedEvent,New-Component_lvruokzspx,New-Node_kxlgwevlzn,790248285
UMLCloneNode,New-Node_vkrmgnxlce,New-Node_vkrmgnxlce_fdtmhfxtox,,271943607
Move_Operation_New_Component_New_Node,queryStockItem,New-Component_wkitulhpbl,New-Node_hjsyfsiqha,684215748
UMLCloneNode,BarCodeScanner_lrachxaicw,BarCodeScanner_lrachxaicw_djbudfnhmr,,237901507
Move_Component_New_Node,New-Component_wkitulhpbl,New-Node_ikdivnwfrl,,539748756
UMLCloneNode,CashBox,CashBox_fjzjauyeip,,494138704
Move_Operation_New_Component_New_Node,queryStockItem,New-Component_wkitulhpbl,New-Node_hjsyfsiqha,662986021
Move_Operation_New_Component_New_Node,getEnterpriseByID,New-Component_dfcwzhjwdf,New-Node_nrxqfmmsbm,640950524
Move_Component_New_Node,Inventory,New-Node_hvikwaxuox,,518197416
UMLCloneNode,New-Node_vkrmgnxlce,New-Node_vkrmgnxlce_fdtmhfxtox,,745724130
Move_Operation_New_Component_New_Node,queryStockItem,New-Component_wkitulhpbl,New-Node_hjsyfsiqha,737064111
UMLCloneNode,BarCodeScanner_lrachxaicw,BarCodeScanner_lrachxaicw_djbudfnhmr,,221477551
Move_Component_New_Node,New-Component_wkitulhpbl,New-Node_ikdivnwfrl,,1271598139
UMLCloneNode,EnterpriseServer,EnterpriseServer_opvlfhgjom,,509781165
UMLCloneNode,LightDisplay,LightDisplay_cmdlvbybzv,,456996471
UMLCloneNode,LightDisplay,LightDisplay_tvniizpaqk,,462380225
Move_Component_New_Node,New-Component_wkitulhpbl,New-Node_ikdivnwfrl,,225341296
UMLCloneNode,EnterpriseServer,EnterpriseServer_opvlfhgjom,,502495384
UMLCloneNode,LightDisplay,LightDisplay_cmdlvbybzv,,515160171
UMLCloneNode,LightDisplay,LightDisplay_tvniizpaqk,,597075907
Move_Component_New_Node,New-Component_wkitulhpbl,New-Node_ikdivnwfrl,,258037363
UMLCloneNode,EnterpriseServer,EnterpriseServer_opvlfhgjom,,539534995
Move_Operation_New_Component_New_Node,printRunningTotal,New-Component_vbzeoqdynw,New-Node_whytohpkzd,701763330
Move_Operation_Component,saleStartedEvent,CashDeskApplication,,379887618
Move_Component_New_Node,New-Component_wkitulhpbl,New-Node_ikdivnwfrl,,235268040
UMLCloneNode,CashBox,CashBox_fjzjauyeip,,489768761
UMLCloneNode,EnterpriseClient,EnterpriseClient_myvpdbrfvb,,457130101
UMLCloneNode,BarCodeScanner_lrachxaicw,BarCodeScanner_lrachxaicw_djbudfnhmr,,224771498
Move_Component_New_Node,New-Component_wkitulhpbl,New-Node_ikdivnwfrl,,231287395
Move_Operation_New_Component_New_Node,enterOrderID,New-Component_exagjdaocs,New-Node_vtkhrtzyfr,669393636
Move_Operation_New_Component_New_Node,printRunningTotal,New-Component_vbzeoqdynw,New-Node_whytohpkzd,631873053
UMLCloneNode,BarCodeScanner_lrachxaicw,BarCodeScanner_lrachxaicw_djbudfnhmr,,210960061
Move_Component_New_Node,New-Component_wkitulhpbl,New-Node_ikdivnwfrl,,222021682
UMLCloneNode,CashBox,CashBox_fjzjauyeip,,539850316
Move_Operation_New_Component_New_Node,printRunningTotal,New-Component_vbzeoqdynw,New-Node_whytohpkzd,717731862
UMLCloneNode,BarCodeScanner_lrachxaicw,BarCodeScanner_lrachxaicw_djbudfnhmr,,243187018
Move_Component_New_Node,New-Component_wkitulhpbl,New-Node_ikdivnwfrl,,264881736
UMLCloneNode,New-Node_vkrmgnxlce,New-Node_vkrmgnxlce_fdtmhfxtox,,255815106
Move_Operation_New_Component_New_Node,queryStockItem,New-Component_wkitulhpbl,New-Node_hjsyfsiqha,640387017
UMLCloneNode,BarCodeScanner_lrachxaicw,BarCodeScanner_lrachxaicw_djbudfnhmr,,220802356
Move_Component_New_Node,New-Component_wkitulhpbl,New-Node_ikdivnwfrl,,529808757
UMLCloneNode,New-Node_vkrmgnxlce,New-Node_vkrmgnxlce_fdtmhfxtox,,489349885
Move_Operation_New_Component_New_Node,queryStockItem,New-Component_wkitulhpbl,New-Node_hjsyfsiqha,672208474
UMLCloneNode,BarCodeScanner_lrachxaicw,BarCodeScanner_lrachxaicw_djbudfnhmr,,215628324
Move_Component_New_Node,New-Component_wkitulhpbl,New-Node_ikdivnwfrl,,516412849
UMLCloneNode,New-Node_tmupgarnwt,New-Node_tmupgarnwt_qxlmgzlyul,,249946682
UMLCloneNode,EnterpriseClient,EnterpriseClient_myvpdbrfvb,,496203215
UMLCloneNode,BarCodeScanner_lrachxaicw,BarCodeScanner_lrachxaicw_djbudfnhmr,,228587994
Move_Component_New_Node,New-Component_wkitulhpbl,New-Node_ikdivnwfrl,,301648496
Move_Operation_New_Component_New_Node,enterOrderID,New-Component_exagjdaocs,New-Node_vtkhrtzyfr,609347296
Move_Operation_New_Component_New_Node,printRunningTotal,New-Component_vbzeoqdynw,New-Node_whytohpkzd,550461732
UMLCloneNode,BarCodeScanner_lrachxaicw,BarCodeScanner_lrachxaicw_djbudfnhmr,,220851257
Move_Component_New_Node,New-Component_wkitulhpbl,New-Node_ikdivnwfrl,,228214463
Move_Operation_New_Component_New_Node,getMeanTimeToDeliveryReport,New-Component_jizwsbuwnt,New-Node_xrfddpjvnv,779544514
Move_Operation_New_Component_New_Node,queryStockItem,New-Component_wkitulhpbl,New-Node_hjsyfsiqha,666637508
Move_Operation_New_Component_New_Node,getEnterpriseByID,New-Component_dfcwzhjwdf,New-Node_nrxqfmmsbm,646375315
Move_Component_New_Node,New-Component_wkitulhpbl,New-Node_ikdivnwfrl,,662719522
Move_Operation_New_Component_New_Node,enterOrderID,New-Component_exagjdaocs,New-Node_vtkhrtzyfr,743441309
Move_Operation_New_Component_New_Node,printRunningTotal,New-Component_vbzeoqdynw,New-Node_whytohpkzd,723374252
UMLCloneNode,BarCodeScanner_lrachxaicw,BarCodeScanner_lrachxaicw_djbudfnhmr,,218143339
Move_Component_New_Node,New-Component_wkitulhpbl,New-Node_ikdivnwfrl,,226543921
UMLCloneNode,EnterpriseServer,EnterpriseServer_opvlfhgjom,,508023479
Move_Operation_New_Component_New_Node,printRunningTotal,New-Component_vbzeoqdynw,New-Node_whytohpkzd,697923901
UMLCloneNode,LightDisplay,LightDisplay_tvniizpaqk,,469577271
Move_Component_New_Node,New-Component_wkitulhpbl,New-Node_ikdivnwfrl,,218732424
UMLCloneNode,CashBox,CashBox_fjzjauyeip,,506799925
Move_Operation_New_Component_New_Node,queryStockItem,New-Component_wkitulhpbl,New-Node_hjsyfsiqha,642679917
UMLCloneNode,BarCodeScanner_lrachxaicw,BarCodeScanner_lrachxaicw_djbudfnhmr,,212794851
Move_Operation_New_Component_New_Node,saleStartedEvent,New-Component_lvruokzspx,New-Node_kxlgwevlzn,651075619
UMLCloneNode,EnterpriseServer,EnterpriseServer_opvlfhgjom,,520430703
Move_Operation_New_Component_New_Node,printRunningTotal,New-Component_vbzeoqdynw,New-Node_whytohpkzd,721856046
UMLCloneNode,LightDisplay,LightDisplay_tvniizpaqk,,509989274
Move_Component_New_Node,CashBoxController,New-Node_kwizoohqfw,,595635065
UMLCloneNode,EnterpriseServer,EnterpriseServer_opvlfhgjom,,476710246
Move_Operation_New_Component_New_Node,printRunningTotal,New-Component_vbzeoqdynw,New-Node_whytohpkzd,668704614
UMLCloneNode,LightDisplay,LightDisplay_tvniizpaqk,,455670334
Move_Component_New_Node,CashBoxController,New-Node_kwizoohqfw,,1252113364
Move_Operation_New_Component_New_Node,enterOrderID,New-Component_exagjdaocs,New-Node_vtkhrtzyfr,742124880
Move_Operation_New_Component_New_Node,printRunningTotal,New-Component_vbzeoqdynw,New-Node_whytohpkzd,702206411
UMLCloneNode,BarCodeScanner_lrachxaicw,BarCodeScanner_lrachxaicw_djbudfnhmr,,247955178
Move_Component_New_Node,New-Component_wkitulhpbl,New-Node_ikdivnwfrl,,259410677
Move_Operation_New_Component_New_Node,startSale,New-Component_zoaukyimmd,New-Node_htpwhydryw,655693678
Move_Operation_New_Component_New_Node,queryStockItem,New-Component_wkitulhpbl,New-Node_hjsyfsiqha,639976988
Move_Operation_New_Component_New_Node,getEnterpriseByID,New-Component_dfcwzhjwdf,New-Node_nrxqfmmsbm,662530207
Move_Component_New_Node,New-Component_wkitulhpbl,New-Node_ikdivnwfrl,,529407204
UMLCloneNode,CashBox,CashBox_fjzjauyeip,,515383990
Move_Operation_New_Component_New_Node,queryStockItem,New-Component_wkitulhpbl,New-Node_hjsyfsiqha,898085004
Move_Operation_New_Component_New_Node,getEnterpriseByID,New-Component_dfcwzhjwdf,New-Node_nrxqfmmsbm,795730413
Move_Component_New_Node,Inventory,New-Node_hvikwaxuox,,663482893
UMLCloneNode,EnterpriseServer,EnterpriseServer_opvlfhgjom,,493431058
Move_Operation_New_Component_New_Node,printRunningTotal,New-Component_vbzeoqdynw,New-Node_whytohpkzd,691133840
UMLCloneNode,BarCodeScanner_lrachxaicw,BarCodeScanner_lrachxaicw_djbudfnhmr,,238701206
Move_Component_New_Node,New-Component_wkitulhpbl,New-Node_ikdivnwfrl,,249281325
Move_Operation_New_Component_New_Node,startSale,New-Component_zoaukyimmd,New-Node_htpwhydryw,669072604
Move_Operation_New_Component_New_Node,queryStockItem,New-Component_wkitulhpbl,New-Node_hjsyfsiqha,647729635
Move_Operation_New_Component_New_Node,getEnterpriseByID,New-Component_dfcwzhjwdf,New-Node_nrxqfmmsbm,589493569
Move_Component_New_Node,New-Component_wkitulhpbl,New-Node_ikdivnwfrl,,518618776
Move_Operation_Component,startSale,Enterprise,,325569209
Move_Operation_New_Component_New_Node,printRunningTotal,New-Component_vbzeoqdynw,New-Node_whytohpkzd,712895434
UMLCloneNode,BarCodeScanner_lrachxaicw,BarCodeScanner_lrachxaicw_djbudfnhmr,,242201790
Move_Component_New_Node,New-Component_wkitulhpbl,New-Node_ikdivnwfrl,,247984714
Move_Operation_Component,startSale,Enterprise,,361112794
Move_Operation_New_Component_New_Node,printRunningTotal,New-Component_vbzeoqdynw,New-Node_whytohpkzd,716963272
UMLCloneNode,BarCodeScanner_lrachxaicw,BarCodeScanner_lrachxaicw_djbudfnhmr,,231108280
UMLCloneNode,BarCodeScanner,BarCodeScanner_clquxlhaam,,391512355
UMLCloneNode,BarCodeScanner,BarCodeScanner_dbjzxybcip,,1472997793
Move_Operation_New_Component_New_Node,printRunningTotal,New-Component_vbzeoqdynw,New-Node_whytohpkzd,663121365
UMLCloneNode,BarCodeScanner_lrachxaicw,BarCodeScanner_lrachxaicw_djbudfnhmr,,256864624
Move_Component_New_Node,New-Component_wkitulhpbl,New-Node_ikdivnwfrl,,254236827
UMLCloneNode,EnterpriseServer,EnterpriseServer_opvlfhgjom,,527794681
Move_Operation_New_Component_New_Node,printRunningTotal,New-Component_vbzeoqdynw,New-Node_whytohpkzd,704612453
UMLCloneNode,BarCodeScanner_lrachxaicw,BarCodeScanner_lrachxaicw_djbudfnhmr,,219748870
UMLCloneNode,LightDisplay,LightDisplay_polmczeitb,,478431422
UMLCloneNode,New-Node_tmupgarnwt,New-Node_tmupgarnwt_qxlmgzlyul,,242666411
UMLCloneNode,EnterpriseClient,EnterpriseClient_myvpdbrfvb,,511108464
UMLCloneNode,BarCodeScanner_lrachxaicw,BarCodeScanner_lrachxaicw_djbudfnhmr,,291695163
Move_Component_New_Node,New-Component_wkitulhpbl,New-Node_ikdivnwfrl,,266812397
UMLCloneNode,CashBox,CashBox_fjzjauyeip,,524046824
Move_Operation_New_Component_New_Node,queryStockItem,New-Component_wkitulhpbl,New-Node_hjsyfsiqha,726430894
Move_Operation_New_Component_New_Node,getEnterpriseByID,New-Component_dfcwzhjwdf,New-Node_nrxqfmmsbm,722021145
Move_Component_New_Node,New-Component_wkitulhpbl,New-Node_ikdivnwfrl,,604214502
UMLCloneNode,CashBox,CashBox_fjzjauyeip,,526132124
Move_Operation_New_Component_New_Node,queryStockItem,New-Component_wkitulhpbl,New-Node_hjsyfsiqha,644848001
UMLCloneNode,BarCodeScanner_lrachxaicw,BarCodeScanner_lrachxaicw_djbudfnhmr,,216401393
Move_Operation_New_Component_New_Node,saleStartedEvent,New-Component_lvruokzspx,New-Node_kxlgwevlzn,661714618
UMLCloneNode,EnterpriseServer,EnterpriseServer_opvlfhgjom,,495740127
Move_Operation_New_Component_New_Node,printRunningTotal,New-Component_vbzeoqdynw,New-Node_whytohpkzd,666958871
UMLCloneNode,LightDisplay,LightDisplay_tvniizpaqk,,484710887
Move_Component_New_Node,CashBoxController,New-Node_kwizoohqfw,,527882837
UMLCloneNode,EnterpriseServer,EnterpriseServer_opvlfhgjom,,528662759
Move_Operation_New_Component_New_Node,printRunningTotal,New-Component_vbzeoqdynw,New-Node_whytohpkzd,650187303
UMLCloneNode,LightDisplay,LightDisplay_tvniizpaqk,,431463425
Move_Component_New_Node,CashBoxController,New-Node_kwizoohqfw,,599138665
Move_Operation_Component,startSale,Enterprise,,297114955
Move_Operation_New_Component_New_Node,printRunningTotal,New-Component_vbzeoqdynw,New-Node_whytohpkzd,719103986
UMLCloneNode,BarCodeScanner_lrachxaicw,BarCodeScanner_lrachxaicw_djbudfnhmr,,233281304
Move_Component_New_Node,New-Component_wkitulhpbl,New-Node_ikdivnwfrl,,246113284
UMLCloneNode,CashBox,CashBox_fjzjauyeip,,515478207
UMLCloneNode,EnterpriseClient,EnterpriseClient_myvpdbrfvb,,488442754
UMLCloneNode,BarCodeScanner_lrachxaicw,BarCodeScanner_lrachxaicw_djbudfnhmr,,217930420
Move_Component_New_Node,New-Component_wkitulhpbl,New-Node_ikdivnwfrl,,222275577
UMLCloneNode,CashBox,CashBox_fjzjauyeip,,499078687
Move_Operation_New_Component_New_Node,queryStockItem,New-Component_wkitulhpbl,New-Node_hjsyfsiqha,633641609
Move_Operation_New_Component_New_Node,getEnterpriseByID,New-Component_dfcwzhjwdf,New-Node_nrxqfmmsbm,697363200
Move_Component_New_Node,Inventory,New-Node_hvikwaxuox,,557181302
UMLCloneNode,New-Node_vkrmgnxlce,New-Node_vkrmgnxlce_fdtmhfxtox,,242898096
Move_Operation_New_Component_New_Node,queryStockItem,New-Component_wkitulhpbl,New-Node_hjsyfsiqha,692780788
UMLCloneNode,BarCodeScanner_lrachxaicw,BarCodeScanner_lrachxaicw_djbudfnhmr,,245124360
Move_Component_New_Node,New-Component_wkitulhpbl,New-Node_ikdivnwfrl,,607443807
Move_Operation_New_Component_New_Node,getMeanTimeToDeliveryReport,New-Component_ggssnguyrf,New-Node_whhvyxeeqm,683426097
UMLCloneNode,EnterpriseClient,EnterpriseClient_myvpdbrfvb,,476963860
UMLCloneNode,BarCodeScanner_lrachxaicw,BarCodeScanner_lrachxaicw_djbudfnhmr,,212661481
Move_Component_New_Node,New-Component_wkitulhpbl,New-Node_ikdivnwfrl,,218946445
Move_Operation_New_Component_New_Node,queryOrderById,New-Component_ctgxnwnjwe,New-Node_euewfeceil,666006184
Move_Operation_New_Component_New_Node,queryStockItem,New-Component_wkitulhpbl,New-Node_hjsyfsiqha,664190240
UMLCloneNode,BarCodeScanner_lrachxaicw,BarCodeScanner_lrachxaicw_djbudfnhmr,,249381603
Move_Operation_New_Component_New_Node,saleStartedEvent,New-Component_lvruokzspx,New-Node_kxlgwevlzn,805496666
UMLCloneNode,EnterpriseServer,EnterpriseServer_opvlfhgjom,,566642783
Move_Operation_New_Component_New_Node,printRunningTotal,New-Component_vbzeoqdynw,New-Node_whytohpkzd,689478205
UMLCloneNode,LightDisplay,LightDisplay_tvniizpaqk,,481994884
Move_Component_New_Node,New-Component_wkitulhpbl,New-Node_ikdivnwfrl,,235096758
UMLCloneNode,CashBox,CashBox_fjzjauyeip,,537430408
Move_Operation_New_Component_New_Node,queryStockItem,New-Component_wkitulhpbl,New-Node_hjsyfsiqha,666086095
UMLCloneNode,BarCodeScanner_lrachxaicw,BarCodeScanner_lrachxaicw_djbudfnhmr,,259295462
Move_Operation_New_Component_New_Node,saleStartedEvent,New-Component_lvruokzspx,New-Node_kxlgwevlzn,737873810
UMLCloneNode,CashBox,CashBox_fjzjauyeip,,524063155
Move_Operation_New_Component_New_Node,queryStockItem,New-Component_wkitulhpbl,New-Node_hjsyfsiqha,690125079
Move_Operation_New_Component_New_Node,getEnterpriseByID,New-Component_dfcwzhjwdf,New-Node_nrxqfmmsbm,691260618
Move_Component_New_Node,Inventory,New-Node_hvikwaxuox,,516226620
Move_Operation_New_Component_New_Node,getMeanTimeToDeliveryReport,New-Component_ggssnguyrf,New-Node_whhvyxeeqm,1147241043
UMLCloneNode,EnterpriseClient,EnterpriseClient_myvpdbrfvb,,493233978
UMLCloneNode,BarCodeScanner_lrachxaicw,BarCodeScanner_lrachxaicw_djbudfnhmr,,224134673
Move_Component_New_Node,New-Component_wkitulhpbl,New-Node_ikdivnwfrl,,221414373
Move_Operation_Component,startSale,Enterprise,,349328438
Move_Operation_New_Component_New_Node,printRunningTotal,New-Component_vbzeoqdynw,New-Node_whytohpkzd,660928624
UMLCloneNode,BarCodeScanner_lrachxaicw,BarCodeScanner_lrachxaicw_djbudfnhmr,,207890565
Move_Component_New_Node,New-Component_wkitulhpbl,New-Node_ikdivnwfrl,,227452013
Move_Operation_New_Component_New_Node,getProductWithStockItem,New-Component_qhlomqajar,New-Node_bsneackklf,722621080
UMLCloneNode,EnterpriseClient,EnterpriseClient_myvpdbrfvb,,463321832
UMLCloneNode,BarCodeScanner_lrachxaicw,BarCodeScanner_lrachxaicw_djbudfnhmr,,217162641
Move_Component_New_Node,New-Component_wkitulhpbl,New-Node_ikdivnwfrl,,242677833
UMLCloneNode,CashBox,CashBox_fjzjauyeip,,518791269
Move_Operation_New_Component_New_Node,queryStockItem,New-Component_wkitulhpbl,New-Node_hjsyfsiqha,644275668
Move_Operation_New_Component_New_Node,getEnterpriseByID,New-Component_dfcwzhjwdf,New-Node_nrxqfmmsbm,715049583
Move_Component_New_Node,Inventory,New-Node_hvikwaxuox,,531830168
UMLCloneNode,EnterpriseServer,EnterpriseServer_opvlfhgjom,,532586907
UMLCloneNode,LightDisplay,LightDisplay_cmdlvbybzv,,460592514
UMLCloneNode,LightDisplay,LightDisplay_tvniizpaqk,,464099739
Move_Component_New_Node,New-Component_wkitulhpbl,New-Node_ikdivnwfrl,,218480221
Move_Operation_New_Component_New_Node,getMeanTimeToDeliveryReport,New-Component_ggssnguyrf,New-Node_whhvyxeeqm,705187932
UMLCloneNode,EnterpriseClient,EnterpriseClient_myvpdbrfvb,,453586857
UMLCloneNode,BarCodeScanner_lrachxaicw,BarCodeScanner_lrachxaicw_djbudfnhmr,,242362321
Move_Component_New_Node,New-Component_wkitulhpbl,New-Node_ikdivnwfrl,,222238879
UMLCloneNode,EnterpriseClient,EnterpriseClient_hwtqoehiqy,,509068328
Move_Operation_New_Component_New_Node,printRunningTotal,New-Component_vbzeoqdynw,New-Node_whytohpkzd,672094750
UMLCloneNode,BarCodeScanner_lrachxaicw,BarCodeScanner_lrachxaicw_djbudfnhmr,,232897514
Move_Component_New_Node,New-Component_wkitulhpbl,New-Node_ikdivnwfrl,,235273739
Move_Operation_New_Component_New_Node,getTransaction,New-Component_tpbiujdzca,New-Node_gnhwyaieud,743595789
Move_Operation_New_Component_New_Node,queryStockItem,New-Component_wkitulhpbl,New-Node_hjsyfsiqha,637116765
Move_Operation_New_Component_New_Node,getEnterpriseByID,New-Component_dfcwzhjwdf,New-Node_nrxqfmmsbm,653810657
Move_Component_New_Node,Inventory,New-Node_hvikwaxuox,,523805090
Move_Operation_New_Component_New_Node,enterOrderID,New-Component_exagjdaocs,New-Node_vtkhrtzyfr,694720304
Move_Operation_New_Component_New_Node,printRunningTotal,New-Component_vbzeoqdynw,New-Node_whytohpkzd,650043022
UMLCloneNode,BarCodeScanner_lrachxaicw,BarCodeScanner_lrachxaicw_djbudfnhmr,,222003498
Move_Component_New_Node,New-Component_wkitulhpbl,New-Node_ikdivnwfrl,,997346213
Move_Operation_Component,startSale,Enterprise,,341575571
Move_Operation_New_Component_New_Node,printRunningTotal,New-Component_vbzeoqdynw,New-Node_whytohpkzd,570580667
UMLCloneNode,BarCodeScanner_lrachxaicw,BarCodeScanner_lrachxaicw_djbudfnhmr,,188606756
UMLCloneNode,BarCodeScanner,BarCodeScanner_clquxlhaam,,370920354
UMLCloneNode,BarCodeScanner,BarCodeScanner_dbjzxybcip,,433461020
Move_Operation_New_Component_New_Node,printRunningTotal,New-Component_vbzeoqdynw,New-Node_whytohpkzd,574503803
UMLCloneNode,BarCodeScanner_lrachxaicw,BarCodeScanner_lrachxaicw_djbudfnhmr,,182066554
Move_Component_New_Node,New-Component_wkitulhpbl,New-Node_ikdivnwfrl,,187333690
UMLCloneNode,EnterpriseServer,EnterpriseServer_opvlfhgjom,,490327478
Move_Operation_New_Component_New_Node,printRunningTotal,New-Component_vbzeoqdynw,New-Node_whytohpkzd,650252896
UMLCloneNode,BarCodeScanner_lrachxaicw,BarCodeScanner_lrachxaicw_djbudfnhmr,,211332670
UMLCloneNode,LightDisplay,LightDisplay_polmczeitb,,427138545
Move_Operation_New_Component_New_Node,getProductWithStockItem,New-Component_qhlomqajar,New-Node_bsneackklf,669869869
UMLCloneNode,EnterpriseClient,EnterpriseClient_myvpdbrfvb,,426308068
UMLCloneNode,BarCodeScanner_lrachxaicw,BarCodeScanner_lrachxaicw_djbudfnhmr,,211148083
Move_Component_New_Node,New-Component_wkitulhpbl,New-Node_ikdivnwfrl,,215590673
Move_Operation_New_Component_New_Node,getEnterpriseByID,New-Component_aluwfsgjel,New-Node_eesqglyjsd,741889990
Move_Operation_New_Component_New_Node,queryStockItem,New-Component_wkitulhpbl,New-Node_hjsyfsiqha,691900468
Move_Operation_New_Component_New_Node,getEnterpriseByID,New-Component_dfcwzhjwdf,New-Node_nrxqfmmsbm,640357612
Move_Component_New_Node,New-Component_wkitulhpbl,New-Node_ikdivnwfrl,,671014034
Move_Operation_New_Component_New_Node,getMeanTimeToDelivery,New-Component_fneeprhbuq,New-Node_pqtxgzfjrk,685441226
Move_Operation_New_Component_New_Node,queryStockItem,New-Component_wkitulhpbl,New-Node_hjsyfsiqha,693058419
Move_Operation_New_Component_New_Node,getEnterpriseByID,New-Component_dfcwzhjwdf,New-Node_nrxqfmmsbm,662165142
Move_Operation_New_Component_New_Node,saleStartedEvent,New-Component_lvruokzspx,New-Node_kxlgwevlzn,674619725
Move_Operation_New_Component_New_Node,queryStockItem,New-Component_brkypxwhhq,New-Node_gablqiqnxt,709620623
Move_Operation_New_Component_New_Node,queryStockItem,New-Component_wkitulhpbl,New-Node_hjsyfsiqha,796551633
Move_Operation_New_Component_New_Node,getEnterpriseByID,New-Component_dfcwzhjwdf,New-Node_nrxqfmmsbm,704648320
Move_Component_New_Node,New-Component_wkitulhpbl,New-Node_ikdivnwfrl,,626286227
Move_Operation_New_Component_New_Node,enterOrderID,New-Component_exagjdaocs,New-Node_vtkhrtzyfr,835245266
Move_Operation_New_Component_New_Node,printRunningTotal,New-Component_vbzeoqdynw,New-Node_whytohpkzd,682478059
UMLCloneNode,BarCodeScanner_lrachxaicw,BarCodeScanner_lrachxaicw_djbudfnhmr,,197167409
Move_Component_New_Node,New-Component_wkitulhpbl,New-Node_ikdivnwfrl,,1273486490
UMLCloneNode,CashBox,CashBox_fjzjauyeip,,541875182
UMLCloneNode,EnterpriseClient,EnterpriseClient_myvpdbrfvb,,560487472
UMLCloneNode,BarCodeScanner_lrachxaicw,BarCodeScanner_lrachxaicw_djbudfnhmr,,248374094
Move_Component_New_Node,New-Component_wkitulhpbl,New-Node_ikdivnwfrl,,273094075
UMLCloneNode,New-Node_tmupgarnwt,New-Node_tmupgarnwt_qxlmgzlyul,,245483273
UMLCloneNode,EnterpriseClient,EnterpriseClient_myvpdbrfvb,,458785916
UMLCloneNode,BarCodeScanner_lrachxaicw,BarCodeScanner_lrachxaicw_djbudfnhmr,,249659694
Move_Component_New_Node,New-Component_wkitulhpbl,New-Node_ikdivnwfrl,,265267640
Move_Operation_Component,productBarCodeScannedEvent,Reporting,,315279665
Move_Operation_New_Component_New_Node,printRunningTotal,New-Component_vbzeoqdynw,New-Node_whytohpkzd,640192833
UMLCloneNode,BarCodeScanner_lrachxaicw,BarCodeScanner_lrachxaicw_djbudfnhmr,,216386205
UMLCloneNode,LightDisplay,LightDisplay_polmczeitb,,441599100
UMLCloneNode,New-Node_vkrmgnxlce,New-Node_vkrmgnxlce_fdtmhfxtox,,282582436
Move_Operation_New_Component_New_Node,queryStockItem,New-Component_wkitulhpbl,New-Node_hjsyfsiqha,639374810
UMLCloneNode,BarCodeScanner_lrachxaicw,BarCodeScanner_lrachxaicw_djbudfnhmr,,215638503
Move_Component_New_Node,New-Component_wkitulhpbl,New-Node_ikdivnwfrl,,511134332
Move_Operation_New_Component_New_Node,getTransaction,New-Component_tpbiujdzca,New-Node_gnhwyaieud,729020940
Move_Operation_New_Component_New_Node,queryStockItem,New-Component_wkitulhpbl,New-Node_hjsyfsiqha,641827518
Move_Operation_New_Component_New_Node,getEnterpriseByID,New-Component_dfcwzhjwdf,New-Node_nrxqfmmsbm,629962831
Move_Component_New_Node,Inventory,New-Node_hvikwaxuox,,546257410
UMLCloneNode,CashBox,CashBox_qwbgjeutuj,,491244377
UMLCloneNode,EnterpriseClient,EnterpriseClient_myvpdbrfvb,,609317641
UMLCloneNode,BarCodeScanner_lrachxaicw,BarCodeScanner_lrachxaicw_djbudfnhmr,,255532726
Move_Component_New_Node,New-Component_wkitulhpbl,New-Node_ikdivnwfrl,,251605102
UMLCloneNode,CashBox,CashBox_fjzjauyeip,,536798814
UMLCloneNode,EnterpriseClient,EnterpriseClient_myvpdbrfvb,,457287226
UMLCloneNode,BarCodeScanner_lrachxaicw,BarCodeScanner_lrachxaicw_djbudfnhmr,,211806578
Move_Component_New_Node,New-Component_wkitulhpbl,New-Node_ikdivnwfrl,,212921348
UMLCloneNode,EnterpriseServer,EnterpriseServer_opvlfhgjom,,917893505
Move_Operation_New_Component_New_Node,printRunningTotal,New-Component_vbzeoqdynw,New-Node_whytohpkzd,687487723
UMLCloneNode,BarCodeScanner_lrachxaicw,BarCodeScanner_lrachxaicw_djbudfnhmr,,232166553
Move_Component_New_Node,New-Component_wkitulhpbl,New-Node_ikdivnwfrl,,223763978
Move_Operation_New_Component_New_Node,enterOrderID,New-Component_exagjdaocs,New-Node_vtkhrtzyfr,690282073
Move_Operation_New_Component_New_Node,printRunningTotal,New-Component_vbzeoqdynw,New-Node_whytohpkzd,636035347
UMLCloneNode,BarCodeScanner_lrachxaicw,BarCodeScanner_lrachxaicw_djbudfnhmr,,209807910
Move_Component_New_Node,New-Component_wkitulhpbl,New-Node_ikdivnwfrl,,214941075
Move_Operation_Component,queryOrderById,New-Component_aflkstlgec,,318706089
Move_Operation_New_Component_New_Node,printRunningTotal,New-Component_vbzeoqdynw,New-Node_whytohpkzd,801931581
UMLCloneNode,BarCodeScanner_lrachxaicw,BarCodeScanner_lrachxaicw_djbudfnhmr,,320643382
Move_Component_New_Node,New-Component_wkitulhpbl,New-Node_ikdivnwfrl,,286232360
UMLCloneNode,CashBox,CashBox_fjzjauyeip,,588807242
UMLCloneNode,EnterpriseClient,EnterpriseClient_myvpdbrfvb,,501606517
UMLCloneNode,BarCodeScanner_lrachxaicw,BarCodeScanner_lrachxaicw_djbudfnhmr,,281012062
Move_Component_New_Node,New-Component_wkitulhpbl,New-Node_ikdivnwfrl,,279361877
Move_Operation_Component,startSale,Enterprise,,313338866
Move_Operation_New_Component_New_Node,printRunningTotal,New-Component_vbzeoqdynw,New-Node_whytohpkzd,634536947
UMLCloneNode,BarCodeScanner_lrachxaicw,BarCodeScanner_lrachxaicw_djbudfnhmr,,232803819
UMLCloneNode,BarCodeScanner,BarCodeScanner_clquxlhaam,,423548674
Move_Operation_New_Component_New_Node,getTransaction,New-Component_tpbiujdzca,New-Node_gnhwyaieud,722834210
Move_Operation_New_Component_New_Node,queryStockItem,New-Component_wkitulhpbl,New-Node_hjsyfsiqha,705574777
Move_Operation_New_Component_New_Node,getEnterpriseByID,New-Component_dfcwzhjwdf,New-Node_nrxqfmmsbm,804318898
Move_Component_New_Node,Inventory,New-Node_hvikwaxuox,,528211212
UMLCloneNode,CashBox,CashBox_fjzjauyeip,,556548897
Move_Operation_New_Component_New_Node,queryStockItem,New-Component_wkitulhpbl,New-Node_hjsyfsiqha,739431921
UMLCloneNode,BarCodeScanner_lrachxaicw,BarCodeScanner_lrachxaicw_djbudfnhmr,,256543622
Move_Operation_New_Component_New_Node,saleStartedEvent,New-Component_lvruokzspx,New-Node_kxlgwevlzn,759619123
Move_Operation_New_Component_New_Node,saleStartedEvent,New-Component_crcgsguvhh,New-Node_zqzuulmnbi,797186354
Move_Operation_New_Component_New_Node,queryStockItem,New-Component_wkitulhpbl,New-Node_hjsyfsiqha,722537333
Move_Operation_New_Component_New_Node,getEnterpriseByID,New-Component_dfcwzhjwdf,New-Node_nrxqfmmsbm,680191292
Move_Component_New_Node,Inventory,New-Node_hvikwaxuox,,537552227
UMLCloneNode,CashBox,CashBox_fjzjauyeip,,466594648
Move_Operation_New_Component_New_Node,queryStockItem,New-Component_wkitulhpbl,New-Node_hjsyfsiqha,666644371
UMLCloneNode,BarCodeScanner_lrachxaicw,BarCodeScanner_lrachxaicw_djbudfnhmr,,227605872
Move_Operation_New_Component_New_Node,saleStartedEvent,New-Component_lvruokzspx,New-Node_kxlgwevlzn,1006848731
Move_Operation_Component,startSale,Enterprise,,320634656
Move_Operation_New_Component_New_Node,printRunningTotal,New-Component_vbzeoqdynw,New-Node_whytohpkzd,656373253
UMLCloneNode,BarCodeScanner_lrachxaicw,BarCodeScanner_lrachxaicw_djbudfnhmr,,211944887
UMLCloneNode,BarCodeScanner,BarCodeScanner_clquxlhaam,,532274490
Move_Operation_New_Component_New_Node,getTransaction,New-Component_tpbiujdzca,New-Node_gnhwyaieud,730510082
Move_Operation_New_Component_New_Node,queryStockItem,New-Component_wkitulhpbl,New-Node_hjsyfsiqha,723890821
Move_Operation_New_Component_New_Node,getEnterpriseByID,New-Component_dfcwzhjwdf,New-Node_nrxqfmmsbm,800010610
Move_Component_New_Node,Inventory,New-Node_hvikwaxuox,,681123099
UMLCloneNode,EnterpriseServer,EnterpriseServer_opvlfhgjom,,501691977
Move_Operation_New_Component_New_Node,printRunningTotal,New-Component_vbzeoqdynw,New-Node_whytohpkzd,702100753
UMLCloneNode,BarCodeScanner_lrachxaicw,BarCodeScanner_lrachxaicw_djbudfnhmr,,236731123
Move_Component_New_Node,New-Component_wkitulhpbl,New-Node_ikdivnwfrl,,234936307
Move_Operation_New_Component_New_Node,queryStockItem,New-Component_brkypxwhhq,New-Node_gablqiqnxt,714920821
Move_Operation_New_Component_New_Node,queryStockItem,New-Component_wkitulhpbl,New-Node_hjsyfsiqha,639450832
Move_Operation_New_Component_New_Node,getEnterpriseByID,New-Component_dfcwzhjwdf,New-Node_nrxqfmmsbm,701227085
Move_Component_New_Node,New-Component_wkitulhpbl,New-Node_ikdivnwfrl,,514923166
UMLCloneNode,BarCodeScanner,BarCodeScanner_dbjzxybcip,,517123432
Move_Operation_New_Component_New_Node,printRunningTotal,New-Component_vbzeoqdynw,New-Node_whytohpkzd,726885666
UMLCloneNode,BarCodeScanner_lrachxaicw,BarCodeScanner_lrachxaicw_djbudfnhmr,,247434602
Move_Component_New_Node,New-Component_wkitulhpbl,New-Node_ikdivnwfrl,,248206509
UMLCloneNode,CashBox,CashBox_fjzjauyeip,,573866859
Move_Operation_New_Component_New_Node,queryStockItem,New-Component_wkitulhpbl,New-Node_hjsyfsiqha,855417951
UMLCloneNode,BarCodeScanner_lrachxaicw,BarCodeScanner_lrachxaicw_djbudfnhmr,,211494362
Move_Operation_New_Component_New_Node,saleStartedEvent,New-Component_lvruokzspx,New-Node_kxlgwevlzn,654605527
UMLCloneNode,CashBox,CashBox_fjzjauyeip,,517407294
Move_Operation_New_Component_New_Node,queryStockItem,New-Component_wkitulhpbl,New-Node_hjsyfsiqha,795587556
Move_Operation_New_Component_New_Node,getEnterpriseByID,New-Component_dfcwzhjwdf,New-Node_nrxqfmmsbm,784924902
Move_Component_New_Node,Inventory,New-Node_hvikwaxuox,,659983582
UMLCloneNode,EnterpriseServer,EnterpriseServer_opvlfhgjom,,581554733
Move_Operation_New_Component_New_Node,printRunningTotal,New-Component_vbzeoqdynw,New-Node_whytohpkzd,755706718
UMLCloneNode,BarCodeScanner_lrachxaicw,BarCodeScanner_lrachxaicw_djbudfnhmr,,251394888
UMLCloneNode,LightDisplay,LightDisplay_polmczeitb,,492354809
UMLCloneNode,CashBox,CashBox_fjzjauyeip,,518739763
UMLCloneNode,EnterpriseClient,EnterpriseClient_myvpdbrfvb,,520831134
UMLCloneNode,BarCodeScanner_lrachxaicw,BarCodeScanner_lrachxaicw_djbudfnhmr,,241253632
Move_Component_New_Node,New-Component_wkitulhpbl,New-Node_ikdivnwfrl,,236058601
Move_Operation_New_Component_New_Node,getMeanTimeToDelivery,New-Component_fneeprhbuq,New-Node_pqtxgzfjrk,667500937
Move_Operation_New_Component_New_Node,queryStockItem,New-Component_wkitulhpbl,New-Node_hjsyfsiqha,611293556
Move_Operation_New_Component_New_Node,getEnterpriseByID,New-Component_dfcwzhjwdf,New-Node_nrxqfmmsbm,735344016
Move_Operation_New_Component_New_Node,saleStartedEvent,New-Component_lvruokzspx,New-Node_kxlgwevlzn,822719008
UMLCloneNode,EnterpriseServer,EnterpriseServer_opvlfhgjom,,499551925
Move_Operation_New_Component_New_Node,printRunningTotal,New-Component_vbzeoqdynw,New-Node_whytohpkzd,643652020
UMLCloneNode,BarCodeScanner_lrachxaicw,BarCodeScanner_lrachxaicw_djbudfnhmr,,183723360
Move_Component_New_Node,New-Component_wkitulhpbl,New-Node_ikdivnwfrl,,213986475
UMLCloneNode,New-Node_tmupgarnwt,New-Node_tmupgarnwt_qxlmgzlyul,,296226459
UMLCloneNode,EnterpriseClient,EnterpriseClient_myvpdbrfvb,,458184789
UMLCloneNode,BarCodeScanner_lrachxaicw,BarCodeScanner_lrachxaicw_djbudfnhmr,,200360075
Move_Component_New_Node,New-Component_wkitulhpbl,New-Node_ikdivnwfrl,,285163335
UMLCloneNode,CashBox,CashBox_fjzjauyeip,,502665673
UMLCloneNode,EnterpriseClient,EnterpriseClient_myvpdbrfvb,,406594545
UMLCloneNode,BarCodeScanner_lrachxaicw,BarCodeScanner_lrachxaicw_djbudfnhmr,,212601758
Move_Component_New_Node,New-Component_wkitulhpbl,New-Node_ikdivnwfrl,,208298750
UMLCloneNode,BarCodeScanner,BarCodeScanner_dbjzxybcip,,477026528
Move_Operation_New_Component_New_Node,printRunningTotal,New-Component_vbzeoqdynw,New-Node_whytohpkzd,660072598
UMLCloneNode,BarCodeScanner_lrachxaicw,BarCodeScanner_lrachxaicw_djbudfnhmr,,237101186
Move_Component_New_Node,New-Component_wkitulhpbl,New-Node_ikdivnwfrl,,258966705
UMLCloneNode,New-Node_tmupgarnwt,New-Node_tmupgarnwt_qxlmgzlyul,,289055423
UMLCloneNode,EnterpriseClient,EnterpriseClient_myvpdbrfvb,,453098522
UMLCloneNode,BarCodeScanner_lrachxaicw,BarCodeScanner_lrachxaicw_djbudfnhmr,,211901435
Move_Component_New_Node,New-Component_wkitulhpbl,New-Node_ikdivnwfrl,,215778064
UMLCloneNode,CashBox,CashBox_fjzjauyeip,,569205518
Move_Operation_New_Component_New_Node,queryStockItem,New-Component_wkitulhpbl,New-Node_hjsyfsiqha,749914115
Move_Operation_New_Component_New_Node,getEnterpriseByID,New-Component_dfcwzhjwdf,New-Node_nrxqfmmsbm,1583332025
Move_Component_New_Node,Inventory,New-Node_hvikwaxuox,,622189065
UMLCloneNode,CashBox,CashBox_fjzjauyeip,,547960493
Move_Operation_New_Component_New_Node,queryStockItem,New-Component_wkitulhpbl,New-Node_hjsyfsiqha,645283819
UMLCloneNode,BarCodeScanner_lrachxaicw,BarCodeScanner_lrachxaicw_djbudfnhmr,,194222707
Move_Operation_New_Component_New_Node,saleStartedEvent,New-Component_lvruokzspx,New-Node_kxlgwevlzn,739222669
UMLCloneNode,CashBox,CashBox_niclaasrza,,484907225
Move_Operation_New_Component_New_Node,queryStockItem,New-Component_wkitulhpbl,New-Node_hjsyfsiqha,634851498
Move_Operation_New_Component_New_Node,getEnterpriseByID,New-Component_dfcwzhjwdf,New-Node_nrxqfmmsbm,637548435
Move_Component_New_Node,Inventory,New-Node_hvikwaxuox,,587491956
Move_Operation_Component,enterOrderID,AppStore,,307390172
Move_Operation_New_Component_New_Node,queryStockItem,New-Component_wkitulhpbl,New-Node_hjsyfsiqha,680438566
Move_Operation_New_Component_New_Node,getEnterpriseByID,New-Component_dfcwzhjwdf,New-Node_nrxqfmmsbm,634906631
Move_Component_New_Node,New-Component_wkitulhpbl,New-Node_ikdivnwfrl,,515080811
Move_Operation_New_Component_New_Node,getMeanTimeToDelivery,New-Component_fneeprhbuq,New-Node_pqtxgzfjrk,758081030
Move_Operation_New_Component_New_Node,queryStockItem,New-Component_wkitulhpbl,New-Node_hjsyfsiqha,665357358
Move_Operation_New_Component_New_Node,getEnterpriseByID,New-Component_dfcwzhjwdf,New-Node_nrxqfmmsbm,662062810
Move_Operation_New_Component_New_Node,saleStartedEvent,New-Component_lvruokzspx,New-Node_kxlgwevlzn,733713910
Move_Operation_New_Component_New_Node,getTransaction,New-Component_tpbiujdzca,New-Node_gnhwyaieud,719165671
Move_Operation_New_Component_New_Node,queryStockItem,New-Component_wkitulhpbl,New-Node_hjsyfsiqha,649993159
Move_Operation_New_Component_New_Node,getEnterpriseByID,New-Component_dfcwzhjwdf,New-Node_nrxqfmmsbm,641481660
Move_Component_New_Node,Inventory,New-Node_hvikwaxuox,,506651938
UMLCloneNode,CashBox,CashBox_fjzjauyeip,,506328370
Move_Operation_New_Component_New_Node,queryStockItem,New-Component_wkitulhpbl,New-Node_hjsyfsiqha,638657684
UMLCloneNode,BarCodeScanner_lrachxaicw,BarCodeScanner_lrachxaicw_djbudfnhmr,,215650725
Move_Operation_New_Component_New_Node,saleStartedEvent,New-Component_lvruokzspx,New-Node_kxlgwevlzn,659878204
UMLCloneNode,EnterpriseClient,EnterpriseClient_hwtqoehiqy,,493777497
Move_Operation_New_Component_New_Node,printRunningTotal,New-Component_vbzeoqdynw,New-Node_whytohpkzd,712517956
UMLCloneNode,BarCodeScanner_lrachxaicw,BarCodeScanner_lrachxaicw_djbudfnhmr,,229580856
Move_Component_New_Node,New-Component_wkitulhpbl,New-Node_ikdivnwfrl,,244396004
Move_Operation_New_Component_New_Node,enterOrderID,New-Component_exagjdaocs,New-Node_vtkhrtzyfr,620041268
Move_Operation_New_Component_New_Node,printRunningTotal,New-Component_vbzeoqdynw,New-Node_whytohpkzd,701108062
UMLCloneNode,BarCodeScanner_lrachxaicw,BarCodeScanner_lrachxaicw_djbudfnhmr,,230875933
Move_Component_New_Node,New-Component_wkitulhpbl,New-Node_ikdivnwfrl,,254908707
UMLCloneNode,BarCodeScanner,BarCodeScanner_dbjzxybcip,,555154131
Move_Operation_New_Component_New_Node,printRunningTotal,New-Component_vbzeoqdynw,New-Node_whytohpkzd,650112192
UMLCloneNode,CashBox,CashBox_jqcmfstqqi,,443877001
Move_Component_New_Node,New-Component_wkitulhpbl,New-Node_ikdivnwfrl,,213490265
UMLCloneNode,EnterpriseServer,EnterpriseServer_opvlfhgjom,,518715277
Move_Operation_New_Component_New_Node,printRunningTotal,New-Component_vbzeoqdynw,New-Node_whytohpkzd,643128587
UMLCloneNode,BarCodeScanner_lrachxaicw,BarCodeScanner_lrachxaicw_djbudfnhmr,,219579072
Move_Component_New_Node,New-Component_wkitulhpbl,New-Node_ikdivnwfrl,,197588388
UMLCloneNode,New-Node_vkrmgnxlce,New-Node_vkrmgnxlce_fdtmhfxtox,,259236141
Move_Operation_New_Component_New_Node,queryStockItem,New-Component_wkitulhpbl,New-Node_hjsyfsiqha,698560325
UMLCloneNode,BarCodeScanner_lrachxaicw,BarCodeScanner_lrachxaicw_djbudfnhmr,,221270954
Move_Component_New_Node,New-Component_wkitulhpbl,New-Node_ikdivnwfrl,,533313959
Move_Operation_New_Component_New_Node,queryStockItem,New-Component_brkypxwhhq,New-Node_gablqiqnxt,764826297
Move_Operation_New_Component_New_Node,queryStockItem,New-Component_wkitulhpbl,New-Node_hjsyfsiqha,716932925
Move_Operation_New_Component_New_Node,getEnterpriseByID,New-Component_dfcwzhjwdf,New-Node_nrxqfmmsbm,704097107
Move_Component_New_Node,New-Component_wkitulhpbl,New-Node_ikdivnwfrl,,597458835
UMLCloneNode,StoreServer,StoreServer_kemexhiqkq,,521633769
UMLCloneNode,EnterpriseClient,EnterpriseClient_myvpdbrfvb,,515076103
UMLCloneNode,BarCodeScanner_lrachxaicw,BarCodeScanner_lrachxaicw_djbudfnhmr,,248265480
Move_Component_New_Node,New-Component_wkitulhpbl,New-Node_ikdivnwfrl,,227885707
Move_Operation_Component,startSale,Enterprise,,318353458
Move_Operation_New_Component_New_Node,printRunningTotal,New-Component_vbzeoqdynw,New-Node_whytohpkzd,644958279
UMLCloneNode,BarCodeScanner_lrachxaicw,BarCodeScanner_lrachxaicw_djbudfnhmr,,213902568
UMLCloneNode,BarCodeScanner,BarCodeScanner_clquxlhaam,,450612311
UMLCloneNode,BarCodeScanner,BarCodeScanner_dbjzxybcip,,613672486
Move_Operation_New_Component_New_Node,printRunningTotal,New-Component_vbzeoqdynw,New-Node_whytohpkzd,801794925
UMLCloneNode,BarCodeScanner_lrachxaicw,BarCodeScanner_lrachxaicw_djbudfnhmr,,259715469
Move_Component_New_Node,New-Component_wkitulhpbl,New-Node_ikdivnwfrl,,251558725
Move_Operation_New_Component_New_Node,getMeanTimeToDelivery,New-Component_fneeprhbuq,New-Node_pqtxgzfjrk,728972600
Move_Operation_New_Component_New_Node,queryStockItem,New-Component_wkitulhpbl,New-Node_hjsyfsiqha,720214929
Move_Operation_New_Component_New_Node,getEnterpriseByID,New-Component_dfcwzhjwdf,New-Node_nrxqfmmsbm,674009652
Move_Operation_New_Component_New_Node,saleStartedEvent,New-Component_lvruokzspx,New-Node_kxlgwevlzn,1301713136
UMLCloneNode,New-Node_tmupgarnwt,New-Node_tmupgarnwt_qxlmgzlyul,,294232340
UMLCloneNode,EnterpriseClient,EnterpriseClient_myvpdbrfvb,,477127698
UMLCloneNode,BarCodeScanner_lrachxaicw,BarCodeScanner_lrachxaicw_djbudfnhmr,,247705420
Move_Component_New_Node,New-Component_wkitulhpbl,New-Node_ikdivnwfrl,,286325475
UMLCloneNode,New-Node_tmupgarnwt,New-Node_tmupgarnwt_qxlmgzlyul,,302332648
UMLCloneNode,EnterpriseClient,EnterpriseClient_myvpdbrfvb,,464649872
UMLCloneNode,BarCodeScanner_lrachxaicw,BarCodeScanner_lrachxaicw_djbudfnhmr,,214065493
Move_Component_New_Node,New-Component_wkitulhpbl,New-Node_ikdivnwfrl,,216156414
Move_Operation_Component,enterOrderID,AppStore,,317378100
Move_Operation_New_Component_New_Node,queryStockItem,New-Component_wkitulhpbl,New-Node_hjsyfsiqha,644102764
Move_Operation_New_Component_New_Node,getEnterpriseByID,New-Component_dfcwzhjwdf,New-Node_nrxqfmmsbm,634422644
Move_Component_New_Node,New-Component_wkitulhpbl,New-Node_ikdivnwfrl,,530752878
UMLCloneNode,EnterpriseServer,EnterpriseServer_zzxgnxiany,,431788144
Move_Operation_New_Component_New_Node,queryStockItem,New-Component_wkitulhpbl,New-Node_hjsyfsiqha,736304527
Move_Operation_New_Component_New_Node,getEnterpriseByID,New-Component_dfcwzhjwdf,New-Node_nrxqfmmsbm,793223954
Move_Operation_New_Component_New_Node,saleStartedEvent,New-Component_lvruokzspx,New-Node_kxlgwevlzn,747292099
Move_Operation_New_Component_New_Node,saleStartedEvent,New-Component_nnzplssbvn,New-Node_qlslgxssle,687026178
UMLCloneNode,EnterpriseClient,EnterpriseClient_myvpdbrfvb,,449405938
UMLCloneNode,BarCodeScanner_lrachxaicw,BarCodeScanner_lrachxaicw_djbudfnhmr,,214276479
Move_Component_New_Node,New-Component_wkitulhpbl,New-Node_ikdivnwfrl,,221482761
UMLCloneNode,CashBox,CashBox_fjzjauyeip,,485162344
Move_Operation_New_Component_New_Node,queryStockItem,New-Component_wkitulhpbl,New-Node_hjsyfsiqha,707452127
UMLCloneNode,BarCodeScanner_lrachxaicw,BarCodeScanner_lrachxaicw_djbudfnhmr,,218557015
Move_Operation_New_Component_New_Node,saleStartedEvent,New-Component_lvruokzspx,New-Node_kxlgwevlzn,663383186
UMLCloneNode,New-Node_vkrmgnxlce,New-Node_vkrmgnxlce_fdtmhfxtox,,278382862
Move_Operation_New_Component_New_Node,queryStockItem,New-Component_wkitulhpbl,New-Node_hjsyfsiqha,662720032
UMLCloneNode,BarCodeScanner_lrachxaicw,BarCodeScanner_lrachxaicw_djbudfnhmr,,220981240
Move_Component_New_Node,New-Component_wkitulhpbl,New-Node_ikdivnwfrl,,517673694
UMLCloneNode,CashBox,CashBox_fjzjauyeip,,887241301
Move_Operation_New_Component_New_Node,queryStockItem,New-Component_wkitulhpbl,New-Node_hjsyfsiqha,551522703
Move_Operation_New_Component_New_Node,getEnterpriseByID,New-Component_dfcwzhjwdf,New-Node_nrxqfmmsbm,584465722
Move_Component_New_Node,Inventory,New-Node_hvikwaxuox,,565699956
Move_Operation_New_Component_New_Node,getMeanTimeToDelivery,New-Component_fneeprhbuq,New-Node_pqtxgzfjrk,742050722
Move_Operation_New_Component_New_Node,queryStockItem,New-Component_wkitulhpbl,New-Node_hjsyfsiqha,727669295
Move_Operation_New_Component_New_Node,getEnterpriseByID,New-Component_dfcwzhjwdf,New-Node_nrxqfmmsbm,749263766
Move_Operation_New_Component_New_Node,saleStartedEvent,New-Component_lvruokzspx,New-Node_kxlgwevlzn,722474165
UMLCloneNode,StoreServer,StoreServer_kemexhiqkq,,605838006
UMLCloneNode,EnterpriseClient,EnterpriseClient_myvpdbrfvb,,448070474
UMLCloneNode,BarCodeScanner_lrachxaicw,BarCodeScanner_lrachxaicw_djbudfnhmr,,218508474
Move_Component_New_Node,New-Component_wkitulhpbl,New-Node_ikdivnwfrl,,224746430
UMLCloneNode,CashBox,CashBox_fjzjauyeip,,476838024
Move_Operation_New_Component_New_Node,queryStockItem,New-Component_wkitulhpbl,New-Node_hjsyfsiqha,744903611
UMLCloneNode,BarCodeScanner_lrachxaicw,BarCodeScanner_lrachxaicw_djbudfnhmr,,242209776
Move_Operation_New_Component_New_Node,saleStartedEvent,New-Component_lvruokzspx,New-Node_kxlgwevlzn,725169188
UMLCloneNode,BarCodeScanner,BarCodeScanner_dbjzxybcip,,466630726
Move_Operation_New_Component_New_Node,printRunningTotal,New-Component_vbzeoqdynw,New-Node_whytohpkzd,643830373
UMLCloneNode,CashBox,CashBox_jqcmfstqqi,,498763736
Move_Component_New_Node,New-Component_wkitulhpbl,New-Node_ikdivnwfrl,,220140284
UMLCloneNode,New-Node_tmupgarnwt,New-Node_tmupgarnwt_qxlmgzlyul,,313652795
UMLCloneNode,EnterpriseClient,EnterpriseClient_myvpdbrfvb,,457962122
UMLCloneNode,BarCodeScanner_lrachxaicw,BarCodeScanner_lrachxaicw_djbudfnhmr,,250445898
Move_Component_New_Node,New-Component_wkitulhpbl,New-Node_ikdivnwfrl,,229615350
Move_Operation_Component,startSale,Enterprise,,310302242
Move_Operation_New_Component_New_Node,printRunningTotal,New-Component_vbzeoqdynw,New-Node_whytohpkzd,823457603
UMLCloneNode,BarCodeScanner_lrachxaicw,BarCodeScanner_lrachxaicw_djbudfnhmr,,258583357
UMLCloneNode,BarCodeScanner,BarCodeScanner_clquxlhaam,,581084442
UMLCloneNode,BarCodeScanner,BarCodeScanner_dbjzxybcip,,461167021
Move_Operation_New_Component_New_Node,printRunningTotal,New-Component_vbzeoqdynw,New-Node_whytohpkzd,762004105
UMLCloneNode,BarCodeScanner_lrachxaicw,BarCodeScanner_lrachxaicw_djbudfnhmr,,257239848
Move_Component_New_Node,New-Component_wkitulhpbl,New-Node_ikdivnwfrl,,262876045
Move_Operation_New_Component_New_Node,getMeanTimeToDelivery,New-Component_uvhfxqueoo,New-Node_eoylxpdfim,729431610
Move_Operation_New_Component_New_Node,printRunningTotal,New-Component_vbzeoqdynw,New-Node_whytohpkzd,1027440371
UMLCloneNode,BarCodeScanner_lrachxaicw,BarCodeScanner_lrachxaicw_djbudfnhmr,,219043057
Move_Component_New_Node,New-Component_wkitulhpbl,New-Node_ikdivnwfrl,,202782617
UMLCloneNode,EnterpriseServer,EnterpriseServer_opvlfhgjom,,506066289
Move_Operation_New_Component_New_Node,printRunningTotal,New-Component_vbzeoqdynw,New-Node_whytohpkzd,710953933
UMLCloneNode,BarCodeScanner_lrachxaicw,BarCodeScanner_lrachxaicw_djbudfnhmr,,255900736
Move_Component_New_Node,New-Component_wkitulhpbl,New-Node_ikdivnwfrl,,221277687
UMLCloneNode,New-Node_tmupgarnwt,New-Node_tmupgarnwt_qxlmgzlyul,,300112886
UMLCloneNode,EnterpriseClient,EnterpriseClient_myvpdbrfvb,,465397322
UMLCloneNode,BarCodeScanner_lrachxaicw,BarCodeScanner_lrachxaicw_djbudfnhmr,,216935845
Move_Component_New_Node,New-Component_wkitulhpbl,New-Node_ikdivnwfrl,,221611372
Move_Operation_New_Component_New_Node,getMeanTimeToDelivery,New-Component_fneeprhbuq,New-Node_pqtxgzfjrk,646234862
Move_Operation_New_Component_New_Node,queryStockItem,New-Component_wkitulhpbl,New-Node_hjsyfsiqha,675949408
Move_Operation_New_Component_New_Node,getEnterpriseByID,New-Component_dfcwzhjwdf,New-Node_nrxqfmmsbm,665949969
Move_Operation_New_Component_New_Node,saleStartedEvent,New-Component_lvruokzspx,New-Node_kxlgwevlzn,706498269
Move_Operation_New_Component_New_Node,queryOrderById,New-Component_sjvrrcwhci,New-Node_dpllxvjbpz,684133604
Move_Operation_New_Component_New_Node,queryStockItem,New-Component_wkitulhpbl,New-Node_hjsyfsiqha,648255911
Move_Operation_New_Component_New_Node,getEnterpriseByID,New-Component_dfcwzhjwdf,New-Node_nrxqfmmsbm,649116495
Move_Component_New_Node,New-Component_wkitulhpbl,New-Node_ikdivnwfrl,,537990799
UMLCloneNode,CashBox,CashBox_fjzjauyeip,,542094213
Move_Operation_New_Component_New_Node,queryStockItem,New-Component_wkitulhpbl,New-Node_hjsyfsiqha,741555362
Move_Operation_New_Component_New_Node,getEnterpriseByID,New-Component_dfcwzhjwdf,New-Node_nrxqfmmsbm,702219305
Move_Component_New_Node,Inventory,New-Node_hvikwaxuox,,580843791
Move_Operation_Component,startSale,Reporting,,371609085
Move_Operation_New_Component_New_Node,queryStockItem,New-Component_wkitulhpbl,New-Node_hjsyfsiqha,650773001
Move_Operation_New_Component_New_Node,getEnterpriseByID,New-Component_dfcwzhjwdf,New-Node_nrxqfmmsbm,739816322
Move_Component_New_Node,Inventory,New-Node_hvikwaxuox,,554491439
Move_Operation_New_Component_New_Node,saleStartedEvent,New-Component_crcgsguvhh,New-Node_zqzuulmnbi,747322948
Move_Operation_New_Component_New_Node,queryStockItem,New-Component_wkitulhpbl,New-Node_hjsyfsiqha,806387817
Move_Operation_New_Component_New_Node,getEnterpriseByID,New-Component_dfcwzhjwdf,New-Node_nrxqfmmsbm,798685845
Move_Component_New_Node,Inventory,New-Node_hvikwaxuox,,580876041
UMLCloneNode,CashBox,CashBox_fjzjauyeip,,459889986
Move_Operation_New_Component_New_Node,queryStockItem,New-Component_wkitulhpbl,New-Node_hjsyfsiqha,674894841
Move_Operation_New_Component_New_Node,getEnterpriseByID,New-Component_dfcwzhjwdf,New-Node_nrxqfmmsbm,667791061
Move_Component_New_Node,Inventory,New-Node_hvikwaxuox,,642014890
Move_Operation_New_Component_New_Node,saleStartedEvent,New-Component_nnzplssbvn,New-Node_qlslgxssle,714839600
UMLCloneNode,EnterpriseClient,EnterpriseClient_myvpdbrfvb,,451348640
UMLCloneNode,BarCodeScanner_lrachxaicw,BarCodeScanner_lrachxaicw_djbudfnhmr,,210540133
Move_Component_New_Node,New-Component_wkitulhpbl,New-Node_ikdivnwfrl,,228721825
Move_Operation_New_Component_New_Node,getTransaction,New-Component_lvknsefgfx,New-Node_qhrgdjrazd,642682461
Move_Operation_New_Component_New_Node,queryStockItem,New-Component_wkitulhpbl,New-Node_hjsyfsiqha,798054862
UMLCloneNode,BarCodeScanner_lrachxaicw,BarCodeScanner_lrachxaicw_djbudfnhmr,,247618938
Move_Operation_New_Component_New_Node,saleStartedEvent,New-Component_lvruokzspx,New-Node_kxlgwevlzn,572207197
UMLCloneNode,CashBox,CashBox_fjzjauyeip,,501419917
Move_Operation_New_Component_New_Node,queryStockItem,New-Component_wkitulhpbl,New-Node_hjsyfsiqha,643129499
Move_Operation_New_Component_New_Node,getEnterpriseByID,New-Component_dfcwzhjwdf,New-Node_nrxqfmmsbm,638109106
Move_Component_New_Node,Inventory,New-Node_hvikwaxuox,,523436469
Move_Operation_New_Component_New_Node,getMeanTimeToDelivery,New-Component_uvhfxqueoo,New-Node_eoylxpdfim,800713698
Move_Operation_New_Component_New_Node,printRunningTotal,New-Component_vbzeoqdynw,New-Node_whytohpkzd,746888673
UMLCloneNode,BarCodeScanner_lrachxaicw,BarCodeScanner_lrachxaicw_djbudfnhmr,,263911627
Move_Component_New_Node,New-Component_wkitulhpbl,New-Node_ikdivnwfrl,,276806496
UMLCloneNode,LightDisplay,LightDisplay_cgmixctzdk,,417756704
Move_Operation_New_Component_New_Node,queryStockItem,New-Component_wkitulhpbl,New-Node_hjsyfsiqha,604686367
Move_Operation_New_Component_New_Node,getEnterpriseByID,New-Component_dfcwzhjwdf,New-Node_nrxqfmmsbm,617777293
Move_Operation_New_Component_New_Node,saleStartedEvent,New-Component_lvruokzspx,New-Node_kxlgwevlzn,704839138
Move_Operation_Component,startSale,Enterprise,,335547408
Move_Operation_New_Component_New_Node,printRunningTotal,New-Component_vbzeoqdynw,New-Node_whytohpkzd,648581562
UMLCloneNode,BarCodeScanner_lrachxaicw,BarCodeScanner_lrachxaicw_djbudfnhmr,,234560923
UMLCloneNode,BarCodeScanner,BarCodeScanner_clquxlhaam,,557604616
UMLCloneNode,CashBox,CashBox_fjzjauyeip,,503373049
Move_Operation_New_Component_New_Node,queryStockItem,New-Component_wkitulhpbl,New-Node_hjsyfsiqha,681424875
UMLCloneNode,BarCodeScanner_lrachxaicw,BarCodeScanner_lrachxaicw_djbudfnhmr,,222474160
Move_Operation_New_Component_New_Node,saleStartedEvent,New-Component_lvruokzspx,New-Node_kxlgwevlzn,724855730
Move_Operation_Component,startSale,Reporting,,271687587
Move_Operation_New_Component_New_Node,queryStockItem,New-Component_wkitulhpbl,New-Node_hjsyfsiqha,1303069169
Move_Operation_New_Component_New_Node,getEnterpriseByID,New-Component_dfcwzhjwdf,New-Node_nrxqfmmsbm,672798219
Move_Component_New_Node,Inventory,New-Node_hvikwaxuox,,1263271095
Move_Operation_New_Component_New_Node,getTransaction,New-Component_lvknsefgfx,New-Node_qhrgdjrazd,696320596
Move_Operation_New_Component_New_Node,queryStockItem,New-Component_wkitulhpbl,New-Node_hjsyfsiqha,680225977
UMLCloneNode,BarCodeScanner_lrachxaicw,BarCodeScanner_lrachxaicw_djbudfnhmr,,257193671
Move_Operation_New_Component_New_Node,saleStartedEvent,New-Component_lvruokzspx,New-Node_kxlgwevlzn,674838906
UMLCloneNode,EnterpriseServer,EnterpriseServer_opvlfhgjom,,489551863
Move_Operation_New_Component_New_Node,printRunningTotal,New-Component_vbzeoqdynw,New-Node_whytohpkzd,669401871
UMLCloneNode,BarCodeScanner_lrachxaicw,BarCodeScanner_lrachxaicw_djbudfnhmr,,194173435
Move_Component_New_Node,New-Component_wkitulhpbl,New-Node_ikdivnwfrl,,224903745
UMLCloneNode,BarCodeScanner,BarCodeScanner_dbjzxybcip,,466215167
Move_Operation_New_Component_New_Node,printRunningTotal,New-Component_vbzeoqdynw,New-Node_whytohpkzd,573195860
UMLCloneNode,CashBox,CashBox_jqcmfstqqi,,416326993
Move_Component_New_Node,New-Component_wkitulhpbl,New-Node_ikdivnwfrl,,268759457
UMLCloneNode,EnterpriseServer,EnterpriseServer_opvlfhgjom,,477991147
Move_Operation_New_Component_New_Node,printRunningTotal,New-Component_vbzeoqdynw,New-Node_whytohpkzd,628423966
UMLCloneNode,BarCodeScanner_lrachxaicw,BarCodeScanner_lrachxaicw_djbudfnhmr,,226374273
UMLCloneNode,LightDisplay,LightDisplay_polmczeitb,,539610807
Move_Operation_Component,startSale,Reporting,,280335994
Move_Operation_New_Component_New_Node,queryStockItem,New-Component_wkitulhpbl,New-Node_hjsyfsiqha,632711535
Move_Operation_New_Component_New_Node,getEnterpriseByID,New-Component_dfcwzhjwdf,New-Node_nrxqfmmsbm,623073834
Move_Component_New_Node,New-Component_wkitulhpbl,New-Node_ikdivnwfrl,,505531797
Move_Operation_Component,saleStartedEvent,AppStore,,334741747
Move_Operation_New_Component_New_Node,queryStockItem,New-Component_wkitulhpbl,New-Node_hjsyfsiqha,651766014
Move_Operation_New_Component_New_Node,getEnterpriseByID,New-Component_dfcwzhjwdf,New-Node_nrxqfmmsbm,634392687
Move_Operation_New_Component_New_Node,saleStartedEvent,New-Component_lvruokzspx,New-Node_kxlgwevlzn,633220128
UMLCloneNode,EnterpriseServer,EnterpriseServer_opvlfhgjom,,507362179
Move_Operation_New_Component_New_Node,printRunningTotal,New-Component_vbzeoqdynw,New-Node_whytohpkzd,657312143
UMLCloneNode,BarCodeScanner_lrachxaicw,BarCodeScanner_lrachxaicw_djbudfnhmr,,217726889
Move_Component_New_Node,New-Component_wkitulhpbl,New-Node_ikdivnwfrl,,240249559
Move_Operation_Component,startSale,Reporting,,313951885
Move_Operation_New_Component_New_Node,queryStockItem,New-Component_wkitulhpbl,New-Node_hjsyfsiqha,763106883
Move_Operation_New_Component_New_Node,getEnterpriseByID,New-Component_dfcwzhjwdf,New-Node_nrxqfmmsbm,713255479
Move_Component_New_Node,Inventory,New-Node_hvikwaxuox,,609431153
Move_Operation_New_Component_New_Node,saleStartedEvent,New-Component_crcgsguvhh,New-Node_zqzuulmnbi,717495279
Move_Operation_New_Component_New_Node,queryStockItem,New-Component_wkitulhpbl,New-Node_hjsyfsiqha,659396091
Move_Operation_New_Component_New_Node,getEnterpriseByID,New-Component_dfcwzhjwdf,New-Node_nrxqfmmsbm,642509296
Move_Component_New_Node,Inventory,New-Node_hvikwaxuox,,503386464
Move_Operation_Component,getTransactionContext,New-Component_hetbzfvnme,,263244326
Move_Operation_New_Component_New_Node,queryStockItem,New-Component_wkitulhpbl,New-Node_hjsyfsiqha,731155562
Move_Operation_New_Component_New_Node,getEnterpriseByID,New-Component_dfcwzhjwdf,New-Node_nrxqfmmsbm,729330541
Move_Component_New_Node,Inventory,New-Node_hvikwaxuox,,588773289
Move_Operation_Component,startSale,Enterprise,,318086387
Move_Operation_New_Component_New_Node,printRunningTotal,New-Component_vbzeoqdynw,New-Node_whytohpkzd,638502344
UMLCloneNode,BarCodeScanner_lrachxaicw,BarCodeScanner_lrachxaicw_djbudfnhmr,,209306811
Move_Component_New_Node,New-Component_wkitulhpbl,New-Node_ikdivnwfrl,,212475121
UMLCloneNode,CashBox,CashBox_fjzjauyeip,,499956132
Move_Operation_New_Component_New_Node,queryStockItem,New-Component_wkitulhpbl,New-Node_hjsyfsiqha,721814207
UMLCloneNode,BarCodeScanner_lrachxaicw,BarCodeScanner_lrachxaicw_djbudfnhmr,,234778411
Move_Operation_New_Component_New_Node,saleStartedEvent,New-Component_lvruokzspx,New-Node_kxlgwevlzn,647583741
UMLCloneNode,EnterpriseClient,EnterpriseClient_hwtqoehiqy,,467324647
Move_Operation_New_Component_New_Node,printRunningTotal,New-Component_vbzeoqdynw,New-Node_whytohpkzd,612751850
UMLCloneNode,CashBox,CashBox_jqcmfstqqi,,492237830
Move_Component_New_Node,New-Component_wkitulhpbl,New-Node_ikdivnwfrl,,263368739
Move_Operation_Component,startSale,Enterprise,,320700660
Move_Operation_New_Component_New_Node,printRunningTotal,New-Component_vbzeoqdynw,New-Node_whytohpkzd,639049178
UMLCloneNode,BarCodeScanner_lrachxaicw,BarCodeScanner_lrachxaicw_djbudfnhmr,,225365782
UMLCloneNode,BarCodeScanner,BarCodeScanner_clquxlhaam,,467643444
UMLCloneNode,StoreServer,StoreServer_kemexhiqkq,,467273561
UMLCloneNode,EnterpriseClient,EnterpriseClient_myvpdbrfvb,,374357659
UMLCloneNode,BarCodeScanner_lrachxaicw,BarCodeScanner_lrachxaicw_djbudfnhmr,,189488951
Move_Component_New_Node,New-Component_wkitulhpbl,New-Node_ikdivnwfrl,,195750952
UMLCloneNode,CashBox,CashBox_fjzjauyeip,,1014437891
Move_Operation_New_Component_New_Node,queryStockItem,New-Component_wkitulhpbl,New-Node_hjsyfsiqha,742758258
UMLCloneNode,BarCodeScanner_lrachxaicw,BarCodeScanner_lrachxaicw_djbudfnhmr,,248018126
Move_Operation_New_Component_New_Node,saleStartedEvent,New-Component_lvruokzspx,New-Node_kxlgwevlzn,811176215
Move_Operation_New_Component_New_Node,getTransaction,New-Component_lvknsefgfx,New-Node_qhrgdjrazd,674843004
Move_Operation_New_Component_New_Node,queryStockItem,New-Component_wkitulhpbl,New-Node_hjsyfsiqha,645242471
UMLCloneNode,BarCodeScanner_lrachxaicw,BarCodeScanner_lrachxaicw_djbudfnhmr,,206655699
Move_Operation_New_Component_New_Node,saleStartedEvent,New-Component_lvruokzspx,New-Node_kxlgwevlzn,780429324
UMLCloneNode,EnterpriseClient,EnterpriseClient_hwtqoehiqy,,505380363
Move_Operation_New_Component_New_Node,printRunningTotal,New-Component_vbzeoqdynw,New-Node_whytohpkzd,748057995
UMLCloneNode,CashBox,CashBox_jqcmfstqqi,,482848264
Move_Component_New_Node,New-Component_wkitulhpbl,New-Node_ikdivnwfrl,,228181061
Move_Operation_Component,startSale,Reporting,,298312631
Move_Operation_New_Component_New_Node,queryStockItem,New-Component_wkitulhpbl,New-Node_hjsyfsiqha,625278989
Move_Operation_New_Component_New_Node,getEnterpriseByID,New-Component_dfcwzhjwdf,New-Node_nrxqfmmsbm,629692495
Move_Component_New_Node,New-Component_wkitulhpbl,New-Node_ikdivnwfrl,,543416392
Move_Operation_New_Component_New_Node,saleStartedEvent,New-Component_baugodhpqh,New-Node_abewdzklra,822502643
Move_Operation_New_Component_New_Node,queryStockItem,New-Component_wkitulhpbl,New-Node_hjsyfsiqha,787537451
Move_Operation_New_Component_New_Node,getEnterpriseByID,New-Component_dfcwzhjwdf,New-Node_nrxqfmmsbm,699630512
Move_Component_New_Node,New-Component_wkitulhpbl,New-Node_ikdivnwfrl,,584335338
Move_Operation_Component,startSale,Reporting,,339502634
Move_Operation_New_Component_New_Node,queryStockItem,New-Component_wkitulhpbl,New-Node_hjsyfsiqha,714992547
Move_Operation_New_Component_New_Node,getEnterpriseByID,New-Component_dfcwzhjwdf,New-Node_nrxqfmmsbm,710711740
Move_Component_New_Node,Inventory,New-Node_hvikwaxuox,,603830181
Move_Operation_New_Component_New_Node,getTransaction,New-Component_lvknsefgfx,New-Node_qhrgdjrazd,701843050
Move_Operation_New_Component_New_Node,queryStockItem,New-Component_wkitulhpbl,New-Node_hjsyfsiqha,668742014
UMLCloneNode,BarCodeScanner_lrachxaicw,BarCodeScanner_lrachxaicw_djbudfnhmr,,217519991
Move_Operation_New_Component_New_Node,saleStartedEvent,New-Component_lvruokzspx,New-Node_kxlgwevlzn,787869484
UMLCloneNode,EnterpriseClient,EnterpriseClient_hwtqoehiqy,,477095087
Move_Operation_New_Component_New_Node,printRunningTotal,New-Component_vbzeoqdynw,New-Node_whytohpkzd,623113719
UMLCloneNode,CashBox,CashBox_jqcmfstqqi,,442026151
Move_Component_New_Node,New-Component_wkitulhpbl,New-Node_ikdivnwfrl,,214926959
UMLCloneNode,CashBox,CashBox_fjzjauyeip,,481508131
Move_Operation_New_Component_New_Node,queryStockItem,New-Component_wkitulhpbl,New-Node_hjsyfsiqha,939721313
UMLCloneNode,BarCodeScanner_lrachxaicw,BarCodeScanner_lrachxaicw_djbudfnhmr,,236954251
Move_Operation_New_Component_New_Node,saleStartedEvent,New-Component_lvruokzspx,New-Node_kxlgwevlzn,645223335
Move_Operation_Component,startSale,Reporting,,396635010
Move_Operation_New_Component_New_Node,queryStockItem,New-Component_wkitulhpbl,New-Node_hjsyfsiqha,643673219
Move_Operation_New_Component_New_Node,getEnterpriseByID,New-Component_dfcwzhjwdf,New-Node_nrxqfmmsbm,638419568
Move_Component_New_Node,Inventory,New-Node_hvikwaxuox,,555312568
Move_Operation_Component,productBarCodeScannedEvent,Enterprise,,323740059
Move_Operation_New_Component_New_Node,queryStockItem,New-Component_wkitulhpbl,New-Node_hjsyfsiqha,619582057
Move_Operation_New_Component_New_Node,getEnterpriseByID,New-Component_dfcwzhjwdf,New-Node_nrxqfmmsbm,636255490
Move_Operation_New_Component_New_Node,saleStartedEvent,New-Component_lvruokzspx,New-Node_kxlgwevlzn,624475071
UMLCloneNode,CashBox,CashBox_fjzjauyeip,,407005014
Move_Operation_New_Component_New_Node,queryStockItem,New-Component_wkitulhpbl,New-Node_hjsyfsiqha,599052643
UMLCloneNode,BarCodeScanner_lrachxaicw,BarCodeScanner_lrachxaicw_djbudfnhmr,,210752081
Move_Operation_New_Component_New_Node,saleStartedEvent,New-Component_lvruokzspx,New-Node_kxlgwevlzn,590420878
UMLCloneNode,EnterpriseClient,EnterpriseClient_hwtqoehiqy,,502181746
Move_Operation_New_Component_New_Node,printRunningTotal,New-Component_vbzeoqdynw,New-Node_whytohpkzd,681284803
Move_Operation_New_Component_New_Node,getEnterpriseByID,New-Component_dfcwzhjwdf,New-Node_nrxqfmmsbm,645524289
Move_Component_New_Node,Inventory,New-Node_hvikwaxuox,,513483778
Move_Operation_Component,getMeanTimeToDeliveryReport,CashDeskApplication,,357029858
Move_Operation_New_Component_New_Node,queryStockItem,New-Component_wkitulhpbl,New-Node_hjsyfsiqha,758391711
Move_Operation_New_Component_New_Node,getEnterpriseByID,New-Component_dfcwzhjwdf,New-Node_nrxqfmmsbm,744602446
Move_Operation_New_Component_New_Node,saleStartedEvent,New-Component_lvruokzspx,New-Node_kxlgwevlzn,732884234
Move_Operation_New_Component_New_Node,getMeanTimeToDelivery,New-Component_fneeprhbuq,New-Node_pqtxgzfjrk,825579462
Move_Operation_New_Component_New_Node,queryStockItem,New-Component_wkitulhpbl,New-Node_hjsyfsiqha,680947029
Move_Operation_New_Component_New_Node,getEnterpriseByID,New-Component_dfcwzhjwdf,New-Node_nrxqfmmsbm,669567161
Move_Operation_New_Component_New_Node,saleStartedEvent,New-Component_lvruokzspx,New-Node_kxlgwevlzn,692868793
UMLCloneNode,StoreServer,StoreServer_kemexhiqkq,,490080816
UMLCloneNode,EnterpriseClient,EnterpriseClient_myvpdbrfvb,,468004852
UMLCloneNode,BarCodeScanner_lrachxaicw,BarCodeScanner_lrachxaicw_djbudfnhmr,,230333306
Move_Operation_New_Component_New_Node,rollInReceivedOrder,New-Component_wcrmukywtj,New-Node_nuloqgtsdm,789394563
Move_Operation_New_Component_New_Node,getMeanTimeToDelivery,New-Component_fneeprhbuq,New-Node_pqtxgzfjrk,667845113
Move_Operation_New_Component_New_Node,queryStockItem,New-Component_wkitulhpbl,New-Node_hjsyfsiqha,1206648846
Move_Operation_New_Component_New_Node,getEnterpriseByID,New-Component_dfcwzhjwdf,New-Node_nrxqfmmsbm,675641441
Move_Operation_New_Component_New_Node,saleStartedEvent,New-Component_lvruokzspx,New-Node_kxlgwevlzn,650460976
Move_Operation_New_Component_New_Node,saleStartedEvent,New-Component_baugodhpqh,New-Node_abewdzklra,772347950
Move_Operation_New_Component_New_Node,queryStockItem,New-Component_wkitulhpbl,New-Node_hjsyfsiqha,752260916
Move_Operation_New_Component_New_Node,getEnterpriseByID,New-Component_dfcwzhjwdf,New-Node_nrxqfmmsbm,636984276
Move_Component_New_Node,New-Component_wkitulhpbl,New-Node_ikdivnwfrl,,507229570
Move_Operation_Component,startSale,Reporting,,316645045
Move_Operation_New_Component_New_Node,queryStockItem,New-Component_wkitulhpbl,New-Node_hjsyfsiqha,649545410
Move_Operation_New_Component_New_Node,getEnterpriseByID,New-Component_dfcwzhjwdf,New-Node_nrxqfmmsbm,638830849
Move_Component_New_Node,Inventory,New-Node_hvikwaxuox,,511494186
UMLCloneNode,EnterpriseClient,EnterpriseClient_hwtqoehiqy,,517532548
Move_Operation_New_Component_New_Node,printRunningTotal,New-Component_vbzeoqdynw,New-Node_whytohpkzd,649600693
UMLCloneNode,BarCodeScanner_lrachxaicw,BarCodeScanner_lrachxaicw_djbudfnhmr,,216170540
Move_Component_New_Node,New-Component_wkitulhpbl,New-Node_ikdivnwfrl,,229029020
Move_Operation_Component,startSale,Enterprise,,353987254
Move_Operation_New_Component_New_Node,printRunningTotal,New-Component_vbzeoqdynw,New-Node_whytohpkzd,660232188
UMLCloneNode,BarCodeScanner_lrachxaicw,BarCodeScanner_lrachxaicw_djbudfnhmr,,214492705
Move_Component_New_Node,New-Component_wkitulhpbl,New-Node_ikdivnwfrl,,215982678
UMLCloneNode,CashBox,CashBox_fjzjauyeip,,516001097
Move_Operation_New_Component_New_Node,queryStockItem,New-Component_wkitulhpbl,New-Node_hjsyfsiqha,660990910
UMLCloneNode,BarCodeScanner_lrachxaicw,BarCodeScanner_lrachxaicw_djbudfnhmr,,244116490
Move_Operation_New_Component_New_Node,saleStartedEvent,New-Component_lvruokzspx,New-Node_kxlgwevlzn,678854005
UMLCloneNode,EnterpriseServer,EnterpriseServer_opvlfhgjom,,447795949
Move_Operation_New_Component_New_Node,printRunningTotal,New-Component_vbzeoqdynw,New-Node_whytohpkzd,560066141
UMLCloneNode,BarCodeScanner_lrachxaicw,BarCodeScanner_lrachxaicw_djbudfnhmr,,194840045
Move_Component_New_Node,New-Component_wkitulhpbl,New-Node_ikdivnwfrl,,186443281
Move_Operation_Component,startSale,Enterprise,,355253558
Move_Operation_New_Component_New_Node,printRunningTotal,New-Component_vbzeoqdynw,New-Node_whytohpkzd,665245919
Move_Operation_New_Component_New_Node,printRunningTotal,New-Component_cwzeydixvt,New-Node_gjntzqspfk,733158308
Move_Component_New_Node,New-Component_wkitulhpbl,New-Node_ikdivnwfrl,,225851994
Move_Operation_New_Component_New_Node,saleStartedEvent,New-Component_baugodhpqh,New-Node_abewdzklra,772498343
Move_Operation_New_Component_New_Node,queryStockItem,New-Component_wkitulhpbl,New-Node_hjsyfsiqha,806941345
Move_Operation_New_Component_New_Node,getEnterpriseByID,New-Component_dfcwzhjwdf,New-Node_nrxqfmmsbm,768298417
Move_Component_New_Node,New-Component_wkitulhpbl,New-Node_ikdivnwfrl,,1093499075
Move_Operation_Component,startSale,Enterprise,,301400971
Move_Operation_New_Component_New_Node,printRunningTotal,New-Component_vbzeoqdynw,New-Node_whytohpkzd,663973673
UMLCloneNode,BarCodeScanner_lrachxaicw,BarCodeScanner_lrachxaicw_djbudfnhmr,,231620339
UMLCloneNode,BarCodeScanner,BarCodeScanner_clquxlhaam,,548826988
UMLCloneNode,BarCodeScanner,BarCodeScanner_sakifxpglm,,514492569
Move_Operation_New_Component_New_Node,queryStockItem,New-Component_wkitulhpbl,New-Node_hjsyfsiqha,658839777
Move_Operation_New_Component_New_Node,getEnterpriseByID,New-Component_dfcwzhjwdf,New-Node_nrxqfmmsbm,659363579
Move_Component_New_Node,New-Component_wkitulhpbl,New-Node_ikdivnwfrl,,530469988
Move_Operation_Component,startSale,Enterprise,,308644513
Move_Operation_New_Component_New_Node,printRunningTotal,New-Component_vbzeoqdynw,New-Node_whytohpkzd,640515397
UMLCloneNode,BarCodeScanner_lrachxaicw,BarCodeScanner_lrachxaicw_djbudfnhmr,,209482009
Move_Component_New_Node,New-Component_wkitulhpbl,New-Node_ikdivnwfrl,,213593448
UMLCloneNode,BarCodeScanner,BarCodeScanner_dbjzxybcip,,593380257
Move_Operation_New_Component_New_Node,printRunningTotal,New-Component_vbzeoqdynw,New-Node_whytohpkzd,652045538
UMLCloneNode,CashBox,CashBox_jqcmfstqqi,,444920678
Move_Component_New_Node,New-Component_wkitulhpbl,New-Node_ikdivnwfrl,,240703561
Move_Operation_New_Component_New_Node,saleStartedEvent,New-Component_crcgsguvhh,New-Node_zqzuulmnbi,581220667
Move_Operation_New_Component_New_Node,queryStockItem,New-Component_wkitulhpbl,New-Node_hjsyfsiqha,605120130
Move_Operation_New_Component_New_Node,getEnterpriseByID,New-Component_dfcwzhjwdf,New-Node_nrxqfmmsbm,575959973
Move_Component_New_Node,Inventory,New-Node_hvikwaxuox,,686063031
Move_Operation_New_Component_New_Node,getTransaction,New-Component_lvknsefgfx,New-Node_qhrgdjrazd,707270346
Move_Operation_New_Component_New_Node,queryStockItem,New-Component_wkitulhpbl,New-Node_hjsyfsiqha,644731704
UMLCloneNode,BarCodeScanner_lrachxaicw,BarCodeScanner_lrachxaicw_djbudfnhmr,,214345789
Move_Operation_New_Component_New_Node,saleStartedEvent,New-Component_lvruokzspx,New-Node_kxlgwevlzn,626290916
UMLCloneNode,EnterpriseClient,EnterpriseClient_hwtqoehiqy,,535176853
Move_Operation_New_Component_New_Node,printRunningTotal,New-Component_vbzeoqdynw,New-Node_whytohpkzd,678736835
Move_Operation_New_Component_New_Node,scanProduct,New-Component_ngmtjsfuny,New-Node_lqwoxwoxit,706508448
Move_Component_New_Node,New-Component_wkitulhpbl,New-Node_ikdivnwfrl,,226861546
Move_Operation_New_Component_New_Node,getMeanTimeToDelivery,New-Component_fneeprhbuq,New-Node_pqtxgzfjrk,676067831
Move_Operation_New_Component_New_Node,queryStockItem,New-Component_wkitulhpbl,New-Node_hjsyfsiqha,910070607
Move_Operation_New_Component_New_Node,getEnterpriseByID,New-Component_dfcwzhjwdf,New-Node_nrxqfmmsbm,625087480
Move_Operation_New_Component_New_Node,saleStartedEvent,New-Component_lvruokzspx,New-Node_kxlgwevlzn,644904528
Move_Operation_Component,startSale,Enterprise,,312734522
Move_Operation_New_Component_New_Node,printRunningTotal,New-Component_vbzeoqdynw,New-Node_whytohpkzd,660468481
Move_Operation_New_Component_New_Node,printRunningTotal,New-Component_cwzeydixvt,New-Node_gjntzqspfk,647025504
Move_Component_New_Node,New-Component_wkitulhpbl,New-Node_ikdivnwfrl,,241392783
Move_Operation_New_Component_New_Node,saleStartedEvent,New-Component_crcgsguvhh,New-Node_zqzuulmnbi,695870792
Move_Operation_New_Component_New_Node,queryStockItem,New-Component_wkitulhpbl,New-Node_hjsyfsiqha,730658541
Move_Operation_New_Component_New_Node,getEnterpriseByID,New-Component_dfcwzhjwdf,New-Node_nrxqfmmsbm,711479288
Move_Component_New_Node,Inventory,New-Node_hvikwaxuox,,560212926
UMLCloneNode,CashBox,CashBox_fjzjauyeip,,623723312
Move_Operation_New_Component_New_Node,queryStockItem,New-Component_wkitulhpbl,New-Node_hjsyfsiqha,751508605
Move_Operation_New_Component_New_Node,getEnterpriseByID,New-Component_dfcwzhjwdf,New-Node_nrxqfmmsbm,802577382
Move_Component_New_Node,Inventory,New-Node_hvikwaxuox,,629216612
Move_Operation_New_Component_New_Node,getTransaction,New-Component_lvknsefgfx,New-Node_qhrgdjrazd,711500348
Move_Operation_New_Component_New_Node,queryStockItem,New-Component_wkitulhpbl,New-Node_hjsyfsiqha,682210619
UMLCloneNode,BarCodeScanner_lrachxaicw,BarCodeScanner_lrachxaicw_djbudfnhmr,,234999055
Move_Operation_New_Component_New_Node,saleStartedEvent,New-Component_lvruokzspx,New-Node_kxlgwevlzn,682080253
Move_Component_New_Node,CashBoxController,New-Node_ifyeucmlef,,561536949
Move_Operation_New_Component_New_Node,queryStockItem,New-Component_wkitulhpbl,New-Node_hjsyfsiqha,695802073
UMLCloneNode,BarCodeScanner_lrachxaicw,BarCodeScanner_lrachxaicw_djbudfnhmr,,250078660
Move_Operation_New_Component_New_Node,saleStartedEvent,New-Component_lvruokzspx,New-Node_kxlgwevlzn,655906487
UMLCloneNode,New-Node_owzpgbuufq,New-Node_owzpgbuufq_nosvborzin,,250496934
Move_Operation_New_Component_New_Node,printRunningTotal,New-Component_vbzeoqdynw,New-Node_whytohpkzd,703755837
Move_Operation_New_Component_New_Node,scanProduct,New-Component_ngmtjsfuny,New-Node_lqwoxwoxit,732058235
Move_Component_New_Node,New-Component_wkitulhpbl,New-Node_ikdivnwfrl,,242893427
Move_Operation_New_Component_New_Node,queryOrderById,New-Component_sjvrrcwhci,New-Node_dpllxvjbpz,687645459
Move_Operation_New_Component_New_Node,queryStockItem,New-Component_wkitulhpbl,New-Node_hjsyfsiqha,672453654
Move_Operation_New_Component_New_Node,getEnterpriseByID,New-Component_dfcwzhjwdf,New-Node_nrxqfmmsbm,625419823
Move_Component_New_Node,New-Component_wkitulhpbl,New-Node_ikdivnwfrl,,502127553
Move_Operation_Component,startSale,Enterprise,,270374064
Move_Operation_New_Component_New_Node,printRunningTotal,New-Component_vbzeoqdynw,New-Node_whytohpkzd,651135821
Move_Operation_New_Component_New_Node,printRunningTotal,New-Component_cwzeydixvt,New-Node_gjntzqspfk,770866042
Move_Component_New_Node,New-Component_wkitulhpbl,New-Node_ikdivnwfrl,,255702434
UMLCloneNode,EnterpriseClient,EnterpriseClient_hwtqoehiqy,,535129855
Move_Operation_New_Component_New_Node,printRunningTotal,New-Component_vbzeoqdynw,New-Node_whytohpkzd,710524649
UMLCloneNode,BarCodeScanner_lrachxaicw,BarCodeScanner_lrachxaicw_djbudfnhmr,,238998334
Move_Component_New_Node,New-Component_wkitulhpbl,New-Node_ikdivnwfrl,,232699002
UMLCloneNode,BarCodeScanner,BarCodeScanner_dbjzxybcip,,553337014
Move_Operation_New_Component_New_Node,printRunningTotal,New-Component_vbzeoqdynw,New-Node_whytohpkzd,674391407
UMLCloneNode,CashBox,CashBox_jqcmfstqqi,,473645719
Move_Component_New_Node,New-Component_wkitulhpbl,New-Node_ikdivnwfrl,,224509015
UMLCloneNode,EnterpriseClient,EnterpriseClient_hwtqoehiqy,,519031109
Move_Operation_New_Component_New_Node,printRunningTotal,New-Component_vbzeoqdynw,New-Node_whytohpkzd,709818144
Move_Operation_New_Component_New_Node,scanProduct,New-Component_ngmtjsfuny,New-Node_lqwoxwoxit,733313469
Move_Component_New_Node,New-Component_wkitulhpbl,New-Node_ikdivnwfrl,,248439055
UMLCloneNode,EnterpriseClient,EnterpriseClient_hwtqoehiqy,,531707307
Move_Operation_New_Component_New_Node,printRunningTotal,New-Component_vbzeoqdynw,New-Node_whytohpkzd,635391861
UMLCloneNode,CashBox,CashBox_jqcmfstqqi,,446662253
Move_Component_New_Node,New-Component_wkitulhpbl,New-Node_ikdivnwfrl,,216341111
Move_Operation_New_Component_New_Node,saleStartedEvent,New-Component_crcgsguvhh,New-Node_zqzuulmnbi,670353245
Move_Operation_New_Component_New_Node,queryStockItem,New-Component_wkitulhpbl,New-Node_hjsyfsiqha,645281174
Move_Operation_New_Component_New_Node,getEnterpriseByID,New-Component_dfcwzhjwdf,New-Node_nrxqfmmsbm,640212460
Move_Component_New_Node,Inventory,New-Node_hvikwaxuox,,531684194
Move_Operation_New_Component_New_Node,saleStartedEvent,New-Component_baugodhpqh,New-Node_abewdzklra,582168044
Move_Operation_New_Component_New_Node,queryStockItem,New-Component_wkitulhpbl,New-Node_hjsyfsiqha,590157805
Move_Operation_New_Component_New_Node,getEnterpriseByID,New-Component_dfcwzhjwdf,New-Node_nrxqfmmsbm,693993632
Move_Component_New_Node,New-Component_wkitulhpbl,New-Node_ikdivnwfrl,,433956029
Move_Operation_New_Component_New_Node,saleStartedEvent,New-Component_crcgsguvhh,New-Node_zqzuulmnbi,739868490
Move_Operation_New_Component_New_Node,queryStockItem,New-Component_wkitulhpbl,New-Node_hjsyfsiqha,705598813
Move_Operation_New_Component_New_Node,getEnterpriseByID,New-Component_dfcwzhjwdf,New-Node_nrxqfmmsbm,642869091
Move_Component_New_Node,Inventory,New-Node_hvikwaxuox,,519334558
Move_Operation_Component,startSale,Reporting,,313777578
Move_Operation_New_Component_New_Node,queryStockItem,New-Component_wkitulhpbl,New-Node_hjsyfsiqha,755376959
Move_Operation_New_Component_New_Node,getEnterpriseByID,New-Component_dfcwzhjwdf,New-Node_nrxqfmmsbm,1453491768
Move_Component_New_Node,CashDeskApplication,New-Node_ilaruayxhm,,579456910
UMLCloneNode,StoreServer,StoreServer_kemexhiqkq,,522457353
UMLCloneNode,EnterpriseClient,EnterpriseClient_myvpdbrfvb,,483269033
UMLCloneNode,BarCodeScanner_lrachxaicw,BarCodeScanner_lrachxaicw_djbudfnhmr,,226202301
Move_Component_New_Node,New-Component_wkitulhpbl,New-Node_ikdivnwfrl,,231677306
Move_Operation_Component,startSale,Reporting,,300687424
Move_Operation_New_Component_New_Node,queryStockItem,New-Component_wkitulhpbl,New-Node_hjsyfsiqha,683852346
Move_Operation_New_Component_New_Node,getEnterpriseByID,New-Component_dfcwzhjwdf,New-Node_nrxqfmmsbm,654285758
Move_Component_New_Node,Inventory,New-Node_hvikwaxuox,,533943030
UMLCloneNode,New-Node_owzpgbuufq,New-Node_owzpgbuufq_nosvborzin,,266376639
Move_Operation_New_Component_New_Node,printRunningTotal,New-Component_vbzeoqdynw,New-Node_whytohpkzd,682780056
Move_Operation_New_Component_New_Node,scanProduct,New-Component_ngmtjsfuny,New-Node_lqwoxwoxit,684276111
Move_Component_New_Node,New-Component_wkitulhpbl,New-Node_ikdivnwfrl,,233751045
Move_Operation_New_Component_New_Node,queryOrderById,New-Component_sjvrrcwhci,New-Node_dpllxvjbpz,715864121
Move_Operation_New_Component_New_Node,queryStockItem,New-Component_wkitulhpbl,New-Node_hjsyfsiqha,698485084
Move_Operation_New_Component_New_Node,getEnterpriseByID,New-Component_dfcwzhjwdf,New-Node_nrxqfmmsbm,682869284
Move_Component_New_Node,New-Component_wkitulhpbl,New-Node_ikdivnwfrl,,543658737
Move_Operation_Component,startSale,Reporting,,280003831
Move_Operation_New_Component_New_Node,queryStockItem,New-Component_wkitulhpbl,New-Node_hjsyfsiqha,647727050
Move_Operation_New_Component_New_Node,getEnterpriseByID,New-Component_dfcwzhjwdf,New-Node_nrxqfmmsbm,639951821
Move_Component_New_Node,New-Component_wkitulhpbl,New-Node_ikdivnwfrl,,544213698
Move_Operation_New_Component_New_Node,getTransaction,New-Component_lvknsefgfx,New-Node_qhrgdjrazd,687480770
Move_Operation_New_Component_New_Node,queryStockItem,New-Component_wkitulhpbl,New-Node_hjsyfsiqha,644848092
UMLCloneNode,BarCodeScanner_lrachxaicw,BarCodeScanner_lrachxaicw_djbudfnhmr,,209937122
Move_Operation_New_Component_New_Node,saleStartedEvent,New-Component_lvruokzspx,New-Node_kxlgwevlzn,760020747
UMLCloneNode,BarCodeScanner,BarCodeScanner_dbjzxybcip,,464960694
Move_Operation_New_Component_New_Node,printRunningTotal,New-Component_vbzeoqdynw,New-Node_whytohpkzd,628187523
UMLCloneNode,CashBox,CashBox_jqcmfstqqi,,467883164
Move_Component_New_Node,New-Component_wkitulhpbl,New-Node_ikdivnwfrl,,226052820
Move_Operation_New_Component_New_Node,getMeanTimeToDelivery,New-Component_fneeprhbuq,New-Node_pqtxgzfjrk,1053735846
Move_Operation_New_Component_New_Node,queryStockItem,New-Component_wkitulhpbl,New-Node_hjsyfsiqha,687986087
Move_Operation_New_Component_New_Node,getEnterpriseByID,New-Component_dfcwzhjwdf,New-Node_nrxqfmmsbm,867844010
Move_Operation_New_Component_New_Node,saleStartedEvent,New-Component_lvruokzspx,New-Node_kxlgwevlzn,775926751
Move_Operation_New_Component_New_Node,saleStartedEvent,New-Component_crcgsguvhh,New-Node_zqzuulmnbi,704037745
Move_Operation_New_Component_New_Node,queryStockItem,New-Component_wkitulhpbl,New-Node_hjsyfsiqha,684639523
Move_Operation_New_Component_New_Node,getEnterpriseByID,New-Component_dfcwzhjwdf,New-Node_nrxqfmmsbm,673675885
Move_Component_New_Node,Inventory,New-Node_hvikwaxuox,,562061964
UMLCloneNode,EnterpriseClient,EnterpriseClient_hwtqoehiqy,,564413212
Move_Operation_New_Component_New_Node,printRunningTotal,New-Component_vbzeoqdynw,New-Node_whytohpkzd,804453890
UMLCloneNode,BarCodeScanner_lrachxaicw,BarCodeScanner_lrachxaicw_djbudfnhmr,,256696809
Move_Component_New_Node,New-Component_wkitulhpbl,New-Node_ikdivnwfrl,,261950170
UMLCloneNode,BarCodeScanner,BarCodeScanner_sakifxpglm,,568197398
Move_Operation_New_Component_New_Node,queryStockItem,New-Component_wkitulhpbl,New-Node_hjsyfsiqha,767556345
Move_Operation_New_Component_New_Node,getEnterpriseByID,New-Component_dfcwzhjwdf,New-Node_nrxqfmmsbm,699440506
Move_Component_New_Node,New-Component_wkitulhpbl,New-Node_ikdivnwfrl,,597373264
Move_Operation_New_Component_New_Node,saleStartedEvent,New-Component_baugodhpqh,New-Node_abewdzklra,730752958
Move_Operation_New_Component_New_Node,queryStockItem,New-Component_wkitulhpbl,New-Node_hjsyfsiqha,695254065
Move_Operation_New_Component_New_Node,getEnterpriseByID,New-Component_dfcwzhjwdf,New-Node_nrxqfmmsbm,694161477
Move_Component_New_Node,New-Component_wkitulhpbl,New-Node_ikdivnwfrl,,576162392
Move_Operation_Component,startSale,Enterprise,,347823285
Move_Operation_New_Component_New_Node,printRunningTotal,New-Component_vbzeoqdynw,New-Node_whytohpkzd,639350544
Move_Operation_New_Component_New_Node,printRunningTotal,New-Component_cwzeydixvt,New-Node_gjntzqspfk,687252001
Move_Component_New_Node,New-Component_wkitulhpbl,New-Node_ikdivnwfrl,,260557298
Move_Operation_New_Component_New_Node,saleStartedEvent,New-Component_baugodhpqh,New-Node_abewdzklra,682133403
Move_Operation_New_Component_New_Node,queryStockItem,New-Component_wkitulhpbl,New-Node_hjsyfsiqha,671817881
Move_Operation_New_Component_New_Node,getEnterpriseByID,New-Component_dfcwzhjwdf,New-Node_nrxqfmmsbm,769657556
Move_Component_New_Node,New-Component_wkitulhpbl,New-Node_ikdivnwfrl,,628456256
UMLCloneNode,EnterpriseClient,EnterpriseClient_hwtqoehiqy,,503109665
Move_Operation_New_Component_New_Node,printRunningTotal,New-Component_vbzeoqdynw,New-Node_whytohpkzd,612948689
Move_Operation_New_Component_New_Node,scanProduct,New-Component_ngmtjsfuny,New-Node_lqwoxwoxit,787713241
Move_Component_New_Node,New-Component_wkitulhpbl,New-Node_ikdivnwfrl,,249310619
Move_Operation_Component,startSale,Reporting,,319279094
Move_Operation_New_Component_New_Node,queryStockItem,New-Component_wkitulhpbl,New-Node_hjsyfsiqha,1507249958
Move_Operation_New_Component_New_Node,getEnterpriseByID,New-Component_dfcwzhjwdf,New-Node_nrxqfmmsbm,690732116
Move_Component_New_Node,New-Component_wkitulhpbl,New-Node_ikdivnwfrl,,543853231
Move_Operation_New_Component_New_Node,saleStartedEvent,New-Component_baugodhpqh,New-Node_abewdzklra,766772015
Move_Operation_New_Component_New_Node,queryStockItem,New-Component_wkitulhpbl,New-Node_hjsyfsiqha,715182953
Move_Operation_New_Component_New_Node,getEnterpriseByID,New-Component_dfcwzhjwdf,New-Node_nrxqfmmsbm,643871641
Move_Component_New_Node,New-Component_wkitulhpbl,New-Node_ikdivnwfrl,,530846012
UMLCloneNode,CashBox,CashBox_fjzjauyeip,,510751895
Move_Operation_New_Component_New_Node,queryStockItem,New-Component_wkitulhpbl,New-Node_hjsyfsiqha,641950960
UMLCloneNode,BarCodeScanner_lrachxaicw,BarCodeScanner_lrachxaicw_djbudfnhmr,,210248246
Move_Operation_New_Component_New_Node,saleStartedEvent,New-Component_lvruokzspx,New-Node_kxlgwevlzn,637554316
UMLCloneNode,EnterpriseClient,EnterpriseClient_hwtqoehiqy,,381740562
Move_Operation_New_Component_New_Node,printRunningTotal,New-Component_vbzeoqdynw,New-Node_whytohpkzd,595825282
UMLCloneNode,CashBox,CashBox_jqcmfstqqi,,469540352
Move_Component_New_Node,New-Component_wkitulhpbl,New-Node_ikdivnwfrl,,244729710
Move_Operation_Component,startSale,Reporting,,361164871
Move_Operation_New_Component_New_Node,queryStockItem,New-Component_wkitulhpbl,New-Node_hjsyfsiqha,671564487
Move_Operation_New_Component_New_Node,getEnterpriseByID,New-Component_dfcwzhjwdf,New-Node_nrxqfmmsbm,758474046
Move_Component_New_Node,New-Component_wkitulhpbl,New-Node_ikdivnwfrl,,586221003
Move_Operation_Component,createReport,CashDeskApplication,,354244405
Move_Operation_New_Component_New_Node,queryStockItem,New-Component_wkitulhpbl,New-Node_hjsyfsiqha,665157012
Move_Operation_New_Component_New_Node,getEnterpriseByID,New-Component_dfcwzhjwdf,New-Node_nrxqfmmsbm,710643682
Move_Component_New_Node,Inventory,New-Node_hvikwaxuox,,516953483
Move_Operation_Component,productBarCodeScannedEvent,Inventory,,365816954
UMLCloneNode,EnterpriseClient,EnterpriseClient_myvpdbrfvb,,463136553
UMLCloneNode,BarCodeScanner_lrachxaicw,BarCodeScanner_lrachxaicw_djbudfnhmr,,235046394
Move_Component_New_Node,New-Component_wkitulhpbl,New-Node_ikdivnwfrl,,225478273
Move_Component_New_Node,Inventory,New-Node_binpdfjfzl,,586311142
Move_Operation_New_Component_New_Node,queryStockItem,New-Component_wkitulhpbl,New-Node_hjsyfsiqha,663646059
UMLCloneNode,BarCodeScanner_lrachxaicw,BarCodeScanner_lrachxaicw_djbudfnhmr,,231675994
Move_Operation_New_Component_New_Node,saleStartedEvent,New-Component_lvruokzspx,New-Node_kxlgwevlzn,696913627
Move_Operation_New_Component_New_Node,createReport,New-Component_xkxtqaojiq,New-Node_ieakgpcrvq,747865715
UMLCloneNode,EnterpriseClient,EnterpriseClient_myvpdbrfvb,,891929451
UMLCloneNode,BarCodeScanner_lrachxaicw,BarCodeScanner_lrachxaicw_djbudfnhmr,,231682386
Move_Component_New_Node,New-Component_wkitulhpbl,New-Node_ikdivnwfrl,,232798238
Move_Operation_New_Component_New_Node,getMeanTimeToDelivery,New-Component_fneeprhbuq,New-Node_pqtxgzfjrk,695238957
Move_Operation_New_Component_New_Node,queryStockItem,New-Component_wkitulhpbl,New-Node_hjsyfsiqha,695675976
Move_Operation_New_Component_New_Node,getEnterpriseByID,New-Component_dfcwzhjwdf,New-Node_nrxqfmmsbm,705901791
Move_Operation_New_Component_New_Node,saleStartedEvent,New-Component_lvruokzspx,New-Node_kxlgwevlzn,773230686
Move_Operation_Component,stopSale,GUIStore,,480307831
Move_Operation_New_Component_New_Node,queryStockItem,New-Component_wkitulhpbl,New-Node_hjsyfsiqha,689980688
UMLCloneNode,BarCodeScanner_lrachxaicw,BarCodeScanner_lrachxaicw_djbudfnhmr,,208885140
Move_Operation_New_Component_New_Node,saleStartedEvent,New-Component_lvruokzspx,New-Node_kxlgwevlzn,658131399
Move_Operation_Component,startSale,CashDeskGUI,,294894312
Move_Operation_New_Component_New_Node,queryStockItem,New-Component_wkitulhpbl,New-Node_hjsyfsiqha,622466886
UMLCloneNode,BarCodeScanner_lrachxaicw,BarCodeScanner_lrachxaicw_djbudfnhmr,,198791284
Move_Operation_New_Component_New_Node,saleStartedEvent,New-Component_lvruokzspx,New-Node_kxlgwevlzn,565294796
Move_Operation_Component,startSale,Enterprise,,313094638
Move_Operation_New_Component_New_Node,printRunningTotal,New-Component_vbzeoqdynw,New-Node_whytohpkzd,703012193
Move_Operation_New_Component_New_Node,printRunningTotal,New-Component_cwzeydixvt,New-Node_gjntzqspfk,697344826
Move_Component_New_Node,New-Component_wkitulhpbl,New-Node_ikdivnwfrl,,250169790
Move_Operation_New_Component_New_Node,saleStartedEvent,New-Component_crcgsguvhh,New-Node_zqzuulmnbi,722573090
Move_Operation_New_Component_New_Node,queryStockItem,New-Component_wkitulhpbl,New-Node_hjsyfsiqha,696429179
Move_Operation_New_Component_New_Node,getEnterpriseByID,New-Component_dfcwzhjwdf,New-Node_nrxqfmmsbm,770023653
Move_Component_New_Node,Inventory,New-Node_hvikwaxuox,,635177459
Move_Operation_New_Component_New_Node,getMeanTimeToDelivery,New-Component_fneeprhbuq,New-Node_pqtxgzfjrk,787659260
Move_Operation_New_Component_New_Node,queryStockItem,New-Component_wkitulhpbl,New-Node_hjsyfsiqha,689439754
Move_Operation_New_Component_New_Node,getEnterpriseByID,New-Component_dfcwzhjwdf,New-Node_nrxqfmmsbm,647958123
Move_Operation_New_Component_New_Node,saleStartedEvent,New-Component_lvruokzspx,New-Node_kxlgwevlzn,647091689
Move_Operation_New_Component_New_Node,saleStartedEvent,New-Component_baugodhpqh,New-Node_abewdzklra,677867625
Move_Operation_New_Component_New_Node,queryStockItem,New-Component_wkitulhpbl,New-Node_hjsyfsiqha,648275087
Move_Operation_New_Component_New_Node,getEnterpriseByID,New-Component_dfcwzhjwdf,New-Node_nrxqfmmsbm,646424718
Move_Component_New_Node,New-Component_wkitulhpbl,New-Node_ikdivnwfrl,,700521522
Move_Operation_Component,startSale,CashDeskGUI,,271992619
UMLCloneNode,EnterpriseClient,EnterpriseClient_mnmdgnzdvh,,735121429
Move_Operation_New_Component_New_Node,getEnterpriseByID,New-Component_dfcwzhjwdf,New-Node_nrxqfmmsbm,643624157
Move_Component_New_Node,Inventory,New-Node_hvikwaxuox,,540997226
Move_Operation_Component,startSale,CashDeskGUI,,302611842
Move_Operation_New_Component_New_Node,queryStockItem,New-Component_wkitulhpbl,New-Node_hjsyfsiqha,665918049
UMLCloneNode,BarCodeScanner_lrachxaicw,BarCodeScanner_lrachxaicw_djbudfnhmr,,239301191
Move_Operation_New_Component_New_Node,saleStartedEvent,New-Component_lvruokzspx,New-Node_kxlgwevlzn,700769437
UMLCloneNode,BarCodeScanner,BarCodeScanner_sakifxpglm,,416892604
Move_Operation_New_Component_New_Node,queryStockItem,New-Component_wkitulhpbl,New-Node_hjsyfsiqha,557336373
Move_Operation_New_Component_New_Node,getEnterpriseByID,New-Component_dfcwzhjwdf,New-Node_nrxqfmmsbm,636875643
Move_Component_New_Node,Inventory,New-Node_hvikwaxuox,,681633576
Move_Operation_Component,createReport,CashDeskApplication,,339841129
Move_Operation_New_Component_New_Node,queryStockItem,New-Component_wkitulhpbl,New-Node_hjsyfsiqha,642261822
Move_Operation_New_Component_New_Node,getEnterpriseByID,New-Component_dfcwzhjwdf,New-Node_nrxqfmmsbm,654188545
Move_Component_New_Node,Inventory,New-Node_hvikwaxuox,,541278955
UMLCloneNode,EnterpriseClient,EnterpriseClient_hwtqoehiqy,,476894741
Move_Operation_New_Component_New_Node,printRunningTotal,New-Component_vbzeoqdynw,New-Node_whytohpkzd,709285014
UMLCloneNode,CashBox,CashBox_jqcmfstqqi,,611219527
Move_Component_New_Node,New-Component_wkitulhpbl,New-Node_ikdivnwfrl,,295620363
UMLCloneNode,StoreServer,StoreServer_kemexhiqkq,,511938961
UMLCloneNode,EnterpriseClient,EnterpriseClient_myvpdbrfvb,,462257015
UMLCloneNode,BarCodeScanner_lrachxaicw,BarCodeScanner_lrachxaicw_djbudfnhmr,,215826636
Move_Component_New_Node,New-Component_wkitulhpbl,New-Node_ikdivnwfrl,,219106876
UMLCloneNode,BarCodeScanner,BarCodeScanner_sakifxpglm,,466947199
Move_Operation_New_Component_New_Node,queryStockItem,New-Component_wkitulhpbl,New-Node_hjsyfsiqha,708955557
Move_Operation_New_Component_New_Node,getEnterpriseByID,New-Component_dfcwzhjwdf,New-Node_nrxqfmmsbm,701305723
Move_Component_New_Node,New-Component_wkitulhpbl,New-Node_ikdivnwfrl,,504042745
Move_Operation_Component,getEnterpriseByID,GUIStore,,347704052
Move_Operation_New_Component_New_Node,queryStockItem,New-Component_wkitulhpbl,New-Node_hjsyfsiqha,671211265
Move_Operation_New_Component_New_Node,getEnterpriseByID,New-Component_dfcwzhjwdf,New-Node_nrxqfmmsbm,758434472
Move_Component_New_Node,New-Component_wkitulhpbl,New-Node_ikdivnwfrl,,640582834
Move_Operation_New_Component_New_Node,getTransactionContext,New-Component_cognddoikf,New-Node_fiilgvbwbc,648559070
Move_Operation_New_Component_New_Node,printRunningTotal,New-Component_vbzeoqdynw,New-Node_whytohpkzd,659337019
UMLCloneNode,BarCodeScanner_lrachxaicw,BarCodeScanner_lrachxaicw_djbudfnhmr,,215935460
Move_Component_New_Node,New-Component_wkitulhpbl,New-Node_ikdivnwfrl,,236642035
Move_Operation_Component,getEnterpriseByID,GUIStore,,315499417
Move_Operation_New_Component_New_Node,queryStockItem,New-Component_wkitulhpbl,New-Node_hjsyfsiqha,775946117
Move_Operation_New_Component_New_Node,getEnterpriseByID,New-Component_dfcwzhjwdf,New-Node_nrxqfmmsbm,760012531
Move_Component_New_Node,New-Component_wkitulhpbl,New-Node_ikdivnwfrl,,495526737
Move_Operation_Component,startSale,Reporting,,261899574
Move_Operation_New_Component_New_Node,queryStockItem,New-Component_wkitulhpbl,New-Node_hjsyfsiqha,685620191
Move_Operation_New_Component_New_Node,getEnterpriseByID,New-Component_dfcwzhjwdf,New-Node_nrxqfmmsbm,688282073
Move_Component_New_Node,Inventory,New-Node_hvikwaxuox,,511916198
Move_Operation_New_Component_New_Node,getTransaction,New-Component_ewoftooovz,New-Node_hjqohpitmx,711629711
UMLCloneNode,EnterpriseClient,EnterpriseClient_myvpdbrfvb,,541192653
UMLCloneNode,BarCodeScanner_lrachxaicw,BarCodeScanner_lrachxaicw_djbudfnhmr,,247211493
Move_Component_New_Node,New-Component_wkitulhpbl,New-Node_ikdivnwfrl,,269830595
Move_Operation_New_Component_New_Node,queryOrderById,New-Component_rtevcrtszv,New-Node_esopyffotw,713990377
UMLCloneNode,EnterpriseClient,EnterpriseClient_mnmdgnzdvh,,528163522
Move_Operation_New_Component_New_Node,getEnterpriseByID,New-Component_dfcwzhjwdf,New-Node_nrxqfmmsbm,760754922
Move_Component_New_Node,Inventory,New-Node_hvikwaxuox,,562701583
Move_Operation_Component,getEnterpriseByID,GUIStore,,381388482
Move_Operation_New_Component_New_Node,printRunningTotal,New-Component_vbzeoqdynw,New-Node_whytohpkzd,772040914
UMLCloneNode,CashBox,CashBox_jqcmfstqqi,,516287354
Move_Component_New_Node,New-Component_wkitulhpbl,New-Node_ikdivnwfrl,,271731640
UMLCloneNode,StoreServer,StoreServer_kemexhiqkq,,567086625
UMLCloneNode,EnterpriseClient,EnterpriseClient_myvpdbrfvb,,489354634
UMLCloneNode,BarCodeScanner_lrachxaicw,BarCodeScanner_lrachxaicw_djbudfnhmr,,244175882
Move_Component_New_Node,New-Component_wkitulhpbl,New-Node_ikdivnwfrl,,266248158
Move_Operation_Component,startSale,Reporting,,359152318
Move_Operation_New_Component_New_Node,queryStockItem,New-Component_wkitulhpbl,New-Node_hjsyfsiqha,787106313
Move_Operation_New_Component_New_Node,getEnterpriseByID,New-Component_dfcwzhjwdf,New-Node_nrxqfmmsbm,643949497
Move_Component_New_Node,Inventory,New-Node_hvikwaxuox,,549208293
Move_Operation_Component,queryOrderById,ScannerController,,238648177
Move_Operation_New_Component_New_Node,printRunningTotal,New-Component_vbzeoqdynw,New-Node_whytohpkzd,562672779
UMLCloneNode,CashBox,CashBox_jqcmfstqqi,,483851064
Move_Component_New_Node,New-Component_wkitulhpbl,New-Node_ikdivnwfrl,,231964405
UMLCloneNode,StoreServer,StoreServer_kemexhiqkq,,508012468
UMLCloneNode,EnterpriseClient,EnterpriseClient_myvpdbrfvb,,459786823
UMLCloneNode,BarCodeScanner_lrachxaicw,BarCodeScanner_lrachxaicw_djbudfnhmr,,249076932
Move_Component_New_Node,New-Component_wkitulhpbl,New-Node_ikdivnwfrl,,245954066
Move_Operation_Component,getEnterpriseByID,GUIStore,,324803903
Move_Operation_New_Component_New_Node,printRunningTotal,New-Component_vbzeoqdynw,New-Node_whytohpkzd,638718619
UMLCloneNode,CashBox,CashBox_jqcmfstqqi,,580522778
Move_Component_New_Node,New-Component_wkitulhpbl,New-Node_ikdivnwfrl,,250540496
Move_Operation_New_Component_New_Node,getTransactionContext,New-Component_cognddoikf,New-Node_fiilgvbwbc,653162772
Move_Operation_New_Component_New_Node,printRunningTotal,New-Component_vbzeoqdynw,New-Node_whytohpkzd,691290844
UMLCloneNode,BarCodeScanner_lrachxaicw,BarCodeScanner_lrachxaicw_djbudfnhmr,,217137835
Move_Component_New_Node,New-Component_wkitulhpbl,New-Node_ikdivnwfrl,,237469256
UMLCloneNode,New-Node_owzpgbuufq,New-Node_owzpgbuufq_nosvborzin,,262748977
Move_Operation_New_Component_New_Node,printRunningTotal,New-Component_vbzeoqdynw,New-Node_whytohpkzd,640056648
Move_Operation_New_Component_New_Node,scanProduct,New-Component_ngmtjsfuny,New-Node_lqwoxwoxit,805153001
Move_Component_New_Node,New-Component_wkitulhpbl,New-Node_ikdivnwfrl,,257608900
Move_Operation_New_Component_New_Node,getMeanTimeToDeliveryReport,New-Component_edmkymyaml,New-Node_cuqdwhtkue,749164931
Move_Operation_New_Component_New_Node,queryStockItem,New-Component_wkitulhpbl,New-Node_hjsyfsiqha,709487584
Move_Operation_New_Component_New_Node,getEnterpriseByID,New-Component_dfcwzhjwdf,New-Node_nrxqfmmsbm,778283269
Move_Operation_New_Component_New_Node,saleStartedEvent,New-Component_lvruokzspx,New-Node_kxlgwevlzn,828843092
UMLCloneNode,BarCodeScanner,BarCodeScanner_dbjzxybcip,,522003542
Move_Operation_New_Component_New_Node,printRunningTotal,New-Component_vbzeoqdynw,New-Node_whytohpkzd,691060883
UMLCloneNode,CashBox,CashBox_jqcmfstqqi,,526004104
Move_Component_New_Node,Enterprise,New-Node_rjmjtehhzr,,657396511
UMLCloneNode,StoreServer,StoreServer_kemexhiqkq,,519586119
UMLCloneNode,EnterpriseClient,EnterpriseClient_myvpdbrfvb,,478851911
UMLCloneNode,BarCodeScanner_lrachxaicw,BarCodeScanner_lrachxaicw_djbudfnhmr,,250343106
Move_Component_New_Node,New-Component_wkitulhpbl,New-Node_ikdivnwfrl,,255683068
Move_Operation_Component,startSale,Reporting,,283461053
Move_Operation_New_Component_New_Node,queryStockItem,New-Component_wkitulhpbl,New-Node_hjsyfsiqha,1501844573
UMLCloneNode,CashBox,CashBox_jqcmfstqqi,,453932065
Move_Component_New_Node,New-Component_wkitulhpbl,New-Node_ikdivnwfrl,,515626265
Move_Operation_Component,getTransactionContext,ScannerController,,311035728
Move_Operation_New_Component_New_Node,printRunningTotal,New-Component_vbzeoqdynw,New-Node_whytohpkzd,636468359
UMLCloneNode,CashBox,CashBox_jqcmfstqqi,,469454260
Move_Component_New_Node,New-Component_wkitulhpbl,New-Node_ikdivnwfrl,,216710824
Move_Operation_New_Component_New_Node,getMeanTimeToDeliveryReport,New-Component_cezrcsngys,New-Node_sqonqisali,695001512
UMLCloneNode,EnterpriseClient,EnterpriseClient_mnmdgnzdvh,,461531053
Move_Operation_New_Component_New_Node,getEnterpriseByID,New-Component_dfcwzhjwdf,New-Node_nrxqfmmsbm,652841129
Move_Component_New_Node,Inventory,New-Node_hvikwaxuox,,513223199
Move_Operation_Component,getEnterpriseByID,GUIStore,,367418518
Move_Operation_New_Component_New_Node,printRunningTotal,New-Component_vbzeoqdynw,New-Node_whytohpkzd,707696626
UMLCloneNode,CashBox,CashBox_jqcmfstqqi,,474903247
Move_Component_New_Node,New-Component_wkitulhpbl,New-Node_ikdivnwfrl,,244311597
Move_Operation_Component,queryOrderById,ScannerController,,286361933
Move_Operation_New_Component_New_Node,printRunningTotal,New-Component_vbzeoqdynw,New-Node_whytohpkzd,590138759
UMLCloneNode,CashBox,CashBox_jqcmfstqqi,,429288798
Move_Component_New_Node,New-Component_wkitulhpbl,New-Node_ikdivnwfrl,,222216777
Move_Operation_Component,startSale,CashDeskGUI,,303484829
UMLCloneNode,EnterpriseClient,EnterpriseClient_mnmdgnzdvh,,529177965
Move_Operation_New_Component_New_Node,getEnterpriseByID,New-Component_dfcwzhjwdf,New-Node_nrxqfmmsbm,778069198
Move_Component_New_Node,Inventory,New-Node_hvikwaxuox,,627125391
Move_Operation_Component,startSale,Reporting,,330319585
Move_Operation_New_Component_New_Node,queryStockItem,New-Component_wkitulhpbl,New-Node_hjsyfsiqha,642749127
Move_Operation_New_Component_New_Node,getEnterpriseByID,New-Component_dfcwzhjwdf,New-Node_nrxqfmmsbm,672136920
Move_Component_New_Node,Inventory,New-Node_hvikwaxuox,,517662523
Move_Operation_New_Component_New_Node,queryOrderById,New-Component_rtevcrtszv,New-Node_esopyffotw,648927782
UMLCloneNode,EnterpriseClient,EnterpriseClient_mnmdgnzdvh,,498562760
Move_Operation_New_Component_New_Node,getEnterpriseByID,New-Component_dfcwzhjwdf,New-Node_nrxqfmmsbm,684439508
Move_Component_New_Node,Inventory,New-Node_hvikwaxuox,,509756258
Move_Operation_Component,getProductWithStockItem,GUIStore,,1008457677
Move_Operation_New_Component_New_Node,printRunningTotal,New-Component_vbzeoqdynw,New-Node_whytohpkzd,779208123
Move_Operation_New_Component_New_Node,scanProduct,New-Component_ngmtjsfuny,New-Node_lqwoxwoxit,1407381489
Move_Component_New_Node,New-Component_wkitulhpbl,New-Node_ikdivnwfrl,,191286241
Move_Operation_Component,getTransactionContext,ScannerController,,342032428
Move_Operation_New_Component_New_Node,queryStockItem,New-Component_wkitulhpbl,New-Node_hjsyfsiqha,664249741
Move_Operation_New_Component_New_Node,getEnterpriseByID,New-Component_dfcwzhjwdf,New-Node_nrxqfmmsbm,679080790
Move_Component_New_Node,Inventory,New-Node_hvikwaxuox,,538853607
UMLCloneNode,EnterpriseClient,EnterpriseClient_hwtqoehiqy,,496055228
Move_Operation_New_Component_New_Node,printRunningTotal,New-Component_vbzeoqdynw,New-Node_whytohpkzd,656012205
UMLCloneNode,CashBox,CashBox_jqcmfstqqi,,498539767
Move_Component_New_Node,New-Component_wkitulhpbl,New-Node_ikdivnwfrl,,237828991
Move_Operation_Component,startSale,Enterprise,,291743804
Move_Operation_New_Component_New_Node,printRunningTotal,New-Component_vbzeoqdynw,New-Node_whytohpkzd,656048162
Move_Operation_New_Component_New_Node,printRunningTotal,New-Component_cwzeydixvt,New-Node_gjntzqspfk,638462148
Move_Component_New_Node,New-Component_wkitulhpbl,New-Node_ikdivnwfrl,,236433264
Move_Operation_Component,getEnterpriseByID,GUIStore,,316829230
Move_Operation_New_Component_New_Node,printRunningTotal,New-Component_vbzeoqdynw,New-Node_whytohpkzd,671466332
UMLCloneNode,CashBox,CashBox_jqcmfstqqi,,485166631
Move_Component_New_Node,Enterprise,New-Node_rjmjtehhzr,,629291954
Move_Operation_Component,startSale,Reporting,,307483116
Move_Operation_New_Component_New_Node,printRunningTotal,New-Component_vbzeoqdynw,New-Node_whytohpkzd,740095525
UMLCloneNode,CashBox,CashBox_jqcmfstqqi,,514510202
Move_Component_New_Node,New-Component_wkitulhpbl,New-Node_ikdivnwfrl,,264047131
Move_Operation_Component,startSale,Reporting,,330088743
Move_Operation_New_Component_New_Node,queryStockItem,New-Component_wkitulhpbl,New-Node_hjsyfsiqha,638423245
UMLCloneNode,CashBox,CashBox_jqcmfstqqi,,587814421
Move_Component_New_Node,New-Component_wkitulhpbl,New-Node_ikdivnwfrl,,562590044
Move_Operation_Component,startSale,Reporting,,338818982
Move_Operation_New_Component_New_Node,queryStockItem,New-Component_wkitulhpbl,New-Node_hjsyfsiqha,631524259
Move_Operation_New_Component_New_Node,getEnterpriseByID,New-Component_dfcwzhjwdf,New-Node_nrxqfmmsbm,690624004
Move_Component_New_Node,Inventory,New-Node_hvikwaxuox,,577263247
Move_Operation_Component,startSale,Reporting,,277895758
Move_Operation_New_Component_New_Node,queryStockItem,New-Component_wkitulhpbl,New-Node_hjsyfsiqha,649395339
UMLCloneNode,CashBox,CashBox_jqcmfstqqi,,476852612
Move_Component_New_Node,New-Component_wkitulhpbl,New-Node_ikdivnwfrl,,550547513
Move_Operation_Component,startSale,Reporting,,286381930
Move_Operation_New_Component_New_Node,printRunningTotal,New-Component_vbzeoqdynw,New-Node_whytohpkzd,638713349
UMLCloneNode,CashDeskPC,CashDeskPC_pmiecfpils,,475977010
Move_Component_New_Node,Inventory,New-Node_hvikwaxuox,,524687225
UMLCloneNode,BarCodeScanner,BarCodeScanner_dbjzxybcip,,388649357
Move_Operation_New_Component_New_Node,printRunningTotal,New-Component_vbzeoqdynw,New-Node_whytohpkzd,573790926
UMLCloneNode,CashBox,CashBox_jqcmfstqqi,,359997403
Move_Component_New_Node,Enterprise,New-Node_rjmjtehhzr,,420785514
Move_Operation_Component,getProductWithStockItem,GUIStore,,305845235
Move_Operation_New_Component_New_Node,printRunningTotal,New-Component_vbzeoqdynw,New-Node_whytohpkzd,707783920
Move_Operation_New_Component_New_Node,scanProduct,New-Component_ngmtjsfuny,New-Node_lqwoxwoxit,708293345
UMLCloneNode,EnterpriseServer,EnterpriseServer_ddrtkaefhi,,528681203
Move_Operation_New_Component_New_Node,getTransactionContext,New-Component_cognddoikf,New-Node_fiilgvbwbc,775641266
Move_Operation_New_Component_New_Node,printRunningTotal,New-Component_vbzeoqdynw,New-Node_whytohpkzd,642183886
UMLCloneNode,BarCodeScanner_lrachxaicw,BarCodeScanner_lrachxaicw_djbudfnhmr,,211258690
Move_Component_New_Node,New-Component_wkitulhpbl,New-Node_ikdivnwfrl,,216765225
Move_Operation_Component,getProductWithStockItem,GUIStore,,316683988
Move_Operation_New_Component_New_Node,printRunningTotal,New-Component_vbzeoqdynw,New-Node_whytohpkzd,678934546
Move_Operation_New_Component_New_Node,scanProduct,New-Component_ngmtjsfuny,New-Node_lqwoxwoxit,725608021
Move_Component_New_Node,New-Component_wkitulhpbl,New-Node_ikdivnwfrl,,216750548
UMLCloneNode,EnterpriseClient,EnterpriseClient_hwtqoehiqy,,497770224
Move_Operation_New_Component_New_Node,printRunningTotal,New-Component_vbzeoqdynw,New-Node_whytohpkzd,643561469
Move_Operation_New_Component_New_Node,scanProduct,New-Component_ngmtjsfuny,New-Node_lqwoxwoxit,665997318
Move_Component_New_Node,New-Component_wkitulhpbl,New-Node_ikdivnwfrl,,228805872
UMLCloneNode,BarCodeScanner,BarCodeScanner_dbjzxybcip,,534223725
Move_Operation_New_Component_New_Node,printRunningTotal,New-Component_vbzeoqdynw,New-Node_whytohpkzd,633728071
UMLCloneNode,CashBox,CashBox_jqcmfstqqi,,453432138
Move_Component_New_Node,Enterprise,New-Node_rjmjtehhzr,,531779753
Move_Operation_Component,getTransactionContext,ScannerController,,1131799008
Move_Operation_New_Component_New_Node,printRunningTotal,New-Component_vbzeoqdynw,New-Node_whytohpkzd,712589510
UMLCloneNode,CashBox,CashBox_jqcmfstqqi,,482496545
Move_Component_New_Node,New-Component_wkitulhpbl,New-Node_ikdivnwfrl,,226685637
Move_Operation_Component,getProductWithStockItem,GUIStore,,287379551
Move_Operation_New_Component_New_Node,printRunningTotal,New-Component_vbzeoqdynw,New-Node_whytohpkzd,549806184
Move_Operation_New_Component_New_Node,scanProduct,New-Component_ngmtjsfuny,New-Node_lqwoxwoxit,550829793
Move_Component_New_Node,New-Component_wkitulhpbl,New-Node_ikdivnwfrl,,186272430
Move_Operation_New_Component_New_Node,getTransactionContext,New-Component_cognddoikf,New-Node_fiilgvbwbc,688797920
Move_Operation_New_Component_New_Node,printRunningTotal,New-Component_vbzeoqdynw,New-Node_whytohpkzd,688295488
UMLCloneNode,BarCodeScanner_lrachxaicw,BarCodeScanner_lrachxaicw_djbudfnhmr,,236899419
Move_Component_New_Node,New-Component_wkitulhpbl,New-Node_ikdivnwfrl,,236099488
Move_Operation_Component,getProductWithStockItem,GUIStore,,286675591
Move_Operation_New_Component_New_Node,printRunningTotal,New-Component_vbzeoqdynw,New-Node_whytohpkzd,663930893
Move_Operation_New_Component_New_Node,scanProduct,New-Component_ngmtjsfuny,New-Node_lqwoxwoxit,738830333
UMLCloneNode,EnterpriseServer,EnterpriseServer_ddrtkaefhi,,460416394
Move_Operation_Component,startSale,Reporting,,319872928
Move_Operation_New_Component_New_Node,queryStockItem,New-Component_wkitulhpbl,New-Node_hjsyfsiqha,742714737
Move_Operation_New_Component_New_Node,getEnterpriseByID,New-Component_dfcwzhjwdf,New-Node_nrxqfmmsbm,721865032
Move_Component_New_Node,Inventory,New-Node_hvikwaxuox,,585087678
Move_Operation_Component,startSale,Reporting,,281357248
Move_Operation_New_Component_New_Node,printRunningTotal,New-Component_vbzeoqdynw,New-Node_whytohpkzd,727126918
UMLCloneNode,CashBox,CashBox_jqcmfstqqi,,504287503
Move_Component_New_Node,New-Component_wkitulhpbl,New-Node_ikdivnwfrl,,236707438
Move_Operation_New_Component_New_Node,getTransaction,New-Component_ewoftooovz,New-Node_hjqohpitmx,704893771
UMLCloneNode,EnterpriseClient,EnterpriseClient_myvpdbrfvb,,391405524
UMLCloneNode,BarCodeScanner_lrachxaicw,BarCodeScanner_lrachxaicw_djbudfnhmr,,190386684
Move_Component_New_Node,New-Component_wkitulhpbl,New-Node_ikdivnwfrl,,187685800
UMLCloneNode,CashBox,CashBox_fsugmtgqnd,,479895077
Move_Operation_New_Component_New_Node,queryStockItem,New-Component_wkitulhpbl,New-Node_hjsyfsiqha,677834734
UMLCloneNode,CashBox,CashBox_jqcmfstqqi,,500618194
Move_Component_New_Node,New-Component_wkitulhpbl,New-Node_ikdivnwfrl,,575637689
Move_Operation_Component,createReport,CashDeskApplication,,947701887
Move_Operation_New_Component_New_Node,queryStockItem,New-Component_wkitulhpbl,New-Node_hjsyfsiqha,655972491
UMLCloneNode,CashBox,CashBox_jqcmfstqqi,,496685510
Move_Component_New_Node,Enterprise,New-Node_rjmjtehhzr,,1035224006
Move_Operation_Component,createReport,CashDeskApplication,,315513333
Move_Operation_New_Component_New_Node,queryStockItem,New-Component_wkitulhpbl,New-Node_hjsyfsiqha,538585364
Move_Operation_New_Component_New_Node,getEnterpriseByID,New-Component_dfcwzhjwdf,New-Node_nrxqfmmsbm,667716592
Move_Component_New_Node,Inventory,New-Node_hvikwaxuox,,620375083
UMLCloneNode,BarCodeScanner,BarCodeScanner_sakifxpglm,,520767485
Move_Operation_New_Component_New_Node,queryStockItem,New-Component_wkitulhpbl,New-Node_hjsyfsiqha,747401355
Move_Operation_New_Component_New_Node,getEnterpriseByID,New-Component_dfcwzhjwdf,New-Node_nrxqfmmsbm,725562185
Move_Component_New_Node,Inventory,New-Node_hvikwaxuox,,673213869
Move_Operation_Component,getTransactionContext,ScannerController,,339045787
Move_Operation_New_Component_New_Node,queryStockItem,New-Component_wkitulhpbl,New-Node_hjsyfsiqha,649563333
Move_Operation_New_Component_New_Node,scanProduct,New-Component_ngmtjsfuny,New-Node_lqwoxwoxit,661175015
UMLCloneNode,EnterpriseServer,EnterpriseServer_ddrtkaefhi,,494363025
Move_Operation_Component,startSale,Reporting,,330468665
Move_Operation_New_Component_New_Node,printRunningTotal,New-Component_vbzeoqdynw,New-Node_whytohpkzd,640816843
UMLCloneNode,CashBox,CashBox_jqcmfstqqi,,576186919
Move_Component_New_Node,New-Component_wkitulhpbl,New-Node_ikdivnwfrl,,251010477
Move_Operation_Component,getTransactionContext,ScannerController,,310063824
Move_Operation_New_Component_New_Node,queryStockItem,New-Component_wkitulhpbl,New-Node_hjsyfsiqha,667262900
Move_Operation_New_Component_New_Node,getEnterpriseByID,New-Component_dfcwzhjwdf,New-Node_nrxqfmmsbm,673736549
Move_Component_New_Node,Inventory,New-Node_hvikwaxuox,,506814883
Move_Operation_Component,startSale,Reporting,,386080229
Move_Operation_New_Component_New_Node,queryStockItem,New-Component_wkitulhpbl,New-Node_hjsyfsiqha,775217350
Move_Operation_New_Component_New_Node,getEnterpriseByID,New-Component_dfcwzhjwdf,New-Node_nrxqfmmsbm,773367001
Move_Component_New_Node,Inventory,New-Node_hvikwaxuox,,658357202
Move_Operation_Component,getTransactionContext,ScannerController,,294851321
Move_Operation_New_Component_New_Node,queryStockItem,New-Component_wkitulhpbl,New-Node_hjsyfsiqha,662835930
Move_Operation_New_Component_New_Node,getEnterpriseByID,New-Component_dfcwzhjwdf,New-Node_nrxqfmmsbm,739908504
Move_Component_New_Node,Inventory,New-Node_hvikwaxuox,,568392303
UMLCloneNode,BarCodeScanner,BarCodeScanner_dbjzxybcip,,461862906
Move_Operation_New_Component_New_Node,printRunningTotal,New-Component_vbzeoqdynw,New-Node_whytohpkzd,1207992886
UMLCloneNode,CashBox,CashBox_jqcmfstqqi,,402763431
Move_Component_New_Node,Enterprise,New-Node_rjmjtehhzr,,429855069
Move_Operation_Component,startSale,Reporting,,317746700
Move_Operation_New_Component_New_Node,printRunningTotal,New-Component_vbzeoqdynw,New-Node_whytohpkzd,638449013
Move_Operation_New_Component_New_Node,getTransaction,New-Component_mbmoilkmcr,New-Node_xfidnwbeuf,677402152
Move_Component_New_Node,New-Component_wkitulhpbl,New-Node_ikdivnwfrl,,215149065
Move_Operation_Component,createReport,CashDeskApplication,,306867491
Move_Operation_New_Component_New_Node,queryStockItem,New-Component_wkitulhpbl,New-Node_hjsyfsiqha,719278462
UMLCloneNode,CashBox,CashBox_jqcmfstqqi,,466070034
Move_Component_New_Node,Enterprise,New-Node_rjmjtehhzr,,516757926
Move_Operation_Component,startSale,CashDeskGUI,,322436585
UMLCloneNode,EnterpriseClient,EnterpriseClient_mnmdgnzdvh,,452381338
Move_Operation_New_Component_New_Node,getEnterpriseByID,New-Component_dfcwzhjwdf,New-Node_nrxqfmmsbm,616705243
Move_Component_New_Node,Inventory,New-Node_hvikwaxuox,,602666519
Move_Operation_Component,startSale,Reporting,,259483143
Move_Operation_New_Component_New_Node,queryStockItem,New-Component_wkitulhpbl,New-Node_hjsyfsiqha,753333968
Move_Operation_New_Component_New_Node,getEnterpriseByID,New-Component_dfcwzhjwdf,New-Node_nrxqfmmsbm,711212969
Move_Component_New_Node,Inventory,New-Node_hvikwaxuox,,590276979
Move_Operation_Component,createReport,CashDeskApplication,,321408747
UMLCloneNode,EnterpriseClient,EnterpriseClient_mnmdgnzdvh,,451671797
Move_Operation_New_Component_New_Node,getEnterpriseByID,New-Component_dfcwzhjwdf,New-Node_nrxqfmmsbm,635596114
Move_Component_New_Node,Inventory,New-Node_hvikwaxuox,,512893931
Move_Operation_Component,createReport,CashDeskApplication,,342315448
Move_Operation_New_Component_New_Node,queryStockItem,New-Component_wkitulhpbl,New-Node_hjsyfsiqha,665828952
UMLCloneNode,CashBox,CashBox_jqcmfstqqi,,487248505
Move_Component_New_Node,Enterprise,New-Node_rjmjtehhzr,,646596751
UMLCloneNode,EnterpriseClient,EnterpriseClient_hwtqoehiqy,,523433794
Move_Operation_New_Component_New_Node,printRunningTotal,New-Component_vbzeoqdynw,New-Node_whytohpkzd,666595108
UMLCloneNode,CashBox,CashBox_jqcmfstqqi,,478566596
Move_Component_New_Node,New-Component_wkitulhpbl,New-Node_ikdivnwfrl,,211367324
Move_Operation_Component,createReport,CashDeskApplication,,330881439
UMLCloneNode,EnterpriseClient,EnterpriseClient_mnmdgnzdvh,,491477234
Move_Operation_New_Component_New_Node,getEnterpriseByID,New-Component_dfcwzhjwdf,New-Node_nrxqfmmsbm,1341805361
Move_Component_New_Node,Inventory,New-Node_hvikwaxuox,,613539276
Move_Operation_Component,getProductWithStockItem,GUIStore,,345308661
Move_Operation_New_Component_New_Node,printRunningTotal,New-Component_vbzeoqdynw,New-Node_whytohpkzd,645766183
Move_Operation_New_Component_New_Node,scanProduct,New-Component_ngmtjsfuny,New-Node_lqwoxwoxit,686773303
Move_Component_New_Node,Inventory,New-Node_hvikwaxuox,,517635743
Move_Operation_Component,createReport,CashDeskApplication,,331978115
Move_Operation_New_Component_New_Node,queryStockItem,New-Component_wkitulhpbl,New-Node_hjsyfsiqha,634566153
Move_Operation_New_Component_New_Node,getEnterpriseByID,New-Component_dfcwzhjwdf,New-Node_nrxqfmmsbm,675306503
Move_Component_New_Node,Inventory,New-Node_hvikwaxuox,,538356114
Move_Operation_Component,getProductWithStockItem,GUIStore,,321352772
Move_Operation_New_Component_New_Node,printRunningTotal,New-Component_vbzeoqdynw,New-Node_whytohpkzd,657877462
Move_Operation_New_Component_New_Node,scanProduct,New-Component_ngmtjsfuny,New-Node_lqwoxwoxit,672496714
UMLCloneNode,EnterpriseServer,EnterpriseServer_ddrtkaefhi,,455046585
Move_Operation_Component,getTransactionContext,ScannerController,,316489514
Move_Operation_New_Component_New_Node,queryStockItem,New-Component_wkitulhpbl,New-Node_hjsyfsiqha,701804227
Move_Operation_New_Component_New_Node,scanProduct,New-Component_ngmtjsfuny,New-Node_lqwoxwoxit,657568724
UMLCloneNode,BarCodeScanner,BarCodeScanner_wkrwgpijhp,,450203624
Move_Operation_Component,getTransactionContext,ScannerController,,335710053
Move_Operation_New_Component_New_Node,printRunningTotal,New-Component_vbzeoqdynw,New-Node_whytohpkzd,651322011
UMLCloneNode,CashBox,CashBox_jqcmfstqqi,,486420803
Move_Component_New_Node,Enterprise,New-Node_rjmjtehhzr,,539777439
Move_Operation_Component,getTransactionContext,ScannerController,,335025009
Move_Operation_New_Component_New_Node,printRunningTotal,New-Component_vbzeoqdynw,New-Node_whytohpkzd,711443612
Move_Operation_New_Component_New_Node,scanProduct,New-Component_ngmtjsfuny,New-Node_lqwoxwoxit,685618448
UMLCloneNode,EnterpriseServer,EnterpriseServer_ddrtkaefhi,,478341032
UMLCloneNode,StoreServer,StoreServer_kemexhiqkq,,510903560
UMLCloneNode,EnterpriseClient,EnterpriseClient_myvpdbrfvb,,542706371
UMLCloneNode,BarCodeScanner_lrachxaicw,BarCodeScanner_lrachxaicw_djbudfnhmr,,222120106
Move_Component_New_Node,New-Component_wkitulhpbl,New-Node_ikdivnwfrl,,228284315
Move_Operation_Component,getTransactionContext,ScannerController,,267874708
Move_Operation_New_Component_New_Node,printRunningTotal,New-Component_vbzeoqdynw,New-Node_whytohpkzd,764055762
UMLCloneNode,CashBox,CashBox_jqcmfstqqi,,551305264
Move_Component_New_Node,New-Component_wkitulhpbl,New-Node_ikdivnwfrl,,658387138
Move_Operation_New_Component_New_Node,getTransactionContext,New-Component_ecjmbhqhcv,New-Node_hieaawbdyf,643904362
Move_Operation_New_Component_New_Node,printRunningTotal,New-Component_vbzeoqdynw,New-Node_whytohpkzd,746863976
Move_Operation_New_Component_New_Node,getTransaction,New-Component_mbmoilkmcr,New-Node_xfidnwbeuf,661642613
Move_Component_New_Node,New-Component_wkitulhpbl,New-Node_ikdivnwfrl,,240157487
Move_Operation_Component,getTransactionContext,ScannerController,,282569271
Move_Operation_New_Component_New_Node,queryOrderById,New-Component_hlddyaixzu,New-Node_gnxjoairqw,726731517
Move_Operation_New_Component_New_Node,scanProduct,New-Component_ngmtjsfuny,New-Node_lqwoxwoxit,646866326
UMLCloneNode,EnterpriseServer,EnterpriseServer_ddrtkaefhi,,456333378
Move_Operation_Component,startSale,Reporting,,310650725
Move_Operation_New_Component_New_Node,printRunningTotal,New-Component_vbzeoqdynw,New-Node_whytohpkzd,625677666
Move_Operation_New_Component_New_Node,getTransaction,New-Component_mbmoilkmcr,New-Node_xfidnwbeuf,619072221
Move_Component_New_Node,New-Component_wkitulhpbl,New-Node_ikdivnwfrl,,213471269
UMLCloneNode,BarCodeScanner,BarCodeScanner_dbjzxybcip,,491232425
UMLCloneNode,EnterpriseClient,EnterpriseClient_mnmdgnzdvh,,458410182
Move_Operation_New_Component_New_Node,getEnterpriseByID,New-Component_dfcwzhjwdf,New-Node_nrxqfmmsbm,656760188
Move_Component_New_Node,Inventory,New-Node_hvikwaxuox,,516762154
Move_Operation_Component,getTransactionContext,ScannerController,,299078276
Move_Operation_New_Component_New_Node,queryStockItem,New-Component_wkitulhpbl,New-Node_hjsyfsiqha,685655598
Move_Operation_New_Component_New_Node,scanProduct,New-Component_ngmtjsfuny,New-Node_lqwoxwoxit,698535178
UMLCloneNode,EnterpriseServer,EnterpriseServer_ddrtkaefhi,,489432230
Move_Operation_Component,createReport,CashDeskApplication,,277871953
Move_Operation_New_Component_New_Node,queryStockItem,New-Component_wkitulhpbl,New-Node_hjsyfsiqha,663118761
Move_Operation_New_Component_New_Node,getEnterpriseByID,New-Component_dfcwzhjwdf,New-Node_nrxqfmmsbm,691205093
Move_Component_New_Node,Inventory,New-Node_hvikwaxuox,,537042351
Move_Operation_Component,createReport,CashDeskApplication,,377851190
UMLCloneNode,EnterpriseClient,EnterpriseClient_mnmdgnzdvh,,487219671
Move_Operation_New_Component_New_Node,getEnterpriseByID,New-Component_dfcwzhjwdf,New-Node_nrxqfmmsbm,659122878
Move_Component_New_Node,Inventory,New-Node_hvikwaxuox,,526463094
Move_Operation_Component,getTransactionContext,ScannerController,,256983507
Move_Operation_New_Component_New_Node,queryStockItem,New-Component_wkitulhpbl,New-Node_hjsyfsiqha,1297212387
Move_Operation_New_Component_New_Node,scanProduct,New-Component_ngmtjsfuny,New-Node_lqwoxwoxit,694211791
UMLCloneNode,BarCodeScanner,BarCodeScanner_wkrwgpijhp,,586634989
Move_Operation_Component,createReport,CashDeskApplication,,313779181
UMLCloneNode,StoreServer,StoreServer_phexqwwwxd,,440085913
Move_Operation_New_Component_New_Node,getEnterpriseByID,New-Component_dfcwzhjwdf,New-Node_nrxqfmmsbm,808058790
Move_Component_New_Node,Inventory,New-Node_hvikwaxuox,,611373906
Move_Operation_Component,getTransactionContext,ScannerController,,316726417
Move_Operation_New_Component_New_Node,printRunningTotal,New-Component_vbzeoqdynw,New-Node_whytohpkzd,734932785
Move_Operation_New_Component_New_Node,scanProduct,New-Component_ngmtjsfuny,New-Node_lqwoxwoxit,773769807
UMLCloneNode,EnterpriseServer,EnterpriseServer_ddrtkaefhi,,509578905
UMLCloneNode,EnterpriseClient,EnterpriseClient_hwtqoehiqy,,569080895
Move_Operation_New_Component_New_Node,printRunningTotal,New-Component_vbzeoqdynw,New-Node_whytohpkzd,699325710
UMLCloneNode,CashBox,CashBox_jqcmfstqqi,,519626115
Move_Component_New_Node,New-Component_wkitulhpbl,New-Node_ikdivnwfrl,,257511136
Move_Operation_Component,getTransactionContext,ScannerController,,337221867
Move_Operation_New_Component_New_Node,queryStockItem,New-Component_wkitulhpbl,New-Node_hjsyfsiqha,706492418
Move_Operation_New_Component_New_Node,scanProduct,New-Component_ngmtjsfuny,New-Node_lqwoxwoxit,657355514
UMLCloneNode,BarCodeScanner,BarCodeScanner_wkrwgpijhp,,486328530
UMLCloneNode,StoreServer,StoreServer_kemexhiqkq,,392830727
UMLCloneNode,EnterpriseClient,EnterpriseClient_myvpdbrfvb,,351993916
UMLCloneNode,BarCodeScanner_lrachxaicw,BarCodeScanner_lrachxaicw_djbudfnhmr,,180295272
Move_Component_New_Node,New-Component_wkitulhpbl,New-Node_ikdivnwfrl,,185118857
Move_Operation_Component,getTransactionContext,ScannerController,,316908489
Move_Operation_New_Component_New_Node,queryStockItem,New-Component_wkitulhpbl,New-Node_hjsyfsiqha,771777460
Move_Operation_New_Component_New_Node,scanProduct,New-Component_ngmtjsfuny,New-Node_lqwoxwoxit,732502828
UMLCloneNode,EnterpriseServer,EnterpriseServer_ddrtkaefhi,,599811857
UMLCloneNode,Printer,Printer_dlwhsthzfv,,455088613
Move_Operation_New_Component_New_Node,printRunningTotal,New-Component_vbzeoqdynw,New-Node_whytohpkzd,681038861
Move_Operation_New_Component_New_Node,scanProduct,New-Component_ngmtjsfuny,New-Node_lqwoxwoxit,688117504
Move_Component_New_Node,Inventory,New-Node_hvikwaxuox,,518251898
Move_Operation_Component,getTransactionContext,ScannerController,,276263848
Move_Operation_New_Component_New_Node,queryStockItem,New-Component_wkitulhpbl,New-Node_hjsyfsiqha,654873180
Move_Operation_New_Component_New_Node,scanProduct,New-Component_ngmtjsfuny,New-Node_lqwoxwoxit,636601129
UMLCloneNode,BarCodeScanner,BarCodeScanner_wkrwgpijhp,,469895126
Move_Operation_Component,getTransactionContext,ScannerController,,298838387
Move_Operation_New_Component_New_Node,printRunningTotal,New-Component_vbzeoqdynw,New-Node_whytohpkzd,571758535
Move_Operation_New_Component_New_Node,scanProduct,New-Component_ngmtjsfuny,New-Node_lqwoxwoxit,646549261
UMLCloneNode,EnterpriseServer,EnterpriseServer_ddrtkaefhi,,452024648
UMLCloneNode,Printer,Printer_dlwhsthzfv,,403920030
Move_Operation_New_Component_New_Node,printRunningTotal,New-Component_vbzeoqdynw,New-Node_whytohpkzd,547617751
Move_Operation_New_Component_New_Node,scanProduct,New-Component_ngmtjsfuny,New-Node_lqwoxwoxit,555520378
Move_Component_New_Node,Inventory,New-Node_hvikwaxuox,,533840628
UMLCloneNode,StoreServer,StoreServer_kemexhiqkq,,528920402
UMLCloneNode,EnterpriseClient,EnterpriseClient_myvpdbrfvb,,583628803
UMLCloneNode,BarCodeScanner_lrachxaicw,BarCodeScanner_lrachxaicw_djbudfnhmr,,228220815
Move_Component_New_Node,New-Component_wkitulhpbl,New-Node_ikdivnwfrl,,272347726
Move_Operation_Component,startSale,Reporting,,317583505
Move_Operation_New_Component_New_Node,queryStockItem,New-Component_wkitulhpbl,New-Node_hjsyfsiqha,635957020
Move_Operation_New_Component_New_Node,getEnterpriseByID,New-Component_dfcwzhjwdf,New-Node_nrxqfmmsbm,653144198
Move_Component_New_Node,Inventory,New-Node_hvikwaxuox,,468731856
Move_Operation_Component,startSale,CashDeskGUI,,328636299
UMLCloneNode,EnterpriseClient,EnterpriseClient_mnmdgnzdvh,,468581433
Move_Operation_New_Component_New_Node,getEnterpriseByID,New-Component_dfcwzhjwdf,New-Node_nrxqfmmsbm,757527230
Move_Component_New_Node,Inventory,New-Node_hvikwaxuox,,539469141
UMLCloneNode,Printer,Printer_dlwhsthzfv,,530019292
Move_Operation_New_Component_New_Node,printRunningTotal,New-Component_vbzeoqdynw,New-Node_whytohpkzd,683367368
Move_Operation_New_Component_New_Node,scanProduct,New-Component_ngmtjsfuny,New-Node_lqwoxwoxit,747787930
Move_Component_New_Node,Inventory,New-Node_hvikwaxuox,,617155988
Move_Operation_Component,startSale,CashDeskGUI,,302659151
UMLCloneNode,EnterpriseClient,EnterpriseClient_mnmdgnzdvh,,490422136
Move_Operation_New_Component_New_Node,getEnterpriseByID,New-Component_dfcwzhjwdf,New-Node_nrxqfmmsbm,680078401
Move_Component_New_Node,Inventory,New-Node_hvikwaxuox,,519903294
UMLCloneNode,BarCodeScanner,BarCodeScanner_dbjzxybcip,,482691120
UMLCloneNode,EnterpriseClient,EnterpriseClient_mnmdgnzdvh,,487775573
Move_Operation_New_Component_New_Node,getEnterpriseByID,New-Component_dfcwzhjwdf,New-Node_nrxqfmmsbm,687423783
Move_Component_New_Node,Inventory,New-Node_hvikwaxuox,,552103781
Move_Operation_New_Component_New_Node,getTransactionContext,New-Component_cognddoikf,New-Node_fiilgvbwbc,711262382
Move_Operation_New_Component_New_Node,printRunningTotal,New-Component_vbzeoqdynw,New-Node_whytohpkzd,669057626
UMLCloneNode,BarCodeScanner_lrachxaicw,BarCodeScanner_lrachxaicw_djbudfnhmr,,226840928
Move_Component_New_Node,New-Component_wkitulhpbl,New-Node_ikdivnwfrl,,224813646
Move_Operation_Component,startSale,Reporting,,337122782
Move_Operation_New_Component_New_Node,queryStockItem,New-Component_wkitulhpbl,New-Node_hjsyfsiqha,727508093
Move_Operation_New_Component_New_Node,getEnterpriseByID,New-Component_dfcwzhjwdf,New-Node_nrxqfmmsbm,675719747
Move_Component_New_Node,Inventory,New-Node_hvikwaxuox,,589594078
UMLCloneNode,EnterpriseClient,EnterpriseClient_hwtqoehiqy,,482356332
Move_Operation_New_Component_New_Node,printRunningTotal,New-Component_vbzeoqdynw,New-Node_whytohpkzd,636487085
UMLCloneNode,CashBox,CashBox_jqcmfstqqi,,448799411
Move_Component_New_Node,New-Component_wkitulhpbl,New-Node_ikdivnwfrl,,253128058
Move_Operation_Component,getProductWithStockItem,GUIStore,,289289512
Move_Operation_New_Component_New_Node,printRunningTotal,New-Component_vbzeoqdynw,New-Node_whytohpkzd,541870483
Move_Operation_New_Component_New_Node,scanProduct,New-Component_ngmtjsfuny,New-Node_lqwoxwoxit,558626131
Move_Component_New_Node,New-Component_wkitulhpbl,New-Node_ikdivnwfrl,,208116459
UMLCloneNode,BarCodeScanner,BarCodeScanner_dbjzxybcip,,569616709
Move_Operation_New_Component_New_Node,printRunningTotal,New-Component_vbzeoqdynw,New-Node_whytohpkzd,722052203
Move_Operation_New_Component_New_Node,scanProduct,New-Component_ngmtjsfuny,New-Node_lqwoxwoxit,772122557
Move_Component_New_Node,Inventory,New-Node_hvikwaxuox,,619889303
Move_Operation_Component,getTransactionContext,ScannerController,,321550282
Move_Operation_New_Component_New_Node,printRunningTotal,New-Component_vbzeoqdynw,New-Node_whytohpkzd,737051457
Move_Operation_New_Component_New_Node,scanProduct,New-Component_ngmtjsfuny,New-Node_lqwoxwoxit,695994554
UMLCloneNode,EnterpriseServer,EnterpriseServer_ddrtkaefhi,,560084346
Move_Operation_Component,getProductWithStockItem,GUIStore,,339429948
Move_Operation_New_Component_New_Node,printRunningTotal,New-Component_vbzeoqdynw,New-Node_whytohpkzd,664524386
Move_Operation_New_Component_New_Node,scanProduct,New-Component_ngmtjsfuny,New-Node_lqwoxwoxit,669006911
Move_Component_New_Node,New-Component_wkitulhpbl,New-Node_ikdivnwfrl,,268881596
Move_Operation_New_Component_New_Node,getTransactionContext,New-Component_cognddoikf,New-Node_fiilgvbwbc,1241757135
Move_Operation_New_Component_New_Node,printRunningTotal,New-Component_vbzeoqdynw,New-Node_whytohpkzd,709552736
UMLCloneNode,BarCodeScanner_lrachxaicw,BarCodeScanner_lrachxaicw_djbudfnhmr,,216901131
Move_Component_New_Node,New-Component_wkitulhpbl,New-Node_ikdivnwfrl,,220869291
UMLCloneNode,BarCodeScanner,BarCodeScanner_dbjzxybcip,,513853611
Move_Operation_New_Component_New_Node,printRunningTotal,New-Component_vbzeoqdynw,New-Node_whytohpkzd,635420785
UMLCloneNode,CashBox,CashBox_jqcmfstqqi,,539679947
Move_Component_New_Node,Enterprise,New-Node_rjmjtehhzr,,689598241
Move_Operation_Component,createReport,CashDeskApplication,,346427208
UMLCloneNode,EnterpriseClient,EnterpriseClient_mnmdgnzdvh,,442651584
Move_Operation_New_Component_New_Node,getEnterpriseByID,New-Component_dfcwzhjwdf,New-Node_nrxqfmmsbm,643485908
Move_Component_New_Node,Inventory,New-Node_hvikwaxuox,,515624691
UMLCloneNode,EnterpriseClient,EnterpriseClient_hwtqoehiqy,,512513237
Move_Operation_New_Component_New_Node,printRunningTotal,New-Component_vbzeoqdynw,New-Node_whytohpkzd,740808342
UMLCloneNode,CashBox,CashBox_jqcmfstqqi,,450464504
Move_Component_New_Node,New-Component_wkitulhpbl,New-Node_ikdivnwfrl,,231492570
UMLCloneNode,StoreServer,StoreServer_kemexhiqkq,,529614964
UMLCloneNode,EnterpriseClient,EnterpriseClient_myvpdbrfvb,,493843681
UMLCloneNode,BarCodeScanner_lrachxaicw,BarCodeScanner_lrachxaicw_djbudfnhmr,,262030931
Move_Component_New_Node,New-Component_wkitulhpbl,New-Node_ikdivnwfrl,,263954988
Move_Operation_Component,startSale,Reporting,,377865787
Move_Operation_New_Component_New_Node,queryStockItem,New-Component_wkitulhpbl,New-Node_hjsyfsiqha,627390367
Move_Operation_New_Component_New_Node,getEnterpriseByID,New-Component_dfcwzhjwdf,New-Node_nrxqfmmsbm,638138441
Move_Component_New_Node,Inventory,New-Node_hvikwaxuox,,505357379
Move_Operation_New_Component_New_Node,getTransactionContext,New-Component_ecjmbhqhcv,New-Node_hieaawbdyf,691696946
Move_Operation_New_Component_New_Node,printRunningTotal,New-Component_vbzeoqdynw,New-Node_whytohpkzd,667823702
Move_Operation_New_Component_New_Node,getTransaction,New-Component_mbmoilkmcr,New-Node_xfidnwbeuf,643960869
Move_Component_New_Node,New-Component_wkitulhpbl,New-Node_ikdivnwfrl,,221770010
Move_Operation_Component,createReport,CashDeskApplication,,368105566
Move_Operation_New_Component_New_Node,queryStockItem,New-Component_wkitulhpbl,New-Node_hjsyfsiqha,727457990
Move_Operation_New_Component_New_Node,getEnterpriseByID,New-Component_dfcwzhjwdf,New-Node_nrxqfmmsbm,714397200
Move_Component_New_Node,Inventory,New-Node_hvikwaxuox,,580943056
Move_Operation_Component,getTransactionContext,ScannerController,,318189992
Move_Operation_New_Component_New_Node,printRunningTotal,New-Component_vbzeoqdynw,New-Node_whytohpkzd,703409758
Move_Operation_New_Component_New_Node,scanProduct,New-Component_ngmtjsfuny,New-Node_lqwoxwoxit,658013788
UMLCloneNode,EnterpriseServer,EnterpriseServer_ddrtkaefhi,,993015062
Move_Operation_Component,getTransactionContext,ScannerController,,319691287
Move_Operation_New_Component_New_Node,queryStockItem,New-Component_wkitulhpbl,New-Node_hjsyfsiqha,662194867
Move_Operation_New_Component_New_Node,getEnterpriseByID,New-Component_dfcwzhjwdf,New-Node_nrxqfmmsbm,790209372
Move_Component_New_Node,Inventory,New-Node_hvikwaxuox,,644472378
UMLCloneNode,EnterpriseClient,EnterpriseClient_hwtqoehiqy,,538806118
Move_Operation_New_Component_New_Node,printRunningTotal,New-Component_vbzeoqdynw,New-Node_whytohpkzd,758499875
UMLCloneNode,CashBox,CashBox_jqcmfstqqi,,614184987
Move_Component_New_Node,New-Component_wkitulhpbl,New-Node_ikdivnwfrl,,276162658
Move_Operation_Component,createReport,CashDeskApplication,,318595152
UMLCloneNode,EnterpriseClient,EnterpriseClient_mnmdgnzdvh,,448869883
Move_Operation_New_Component_New_Node,getEnterpriseByID,New-Component_dfcwzhjwdf,New-Node_nrxqfmmsbm,675382215
Move_Component_New_Node,Inventory,New-Node_hvikwaxuox,,573260592
Move_Operation_Component,createReport,CashDeskApplication,,360692005
UMLCloneNode,EnterpriseClient,EnterpriseClient_mnmdgnzdvh,,383514449
Move_Operation_New_Component_New_Node,getEnterpriseByID,New-Component_dfcwzhjwdf,New-Node_nrxqfmmsbm,627407840
Move_Component_New_Node,Inventory,New-Node_hvikwaxuox,,489444452
Move_Operation_Component,createReport,CashDeskApplication,,361069543
UMLCloneNode,EnterpriseClient,EnterpriseClient_mnmdgnzdvh,,498956798
Move_Operation_New_Component_New_Node,getEnterpriseByID,New-Component_dfcwzhjwdf,New-Node_nrxqfmmsbm,769290918
UMLCloneNode,BarCodeScanner,BarCodeScanner_eysucqvtpq,,585632970
UMLCloneNode,Printer,Printer_dlwhsthzfv,,512097388
Move_Operation_New_Component_New_Node,printRunningTotal,New-Component_vbzeoqdynw,New-Node_whytohpkzd,724901216
Move_Operation_New_Component_New_Node,scanProduct,New-Component_ngmtjsfuny,New-Node_lqwoxwoxit,699460372
Move_Component_New_Node,Inventory,New-Node_hvikwaxuox,,603276563
UMLCloneNode,Printer,Printer_dlwhsthzfv,,529063120
Move_Operation_New_Component_New_Node,printRunningTotal,New-Component_vbzeoqdynw,New-Node_whytohpkzd,689079799
Move_Operation_New_Component_New_Node,scanProduct,New-Component_ngmtjsfuny,New-Node_lqwoxwoxit,637555628
Move_Component_New_Node,New-Component_wkitulhpbl,New-Node_ikdivnwfrl,,231781522
Move_Operation_New_Component_New_Node,getTransactionContext,New-Component_ecjmbhqhcv,New-Node_hieaawbdyf,712501234
Move_Operation_New_Component_New_Node,printRunningTotal,New-Component_vbzeoqdynw,New-Node_whytohpkzd,689613590
Move_Operation_New_Component_New_Node,getTransaction,New-Component_mbmoilkmcr,New-Node_xfidnwbeuf,729772730
Move_Component_New_Node,New-Component_wkitulhpbl,New-Node_ikdivnwfrl,,236606750
UMLCloneNode,New-Node_pmajdsgwcr,New-Node_pmajdsgwcr_ofbodtorko,,276124838
Move_Operation_New_Component_New_Node,queryStockItem,New-Component_wkitulhpbl,New-Node_hjsyfsiqha,678884512
Move_Operation_New_Component_New_Node,getEnterpriseByID,New-Component_dfcwzhjwdf,New-Node_nrxqfmmsbm,638165462
Move_Component_New_Node,Inventory,New-Node_hvikwaxuox,,536774309
Move_Operation_Component,getProductWithStockItem,GUIStore,,315980970
Move_Operation_New_Component_New_Node,printRunningTotal,New-Component_vbzeoqdynw,New-Node_whytohpkzd,649207075
Move_Operation_New_Component_New_Node,scanProduct,New-Component_ngmtjsfuny,New-Node_lqwoxwoxit,705657132
Move_Component_New_Node,Inventory,New-Node_hvikwaxuox,,607618644
Move_Operation_New_Component_New_Node,createReport,New-Component_qzbhymntlv,New-Node_nlkwmoiuzr,715654818
Move_Operation_New_Component_New_Node,printRunningTotal,New-Component_vbzeoqdynw,New-Node_whytohpkzd,669594843
UMLCloneNode,CashBox,CashBox_jqcmfstqqi,,507785022
Move_Component_New_Node,New-Component_wkitulhpbl,New-Node_ikdivnwfrl,,244511401
Move_Operation_Component,getTransactionContext,ScannerController,,347155183
Move_Operation_New_Component_New_Node,queryStockItem,New-Component_wkitulhpbl,New-Node_hjsyfsiqha,704758817
Move_Operation_New_Component_New_Node,scanProduct,New-Component_ngmtjsfuny,New-Node_lqwoxwoxit,653480698
UMLCloneNode,BarCodeScanner,BarCodeScanner_wkrwgpijhp,,447767466
Move_Operation_Component,startSale,Reporting,,262430950
Move_Operation_New_Component_New_Node,queryStockItem,New-Component_wkitulhpbl,New-Node_hjsyfsiqha,563044416
Move_Operation_New_Component_New_Node,getEnterpriseByID,New-Component_dfcwzhjwdf,New-Node_nrxqfmmsbm,536907077
Move_Component_New_Node,Inventory,New-Node_hvikwaxuox,,406549080
Move_Operation_Component,startSale,Reporting,,382181710
Move_Operation_New_Component_New_Node,queryStockItem,New-Component_wkitulhpbl,New-Node_hjsyfsiqha,644086454
Move_Operation_New_Component_New_Node,getEnterpriseByID,New-Component_dfcwzhjwdf,New-Node_nrxqfmmsbm,628249328
Move_Component_New_Node,Inventory,New-Node_hvikwaxuox,,517587322
UMLCloneNode,Printer,Printer_dnhtkvoldg,,536498070
Move_Operation_New_Component_New_Node,queryStockItem,New-Component_wkitulhpbl,New-Node_hjsyfsiqha,686436172
Move_Operation_New_Component_New_Node,getEnterpriseByID,New-Component_dfcwzhjwdf,New-Node_nrxqfmmsbm,780880018
Move_Component_New_Node,Inventory,New-Node_hvikwaxuox,,637853526
Move_Operation_Component,createReport,CashDeskApplication,,276681692
Move_Operation_New_Component_New_Node,queryStockItem,New-Component_wkitulhpbl,New-Node_hjsyfsiqha,687700913
Move_Operation_New_Component_New_Node,getEnterpriseByID,New-Component_dfcwzhjwdf,New-Node_nrxqfmmsbm,717602160
UMLCloneNode,StoreServer,StoreServer_nnirulumos,,462457851
UMLCloneNode,CashBox,CashBox_odxoovrhzt,,495369702
UMLCloneNode,EnterpriseClient,EnterpriseClient_mnmdgnzdvh,,579450498
Move_Operation_New_Component_New_Node,getEnterpriseByID,New-Component_dfcwzhjwdf,New-Node_nrxqfmmsbm,731719811
UMLCloneNode,BarCodeScanner,BarCodeScanner_eysucqvtpq,,545143812
Move_Operation_Component,createReport,CashDeskApplication,,333256222
UMLCloneNode,EnterpriseClient,EnterpriseClient_mnmdgnzdvh,,494776670
Move_Operation_New_Component_New_Node,getEnterpriseByID,New-Component_dfcwzhjwdf,New-Node_nrxqfmmsbm,743525437
Move_Component_New_Node,Inventory,New-Node_hvikwaxuox,,542932545
Move_Operation_Component,startSale,Reporting,,287059972
Move_Operation_New_Component_New_Node,queryStockItem,New-Component_wkitulhpbl,New-Node_hjsyfsiqha,679861224
Move_Operation_New_Component_New_Node,getEnterpriseByID,New-Component_dfcwzhjwdf,New-Node_nrxqfmmsbm,749487286
Move_Component_New_Node,Inventory,New-Node_hvikwaxuox,,603399814
Move_Operation_Component,createReport,CashDeskApplication,,291461886
Move_Operation_New_Component_New_Node,queryStockItem,New-Component_wkitulhpbl,New-Node_hjsyfsiqha,724920471
Move_Operation_New_Component_New_Node,getEnterpriseByID,New-Component_dfcwzhjwdf,New-Node_nrxqfmmsbm,709919293
Move_Component_New_Node,Inventory,New-Node_hvikwaxuox,,555452421
UMLCloneNode,BarCodeScanner,BarCodeScanner_dbjzxybcip,,488823869
UMLCloneNode,EnterpriseClient,EnterpriseClient_mnmdgnzdvh,,457625580
Move_Operation_New_Component_New_Node,getEnterpriseByID,New-Component_dfcwzhjwdf,New-Node_nrxqfmmsbm,639869296
Move_Component_New_Node,Inventory,New-Node_hvikwaxuox,,662029107
Move_Operation_Component,createReport,CashDeskApplication,,365876587
UMLCloneNode,EnterpriseClient,EnterpriseClient_mnmdgnzdvh,,582732121
Move_Operation_New_Component_New_Node,getEnterpriseByID,New-Component_dfcwzhjwdf,New-Node_nrxqfmmsbm,875675976
Move_Component_New_Node,New-Component_wkitulhpbl,New-Node_ikdivnwfrl,,292234875
Move_Operation_Component,getProductWithStockItem,GUIStore,,316753448
Move_Operation_New_Component_New_Node,printRunningTotal,New-Component_vbzeoqdynw,New-Node_whytohpkzd,653963734
Move_Operation_New_Component_New_Node,scanProduct,New-Component_ngmtjsfuny,New-Node_lqwoxwoxit,688225547
Move_Component_New_Node,New-Component_wkitulhpbl,New-Node_ikdivnwfrl,,260305035
Move_Operation_New_Component_New_Node,createReport,New-Component_qzbhymntlv,New-Node_nlkwmoiuzr,686317258
Move_Operation_New_Component_New_Node,printRunningTotal,New-Component_vbzeoqdynw,New-Node_whytohpkzd,660630234
UMLCloneNode,CashBox,CashBox_jqcmfstqqi,,449943927
Move_Component_New_Node,New-Component_wkitulhpbl,New-Node_ikdivnwfrl,,219576957
Move_Operation_Component,startSale,Reporting,,319120466
Move_Operation_New_Component_New_Node,queryStockItem,New-Component_wkitulhpbl,New-Node_hjsyfsiqha,740754331
Move_Operation_New_Component_New_Node,getEnterpriseByID,New-Component_dfcwzhjwdf,New-Node_nrxqfmmsbm,724896837
Move_Component_New_Node,Inventory,New-Node_hvikwaxuox,,584889036
Move_Operation_Component,getTransactionContext,ScannerController,,299221164
Move_Operation_New_Component_New_Node,queryStockItem,New-Component_wkitulhpbl,New-Node_hjsyfsiqha,647762146
Move_Operation_New_Component_New_Node,scanProduct,New-Component_ngmtjsfuny,New-Node_lqwoxwoxit,813945297
UMLCloneNode,BarCodeScanner,BarCodeScanner_wkrwgpijhp,,469315219
Move_Operation_New_Component_New_Node,createReport,New-Component_qzbhymntlv,New-Node_nlkwmoiuzr,692302892
Move_Operation_New_Component_New_Node,printRunningTotal,New-Component_vbzeoqdynw,New-Node_whytohpkzd,755182544
UMLCloneNode,CashBox,CashBox_jqcmfstqqi,,493293750
Move_Component_New_Node,New-Component_wkitulhpbl,New-Node_ikdivnwfrl,,236538731
Move_Operation_Component,createReport,CashDeskApplication,,332928818
UMLCloneNode,EnterpriseClient,EnterpriseClient_mnmdgnzdvh,,444486143
Move_Operation_New_Component_New_Node,getEnterpriseByID,New-Component_dfcwzhjwdf,New-Node_nrxqfmmsbm,629212304
UMLCloneNode,BarCodeScanner,BarCodeScanner_eysucqvtpq,,469831036
Move_Operation_Component,startSale,Reporting,,332976317
Move_Operation_New_Component_New_Node,queryStockItem,New-Component_wkitulhpbl,New-Node_hjsyfsiqha,696875215
Move_Operation_New_Component_New_Node,getEnterpriseByID,New-Component_dfcwzhjwdf,New-Node_nrxqfmmsbm,758273239
Move_Component_New_Node,Inventory,New-Node_hvikwaxuox,,626880822
Move_Operation_Component,getTransactionContext,ScannerController,,320061932
Move_Operation_New_Component_New_Node,printRunningTotal,New-Component_vbzeoqdynw,New-Node_whytohpkzd,720421746
Move_Operation_New_Component_New_Node,scanProduct,New-Component_ngmtjsfuny,New-Node_lqwoxwoxit,700867231
UMLCloneNode,EnterpriseServer,EnterpriseServer_ddrtkaefhi,,454821783
UMLCloneNode,BarCodeScanner,BarCodeScanner_dbjzxybcip,,487754473
Move_Operation_New_Component_New_Node,printRunningTotal,New-Component_vbzeoqdynw,New-Node_whytohpkzd,621378144
UMLCloneNode,CashBox,CashBox_jqcmfstqqi,,452159982
Move_Component_New_Node,Enterprise,New-Node_rjmjtehhzr,,513312657
Move_Operation_Component,getProductWithStockItem,GUIStore,,313144130
Move_Operation_New_Component_New_Node,printRunningTotal,New-Component_vbzeoqdynw,New-Node_whytohpkzd,794258234
Move_Operation_New_Component_New_Node,scanProduct,New-Component_ngmtjsfuny,New-Node_lqwoxwoxit,793534506
Move_Operation_New_Component_New_Node,getEnterpriseByID,New-Component_ecaxklcwbx,New-Node_hgjsvxqtlq,708097798
UMLCloneNode,Printer,Printer_dlwhsthzfv,,477140622
Move_Operation_New_Component_New_Node,printRunningTotal,New-Component_vbzeoqdynw,New-Node_whytohpkzd,719123262
Move_Operation_New_Component_New_Node,scanProduct,New-Component_ngmtjsfuny,New-Node_lqwoxwoxit,696421955
Move_Component_New_Node,New-Component_wkitulhpbl,New-Node_ikdivnwfrl,,241236250
Move_Operation_Component,startSale,Reporting,,353767011
Move_Operation_New_Component_New_Node,queryStockItem,New-Component_wkitulhpbl,New-Node_hjsyfsiqha,660894059
Move_Operation_New_Component_New_Node,getEnterpriseByID,New-Component_dfcwzhjwdf,New-Node_nrxqfmmsbm,633327160
Move_Component_New_Node,Inventory,New-Node_hvikwaxuox,,452514798
UMLCloneNode,CashDeskPC,CashDeskPC_iusycbkipx,,416031820
Move_Operation_New_Component_New_Node,printRunningTotal,New-Component_vbzeoqdynw,New-Node_whytohpkzd,540568824
Move_Operation_New_Component_New_Node,scanProduct,New-Component_ngmtjsfuny,New-Node_lqwoxwoxit,568418382
Move_Component_New_Node,New-Component_wkitulhpbl,New-Node_ikdivnwfrl,,200097482
Move_Operation_Component,getTransactionContext,ScannerController,,285177172
Move_Operation_New_Component_New_Node,queryStockItem,New-Component_wkitulhpbl,New-Node_hjsyfsiqha,642307749
Move_Operation_New_Component_New_Node,getEnterpriseByID,New-Component_dfcwzhjwdf,New-Node_nrxqfmmsbm,661717763
Move_Component_New_Node,Inventory,New-Node_hvikwaxuox,,531733947
Move_Operation_New_Component_New_Node,productBarCodeScannedEvent,New-Component_jtsimxnygx,New-Node_feaktzbkxl,736739542
Move_Operation_New_Component_New_Node,queryStockItem,New-Component_wkitulhpbl,New-Node_hjsyfsiqha,660284105
Move_Operation_New_Component_New_Node,getEnterpriseByID,New-Component_dfcwzhjwdf,New-Node_nrxqfmmsbm,707953348
Move_Component_New_Node,Inventory,New-Node_hvikwaxuox,,606214222
UMLCloneNode,CashDeskPC,CashDeskPC_lqnsbfzjql,,427932514
Move_Operation_New_Component_New_Node,printRunningTotal,New-Component_vbzeoqdynw,New-Node_whytohpkzd,735780275
Move_Operation_New_Component_New_Node,scanProduct,New-Component_ngmtjsfuny,New-Node_lqwoxwoxit,664814490
Move_Component_New_Node,New-Component_wkitulhpbl,New-Node_ikdivnwfrl,,229746947
Move_Operation_New_Component_New_Node,getMeanTimeToDeliveryReport,New-Component_xvwsiicrwp,New-Node_vlideycndv,704737347
Move_Operation_New_Component_New_Node,queryStockItem,New-Component_wkitulhpbl,New-Node_hjsyfsiqha,667345236
Move_Operation_New_Component_New_Node,scanProduct,New-Component_ngmtjsfuny,New-Node_lqwoxwoxit,665232884
UMLCloneNode,BarCodeScanner,BarCodeScanner_wkrwgpijhp,,474364998
Move_Operation_New_Component_New_Node,getTransactionContext,New-Component_cognddoikf,New-Node_fiilgvbwbc,688198957
Move_Operation_New_Component_New_Node,printRunningTotal,New-Component_vbzeoqdynw,New-Node_whytohpkzd,819129929
UMLCloneNode,BarCodeScanner_lrachxaicw,BarCodeScanner_lrachxaicw_djbudfnhmr,,253591096
Move_Component_New_Node,New-Component_wkitulhpbl,New-Node_ikdivnwfrl,,261200234
Move_Operation_Component,getTransactionContext,ScannerController,,318057013
Move_Operation_New_Component_New_Node,printRunningTotal,New-Component_vbzeoqdynw,New-Node_whytohpkzd,584731270
Move_Operation_New_Component_New_Node,scanProduct,New-Component_ngmtjsfuny,New-Node_lqwoxwoxit,561556386
UMLCloneNode,EnterpriseServer,EnterpriseServer_ddrtkaefhi,,382707836
Move_Operation_Component,getTransactionContext,ScannerController,,320525611
Move_Operation_New_Component_New_Node,queryStockItem,New-Component_wkitulhpbl,New-Node_hjsyfsiqha,675828522
Move_Operation_New_Component_New_Node,scanProduct,New-Component_ngmtjsfuny,New-Node_lqwoxwoxit,646574860
UMLCloneNode,BarCodeScanner,BarCodeScanner_wkrwgpijhp,,450971033
Move_Operation_Component,getTransactionContext,ScannerController,,333832642
Move_Operation_New_Component_New_Node,queryStockItem,New-Component_wkitulhpbl,New-Node_hjsyfsiqha,688587015
Move_Operation_New_Component_New_Node,scanProduct,New-Component_ngmtjsfuny,New-Node_lqwoxwoxit,686555305
UMLCloneNode,BarCodeScanner,BarCodeScanner_wkrwgpijhp,,490285489
UMLCloneNode,Printer,Printer_dlwhsthzfv,,529598182
Move_Operation_New_Component_New_Node,printRunningTotal,New-Component_vbzeoqdynw,New-Node_whytohpkzd,642992623
Move_Operation_New_Component_New_Node,scanProduct,New-Component_ngmtjsfuny,New-Node_lqwoxwoxit,645493482
Move_Component_New_Node,Inventory,New-Node_hvikwaxuox,,518003693
Move_Operation_Component,createReport,CashDeskApplication,,311681949
UMLCloneNode,EnterpriseClient,EnterpriseClient_mnmdgnzdvh,,439710749
Move_Operation_New_Component_New_Node,getEnterpriseByID,New-Component_dfcwzhjwdf,New-Node_nrxqfmmsbm,621654703
Move_Component_New_Node,Inventory,New-Node_hvikwaxuox,,600384200
Move_Operation_New_Component_New_Node,productBarCodeScannedEvent,New-Component_xhiywgvgvv,New-Node_gobxmhszbe,684208956
Move_Operation_New_Component_New_Node,printRunningTotal,New-Component_vbzeoqdynw,New-Node_whytohpkzd,695434063
Move_Operation_New_Component_New_Node,scanProduct,New-Component_ngmtjsfuny,New-Node_lqwoxwoxit,746474676
UMLCloneNode,EnterpriseServer,EnterpriseServer_ddrtkaefhi,,578643706
Move_Operation_Component,createReport,CashDeskApplication,,288974521
UMLCloneNode,EnterpriseClient,EnterpriseClient_mnmdgnzdvh,,482769266
Move_Operation_New_Component_New_Node,getEnterpriseByID,New-Component_dfcwzhjwdf,New-Node_nrxqfmmsbm,688312389
Move_Component_New_Node,Inventory,New-Node_hvikwaxuox,,544557622
Move_Operation_Component,createReport,CashDeskApplication,,336770742
UMLCloneNode,EnterpriseClient,EnterpriseClient_mnmdgnzdvh,,581163890
Move_Operation_New_Component_New_Node,getEnterpriseByID,New-Component_dfcwzhjwdf,New-Node_nrxqfmmsbm,670967878
Move_Component_New_Node,New-Component_wkitulhpbl,New-Node_ikdivnwfrl,,244117372
Move_Operation_New_Component_New_Node,productBarCodeScannedEvent,New-Component_jtsimxnygx,New-Node_feaktzbkxl,717872055
Move_Operation_New_Component_New_Node,queryStockItem,New-Component_wkitulhpbl,New-Node_hjsyfsiqha,665725458
Move_Operation_New_Component_New_Node,getEnterpriseByID,New-Component_dfcwzhjwdf,New-Node_nrxqfmmsbm,630994105
Move_Component_New_Node,Inventory,New-Node_hvikwaxuox,,514668699
Move_Component_New_Node,CashDeskApplication,New-Node_yzwulrarfz,,563022885
Move_Operation_New_Component_New_Node,printRunningTotal,New-Component_vbzeoqdynw,New-Node_whytohpkzd,688114108
Move_Operation_New_Component_New_Node,scanProduct,New-Component_ngmtjsfuny,New-Node_lqwoxwoxit,691624870
Move_Operation_New_Component_New_Node,getEnterpriseByID,New-Component_ecaxklcwbx,New-Node_hgjsvxqtlq,637230058
Move_Operation_Component,getTransactionContext,ScannerController,,300434850
Move_Operation_New_Component_New_Node,printRunningTotal,New-Component_vbzeoqdynw,New-Node_whytohpkzd,652849125
Move_Operation_New_Component_New_Node,scanProduct,New-Component_ngmtjsfuny,New-Node_lqwoxwoxit,638266431
UMLCloneNode,EnterpriseServer,EnterpriseServer_ddrtkaefhi,,458451169
Move_Operation_Component,queryOrderById,CashDeskApplication,,336942274
Move_Operation_New_Component_New_Node,printRunningTotal,New-Component_vbzeoqdynw,New-Node_whytohpkzd,686551257
UMLCloneNode,CashBox,CashBox_jqcmfstqqi,,461223106
Move_Component_New_Node,New-Component_wkitulhpbl,New-Node_ikdivnwfrl,,219731567
Move_Operation_New_Component_New_Node,productBarCodeScannedEvent,New-Component_xhiywgvgvv,New-Node_gobxmhszbe,703641392
Move_Operation_New_Component_New_Node,printRunningTotal,New-Component_vbzeoqdynw,New-Node_whytohpkzd,646684756
Move_Operation_New_Component_New_Node,scanProduct,New-Component_ngmtjsfuny,New-Node_lqwoxwoxit,645049910
UMLCloneNode,EnterpriseServer,EnterpriseServer_ddrtkaefhi,,459887121
UMLCloneNode,Printer,Printer_dlwhsthzfv,,496668578
Move_Operation_New_Component_New_Node,printRunningTotal,New-Component_vbzeoqdynw,New-Node_whytohpkzd,669759472
Move_Operation_New_Component_New_Node,scanProduct,New-Component_ngmtjsfuny,New-Node_lqwoxwoxit,771219985
Move_Component_New_Node,Inventory,New-Node_hvikwaxuox,,656102334
Move_Operation_New_Component_New_Node,saleStartedEvent,New-Component_nixvvdnldh,New-Node_iwnvrougjt,669199161
Move_Operation_New_Component_New_Node,queryStockItem,New-Component_wkitulhpbl,New-Node_hjsyfsiqha,625225839
Move_Operation_New_Component_New_Node,getEnterpriseByID,New-Component_dfcwzhjwdf,New-Node_nrxqfmmsbm,693401472
Move_Component_New_Node,Inventory,New-Node_hvikwaxuox,,564826477
UMLCloneNode,Printer,Printer_dlwhsthzfv,,524067282
Move_Operation_New_Component_New_Node,printRunningTotal,New-Component_vbzeoqdynw,New-Node_whytohpkzd,652400834
Move_Operation_Component,saleStartedEvent,Enterprise,,271948466
Move_Component_New_Node,New-Component_wkitulhpbl,New-Node_ikdivnwfrl,,221510583
UMLCloneNode,BarCodeScanner,BarCodeScanner_dbjzxybcip,,508393683
Move_Operation_New_Component_New_Node,printRunningTotal,New-Component_vbzeoqdynw,New-Node_whytohpkzd,658446910
UMLCloneNode,CashBox,CashBox_jqcmfstqqi,,448608423
Move_Component_New_Node,Enterprise,New-Node_rjmjtehhzr,,510634475
Move_Operation_Component,getProductWithStockItem,PrinterController,,294514970
Move_Operation_New_Component_New_Node,printRunningTotal,New-Component_vbzeoqdynw,New-Node_whytohpkzd,642514897
UMLCloneNode,CashBox,CashBox_jqcmfstqqi,,505605144
Move_Component_New_Node,New-Component_wkitulhpbl,New-Node_ikdivnwfrl,,230259237
Move_Operation_New_Component_New_Node,createReport,New-Component_qzbhymntlv,New-Node_nlkwmoiuzr,736007169
Move_Operation_New_Component_New_Node,printRunningTotal,New-Component_vbzeoqdynw,New-Node_whytohpkzd,629774358
UMLCloneNode,CashBox,CashBox_jqcmfstqqi,,438437182
Move_Component_New_Node,New-Component_wkitulhpbl,New-Node_ikdivnwfrl,,218014999
UMLCloneNode,EnterpriseServer,EnterpriseServer_mluldpiwkw,,470911663
Move_Operation_New_Component_New_Node,printRunningTotal,New-Component_vbzeoqdynw,New-Node_whytohpkzd,650026472
UMLCloneNode,CashBox,CashBox_jqcmfstqqi,,363647176
Move_Component_New_Node,New-Component_wkitulhpbl,New-Node_ikdivnwfrl,,189908317
Move_Operation_New_Component_New_Node,createReport,New-Component_qzbhymntlv,New-Node_nlkwmoiuzr,690110371
Move_Operation_New_Component_New_Node,printRunningTotal,New-Component_vbzeoqdynw,New-Node_whytohpkzd,634421411
UMLCloneNode,CashBox,CashBox_jqcmfstqqi,,452209926
Move_Component_New_Node,New-Component_wkitulhpbl,New-Node_ikdivnwfrl,,219274000
UMLCloneNode,EnterpriseClient,EnterpriseClient_hwtqoehiqy,,532122405
Move_Operation_New_Component_New_Node,printRunningTotal,New-Component_vbzeoqdynw,New-Node_whytohpkzd,696773324
UMLCloneNode,CashBox,CashBox_jqcmfstqqi,,480166465
Move_Component_New_Node,New-Component_wkitulhpbl,New-Node_ikdivnwfrl,,223037687
UMLCloneNode,Printer,Printer_dlwhsthzfv,,531178415
Move_Operation_New_Component_New_Node,printRunningTotal,New-Component_vbzeoqdynw,New-Node_whytohpkzd,639661336
Move_Operation_New_Component_New_Node,scanProduct,New-Component_ngmtjsfuny,New-Node_lqwoxwoxit,882162929
Move_Component_New_Node,New-Component_wkitulhpbl,New-Node_ikdivnwfrl,,253044060
UMLCloneNode,BarCodeScanner,BarCodeScanner_dbjzxybcip,,463798105
Move_Operation_New_Component_New_Node,printRunningTotal,New-Component_vbzeoqdynw,New-Node_whytohpkzd,661441556
UMLCloneNode,CashBox,CashBox_jqcmfstqqi,,470767903
Move_Component_New_Node,Enterprise,New-Node_rjmjtehhzr,,525418726
Move_Operation_New_Component_New_Node,saleStartedEvent,New-Component_nixvvdnldh,New-Node_iwnvrougjt,791266935
Move_Operation_New_Component_New_Node,queryStockItem,New-Component_wkitulhpbl,New-Node_hjsyfsiqha,748055220
Move_Operation_New_Component_New_Node,getEnterpriseByID,New-Component_dfcwzhjwdf,New-Node_nrxqfmmsbm,774804717
Move_Component_New_Node,Inventory,New-Node_hvikwaxuox,,601138414
Move_Operation_Component,queryOrderById,CashDeskApplication,,360553405
UMLCloneNode,BarCodeScanner,BarCodeScanner_nbwzcaycds,,452470805
UMLCloneNode,CashBox,CashBox_jqcmfstqqi,,444427433
Move_Component_New_Node,New-Component_wkitulhpbl,New-Node_ikdivnwfrl,,213130460
UMLCloneNode,EnterpriseClient,EnterpriseClient_hwtqoehiqy,,549251243
Move_Operation_New_Component_New_Node,printRunningTotal,New-Component_vbzeoqdynw,New-Node_whytohpkzd,645830324
UMLCloneNode,CashBox,CashBox_jqcmfstqqi,,455235570
Move_Component_New_Node,New-Component_wkitulhpbl,New-Node_ikdivnwfrl,,230600266
Move_Operation_New_Component_New_Node,productBarCodeScannedEvent,New-Component_xhiywgvgvv,New-Node_gobxmhszbe,692364798
Move_Operation_New_Component_New_Node,printRunningTotal,New-Component_vbzeoqdynw,New-Node_whytohpkzd,674970583
Move_Operation_New_Component_New_Node,scanProduct,New-Component_ngmtjsfuny,New-Node_lqwoxwoxit,640274326
UMLCloneNode,EnterpriseServer,EnterpriseServer_ddrtkaefhi,,599459886
Move_Operation_New_Component_New_Node,getMeanTimeToDeliveryReport,New-Component_rvuxkldtce,New-Node_etavewaqbf,640090661
Move_Operation_New_Component_New_Node,queryStockItem,New-Component_wkitulhpbl,New-Node_hjsyfsiqha,548380902
Move_Operation_New_Component_New_Node,getEnterpriseByID,New-Component_dfcwzhjwdf,New-Node_nrxqfmmsbm,561788310
Move_Component_New_Node,Inventory,New-Node_hvikwaxuox,,606370324
Move_Operation_New_Component_New_Node,getMeanTimeToDeliveryReport,New-Component_xvwsiicrwp,New-Node_vlideycndv,673282377
Move_Operation_New_Component_New_Node,queryStockItem,New-Component_wkitulhpbl,New-Node_hjsyfsiqha,680788452
Move_Operation_New_Component_New_Node,scanProduct,New-Component_ngmtjsfuny,New-Node_lqwoxwoxit,738386962
UMLCloneNode,BarCodeScanner,BarCodeScanner_wkrwgpijhp,,569528374
Move_Operation_New_Component_New_Node,rollInReceivedOrder,New-Component_bhgrixovds,New-Node_tebpmfumsk,798427962
Move_Operation_New_Component_New_Node,queryStockItem,New-Component_wkitulhpbl,New-Node_hjsyfsiqha,610720431
Move_Operation_New_Component_New_Node,getEnterpriseByID,New-Component_dfcwzhjwdf,New-Node_nrxqfmmsbm,680484802
Move_Component_New_Node,Inventory,New-Node_hvikwaxuox,,475720169
Move_Operation_Component,queryOrderById,CashDeskApplication,,274726445
Move_Operation_New_Component_New_Node,printRunningTotal,New-Component_vbzeoqdynw,New-Node_whytohpkzd,677160138
UMLCloneNode,CashBox,CashBox_jqcmfstqqi,,528144747
Move_Component_New_Node,New-Component_wkitulhpbl,New-Node_ikdivnwfrl,,257017551
Move_Operation_New_Component_New_Node,getMeanTimeToDeliveryReport,New-Component_xvwsiicrwp,New-Node_vlideycndv,675187379
Move_Operation_New_Component_New_Node,queryStockItem,New-Component_wkitulhpbl,New-Node_hjsyfsiqha,643789416
Move_Operation_New_Component_New_Node,scanProduct,New-Component_ngmtjsfuny,New-Node_lqwoxwoxit,666111081
UMLCloneNode,BarCodeScanner,BarCodeScanner_wkrwgpijhp,,451971289
Move_Operation_New_Component_New_Node,productBarCodeScannedEvent,New-Component_xhiywgvgvv,New-Node_gobxmhszbe,689053249
Move_Operation_New_Component_New_Node,printRunningTotal,New-Component_vbzeoqdynw,New-Node_whytohpkzd,653607296
Move_Operation_New_Component_New_Node,scanProduct,New-Component_ngmtjsfuny,New-Node_lqwoxwoxit,671127898
UMLCloneNode,EnterpriseServer,EnterpriseServer_ddrtkaefhi,,448233109
Move_Operation_Component,queryOrderById,CashDeskApplication,,359010232
Move_Operation_New_Component_New_Node,printRunningTotal,New-Component_vbzeoqdynw,New-Node_whytohpkzd,670864804
UMLCloneNode,CashBox,CashBox_jqcmfstqqi,,459920043
Move_Component_New_Node,New-Component_wkitulhpbl,New-Node_ikdivnwfrl,,223560236
UMLCloneNode,CashBox,CashBox_odxoovrhzt,,424192802
UMLCloneNode,EnterpriseClient,EnterpriseClient_mnmdgnzdvh,,399490334
Move_Operation_New_Component_New_Node,getEnterpriseByID,New-Component_dfcwzhjwdf,New-Node_nrxqfmmsbm,649216674
Move_Component_New_Node,New-Component_wkitulhpbl,New-Node_ikdivnwfrl,,257116856
Move_Operation_Component,createReport,CashDeskApplication,,332228475
UMLCloneNode,EnterpriseClient,EnterpriseClient_mnmdgnzdvh,,581859435
Move_Operation_New_Component_New_Node,getEnterpriseByID,New-Component_dfcwzhjwdf,New-Node_nrxqfmmsbm,756592068
UMLCloneNode,BarCodeScanner,BarCodeScanner_eysucqvtpq,,549473911
Move_Operation_New_Component_New_Node,rollInReceivedOrder,New-Component_bhgrixovds,New-Node_tebpmfumsk,742560357
Move_Operation_New_Component_New_Node,queryStockItem,New-Component_wkitulhpbl,New-Node_hjsyfsiqha,707046207
Move_Operation_New_Component_New_Node,getEnterpriseByID,New-Component_dfcwzhjwdf,New-Node_nrxqfmmsbm,734813402
Move_Component_New_Node,Inventory,New-Node_hvikwaxuox,,620847660
UMLCloneNode,BarCodeScanner,BarCodeScanner_dbjzxybcip,,529438874
Move_Operation_New_Component_New_Node,printRunningTotal,New-Component_vbzeoqdynw,New-Node_whytohpkzd,656624944
UMLCloneNode,CashBox,CashBox_jqcmfstqqi,,491567924
Move_Component_New_Node,Enterprise,New-Node_rjmjtehhzr,,522362125
UMLCloneNode,Printer,Printer_dlwhsthzfv,,374651930
Move_Operation_New_Component_New_Node,printRunningTotal,New-Component_vbzeoqdynw,New-Node_whytohpkzd,557925518
Move_Operation_New_Component_New_Node,scanProduct,New-Component_ngmtjsfuny,New-Node_lqwoxwoxit,593689207
Move_Component_New_Node,New-Component_wkitulhpbl,New-Node_ikdivnwfrl,,215695820
UMLCloneNode,Printer,Printer_dlwhsthzfv,,628135595
UMLCloneNode,BarCodeScanner,BarCodeScanner_nbwzcaycds,,450824638
UMLCloneNode,CashBox,CashBox_jqcmfstqqi,,530822388
Move_Component_New_Node,New-Component_wkitulhpbl,New-Node_ikdivnwfrl,,311934192
Move_Operation_Component,getProductWithStockItem,GUIStore,,354977701
Move_Operation_New_Component_New_Node,printRunningTotal,New-Component_vbzeoqdynw,New-Node_whytohpkzd,690177576
Move_Operation_New_Component_New_Node,scanProduct,New-Component_ngmtjsfuny,New-Node_lqwoxwoxit,667689160
Move_Component_New_Node,New-Component_wkitulhpbl,New-Node_ikdivnwfrl,,249136723
Move_Operation_Component,queryOrderById,CashDeskApplication,,315670417
UMLCloneNode,BarCodeScanner,BarCodeScanner_nbwzcaycds,,466528373
UMLCloneNode,CashBox,CashBox_jqcmfstqqi,,471579424
Move_Component_New_Node,New-Component_wkitulhpbl,New-Node_ikdivnwfrl,,226319971
Move_Operation_Component,createReport,CashDeskApplication,,278691219
UMLCloneNode,EnterpriseClient,EnterpriseClient_mnmdgnzdvh,,471473867
Move_Operation_New_Component_New_Node,getEnterpriseByID,New-Component_dfcwzhjwdf,New-Node_nrxqfmmsbm,619096496
Move_Component_New_Node,New-Component_wkitulhpbl,New-Node_ikdivnwfrl,,220220724
Move_Operation_Component,startSale,Reporting,,283952555
Move_Operation_New_Component_New_Node,queryStockItem,New-Component_wkitulhpbl,New-Node_hjsyfsiqha,636599254
Move_Operation_New_Component_New_Node,getEnterpriseByID,New-Component_dfcwzhjwdf,New-Node_nrxqfmmsbm,679983482
Move_Component_New_Node,Inventory,New-Node_hvikwaxuox,,541770306
UMLCloneNode,EnterpriseServer,EnterpriseServer_mluldpiwkw,,413003492
Move_Operation_New_Component_New_Node,printRunningTotal,New-Component_vbzeoqdynw,New-Node_whytohpkzd,586254085
UMLCloneNode,CashBox,CashBox_jqcmfstqqi,,375577736
Move_Component_New_Node,New-Component_wkitulhpbl,New-Node_ikdivnwfrl,,215273709
UMLCloneNode,CashBox,CashBox_odxoovrhzt,,521656291
UMLCloneNode,EnterpriseClient,EnterpriseClient_mnmdgnzdvh,,527194455
Move_Operation_New_Component_New_Node,getEnterpriseByID,New-Component_dfcwzhjwdf,New-Node_nrxqfmmsbm,735952687
UMLCloneNode,BarCodeScanner,BarCodeScanner_eysucqvtpq,,524402972
UMLCloneNode,BarCodeScanner,BarCodeScanner_dbjzxybcip,,462968067
Move_Operation_New_Component_New_Node,printRunningTotal,New-Component_vbzeoqdynw,New-Node_whytohpkzd,664735181
Move_Operation_New_Component_New_Node,getEnterpriseByID,New-Component_dfcwzhjwdf,New-Node_nrxqfmmsbm,669392284
UMLCloneNode,BarCodeScanner,BarCodeScanner_eysucqvtpq,,455488122
UMLCloneNode,Printer,Printer_dlwhsthzfv,,566125162
Move_Operation_New_Component_New_Node,printRunningTotal,New-Component_vbzeoqdynw,New-Node_whytohpkzd,692884723
Move_Operation_New_Component_New_Node,scanProduct,New-Component_ngmtjsfuny,New-Node_lqwoxwoxit,784272810
Move_Component_New_Node,Inventory,New-Node_hvikwaxuox,,635650956
Move_Operation_Component,createReport,CashDeskApplication,,323949522
UMLCloneNode,EnterpriseClient,EnterpriseClient_mnmdgnzdvh,,404190658
Move_Operation_New_Component_New_Node,getEnterpriseByID,New-Component_dfcwzhjwdf,New-Node_nrxqfmmsbm,609783444
UMLCloneNode,BarCodeScanner,BarCodeScanner_eysucqvtpq,,358806850
Move_Operation_Component,createReport,CashDeskApplication,,271733534
UMLCloneNode,EnterpriseClient,EnterpriseClient_mnmdgnzdvh,,453314116
Move_Operation_New_Component_New_Node,getEnterpriseByID,New-Component_dfcwzhjwdf,New-Node_nrxqfmmsbm,660218362
Move_Component_New_Node,New-Component_wkitulhpbl,New-Node_ikdivnwfrl,,240679897
Move_Operation_Component,printRunningTotal,GUIStore,,370388075
Move_Operation_New_Component_New_Node,printRunningTotal,New-Component_vbzeoqdynw,New-Node_whytohpkzd,637898191
Move_Operation_New_Component_New_Node,scanProduct,New-Component_ngmtjsfuny,New-Node_lqwoxwoxit,635444911
Move_Component_New_Node,Inventory,New-Node_hvikwaxuox,,495784841
UMLCloneNode,Printer,Printer_dlwhsthzfv,,502552791
UMLCloneNode,BarCodeScanner,BarCodeScanner_nbwzcaycds,,503144861
UMLCloneNode,CashBox,CashBox_jqcmfstqqi,,461764912
Move_Component_New_Node,New-Component_wkitulhpbl,New-Node_ikdivnwfrl,,222353293
UMLCloneNode,EnterpriseServer,EnterpriseServer_mluldpiwkw,,590660487
Move_Operation_New_Component_New_Node,printRunningTotal,New-Component_vbzeoqdynw,New-Node_whytohpkzd,742995413
UMLCloneNode,CashBox,CashBox_jqcmfstqqi,,545482546
Move_Component_New_Node,New-Component_wkitulhpbl,New-Node_ikdivnwfrl,,264901213
Move_Operation_New_Component_New_Node,rollInReceivedOrder,New-Component_bhgrixovds,New-Node_tebpmfumsk,693660508
Move_Operation_New_Component_New_Node,queryStockItem,New-Component_wkitulhpbl,New-Node_hjsyfsiqha,637466411
Move_Operation_New_Component_New_Node,getEnterpriseByID,New-Component_dfcwzhjwdf,New-Node_nrxqfmmsbm,632896822
Move_Component_New_Node,Inventory,New-Node_hvikwaxuox,,518056692
UMLCloneNode,Printer,Printer_dlwhsthzfv,,560683259
UMLCloneNode,EnterpriseClient,EnterpriseClient_mnmdgnzdvh,,576699009
Move_Operation_New_Component_New_Node,enterOrderID,New-Component_tkaukeqhha,New-Node_ngwjmvvgqx,705272982
Move_Component_New_Node,New-Component_wkitulhpbl,New-Node_ikdivnwfrl,,261556001
UMLCloneNode,Printer,Printer_dlwhsthzfv,,567235584
UMLCloneNode,BarCodeScanner,BarCodeScanner_nbwzcaycds,,594491711
UMLCloneNode,CashBox,CashBox_jqcmfstqqi,,596627747
Move_Component_New_Node,New-Component_wkitulhpbl,New-Node_ikdivnwfrl,,277459790
Move_Operation_Component,createReport,CashDeskApplication,,301230462
UMLCloneNode,EnterpriseClient,EnterpriseClient_mnmdgnzdvh,,484062691
Move_Operation_New_Component_New_Node,getEnterpriseByID,New-Component_dfcwzhjwdf,New-Node_nrxqfmmsbm,694067180
UMLCloneNode,BarCodeScanner,BarCodeScanner_eysucqvtpq,,475085709
Move_Operation_Component,getProductWithStockItem,GUIStore,,324394346
Move_Operation_New_Component_New_Node,printRunningTotal,New-Component_vbzeoqdynw,New-Node_whytohpkzd,664175682
Move_Operation_New_Component_New_Node,scanProduct,New-Component_ngmtjsfuny,New-Node_lqwoxwoxit,628730010
Move_Component_New_Node,New-Component_wkitulhpbl,New-Node_ikdivnwfrl,,210929573
Move_Operation_Component,createReport,CashDeskGUI,,401834459
Move_Operation_New_Component_New_Node,printRunningTotal,New-Component_vbzeoqdynw,New-Node_whytohpkzd,668726084
Move_Operation_New_Component_New_Node,scanProduct,New-Component_ngmtjsfuny,New-Node_lqwoxwoxit,654430740
Move_Operation_New_Component_New_Node,getEnterpriseByID,New-Component_ecaxklcwbx,New-Node_hgjsvxqtlq,670636286
UMLCloneNode,Printer,Printer_dlwhsthzfv,,493313056
UMLCloneNode,BarCodeScanner,BarCodeScanner_nbwzcaycds,,485071503
UMLCloneNode,CashBox,CashBox_jqcmfstqqi,,481917719
Move_Component_New_Node,New-Component_wkitulhpbl,New-Node_ikdivnwfrl,,230240983
UMLCloneNode,EnterpriseClient,EnterpriseClient_hwtqoehiqy,,573866097
Move_Operation_New_Component_New_Node,printRunningTotal,New-Component_vbzeoqdynw,New-Node_whytohpkzd,710279388
UMLCloneNode,CashBox,CashBox_jqcmfstqqi,,509678142
Move_Component_New_Node,New-Component_wkitulhpbl,New-Node_ikdivnwfrl,,239182849
UMLCloneNode,BarCodeScanner,BarCodeScanner_dbjzxybcip,,494423117
Move_Operation_New_Component_New_Node,printRunningTotal,New-Component_vbzeoqdynw,New-Node_whytohpkzd,691372777
UMLCloneNode,CashBox,CashBox_jqcmfstqqi,,476125118
Move_Component_New_Node,Enterprise,New-Node_rjmjtehhzr,,534915893
Move_Operation_Component,getMeanTimeToDeliveryReport,CashDeskGUI,,263887352
UMLCloneNode,EnterpriseClient,EnterpriseClient_mnmdgnzdvh,,458425310
Move_Operation_New_Component_New_Node,getEnterpriseByID,New-Component_dfcwzhjwdf,New-Node_nrxqfmmsbm,641679681
UMLCloneNode,BarCodeScanner,BarCodeScanner_eysucqvtpq,,462637528
UMLCloneNode,Printer,Printer_dlwhsthzfv,,526567910
UMLCloneNode,BarCodeScanner,BarCodeScanner_nbwzcaycds,,445166089
UMLCloneNode,CashBox,CashBox_jqcmfstqqi,,440790463
Move_Component_New_Node,New-Component_wkitulhpbl,New-Node_ikdivnwfrl,,230277281
UMLCloneNode,EnterpriseServer,EnterpriseServer_mluldpiwkw,,525511320
Move_Operation_New_Component_New_Node,printRunningTotal,New-Component_vbzeoqdynw,New-Node_whytohpkzd,681565148
UMLCloneNode,CashBox,CashBox_jqcmfstqqi,,470863322
Move_Component_New_Node,New-Component_wkitulhpbl,New-Node_ikdivnwfrl,,239709768
UMLCloneNode,CashBox,CashBox_odxoovrhzt,,508736446
UMLCloneNode,EnterpriseClient,EnterpriseClient_mnmdgnzdvh,,442929795
Move_Operation_New_Component_New_Node,getEnterpriseByID,New-Component_dfcwzhjwdf,New-Node_nrxqfmmsbm,634056587
Move_Component_New_Node,Reporting,New-Node_thnylfhyvo,,520459236
Move_Operation_Component,createReport,CashDeskApplication,,325689614
UMLCloneNode,EnterpriseClient,EnterpriseClient_mnmdgnzdvh,,457208719
Move_Operation_New_Component_New_Node,getEnterpriseByID,New-Component_dfcwzhjwdf,New-Node_nrxqfmmsbm,646760167
UMLCloneNode,BarCodeScanner,BarCodeScanner_eysucqvtpq,,447564245
Move_Operation_Component,queryOrderById,CashDeskApplication,,283412062
UMLCloneNode,BarCodeScanner,BarCodeScanner_nbwzcaycds,,582262230
UMLCloneNode,CashBox,CashBox_jqcmfstqqi,,529088136
Move_Component_New_Node,New-Component_wkitulhpbl,New-Node_ikdivnwfrl,,223236019
UMLCloneNode,CashBox,CashBox_odxoovrhzt,,507336340
UMLCloneNode,EnterpriseClient,EnterpriseClient_mnmdgnzdvh,,445738571
Move_Operation_New_Component_New_Node,getEnterpriseByID,New-Component_dfcwzhjwdf,New-Node_nrxqfmmsbm,666327376
UMLCloneNode,BarCodeScanner,BarCodeScanner_eysucqvtpq,,503972403
Move_Operation_Component,createReport,CashDeskApplication,,373008860
UMLCloneNode,EnterpriseClient,EnterpriseClient_mnmdgnzdvh,,480964472
Move_Operation_New_Component_New_Node,getEnterpriseByID,New-Component_dfcwzhjwdf,New-Node_nrxqfmmsbm,719194806
Move_Component_New_Node,New-Component_wkitulhpbl,New-Node_ikdivnwfrl,,229774008
Move_Operation_Component,getMeanTimeToDeliveryReport,CashDeskGUI,,310378515
UMLCloneNode,EnterpriseClient,EnterpriseClient_mnmdgnzdvh,,580967763
Move_Operation_New_Component_New_Node,getEnterpriseByID,New-Component_dfcwzhjwdf,New-Node_nrxqfmmsbm,770576419
UMLCloneNode,BarCodeScanner,BarCodeScanner_eysucqvtpq,,551443504
UMLCloneNode,Printer,Printer_dlwhsthzfv,,560600002
Move_Operation_New_Component_New_Node,printRunningTotal,New-Component_vbzeoqdynw,New-Node_whytohpkzd,683636191
Move_Operation_New_Component_New_Node,scanProduct,New-Component_ngmtjsfuny,New-Node_lqwoxwoxit,583059255
Move_Component_New_Node,Inventory,New-Node_hvikwaxuox,,499092423
Move_Operation_Component,createReport,CashDeskApplication,,368029553
UMLCloneNode,EnterpriseClient,EnterpriseClient_mnmdgnzdvh,,452785835
Move_Operation_New_Component_New_Node,getEnterpriseByID,New-Component_dfcwzhjwdf,New-Node_nrxqfmmsbm,651538326
UMLCloneNode,BarCodeScanner,BarCodeScanner_eysucqvtpq,,463997678
Move_Operation_Component,queryOrderById,CashDeskApplication,,295591519
UMLCloneNode,BarCodeScanner,BarCodeScanner_nbwzcaycds,,467900506
UMLCloneNode,CashBox,CashBox_jqcmfstqqi,,466695096
Move_Component_New_Node,PrinterController,New-Node_rucrlpifjt,,550022960
Move_Operation_Component,createReport,CashDeskApplication,,326706311
UMLCloneNode,EnterpriseClient,EnterpriseClient_mnmdgnzdvh,,444282882
Move_Operation_New_Component_New_Node,getEnterpriseByID,New-Component_dfcwzhjwdf,New-Node_nrxqfmmsbm,757825600
Move_Component_New_Node,New-Component_wkitulhpbl,New-Node_ikdivnwfrl,,225629416
Move_Operation_New_Component_New_Node,getMeanTimeToDeliveryReport,New-Component_iegyyxyakj,New-Node_gktpugdmrv,747193615
UMLCloneNode,EnterpriseClient,EnterpriseClient_mnmdgnzdvh,,363548552
Move_Operation_New_Component_New_Node,getEnterpriseByID,New-Component_dfcwzhjwdf,New-Node_nrxqfmmsbm,548870148
Move_Component_New_Node,New-Component_wkitulhpbl,New-Node_ikdivnwfrl,,202631874
UMLCloneNode,Printer,Printer_dlwhsthzfv,,686666624
UMLCloneNode,EnterpriseClient,EnterpriseClient_mnmdgnzdvh,,650663335
Move_Operation_New_Component_New_Node,enterOrderID,New-Component_tkaukeqhha,New-Node_ngwjmvvgqx,785336544
Move_Component_New_Node,New-Component_wkitulhpbl,New-Node_ikdivnwfrl,,249374750
Move_Operation_Component,getMeanTimeToDeliveryReport,CashDeskGUI,,326342018
UMLCloneNode,EnterpriseClient,EnterpriseClient_mnmdgnzdvh,,443700590
Move_Operation_New_Component_New_Node,getEnterpriseByID,New-Component_dfcwzhjwdf,New-Node_nrxqfmmsbm,627671365
Move_Component_New_Node,New-Component_wkitulhpbl,New-Node_ikdivnwfrl,,216302397
Move_Operation_New_Component_New_Node,rollInReceivedOrder,New-Component_wzxysspmle,New-Node_poiakssriu,764370492
Move_Operation_New_Component_New_Node,printRunningTotal,New-Component_vbzeoqdynw,New-Node_whytohpkzd,766074006
Move_Operation_New_Component_New_Node,scanProduct,New-Component_ngmtjsfuny,New-Node_lqwoxwoxit,708997736
Move_Component_New_Node,New-Component_wkitulhpbl,New-Node_ikdivnwfrl,,246034186
UMLCloneNode,EnterpriseClient,EnterpriseClient_hwtqoehiqy,,523180389
Move_Operation_New_Component_New_Node,printRunningTotal,New-Component_vbzeoqdynw,New-Node_whytohpkzd,692189960
UMLCloneNode,CashBox,CashBox_jqcmfstqqi,,459227935
Move_Component_New_Node,New-Component_wkitulhpbl,New-Node_ikdivnwfrl,,218677531
Move_Operation_Component,getProductWithStockItem,GUIStore,,324767976
Move_Operation_New_Component_New_Node,printRunningTotal,New-Component_vbzeoqdynw,New-Node_whytohpkzd,638651693
Move_Operation_New_Component_New_Node,scanProduct,New-Component_ngmtjsfuny,New-Node_lqwoxwoxit,683235661
Move_Component_New_Node,New-Component_wkitulhpbl,New-Node_ikdivnwfrl,,243718915
UMLCloneNode,Printer,Printer_dlwhsthzfv,,480561727
UMLCloneNode,EnterpriseClient,EnterpriseClient_mnmdgnzdvh,,499863519
Move_Operation_New_Component_New_Node,enterOrderID,New-Component_tkaukeqhha,New-Node_ngwjmvvgqx,795983859
Move_Component_New_Node,New-Component_wkitulhpbl,New-Node_ikdivnwfrl,,264494521
Move_Operation_Component,queryStockItem,CashDeskApplication,,334231711
UMLCloneNode,EnterpriseClient,EnterpriseClient_mnmdgnzdvh,,461810638
Move_Operation_New_Component_New_Node,getEnterpriseByID,New-Component_dfcwzhjwdf,New-Node_nrxqfmmsbm,790382346
Move_Component_New_Node,New-Component_wkitulhpbl,New-Node_ikdivnwfrl,,257266858
UMLCloneNode,EnterpriseClient,EnterpriseClient_hwtqoehiqy,,475250939
Move_Operation_New_Component_New_Node,printRunningTotal,New-Component_vbzeoqdynw,New-Node_whytohpkzd,673063467
UMLCloneNode,CashBox,CashBox_jqcmfstqqi,,555936288
Move_Component_New_Node,New-Component_wkitulhpbl,New-Node_ikdivnwfrl,,258907675
UMLCloneNode,CashBox,CashBox_odxoovrhzt,,492215668
UMLCloneNode,EnterpriseClient,EnterpriseClient_mnmdgnzdvh,,480312440
Move_Operation_New_Component_New_Node,getEnterpriseByID,New-Component_dfcwzhjwdf,New-Node_nrxqfmmsbm,684419350
Move_Component_New_Node,Reporting,New-Node_thnylfhyvo,,511909916
Move_Operation_Component,queryOrderById,CashDeskApplication,,354630389
UMLCloneNode,BarCodeScanner,BarCodeScanner_nbwzcaycds,,519314150
UMLCloneNode,CashBox,CashBox_jqcmfstqqi,,531023966
Move_Component_New_Node,New-Component_wkitulhpbl,New-Node_ikdivnwfrl,,246407687
Move_Operation_Component,queryOrderById,CashDeskApplication,,278308752
UMLCloneNode,BarCodeScanner,BarCodeScanner_nbwzcaycds,,482001727
UMLCloneNode,CashBox,CashBox_jqcmfstqqi,,531854523
Move_Component_New_Node,New-Component_wkitulhpbl,New-Node_ikdivnwfrl,,255817380
Move_Operation_Component,getMeanTimeToDeliveryReport,CashDeskGUI,,348274943
UMLCloneNode,EnterpriseClient,EnterpriseClient_mnmdgnzdvh,,535138881
Move_Operation_New_Component_New_Node,getEnterpriseByID,New-Component_dfcwzhjwdf,New-Node_nrxqfmmsbm,796710512
Move_Component_New_Node,New-Component_wkitulhpbl,New-Node_ikdivnwfrl,,259444101
Move_Operation_New_Component_New_Node,getMeanTimeToDeliveryReport,New-Component_iegyyxyakj,New-Node_gktpugdmrv,750042436
UMLCloneNode,EnterpriseClient,EnterpriseClient_mnmdgnzdvh,,505768902
Move_Operation_New_Component_New_Node,getEnterpriseByID,New-Component_dfcwzhjwdf,New-Node_nrxqfmmsbm,718327559
Move_Component_New_Node,New-Component_wkitulhpbl,New-Node_ikdivnwfrl,,242857480
UMLCloneNode,Printer,Printer_dlwhsthzfv,,585449206
UMLCloneNode,BarCodeScanner,BarCodeScanner_nbwzcaycds,,570214640
UMLCloneNode,CashBox,CashBox_jqcmfstqqi,,621071469
Move_Component_New_Node,New-Component_wkitulhpbl,New-Node_ikdivnwfrl,,246868681
UMLCloneNode,Printer,Printer_dlwhsthzfv,,505537798
UMLCloneNode,BarCodeScanner,BarCodeScanner_nbwzcaycds,,444475193
UMLCloneNode,CashBox,CashBox_jqcmfstqqi,,476433797
Move_Component_New_Node,New-Component_wkitulhpbl,New-Node_ikdivnwfrl,,231136001
UMLCloneNode,CashBox,CashBox_odxoovrhzt,,543284896
UMLCloneNode,EnterpriseClient,EnterpriseClient_mnmdgnzdvh,,475998751
Move_Operation_New_Component_New_Node,getEnterpriseByID,New-Component_dfcwzhjwdf,New-Node_nrxqfmmsbm,639253932
UMLCloneNode,BarCodeScanner,BarCodeScanner_eysucqvtpq,,448964170
Move_Operation_Component,queryStockItem,CashDeskApplication,,352711211
UMLCloneNode,EnterpriseClient,EnterpriseClient_mnmdgnzdvh,,381811024
Move_Operation_New_Component_New_Node,getEnterpriseByID,New-Component_dfcwzhjwdf,New-Node_nrxqfmmsbm,554331389
Move_Component_New_Node,New-Component_wkitulhpbl,New-Node_ikdivnwfrl,,211265423
UMLCloneNode,EnterpriseClient,EnterpriseClient_hwtqoehiqy,,501303128
Move_Operation_New_Component_New_Node,printRunningTotal,New-Component_vbzeoqdynw,New-Node_whytohpkzd,670740311
UMLCloneNode,CashBox,CashBox_jqcmfstqqi,,538728593
Move_Component_New_Node,New-Component_wkitulhpbl,New-Node_ikdivnwfrl,,267373739
Move_Operation_Component,queryOrderById,CashDeskApplication,,270764317
UMLCloneNode,BarCodeScanner,BarCodeScanner_nbwzcaycds,,474301018
UMLCloneNode,CashBox,CashBox_jqcmfstqqi,,461190975
UMLCloneNode,LightDisplay,LightDisplay_stpduzozmo,,464219945
UMLCloneNode,CashBox,CashBox_odxoovrhzt,,476384154
UMLCloneNode,EnterpriseClient,EnterpriseClient_mnmdgnzdvh,,442453803
Move_Operation_New_Component_New_Node,getEnterpriseByID,New-Component_dfcwzhjwdf,New-Node_nrxqfmmsbm,637109422
Move_Component_New_Node,New-Component_wkitulhpbl,New-Node_ikdivnwfrl,,241082081
UMLCloneNode,CashBox,CashBox_odxoovrhzt,,520767144
UMLCloneNode,EnterpriseClient,EnterpriseClient_mnmdgnzdvh,,473987610
UMLCloneNode,CashBox,CashBox_jqcmfstqqi,,513802726
Move_Component_New_Node,PrinterController,New-Node_rucrlpifjt,,517623700
Move_Operation_Component,getMeanTimeToDeliveryReport,CashDeskGUI,,241494785
UMLCloneNode,BarCodeScanner,BarCodeScanner_nbwzcaycds,,362665976
UMLCloneNode,StoreServer,StoreServer_izqkiovucm,,361171384
Move_Component_New_Node,New-Component_wkitulhpbl,New-Node_ikdivnwfrl,,207968692
UMLCloneNode,CashBox,CashBox_odxoovrhzt,,541596349
UMLCloneNode,EnterpriseClient,EnterpriseClient_mnmdgnzdvh,,519856897
Move_Operation_New_Component_New_Node,getEnterpriseByID,New-Component_dfcwzhjwdf,New-Node_nrxqfmmsbm,753204605
Move_Component_New_Node,New-Component_wkitulhpbl,New-Node_ikdivnwfrl,,259619739
Move_Operation_Component,getMeanTimeToDeliveryReport,CashDeskGUI,,389380217
UMLCloneNode,EnterpriseClient,EnterpriseClient_mnmdgnzdvh,,500312851
Move_Operation_New_Component_New_Node,getEnterpriseByID,New-Component_dfcwzhjwdf,New-Node_nrxqfmmsbm,680541599
UMLCloneNode,BarCodeScanner,BarCodeScanner_eysucqvtpq,,545253998
UMLCloneNode,CashBox,CashBox_odxoovrhzt,,612827341
UMLCloneNode,EnterpriseClient,EnterpriseClient_mnmdgnzdvh,,527644749
Move_Operation_New_Component_New_Node,getEnterpriseByID,New-Component_dfcwzhjwdf,New-Node_nrxqfmmsbm,666208514
UMLCloneNode,BarCodeScanner,BarCodeScanner_eysucqvtpq,,562120323
Move_Operation_Component,queryStockItem,CashDeskApplication,,341417154
UMLCloneNode,BarCodeScanner,BarCodeScanner_nbwzcaycds,,453834381
UMLCloneNode,CashBox,CashBox_jqcmfstqqi,,470888148
Move_Component_New_Node,CashDeskGUI,New-Node_jutkhavest,,609143805
Move_Operation_New_Component_New_Node,getMeanTimeToDeliveryReport,New-Component_iegyyxyakj,New-Node_gktpugdmrv,766865270
UMLCloneNode,EnterpriseClient,EnterpriseClient_mnmdgnzdvh,,517385793
Move_Operation_New_Component_New_Node,getEnterpriseByID,New-Component_dfcwzhjwdf,New-Node_nrxqfmmsbm,664993686
Move_Component_New_Node,New-Component_wkitulhpbl,New-Node_ikdivnwfrl,,243668149
UMLCloneNode,EnterpriseClient,EnterpriseClient_hwtqoehiqy,,508487058
Move_Operation_New_Component_New_Node,printRunningTotal,New-Component_vbzeoqdynw,New-Node_whytohpkzd,646344026
UMLCloneNode,CashBox,CashBox_jqcmfstqqi,,447895537
Move_Component_New_Node,New-Component_wkitulhpbl,New-Node_ikdivnwfrl,,216729900
UMLCloneNode,Printer,Printer_dlwhsthzfv,,555664518
Move_Operation_New_Component_New_Node,printRunningTotal,New-Component_vbzeoqdynw,New-Node_whytohpkzd,796569787
Move_Operation_New_Component_New_Node,scanProduct,New-Component_ngmtjsfuny,New-Node_lqwoxwoxit,703989775
Move_Component_New_Node,Inventory,New-Node_hvikwaxuox,,517794059
Move_Operation_Component,queryStockItem,CashDeskApplication,,377426193
UMLCloneNode,EnterpriseClient,EnterpriseClient_mnmdgnzdvh,,446948240
UMLCloneNode,EnterpriseServer,EnterpriseServer_hvbjixogem,,460597202
Move_Component_New_Node,New-Component_wkitulhpbl,New-Node_ikdivnwfrl,,222689444
UMLCloneNode,Printer,Printer_dlwhsthzfv,,476221148
UMLCloneNode,BarCodeScanner,BarCodeScanner_nbwzcaycds,,468518906
UMLCloneNode,CashBox,CashBox_jqcmfstqqi,,462025931
Move_Component_New_Node,New-Component_wkitulhpbl,New-Node_ikdivnwfrl,,216034215
UMLCloneNode,New-Node_cyffekiuhg,New-Node_cyffekiuhg_qffivhfvtf,,245690551
Move_Operation_New_Component_New_Node,printRunningTotal,New-Component_vbzeoqdynw,New-Node_whytohpkzd,744324525
UMLCloneNode,CashBox,CashBox_jqcmfstqqi,,469654886
Move_Component_New_Node,New-Component_wkitulhpbl,New-Node_ikdivnwfrl,,349888679
UMLCloneNode,Printer,Printer_dlwhsthzfv,,542591757
Move_Operation_New_Component_New_Node,printRunningTotal,New-Component_vbzeoqdynw,New-Node_whytohpkzd,661508802
Move_Operation_New_Component_New_Node,scanProduct,New-Component_ngmtjsfuny,New-Node_lqwoxwoxit,667744113
Move_Component_New_Node,Inventory,New-Node_hvikwaxuox,,526889163
Move_Operation_Component,queryStockItem,CashDeskApplication,,341911090
UMLCloneNode,EnterpriseClient,EnterpriseClient_mnmdgnzdvh,,450551175
Move_Operation_New_Component_New_Node,getEnterpriseByID,New-Component_dfcwzhjwdf,New-Node_nrxqfmmsbm,630698631
Move_Component_New_Node,New-Component_wkitulhpbl,New-Node_ikdivnwfrl,,204227556
Move_Operation_Component,getProductWithStockItem,GUIStore,,285125885
Move_Operation_New_Component_New_Node,printRunningTotal,New-Component_vbzeoqdynw,New-Node_whytohpkzd,680260341
Move_Operation_New_Component_New_Node,scanProduct,New-Component_ngmtjsfuny,New-Node_lqwoxwoxit,699362659
Move_Component_New_Node,New-Component_wkitulhpbl,New-Node_ikdivnwfrl,,227714315
Move_Operation_Component,getMeanTimeToDeliveryReport,CashDeskGUI,,367017977
UMLCloneNode,EnterpriseClient,EnterpriseClient_mnmdgnzdvh,,497514855
Move_Operation_New_Component_New_Node,getEnterpriseByID,New-Component_dfcwzhjwdf,New-Node_nrxqfmmsbm,654043304
Move_Component_New_Node,New-Component_wkitulhpbl,New-Node_ikdivnwfrl,,229854789
UMLCloneNode,Printer,Printer_dlwhsthzfv,,705929282
UMLCloneNode,EnterpriseClient,EnterpriseClient_mnmdgnzdvh,,672415332
Move_Operation_New_Component_New_Node,enterOrderID,New-Component_tkaukeqhha,New-Node_ngwjmvvgqx,866071728
Move_Component_New_Node,New-Component_wkitulhpbl,New-Node_ikdivnwfrl,,258374024
UMLCloneNode,Printer,Printer_dlwhsthzfv,,484223112
Move_Operation_New_Component_New_Node,printRunningTotal,New-Component_vbzeoqdynw,New-Node_whytohpkzd,656233239
Move_Operation_New_Component_New_Node,scanProduct,New-Component_ngmtjsfuny,New-Node_lqwoxwoxit,769267314
Move_Component_New_Node,Inventory,New-Node_hvikwaxuox,,644198263
Move_Operation_New_Component_New_Node,getMeanTimeToDeliveryReport,New-Component_xvwsiicrwp,New-Node_vlideycndv,700084543
Move_Operation_New_Component_New_Node,queryStockItem,New-Component_wkitulhpbl,New-Node_hjsyfsiqha,774710160
Move_Operation_New_Component_New_Node,scanProduct,New-Component_ngmtjsfuny,New-Node_lqwoxwoxit,791281401
UMLCloneNode,BarCodeScanner,BarCodeScanner_wkrwgpijhp,,574237494
Move_Operation_Component,queryOrderById,CashDeskApplication,,336967811
UMLCloneNode,BarCodeScanner,BarCodeScanner_nbwzcaycds,,467824564
UMLCloneNode,CashBox,CashBox_jqcmfstqqi,,466396286
UMLCloneNode,LightDisplay,LightDisplay_stpduzozmo,,496873933
UMLCloneNode,Printer,Printer_dlwhsthzfv,,539297288
Move_Operation_New_Component_New_Node,printRunningTotal,New-Component_vbzeoqdynw,New-Node_whytohpkzd,653729315
Move_Operation_New_Component_New_Node,scanProduct,New-Component_ngmtjsfuny,New-Node_lqwoxwoxit,645566910
Move_Component_New_Node,Inventory,New-Node_hvikwaxuox,,511895569
UMLCloneNode,EnterpriseClient,EnterpriseClient_hwtqoehiqy,,427541842
Move_Operation_New_Component_New_Node,printRunningTotal,New-Component_vbzeoqdynw,New-Node_whytohpkzd,629349792
UMLCloneNode,CashBox,CashBox_jqcmfstqqi,,373229944
Move_Component_New_Node,New-Component_wkitulhpbl,New-Node_ikdivnwfrl,,190790992
Move_Operation_New_Component_New_Node,getMeanTimeToDeliveryReport,New-Component_iegyyxyakj,New-Node_gktpugdmrv,657188040
UMLCloneNode,EnterpriseClient,EnterpriseClient_mnmdgnzdvh,,463344173
Move_Operation_New_Component_New_Node,getEnterpriseByID,New-Component_dfcwzhjwdf,New-Node_nrxqfmmsbm,668483009
Move_Component_New_Node,New-Component_wkitulhpbl,New-Node_ikdivnwfrl,,248802286
Move_Operation_Component,getProductWithStockItem,GUIStore,,292142872
Move_Operation_New_Component_New_Node,printRunningTotal,New-Component_vbzeoqdynw,New-Node_whytohpkzd,587223042
Move_Operation_New_Component_New_Node,scanProduct,New-Component_ngmtjsfuny,New-Node_lqwoxwoxit,589192445
Move_Component_New_Node,New-Component_wkitulhpbl,New-Node_ikdivnwfrl,,191925540
Move_Operation_Component,queryOrderById,CashDeskApplication,,293476353
UMLCloneNode,EnterpriseClient,EnterpriseClient_mnmdgnzdvh,,454224483
Move_Operation_New_Component_New_Node,getEnterpriseByID,New-Component_dfcwzhjwdf,New-Node_nrxqfmmsbm,637720648
Move_Component_New_Node,New-Component_wkitulhpbl,New-Node_ikdivnwfrl,,226961955
Move_Operation_Component,queryOrderById,CashDeskApplication,,296441692
UMLCloneNode,BarCodeScanner,BarCodeScanner_nbwzcaycds,,528761664
UMLCloneNode,CashBox,CashBox_jqcmfstqqi,,519289353
UMLCloneNode,LightDisplay,LightDisplay_stpduzozmo,,514855229
Move_Operation_New_Component_New_Node,getMeanTimeToDeliveryReport,New-Component_xvwsiicrwp,New-Node_vlideycndv,656006745
Move_Operation_New_Component_New_Node,queryStockItem,New-Component_wkitulhpbl,New-Node_hjsyfsiqha,732954747
Move_Operation_New_Component_New_Node,scanProduct,New-Component_ngmtjsfuny,New-Node_lqwoxwoxit,687206125
UMLCloneNode,BarCodeScanner,BarCodeScanner_wkrwgpijhp,,455158835
Move_Operation_Component,getProductWithStockItem,GUIStore,,397452082
Move_Operation_New_Component_New_Node,printRunningTotal,New-Component_vbzeoqdynw,New-Node_whytohpkzd,687498724
Move_Operation_New_Component_New_Node,scanProduct,New-Component_ngmtjsfuny,New-Node_lqwoxwoxit,727382448
Move_Component_New_Node,New-Component_wkitulhpbl,New-Node_ikdivnwfrl,,262881486
UMLCloneNode,Printer,Printer_dlwhsthzfv,,474155905
UMLCloneNode,EnterpriseClient,EnterpriseClient_mnmdgnzdvh,,458854334
Move_Operation_New_Component_New_Node,enterOrderID,New-Component_tkaukeqhha,New-Node_ngwjmvvgqx,631406899
Move_Component_New_Node,New-Component_wkitulhpbl,New-Node_ikdivnwfrl,,274470756
Move_Operation_Component,queryStockItem,CashDeskApplication,,315346179
UMLCloneNode,EnterpriseClient,EnterpriseClient_mnmdgnzdvh,,458131529
UMLCloneNode,CashBox,CashBox_jqcmfstqqi,,470300727
UMLCloneNode,LightDisplay,LightDisplay_stpduzozmo,,449172561
UMLCloneNode,Printer,Printer_dlwhsthzfv,,485452026
UMLCloneNode,EnterpriseClient,EnterpriseClient_mnmdgnzdvh,,469343582
Move_Operation_New_Component_New_Node,enterOrderID,New-Component_tkaukeqhha,New-Node_ngwjmvvgqx,663063466
Move_Component_New_Node,New-Component_wkitulhpbl,New-Node_ikdivnwfrl,,240185059
Move_Operation_New_Component_New_Node,getMeanTimeToDeliveryReport,New-Component_iegyyxyakj,New-Node_gktpugdmrv,709183043
UMLCloneNode,EnterpriseClient,EnterpriseClient_mnmdgnzdvh,,452039096
Move_Operation_New_Component_New_Node,getEnterpriseByID,New-Component_dfcwzhjwdf,New-Node_nrxqfmmsbm,658551506
Move_Component_New_Node,New-Component_wkitulhpbl,New-Node_ikdivnwfrl,,221050861
UMLCloneNode,CashBox,CashBox_odxoovrhzt,,448248618
UMLCloneNode,BarCodeScanner,BarCodeScanner_nbwzcaycds,,482936520
UMLCloneNode,CashBox,CashBox_jqcmfstqqi,,478662596
Move_Component_New_Node,New-Component_wkitulhpbl,New-Node_ikdivnwfrl,,226321955
UMLCloneNode,EnterpriseClient,EnterpriseClient_hwtqoehiqy,,526979934
Move_Operation_New_Component_New_Node,printRunningTotal,New-Component_vbzeoqdynw,New-Node_whytohpkzd,673820897
UMLCloneNode,CashBox,CashBox_jqcmfstqqi,,465864319
Move_Component_New_Node,New-Component_wkitulhpbl,New-Node_ikdivnwfrl,,220173686
UMLCloneNode,BarCodeScanner,BarCodeScanner_xmghisgutw,,514524288
Move_Operation_New_Component_New_Node,printRunningTotal,New-Component_vbzeoqdynw,New-Node_whytohpkzd,646039296
UMLCloneNode,CashBox,CashBox_jqcmfstqqi,,374391954
Move_Component_New_Node,New-Component_wkitulhpbl,New-Node_ikdivnwfrl,,210259868
Move_Operation_Component,getEnterpriseByID,Reporting,,283321091
Move_Operation_New_Component_New_Node,printRunningTotal,New-Component_vbzeoqdynw,New-Node_whytohpkzd,677915785
UMLCloneNode,CashBox,CashBox_jqcmfstqqi,,465765643
Move_Component_New_Node,New-Component_wkitulhpbl,New-Node_ikdivnwfrl,,248331323
Move_Operation_Component,queryStockItem,CashDeskApplication,,339333707
UMLCloneNode,EnterpriseClient,EnterpriseClient_mnmdgnzdvh,,463618587
UMLCloneNode,CashBox,CashBox_jqcmfstqqi,,446477487
UMLCloneNode,LightDisplay,LightDisplay_stpduzozmo,,462901473
Move_Operation_Component,queryStockItem,CashDeskApplication,,280549464
UMLCloneNode,EnterpriseClient,EnterpriseClient_mnmdgnzdvh,,450791647
Move_Operation_New_Component_New_Node,getEnterpriseByID,New-Component_dfcwzhjwdf,New-Node_nrxqfmmsbm,701069279
UMLCloneNode,BarCodeScanner,BarCodeScanner_eysucqvtpq,,449561049
Move_Operation_Component,getMeanTimeToDeliveryReport,CashDeskGUI,,307516639
UMLCloneNode,EnterpriseClient,EnterpriseClient_mnmdgnzdvh,,503735138
Move_Operation_New_Component_New_Node,getEnterpriseByID,New-Component_dfcwzhjwdf,New-Node_nrxqfmmsbm,719472826
Move_Component_New_Node,New-Component_wkitulhpbl,New-Node_ikdivnwfrl,,236224542
Move_Operation_Component,getEnterpriseByID,Reporting,,291298479
Move_Operation_New_Component_New_Node,printRunningTotal,New-Component_vbzeoqdynw,New-Node_whytohpkzd,710574963
UMLCloneNode,CashBox,CashBox_jqcmfstqqi,,589497837
Move_Component_New_Node,New-Component_wkitulhpbl,New-Node_ikdivnwfrl,,257364141
Move_Operation_New_Component_New_Node,getMeanTimeToDeliveryReport,New-Component_iegyyxyakj,New-Node_gktpugdmrv,779352584
UMLCloneNode,EnterpriseClient,EnterpriseClient_mnmdgnzdvh,,392819766
Move_Operation_New_Component_New_Node,getEnterpriseByID,New-Component_dfcwzhjwdf,New-Node_nrxqfmmsbm,567828026
Move_Component_New_Node,New-Component_wkitulhpbl,New-Node_ikdivnwfrl,,185846351
Move_Operation_Component,queryStockItem,CashDeskApplication,,357652436
UMLCloneNode,EnterpriseClient,EnterpriseClient_mnmdgnzdvh,,484985362
Move_Operation_New_Component_New_Node,getEnterpriseByID,New-Component_dfcwzhjwdf,New-Node_nrxqfmmsbm,742285682
UMLCloneNode,BarCodeScanner,BarCodeScanner_eysucqvtpq,,539166684
UMLCloneNode,CashBox,CashBox_odxoovrhzt,,480822876
UMLCloneNode,EnterpriseClient,EnterpriseClient_mnmdgnzdvh,,453484215
Move_Operation_New_Component_New_Node,getEnterpriseByID,New-Component_dfcwzhjwdf,New-Node_nrxqfmmsbm,612927299
UMLCloneNode,BarCodeScanner,BarCodeScanner_eysucqvtpq,,473080219
Move_Operation_New_Component_New_Node,getMeanTimeToDeliveryReport,New-Component_xvwsiicrwp,New-Node_vlideycndv,671778457
Move_Operation_New_Component_New_Node,queryStockItem,New-Component_wkitulhpbl,New-Node_hjsyfsiqha,656508997
Move_Operation_New_Component_New_Node,scanProduct,New-Component_ngmtjsfuny,New-Node_lqwoxwoxit,648513786
UMLCloneNode,BarCodeScanner,BarCodeScanner_wkrwgpijhp,,505926026
UMLCloneNode,CashBox,CashBox_odxoovrhzt,,571154553
Move_Operation_New_Component_New_Node,printRunningTotal,New-Component_vbzeoqdynw,New-Node_whytohpkzd,667633897
UMLCloneNode,CashBox,CashBox_jqcmfstqqi,,578086240
Move_Component_New_Node,New-Component_wkitulhpbl,New-Node_ikdivnwfrl,,269926175
Move_Operation_New_Component_New_Node,getMeanTimeToDeliveryReport,New-Component_iegyyxyakj,New-Node_gktpugdmrv,637804284
UMLCloneNode,EnterpriseClient,EnterpriseClient_mnmdgnzdvh,,385700186
Move_Operation_New_Component_New_Node,getEnterpriseByID,New-Component_dfcwzhjwdf,New-Node_nrxqfmmsbm,552982018
Move_Component_New_Node,New-Component_wkitulhpbl,New-Node_ikdivnwfrl,,196232375
Move_Operation_New_Component_New_Node,rollInReceivedOrder,New-Component_wzxysspmle,New-Node_poiakssriu,759159942
Move_Operation_New_Component_New_Node,printRunningTotal,New-Component_vbzeoqdynw,New-Node_whytohpkzd,705242705
Move_Operation_New_Component_New_Node,scanProduct,New-Component_ngmtjsfuny,New-Node_lqwoxwoxit,1195056600
Move_Component_New_Node,New-Component_wkitulhpbl,New-Node_ikdivnwfrl,,227897449
Move_Operation_Component,getMeanTimeToDeliveryReport,CashDeskGUI,,327022483
UMLCloneNode,EnterpriseClient,EnterpriseClient_mnmdgnzdvh,,457285704
Move_Operation_New_Component_New_Node,getEnterpriseByID,New-Component_dfcwzhjwdf,New-Node_nrxqfmmsbm,638076455
Move_Operation_New_Component_New_Node,productBarCodeScannedEvent,New-Component_xazkvmlyxw,New-Node_bkxmfitzsk,657138718
Move_Operation_New_Component_New_Node,rollInReceivedOrder,New-Component_wzxysspmle,New-Node_poiakssriu,654540406
Move_Operation_New_Component_New_Node,printRunningTotal,New-Component_vbzeoqdynw,New-Node_whytohpkzd,737921208
Move_Operation_New_Component_New_Node,scanProduct,New-Component_ngmtjsfuny,New-Node_lqwoxwoxit,740187448
Move_Component_New_Node,New-Component_wkitulhpbl,New-Node_ikdivnwfrl,,275728394
UMLCloneNode,CashBox,CashBox_odxoovrhzt,,541361599
UMLCloneNode,EnterpriseClient,EnterpriseClient_mnmdgnzdvh,,455965197
Move_Operation_New_Component_New_Node,getEnterpriseByID,New-Component_dfcwzhjwdf,New-Node_nrxqfmmsbm,689179796
UMLCloneNode,BarCodeScanner,BarCodeScanner_eysucqvtpq,,528611292
Move_Operation_Component,getProductWithStockItem,GUIStore,,353153269
Move_Operation_New_Component_New_Node,printRunningTotal,New-Component_vbzeoqdynw,New-Node_whytohpkzd,705048029
Move_Operation_New_Component_New_Node,scanProduct,New-Component_ngmtjsfuny,New-Node_lqwoxwoxit,753255972
Move_Component_New_Node,New-Component_wkitulhpbl,New-Node_ikdivnwfrl,,240554622
UMLCloneNode,Printer,Printer_dlwhsthzfv,,539802576
Move_Operation_New_Component_New_Node,printRunningTotal,New-Component_vbzeoqdynw,New-Node_whytohpkzd,687773680
Move_Operation_New_Component_New_Node,scanProduct,New-Component_ngmtjsfuny,New-Node_lqwoxwoxit,715205195
Move_Component_New_Node,Inventory,New-Node_hvikwaxuox,,647655606
Move_Operation_Component,getMeanTimeToDeliveryReport,CashDeskGUI,,281810008
UMLCloneNode,EnterpriseClient,EnterpriseClient_mnmdgnzdvh,,477298609
Move_Operation_New_Component_New_Node,getEnterpriseByID,New-Component_dfcwzhjwdf,New-Node_nrxqfmmsbm,782053319
UMLCloneNode,BarCodeScanner,BarCodeScanner_eysucqvtpq,,493303930
UMLCloneNode,BarCodeScanner,BarCodeScanner_xmghisgutw,,524403202
Move_Operation_New_Component_New_Node,printRunningTotal,New-Component_vbzeoqdynw,New-Node_whytohpkzd,721282700
UMLCloneNode,StoreServer,StoreServer_yshihonaob,,504552801
Move_Component_New_Node,New-Component_wkitulhpbl,New-Node_ikdivnwfrl,,236367821
Move_Operation_New_Component_New_Node,getProductWithStockItem,New-Component_ifiedmofin,New-Node_imgyweggqy,888513366
Move_Operation_New_Component_New_Node,printRunningTotal,New-Component_vbzeoqdynw,New-Node_whytohpkzd,784915344
Move_Operation_New_Component_New_Node,scanProduct,New-Component_ngmtjsfuny,New-Node_lqwoxwoxit,1225475467
Move_Component_New_Node,Inventory,New-Node_hvikwaxuox,,522689919
Move_Operation_Component,queryStockItem,CashDeskApplication,,326722461
UMLCloneNode,EnterpriseClient,EnterpriseClient_mnmdgnzdvh,,369389784
UMLCloneNode,StoreServer,StoreServer_yshihonaob,,364625742
Move_Component_New_Node,New-Component_wkitulhpbl,New-Node_ikdivnwfrl,,198721362
UMLCloneNode,BarCodeScanner,BarCodeScanner_xmghisgutw,,502531761
Move_Operation_New_Component_New_Node,printRunningTotal,New-Component_vbzeoqdynw,New-Node_whytohpkzd,666743387
UMLCloneNode,CashBox,CashBox_jqcmfstqqi,,452981472
Move_Component_New_Node,CashDeskApplication,New-Node_tumnvzvhsu,,517270428
Move_Operation_Component,getEnterpriseByID,Reporting,,304625418
Move_Operation_New_Component_New_Node,printRunningTotal,New-Component_vbzeoqdynw,New-Node_whytohpkzd,660686750
UMLCloneNode,CashBox,CashBox_jqcmfstqqi,,465601085
UMLCloneNode,LightDisplay,LightDisplay_ytluvayvez,,459775342
Move_Operation_Component,queryOrderById,CashDeskApplication,,297360486
UMLCloneNode,BarCodeScanner,BarCodeScanner_nbwzcaycds,,472827645
UMLCloneNode,CashBox,CashBox_jqcmfstqqi,,480675020
Move_Component_New_Node,New-Component_wkitulhpbl,New-Node_ikdivnwfrl,,223823950
UMLCloneNode,New-Node_cqfnzjphzg,New-Node_cqfnzjphzg_jnsvqmznja,,247028270
UMLCloneNode,EnterpriseClient,EnterpriseClient_mnmdgnzdvh,,538677848
Move_Operation_New_Component_New_Node,getEnterpriseByID,New-Component_dfcwzhjwdf,New-Node_nrxqfmmsbm,781978188
Move_Component_New_Node,New-Component_wkitulhpbl,New-Node_ikdivnwfrl,,252412416
Move_Operation_Component,queryOrderById,CashDeskApplication,,303427261
UMLCloneNode,EnterpriseClient,EnterpriseClient_mnmdgnzdvh,,453794607
Move_Operation_New_Component_New_Node,getEnterpriseByID,New-Component_dfcwzhjwdf,New-Node_nrxqfmmsbm,658104969
UMLCloneNode,BarCodeScanner,BarCodeScanner_eysucqvtpq,,585200189
Move_Operation_New_Component_New_Node,getMeanTimeToDeliveryReport,New-Component_xvwsiicrwp,New-Node_vlideycndv,621214197
Move_Operation_New_Component_New_Node,queryStockItem,New-Component_wkitulhpbl,New-Node_hjsyfsiqha,596516047
Move_Operation_New_Component_New_Node,scanProduct,New-Component_ngmtjsfuny,New-Node_lqwoxwoxit,699746359
UMLCloneNode,BarCodeScanner,BarCodeScanner_wkrwgpijhp,,544877121
UMLCloneNode,CashBox,CashBox_odxoovrhzt,,472328129
UMLCloneNode,EnterpriseClient,EnterpriseClient_mnmdgnzdvh,,461285332
Move_Operation_New_Component_New_Node,getEnterpriseByID,New-Component_dfcwzhjwdf,New-Node_nrxqfmmsbm,634749527
Move_Component_New_Node,New-Component_wkitulhpbl,New-Node_ikdivnwfrl,,219420093
UMLCloneNode,New-Node_cqfnzjphzg,New-Node_cqfnzjphzg_jnsvqmznja,,265204151
UMLCloneNode,EnterpriseClient,EnterpriseClient_mnmdgnzdvh,,451454619
Move_Operation_New_Component_New_Node,getEnterpriseByID,New-Component_dfcwzhjwdf,New-Node_nrxqfmmsbm,673070630
Move_Component_New_Node,New-Component_wkitulhpbl,New-Node_ikdivnwfrl,,219946281
Move_Operation_New_Component_New_Node,rollInReceivedOrder,New-Component_wzxysspmle,New-Node_poiakssriu,795659801
Move_Operation_New_Component_New_Node,printRunningTotal,New-Component_vbzeoqdynw,New-Node_whytohpkzd,749092395
Move_Operation_New_Component_New_Node,scanProduct,New-Component_ngmtjsfuny,New-Node_lqwoxwoxit,706589019
Move_Component_New_Node,New-Component_wkitulhpbl,New-Node_ikdivnwfrl,,260333678
UMLCloneNode,New-Node_cqfnzjphzg,New-Node_cqfnzjphzg_jnsvqmznja,,214853371
UMLCloneNode,EnterpriseClient,EnterpriseClient_mnmdgnzdvh,,402454341
Move_Operation_New_Component_New_Node,getEnterpriseByID,New-Component_dfcwzhjwdf,New-Node_nrxqfmmsbm,736550718
Move_Component_New_Node,New-Component_wkitulhpbl,New-Node_ikdivnwfrl,,264951607
Move_Operation_Component,getEnterpriseByID,Reporting,,267687858
Move_Operation_New_Component_New_Node,printRunningTotal,New-Component_vbzeoqdynw,New-Node_whytohpkzd,635912677
UMLCloneNode,CashBox,CashBox_jqcmfstqqi,,496238411
Move_Component_New_Node,New-Component_wkitulhpbl,New-Node_ikdivnwfrl,,228334128
UMLCloneNode,New-Node_cqfnzjphzg,New-Node_cqfnzjphzg_jnsvqmznja,,247866893
UMLCloneNode,EnterpriseClient,EnterpriseClient_mnmdgnzdvh,,489452427
Move_Operation_New_Component_New_Node,getEnterpriseByID,New-Component_dfcwzhjwdf,New-Node_nrxqfmmsbm,746379989
Move_Component_New_Node,New-Component_wkitulhpbl,New-Node_ikdivnwfrl,,223082200
Move_Operation_New_Component_New_Node,getMeanTimeToDeliveryReport,New-Component_iegyyxyakj,New-Node_gktpugdmrv,648723268
UMLCloneNode,EnterpriseClient,EnterpriseClient_mnmdgnzdvh,,448694084
Move_Operation_New_Component_New_Node,getEnterpriseByID,New-Component_dfcwzhjwdf,New-Node_nrxqfmmsbm,643687216
Move_Component_New_Node,New-Component_wkitulhpbl,New-Node_ikdivnwfrl,,215464367
Move_Operation_New_Component_New_Node,getMeanTimeToDeliveryReport,New-Component_iegyyxyakj,New-Node_gktpugdmrv,675011009
UMLCloneNode,EnterpriseClient,EnterpriseClient_mnmdgnzdvh,,450134655
Move_Operation_New_Component_New_Node,getEnterpriseByID,New-Component_dfcwzhjwdf,New-Node_nrxqfmmsbm,746486129
Move_Component_New_Node,New-Component_wkitulhpbl,New-Node_ikdivnwfrl,,252601209
Move_Operation_New_Component_New_Node,getMeanTimeToDeliveryReport,New-Component_xvwsiicrwp,New-Node_vlideycndv,642698512
Move_Operation_New_Component_New_Node,queryStockItem,New-Component_wkitulhpbl,New-Node_hjsyfsiqha,1210229039
Move_Operation_New_Component_New_Node,scanProduct,New-Component_ngmtjsfuny,New-Node_lqwoxwoxit,682573659
UMLCloneNode,BarCodeScanner,BarCodeScanner_wkrwgpijhp,,463003995
Move_Operation_New_Component_New_Node,enterOrderID,New-Component_okvjpamdvn,New-Node_brnrjetzai,704771011
UMLCloneNode,EnterpriseClient,EnterpriseClient_mnmdgnzdvh,,453538888
Move_Operation_New_Component_New_Node,getEnterpriseByID,New-Component_dfcwzhjwdf,New-Node_nrxqfmmsbm,646792428
Move_Component_New_Node,New-Component_wkitulhpbl,New-Node_ikdivnwfrl,,225757767
Move_Operation_Component,queryOrderById,CashDeskApplication,,271243355
UMLCloneNode,BarCodeScanner,BarCodeScanner_nbwzcaycds,,504374307
UMLCloneNode,CashBox,CashBox_jqcmfstqqi,,541832272
Move_Component_New_Node,New-Component_wkitulhpbl,New-Node_ikdivnwfrl,,251729856
Move_Operation_Component,getEnterpriseByID,Reporting,,317398197
Move_Operation_New_Component_New_Node,printRunningTotal,New-Component_vbzeoqdynw,New-Node_whytohpkzd,640414158
UMLCloneNode,CashBox,CashBox_jqcmfstqqi,,454584027
Move_Component_New_Node,New-Component_wkitulhpbl,New-Node_ikdivnwfrl,,214766458
UMLCloneNode,BarCodeScanner,BarCodeScanner_xmghisgutw,,490728440
Move_Operation_New_Component_New_Node,printRunningTotal,New-Component_vbzeoqdynw,New-Node_whytohpkzd,659388446
UMLCloneNode,StoreServer,StoreServer_yshihonaob,,372273271
Move_Component_New_Node,New-Component_wkitulhpbl,New-Node_ikdivnwfrl,,224341021
Move_Component_New_Node,CashDeskGUI,New-Node_itzqtfohlf,,507257092
Move_Operation_New_Component_New_Node,queryStockItem,New-Component_wkitulhpbl,New-Node_hjsyfsiqha,570416458
Move_Operation_New_Component_New_Node,scanProduct,New-Component_ngmtjsfuny,New-Node_lqwoxwoxit,548875488
UMLCloneNode,BarCodeScanner,BarCodeScanner_wkrwgpijhp,,386036748
Move_Operation_New_Component_New_Node,getMeanTimeToDeliveryReport,New-Component_xvwsiicrwp,New-Node_vlideycndv,800256340
Move_Operation_New_Component_New_Node,queryStockItem,New-Component_wkitulhpbl,New-Node_hjsyfsiqha,615739212
Move_Operation_New_Component_New_Node,scanProduct,New-Component_ngmtjsfuny,New-Node_lqwoxwoxit,616678903
UMLCloneNode,BarCodeScanner,BarCodeScanner_wkrwgpijhp,,409014642
Move_Operation_New_Component_New_Node,rollInReceivedOrder,New-Component_wzxysspmle,New-Node_poiakssriu,759133061
Move_Operation_New_Component_New_Node,printRunningTotal,New-Component_vbzeoqdynw,New-Node_whytohpkzd,651029662
Move_Operation_New_Component_New_Node,scanProduct,New-Component_ngmtjsfuny,New-Node_lqwoxwoxit,652929395
Move_Component_New_Node,New-Component_wkitulhpbl,New-Node_ikdivnwfrl,,223895655
Move_Operation_Component,getTransactionContext,New-Component_qsthmxfspo,,223833789
Move_Operation_New_Component_New_Node,printRunningTotal,New-Component_vbzeoqdynw,New-Node_whytohpkzd,668838785
UMLCloneNode,CashBox,CashBox_jqcmfstqqi,,474988006
Move_Component_New_Node,New-Component_wkitulhpbl,New-Node_ikdivnwfrl,,233657028
UMLCloneNode,New-Node_cyffekiuhg,New-Node_cyffekiuhg_qffivhfvtf,,256929035
Move_Operation_New_Component_New_Node,printRunningTotal,New-Component_vbzeoqdynw,New-Node_whytohpkzd,542633244
UMLCloneNode,CashBox,CashBox_jqcmfstqqi,,366308827
Move_Component_New_Node,New-Component_wkitulhpbl,New-Node_ikdivnwfrl,,189786920
Move_Operation_Component,scanProduct,CashDeskApplication,,432447340
Move_Operation_New_Component_New_Node,queryStockItem,New-Component_wkitulhpbl,New-Node_hjsyfsiqha,698147501
Move_Operation_New_Component_New_Node,scanProduct,New-Component_ngmtjsfuny,New-Node_lqwoxwoxit,638237687
UMLCloneNode,BarCodeScanner,BarCodeScanner_wkrwgpijhp,,450421292
Move_Operation_Component,getProductWithStockItem,GUIStore,,319216296
Move_Operation_New_Component_New_Node,printRunningTotal,New-Component_vbzeoqdynw,New-Node_whytohpkzd,714526593
Move_Operation_New_Component_New_Node,scanProduct,New-Component_ngmtjsfuny,New-Node_lqwoxwoxit,703729768
Move_Component_New_Node,New-Component_wkitulhpbl,New-Node_ikdivnwfrl,,250532231
UMLCloneNode,EnterpriseClient,EnterpriseClient_fnfylmqudr,,464487256
UMLCloneNode,EnterpriseClient,EnterpriseClient_mnmdgnzdvh,,454398931
Move_Operation_New_Component_New_Node,getEnterpriseByID,New-Component_dfcwzhjwdf,New-Node_nrxqfmmsbm,639077672
Move_Component_New_Node,New-Component_wkitulhpbl,New-Node_ikdivnwfrl,,214996849
Move_Operation_New_Component_New_Node,queryStockItem,New-Component_ajsyomfsdq,New-Node_zmnghdyyiy,642938040
UMLCloneNode,EnterpriseClient,EnterpriseClient_mnmdgnzdvh,,535198484
Move_Operation_New_Component_New_Node,getEnterpriseByID,New-Component_dfcwzhjwdf,New-Node_nrxqfmmsbm,616239038
Move_Component_New_Node,New-Component_wkitulhpbl,New-Node_ikdivnwfrl,,187338810
Move_Operation_New_Component_New_Node,getMeanTimeToDeliveryReport,New-Component_iegyyxyakj,New-Node_gktpugdmrv,663454650
UMLCloneNode,EnterpriseClient,EnterpriseClient_mnmdgnzdvh,,468711086
Move_Operation_New_Component_New_Node,getEnterpriseByID,New-Component_dfcwzhjwdf,New-Node_nrxqfmmsbm,668359837
Move_Component_New_Node,New-Component_wkitulhpbl,New-Node_ikdivnwfrl,,221845732
Move_Operation_New_Component_New_Node,rollInReceivedOrder,New-Component_nmeovmdkap,New-Node_yeougueyia,689770995
Move_Operation_New_Component_New_Node,queryStockItem,New-Component_wkitulhpbl,New-Node_hjsyfsiqha,636116370
Move_Operation_New_Component_New_Node,scanProduct,New-Component_ngmtjsfuny,New-Node_lqwoxwoxit,678219535
UMLCloneNode,BarCodeScanner,BarCodeScanner_wkrwgpijhp,,485032660
Move_Operation_New_Component_New_Node,getMeanTimeToDeliveryReport,New-Component_xvwsiicrwp,New-Node_vlideycndv,640178616
Move_Operation_New_Component_New_Node,queryStockItem,New-Component_wkitulhpbl,New-Node_hjsyfsiqha,1086761922
Move_Operation_New_Component_New_Node,scanProduct,New-Component_ngmtjsfuny,New-Node_lqwoxwoxit,760043959
UMLCloneNode,BarCodeScanner,BarCodeScanner_wkrwgpijhp,,545730662
UMLCloneNode,New-Node_cqfnzjphzg,New-Node_cqfnzjphzg_jnsvqmznja,,255597969
UMLCloneNode,EnterpriseClient,EnterpriseClient_mnmdgnzdvh,,406297087
Move_Operation_New_Component_New_Node,getEnterpriseByID,New-Component_dfcwzhjwdf,New-Node_nrxqfmmsbm,578852237
Move_Component_New_Node,New-Component_wkitulhpbl,New-Node_ikdivnwfrl,,207726327
UMLCloneNode,New-Node_cqfnzjphzg,New-Node_cqfnzjphzg_jnsvqmznja,,280975933
UMLCloneNode,EnterpriseClient,EnterpriseClient_mnmdgnzdvh,,413385268
Move_Operation_New_Component_New_Node,getEnterpriseByID,New-Component_dfcwzhjwdf,New-Node_nrxqfmmsbm,683878476
Move_Component_New_Node,New-Component_wkitulhpbl,New-Node_ikdivnwfrl,,234518874
Move_Operation_New_Component_New_Node,getProductWithStockItem,New-Component_ifiedmofin,New-Node_imgyweggqy,734217123
Move_Operation_New_Component_New_Node,printRunningTotal,New-Component_vbzeoqdynw,New-Node_whytohpkzd,599824710
Move_Operation_New_Component_New_Node,scanProduct,New-Component_ngmtjsfuny,New-Node_lqwoxwoxit,811841513
Move_Component_New_Node,Inventory,New-Node_hvikwaxuox,,425657057
UMLCloneNode,CashBox,CashBox_odxoovrhzt,,514426636
UMLCloneNode,EnterpriseClient,EnterpriseClient_mnmdgnzdvh,,443239085
Move_Operation_New_Component_New_Node,getEnterpriseByID,New-Component_dfcwzhjwdf,New-Node_nrxqfmmsbm,623618515
UMLCloneNode,BarCodeScanner,BarCodeScanner_eysucqvtpq,,452177455
Move_Operation_Component,queryOrderById,CashDeskApplication,,346410637
UMLCloneNode,EnterpriseClient,EnterpriseClient_mnmdgnzdvh,,488373614
Move_Operation_New_Component_New_Node,getEnterpriseByID,New-Component_dfcwzhjwdf,New-Node_nrxqfmmsbm,657103181
Move_Component_New_Node,New-Component_wkitulhpbl,New-Node_ikdivnwfrl,,229609970
UMLCloneNode,New-Node_cqfnzjphzg,New-Node_cqfnzjphzg_jnsvqmznja,,213299297
UMLCloneNode,EnterpriseClient,EnterpriseClient_mnmdgnzdvh,,382534711
Move_Operation_New_Component_New_Node,getEnterpriseByID,New-Component_dfcwzhjwdf,New-Node_nrxqfmmsbm,581055418
Move_Component_New_Node,New-Component_wkitulhpbl,New-Node_ikdivnwfrl,,186738894
UMLCloneNode,Printer,Printer_dlwhsthzfv,,572379039
Move_Operation_New_Component_New_Node,printRunningTotal,New-Component_vbzeoqdynw,New-Node_whytohpkzd,944841174
Move_Operation_New_Component_New_Node,scanProduct,New-Component_ngmtjsfuny,New-Node_lqwoxwoxit,858748887
Move_Component_New_Node,Inventory,New-Node_hvikwaxuox,,568785250
Move_Operation_New_Component_New_Node,rollInReceivedOrder,New-Component_nmeovmdkap,New-Node_yeougueyia,664871517
Move_Operation_New_Component_New_Node,queryStockItem,New-Component_wkitulhpbl,New-Node_hjsyfsiqha,688762042
Move_Operation_New_Component_New_Node,scanProduct,New-Component_ngmtjsfuny,New-Node_lqwoxwoxit,716043056
UMLCloneNode,BarCodeScanner,BarCodeScanner_wkrwgpijhp,,490921512
Move_Operation_Component,queryOrderById,CashDeskApplication,,323806773
UMLCloneNode,BarCodeScanner,BarCodeScanner_nbwzcaycds,,482136199
UMLCloneNode,CashBox,CashBox_jqcmfstqqi,,490003421
Move_Component_New_Node,New-Component_wkitulhpbl,New-Node_ikdivnwfrl,,239858807
Move_Operation_New_Component_New_Node,rollInReceivedOrder,New-Component_wzxysspmle,New-Node_poiakssriu,704587176
Move_Operation_New_Component_New_Node,printRunningTotal,New-Component_vbzeoqdynw,New-Node_whytohpkzd,641194201
Move_Operation_New_Component_New_Node,scanProduct,New-Component_ngmtjsfuny,New-Node_lqwoxwoxit,690664039
Move_Component_New_Node,New-Component_wkitulhpbl,New-Node_ikdivnwfrl,,207392070
Move_Operation_Component,queryOrderById,CashDeskApplication,,324115943
UMLCloneNode,EnterpriseClient,EnterpriseClient_mnmdgnzdvh,,459672078
Move_Operation_New_Component_New_Node,getEnterpriseByID,New-Component_dfcwzhjwdf,New-Node_nrxqfmmsbm,669224749
Move_Component_New_Node,New-Component_wkitulhpbl,New-Node_ikdivnwfrl,,226431720
UMLCloneNode,StoreServer,StoreServer_ienkpjigtz,,586489426
Move_Operation_New_Component_New_Node,queryStockItem,New-Component_wkitulhpbl,New-Node_hjsyfsiqha,927723277
Move_Operation_New_Component_New_Node,scanProduct,New-Component_ngmtjsfuny,New-Node_lqwoxwoxit,800294411
UMLCloneNode,BarCodeScanner,BarCodeScanner_wkrwgpijhp,,374928850
Move_Operation_Component,getEnterpriseByID,Reporting,,307785984
Move_Operation_New_Component_New_Node,printRunningTotal,New-Component_vbzeoqdynw,New-Node_whytohpkzd,710002380
UMLCloneNode,CashBox,CashBox_jqcmfstqqi,,456580942
Move_Component_New_Node,New-Component_wkitulhpbl,New-Node_ikdivnwfrl,,200035457
Move_Operation_New_Component_New_Node,rollInReceivedOrder,New-Component_wzxysspmle,New-Node_poiakssriu,718780689
Move_Operation_New_Component_New_Node,printRunningTotal,New-Component_vbzeoqdynw,New-Node_whytohpkzd,743299673
Move_Operation_New_Component_New_Node,scanProduct,New-Component_ngmtjsfuny,New-Node_lqwoxwoxit,749436881
Move_Component_New_Node,New-Component_wkitulhpbl,New-Node_ikdivnwfrl,,246688993
Move_Operation_New_Component_New_Node,getMeanTimeToDeliveryReport,New-Component_xvwsiicrwp,New-Node_vlideycndv,706405756
Move_Operation_New_Component_New_Node,queryStockItem,New-Component_wkitulhpbl,New-Node_hjsyfsiqha,663080088
Move_Operation_New_Component_New_Node,scanProduct,New-Component_ngmtjsfuny,New-Node_lqwoxwoxit,650104498
UMLCloneNode,BarCodeScanner,BarCodeScanner_wkrwgpijhp,,473251230
