algorithm,problem,solID,step,exec_time(milliSec)
simplified-cocome,simplified-cocome__BRF_clone_1.23__moc_1.64__mcnn_1.80__moncnn_1.45__MaxEval_102__ProbPAs_0.95__sb_byTime_sbth_3600000__Algo_nsgaii,0,uml2lqn,6753
NSGA,simplified-cocome__BRF_clone_1.23__moc_1.64__mcnn_1.80__moncnn_1.45__MaxEval_102__ProbPAs_0.95__sb_byTime_sbth_3600000__Algo_nsgaii,0,invoke_solver,76
NSGA,simplified-cocome__BRF_clone_1.23__moc_1.64__mcnn_1.80__moncnn_1.45__MaxEval_102__ProbPAs_0.95__sb_byTime_sbth_3600000__Algo_nsgaii,0,lqn2uml,1504
NSGA,simplified-cocome__BRF_clone_1.23__moc_1.64__mcnn_1.80__moncnn_1.45__MaxEval_102__ProbPAs_0.95__sb_byTime_sbth_3600000__Algo_nsgaii,0,counting_pas,0,10953
simplified-cocome,simplified-cocome__BRF_clone_1.23__moc_1.64__mcnn_1.80__moncnn_1.45__MaxEval_102__ProbPAs_0.95__sb_byTime_sbth_3600000__Algo_nsgaii,0,perfQ,476
simplified-cocome,simplified-cocome__BRF_clone_1.23__moc_1.64__mcnn_1.80__moncnn_1.45__MaxEval_102__ProbPAs_0.95__sb_byTime_sbth_3600000__Algo_nsgaii,reliability,269
simplified-cocome,simplified-cocome__BRF_clone_1.23__moc_1.64__mcnn_1.80__moncnn_1.45__MaxEval_102__ProbPAs_0.95__sb_byTime_sbth_3600000__Algo_nsgaii,1,uml2lqn,2333
NSGA,simplified-cocome__BRF_clone_1.23__moc_1.64__mcnn_1.80__moncnn_1.45__MaxEval_102__ProbPAs_0.95__sb_byTime_sbth_3600000__Algo_nsgaii,1,invoke_solver,123
NSGA,simplified-cocome__BRF_clone_1.23__moc_1.64__mcnn_1.80__moncnn_1.45__MaxEval_102__ProbPAs_0.95__sb_byTime_sbth_3600000__Algo_nsgaii,1,lqn2uml,447
NSGA,simplified-cocome__BRF_clone_1.23__moc_1.64__mcnn_1.80__moncnn_1.45__MaxEval_102__ProbPAs_0.95__sb_byTime_sbth_3600000__Algo_nsgaii,1,counting_pas,1,7878
simplified-cocome,simplified-cocome__BRF_clone_1.23__moc_1.64__mcnn_1.80__moncnn_1.45__MaxEval_102__ProbPAs_0.95__sb_byTime_sbth_3600000__Algo_nsgaii,1,perfQ,332
simplified-cocome,simplified-cocome__BRF_clone_1.23__moc_1.64__mcnn_1.80__moncnn_1.45__MaxEval_102__ProbPAs_0.95__sb_byTime_sbth_3600000__Algo_nsgaii,reliability,169
simplified-cocome,simplified-cocome__BRF_clone_1.23__moc_1.64__mcnn_1.80__moncnn_1.45__MaxEval_102__ProbPAs_0.95__sb_byTime_sbth_3600000__Algo_nsgaii,2,uml2lqn,1583
NSGA,simplified-cocome__BRF_clone_1.23__moc_1.64__mcnn_1.80__moncnn_1.45__MaxEval_102__ProbPAs_0.95__sb_byTime_sbth_3600000__Algo_nsgaii,2,invoke_solver,85
NSGA,simplified-cocome__BRF_clone_1.23__moc_1.64__mcnn_1.80__moncnn_1.45__MaxEval_102__ProbPAs_0.95__sb_byTime_sbth_3600000__Algo_nsgaii,2,lqn2uml,446
NSGA,simplified-cocome__BRF_clone_1.23__moc_1.64__mcnn_1.80__moncnn_1.45__MaxEval_102__ProbPAs_0.95__sb_byTime_sbth_3600000__Algo_nsgaii,2,counting_pas,2,6556
simplified-cocome,simplified-cocome__BRF_clone_1.23__moc_1.64__mcnn_1.80__moncnn_1.45__MaxEval_102__ProbPAs_0.95__sb_byTime_sbth_3600000__Algo_nsgaii,2,perfQ,254
simplified-cocome,simplified-cocome__BRF_clone_1.23__moc_1.64__mcnn_1.80__moncnn_1.45__MaxEval_102__ProbPAs_0.95__sb_byTime_sbth_3600000__Algo_nsgaii,reliability,139
simplified-cocome,simplified-cocome__BRF_clone_1.23__moc_1.64__mcnn_1.80__moncnn_1.45__MaxEval_102__ProbPAs_0.95__sb_byTime_sbth_3600000__Algo_nsgaii,3,uml2lqn,1871
NSGA,simplified-cocome__BRF_clone_1.23__moc_1.64__mcnn_1.80__moncnn_1.45__MaxEval_102__ProbPAs_0.95__sb_byTime_sbth_3600000__Algo_nsgaii,3,invoke_solver,56
NSGA,simplified-cocome__BRF_clone_1.23__moc_1.64__mcnn_1.80__moncnn_1.45__MaxEval_102__ProbPAs_0.95__sb_byTime_sbth_3600000__Algo_nsgaii,3,lqn2uml,366
NSGA,simplified-cocome__BRF_clone_1.23__moc_1.64__mcnn_1.80__moncnn_1.45__MaxEval_102__ProbPAs_0.95__sb_byTime_sbth_3600000__Algo_nsgaii,3,counting_pas,3,6694
simplified-cocome,simplified-cocome__BRF_clone_1.23__moc_1.64__mcnn_1.80__moncnn_1.45__MaxEval_102__ProbPAs_0.95__sb_byTime_sbth_3600000__Algo_nsgaii,3,perfQ,330
simplified-cocome,simplified-cocome__BRF_clone_1.23__moc_1.64__mcnn_1.80__moncnn_1.45__MaxEval_102__ProbPAs_0.95__sb_byTime_sbth_3600000__Algo_nsgaii,reliability,169
simplified-cocome,simplified-cocome__BRF_clone_1.23__moc_1.64__mcnn_1.80__moncnn_1.45__MaxEval_102__ProbPAs_0.95__sb_byTime_sbth_3600000__Algo_nsgaii,4,uml2lqn,1548
NSGA,simplified-cocome__BRF_clone_1.23__moc_1.64__mcnn_1.80__moncnn_1.45__MaxEval_102__ProbPAs_0.95__sb_byTime_sbth_3600000__Algo_nsgaii,4,invoke_solver,226
NSGA,simplified-cocome__BRF_clone_1.23__moc_1.64__mcnn_1.80__moncnn_1.45__MaxEval_102__ProbPAs_0.95__sb_byTime_sbth_3600000__Algo_nsgaii,4,lqn2uml,406
NSGA,simplified-cocome__BRF_clone_1.23__moc_1.64__mcnn_1.80__moncnn_1.45__MaxEval_102__ProbPAs_0.95__sb_byTime_sbth_3600000__Algo_nsgaii,4,counting_pas,4,6972
simplified-cocome,simplified-cocome__BRF_clone_1.23__moc_1.64__mcnn_1.80__moncnn_1.45__MaxEval_102__ProbPAs_0.95__sb_byTime_sbth_3600000__Algo_nsgaii,4,perfQ,300
simplified-cocome,simplified-cocome__BRF_clone_1.23__moc_1.64__mcnn_1.80__moncnn_1.45__MaxEval_102__ProbPAs_0.95__sb_byTime_sbth_3600000__Algo_nsgaii,reliability,150
simplified-cocome,simplified-cocome__BRF_clone_1.23__moc_1.64__mcnn_1.80__moncnn_1.45__MaxEval_102__ProbPAs_0.95__sb_byTime_sbth_3600000__Algo_nsgaii,5,uml2lqn,1712
NSGA,simplified-cocome__BRF_clone_1.23__moc_1.64__mcnn_1.80__moncnn_1.45__MaxEval_102__ProbPAs_0.95__sb_byTime_sbth_3600000__Algo_nsgaii,5,invoke_solver,263
NSGA,simplified-cocome__BRF_clone_1.23__moc_1.64__mcnn_1.80__moncnn_1.45__MaxEval_102__ProbPAs_0.95__sb_byTime_sbth_3600000__Algo_nsgaii,5,lqn2uml,398
NSGA,simplified-cocome__BRF_clone_1.23__moc_1.64__mcnn_1.80__moncnn_1.45__MaxEval_102__ProbPAs_0.95__sb_byTime_sbth_3600000__Algo_nsgaii,5,counting_pas,5,6957
simplified-cocome,simplified-cocome__BRF_clone_1.23__moc_1.64__mcnn_1.80__moncnn_1.45__MaxEval_102__ProbPAs_0.95__sb_byTime_sbth_3600000__Algo_nsgaii,5,perfQ,364
simplified-cocome,simplified-cocome__BRF_clone_1.23__moc_1.64__mcnn_1.80__moncnn_1.45__MaxEval_102__ProbPAs_0.95__sb_byTime_sbth_3600000__Algo_nsgaii,reliability,112
simplified-cocome,simplified-cocome__BRF_clone_1.23__moc_1.64__mcnn_1.80__moncnn_1.45__MaxEval_102__ProbPAs_0.95__sb_byTime_sbth_3600000__Algo_nsgaii,6,uml2lqn,1611
NSGA,simplified-cocome__BRF_clone_1.23__moc_1.64__mcnn_1.80__moncnn_1.45__MaxEval_102__ProbPAs_0.95__sb_byTime_sbth_3600000__Algo_nsgaii,6,invoke_solver,289
NSGA,simplified-cocome__BRF_clone_1.23__moc_1.64__mcnn_1.80__moncnn_1.45__MaxEval_102__ProbPAs_0.95__sb_byTime_sbth_3600000__Algo_nsgaii,6,lqn2uml,380
NSGA,simplified-cocome__BRF_clone_1.23__moc_1.64__mcnn_1.80__moncnn_1.45__MaxEval_102__ProbPAs_0.95__sb_byTime_sbth_3600000__Algo_nsgaii,6,counting_pas,6,7808
simplified-cocome,simplified-cocome__BRF_clone_1.23__moc_1.64__mcnn_1.80__moncnn_1.45__MaxEval_102__ProbPAs_0.95__sb_byTime_sbth_3600000__Algo_nsgaii,6,perfQ,266
simplified-cocome,simplified-cocome__BRF_clone_1.23__moc_1.64__mcnn_1.80__moncnn_1.45__MaxEval_102__ProbPAs_0.95__sb_byTime_sbth_3600000__Algo_nsgaii,reliability,146
simplified-cocome,simplified-cocome__BRF_clone_1.23__moc_1.64__mcnn_1.80__moncnn_1.45__MaxEval_102__ProbPAs_0.95__sb_byTime_sbth_3600000__Algo_nsgaii,7,uml2lqn,1442
NSGA,simplified-cocome__BRF_clone_1.23__moc_1.64__mcnn_1.80__moncnn_1.45__MaxEval_102__ProbPAs_0.95__sb_byTime_sbth_3600000__Algo_nsgaii,7,invoke_solver,185
NSGA,simplified-cocome__BRF_clone_1.23__moc_1.64__mcnn_1.80__moncnn_1.45__MaxEval_102__ProbPAs_0.95__sb_byTime_sbth_3600000__Algo_nsgaii,7,lqn2uml,342
NSGA,simplified-cocome__BRF_clone_1.23__moc_1.64__mcnn_1.80__moncnn_1.45__MaxEval_102__ProbPAs_0.95__sb_byTime_sbth_3600000__Algo_nsgaii,7,counting_pas,7,6615
simplified-cocome,simplified-cocome__BRF_clone_1.23__moc_1.64__mcnn_1.80__moncnn_1.45__MaxEval_102__ProbPAs_0.95__sb_byTime_sbth_3600000__Algo_nsgaii,7,perfQ,265
simplified-cocome,simplified-cocome__BRF_clone_1.23__moc_1.64__mcnn_1.80__moncnn_1.45__MaxEval_102__ProbPAs_0.95__sb_byTime_sbth_3600000__Algo_nsgaii,reliability,139
simplified-cocome,simplified-cocome__BRF_clone_1.23__moc_1.64__mcnn_1.80__moncnn_1.45__MaxEval_102__ProbPAs_0.95__sb_byTime_sbth_3600000__Algo_nsgaii,8,uml2lqn,1547
NSGA,simplified-cocome__BRF_clone_1.23__moc_1.64__mcnn_1.80__moncnn_1.45__MaxEval_102__ProbPAs_0.95__sb_byTime_sbth_3600000__Algo_nsgaii,8,invoke_solver,135
NSGA,simplified-cocome__BRF_clone_1.23__moc_1.64__mcnn_1.80__moncnn_1.45__MaxEval_102__ProbPAs_0.95__sb_byTime_sbth_3600000__Algo_nsgaii,8,lqn2uml,316
NSGA,simplified-cocome__BRF_clone_1.23__moc_1.64__mcnn_1.80__moncnn_1.45__MaxEval_102__ProbPAs_0.95__sb_byTime_sbth_3600000__Algo_nsgaii,8,counting_pas,8,5969
simplified-cocome,simplified-cocome__BRF_clone_1.23__moc_1.64__mcnn_1.80__moncnn_1.45__MaxEval_102__ProbPAs_0.95__sb_byTime_sbth_3600000__Algo_nsgaii,8,perfQ,295
simplified-cocome,simplified-cocome__BRF_clone_1.23__moc_1.64__mcnn_1.80__moncnn_1.45__MaxEval_102__ProbPAs_0.95__sb_byTime_sbth_3600000__Algo_nsgaii,reliability,158
simplified-cocome,simplified-cocome__BRF_clone_1.23__moc_1.64__mcnn_1.80__moncnn_1.45__MaxEval_102__ProbPAs_0.95__sb_byTime_sbth_3600000__Algo_nsgaii,9,uml2lqn,1436
NSGA,simplified-cocome__BRF_clone_1.23__moc_1.64__mcnn_1.80__moncnn_1.45__MaxEval_102__ProbPAs_0.95__sb_byTime_sbth_3600000__Algo_nsgaii,9,invoke_solver,270
NSGA,simplified-cocome__BRF_clone_1.23__moc_1.64__mcnn_1.80__moncnn_1.45__MaxEval_102__ProbPAs_0.95__sb_byTime_sbth_3600000__Algo_nsgaii,9,lqn2uml,372
NSGA,simplified-cocome__BRF_clone_1.23__moc_1.64__mcnn_1.80__moncnn_1.45__MaxEval_102__ProbPAs_0.95__sb_byTime_sbth_3600000__Algo_nsgaii,9,counting_pas,9,6370
simplified-cocome,simplified-cocome__BRF_clone_1.23__moc_1.64__mcnn_1.80__moncnn_1.45__MaxEval_102__ProbPAs_0.95__sb_byTime_sbth_3600000__Algo_nsgaii,9,perfQ,262
simplified-cocome,simplified-cocome__BRF_clone_1.23__moc_1.64__mcnn_1.80__moncnn_1.45__MaxEval_102__ProbPAs_0.95__sb_byTime_sbth_3600000__Algo_nsgaii,reliability,129
simplified-cocome,simplified-cocome__BRF_clone_1.23__moc_1.64__mcnn_1.80__moncnn_1.45__MaxEval_102__ProbPAs_0.95__sb_byTime_sbth_3600000__Algo_nsgaii,10,uml2lqn,1483
NSGA,simplified-cocome__BRF_clone_1.23__moc_1.64__mcnn_1.80__moncnn_1.45__MaxEval_102__ProbPAs_0.95__sb_byTime_sbth_3600000__Algo_nsgaii,10,invoke_solver,152
NSGA,simplified-cocome__BRF_clone_1.23__moc_1.64__mcnn_1.80__moncnn_1.45__MaxEval_102__ProbPAs_0.95__sb_byTime_sbth_3600000__Algo_nsgaii,10,lqn2uml,366
NSGA,simplified-cocome__BRF_clone_1.23__moc_1.64__mcnn_1.80__moncnn_1.45__MaxEval_102__ProbPAs_0.95__sb_byTime_sbth_3600000__Algo_nsgaii,10,counting_pas,10,5684
simplified-cocome,simplified-cocome__BRF_clone_1.23__moc_1.64__mcnn_1.80__moncnn_1.45__MaxEval_102__ProbPAs_0.95__sb_byTime_sbth_3600000__Algo_nsgaii,10,perfQ,309
simplified-cocome,simplified-cocome__BRF_clone_1.23__moc_1.64__mcnn_1.80__moncnn_1.45__MaxEval_102__ProbPAs_0.95__sb_byTime_sbth_3600000__Algo_nsgaii,reliability,141
simplified-cocome,simplified-cocome__BRF_clone_1.23__moc_1.64__mcnn_1.80__moncnn_1.45__MaxEval_102__ProbPAs_0.95__sb_byTime_sbth_3600000__Algo_nsgaii,11,uml2lqn,1914
NSGA,simplified-cocome__BRF_clone_1.23__moc_1.64__mcnn_1.80__moncnn_1.45__MaxEval_102__ProbPAs_0.95__sb_byTime_sbth_3600000__Algo_nsgaii,11,invoke_solver,47
NSGA,simplified-cocome__BRF_clone_1.23__moc_1.64__mcnn_1.80__moncnn_1.45__MaxEval_102__ProbPAs_0.95__sb_byTime_sbth_3600000__Algo_nsgaii,11,lqn2uml,383
NSGA,simplified-cocome__BRF_clone_1.23__moc_1.64__mcnn_1.80__moncnn_1.45__MaxEval_102__ProbPAs_0.95__sb_byTime_sbth_3600000__Algo_nsgaii,11,counting_pas,11,7778
simplified-cocome,simplified-cocome__BRF_clone_1.23__moc_1.64__mcnn_1.80__moncnn_1.45__MaxEval_102__ProbPAs_0.95__sb_byTime_sbth_3600000__Algo_nsgaii,11,perfQ,337
simplified-cocome,simplified-cocome__BRF_clone_1.23__moc_1.64__mcnn_1.80__moncnn_1.45__MaxEval_102__ProbPAs_0.95__sb_byTime_sbth_3600000__Algo_nsgaii,reliability,97
simplified-cocome,simplified-cocome__BRF_clone_1.23__moc_1.64__mcnn_1.80__moncnn_1.45__MaxEval_102__ProbPAs_0.95__sb_byTime_sbth_3600000__Algo_nsgaii,12,uml2lqn,1564
NSGA,simplified-cocome__BRF_clone_1.23__moc_1.64__mcnn_1.80__moncnn_1.45__MaxEval_102__ProbPAs_0.95__sb_byTime_sbth_3600000__Algo_nsgaii,12,invoke_solver,272
NSGA,simplified-cocome__BRF_clone_1.23__moc_1.64__mcnn_1.80__moncnn_1.45__MaxEval_102__ProbPAs_0.95__sb_byTime_sbth_3600000__Algo_nsgaii,12,lqn2uml,326
NSGA,simplified-cocome__BRF_clone_1.23__moc_1.64__mcnn_1.80__moncnn_1.45__MaxEval_102__ProbPAs_0.95__sb_byTime_sbth_3600000__Algo_nsgaii,12,counting_pas,12,7131
simplified-cocome,simplified-cocome__BRF_clone_1.23__moc_1.64__mcnn_1.80__moncnn_1.45__MaxEval_102__ProbPAs_0.95__sb_byTime_sbth_3600000__Algo_nsgaii,12,perfQ,365
simplified-cocome,simplified-cocome__BRF_clone_1.23__moc_1.64__mcnn_1.80__moncnn_1.45__MaxEval_102__ProbPAs_0.95__sb_byTime_sbth_3600000__Algo_nsgaii,reliability,116
simplified-cocome,simplified-cocome__BRF_clone_1.23__moc_1.64__mcnn_1.80__moncnn_1.45__MaxEval_102__ProbPAs_0.95__sb_byTime_sbth_3600000__Algo_nsgaii,13,uml2lqn,1476
NSGA,simplified-cocome__BRF_clone_1.23__moc_1.64__mcnn_1.80__moncnn_1.45__MaxEval_102__ProbPAs_0.95__sb_byTime_sbth_3600000__Algo_nsgaii,13,invoke_solver,88
NSGA,simplified-cocome__BRF_clone_1.23__moc_1.64__mcnn_1.80__moncnn_1.45__MaxEval_102__ProbPAs_0.95__sb_byTime_sbth_3600000__Algo_nsgaii,13,lqn2uml,349
NSGA,simplified-cocome__BRF_clone_1.23__moc_1.64__mcnn_1.80__moncnn_1.45__MaxEval_102__ProbPAs_0.95__sb_byTime_sbth_3600000__Algo_nsgaii,13,counting_pas,13,6618
simplified-cocome,simplified-cocome__BRF_clone_1.23__moc_1.64__mcnn_1.80__moncnn_1.45__MaxEval_102__ProbPAs_0.95__sb_byTime_sbth_3600000__Algo_nsgaii,13,perfQ,348
simplified-cocome,simplified-cocome__BRF_clone_1.23__moc_1.64__mcnn_1.80__moncnn_1.45__MaxEval_102__ProbPAs_0.95__sb_byTime_sbth_3600000__Algo_nsgaii,reliability,136
simplified-cocome,simplified-cocome__BRF_clone_1.23__moc_1.64__mcnn_1.80__moncnn_1.45__MaxEval_102__ProbPAs_0.95__sb_byTime_sbth_3600000__Algo_nsgaii,14,uml2lqn,1454
NSGA,simplified-cocome__BRF_clone_1.23__moc_1.64__mcnn_1.80__moncnn_1.45__MaxEval_102__ProbPAs_0.95__sb_byTime_sbth_3600000__Algo_nsgaii,14,invoke_solver,211
NSGA,simplified-cocome__BRF_clone_1.23__moc_1.64__mcnn_1.80__moncnn_1.45__MaxEval_102__ProbPAs_0.95__sb_byTime_sbth_3600000__Algo_nsgaii,14,lqn2uml,350
NSGA,simplified-cocome__BRF_clone_1.23__moc_1.64__mcnn_1.80__moncnn_1.45__MaxEval_102__ProbPAs_0.95__sb_byTime_sbth_3600000__Algo_nsgaii,14,counting_pas,14,6174
simplified-cocome,simplified-cocome__BRF_clone_1.23__moc_1.64__mcnn_1.80__moncnn_1.45__MaxEval_102__ProbPAs_0.95__sb_byTime_sbth_3600000__Algo_nsgaii,14,perfQ,331
simplified-cocome,simplified-cocome__BRF_clone_1.23__moc_1.64__mcnn_1.80__moncnn_1.45__MaxEval_102__ProbPAs_0.95__sb_byTime_sbth_3600000__Algo_nsgaii,reliability,132
simplified-cocome,simplified-cocome__BRF_clone_1.23__moc_1.64__mcnn_1.80__moncnn_1.45__MaxEval_102__ProbPAs_0.95__sb_byTime_sbth_3600000__Algo_nsgaii,15,uml2lqn,1734
NSGA,simplified-cocome__BRF_clone_1.23__moc_1.64__mcnn_1.80__moncnn_1.45__MaxEval_102__ProbPAs_0.95__sb_byTime_sbth_3600000__Algo_nsgaii,15,invoke_solver,148
NSGA,simplified-cocome__BRF_clone_1.23__moc_1.64__mcnn_1.80__moncnn_1.45__MaxEval_102__ProbPAs_0.95__sb_byTime_sbth_3600000__Algo_nsgaii,15,lqn2uml,310
NSGA,simplified-cocome__BRF_clone_1.23__moc_1.64__mcnn_1.80__moncnn_1.45__MaxEval_102__ProbPAs_0.95__sb_byTime_sbth_3600000__Algo_nsgaii,15,counting_pas,15,5857
simplified-cocome,simplified-cocome__BRF_clone_1.23__moc_1.64__mcnn_1.80__moncnn_1.45__MaxEval_102__ProbPAs_0.95__sb_byTime_sbth_3600000__Algo_nsgaii,15,perfQ,308
simplified-cocome,simplified-cocome__BRF_clone_1.23__moc_1.64__mcnn_1.80__moncnn_1.45__MaxEval_102__ProbPAs_0.95__sb_byTime_sbth_3600000__Algo_nsgaii,reliability,116
simplified-cocome,simplified-cocome__BRF_clone_1.23__moc_1.64__mcnn_1.80__moncnn_1.45__MaxEval_102__ProbPAs_0.95__sb_byTime_sbth_3600000__Algo_nsgaii,18,uml2lqn,1722
NSGA,simplified-cocome__BRF_clone_1.23__moc_1.64__mcnn_1.80__moncnn_1.45__MaxEval_102__ProbPAs_0.95__sb_byTime_sbth_3600000__Algo_nsgaii,18,invoke_solver,86
NSGA,simplified-cocome__BRF_clone_1.23__moc_1.64__mcnn_1.80__moncnn_1.45__MaxEval_102__ProbPAs_0.95__sb_byTime_sbth_3600000__Algo_nsgaii,18,lqn2uml,675
NSGA,simplified-cocome__BRF_clone_1.23__moc_1.64__mcnn_1.80__moncnn_1.45__MaxEval_102__ProbPAs_0.95__sb_byTime_sbth_3600000__Algo_nsgaii,18,counting_pas,18,7076
simplified-cocome,simplified-cocome__BRF_clone_1.23__moc_1.64__mcnn_1.80__moncnn_1.45__MaxEval_102__ProbPAs_0.95__sb_byTime_sbth_3600000__Algo_nsgaii,18,perfQ,578
simplified-cocome,simplified-cocome__BRF_clone_1.23__moc_1.64__mcnn_1.80__moncnn_1.45__MaxEval_102__ProbPAs_0.95__sb_byTime_sbth_3600000__Algo_nsgaii,reliability,165
simplified-cocome,simplified-cocome__BRF_clone_1.23__moc_1.64__mcnn_1.80__moncnn_1.45__MaxEval_102__ProbPAs_0.95__sb_byTime_sbth_3600000__Algo_nsgaii,19,uml2lqn,1842
NSGA,simplified-cocome__BRF_clone_1.23__moc_1.64__mcnn_1.80__moncnn_1.45__MaxEval_102__ProbPAs_0.95__sb_byTime_sbth_3600000__Algo_nsgaii,19,invoke_solver,150
NSGA,simplified-cocome__BRF_clone_1.23__moc_1.64__mcnn_1.80__moncnn_1.45__MaxEval_102__ProbPAs_0.95__sb_byTime_sbth_3600000__Algo_nsgaii,19,lqn2uml,593
NSGA,simplified-cocome__BRF_clone_1.23__moc_1.64__mcnn_1.80__moncnn_1.45__MaxEval_102__ProbPAs_0.95__sb_byTime_sbth_3600000__Algo_nsgaii,19,counting_pas,19,5922
simplified-cocome,simplified-cocome__BRF_clone_1.23__moc_1.64__mcnn_1.80__moncnn_1.45__MaxEval_102__ProbPAs_0.95__sb_byTime_sbth_3600000__Algo_nsgaii,19,perfQ,513
simplified-cocome,simplified-cocome__BRF_clone_1.23__moc_1.64__mcnn_1.80__moncnn_1.45__MaxEval_102__ProbPAs_0.95__sb_byTime_sbth_3600000__Algo_nsgaii,reliability,137
simplified-cocome,simplified-cocome__BRF_clone_1.23__moc_1.64__mcnn_1.80__moncnn_1.45__MaxEval_102__ProbPAs_0.95__sb_byTime_sbth_3600000__Algo_nsgaii,20,uml2lqn,2036
NSGA,simplified-cocome__BRF_clone_1.23__moc_1.64__mcnn_1.80__moncnn_1.45__MaxEval_102__ProbPAs_0.95__sb_byTime_sbth_3600000__Algo_nsgaii,20,invoke_solver,127
NSGA,simplified-cocome__BRF_clone_1.23__moc_1.64__mcnn_1.80__moncnn_1.45__MaxEval_102__ProbPAs_0.95__sb_byTime_sbth_3600000__Algo_nsgaii,20,lqn2uml,787
NSGA,simplified-cocome__BRF_clone_1.23__moc_1.64__mcnn_1.80__moncnn_1.45__MaxEval_102__ProbPAs_0.95__sb_byTime_sbth_3600000__Algo_nsgaii,20,counting_pas,20,7446
simplified-cocome,simplified-cocome__BRF_clone_1.23__moc_1.64__mcnn_1.80__moncnn_1.45__MaxEval_102__ProbPAs_0.95__sb_byTime_sbth_3600000__Algo_nsgaii,20,perfQ,567
simplified-cocome,simplified-cocome__BRF_clone_1.23__moc_1.64__mcnn_1.80__moncnn_1.45__MaxEval_102__ProbPAs_0.95__sb_byTime_sbth_3600000__Algo_nsgaii,reliability,124
simplified-cocome,simplified-cocome__BRF_clone_1.23__moc_1.64__mcnn_1.80__moncnn_1.45__MaxEval_102__ProbPAs_0.95__sb_byTime_sbth_3600000__Algo_nsgaii,21,uml2lqn,1849
NSGA,simplified-cocome__BRF_clone_1.23__moc_1.64__mcnn_1.80__moncnn_1.45__MaxEval_102__ProbPAs_0.95__sb_byTime_sbth_3600000__Algo_nsgaii,21,invoke_solver,60
NSGA,simplified-cocome__BRF_clone_1.23__moc_1.64__mcnn_1.80__moncnn_1.45__MaxEval_102__ProbPAs_0.95__sb_byTime_sbth_3600000__Algo_nsgaii,21,lqn2uml,683
NSGA,simplified-cocome__BRF_clone_1.23__moc_1.64__mcnn_1.80__moncnn_1.45__MaxEval_102__ProbPAs_0.95__sb_byTime_sbth_3600000__Algo_nsgaii,21,counting_pas,21,7744
simplified-cocome,simplified-cocome__BRF_clone_1.23__moc_1.64__mcnn_1.80__moncnn_1.45__MaxEval_102__ProbPAs_0.95__sb_byTime_sbth_3600000__Algo_nsgaii,21,perfQ,400
simplified-cocome,simplified-cocome__BRF_clone_1.23__moc_1.64__mcnn_1.80__moncnn_1.45__MaxEval_102__ProbPAs_0.95__sb_byTime_sbth_3600000__Algo_nsgaii,reliability,203
simplified-cocome,simplified-cocome__BRF_clone_1.23__moc_1.64__mcnn_1.80__moncnn_1.45__MaxEval_102__ProbPAs_0.95__sb_byTime_sbth_3600000__Algo_nsgaii,24,uml2lqn,1966
NSGA,simplified-cocome__BRF_clone_1.23__moc_1.64__mcnn_1.80__moncnn_1.45__MaxEval_102__ProbPAs_0.95__sb_byTime_sbth_3600000__Algo_nsgaii,24,invoke_solver,188
NSGA,simplified-cocome__BRF_clone_1.23__moc_1.64__mcnn_1.80__moncnn_1.45__MaxEval_102__ProbPAs_0.95__sb_byTime_sbth_3600000__Algo_nsgaii,24,lqn2uml,689
NSGA,simplified-cocome__BRF_clone_1.23__moc_1.64__mcnn_1.80__moncnn_1.45__MaxEval_102__ProbPAs_0.95__sb_byTime_sbth_3600000__Algo_nsgaii,24,counting_pas,24,7023
simplified-cocome,simplified-cocome__BRF_clone_1.23__moc_1.64__mcnn_1.80__moncnn_1.45__MaxEval_102__ProbPAs_0.95__sb_byTime_sbth_3600000__Algo_nsgaii,24,perfQ,530
simplified-cocome,simplified-cocome__BRF_clone_1.23__moc_1.64__mcnn_1.80__moncnn_1.45__MaxEval_102__ProbPAs_0.95__sb_byTime_sbth_3600000__Algo_nsgaii,reliability,160
simplified-cocome,simplified-cocome__BRF_clone_1.23__moc_1.64__mcnn_1.80__moncnn_1.45__MaxEval_102__ProbPAs_0.95__sb_byTime_sbth_3600000__Algo_nsgaii,25,uml2lqn,2216
NSGA,simplified-cocome__BRF_clone_1.23__moc_1.64__mcnn_1.80__moncnn_1.45__MaxEval_102__ProbPAs_0.95__sb_byTime_sbth_3600000__Algo_nsgaii,25,invoke_solver,297
NSGA,simplified-cocome__BRF_clone_1.23__moc_1.64__mcnn_1.80__moncnn_1.45__MaxEval_102__ProbPAs_0.95__sb_byTime_sbth_3600000__Algo_nsgaii,25,lqn2uml,763
NSGA,simplified-cocome__BRF_clone_1.23__moc_1.64__mcnn_1.80__moncnn_1.45__MaxEval_102__ProbPAs_0.95__sb_byTime_sbth_3600000__Algo_nsgaii,25,counting_pas,25,9576
simplified-cocome,simplified-cocome__BRF_clone_1.23__moc_1.64__mcnn_1.80__moncnn_1.45__MaxEval_102__ProbPAs_0.95__sb_byTime_sbth_3600000__Algo_nsgaii,25,perfQ,522
simplified-cocome,simplified-cocome__BRF_clone_1.23__moc_1.64__mcnn_1.80__moncnn_1.45__MaxEval_102__ProbPAs_0.95__sb_byTime_sbth_3600000__Algo_nsgaii,reliability,124
simplified-cocome,simplified-cocome__BRF_clone_1.23__moc_1.64__mcnn_1.80__moncnn_1.45__MaxEval_102__ProbPAs_0.95__sb_byTime_sbth_3600000__Algo_nsgaii,26,uml2lqn,1992
NSGA,simplified-cocome__BRF_clone_1.23__moc_1.64__mcnn_1.80__moncnn_1.45__MaxEval_102__ProbPAs_0.95__sb_byTime_sbth_3600000__Algo_nsgaii,26,invoke_solver,76
NSGA,simplified-cocome__BRF_clone_1.23__moc_1.64__mcnn_1.80__moncnn_1.45__MaxEval_102__ProbPAs_0.95__sb_byTime_sbth_3600000__Algo_nsgaii,26,lqn2uml,920
NSGA,simplified-cocome__BRF_clone_1.23__moc_1.64__mcnn_1.80__moncnn_1.45__MaxEval_102__ProbPAs_0.95__sb_byTime_sbth_3600000__Algo_nsgaii,26,counting_pas,26,8248
simplified-cocome,simplified-cocome__BRF_clone_1.23__moc_1.64__mcnn_1.80__moncnn_1.45__MaxEval_102__ProbPAs_0.95__sb_byTime_sbth_3600000__Algo_nsgaii,26,perfQ,702
simplified-cocome,simplified-cocome__BRF_clone_1.23__moc_1.64__mcnn_1.80__moncnn_1.45__MaxEval_102__ProbPAs_0.95__sb_byTime_sbth_3600000__Algo_nsgaii,reliability,187
simplified-cocome,simplified-cocome__BRF_clone_1.23__moc_1.64__mcnn_1.80__moncnn_1.45__MaxEval_102__ProbPAs_0.95__sb_byTime_sbth_3600000__Algo_nsgaii,27,uml2lqn,2024
NSGA,simplified-cocome__BRF_clone_1.23__moc_1.64__mcnn_1.80__moncnn_1.45__MaxEval_102__ProbPAs_0.95__sb_byTime_sbth_3600000__Algo_nsgaii,27,invoke_solver,223
NSGA,simplified-cocome__BRF_clone_1.23__moc_1.64__mcnn_1.80__moncnn_1.45__MaxEval_102__ProbPAs_0.95__sb_byTime_sbth_3600000__Algo_nsgaii,27,lqn2uml,680
NSGA,simplified-cocome__BRF_clone_1.23__moc_1.64__mcnn_1.80__moncnn_1.45__MaxEval_102__ProbPAs_0.95__sb_byTime_sbth_3600000__Algo_nsgaii,27,counting_pas,27,6951
simplified-cocome,simplified-cocome__BRF_clone_1.23__moc_1.64__mcnn_1.80__moncnn_1.45__MaxEval_102__ProbPAs_0.95__sb_byTime_sbth_3600000__Algo_nsgaii,27,perfQ,410
simplified-cocome,simplified-cocome__BRF_clone_1.23__moc_1.64__mcnn_1.80__moncnn_1.45__MaxEval_102__ProbPAs_0.95__sb_byTime_sbth_3600000__Algo_nsgaii,reliability,128
simplified-cocome,simplified-cocome__BRF_clone_1.23__moc_1.64__mcnn_1.80__moncnn_1.45__MaxEval_102__ProbPAs_0.95__sb_byTime_sbth_3600000__Algo_nsgaii,30,uml2lqn,1811
NSGA,simplified-cocome__BRF_clone_1.23__moc_1.64__mcnn_1.80__moncnn_1.45__MaxEval_102__ProbPAs_0.95__sb_byTime_sbth_3600000__Algo_nsgaii,30,invoke_solver,176
NSGA,simplified-cocome__BRF_clone_1.23__moc_1.64__mcnn_1.80__moncnn_1.45__MaxEval_102__ProbPAs_0.95__sb_byTime_sbth_3600000__Algo_nsgaii,30,lqn2uml,597
NSGA,simplified-cocome__BRF_clone_1.23__moc_1.64__mcnn_1.80__moncnn_1.45__MaxEval_102__ProbPAs_0.95__sb_byTime_sbth_3600000__Algo_nsgaii,30,counting_pas,30,8550
simplified-cocome,simplified-cocome__BRF_clone_1.23__moc_1.64__mcnn_1.80__moncnn_1.45__MaxEval_102__ProbPAs_0.95__sb_byTime_sbth_3600000__Algo_nsgaii,30,perfQ,420
simplified-cocome,simplified-cocome__BRF_clone_1.23__moc_1.64__mcnn_1.80__moncnn_1.45__MaxEval_102__ProbPAs_0.95__sb_byTime_sbth_3600000__Algo_nsgaii,reliability,124
simplified-cocome,simplified-cocome__BRF_clone_1.23__moc_1.64__mcnn_1.80__moncnn_1.45__MaxEval_102__ProbPAs_0.95__sb_byTime_sbth_3600000__Algo_nsgaii,31,uml2lqn,2091
NSGA,simplified-cocome__BRF_clone_1.23__moc_1.64__mcnn_1.80__moncnn_1.45__MaxEval_102__ProbPAs_0.95__sb_byTime_sbth_3600000__Algo_nsgaii,31,invoke_solver,252
NSGA,simplified-cocome__BRF_clone_1.23__moc_1.64__mcnn_1.80__moncnn_1.45__MaxEval_102__ProbPAs_0.95__sb_byTime_sbth_3600000__Algo_nsgaii,31,lqn2uml,527
NSGA,simplified-cocome__BRF_clone_1.23__moc_1.64__mcnn_1.80__moncnn_1.45__MaxEval_102__ProbPAs_0.95__sb_byTime_sbth_3600000__Algo_nsgaii,31,counting_pas,31,8461
simplified-cocome,simplified-cocome__BRF_clone_1.23__moc_1.64__mcnn_1.80__moncnn_1.45__MaxEval_102__ProbPAs_0.95__sb_byTime_sbth_3600000__Algo_nsgaii,31,perfQ,514
simplified-cocome,simplified-cocome__BRF_clone_1.23__moc_1.64__mcnn_1.80__moncnn_1.45__MaxEval_102__ProbPAs_0.95__sb_byTime_sbth_3600000__Algo_nsgaii,reliability,186
simplified-cocome,simplified-cocome__BRF_clone_1.23__moc_1.64__mcnn_1.80__moncnn_1.45__MaxEval_102__ProbPAs_0.95__sb_byTime_sbth_3600000__Algo_nsgaii,34,uml2lqn,2161
NSGA,simplified-cocome__BRF_clone_1.23__moc_1.64__mcnn_1.80__moncnn_1.45__MaxEval_102__ProbPAs_0.95__sb_byTime_sbth_3600000__Algo_nsgaii,34,invoke_solver,182
NSGA,simplified-cocome__BRF_clone_1.23__moc_1.64__mcnn_1.80__moncnn_1.45__MaxEval_102__ProbPAs_0.95__sb_byTime_sbth_3600000__Algo_nsgaii,34,lqn2uml,456
NSGA,simplified-cocome__BRF_clone_1.23__moc_1.64__mcnn_1.80__moncnn_1.45__MaxEval_102__ProbPAs_0.95__sb_byTime_sbth_3600000__Algo_nsgaii,34,counting_pas,34,8162
simplified-cocome,simplified-cocome__BRF_clone_1.23__moc_1.64__mcnn_1.80__moncnn_1.45__MaxEval_102__ProbPAs_0.95__sb_byTime_sbth_3600000__Algo_nsgaii,34,perfQ,447
simplified-cocome,simplified-cocome__BRF_clone_1.23__moc_1.64__mcnn_1.80__moncnn_1.45__MaxEval_102__ProbPAs_0.95__sb_byTime_sbth_3600000__Algo_nsgaii,reliability,131
simplified-cocome,simplified-cocome__BRF_clone_1.23__moc_1.64__mcnn_1.80__moncnn_1.45__MaxEval_102__ProbPAs_0.95__sb_byTime_sbth_3600000__Algo_nsgaii,35,uml2lqn,1937
NSGA,simplified-cocome__BRF_clone_1.23__moc_1.64__mcnn_1.80__moncnn_1.45__MaxEval_102__ProbPAs_0.95__sb_byTime_sbth_3600000__Algo_nsgaii,35,invoke_solver,263
NSGA,simplified-cocome__BRF_clone_1.23__moc_1.64__mcnn_1.80__moncnn_1.45__MaxEval_102__ProbPAs_0.95__sb_byTime_sbth_3600000__Algo_nsgaii,35,lqn2uml,472
NSGA,simplified-cocome__BRF_clone_1.23__moc_1.64__mcnn_1.80__moncnn_1.45__MaxEval_102__ProbPAs_0.95__sb_byTime_sbth_3600000__Algo_nsgaii,35,counting_pas,35,8215
simplified-cocome,simplified-cocome__BRF_clone_1.23__moc_1.64__mcnn_1.80__moncnn_1.45__MaxEval_102__ProbPAs_0.95__sb_byTime_sbth_3600000__Algo_nsgaii,35,perfQ,582
simplified-cocome,simplified-cocome__BRF_clone_1.23__moc_1.64__mcnn_1.80__moncnn_1.45__MaxEval_102__ProbPAs_0.95__sb_byTime_sbth_3600000__Algo_nsgaii,reliability,112
simplified-cocome,simplified-cocome__BRF_clone_1.23__moc_1.64__mcnn_1.80__moncnn_1.45__MaxEval_102__ProbPAs_0.95__sb_byTime_sbth_3600000__Algo_nsgaii,36,uml2lqn,2101
NSGA,simplified-cocome__BRF_clone_1.23__moc_1.64__mcnn_1.80__moncnn_1.45__MaxEval_102__ProbPAs_0.95__sb_byTime_sbth_3600000__Algo_nsgaii,36,invoke_solver,168
NSGA,simplified-cocome__BRF_clone_1.23__moc_1.64__mcnn_1.80__moncnn_1.45__MaxEval_102__ProbPAs_0.95__sb_byTime_sbth_3600000__Algo_nsgaii,36,lqn2uml,444
NSGA,simplified-cocome__BRF_clone_1.23__moc_1.64__mcnn_1.80__moncnn_1.45__MaxEval_102__ProbPAs_0.95__sb_byTime_sbth_3600000__Algo_nsgaii,36,counting_pas,36,6372
simplified-cocome,simplified-cocome__BRF_clone_1.23__moc_1.64__mcnn_1.80__moncnn_1.45__MaxEval_102__ProbPAs_0.95__sb_byTime_sbth_3600000__Algo_nsgaii,36,perfQ,498
simplified-cocome,simplified-cocome__BRF_clone_1.23__moc_1.64__mcnn_1.80__moncnn_1.45__MaxEval_102__ProbPAs_0.95__sb_byTime_sbth_3600000__Algo_nsgaii,reliability,167
simplified-cocome,simplified-cocome__BRF_clone_1.23__moc_1.64__mcnn_1.80__moncnn_1.45__MaxEval_102__ProbPAs_0.95__sb_byTime_sbth_3600000__Algo_nsgaii,37,uml2lqn,1874
NSGA,simplified-cocome__BRF_clone_1.23__moc_1.64__mcnn_1.80__moncnn_1.45__MaxEval_102__ProbPAs_0.95__sb_byTime_sbth_3600000__Algo_nsgaii,37,invoke_solver,70
NSGA,simplified-cocome__BRF_clone_1.23__moc_1.64__mcnn_1.80__moncnn_1.45__MaxEval_102__ProbPAs_0.95__sb_byTime_sbth_3600000__Algo_nsgaii,37,lqn2uml,707
NSGA,simplified-cocome__BRF_clone_1.23__moc_1.64__mcnn_1.80__moncnn_1.45__MaxEval_102__ProbPAs_0.95__sb_byTime_sbth_3600000__Algo_nsgaii,37,counting_pas,37,6581
simplified-cocome,simplified-cocome__BRF_clone_1.23__moc_1.64__mcnn_1.80__moncnn_1.45__MaxEval_102__ProbPAs_0.95__sb_byTime_sbth_3600000__Algo_nsgaii,37,perfQ,603
simplified-cocome,simplified-cocome__BRF_clone_1.23__moc_1.64__mcnn_1.80__moncnn_1.45__MaxEval_102__ProbPAs_0.95__sb_byTime_sbth_3600000__Algo_nsgaii,reliability,139
simplified-cocome,simplified-cocome__BRF_clone_1.23__moc_1.64__mcnn_1.80__moncnn_1.45__MaxEval_102__ProbPAs_0.95__sb_byTime_sbth_3600000__Algo_nsgaii,40,uml2lqn,2267
NSGA,simplified-cocome__BRF_clone_1.23__moc_1.64__mcnn_1.80__moncnn_1.45__MaxEval_102__ProbPAs_0.95__sb_byTime_sbth_3600000__Algo_nsgaii,40,invoke_solver,211
NSGA,simplified-cocome__BRF_clone_1.23__moc_1.64__mcnn_1.80__moncnn_1.45__MaxEval_102__ProbPAs_0.95__sb_byTime_sbth_3600000__Algo_nsgaii,40,lqn2uml,478
NSGA,simplified-cocome__BRF_clone_1.23__moc_1.64__mcnn_1.80__moncnn_1.45__MaxEval_102__ProbPAs_0.95__sb_byTime_sbth_3600000__Algo_nsgaii,40,counting_pas,40,6709
simplified-cocome,simplified-cocome__BRF_clone_1.23__moc_1.64__mcnn_1.80__moncnn_1.45__MaxEval_102__ProbPAs_0.95__sb_byTime_sbth_3600000__Algo_nsgaii,40,perfQ,524
simplified-cocome,simplified-cocome__BRF_clone_1.23__moc_1.64__mcnn_1.80__moncnn_1.45__MaxEval_102__ProbPAs_0.95__sb_byTime_sbth_3600000__Algo_nsgaii,reliability,128
simplified-cocome,simplified-cocome__BRF_clone_1.23__moc_1.64__mcnn_1.80__moncnn_1.45__MaxEval_102__ProbPAs_0.95__sb_byTime_sbth_3600000__Algo_nsgaii,41,uml2lqn,2012
NSGA,simplified-cocome__BRF_clone_1.23__moc_1.64__mcnn_1.80__moncnn_1.45__MaxEval_102__ProbPAs_0.95__sb_byTime_sbth_3600000__Algo_nsgaii,41,invoke_solver,246
NSGA,simplified-cocome__BRF_clone_1.23__moc_1.64__mcnn_1.80__moncnn_1.45__MaxEval_102__ProbPAs_0.95__sb_byTime_sbth_3600000__Algo_nsgaii,41,lqn2uml,581
NSGA,simplified-cocome__BRF_clone_1.23__moc_1.64__mcnn_1.80__moncnn_1.45__MaxEval_102__ProbPAs_0.95__sb_byTime_sbth_3600000__Algo_nsgaii,41,counting_pas,41,6775
simplified-cocome,simplified-cocome__BRF_clone_1.23__moc_1.64__mcnn_1.80__moncnn_1.45__MaxEval_102__ProbPAs_0.95__sb_byTime_sbth_3600000__Algo_nsgaii,41,perfQ,586
simplified-cocome,simplified-cocome__BRF_clone_1.23__moc_1.64__mcnn_1.80__moncnn_1.45__MaxEval_102__ProbPAs_0.95__sb_byTime_sbth_3600000__Algo_nsgaii,reliability,139
simplified-cocome,simplified-cocome__BRF_clone_1.23__moc_1.64__mcnn_1.80__moncnn_1.45__MaxEval_102__ProbPAs_0.95__sb_byTime_sbth_3600000__Algo_nsgaii,44,uml2lqn,1765
NSGA,simplified-cocome__BRF_clone_1.23__moc_1.64__mcnn_1.80__moncnn_1.45__MaxEval_102__ProbPAs_0.95__sb_byTime_sbth_3600000__Algo_nsgaii,44,invoke_solver,176
NSGA,simplified-cocome__BRF_clone_1.23__moc_1.64__mcnn_1.80__moncnn_1.45__MaxEval_102__ProbPAs_0.95__sb_byTime_sbth_3600000__Algo_nsgaii,44,lqn2uml,604
NSGA,simplified-cocome__BRF_clone_1.23__moc_1.64__mcnn_1.80__moncnn_1.45__MaxEval_102__ProbPAs_0.95__sb_byTime_sbth_3600000__Algo_nsgaii,44,counting_pas,44,5636
simplified-cocome,simplified-cocome__BRF_clone_1.23__moc_1.64__mcnn_1.80__moncnn_1.45__MaxEval_102__ProbPAs_0.95__sb_byTime_sbth_3600000__Algo_nsgaii,44,perfQ,653
simplified-cocome,simplified-cocome__BRF_clone_1.23__moc_1.64__mcnn_1.80__moncnn_1.45__MaxEval_102__ProbPAs_0.95__sb_byTime_sbth_3600000__Algo_nsgaii,reliability,107
simplified-cocome,simplified-cocome__BRF_clone_1.23__moc_1.64__mcnn_1.80__moncnn_1.45__MaxEval_102__ProbPAs_0.95__sb_byTime_sbth_3600000__Algo_nsgaii,45,uml2lqn,2371
NSGA,simplified-cocome__BRF_clone_1.23__moc_1.64__mcnn_1.80__moncnn_1.45__MaxEval_102__ProbPAs_0.95__sb_byTime_sbth_3600000__Algo_nsgaii,45,invoke_solver,302
NSGA,simplified-cocome__BRF_clone_1.23__moc_1.64__mcnn_1.80__moncnn_1.45__MaxEval_102__ProbPAs_0.95__sb_byTime_sbth_3600000__Algo_nsgaii,45,lqn2uml,588
NSGA,simplified-cocome__BRF_clone_1.23__moc_1.64__mcnn_1.80__moncnn_1.45__MaxEval_102__ProbPAs_0.95__sb_byTime_sbth_3600000__Algo_nsgaii,45,counting_pas,45,7861
simplified-cocome,simplified-cocome__BRF_clone_1.23__moc_1.64__mcnn_1.80__moncnn_1.45__MaxEval_102__ProbPAs_0.95__sb_byTime_sbth_3600000__Algo_nsgaii,45,perfQ,980
simplified-cocome,simplified-cocome__BRF_clone_1.23__moc_1.64__mcnn_1.80__moncnn_1.45__MaxEval_102__ProbPAs_0.95__sb_byTime_sbth_3600000__Algo_nsgaii,reliability,148
simplified-cocome,simplified-cocome__BRF_clone_1.23__moc_1.64__mcnn_1.80__moncnn_1.45__MaxEval_102__ProbPAs_0.95__sb_byTime_sbth_3600000__Algo_nsgaii,48,uml2lqn,2029
NSGA,simplified-cocome__BRF_clone_1.23__moc_1.64__mcnn_1.80__moncnn_1.45__MaxEval_102__ProbPAs_0.95__sb_byTime_sbth_3600000__Algo_nsgaii,48,invoke_solver,173
NSGA,simplified-cocome__BRF_clone_1.23__moc_1.64__mcnn_1.80__moncnn_1.45__MaxEval_102__ProbPAs_0.95__sb_byTime_sbth_3600000__Algo_nsgaii,48,lqn2uml,1133
NSGA,simplified-cocome__BRF_clone_1.23__moc_1.64__mcnn_1.80__moncnn_1.45__MaxEval_102__ProbPAs_0.95__sb_byTime_sbth_3600000__Algo_nsgaii,48,counting_pas,48,7781
simplified-cocome,simplified-cocome__BRF_clone_1.23__moc_1.64__mcnn_1.80__moncnn_1.45__MaxEval_102__ProbPAs_0.95__sb_byTime_sbth_3600000__Algo_nsgaii,48,perfQ,862
simplified-cocome,simplified-cocome__BRF_clone_1.23__moc_1.64__mcnn_1.80__moncnn_1.45__MaxEval_102__ProbPAs_0.95__sb_byTime_sbth_3600000__Algo_nsgaii,reliability,173
simplified-cocome,simplified-cocome__BRF_clone_1.23__moc_1.64__mcnn_1.80__moncnn_1.45__MaxEval_102__ProbPAs_0.95__sb_byTime_sbth_3600000__Algo_nsgaii,49,uml2lqn,2286
NSGA,simplified-cocome__BRF_clone_1.23__moc_1.64__mcnn_1.80__moncnn_1.45__MaxEval_102__ProbPAs_0.95__sb_byTime_sbth_3600000__Algo_nsgaii,49,invoke_solver,145
NSGA,simplified-cocome__BRF_clone_1.23__moc_1.64__mcnn_1.80__moncnn_1.45__MaxEval_102__ProbPAs_0.95__sb_byTime_sbth_3600000__Algo_nsgaii,49,lqn2uml,833
NSGA,simplified-cocome__BRF_clone_1.23__moc_1.64__mcnn_1.80__moncnn_1.45__MaxEval_102__ProbPAs_0.95__sb_byTime_sbth_3600000__Algo_nsgaii,49,counting_pas,49,8132
simplified-cocome,simplified-cocome__BRF_clone_1.23__moc_1.64__mcnn_1.80__moncnn_1.45__MaxEval_102__ProbPAs_0.95__sb_byTime_sbth_3600000__Algo_nsgaii,49,perfQ,1383
simplified-cocome,simplified-cocome__BRF_clone_1.23__moc_1.64__mcnn_1.80__moncnn_1.45__MaxEval_102__ProbPAs_0.95__sb_byTime_sbth_3600000__Algo_nsgaii,reliability,248
simplified-cocome,simplified-cocome__BRF_clone_1.23__moc_1.64__mcnn_1.80__moncnn_1.45__MaxEval_102__ProbPAs_0.95__sb_byTime_sbth_3600000__Algo_nsgaii,54,uml2lqn,2168
NSGA,simplified-cocome__BRF_clone_1.23__moc_1.64__mcnn_1.80__moncnn_1.45__MaxEval_102__ProbPAs_0.95__sb_byTime_sbth_3600000__Algo_nsgaii,54,invoke_solver,240
NSGA,simplified-cocome__BRF_clone_1.23__moc_1.64__mcnn_1.80__moncnn_1.45__MaxEval_102__ProbPAs_0.95__sb_byTime_sbth_3600000__Algo_nsgaii,54,lqn2uml,1029
NSGA,simplified-cocome__BRF_clone_1.23__moc_1.64__mcnn_1.80__moncnn_1.45__MaxEval_102__ProbPAs_0.95__sb_byTime_sbth_3600000__Algo_nsgaii,54,counting_pas,54,7724
simplified-cocome,simplified-cocome__BRF_clone_1.23__moc_1.64__mcnn_1.80__moncnn_1.45__MaxEval_102__ProbPAs_0.95__sb_byTime_sbth_3600000__Algo_nsgaii,54,perfQ,1382
simplified-cocome,simplified-cocome__BRF_clone_1.23__moc_1.64__mcnn_1.80__moncnn_1.45__MaxEval_102__ProbPAs_0.95__sb_byTime_sbth_3600000__Algo_nsgaii,reliability,197
simplified-cocome,simplified-cocome__BRF_clone_1.23__moc_1.64__mcnn_1.80__moncnn_1.45__MaxEval_102__ProbPAs_0.95__sb_byTime_sbth_3600000__Algo_nsgaii,55,uml2lqn,2636
NSGA,simplified-cocome__BRF_clone_1.23__moc_1.64__mcnn_1.80__moncnn_1.45__MaxEval_102__ProbPAs_0.95__sb_byTime_sbth_3600000__Algo_nsgaii,55,invoke_solver,267
NSGA,simplified-cocome__BRF_clone_1.23__moc_1.64__mcnn_1.80__moncnn_1.45__MaxEval_102__ProbPAs_0.95__sb_byTime_sbth_3600000__Algo_nsgaii,55,lqn2uml,1138
NSGA,simplified-cocome__BRF_clone_1.23__moc_1.64__mcnn_1.80__moncnn_1.45__MaxEval_102__ProbPAs_0.95__sb_byTime_sbth_3600000__Algo_nsgaii,55,counting_pas,55,7987
simplified-cocome,simplified-cocome__BRF_clone_1.23__moc_1.64__mcnn_1.80__moncnn_1.45__MaxEval_102__ProbPAs_0.95__sb_byTime_sbth_3600000__Algo_nsgaii,55,perfQ,1152
simplified-cocome,simplified-cocome__BRF_clone_1.23__moc_1.64__mcnn_1.80__moncnn_1.45__MaxEval_102__ProbPAs_0.95__sb_byTime_sbth_3600000__Algo_nsgaii,reliability,160
simplified-cocome,simplified-cocome__BRF_clone_1.23__moc_1.64__mcnn_1.80__moncnn_1.45__MaxEval_102__ProbPAs_0.95__sb_byTime_sbth_3600000__Algo_nsgaii,56,uml2lqn,3449
NSGA,simplified-cocome__BRF_clone_1.23__moc_1.64__mcnn_1.80__moncnn_1.45__MaxEval_102__ProbPAs_0.95__sb_byTime_sbth_3600000__Algo_nsgaii,56,invoke_solver,75
NSGA,simplified-cocome__BRF_clone_1.23__moc_1.64__mcnn_1.80__moncnn_1.45__MaxEval_102__ProbPAs_0.95__sb_byTime_sbth_3600000__Algo_nsgaii,56,lqn2uml,1066
NSGA,simplified-cocome__BRF_clone_1.23__moc_1.64__mcnn_1.80__moncnn_1.45__MaxEval_102__ProbPAs_0.95__sb_byTime_sbth_3600000__Algo_nsgaii,56,counting_pas,56,9930
simplified-cocome,simplified-cocome__BRF_clone_1.23__moc_1.64__mcnn_1.80__moncnn_1.45__MaxEval_102__ProbPAs_0.95__sb_byTime_sbth_3600000__Algo_nsgaii,56,perfQ,897
simplified-cocome,simplified-cocome__BRF_clone_1.23__moc_1.64__mcnn_1.80__moncnn_1.45__MaxEval_102__ProbPAs_0.95__sb_byTime_sbth_3600000__Algo_nsgaii,reliability,198
simplified-cocome,simplified-cocome__BRF_clone_1.23__moc_1.64__mcnn_1.80__moncnn_1.45__MaxEval_102__ProbPAs_0.95__sb_byTime_sbth_3600000__Algo_nsgaii,57,uml2lqn,2976
NSGA,simplified-cocome__BRF_clone_1.23__moc_1.64__mcnn_1.80__moncnn_1.45__MaxEval_102__ProbPAs_0.95__sb_byTime_sbth_3600000__Algo_nsgaii,57,invoke_solver,307
NSGA,simplified-cocome__BRF_clone_1.23__moc_1.64__mcnn_1.80__moncnn_1.45__MaxEval_102__ProbPAs_0.95__sb_byTime_sbth_3600000__Algo_nsgaii,57,lqn2uml,924
NSGA,simplified-cocome__BRF_clone_1.23__moc_1.64__mcnn_1.80__moncnn_1.45__MaxEval_102__ProbPAs_0.95__sb_byTime_sbth_3600000__Algo_nsgaii,57,counting_pas,57,9026
simplified-cocome,simplified-cocome__BRF_clone_1.23__moc_1.64__mcnn_1.80__moncnn_1.45__MaxEval_102__ProbPAs_0.95__sb_byTime_sbth_3600000__Algo_nsgaii,57,perfQ,801
simplified-cocome,simplified-cocome__BRF_clone_1.23__moc_1.64__mcnn_1.80__moncnn_1.45__MaxEval_102__ProbPAs_0.95__sb_byTime_sbth_3600000__Algo_nsgaii,reliability,182
simplified-cocome,simplified-cocome__BRF_clone_1.23__moc_1.64__mcnn_1.80__moncnn_1.45__MaxEval_102__ProbPAs_0.95__sb_byTime_sbth_3600000__Algo_nsgaii,60,uml2lqn,2768
NSGA,simplified-cocome__BRF_clone_1.23__moc_1.64__mcnn_1.80__moncnn_1.45__MaxEval_102__ProbPAs_0.95__sb_byTime_sbth_3600000__Algo_nsgaii,60,invoke_solver,68
NSGA,simplified-cocome__BRF_clone_1.23__moc_1.64__mcnn_1.80__moncnn_1.45__MaxEval_102__ProbPAs_0.95__sb_byTime_sbth_3600000__Algo_nsgaii,60,lqn2uml,865
NSGA,simplified-cocome__BRF_clone_1.23__moc_1.64__mcnn_1.80__moncnn_1.45__MaxEval_102__ProbPAs_0.95__sb_byTime_sbth_3600000__Algo_nsgaii,60,counting_pas,60,9627
simplified-cocome,simplified-cocome__BRF_clone_1.23__moc_1.64__mcnn_1.80__moncnn_1.45__MaxEval_102__ProbPAs_0.95__sb_byTime_sbth_3600000__Algo_nsgaii,60,perfQ,956
simplified-cocome,simplified-cocome__BRF_clone_1.23__moc_1.64__mcnn_1.80__moncnn_1.45__MaxEval_102__ProbPAs_0.95__sb_byTime_sbth_3600000__Algo_nsgaii,reliability,187
simplified-cocome,simplified-cocome__BRF_clone_1.23__moc_1.64__mcnn_1.80__moncnn_1.45__MaxEval_102__ProbPAs_0.95__sb_byTime_sbth_3600000__Algo_nsgaii,61,uml2lqn,2602
NSGA,simplified-cocome__BRF_clone_1.23__moc_1.64__mcnn_1.80__moncnn_1.45__MaxEval_102__ProbPAs_0.95__sb_byTime_sbth_3600000__Algo_nsgaii,61,invoke_solver,274
NSGA,simplified-cocome__BRF_clone_1.23__moc_1.64__mcnn_1.80__moncnn_1.45__MaxEval_102__ProbPAs_0.95__sb_byTime_sbth_3600000__Algo_nsgaii,61,lqn2uml,828
NSGA,simplified-cocome__BRF_clone_1.23__moc_1.64__mcnn_1.80__moncnn_1.45__MaxEval_102__ProbPAs_0.95__sb_byTime_sbth_3600000__Algo_nsgaii,61,counting_pas,61,8551
simplified-cocome,simplified-cocome__BRF_clone_1.23__moc_1.64__mcnn_1.80__moncnn_1.45__MaxEval_102__ProbPAs_0.95__sb_byTime_sbth_3600000__Algo_nsgaii,61,perfQ,854
simplified-cocome,simplified-cocome__BRF_clone_1.23__moc_1.64__mcnn_1.80__moncnn_1.45__MaxEval_102__ProbPAs_0.95__sb_byTime_sbth_3600000__Algo_nsgaii,reliability,192
simplified-cocome,simplified-cocome__BRF_clone_1.23__moc_1.64__mcnn_1.80__moncnn_1.45__MaxEval_102__ProbPAs_0.95__sb_byTime_sbth_3600000__Algo_nsgaii,64,uml2lqn,2630
NSGA,simplified-cocome__BRF_clone_1.23__moc_1.64__mcnn_1.80__moncnn_1.45__MaxEval_102__ProbPAs_0.95__sb_byTime_sbth_3600000__Algo_nsgaii,64,invoke_solver,195
NSGA,simplified-cocome__BRF_clone_1.23__moc_1.64__mcnn_1.80__moncnn_1.45__MaxEval_102__ProbPAs_0.95__sb_byTime_sbth_3600000__Algo_nsgaii,64,lqn2uml,912
NSGA,simplified-cocome__BRF_clone_1.23__moc_1.64__mcnn_1.80__moncnn_1.45__MaxEval_102__ProbPAs_0.95__sb_byTime_sbth_3600000__Algo_nsgaii,64,counting_pas,64,8760
simplified-cocome,simplified-cocome__BRF_clone_1.23__moc_1.64__mcnn_1.80__moncnn_1.45__MaxEval_102__ProbPAs_0.95__sb_byTime_sbth_3600000__Algo_nsgaii,64,perfQ,868
simplified-cocome,simplified-cocome__BRF_clone_1.23__moc_1.64__mcnn_1.80__moncnn_1.45__MaxEval_102__ProbPAs_0.95__sb_byTime_sbth_3600000__Algo_nsgaii,reliability,153
simplified-cocome,simplified-cocome__BRF_clone_1.23__moc_1.64__mcnn_1.80__moncnn_1.45__MaxEval_102__ProbPAs_0.95__sb_byTime_sbth_3600000__Algo_nsgaii,65,uml2lqn,2238
NSGA,simplified-cocome__BRF_clone_1.23__moc_1.64__mcnn_1.80__moncnn_1.45__MaxEval_102__ProbPAs_0.95__sb_byTime_sbth_3600000__Algo_nsgaii,65,invoke_solver,327
NSGA,simplified-cocome__BRF_clone_1.23__moc_1.64__mcnn_1.80__moncnn_1.45__MaxEval_102__ProbPAs_0.95__sb_byTime_sbth_3600000__Algo_nsgaii,65,lqn2uml,554
NSGA,simplified-cocome__BRF_clone_1.23__moc_1.64__mcnn_1.80__moncnn_1.45__MaxEval_102__ProbPAs_0.95__sb_byTime_sbth_3600000__Algo_nsgaii,65,counting_pas,65,8653
simplified-cocome,simplified-cocome__BRF_clone_1.23__moc_1.64__mcnn_1.80__moncnn_1.45__MaxEval_102__ProbPAs_0.95__sb_byTime_sbth_3600000__Algo_nsgaii,65,perfQ,944
simplified-cocome,simplified-cocome__BRF_clone_1.23__moc_1.64__mcnn_1.80__moncnn_1.45__MaxEval_102__ProbPAs_0.95__sb_byTime_sbth_3600000__Algo_nsgaii,reliability,191
simplified-cocome,simplified-cocome__BRF_clone_1.23__moc_1.64__mcnn_1.80__moncnn_1.45__MaxEval_102__ProbPAs_0.95__sb_byTime_sbth_3600000__Algo_nsgaii,68,uml2lqn,2413
NSGA,simplified-cocome__BRF_clone_1.23__moc_1.64__mcnn_1.80__moncnn_1.45__MaxEval_102__ProbPAs_0.95__sb_byTime_sbth_3600000__Algo_nsgaii,68,invoke_solver,68
NSGA,simplified-cocome__BRF_clone_1.23__moc_1.64__mcnn_1.80__moncnn_1.45__MaxEval_102__ProbPAs_0.95__sb_byTime_sbth_3600000__Algo_nsgaii,68,lqn2uml,697
NSGA,simplified-cocome__BRF_clone_1.23__moc_1.64__mcnn_1.80__moncnn_1.45__MaxEval_102__ProbPAs_0.95__sb_byTime_sbth_3600000__Algo_nsgaii,68,counting_pas,68,9829
simplified-cocome,simplified-cocome__BRF_clone_1.23__moc_1.64__mcnn_1.80__moncnn_1.45__MaxEval_102__ProbPAs_0.95__sb_byTime_sbth_3600000__Algo_nsgaii,68,perfQ,1039
simplified-cocome,simplified-cocome__BRF_clone_1.23__moc_1.64__mcnn_1.80__moncnn_1.45__MaxEval_102__ProbPAs_0.95__sb_byTime_sbth_3600000__Algo_nsgaii,reliability,219
simplified-cocome,simplified-cocome__BRF_clone_1.23__moc_1.64__mcnn_1.80__moncnn_1.45__MaxEval_102__ProbPAs_0.95__sb_byTime_sbth_3600000__Algo_nsgaii,69,uml2lqn,2584
NSGA,simplified-cocome__BRF_clone_1.23__moc_1.64__mcnn_1.80__moncnn_1.45__MaxEval_102__ProbPAs_0.95__sb_byTime_sbth_3600000__Algo_nsgaii,69,invoke_solver,85
NSGA,simplified-cocome__BRF_clone_1.23__moc_1.64__mcnn_1.80__moncnn_1.45__MaxEval_102__ProbPAs_0.95__sb_byTime_sbth_3600000__Algo_nsgaii,69,lqn2uml,836
NSGA,simplified-cocome__BRF_clone_1.23__moc_1.64__mcnn_1.80__moncnn_1.45__MaxEval_102__ProbPAs_0.95__sb_byTime_sbth_3600000__Algo_nsgaii,69,counting_pas,69,9356
simplified-cocome,simplified-cocome__BRF_clone_1.23__moc_1.64__mcnn_1.80__moncnn_1.45__MaxEval_102__ProbPAs_0.95__sb_byTime_sbth_3600000__Algo_nsgaii,69,perfQ,885
simplified-cocome,simplified-cocome__BRF_clone_1.23__moc_1.64__mcnn_1.80__moncnn_1.45__MaxEval_102__ProbPAs_0.95__sb_byTime_sbth_3600000__Algo_nsgaii,reliability,249
simplified-cocome,simplified-cocome__BRF_clone_1.23__moc_1.64__mcnn_1.80__moncnn_1.45__MaxEval_102__ProbPAs_0.95__sb_byTime_sbth_3600000__Algo_nsgaii,72,uml2lqn,2471
NSGA,simplified-cocome__BRF_clone_1.23__moc_1.64__mcnn_1.80__moncnn_1.45__MaxEval_102__ProbPAs_0.95__sb_byTime_sbth_3600000__Algo_nsgaii,72,invoke_solver,276
NSGA,simplified-cocome__BRF_clone_1.23__moc_1.64__mcnn_1.80__moncnn_1.45__MaxEval_102__ProbPAs_0.95__sb_byTime_sbth_3600000__Algo_nsgaii,72,lqn2uml,518
NSGA,simplified-cocome__BRF_clone_1.23__moc_1.64__mcnn_1.80__moncnn_1.45__MaxEval_102__ProbPAs_0.95__sb_byTime_sbth_3600000__Algo_nsgaii,72,counting_pas,72,9182
simplified-cocome,simplified-cocome__BRF_clone_1.23__moc_1.64__mcnn_1.80__moncnn_1.45__MaxEval_102__ProbPAs_0.95__sb_byTime_sbth_3600000__Algo_nsgaii,72,perfQ,859
simplified-cocome,simplified-cocome__BRF_clone_1.23__moc_1.64__mcnn_1.80__moncnn_1.45__MaxEval_102__ProbPAs_0.95__sb_byTime_sbth_3600000__Algo_nsgaii,reliability,160
simplified-cocome,simplified-cocome__BRF_clone_1.23__moc_1.64__mcnn_1.80__moncnn_1.45__MaxEval_102__ProbPAs_0.95__sb_byTime_sbth_3600000__Algo_nsgaii,73,uml2lqn,2454
NSGA,simplified-cocome__BRF_clone_1.23__moc_1.64__mcnn_1.80__moncnn_1.45__MaxEval_102__ProbPAs_0.95__sb_byTime_sbth_3600000__Algo_nsgaii,73,invoke_solver,64
NSGA,simplified-cocome__BRF_clone_1.23__moc_1.64__mcnn_1.80__moncnn_1.45__MaxEval_102__ProbPAs_0.95__sb_byTime_sbth_3600000__Algo_nsgaii,73,lqn2uml,1014
NSGA,simplified-cocome__BRF_clone_1.23__moc_1.64__mcnn_1.80__moncnn_1.45__MaxEval_102__ProbPAs_0.95__sb_byTime_sbth_3600000__Algo_nsgaii,73,counting_pas,73,10808
simplified-cocome,simplified-cocome__BRF_clone_1.23__moc_1.64__mcnn_1.80__moncnn_1.45__MaxEval_102__ProbPAs_0.95__sb_byTime_sbth_3600000__Algo_nsgaii,73,perfQ,677
simplified-cocome,simplified-cocome__BRF_clone_1.23__moc_1.64__mcnn_1.80__moncnn_1.45__MaxEval_102__ProbPAs_0.95__sb_byTime_sbth_3600000__Algo_nsgaii,reliability,188
simplified-cocome,simplified-cocome__BRF_clone_1.23__moc_1.64__mcnn_1.80__moncnn_1.45__MaxEval_102__ProbPAs_0.95__sb_byTime_sbth_3600000__Algo_nsgaii,76,uml2lqn,3032
NSGA,simplified-cocome__BRF_clone_1.23__moc_1.64__mcnn_1.80__moncnn_1.45__MaxEval_102__ProbPAs_0.95__sb_byTime_sbth_3600000__Algo_nsgaii,76,invoke_solver,161
NSGA,simplified-cocome__BRF_clone_1.23__moc_1.64__mcnn_1.80__moncnn_1.45__MaxEval_102__ProbPAs_0.95__sb_byTime_sbth_3600000__Algo_nsgaii,76,lqn2uml,786
NSGA,simplified-cocome__BRF_clone_1.23__moc_1.64__mcnn_1.80__moncnn_1.45__MaxEval_102__ProbPAs_0.95__sb_byTime_sbth_3600000__Algo_nsgaii,76,counting_pas,76,7664
simplified-cocome,simplified-cocome__BRF_clone_1.23__moc_1.64__mcnn_1.80__moncnn_1.45__MaxEval_102__ProbPAs_0.95__sb_byTime_sbth_3600000__Algo_nsgaii,76,perfQ,566
simplified-cocome,simplified-cocome__BRF_clone_1.23__moc_1.64__mcnn_1.80__moncnn_1.45__MaxEval_102__ProbPAs_0.95__sb_byTime_sbth_3600000__Algo_nsgaii,reliability,170
simplified-cocome,simplified-cocome__BRF_clone_1.23__moc_1.64__mcnn_1.80__moncnn_1.45__MaxEval_102__ProbPAs_0.95__sb_byTime_sbth_3600000__Algo_nsgaii,77,uml2lqn,2911
NSGA,simplified-cocome__BRF_clone_1.23__moc_1.64__mcnn_1.80__moncnn_1.45__MaxEval_102__ProbPAs_0.95__sb_byTime_sbth_3600000__Algo_nsgaii,77,invoke_solver,259
NSGA,simplified-cocome__BRF_clone_1.23__moc_1.64__mcnn_1.80__moncnn_1.45__MaxEval_102__ProbPAs_0.95__sb_byTime_sbth_3600000__Algo_nsgaii,77,lqn2uml,1219
NSGA,simplified-cocome__BRF_clone_1.23__moc_1.64__mcnn_1.80__moncnn_1.45__MaxEval_102__ProbPAs_0.95__sb_byTime_sbth_3600000__Algo_nsgaii,77,counting_pas,77,8506
simplified-cocome,simplified-cocome__BRF_clone_1.23__moc_1.64__mcnn_1.80__moncnn_1.45__MaxEval_102__ProbPAs_0.95__sb_byTime_sbth_3600000__Algo_nsgaii,77,perfQ,1185
simplified-cocome,simplified-cocome__BRF_clone_1.23__moc_1.64__mcnn_1.80__moncnn_1.45__MaxEval_102__ProbPAs_0.95__sb_byTime_sbth_3600000__Algo_nsgaii,reliability,141
simplified-cocome,simplified-cocome__BRF_clone_1.23__moc_1.64__mcnn_1.80__moncnn_1.45__MaxEval_102__ProbPAs_0.95__sb_byTime_sbth_3600000__Algo_nsgaii,80,uml2lqn,3273
NSGA,simplified-cocome__BRF_clone_1.23__moc_1.64__mcnn_1.80__moncnn_1.45__MaxEval_102__ProbPAs_0.95__sb_byTime_sbth_3600000__Algo_nsgaii,80,invoke_solver,91
NSGA,simplified-cocome__BRF_clone_1.23__moc_1.64__mcnn_1.80__moncnn_1.45__MaxEval_102__ProbPAs_0.95__sb_byTime_sbth_3600000__Algo_nsgaii,80,lqn2uml,629
NSGA,simplified-cocome__BRF_clone_1.23__moc_1.64__mcnn_1.80__moncnn_1.45__MaxEval_102__ProbPAs_0.95__sb_byTime_sbth_3600000__Algo_nsgaii,80,counting_pas,80,8967
simplified-cocome,simplified-cocome__BRF_clone_1.23__moc_1.64__mcnn_1.80__moncnn_1.45__MaxEval_102__ProbPAs_0.95__sb_byTime_sbth_3600000__Algo_nsgaii,80,perfQ,907
simplified-cocome,simplified-cocome__BRF_clone_1.23__moc_1.64__mcnn_1.80__moncnn_1.45__MaxEval_102__ProbPAs_0.95__sb_byTime_sbth_3600000__Algo_nsgaii,reliability,177
simplified-cocome,simplified-cocome__BRF_clone_1.23__moc_1.64__mcnn_1.80__moncnn_1.45__MaxEval_102__ProbPAs_0.95__sb_byTime_sbth_3600000__Algo_nsgaii,81,uml2lqn,2952
NSGA,simplified-cocome__BRF_clone_1.23__moc_1.64__mcnn_1.80__moncnn_1.45__MaxEval_102__ProbPAs_0.95__sb_byTime_sbth_3600000__Algo_nsgaii,81,invoke_solver,165
NSGA,simplified-cocome__BRF_clone_1.23__moc_1.64__mcnn_1.80__moncnn_1.45__MaxEval_102__ProbPAs_0.95__sb_byTime_sbth_3600000__Algo_nsgaii,81,lqn2uml,872
NSGA,simplified-cocome__BRF_clone_1.23__moc_1.64__mcnn_1.80__moncnn_1.45__MaxEval_102__ProbPAs_0.95__sb_byTime_sbth_3600000__Algo_nsgaii,81,counting_pas,81,7933
simplified-cocome,simplified-cocome__BRF_clone_1.23__moc_1.64__mcnn_1.80__moncnn_1.45__MaxEval_102__ProbPAs_0.95__sb_byTime_sbth_3600000__Algo_nsgaii,81,perfQ,1042
simplified-cocome,simplified-cocome__BRF_clone_1.23__moc_1.64__mcnn_1.80__moncnn_1.45__MaxEval_102__ProbPAs_0.95__sb_byTime_sbth_3600000__Algo_nsgaii,reliability,172
simplified-cocome,simplified-cocome__BRF_clone_1.23__moc_1.64__mcnn_1.80__moncnn_1.45__MaxEval_102__ProbPAs_0.95__sb_byTime_sbth_3600000__Algo_nsgaii,82,uml2lqn,2748
NSGA,simplified-cocome__BRF_clone_1.23__moc_1.64__mcnn_1.80__moncnn_1.45__MaxEval_102__ProbPAs_0.95__sb_byTime_sbth_3600000__Algo_nsgaii,82,invoke_solver,209
NSGA,simplified-cocome__BRF_clone_1.23__moc_1.64__mcnn_1.80__moncnn_1.45__MaxEval_102__ProbPAs_0.95__sb_byTime_sbth_3600000__Algo_nsgaii,82,lqn2uml,1274
NSGA,simplified-cocome__BRF_clone_1.23__moc_1.64__mcnn_1.80__moncnn_1.45__MaxEval_102__ProbPAs_0.95__sb_byTime_sbth_3600000__Algo_nsgaii,82,counting_pas,82,8365
simplified-cocome,simplified-cocome__BRF_clone_1.23__moc_1.64__mcnn_1.80__moncnn_1.45__MaxEval_102__ProbPAs_0.95__sb_byTime_sbth_3600000__Algo_nsgaii,82,perfQ,892
simplified-cocome,simplified-cocome__BRF_clone_1.23__moc_1.64__mcnn_1.80__moncnn_1.45__MaxEval_102__ProbPAs_0.95__sb_byTime_sbth_3600000__Algo_nsgaii,reliability,198
simplified-cocome,simplified-cocome__BRF_clone_1.23__moc_1.64__mcnn_1.80__moncnn_1.45__MaxEval_102__ProbPAs_0.95__sb_byTime_sbth_3600000__Algo_nsgaii,83,uml2lqn,2660
NSGA,simplified-cocome__BRF_clone_1.23__moc_1.64__mcnn_1.80__moncnn_1.45__MaxEval_102__ProbPAs_0.95__sb_byTime_sbth_3600000__Algo_nsgaii,83,invoke_solver,218
NSGA,simplified-cocome__BRF_clone_1.23__moc_1.64__mcnn_1.80__moncnn_1.45__MaxEval_102__ProbPAs_0.95__sb_byTime_sbth_3600000__Algo_nsgaii,83,lqn2uml,1504
NSGA,simplified-cocome__BRF_clone_1.23__moc_1.64__mcnn_1.80__moncnn_1.45__MaxEval_102__ProbPAs_0.95__sb_byTime_sbth_3600000__Algo_nsgaii,83,counting_pas,83,7666
simplified-cocome,simplified-cocome__BRF_clone_1.23__moc_1.64__mcnn_1.80__moncnn_1.45__MaxEval_102__ProbPAs_0.95__sb_byTime_sbth_3600000__Algo_nsgaii,83,perfQ,698
simplified-cocome,simplified-cocome__BRF_clone_1.23__moc_1.64__mcnn_1.80__moncnn_1.45__MaxEval_102__ProbPAs_0.95__sb_byTime_sbth_3600000__Algo_nsgaii,reliability,118
simplified-cocome,simplified-cocome__BRF_clone_1.23__moc_1.64__mcnn_1.80__moncnn_1.45__MaxEval_102__ProbPAs_0.95__sb_byTime_sbth_3600000__Algo_nsgaii,86,uml2lqn,2863
NSGA,simplified-cocome__BRF_clone_1.23__moc_1.64__mcnn_1.80__moncnn_1.45__MaxEval_102__ProbPAs_0.95__sb_byTime_sbth_3600000__Algo_nsgaii,86,invoke_solver,184
NSGA,simplified-cocome__BRF_clone_1.23__moc_1.64__mcnn_1.80__moncnn_1.45__MaxEval_102__ProbPAs_0.95__sb_byTime_sbth_3600000__Algo_nsgaii,86,lqn2uml,1535
NSGA,simplified-cocome__BRF_clone_1.23__moc_1.64__mcnn_1.80__moncnn_1.45__MaxEval_102__ProbPAs_0.95__sb_byTime_sbth_3600000__Algo_nsgaii,86,counting_pas,86,8568
simplified-cocome,simplified-cocome__BRF_clone_1.23__moc_1.64__mcnn_1.80__moncnn_1.45__MaxEval_102__ProbPAs_0.95__sb_byTime_sbth_3600000__Algo_nsgaii,86,perfQ,796
simplified-cocome,simplified-cocome__BRF_clone_1.23__moc_1.64__mcnn_1.80__moncnn_1.45__MaxEval_102__ProbPAs_0.95__sb_byTime_sbth_3600000__Algo_nsgaii,reliability,156
simplified-cocome,simplified-cocome__BRF_clone_1.23__moc_1.64__mcnn_1.80__moncnn_1.45__MaxEval_102__ProbPAs_0.95__sb_byTime_sbth_3600000__Algo_nsgaii,87,uml2lqn,2543
NSGA,simplified-cocome__BRF_clone_1.23__moc_1.64__mcnn_1.80__moncnn_1.45__MaxEval_102__ProbPAs_0.95__sb_byTime_sbth_3600000__Algo_nsgaii,87,invoke_solver,33
NSGA,simplified-cocome__BRF_clone_1.23__moc_1.64__mcnn_1.80__moncnn_1.45__MaxEval_102__ProbPAs_0.95__sb_byTime_sbth_3600000__Algo_nsgaii,87,lqn2uml,1554
NSGA,simplified-cocome__BRF_clone_1.23__moc_1.64__mcnn_1.80__moncnn_1.45__MaxEval_102__ProbPAs_0.95__sb_byTime_sbth_3600000__Algo_nsgaii,87,counting_pas,87,8547
simplified-cocome,simplified-cocome__BRF_clone_1.23__moc_1.64__mcnn_1.80__moncnn_1.45__MaxEval_102__ProbPAs_0.95__sb_byTime_sbth_3600000__Algo_nsgaii,87,perfQ,1430
simplified-cocome,simplified-cocome__BRF_clone_1.23__moc_1.64__mcnn_1.80__moncnn_1.45__MaxEval_102__ProbPAs_0.95__sb_byTime_sbth_3600000__Algo_nsgaii,reliability,192
simplified-cocome,simplified-cocome__BRF_clone_1.23__moc_1.64__mcnn_1.80__moncnn_1.45__MaxEval_102__ProbPAs_0.95__sb_byTime_sbth_3600000__Algo_nsgaii,90,uml2lqn,2968
NSGA,simplified-cocome__BRF_clone_1.23__moc_1.64__mcnn_1.80__moncnn_1.45__MaxEval_102__ProbPAs_0.95__sb_byTime_sbth_3600000__Algo_nsgaii,90,invoke_solver,41
NSGA,simplified-cocome__BRF_clone_1.23__moc_1.64__mcnn_1.80__moncnn_1.45__MaxEval_102__ProbPAs_0.95__sb_byTime_sbth_3600000__Algo_nsgaii,90,lqn2uml,958
NSGA,simplified-cocome__BRF_clone_1.23__moc_1.64__mcnn_1.80__moncnn_1.45__MaxEval_102__ProbPAs_0.95__sb_byTime_sbth_3600000__Algo_nsgaii,90,counting_pas,90,8978
simplified-cocome,simplified-cocome__BRF_clone_1.23__moc_1.64__mcnn_1.80__moncnn_1.45__MaxEval_102__ProbPAs_0.95__sb_byTime_sbth_3600000__Algo_nsgaii,90,perfQ,1378
simplified-cocome,simplified-cocome__BRF_clone_1.23__moc_1.64__mcnn_1.80__moncnn_1.45__MaxEval_102__ProbPAs_0.95__sb_byTime_sbth_3600000__Algo_nsgaii,reliability,197
simplified-cocome,simplified-cocome__BRF_clone_1.23__moc_1.64__mcnn_1.80__moncnn_1.45__MaxEval_102__ProbPAs_0.95__sb_byTime_sbth_3600000__Algo_nsgaii,91,uml2lqn,2928
NSGA,simplified-cocome__BRF_clone_1.23__moc_1.64__mcnn_1.80__moncnn_1.45__MaxEval_102__ProbPAs_0.95__sb_byTime_sbth_3600000__Algo_nsgaii,91,invoke_solver,37
NSGA,simplified-cocome__BRF_clone_1.23__moc_1.64__mcnn_1.80__moncnn_1.45__MaxEval_102__ProbPAs_0.95__sb_byTime_sbth_3600000__Algo_nsgaii,91,lqn2uml,1392
NSGA,simplified-cocome__BRF_clone_1.23__moc_1.64__mcnn_1.80__moncnn_1.45__MaxEval_102__ProbPAs_0.95__sb_byTime_sbth_3600000__Algo_nsgaii,91,counting_pas,91,8720
simplified-cocome,simplified-cocome__BRF_clone_1.23__moc_1.64__mcnn_1.80__moncnn_1.45__MaxEval_102__ProbPAs_0.95__sb_byTime_sbth_3600000__Algo_nsgaii,91,perfQ,1149
simplified-cocome,simplified-cocome__BRF_clone_1.23__moc_1.64__mcnn_1.80__moncnn_1.45__MaxEval_102__ProbPAs_0.95__sb_byTime_sbth_3600000__Algo_nsgaii,reliability,143
simplified-cocome,simplified-cocome__BRF_clone_1.23__moc_1.64__mcnn_1.80__moncnn_1.45__MaxEval_102__ProbPAs_0.95__sb_byTime_sbth_3600000__Algo_nsgaii,92,uml2lqn,2830
NSGA,simplified-cocome__BRF_clone_1.23__moc_1.64__mcnn_1.80__moncnn_1.45__MaxEval_102__ProbPAs_0.95__sb_byTime_sbth_3600000__Algo_nsgaii,92,invoke_solver,187
NSGA,simplified-cocome__BRF_clone_1.23__moc_1.64__mcnn_1.80__moncnn_1.45__MaxEval_102__ProbPAs_0.95__sb_byTime_sbth_3600000__Algo_nsgaii,92,lqn2uml,1639
NSGA,simplified-cocome__BRF_clone_1.23__moc_1.64__mcnn_1.80__moncnn_1.45__MaxEval_102__ProbPAs_0.95__sb_byTime_sbth_3600000__Algo_nsgaii,92,counting_pas,92,8608
simplified-cocome,simplified-cocome__BRF_clone_1.23__moc_1.64__mcnn_1.80__moncnn_1.45__MaxEval_102__ProbPAs_0.95__sb_byTime_sbth_3600000__Algo_nsgaii,92,perfQ,1136
simplified-cocome,simplified-cocome__BRF_clone_1.23__moc_1.64__mcnn_1.80__moncnn_1.45__MaxEval_102__ProbPAs_0.95__sb_byTime_sbth_3600000__Algo_nsgaii,reliability,184
simplified-cocome,simplified-cocome__BRF_clone_1.23__moc_1.64__mcnn_1.80__moncnn_1.45__MaxEval_102__ProbPAs_0.95__sb_byTime_sbth_3600000__Algo_nsgaii,93,uml2lqn,2705
NSGA,simplified-cocome__BRF_clone_1.23__moc_1.64__mcnn_1.80__moncnn_1.45__MaxEval_102__ProbPAs_0.95__sb_byTime_sbth_3600000__Algo_nsgaii,93,invoke_solver,159
NSGA,simplified-cocome__BRF_clone_1.23__moc_1.64__mcnn_1.80__moncnn_1.45__MaxEval_102__ProbPAs_0.95__sb_byTime_sbth_3600000__Algo_nsgaii,93,lqn2uml,1220
NSGA,simplified-cocome__BRF_clone_1.23__moc_1.64__mcnn_1.80__moncnn_1.45__MaxEval_102__ProbPAs_0.95__sb_byTime_sbth_3600000__Algo_nsgaii,93,counting_pas,93,8073
simplified-cocome,simplified-cocome__BRF_clone_1.23__moc_1.64__mcnn_1.80__moncnn_1.45__MaxEval_102__ProbPAs_0.95__sb_byTime_sbth_3600000__Algo_nsgaii,93,perfQ,1299
simplified-cocome,simplified-cocome__BRF_clone_1.23__moc_1.64__mcnn_1.80__moncnn_1.45__MaxEval_102__ProbPAs_0.95__sb_byTime_sbth_3600000__Algo_nsgaii,reliability,220
simplified-cocome,simplified-cocome__BRF_clone_1.23__moc_1.64__mcnn_1.80__moncnn_1.45__MaxEval_102__ProbPAs_0.95__sb_byTime_sbth_3600000__Algo_nsgaii,96,uml2lqn,3400
NSGA,simplified-cocome__BRF_clone_1.23__moc_1.64__mcnn_1.80__moncnn_1.45__MaxEval_102__ProbPAs_0.95__sb_byTime_sbth_3600000__Algo_nsgaii,96,invoke_solver,72
NSGA,simplified-cocome__BRF_clone_1.23__moc_1.64__mcnn_1.80__moncnn_1.45__MaxEval_102__ProbPAs_0.95__sb_byTime_sbth_3600000__Algo_nsgaii,96,lqn2uml,1331
NSGA,simplified-cocome__BRF_clone_1.23__moc_1.64__mcnn_1.80__moncnn_1.45__MaxEval_102__ProbPAs_0.95__sb_byTime_sbth_3600000__Algo_nsgaii,96,counting_pas,96,10012
simplified-cocome,simplified-cocome__BRF_clone_1.23__moc_1.64__mcnn_1.80__moncnn_1.45__MaxEval_102__ProbPAs_0.95__sb_byTime_sbth_3600000__Algo_nsgaii,96,perfQ,890
simplified-cocome,simplified-cocome__BRF_clone_1.23__moc_1.64__mcnn_1.80__moncnn_1.45__MaxEval_102__ProbPAs_0.95__sb_byTime_sbth_3600000__Algo_nsgaii,reliability,226
simplified-cocome,simplified-cocome__BRF_clone_1.23__moc_1.64__mcnn_1.80__moncnn_1.45__MaxEval_102__ProbPAs_0.95__sb_byTime_sbth_3600000__Algo_nsgaii,97,uml2lqn,2663
NSGA,simplified-cocome__BRF_clone_1.23__moc_1.64__mcnn_1.80__moncnn_1.45__MaxEval_102__ProbPAs_0.95__sb_byTime_sbth_3600000__Algo_nsgaii,97,invoke_solver,179
NSGA,simplified-cocome__BRF_clone_1.23__moc_1.64__mcnn_1.80__moncnn_1.45__MaxEval_102__ProbPAs_0.95__sb_byTime_sbth_3600000__Algo_nsgaii,97,lqn2uml,1256
NSGA,simplified-cocome__BRF_clone_1.23__moc_1.64__mcnn_1.80__moncnn_1.45__MaxEval_102__ProbPAs_0.95__sb_byTime_sbth_3600000__Algo_nsgaii,97,counting_pas,97,7895
simplified-cocome,simplified-cocome__BRF_clone_1.23__moc_1.64__mcnn_1.80__moncnn_1.45__MaxEval_102__ProbPAs_0.95__sb_byTime_sbth_3600000__Algo_nsgaii,97,perfQ,1188
simplified-cocome,simplified-cocome__BRF_clone_1.23__moc_1.64__mcnn_1.80__moncnn_1.45__MaxEval_102__ProbPAs_0.95__sb_byTime_sbth_3600000__Algo_nsgaii,reliability,106
simplified-cocome,simplified-cocome__BRF_clone_1.23__moc_1.64__mcnn_1.80__moncnn_1.45__MaxEval_102__ProbPAs_0.95__sb_byTime_sbth_3600000__Algo_nsgaii,100,uml2lqn,2568
NSGA,simplified-cocome__BRF_clone_1.23__moc_1.64__mcnn_1.80__moncnn_1.45__MaxEval_102__ProbPAs_0.95__sb_byTime_sbth_3600000__Algo_nsgaii,100,invoke_solver,263
NSGA,simplified-cocome__BRF_clone_1.23__moc_1.64__mcnn_1.80__moncnn_1.45__MaxEval_102__ProbPAs_0.95__sb_byTime_sbth_3600000__Algo_nsgaii,100,lqn2uml,995
NSGA,simplified-cocome__BRF_clone_1.23__moc_1.64__mcnn_1.80__moncnn_1.45__MaxEval_102__ProbPAs_0.95__sb_byTime_sbth_3600000__Algo_nsgaii,100,counting_pas,100,8713
simplified-cocome,simplified-cocome__BRF_clone_1.23__moc_1.64__mcnn_1.80__moncnn_1.45__MaxEval_102__ProbPAs_0.95__sb_byTime_sbth_3600000__Algo_nsgaii,100,perfQ,1443
simplified-cocome,simplified-cocome__BRF_clone_1.23__moc_1.64__mcnn_1.80__moncnn_1.45__MaxEval_102__ProbPAs_0.95__sb_byTime_sbth_3600000__Algo_nsgaii,reliability,210
simplified-cocome,simplified-cocome__BRF_clone_1.23__moc_1.64__mcnn_1.80__moncnn_1.45__MaxEval_102__ProbPAs_0.95__sb_byTime_sbth_3600000__Algo_nsgaii,101,uml2lqn,2871
NSGA,simplified-cocome__BRF_clone_1.23__moc_1.64__mcnn_1.80__moncnn_1.45__MaxEval_102__ProbPAs_0.95__sb_byTime_sbth_3600000__Algo_nsgaii,101,invoke_solver,209
NSGA,simplified-cocome__BRF_clone_1.23__moc_1.64__mcnn_1.80__moncnn_1.45__MaxEval_102__ProbPAs_0.95__sb_byTime_sbth_3600000__Algo_nsgaii,101,lqn2uml,1531
NSGA,simplified-cocome__BRF_clone_1.23__moc_1.64__mcnn_1.80__moncnn_1.45__MaxEval_102__ProbPAs_0.95__sb_byTime_sbth_3600000__Algo_nsgaii,101,counting_pas,101,7293
simplified-cocome,simplified-cocome__BRF_clone_1.23__moc_1.64__mcnn_1.80__moncnn_1.45__MaxEval_102__ProbPAs_0.95__sb_byTime_sbth_3600000__Algo_nsgaii,101,perfQ,1432
simplified-cocome,simplified-cocome__BRF_clone_1.23__moc_1.64__mcnn_1.80__moncnn_1.45__MaxEval_102__ProbPAs_0.95__sb_byTime_sbth_3600000__Algo_nsgaii,reliability,226
simplified-cocome,simplified-cocome__BRF_clone_1.23__moc_1.64__mcnn_1.80__moncnn_1.45__MaxEval_102__ProbPAs_0.95__sb_byTime_sbth_3600000__Algo_nsgaii,104,uml2lqn,2892
NSGA,simplified-cocome__BRF_clone_1.23__moc_1.64__mcnn_1.80__moncnn_1.45__MaxEval_102__ProbPAs_0.95__sb_byTime_sbth_3600000__Algo_nsgaii,104,invoke_solver,296
NSGA,simplified-cocome__BRF_clone_1.23__moc_1.64__mcnn_1.80__moncnn_1.45__MaxEval_102__ProbPAs_0.95__sb_byTime_sbth_3600000__Algo_nsgaii,104,lqn2uml,1700
NSGA,simplified-cocome__BRF_clone_1.23__moc_1.64__mcnn_1.80__moncnn_1.45__MaxEval_102__ProbPAs_0.95__sb_byTime_sbth_3600000__Algo_nsgaii,104,counting_pas,104,8038
simplified-cocome,simplified-cocome__BRF_clone_1.23__moc_1.64__mcnn_1.80__moncnn_1.45__MaxEval_102__ProbPAs_0.95__sb_byTime_sbth_3600000__Algo_nsgaii,104,perfQ,1491
simplified-cocome,simplified-cocome__BRF_clone_1.23__moc_1.64__mcnn_1.80__moncnn_1.45__MaxEval_102__ProbPAs_0.95__sb_byTime_sbth_3600000__Algo_nsgaii,reliability,220
simplified-cocome,simplified-cocome__BRF_clone_1.23__moc_1.64__mcnn_1.80__moncnn_1.45__MaxEval_102__ProbPAs_0.95__sb_byTime_sbth_3600000__Algo_nsgaii,105,uml2lqn,3203
NSGA,simplified-cocome__BRF_clone_1.23__moc_1.64__mcnn_1.80__moncnn_1.45__MaxEval_102__ProbPAs_0.95__sb_byTime_sbth_3600000__Algo_nsgaii,105,invoke_solver,72
NSGA,simplified-cocome__BRF_clone_1.23__moc_1.64__mcnn_1.80__moncnn_1.45__MaxEval_102__ProbPAs_0.95__sb_byTime_sbth_3600000__Algo_nsgaii,105,lqn2uml,1992
NSGA,simplified-cocome__BRF_clone_1.23__moc_1.64__mcnn_1.80__moncnn_1.45__MaxEval_102__ProbPAs_0.95__sb_byTime_sbth_3600000__Algo_nsgaii,105,counting_pas,105,9552
simplified-cocome,simplified-cocome__BRF_clone_1.23__moc_1.64__mcnn_1.80__moncnn_1.45__MaxEval_102__ProbPAs_0.95__sb_byTime_sbth_3600000__Algo_nsgaii,105,perfQ,1750
simplified-cocome,simplified-cocome__BRF_clone_1.23__moc_1.64__mcnn_1.80__moncnn_1.45__MaxEval_102__ProbPAs_0.95__sb_byTime_sbth_3600000__Algo_nsgaii,reliability,212
simplified-cocome,simplified-cocome__BRF_clone_1.23__moc_1.64__mcnn_1.80__moncnn_1.45__MaxEval_102__ProbPAs_0.95__sb_byTime_sbth_3600000__Algo_nsgaii,108,uml2lqn,3203
NSGA,simplified-cocome__BRF_clone_1.23__moc_1.64__mcnn_1.80__moncnn_1.45__MaxEval_102__ProbPAs_0.95__sb_byTime_sbth_3600000__Algo_nsgaii,108,invoke_solver,315
NSGA,simplified-cocome__BRF_clone_1.23__moc_1.64__mcnn_1.80__moncnn_1.45__MaxEval_102__ProbPAs_0.95__sb_byTime_sbth_3600000__Algo_nsgaii,108,lqn2uml,1634
NSGA,simplified-cocome__BRF_clone_1.23__moc_1.64__mcnn_1.80__moncnn_1.45__MaxEval_102__ProbPAs_0.95__sb_byTime_sbth_3600000__Algo_nsgaii,108,counting_pas,108,8504
simplified-cocome,simplified-cocome__BRF_clone_1.23__moc_1.64__mcnn_1.80__moncnn_1.45__MaxEval_102__ProbPAs_0.95__sb_byTime_sbth_3600000__Algo_nsgaii,108,perfQ,1808
simplified-cocome,simplified-cocome__BRF_clone_1.23__moc_1.64__mcnn_1.80__moncnn_1.45__MaxEval_102__ProbPAs_0.95__sb_byTime_sbth_3600000__Algo_nsgaii,reliability,235
simplified-cocome,simplified-cocome__BRF_clone_1.23__moc_1.64__mcnn_1.80__moncnn_1.45__MaxEval_102__ProbPAs_0.95__sb_byTime_sbth_3600000__Algo_nsgaii,109,uml2lqn,2731
NSGA,simplified-cocome__BRF_clone_1.23__moc_1.64__mcnn_1.80__moncnn_1.45__MaxEval_102__ProbPAs_0.95__sb_byTime_sbth_3600000__Algo_nsgaii,109,invoke_solver,300
NSGA,simplified-cocome__BRF_clone_1.23__moc_1.64__mcnn_1.80__moncnn_1.45__MaxEval_102__ProbPAs_0.95__sb_byTime_sbth_3600000__Algo_nsgaii,109,lqn2uml,2014
NSGA,simplified-cocome__BRF_clone_1.23__moc_1.64__mcnn_1.80__moncnn_1.45__MaxEval_102__ProbPAs_0.95__sb_byTime_sbth_3600000__Algo_nsgaii,109,counting_pas,109,8421
simplified-cocome,simplified-cocome__BRF_clone_1.23__moc_1.64__mcnn_1.80__moncnn_1.45__MaxEval_102__ProbPAs_0.95__sb_byTime_sbth_3600000__Algo_nsgaii,109,perfQ,1528
simplified-cocome,simplified-cocome__BRF_clone_1.23__moc_1.64__mcnn_1.80__moncnn_1.45__MaxEval_102__ProbPAs_0.95__sb_byTime_sbth_3600000__Algo_nsgaii,reliability,181
simplified-cocome,simplified-cocome__BRF_clone_1.23__moc_1.64__mcnn_1.80__moncnn_1.45__MaxEval_102__ProbPAs_0.95__sb_byTime_sbth_3600000__Algo_nsgaii,110,uml2lqn,3335
NSGA,simplified-cocome__BRF_clone_1.23__moc_1.64__mcnn_1.80__moncnn_1.45__MaxEval_102__ProbPAs_0.95__sb_byTime_sbth_3600000__Algo_nsgaii,110,invoke_solver,229
NSGA,simplified-cocome__BRF_clone_1.23__moc_1.64__mcnn_1.80__moncnn_1.45__MaxEval_102__ProbPAs_0.95__sb_byTime_sbth_3600000__Algo_nsgaii,110,lqn2uml,2039
NSGA,simplified-cocome__BRF_clone_1.23__moc_1.64__mcnn_1.80__moncnn_1.45__MaxEval_102__ProbPAs_0.95__sb_byTime_sbth_3600000__Algo_nsgaii,110,counting_pas,110,8042
simplified-cocome,simplified-cocome__BRF_clone_1.23__moc_1.64__mcnn_1.80__moncnn_1.45__MaxEval_102__ProbPAs_0.95__sb_byTime_sbth_3600000__Algo_nsgaii,110,perfQ,1663
simplified-cocome,simplified-cocome__BRF_clone_1.23__moc_1.64__mcnn_1.80__moncnn_1.45__MaxEval_102__ProbPAs_0.95__sb_byTime_sbth_3600000__Algo_nsgaii,reliability,198
simplified-cocome,simplified-cocome__BRF_clone_1.23__moc_1.64__mcnn_1.80__moncnn_1.45__MaxEval_102__ProbPAs_0.95__sb_byTime_sbth_3600000__Algo_nsgaii,111,uml2lqn,3161
NSGA,simplified-cocome__BRF_clone_1.23__moc_1.64__mcnn_1.80__moncnn_1.45__MaxEval_102__ProbPAs_0.95__sb_byTime_sbth_3600000__Algo_nsgaii,111,invoke_solver,316
NSGA,simplified-cocome__BRF_clone_1.23__moc_1.64__mcnn_1.80__moncnn_1.45__MaxEval_102__ProbPAs_0.95__sb_byTime_sbth_3600000__Algo_nsgaii,111,lqn2uml,1966
NSGA,simplified-cocome__BRF_clone_1.23__moc_1.64__mcnn_1.80__moncnn_1.45__MaxEval_102__ProbPAs_0.95__sb_byTime_sbth_3600000__Algo_nsgaii,111,counting_pas,111,8916
simplified-cocome,simplified-cocome__BRF_clone_1.23__moc_1.64__mcnn_1.80__moncnn_1.45__MaxEval_102__ProbPAs_0.95__sb_byTime_sbth_3600000__Algo_nsgaii,111,perfQ,1832
simplified-cocome,simplified-cocome__BRF_clone_1.23__moc_1.64__mcnn_1.80__moncnn_1.45__MaxEval_102__ProbPAs_0.95__sb_byTime_sbth_3600000__Algo_nsgaii,reliability,264
simplified-cocome,simplified-cocome__BRF_clone_1.23__moc_1.64__mcnn_1.80__moncnn_1.45__MaxEval_102__ProbPAs_0.95__sb_byTime_sbth_3600000__Algo_nsgaii,114,uml2lqn,2834
NSGA,simplified-cocome__BRF_clone_1.23__moc_1.64__mcnn_1.80__moncnn_1.45__MaxEval_102__ProbPAs_0.95__sb_byTime_sbth_3600000__Algo_nsgaii,114,invoke_solver,211
NSGA,simplified-cocome__BRF_clone_1.23__moc_1.64__mcnn_1.80__moncnn_1.45__MaxEval_102__ProbPAs_0.95__sb_byTime_sbth_3600000__Algo_nsgaii,114,lqn2uml,1804
NSGA,simplified-cocome__BRF_clone_1.23__moc_1.64__mcnn_1.80__moncnn_1.45__MaxEval_102__ProbPAs_0.95__sb_byTime_sbth_3600000__Algo_nsgaii,114,counting_pas,114,9049
simplified-cocome,simplified-cocome__BRF_clone_1.23__moc_1.64__mcnn_1.80__moncnn_1.45__MaxEval_102__ProbPAs_0.95__sb_byTime_sbth_3600000__Algo_nsgaii,114,perfQ,1675
simplified-cocome,simplified-cocome__BRF_clone_1.23__moc_1.64__mcnn_1.80__moncnn_1.45__MaxEval_102__ProbPAs_0.95__sb_byTime_sbth_3600000__Algo_nsgaii,reliability,189
simplified-cocome,simplified-cocome__BRF_clone_1.23__moc_1.64__mcnn_1.80__moncnn_1.45__MaxEval_102__ProbPAs_0.95__sb_byTime_sbth_3600000__Algo_nsgaii,115,uml2lqn,3234
NSGA,simplified-cocome__BRF_clone_1.23__moc_1.64__mcnn_1.80__moncnn_1.45__MaxEval_102__ProbPAs_0.95__sb_byTime_sbth_3600000__Algo_nsgaii,115,invoke_solver,120
NSGA,simplified-cocome__BRF_clone_1.23__moc_1.64__mcnn_1.80__moncnn_1.45__MaxEval_102__ProbPAs_0.95__sb_byTime_sbth_3600000__Algo_nsgaii,115,lqn2uml,2086
NSGA,simplified-cocome__BRF_clone_1.23__moc_1.64__mcnn_1.80__moncnn_1.45__MaxEval_102__ProbPAs_0.95__sb_byTime_sbth_3600000__Algo_nsgaii,115,counting_pas,115,7400
simplified-cocome,simplified-cocome__BRF_clone_1.23__moc_1.64__mcnn_1.80__moncnn_1.45__MaxEval_102__ProbPAs_0.95__sb_byTime_sbth_3600000__Algo_nsgaii,115,perfQ,1538
simplified-cocome,simplified-cocome__BRF_clone_1.23__moc_1.64__mcnn_1.80__moncnn_1.45__MaxEval_102__ProbPAs_0.95__sb_byTime_sbth_3600000__Algo_nsgaii,reliability,165
simplified-cocome,simplified-cocome__BRF_clone_1.23__moc_1.64__mcnn_1.80__moncnn_1.45__MaxEval_102__ProbPAs_0.95__sb_byTime_sbth_3600000__Algo_nsgaii,118,uml2lqn,3514
NSGA,simplified-cocome__BRF_clone_1.23__moc_1.64__mcnn_1.80__moncnn_1.45__MaxEval_102__ProbPAs_0.95__sb_byTime_sbth_3600000__Algo_nsgaii,118,invoke_solver,83
NSGA,simplified-cocome__BRF_clone_1.23__moc_1.64__mcnn_1.80__moncnn_1.45__MaxEval_102__ProbPAs_0.95__sb_byTime_sbth_3600000__Algo_nsgaii,118,lqn2uml,1407
NSGA,simplified-cocome__BRF_clone_1.23__moc_1.64__mcnn_1.80__moncnn_1.45__MaxEval_102__ProbPAs_0.95__sb_byTime_sbth_3600000__Algo_nsgaii,118,counting_pas,118,9467
simplified-cocome,simplified-cocome__BRF_clone_1.23__moc_1.64__mcnn_1.80__moncnn_1.45__MaxEval_102__ProbPAs_0.95__sb_byTime_sbth_3600000__Algo_nsgaii,118,perfQ,1652
simplified-cocome,simplified-cocome__BRF_clone_1.23__moc_1.64__mcnn_1.80__moncnn_1.45__MaxEval_102__ProbPAs_0.95__sb_byTime_sbth_3600000__Algo_nsgaii,reliability,145
simplified-cocome,simplified-cocome__BRF_clone_1.23__moc_1.64__mcnn_1.80__moncnn_1.45__MaxEval_102__ProbPAs_0.95__sb_byTime_sbth_3600000__Algo_nsgaii,119,uml2lqn,3222
NSGA,simplified-cocome__BRF_clone_1.23__moc_1.64__mcnn_1.80__moncnn_1.45__MaxEval_102__ProbPAs_0.95__sb_byTime_sbth_3600000__Algo_nsgaii,119,invoke_solver,182
NSGA,simplified-cocome__BRF_clone_1.23__moc_1.64__mcnn_1.80__moncnn_1.45__MaxEval_102__ProbPAs_0.95__sb_byTime_sbth_3600000__Algo_nsgaii,119,lqn2uml,1558
NSGA,simplified-cocome__BRF_clone_1.23__moc_1.64__mcnn_1.80__moncnn_1.45__MaxEval_102__ProbPAs_0.95__sb_byTime_sbth_3600000__Algo_nsgaii,119,counting_pas,119,8468
simplified-cocome,simplified-cocome__BRF_clone_1.23__moc_1.64__mcnn_1.80__moncnn_1.45__MaxEval_102__ProbPAs_0.95__sb_byTime_sbth_3600000__Algo_nsgaii,119,perfQ,1108
simplified-cocome,simplified-cocome__BRF_clone_1.23__moc_1.64__mcnn_1.80__moncnn_1.45__MaxEval_102__ProbPAs_0.95__sb_byTime_sbth_3600000__Algo_nsgaii,reliability,188
simplified-cocome,simplified-cocome__BRF_clone_1.23__moc_1.64__mcnn_1.80__moncnn_1.45__MaxEval_102__ProbPAs_0.95__sb_byTime_sbth_3600000__Algo_nsgaii,120,uml2lqn,2885
NSGA,simplified-cocome__BRF_clone_1.23__moc_1.64__mcnn_1.80__moncnn_1.45__MaxEval_102__ProbPAs_0.95__sb_byTime_sbth_3600000__Algo_nsgaii,120,invoke_solver,324
NSGA,simplified-cocome__BRF_clone_1.23__moc_1.64__mcnn_1.80__moncnn_1.45__MaxEval_102__ProbPAs_0.95__sb_byTime_sbth_3600000__Algo_nsgaii,120,lqn2uml,1352
NSGA,simplified-cocome__BRF_clone_1.23__moc_1.64__mcnn_1.80__moncnn_1.45__MaxEval_102__ProbPAs_0.95__sb_byTime_sbth_3600000__Algo_nsgaii,120,counting_pas,120,8402
simplified-cocome,simplified-cocome__BRF_clone_1.23__moc_1.64__mcnn_1.80__moncnn_1.45__MaxEval_102__ProbPAs_0.95__sb_byTime_sbth_3600000__Algo_nsgaii,120,perfQ,1655
simplified-cocome,simplified-cocome__BRF_clone_1.23__moc_1.64__mcnn_1.80__moncnn_1.45__MaxEval_102__ProbPAs_0.95__sb_byTime_sbth_3600000__Algo_nsgaii,reliability,142
simplified-cocome,simplified-cocome__BRF_clone_1.23__moc_1.64__mcnn_1.80__moncnn_1.45__MaxEval_102__ProbPAs_0.95__sb_byTime_sbth_3600000__Algo_nsgaii,121,uml2lqn,2595
NSGA,simplified-cocome__BRF_clone_1.23__moc_1.64__mcnn_1.80__moncnn_1.45__MaxEval_102__ProbPAs_0.95__sb_byTime_sbth_3600000__Algo_nsgaii,121,invoke_solver,300
NSGA,simplified-cocome__BRF_clone_1.23__moc_1.64__mcnn_1.80__moncnn_1.45__MaxEval_102__ProbPAs_0.95__sb_byTime_sbth_3600000__Algo_nsgaii,121,lqn2uml,1935
NSGA,simplified-cocome__BRF_clone_1.23__moc_1.64__mcnn_1.80__moncnn_1.45__MaxEval_102__ProbPAs_0.95__sb_byTime_sbth_3600000__Algo_nsgaii,121,counting_pas,121,7945
simplified-cocome,simplified-cocome__BRF_clone_1.23__moc_1.64__mcnn_1.80__moncnn_1.45__MaxEval_102__ProbPAs_0.95__sb_byTime_sbth_3600000__Algo_nsgaii,121,perfQ,1740
simplified-cocome,simplified-cocome__BRF_clone_1.23__moc_1.64__mcnn_1.80__moncnn_1.45__MaxEval_102__ProbPAs_0.95__sb_byTime_sbth_3600000__Algo_nsgaii,reliability,341
simplified-cocome,simplified-cocome__BRF_clone_1.23__moc_1.64__mcnn_1.80__moncnn_1.45__MaxEval_102__ProbPAs_0.95__sb_byTime_sbth_3600000__Algo_nsgaii,122,uml2lqn,2976
NSGA,simplified-cocome__BRF_clone_1.23__moc_1.64__mcnn_1.80__moncnn_1.45__MaxEval_102__ProbPAs_0.95__sb_byTime_sbth_3600000__Algo_nsgaii,122,invoke_solver,298
NSGA,simplified-cocome__BRF_clone_1.23__moc_1.64__mcnn_1.80__moncnn_1.45__MaxEval_102__ProbPAs_0.95__sb_byTime_sbth_3600000__Algo_nsgaii,122,lqn2uml,1767
NSGA,simplified-cocome__BRF_clone_1.23__moc_1.64__mcnn_1.80__moncnn_1.45__MaxEval_102__ProbPAs_0.95__sb_byTime_sbth_3600000__Algo_nsgaii,122,counting_pas,122,8248
simplified-cocome,simplified-cocome__BRF_clone_1.23__moc_1.64__mcnn_1.80__moncnn_1.45__MaxEval_102__ProbPAs_0.95__sb_byTime_sbth_3600000__Algo_nsgaii,122,perfQ,2008
simplified-cocome,simplified-cocome__BRF_clone_1.23__moc_1.64__mcnn_1.80__moncnn_1.45__MaxEval_102__ProbPAs_0.95__sb_byTime_sbth_3600000__Algo_nsgaii,reliability,205
simplified-cocome,simplified-cocome__BRF_clone_1.23__moc_1.64__mcnn_1.80__moncnn_1.45__MaxEval_102__ProbPAs_0.95__sb_byTime_sbth_3600000__Algo_nsgaii,123,uml2lqn,3327
NSGA,simplified-cocome__BRF_clone_1.23__moc_1.64__mcnn_1.80__moncnn_1.45__MaxEval_102__ProbPAs_0.95__sb_byTime_sbth_3600000__Algo_nsgaii,123,invoke_solver,72
NSGA,simplified-cocome__BRF_clone_1.23__moc_1.64__mcnn_1.80__moncnn_1.45__MaxEval_102__ProbPAs_0.95__sb_byTime_sbth_3600000__Algo_nsgaii,123,lqn2uml,1710
NSGA,simplified-cocome__BRF_clone_1.23__moc_1.64__mcnn_1.80__moncnn_1.45__MaxEval_102__ProbPAs_0.95__sb_byTime_sbth_3600000__Algo_nsgaii,123,counting_pas,123,9578
simplified-cocome,simplified-cocome__BRF_clone_1.23__moc_1.64__mcnn_1.80__moncnn_1.45__MaxEval_102__ProbPAs_0.95__sb_byTime_sbth_3600000__Algo_nsgaii,123,perfQ,1591
simplified-cocome,simplified-cocome__BRF_clone_1.23__moc_1.64__mcnn_1.80__moncnn_1.45__MaxEval_102__ProbPAs_0.95__sb_byTime_sbth_3600000__Algo_nsgaii,reliability,229
simplified-cocome,simplified-cocome__BRF_clone_1.23__moc_1.64__mcnn_1.80__moncnn_1.45__MaxEval_102__ProbPAs_0.95__sb_byTime_sbth_3600000__Algo_nsgaii,126,uml2lqn,3405
NSGA,simplified-cocome__BRF_clone_1.23__moc_1.64__mcnn_1.80__moncnn_1.45__MaxEval_102__ProbPAs_0.95__sb_byTime_sbth_3600000__Algo_nsgaii,126,invoke_solver,58
NSGA,simplified-cocome__BRF_clone_1.23__moc_1.64__mcnn_1.80__moncnn_1.45__MaxEval_102__ProbPAs_0.95__sb_byTime_sbth_3600000__Algo_nsgaii,126,lqn2uml,977
NSGA,simplified-cocome__BRF_clone_1.23__moc_1.64__mcnn_1.80__moncnn_1.45__MaxEval_102__ProbPAs_0.95__sb_byTime_sbth_3600000__Algo_nsgaii,126,counting_pas,126,11011
simplified-cocome,simplified-cocome__BRF_clone_1.23__moc_1.64__mcnn_1.80__moncnn_1.45__MaxEval_102__ProbPAs_0.95__sb_byTime_sbth_3600000__Algo_nsgaii,126,perfQ,1449
simplified-cocome,simplified-cocome__BRF_clone_1.23__moc_1.64__mcnn_1.80__moncnn_1.45__MaxEval_102__ProbPAs_0.95__sb_byTime_sbth_3600000__Algo_nsgaii,reliability,177
simplified-cocome,simplified-cocome__BRF_clone_1.23__moc_1.64__mcnn_1.80__moncnn_1.45__MaxEval_102__ProbPAs_0.95__sb_byTime_sbth_3600000__Algo_nsgaii,127,uml2lqn,3500
NSGA,simplified-cocome__BRF_clone_1.23__moc_1.64__mcnn_1.80__moncnn_1.45__MaxEval_102__ProbPAs_0.95__sb_byTime_sbth_3600000__Algo_nsgaii,127,invoke_solver,72
NSGA,simplified-cocome__BRF_clone_1.23__moc_1.64__mcnn_1.80__moncnn_1.45__MaxEval_102__ProbPAs_0.95__sb_byTime_sbth_3600000__Algo_nsgaii,127,lqn2uml,826
NSGA,simplified-cocome__BRF_clone_1.23__moc_1.64__mcnn_1.80__moncnn_1.45__MaxEval_102__ProbPAs_0.95__sb_byTime_sbth_3600000__Algo_nsgaii,127,counting_pas,127,9486
simplified-cocome,simplified-cocome__BRF_clone_1.23__moc_1.64__mcnn_1.80__moncnn_1.45__MaxEval_102__ProbPAs_0.95__sb_byTime_sbth_3600000__Algo_nsgaii,127,perfQ,1376
simplified-cocome,simplified-cocome__BRF_clone_1.23__moc_1.64__mcnn_1.80__moncnn_1.45__MaxEval_102__ProbPAs_0.95__sb_byTime_sbth_3600000__Algo_nsgaii,reliability,239
simplified-cocome,simplified-cocome__BRF_clone_1.23__moc_1.64__mcnn_1.80__moncnn_1.45__MaxEval_102__ProbPAs_0.95__sb_byTime_sbth_3600000__Algo_nsgaii,130,uml2lqn,3713
NSGA,simplified-cocome__BRF_clone_1.23__moc_1.64__mcnn_1.80__moncnn_1.45__MaxEval_102__ProbPAs_0.95__sb_byTime_sbth_3600000__Algo_nsgaii,130,invoke_solver,135
NSGA,simplified-cocome__BRF_clone_1.23__moc_1.64__mcnn_1.80__moncnn_1.45__MaxEval_102__ProbPAs_0.95__sb_byTime_sbth_3600000__Algo_nsgaii,130,lqn2uml,2046
NSGA,simplified-cocome__BRF_clone_1.23__moc_1.64__mcnn_1.80__moncnn_1.45__MaxEval_102__ProbPAs_0.95__sb_byTime_sbth_3600000__Algo_nsgaii,130,counting_pas,130,8310
simplified-cocome,simplified-cocome__BRF_clone_1.23__moc_1.64__mcnn_1.80__moncnn_1.45__MaxEval_102__ProbPAs_0.95__sb_byTime_sbth_3600000__Algo_nsgaii,130,perfQ,2175
simplified-cocome,simplified-cocome__BRF_clone_1.23__moc_1.64__mcnn_1.80__moncnn_1.45__MaxEval_102__ProbPAs_0.95__sb_byTime_sbth_3600000__Algo_nsgaii,reliability,196
simplified-cocome,simplified-cocome__BRF_clone_1.23__moc_1.64__mcnn_1.80__moncnn_1.45__MaxEval_102__ProbPAs_0.95__sb_byTime_sbth_3600000__Algo_nsgaii,131,uml2lqn,4012
NSGA,simplified-cocome__BRF_clone_1.23__moc_1.64__mcnn_1.80__moncnn_1.45__MaxEval_102__ProbPAs_0.95__sb_byTime_sbth_3600000__Algo_nsgaii,131,invoke_solver,338
NSGA,simplified-cocome__BRF_clone_1.23__moc_1.64__mcnn_1.80__moncnn_1.45__MaxEval_102__ProbPAs_0.95__sb_byTime_sbth_3600000__Algo_nsgaii,131,lqn2uml,1596
NSGA,simplified-cocome__BRF_clone_1.23__moc_1.64__mcnn_1.80__moncnn_1.45__MaxEval_102__ProbPAs_0.95__sb_byTime_sbth_3600000__Algo_nsgaii,131,counting_pas,131,8752
simplified-cocome,simplified-cocome__BRF_clone_1.23__moc_1.64__mcnn_1.80__moncnn_1.45__MaxEval_102__ProbPAs_0.95__sb_byTime_sbth_3600000__Algo_nsgaii,131,perfQ,1394
simplified-cocome,simplified-cocome__BRF_clone_1.23__moc_1.64__mcnn_1.80__moncnn_1.45__MaxEval_102__ProbPAs_0.95__sb_byTime_sbth_3600000__Algo_nsgaii,reliability,142
simplified-cocome,simplified-cocome__BRF_clone_1.23__moc_1.64__mcnn_1.80__moncnn_1.45__MaxEval_102__ProbPAs_0.95__sb_byTime_sbth_3600000__Algo_nsgaii,134,uml2lqn,3421
NSGA,simplified-cocome__BRF_clone_1.23__moc_1.64__mcnn_1.80__moncnn_1.45__MaxEval_102__ProbPAs_0.95__sb_byTime_sbth_3600000__Algo_nsgaii,134,invoke_solver,258
NSGA,simplified-cocome__BRF_clone_1.23__moc_1.64__mcnn_1.80__moncnn_1.45__MaxEval_102__ProbPAs_0.95__sb_byTime_sbth_3600000__Algo_nsgaii,134,lqn2uml,2108
NSGA,simplified-cocome__BRF_clone_1.23__moc_1.64__mcnn_1.80__moncnn_1.45__MaxEval_102__ProbPAs_0.95__sb_byTime_sbth_3600000__Algo_nsgaii,134,counting_pas,134,9072
simplified-cocome,simplified-cocome__BRF_clone_1.23__moc_1.64__mcnn_1.80__moncnn_1.45__MaxEval_102__ProbPAs_0.95__sb_byTime_sbth_3600000__Algo_nsgaii,134,perfQ,1703
simplified-cocome,simplified-cocome__BRF_clone_1.23__moc_1.64__mcnn_1.80__moncnn_1.45__MaxEval_102__ProbPAs_0.95__sb_byTime_sbth_3600000__Algo_nsgaii,reliability,229
simplified-cocome,simplified-cocome__BRF_clone_1.23__moc_1.64__mcnn_1.80__moncnn_1.45__MaxEval_102__ProbPAs_0.95__sb_byTime_sbth_3600000__Algo_nsgaii,135,uml2lqn,3490
NSGA,simplified-cocome__BRF_clone_1.23__moc_1.64__mcnn_1.80__moncnn_1.45__MaxEval_102__ProbPAs_0.95__sb_byTime_sbth_3600000__Algo_nsgaii,135,invoke_solver,66
NSGA,simplified-cocome__BRF_clone_1.23__moc_1.64__mcnn_1.80__moncnn_1.45__MaxEval_102__ProbPAs_0.95__sb_byTime_sbth_3600000__Algo_nsgaii,135,lqn2uml,2413
NSGA,simplified-cocome__BRF_clone_1.23__moc_1.64__mcnn_1.80__moncnn_1.45__MaxEval_102__ProbPAs_0.95__sb_byTime_sbth_3600000__Algo_nsgaii,135,counting_pas,135,9977
simplified-cocome,simplified-cocome__BRF_clone_1.23__moc_1.64__mcnn_1.80__moncnn_1.45__MaxEval_102__ProbPAs_0.95__sb_byTime_sbth_3600000__Algo_nsgaii,135,perfQ,2349
simplified-cocome,simplified-cocome__BRF_clone_1.23__moc_1.64__mcnn_1.80__moncnn_1.45__MaxEval_102__ProbPAs_0.95__sb_byTime_sbth_3600000__Algo_nsgaii,reliability,274
simplified-cocome,simplified-cocome__BRF_clone_1.23__moc_1.64__mcnn_1.80__moncnn_1.45__MaxEval_102__ProbPAs_0.95__sb_byTime_sbth_3600000__Algo_nsgaii,138,uml2lqn,4900
NSGA,simplified-cocome__BRF_clone_1.23__moc_1.64__mcnn_1.80__moncnn_1.45__MaxEval_102__ProbPAs_0.95__sb_byTime_sbth_3600000__Algo_nsgaii,138,invoke_solver,300
NSGA,simplified-cocome__BRF_clone_1.23__moc_1.64__mcnn_1.80__moncnn_1.45__MaxEval_102__ProbPAs_0.95__sb_byTime_sbth_3600000__Algo_nsgaii,138,lqn2uml,2518
NSGA,simplified-cocome__BRF_clone_1.23__moc_1.64__mcnn_1.80__moncnn_1.45__MaxEval_102__ProbPAs_0.95__sb_byTime_sbth_3600000__Algo_nsgaii,138,counting_pas,138,8094
simplified-cocome,simplified-cocome__BRF_clone_1.23__moc_1.64__mcnn_1.80__moncnn_1.45__MaxEval_102__ProbPAs_0.95__sb_byTime_sbth_3600000__Algo_nsgaii,138,perfQ,2171
simplified-cocome,simplified-cocome__BRF_clone_1.23__moc_1.64__mcnn_1.80__moncnn_1.45__MaxEval_102__ProbPAs_0.95__sb_byTime_sbth_3600000__Algo_nsgaii,reliability,188
simplified-cocome,simplified-cocome__BRF_clone_1.23__moc_1.64__mcnn_1.80__moncnn_1.45__MaxEval_102__ProbPAs_0.95__sb_byTime_sbth_3600000__Algo_nsgaii,139,uml2lqn,4224
NSGA,simplified-cocome__BRF_clone_1.23__moc_1.64__mcnn_1.80__moncnn_1.45__MaxEval_102__ProbPAs_0.95__sb_byTime_sbth_3600000__Algo_nsgaii,139,invoke_solver,249
NSGA,simplified-cocome__BRF_clone_1.23__moc_1.64__mcnn_1.80__moncnn_1.45__MaxEval_102__ProbPAs_0.95__sb_byTime_sbth_3600000__Algo_nsgaii,139,lqn2uml,2461
NSGA,simplified-cocome__BRF_clone_1.23__moc_1.64__mcnn_1.80__moncnn_1.45__MaxEval_102__ProbPAs_0.95__sb_byTime_sbth_3600000__Algo_nsgaii,139,counting_pas,139,7201
simplified-cocome,simplified-cocome__BRF_clone_1.23__moc_1.64__mcnn_1.80__moncnn_1.45__MaxEval_102__ProbPAs_0.95__sb_byTime_sbth_3600000__Algo_nsgaii,139,perfQ,2756
simplified-cocome,simplified-cocome__BRF_clone_1.23__moc_1.64__mcnn_1.80__moncnn_1.45__MaxEval_102__ProbPAs_0.95__sb_byTime_sbth_3600000__Algo_nsgaii,reliability,161
simplified-cocome,simplified-cocome__BRF_clone_1.23__moc_1.64__mcnn_1.80__moncnn_1.45__MaxEval_102__ProbPAs_0.95__sb_byTime_sbth_3600000__Algo_nsgaii,140,uml2lqn,4394
NSGA,simplified-cocome__BRF_clone_1.23__moc_1.64__mcnn_1.80__moncnn_1.45__MaxEval_102__ProbPAs_0.95__sb_byTime_sbth_3600000__Algo_nsgaii,140,invoke_solver,315
NSGA,simplified-cocome__BRF_clone_1.23__moc_1.64__mcnn_1.80__moncnn_1.45__MaxEval_102__ProbPAs_0.95__sb_byTime_sbth_3600000__Algo_nsgaii,140,lqn2uml,2313
NSGA,simplified-cocome__BRF_clone_1.23__moc_1.64__mcnn_1.80__moncnn_1.45__MaxEval_102__ProbPAs_0.95__sb_byTime_sbth_3600000__Algo_nsgaii,140,counting_pas,140,8286
simplified-cocome,simplified-cocome__BRF_clone_1.23__moc_1.64__mcnn_1.80__moncnn_1.45__MaxEval_102__ProbPAs_0.95__sb_byTime_sbth_3600000__Algo_nsgaii,140,perfQ,2676
simplified-cocome,simplified-cocome__BRF_clone_1.23__moc_1.64__mcnn_1.80__moncnn_1.45__MaxEval_102__ProbPAs_0.95__sb_byTime_sbth_3600000__Algo_nsgaii,reliability,271
simplified-cocome,simplified-cocome__BRF_clone_1.23__moc_1.64__mcnn_1.80__moncnn_1.45__MaxEval_102__ProbPAs_0.95__sb_byTime_sbth_3600000__Algo_nsgaii,141,uml2lqn,4042
NSGA,simplified-cocome__BRF_clone_1.23__moc_1.64__mcnn_1.80__moncnn_1.45__MaxEval_102__ProbPAs_0.95__sb_byTime_sbth_3600000__Algo_nsgaii,141,invoke_solver,76
NSGA,simplified-cocome__BRF_clone_1.23__moc_1.64__mcnn_1.80__moncnn_1.45__MaxEval_102__ProbPAs_0.95__sb_byTime_sbth_3600000__Algo_nsgaii,141,lqn2uml,2268
NSGA,simplified-cocome__BRF_clone_1.23__moc_1.64__mcnn_1.80__moncnn_1.45__MaxEval_102__ProbPAs_0.95__sb_byTime_sbth_3600000__Algo_nsgaii,141,counting_pas,141,10337
simplified-cocome,simplified-cocome__BRF_clone_1.23__moc_1.64__mcnn_1.80__moncnn_1.45__MaxEval_102__ProbPAs_0.95__sb_byTime_sbth_3600000__Algo_nsgaii,141,perfQ,1970
simplified-cocome,simplified-cocome__BRF_clone_1.23__moc_1.64__mcnn_1.80__moncnn_1.45__MaxEval_102__ProbPAs_0.95__sb_byTime_sbth_3600000__Algo_nsgaii,reliability,170
simplified-cocome,simplified-cocome__BRF_clone_1.23__moc_1.64__mcnn_1.80__moncnn_1.45__MaxEval_102__ProbPAs_0.95__sb_byTime_sbth_3600000__Algo_nsgaii,144,uml2lqn,3895
NSGA,simplified-cocome__BRF_clone_1.23__moc_1.64__mcnn_1.80__moncnn_1.45__MaxEval_102__ProbPAs_0.95__sb_byTime_sbth_3600000__Algo_nsgaii,144,invoke_solver,233
NSGA,simplified-cocome__BRF_clone_1.23__moc_1.64__mcnn_1.80__moncnn_1.45__MaxEval_102__ProbPAs_0.95__sb_byTime_sbth_3600000__Algo_nsgaii,144,lqn2uml,1578
NSGA,simplified-cocome__BRF_clone_1.23__moc_1.64__mcnn_1.80__moncnn_1.45__MaxEval_102__ProbPAs_0.95__sb_byTime_sbth_3600000__Algo_nsgaii,144,counting_pas,144,8694
simplified-cocome,simplified-cocome__BRF_clone_1.23__moc_1.64__mcnn_1.80__moncnn_1.45__MaxEval_102__ProbPAs_0.95__sb_byTime_sbth_3600000__Algo_nsgaii,144,perfQ,1984
simplified-cocome,simplified-cocome__BRF_clone_1.23__moc_1.64__mcnn_1.80__moncnn_1.45__MaxEval_102__ProbPAs_0.95__sb_byTime_sbth_3600000__Algo_nsgaii,reliability,195
simplified-cocome,simplified-cocome__BRF_clone_1.23__moc_1.64__mcnn_1.80__moncnn_1.45__MaxEval_102__ProbPAs_0.95__sb_byTime_sbth_3600000__Algo_nsgaii,145,uml2lqn,3895
NSGA,simplified-cocome__BRF_clone_1.23__moc_1.64__mcnn_1.80__moncnn_1.45__MaxEval_102__ProbPAs_0.95__sb_byTime_sbth_3600000__Algo_nsgaii,145,invoke_solver,95
NSGA,simplified-cocome__BRF_clone_1.23__moc_1.64__mcnn_1.80__moncnn_1.45__MaxEval_102__ProbPAs_0.95__sb_byTime_sbth_3600000__Algo_nsgaii,145,lqn2uml,1844
NSGA,simplified-cocome__BRF_clone_1.23__moc_1.64__mcnn_1.80__moncnn_1.45__MaxEval_102__ProbPAs_0.95__sb_byTime_sbth_3600000__Algo_nsgaii,145,counting_pas,145,7688
simplified-cocome,simplified-cocome__BRF_clone_1.23__moc_1.64__mcnn_1.80__moncnn_1.45__MaxEval_102__ProbPAs_0.95__sb_byTime_sbth_3600000__Algo_nsgaii,145,perfQ,1952
simplified-cocome,simplified-cocome__BRF_clone_1.23__moc_1.64__mcnn_1.80__moncnn_1.45__MaxEval_102__ProbPAs_0.95__sb_byTime_sbth_3600000__Algo_nsgaii,reliability,239
simplified-cocome,simplified-cocome__BRF_clone_1.23__moc_1.64__mcnn_1.80__moncnn_1.45__MaxEval_102__ProbPAs_0.95__sb_byTime_sbth_3600000__Algo_nsgaii,148,uml2lqn,4024
NSGA,simplified-cocome__BRF_clone_1.23__moc_1.64__mcnn_1.80__moncnn_1.45__MaxEval_102__ProbPAs_0.95__sb_byTime_sbth_3600000__Algo_nsgaii,148,invoke_solver,328
NSGA,simplified-cocome__BRF_clone_1.23__moc_1.64__mcnn_1.80__moncnn_1.45__MaxEval_102__ProbPAs_0.95__sb_byTime_sbth_3600000__Algo_nsgaii,148,lqn2uml,1906
NSGA,simplified-cocome__BRF_clone_1.23__moc_1.64__mcnn_1.80__moncnn_1.45__MaxEval_102__ProbPAs_0.95__sb_byTime_sbth_3600000__Algo_nsgaii,148,counting_pas,148,9128
simplified-cocome,simplified-cocome__BRF_clone_1.23__moc_1.64__mcnn_1.80__moncnn_1.45__MaxEval_102__ProbPAs_0.95__sb_byTime_sbth_3600000__Algo_nsgaii,148,perfQ,1764
simplified-cocome,simplified-cocome__BRF_clone_1.23__moc_1.64__mcnn_1.80__moncnn_1.45__MaxEval_102__ProbPAs_0.95__sb_byTime_sbth_3600000__Algo_nsgaii,reliability,154
simplified-cocome,simplified-cocome__BRF_clone_1.23__moc_1.64__mcnn_1.80__moncnn_1.45__MaxEval_102__ProbPAs_0.95__sb_byTime_sbth_3600000__Algo_nsgaii,149,uml2lqn,3976
NSGA,simplified-cocome__BRF_clone_1.23__moc_1.64__mcnn_1.80__moncnn_1.45__MaxEval_102__ProbPAs_0.95__sb_byTime_sbth_3600000__Algo_nsgaii,149,invoke_solver,84
NSGA,simplified-cocome__BRF_clone_1.23__moc_1.64__mcnn_1.80__moncnn_1.45__MaxEval_102__ProbPAs_0.95__sb_byTime_sbth_3600000__Algo_nsgaii,149,lqn2uml,2060
NSGA,simplified-cocome__BRF_clone_1.23__moc_1.64__mcnn_1.80__moncnn_1.45__MaxEval_102__ProbPAs_0.95__sb_byTime_sbth_3600000__Algo_nsgaii,149,counting_pas,149,10734
simplified-cocome,simplified-cocome__BRF_clone_1.23__moc_1.64__mcnn_1.80__moncnn_1.45__MaxEval_102__ProbPAs_0.95__sb_byTime_sbth_3600000__Algo_nsgaii,149,perfQ,2294
simplified-cocome,simplified-cocome__BRF_clone_1.23__moc_1.64__mcnn_1.80__moncnn_1.45__MaxEval_102__ProbPAs_0.95__sb_byTime_sbth_3600000__Algo_nsgaii,reliability,158
simplified-cocome,simplified-cocome__BRF_clone_1.23__moc_1.64__mcnn_1.80__moncnn_1.45__MaxEval_102__ProbPAs_0.95__sb_byTime_sbth_3600000__Algo_nsgaii,152,uml2lqn,3094
NSGA,simplified-cocome__BRF_clone_1.23__moc_1.64__mcnn_1.80__moncnn_1.45__MaxEval_102__ProbPAs_0.95__sb_byTime_sbth_3600000__Algo_nsgaii,152,invoke_solver,290
NSGA,simplified-cocome__BRF_clone_1.23__moc_1.64__mcnn_1.80__moncnn_1.45__MaxEval_102__ProbPAs_0.95__sb_byTime_sbth_3600000__Algo_nsgaii,152,lqn2uml,1762
NSGA,simplified-cocome__BRF_clone_1.23__moc_1.64__mcnn_1.80__moncnn_1.45__MaxEval_102__ProbPAs_0.95__sb_byTime_sbth_3600000__Algo_nsgaii,152,counting_pas,152,8611
simplified-cocome,simplified-cocome__BRF_clone_1.23__moc_1.64__mcnn_1.80__moncnn_1.45__MaxEval_102__ProbPAs_0.95__sb_byTime_sbth_3600000__Algo_nsgaii,152,perfQ,1964
simplified-cocome,simplified-cocome__BRF_clone_1.23__moc_1.64__mcnn_1.80__moncnn_1.45__MaxEval_102__ProbPAs_0.95__sb_byTime_sbth_3600000__Algo_nsgaii,reliability,183
simplified-cocome,simplified-cocome__BRF_clone_1.23__moc_1.64__mcnn_1.80__moncnn_1.45__MaxEval_102__ProbPAs_0.95__sb_byTime_sbth_3600000__Algo_nsgaii,153,uml2lqn,3762
NSGA,simplified-cocome__BRF_clone_1.23__moc_1.64__mcnn_1.80__moncnn_1.45__MaxEval_102__ProbPAs_0.95__sb_byTime_sbth_3600000__Algo_nsgaii,153,invoke_solver,168
NSGA,simplified-cocome__BRF_clone_1.23__moc_1.64__mcnn_1.80__moncnn_1.45__MaxEval_102__ProbPAs_0.95__sb_byTime_sbth_3600000__Algo_nsgaii,153,lqn2uml,1333
NSGA,simplified-cocome__BRF_clone_1.23__moc_1.64__mcnn_1.80__moncnn_1.45__MaxEval_102__ProbPAs_0.95__sb_byTime_sbth_3600000__Algo_nsgaii,153,counting_pas,153,8417
simplified-cocome,simplified-cocome__BRF_clone_1.23__moc_1.64__mcnn_1.80__moncnn_1.45__MaxEval_102__ProbPAs_0.95__sb_byTime_sbth_3600000__Algo_nsgaii,153,perfQ,1970
simplified-cocome,simplified-cocome__BRF_clone_1.23__moc_1.64__mcnn_1.80__moncnn_1.45__MaxEval_102__ProbPAs_0.95__sb_byTime_sbth_3600000__Algo_nsgaii,reliability,154
simplified-cocome,simplified-cocome__BRF_clone_1.23__moc_1.64__mcnn_1.80__moncnn_1.45__MaxEval_102__ProbPAs_0.95__sb_byTime_sbth_3600000__Algo_nsgaii,156,uml2lqn,3548
NSGA,simplified-cocome__BRF_clone_1.23__moc_1.64__mcnn_1.80__moncnn_1.45__MaxEval_102__ProbPAs_0.95__sb_byTime_sbth_3600000__Algo_nsgaii,156,invoke_solver,189
NSGA,simplified-cocome__BRF_clone_1.23__moc_1.64__mcnn_1.80__moncnn_1.45__MaxEval_102__ProbPAs_0.95__sb_byTime_sbth_3600000__Algo_nsgaii,156,lqn2uml,1333
NSGA,simplified-cocome__BRF_clone_1.23__moc_1.64__mcnn_1.80__moncnn_1.45__MaxEval_102__ProbPAs_0.95__sb_byTime_sbth_3600000__Algo_nsgaii,156,counting_pas,156,8848
simplified-cocome,simplified-cocome__BRF_clone_1.23__moc_1.64__mcnn_1.80__moncnn_1.45__MaxEval_102__ProbPAs_0.95__sb_byTime_sbth_3600000__Algo_nsgaii,156,perfQ,1643
simplified-cocome,simplified-cocome__BRF_clone_1.23__moc_1.64__mcnn_1.80__moncnn_1.45__MaxEval_102__ProbPAs_0.95__sb_byTime_sbth_3600000__Algo_nsgaii,reliability,218
simplified-cocome,simplified-cocome__BRF_clone_1.23__moc_1.64__mcnn_1.80__moncnn_1.45__MaxEval_102__ProbPAs_0.95__sb_byTime_sbth_3600000__Algo_nsgaii,157,uml2lqn,3315
NSGA,simplified-cocome__BRF_clone_1.23__moc_1.64__mcnn_1.80__moncnn_1.45__MaxEval_102__ProbPAs_0.95__sb_byTime_sbth_3600000__Algo_nsgaii,157,invoke_solver,267
NSGA,simplified-cocome__BRF_clone_1.23__moc_1.64__mcnn_1.80__moncnn_1.45__MaxEval_102__ProbPAs_0.95__sb_byTime_sbth_3600000__Algo_nsgaii,157,lqn2uml,1467
NSGA,simplified-cocome__BRF_clone_1.23__moc_1.64__mcnn_1.80__moncnn_1.45__MaxEval_102__ProbPAs_0.95__sb_byTime_sbth_3600000__Algo_nsgaii,157,counting_pas,157,8995
simplified-cocome,simplified-cocome__BRF_clone_1.23__moc_1.64__mcnn_1.80__moncnn_1.45__MaxEval_102__ProbPAs_0.95__sb_byTime_sbth_3600000__Algo_nsgaii,157,perfQ,1795
simplified-cocome,simplified-cocome__BRF_clone_1.23__moc_1.64__mcnn_1.80__moncnn_1.45__MaxEval_102__ProbPAs_0.95__sb_byTime_sbth_3600000__Algo_nsgaii,reliability,245
simplified-cocome,simplified-cocome__BRF_clone_1.23__moc_1.64__mcnn_1.80__moncnn_1.45__MaxEval_102__ProbPAs_0.95__sb_byTime_sbth_3600000__Algo_nsgaii,160,uml2lqn,4000
NSGA,simplified-cocome__BRF_clone_1.23__moc_1.64__mcnn_1.80__moncnn_1.45__MaxEval_102__ProbPAs_0.95__sb_byTime_sbth_3600000__Algo_nsgaii,160,invoke_solver,176
NSGA,simplified-cocome__BRF_clone_1.23__moc_1.64__mcnn_1.80__moncnn_1.45__MaxEval_102__ProbPAs_0.95__sb_byTime_sbth_3600000__Algo_nsgaii,160,lqn2uml,1848
NSGA,simplified-cocome__BRF_clone_1.23__moc_1.64__mcnn_1.80__moncnn_1.45__MaxEval_102__ProbPAs_0.95__sb_byTime_sbth_3600000__Algo_nsgaii,160,counting_pas,160,8223
simplified-cocome,simplified-cocome__BRF_clone_1.23__moc_1.64__mcnn_1.80__moncnn_1.45__MaxEval_102__ProbPAs_0.95__sb_byTime_sbth_3600000__Algo_nsgaii,160,perfQ,1801
simplified-cocome,simplified-cocome__BRF_clone_1.23__moc_1.64__mcnn_1.80__moncnn_1.45__MaxEval_102__ProbPAs_0.95__sb_byTime_sbth_3600000__Algo_nsgaii,reliability,209
simplified-cocome,simplified-cocome__BRF_clone_1.23__moc_1.64__mcnn_1.80__moncnn_1.45__MaxEval_102__ProbPAs_0.95__sb_byTime_sbth_3600000__Algo_nsgaii,161,uml2lqn,3827
NSGA,simplified-cocome__BRF_clone_1.23__moc_1.64__mcnn_1.80__moncnn_1.45__MaxEval_102__ProbPAs_0.95__sb_byTime_sbth_3600000__Algo_nsgaii,161,invoke_solver,248
NSGA,simplified-cocome__BRF_clone_1.23__moc_1.64__mcnn_1.80__moncnn_1.45__MaxEval_102__ProbPAs_0.95__sb_byTime_sbth_3600000__Algo_nsgaii,161,lqn2uml,2403
NSGA,simplified-cocome__BRF_clone_1.23__moc_1.64__mcnn_1.80__moncnn_1.45__MaxEval_102__ProbPAs_0.95__sb_byTime_sbth_3600000__Algo_nsgaii,161,counting_pas,161,9166
simplified-cocome,simplified-cocome__BRF_clone_1.23__moc_1.64__mcnn_1.80__moncnn_1.45__MaxEval_102__ProbPAs_0.95__sb_byTime_sbth_3600000__Algo_nsgaii,161,perfQ,2543
simplified-cocome,simplified-cocome__BRF_clone_1.23__moc_1.64__mcnn_1.80__moncnn_1.45__MaxEval_102__ProbPAs_0.95__sb_byTime_sbth_3600000__Algo_nsgaii,reliability,166
simplified-cocome,simplified-cocome__BRF_clone_1.23__moc_1.64__mcnn_1.80__moncnn_1.45__MaxEval_102__ProbPAs_0.95__sb_byTime_sbth_3600000__Algo_nsgaii,162,uml2lqn,3592
NSGA,simplified-cocome__BRF_clone_1.23__moc_1.64__mcnn_1.80__moncnn_1.45__MaxEval_102__ProbPAs_0.95__sb_byTime_sbth_3600000__Algo_nsgaii,162,invoke_solver,174
NSGA,simplified-cocome__BRF_clone_1.23__moc_1.64__mcnn_1.80__moncnn_1.45__MaxEval_102__ProbPAs_0.95__sb_byTime_sbth_3600000__Algo_nsgaii,162,lqn2uml,2738
NSGA,simplified-cocome__BRF_clone_1.23__moc_1.64__mcnn_1.80__moncnn_1.45__MaxEval_102__ProbPAs_0.95__sb_byTime_sbth_3600000__Algo_nsgaii,162,counting_pas,162,8499
simplified-cocome,simplified-cocome__BRF_clone_1.23__moc_1.64__mcnn_1.80__moncnn_1.45__MaxEval_102__ProbPAs_0.95__sb_byTime_sbth_3600000__Algo_nsgaii,162,perfQ,1744
simplified-cocome,simplified-cocome__BRF_clone_1.23__moc_1.64__mcnn_1.80__moncnn_1.45__MaxEval_102__ProbPAs_0.95__sb_byTime_sbth_3600000__Algo_nsgaii,reliability,172
simplified-cocome,simplified-cocome__BRF_clone_1.23__moc_1.64__mcnn_1.80__moncnn_1.45__MaxEval_102__ProbPAs_0.95__sb_byTime_sbth_3600000__Algo_nsgaii,163,uml2lqn,3257
NSGA,simplified-cocome__BRF_clone_1.23__moc_1.64__mcnn_1.80__moncnn_1.45__MaxEval_102__ProbPAs_0.95__sb_byTime_sbth_3600000__Algo_nsgaii,163,invoke_solver,222
NSGA,simplified-cocome__BRF_clone_1.23__moc_1.64__mcnn_1.80__moncnn_1.45__MaxEval_102__ProbPAs_0.95__sb_byTime_sbth_3600000__Algo_nsgaii,163,lqn2uml,2189
NSGA,simplified-cocome__BRF_clone_1.23__moc_1.64__mcnn_1.80__moncnn_1.45__MaxEval_102__ProbPAs_0.95__sb_byTime_sbth_3600000__Algo_nsgaii,163,counting_pas,163,8301
simplified-cocome,simplified-cocome__BRF_clone_1.23__moc_1.64__mcnn_1.80__moncnn_1.45__MaxEval_102__ProbPAs_0.95__sb_byTime_sbth_3600000__Algo_nsgaii,163,perfQ,1714
simplified-cocome,simplified-cocome__BRF_clone_1.23__moc_1.64__mcnn_1.80__moncnn_1.45__MaxEval_102__ProbPAs_0.95__sb_byTime_sbth_3600000__Algo_nsgaii,reliability,159
simplified-cocome,simplified-cocome__BRF_clone_1.23__moc_1.64__mcnn_1.80__moncnn_1.45__MaxEval_102__ProbPAs_0.95__sb_byTime_sbth_3600000__Algo_nsgaii,166,uml2lqn,2827
NSGA,simplified-cocome__BRF_clone_1.23__moc_1.64__mcnn_1.80__moncnn_1.45__MaxEval_102__ProbPAs_0.95__sb_byTime_sbth_3600000__Algo_nsgaii,166,invoke_solver,192
NSGA,simplified-cocome__BRF_clone_1.23__moc_1.64__mcnn_1.80__moncnn_1.45__MaxEval_102__ProbPAs_0.95__sb_byTime_sbth_3600000__Algo_nsgaii,166,lqn2uml,1842
NSGA,simplified-cocome__BRF_clone_1.23__moc_1.64__mcnn_1.80__moncnn_1.45__MaxEval_102__ProbPAs_0.95__sb_byTime_sbth_3600000__Algo_nsgaii,166,counting_pas,166,8784
simplified-cocome,simplified-cocome__BRF_clone_1.23__moc_1.64__mcnn_1.80__moncnn_1.45__MaxEval_102__ProbPAs_0.95__sb_byTime_sbth_3600000__Algo_nsgaii,166,perfQ,2171
simplified-cocome,simplified-cocome__BRF_clone_1.23__moc_1.64__mcnn_1.80__moncnn_1.45__MaxEval_102__ProbPAs_0.95__sb_byTime_sbth_3600000__Algo_nsgaii,reliability,159
simplified-cocome,simplified-cocome__BRF_clone_1.23__moc_1.64__mcnn_1.80__moncnn_1.45__MaxEval_102__ProbPAs_0.95__sb_byTime_sbth_3600000__Algo_nsgaii,167,uml2lqn,3516
NSGA,simplified-cocome__BRF_clone_1.23__moc_1.64__mcnn_1.80__moncnn_1.45__MaxEval_102__ProbPAs_0.95__sb_byTime_sbth_3600000__Algo_nsgaii,167,invoke_solver,263
NSGA,simplified-cocome__BRF_clone_1.23__moc_1.64__mcnn_1.80__moncnn_1.45__MaxEval_102__ProbPAs_0.95__sb_byTime_sbth_3600000__Algo_nsgaii,167,lqn2uml,1668
NSGA,simplified-cocome__BRF_clone_1.23__moc_1.64__mcnn_1.80__moncnn_1.45__MaxEval_102__ProbPAs_0.95__sb_byTime_sbth_3600000__Algo_nsgaii,167,counting_pas,167,8753
simplified-cocome,simplified-cocome__BRF_clone_1.23__moc_1.64__mcnn_1.80__moncnn_1.45__MaxEval_102__ProbPAs_0.95__sb_byTime_sbth_3600000__Algo_nsgaii,167,perfQ,1759
simplified-cocome,simplified-cocome__BRF_clone_1.23__moc_1.64__mcnn_1.80__moncnn_1.45__MaxEval_102__ProbPAs_0.95__sb_byTime_sbth_3600000__Algo_nsgaii,reliability,194
simplified-cocome,simplified-cocome__BRF_clone_1.23__moc_1.64__mcnn_1.80__moncnn_1.45__MaxEval_102__ProbPAs_0.95__sb_byTime_sbth_3600000__Algo_nsgaii,168,uml2lqn,3528
NSGA,simplified-cocome__BRF_clone_1.23__moc_1.64__mcnn_1.80__moncnn_1.45__MaxEval_102__ProbPAs_0.95__sb_byTime_sbth_3600000__Algo_nsgaii,168,invoke_solver,316
NSGA,simplified-cocome__BRF_clone_1.23__moc_1.64__mcnn_1.80__moncnn_1.45__MaxEval_102__ProbPAs_0.95__sb_byTime_sbth_3600000__Algo_nsgaii,168,lqn2uml,2515
NSGA,simplified-cocome__BRF_clone_1.23__moc_1.64__mcnn_1.80__moncnn_1.45__MaxEval_102__ProbPAs_0.95__sb_byTime_sbth_3600000__Algo_nsgaii,168,counting_pas,168,7994
simplified-cocome,simplified-cocome__BRF_clone_1.23__moc_1.64__mcnn_1.80__moncnn_1.45__MaxEval_102__ProbPAs_0.95__sb_byTime_sbth_3600000__Algo_nsgaii,168,perfQ,2374
simplified-cocome,simplified-cocome__BRF_clone_1.23__moc_1.64__mcnn_1.80__moncnn_1.45__MaxEval_102__ProbPAs_0.95__sb_byTime_sbth_3600000__Algo_nsgaii,reliability,169
simplified-cocome,simplified-cocome__BRF_clone_1.23__moc_1.64__mcnn_1.80__moncnn_1.45__MaxEval_102__ProbPAs_0.95__sb_byTime_sbth_3600000__Algo_nsgaii,169,uml2lqn,3413
NSGA,simplified-cocome__BRF_clone_1.23__moc_1.64__mcnn_1.80__moncnn_1.45__MaxEval_102__ProbPAs_0.95__sb_byTime_sbth_3600000__Algo_nsgaii,169,invoke_solver,69
NSGA,simplified-cocome__BRF_clone_1.23__moc_1.64__mcnn_1.80__moncnn_1.45__MaxEval_102__ProbPAs_0.95__sb_byTime_sbth_3600000__Algo_nsgaii,169,lqn2uml,2465
NSGA,simplified-cocome__BRF_clone_1.23__moc_1.64__mcnn_1.80__moncnn_1.45__MaxEval_102__ProbPAs_0.95__sb_byTime_sbth_3600000__Algo_nsgaii,169,counting_pas,169,10397
simplified-cocome,simplified-cocome__BRF_clone_1.23__moc_1.64__mcnn_1.80__moncnn_1.45__MaxEval_102__ProbPAs_0.95__sb_byTime_sbth_3600000__Algo_nsgaii,169,perfQ,2336
simplified-cocome,simplified-cocome__BRF_clone_1.23__moc_1.64__mcnn_1.80__moncnn_1.45__MaxEval_102__ProbPAs_0.95__sb_byTime_sbth_3600000__Algo_nsgaii,reliability,180
simplified-cocome,simplified-cocome__BRF_clone_1.23__moc_1.64__mcnn_1.80__moncnn_1.45__MaxEval_102__ProbPAs_0.95__sb_byTime_sbth_3600000__Algo_nsgaii,172,uml2lqn,3696
NSGA,simplified-cocome__BRF_clone_1.23__moc_1.64__mcnn_1.80__moncnn_1.45__MaxEval_102__ProbPAs_0.95__sb_byTime_sbth_3600000__Algo_nsgaii,172,invoke_solver,255
NSGA,simplified-cocome__BRF_clone_1.23__moc_1.64__mcnn_1.80__moncnn_1.45__MaxEval_102__ProbPAs_0.95__sb_byTime_sbth_3600000__Algo_nsgaii,172,lqn2uml,1954
NSGA,simplified-cocome__BRF_clone_1.23__moc_1.64__mcnn_1.80__moncnn_1.45__MaxEval_102__ProbPAs_0.95__sb_byTime_sbth_3600000__Algo_nsgaii,172,counting_pas,172,8745
simplified-cocome,simplified-cocome__BRF_clone_1.23__moc_1.64__mcnn_1.80__moncnn_1.45__MaxEval_102__ProbPAs_0.95__sb_byTime_sbth_3600000__Algo_nsgaii,172,perfQ,1968
simplified-cocome,simplified-cocome__BRF_clone_1.23__moc_1.64__mcnn_1.80__moncnn_1.45__MaxEval_102__ProbPAs_0.95__sb_byTime_sbth_3600000__Algo_nsgaii,reliability,167
simplified-cocome,simplified-cocome__BRF_clone_1.23__moc_1.64__mcnn_1.80__moncnn_1.45__MaxEval_102__ProbPAs_0.95__sb_byTime_sbth_3600000__Algo_nsgaii,173,uml2lqn,2843
NSGA,simplified-cocome__BRF_clone_1.23__moc_1.64__mcnn_1.80__moncnn_1.45__MaxEval_102__ProbPAs_0.95__sb_byTime_sbth_3600000__Algo_nsgaii,173,invoke_solver,263
NSGA,simplified-cocome__BRF_clone_1.23__moc_1.64__mcnn_1.80__moncnn_1.45__MaxEval_102__ProbPAs_0.95__sb_byTime_sbth_3600000__Algo_nsgaii,173,lqn2uml,1579
NSGA,simplified-cocome__BRF_clone_1.23__moc_1.64__mcnn_1.80__moncnn_1.45__MaxEval_102__ProbPAs_0.95__sb_byTime_sbth_3600000__Algo_nsgaii,173,counting_pas,173,7515
simplified-cocome,simplified-cocome__BRF_clone_1.23__moc_1.64__mcnn_1.80__moncnn_1.45__MaxEval_102__ProbPAs_0.95__sb_byTime_sbth_3600000__Algo_nsgaii,173,perfQ,2424
simplified-cocome,simplified-cocome__BRF_clone_1.23__moc_1.64__mcnn_1.80__moncnn_1.45__MaxEval_102__ProbPAs_0.95__sb_byTime_sbth_3600000__Algo_nsgaii,reliability,151
simplified-cocome,simplified-cocome__BRF_clone_1.23__moc_1.64__mcnn_1.80__moncnn_1.45__MaxEval_102__ProbPAs_0.95__sb_byTime_sbth_3600000__Algo_nsgaii,176,uml2lqn,3926
NSGA,simplified-cocome__BRF_clone_1.23__moc_1.64__mcnn_1.80__moncnn_1.45__MaxEval_102__ProbPAs_0.95__sb_byTime_sbth_3600000__Algo_nsgaii,176,invoke_solver,244
NSGA,simplified-cocome__BRF_clone_1.23__moc_1.64__mcnn_1.80__moncnn_1.45__MaxEval_102__ProbPAs_0.95__sb_byTime_sbth_3600000__Algo_nsgaii,176,lqn2uml,2299
NSGA,simplified-cocome__BRF_clone_1.23__moc_1.64__mcnn_1.80__moncnn_1.45__MaxEval_102__ProbPAs_0.95__sb_byTime_sbth_3600000__Algo_nsgaii,176,counting_pas,176,8868
simplified-cocome,simplified-cocome__BRF_clone_1.23__moc_1.64__mcnn_1.80__moncnn_1.45__MaxEval_102__ProbPAs_0.95__sb_byTime_sbth_3600000__Algo_nsgaii,176,perfQ,2338
simplified-cocome,simplified-cocome__BRF_clone_1.23__moc_1.64__mcnn_1.80__moncnn_1.45__MaxEval_102__ProbPAs_0.95__sb_byTime_sbth_3600000__Algo_nsgaii,reliability,170
simplified-cocome,simplified-cocome__BRF_clone_1.23__moc_1.64__mcnn_1.80__moncnn_1.45__MaxEval_102__ProbPAs_0.95__sb_byTime_sbth_3600000__Algo_nsgaii,177,uml2lqn,3816
NSGA,simplified-cocome__BRF_clone_1.23__moc_1.64__mcnn_1.80__moncnn_1.45__MaxEval_102__ProbPAs_0.95__sb_byTime_sbth_3600000__Algo_nsgaii,177,invoke_solver,193
NSGA,simplified-cocome__BRF_clone_1.23__moc_1.64__mcnn_1.80__moncnn_1.45__MaxEval_102__ProbPAs_0.95__sb_byTime_sbth_3600000__Algo_nsgaii,177,lqn2uml,2364
NSGA,simplified-cocome__BRF_clone_1.23__moc_1.64__mcnn_1.80__moncnn_1.45__MaxEval_102__ProbPAs_0.95__sb_byTime_sbth_3600000__Algo_nsgaii,177,counting_pas,177,7617
simplified-cocome,simplified-cocome__BRF_clone_1.23__moc_1.64__mcnn_1.80__moncnn_1.45__MaxEval_102__ProbPAs_0.95__sb_byTime_sbth_3600000__Algo_nsgaii,177,perfQ,1909
simplified-cocome,simplified-cocome__BRF_clone_1.23__moc_1.64__mcnn_1.80__moncnn_1.45__MaxEval_102__ProbPAs_0.95__sb_byTime_sbth_3600000__Algo_nsgaii,reliability,137
simplified-cocome,simplified-cocome__BRF_clone_1.23__moc_1.64__mcnn_1.80__moncnn_1.45__MaxEval_102__ProbPAs_0.95__sb_byTime_sbth_3600000__Algo_nsgaii,180,uml2lqn,3670
NSGA,simplified-cocome__BRF_clone_1.23__moc_1.64__mcnn_1.80__moncnn_1.45__MaxEval_102__ProbPAs_0.95__sb_byTime_sbth_3600000__Algo_nsgaii,180,invoke_solver,276
NSGA,simplified-cocome__BRF_clone_1.23__moc_1.64__mcnn_1.80__moncnn_1.45__MaxEval_102__ProbPAs_0.95__sb_byTime_sbth_3600000__Algo_nsgaii,180,lqn2uml,2369
NSGA,simplified-cocome__BRF_clone_1.23__moc_1.64__mcnn_1.80__moncnn_1.45__MaxEval_102__ProbPAs_0.95__sb_byTime_sbth_3600000__Algo_nsgaii,180,counting_pas,180,7838
simplified-cocome,simplified-cocome__BRF_clone_1.23__moc_1.64__mcnn_1.80__moncnn_1.45__MaxEval_102__ProbPAs_0.95__sb_byTime_sbth_3600000__Algo_nsgaii,180,perfQ,1335
simplified-cocome,simplified-cocome__BRF_clone_1.23__moc_1.64__mcnn_1.80__moncnn_1.45__MaxEval_102__ProbPAs_0.95__sb_byTime_sbth_3600000__Algo_nsgaii,reliability,248
simplified-cocome,simplified-cocome__BRF_clone_1.23__moc_1.64__mcnn_1.80__moncnn_1.45__MaxEval_102__ProbPAs_0.95__sb_byTime_sbth_3600000__Algo_nsgaii,181,uml2lqn,3692
NSGA,simplified-cocome__BRF_clone_1.23__moc_1.64__mcnn_1.80__moncnn_1.45__MaxEval_102__ProbPAs_0.95__sb_byTime_sbth_3600000__Algo_nsgaii,181,invoke_solver,218
NSGA,simplified-cocome__BRF_clone_1.23__moc_1.64__mcnn_1.80__moncnn_1.45__MaxEval_102__ProbPAs_0.95__sb_byTime_sbth_3600000__Algo_nsgaii,181,lqn2uml,1979
NSGA,simplified-cocome__BRF_clone_1.23__moc_1.64__mcnn_1.80__moncnn_1.45__MaxEval_102__ProbPAs_0.95__sb_byTime_sbth_3600000__Algo_nsgaii,181,counting_pas,181,8455
simplified-cocome,simplified-cocome__BRF_clone_1.23__moc_1.64__mcnn_1.80__moncnn_1.45__MaxEval_102__ProbPAs_0.95__sb_byTime_sbth_3600000__Algo_nsgaii,181,perfQ,1546
simplified-cocome,simplified-cocome__BRF_clone_1.23__moc_1.64__mcnn_1.80__moncnn_1.45__MaxEval_102__ProbPAs_0.95__sb_byTime_sbth_3600000__Algo_nsgaii,reliability,141
simplified-cocome,simplified-cocome__BRF_clone_1.23__moc_1.64__mcnn_1.80__moncnn_1.45__MaxEval_102__ProbPAs_0.95__sb_byTime_sbth_3600000__Algo_nsgaii,182,uml2lqn,3149
NSGA,simplified-cocome__BRF_clone_1.23__moc_1.64__mcnn_1.80__moncnn_1.45__MaxEval_102__ProbPAs_0.95__sb_byTime_sbth_3600000__Algo_nsgaii,182,invoke_solver,192
NSGA,simplified-cocome__BRF_clone_1.23__moc_1.64__mcnn_1.80__moncnn_1.45__MaxEval_102__ProbPAs_0.95__sb_byTime_sbth_3600000__Algo_nsgaii,182,lqn2uml,2178
NSGA,simplified-cocome__BRF_clone_1.23__moc_1.64__mcnn_1.80__moncnn_1.45__MaxEval_102__ProbPAs_0.95__sb_byTime_sbth_3600000__Algo_nsgaii,182,counting_pas,182,8610
simplified-cocome,simplified-cocome__BRF_clone_1.23__moc_1.64__mcnn_1.80__moncnn_1.45__MaxEval_102__ProbPAs_0.95__sb_byTime_sbth_3600000__Algo_nsgaii,182,perfQ,2623
simplified-cocome,simplified-cocome__BRF_clone_1.23__moc_1.64__mcnn_1.80__moncnn_1.45__MaxEval_102__ProbPAs_0.95__sb_byTime_sbth_3600000__Algo_nsgaii,reliability,198
simplified-cocome,simplified-cocome__BRF_clone_1.23__moc_1.64__mcnn_1.80__moncnn_1.45__MaxEval_102__ProbPAs_0.95__sb_byTime_sbth_3600000__Algo_nsgaii,183,uml2lqn,2910
NSGA,simplified-cocome__BRF_clone_1.23__moc_1.64__mcnn_1.80__moncnn_1.45__MaxEval_102__ProbPAs_0.95__sb_byTime_sbth_3600000__Algo_nsgaii,183,invoke_solver,170
NSGA,simplified-cocome__BRF_clone_1.23__moc_1.64__mcnn_1.80__moncnn_1.45__MaxEval_102__ProbPAs_0.95__sb_byTime_sbth_3600000__Algo_nsgaii,183,lqn2uml,1519
NSGA,simplified-cocome__BRF_clone_1.23__moc_1.64__mcnn_1.80__moncnn_1.45__MaxEval_102__ProbPAs_0.95__sb_byTime_sbth_3600000__Algo_nsgaii,183,counting_pas,183,8727
simplified-cocome,simplified-cocome__BRF_clone_1.23__moc_1.64__mcnn_1.80__moncnn_1.45__MaxEval_102__ProbPAs_0.95__sb_byTime_sbth_3600000__Algo_nsgaii,183,perfQ,2123
simplified-cocome,simplified-cocome__BRF_clone_1.23__moc_1.64__mcnn_1.80__moncnn_1.45__MaxEval_102__ProbPAs_0.95__sb_byTime_sbth_3600000__Algo_nsgaii,reliability,223
simplified-cocome,simplified-cocome__BRF_clone_1.23__moc_1.64__mcnn_1.80__moncnn_1.45__MaxEval_102__ProbPAs_0.95__sb_byTime_sbth_3600000__Algo_nsgaii,186,uml2lqn,4074
NSGA,simplified-cocome__BRF_clone_1.23__moc_1.64__mcnn_1.80__moncnn_1.45__MaxEval_102__ProbPAs_0.95__sb_byTime_sbth_3600000__Algo_nsgaii,186,invoke_solver,154
NSGA,simplified-cocome__BRF_clone_1.23__moc_1.64__mcnn_1.80__moncnn_1.45__MaxEval_102__ProbPAs_0.95__sb_byTime_sbth_3600000__Algo_nsgaii,186,lqn2uml,1473
NSGA,simplified-cocome__BRF_clone_1.23__moc_1.64__mcnn_1.80__moncnn_1.45__MaxEval_102__ProbPAs_0.95__sb_byTime_sbth_3600000__Algo_nsgaii,186,counting_pas,186,11186
simplified-cocome,simplified-cocome__BRF_clone_1.23__moc_1.64__mcnn_1.80__moncnn_1.45__MaxEval_102__ProbPAs_0.95__sb_byTime_sbth_3600000__Algo_nsgaii,186,perfQ,1879
simplified-cocome,simplified-cocome__BRF_clone_1.23__moc_1.64__mcnn_1.80__moncnn_1.45__MaxEval_102__ProbPAs_0.95__sb_byTime_sbth_3600000__Algo_nsgaii,reliability,201
simplified-cocome,simplified-cocome__BRF_clone_1.23__moc_1.64__mcnn_1.80__moncnn_1.45__MaxEval_102__ProbPAs_0.95__sb_byTime_sbth_3600000__Algo_nsgaii,187,uml2lqn,3423
NSGA,simplified-cocome__BRF_clone_1.23__moc_1.64__mcnn_1.80__moncnn_1.45__MaxEval_102__ProbPAs_0.95__sb_byTime_sbth_3600000__Algo_nsgaii,187,invoke_solver,296
NSGA,simplified-cocome__BRF_clone_1.23__moc_1.64__mcnn_1.80__moncnn_1.45__MaxEval_102__ProbPAs_0.95__sb_byTime_sbth_3600000__Algo_nsgaii,187,lqn2uml,1981
NSGA,simplified-cocome__BRF_clone_1.23__moc_1.64__mcnn_1.80__moncnn_1.45__MaxEval_102__ProbPAs_0.95__sb_byTime_sbth_3600000__Algo_nsgaii,187,counting_pas,187,8365
simplified-cocome,simplified-cocome__BRF_clone_1.23__moc_1.64__mcnn_1.80__moncnn_1.45__MaxEval_102__ProbPAs_0.95__sb_byTime_sbth_3600000__Algo_nsgaii,187,perfQ,1863
simplified-cocome,simplified-cocome__BRF_clone_1.23__moc_1.64__mcnn_1.80__moncnn_1.45__MaxEval_102__ProbPAs_0.95__sb_byTime_sbth_3600000__Algo_nsgaii,reliability,200
simplified-cocome,simplified-cocome__BRF_clone_1.23__moc_1.64__mcnn_1.80__moncnn_1.45__MaxEval_102__ProbPAs_0.95__sb_byTime_sbth_3600000__Algo_nsgaii,190,uml2lqn,4487
NSGA,simplified-cocome__BRF_clone_1.23__moc_1.64__mcnn_1.80__moncnn_1.45__MaxEval_102__ProbPAs_0.95__sb_byTime_sbth_3600000__Algo_nsgaii,190,invoke_solver,297
NSGA,simplified-cocome__BRF_clone_1.23__moc_1.64__mcnn_1.80__moncnn_1.45__MaxEval_102__ProbPAs_0.95__sb_byTime_sbth_3600000__Algo_nsgaii,190,lqn2uml,2371
NSGA,simplified-cocome__BRF_clone_1.23__moc_1.64__mcnn_1.80__moncnn_1.45__MaxEval_102__ProbPAs_0.95__sb_byTime_sbth_3600000__Algo_nsgaii,190,counting_pas,190,8686
simplified-cocome,simplified-cocome__BRF_clone_1.23__moc_1.64__mcnn_1.80__moncnn_1.45__MaxEval_102__ProbPAs_0.95__sb_byTime_sbth_3600000__Algo_nsgaii,190,perfQ,2360
simplified-cocome,simplified-cocome__BRF_clone_1.23__moc_1.64__mcnn_1.80__moncnn_1.45__MaxEval_102__ProbPAs_0.95__sb_byTime_sbth_3600000__Algo_nsgaii,reliability,144
simplified-cocome,simplified-cocome__BRF_clone_1.23__moc_1.64__mcnn_1.80__moncnn_1.45__MaxEval_102__ProbPAs_0.95__sb_byTime_sbth_3600000__Algo_nsgaii,191,uml2lqn,4423
NSGA,simplified-cocome__BRF_clone_1.23__moc_1.64__mcnn_1.80__moncnn_1.45__MaxEval_102__ProbPAs_0.95__sb_byTime_sbth_3600000__Algo_nsgaii,191,invoke_solver,109
NSGA,simplified-cocome__BRF_clone_1.23__moc_1.64__mcnn_1.80__moncnn_1.45__MaxEval_102__ProbPAs_0.95__sb_byTime_sbth_3600000__Algo_nsgaii,191,lqn2uml,2488
NSGA,simplified-cocome__BRF_clone_1.23__moc_1.64__mcnn_1.80__moncnn_1.45__MaxEval_102__ProbPAs_0.95__sb_byTime_sbth_3600000__Algo_nsgaii,191,counting_pas,191,10704
simplified-cocome,simplified-cocome__BRF_clone_1.23__moc_1.64__mcnn_1.80__moncnn_1.45__MaxEval_102__ProbPAs_0.95__sb_byTime_sbth_3600000__Algo_nsgaii,191,perfQ,2362
simplified-cocome,simplified-cocome__BRF_clone_1.23__moc_1.64__mcnn_1.80__moncnn_1.45__MaxEval_102__ProbPAs_0.95__sb_byTime_sbth_3600000__Algo_nsgaii,reliability,200
simplified-cocome,simplified-cocome__BRF_clone_1.23__moc_1.64__mcnn_1.80__moncnn_1.45__MaxEval_102__ProbPAs_0.95__sb_byTime_sbth_3600000__Algo_nsgaii,196,uml2lqn,4443
NSGA,simplified-cocome__BRF_clone_1.23__moc_1.64__mcnn_1.80__moncnn_1.45__MaxEval_102__ProbPAs_0.95__sb_byTime_sbth_3600000__Algo_nsgaii,196,invoke_solver,268
NSGA,simplified-cocome__BRF_clone_1.23__moc_1.64__mcnn_1.80__moncnn_1.45__MaxEval_102__ProbPAs_0.95__sb_byTime_sbth_3600000__Algo_nsgaii,196,lqn2uml,2139
NSGA,simplified-cocome__BRF_clone_1.23__moc_1.64__mcnn_1.80__moncnn_1.45__MaxEval_102__ProbPAs_0.95__sb_byTime_sbth_3600000__Algo_nsgaii,196,counting_pas,196,9151
simplified-cocome,simplified-cocome__BRF_clone_1.23__moc_1.64__mcnn_1.80__moncnn_1.45__MaxEval_102__ProbPAs_0.95__sb_byTime_sbth_3600000__Algo_nsgaii,196,perfQ,1792
simplified-cocome,simplified-cocome__BRF_clone_1.23__moc_1.64__mcnn_1.80__moncnn_1.45__MaxEval_102__ProbPAs_0.95__sb_byTime_sbth_3600000__Algo_nsgaii,reliability,265
simplified-cocome,simplified-cocome__BRF_clone_1.23__moc_1.64__mcnn_1.80__moncnn_1.45__MaxEval_102__ProbPAs_0.95__sb_byTime_sbth_3600000__Algo_nsgaii,197,uml2lqn,3323
NSGA,simplified-cocome__BRF_clone_1.23__moc_1.64__mcnn_1.80__moncnn_1.45__MaxEval_102__ProbPAs_0.95__sb_byTime_sbth_3600000__Algo_nsgaii,197,invoke_solver,256
NSGA,simplified-cocome__BRF_clone_1.23__moc_1.64__mcnn_1.80__moncnn_1.45__MaxEval_102__ProbPAs_0.95__sb_byTime_sbth_3600000__Algo_nsgaii,197,lqn2uml,1448
NSGA,simplified-cocome__BRF_clone_1.23__moc_1.64__mcnn_1.80__moncnn_1.45__MaxEval_102__ProbPAs_0.95__sb_byTime_sbth_3600000__Algo_nsgaii,197,counting_pas,197,8948
simplified-cocome,simplified-cocome__BRF_clone_1.23__moc_1.64__mcnn_1.80__moncnn_1.45__MaxEval_102__ProbPAs_0.95__sb_byTime_sbth_3600000__Algo_nsgaii,197,perfQ,1855
simplified-cocome,simplified-cocome__BRF_clone_1.23__moc_1.64__mcnn_1.80__moncnn_1.45__MaxEval_102__ProbPAs_0.95__sb_byTime_sbth_3600000__Algo_nsgaii,reliability,188
simplified-cocome,simplified-cocome__BRF_clone_1.23__moc_1.64__mcnn_1.80__moncnn_1.45__MaxEval_102__ProbPAs_0.95__sb_byTime_sbth_3600000__Algo_nsgaii,200,uml2lqn,3479
NSGA,simplified-cocome__BRF_clone_1.23__moc_1.64__mcnn_1.80__moncnn_1.45__MaxEval_102__ProbPAs_0.95__sb_byTime_sbth_3600000__Algo_nsgaii,200,invoke_solver,199
NSGA,simplified-cocome__BRF_clone_1.23__moc_1.64__mcnn_1.80__moncnn_1.45__MaxEval_102__ProbPAs_0.95__sb_byTime_sbth_3600000__Algo_nsgaii,200,lqn2uml,2483
NSGA,simplified-cocome__BRF_clone_1.23__moc_1.64__mcnn_1.80__moncnn_1.45__MaxEval_102__ProbPAs_0.95__sb_byTime_sbth_3600000__Algo_nsgaii,200,counting_pas,200,7786
simplified-cocome,simplified-cocome__BRF_clone_1.23__moc_1.64__mcnn_1.80__moncnn_1.45__MaxEval_102__ProbPAs_0.95__sb_byTime_sbth_3600000__Algo_nsgaii,200,perfQ,1811
simplified-cocome,simplified-cocome__BRF_clone_1.23__moc_1.64__mcnn_1.80__moncnn_1.45__MaxEval_102__ProbPAs_0.95__sb_byTime_sbth_3600000__Algo_nsgaii,reliability,176
simplified-cocome,simplified-cocome__BRF_clone_1.23__moc_1.64__mcnn_1.80__moncnn_1.45__MaxEval_102__ProbPAs_0.95__sb_byTime_sbth_3600000__Algo_nsgaii,201,uml2lqn,3616
NSGA,simplified-cocome__BRF_clone_1.23__moc_1.64__mcnn_1.80__moncnn_1.45__MaxEval_102__ProbPAs_0.95__sb_byTime_sbth_3600000__Algo_nsgaii,201,invoke_solver,333
NSGA,simplified-cocome__BRF_clone_1.23__moc_1.64__mcnn_1.80__moncnn_1.45__MaxEval_102__ProbPAs_0.95__sb_byTime_sbth_3600000__Algo_nsgaii,201,lqn2uml,2329
NSGA,simplified-cocome__BRF_clone_1.23__moc_1.64__mcnn_1.80__moncnn_1.45__MaxEval_102__ProbPAs_0.95__sb_byTime_sbth_3600000__Algo_nsgaii,201,counting_pas,201,9077
simplified-cocome,simplified-cocome__BRF_clone_1.23__moc_1.64__mcnn_1.80__moncnn_1.45__MaxEval_102__ProbPAs_0.95__sb_byTime_sbth_3600000__Algo_nsgaii,201,perfQ,1927
simplified-cocome,simplified-cocome__BRF_clone_1.23__moc_1.64__mcnn_1.80__moncnn_1.45__MaxEval_102__ProbPAs_0.95__sb_byTime_sbth_3600000__Algo_nsgaii,reliability,213
simplified-cocome,simplified-cocome__BRF_clone_1.23__moc_1.64__mcnn_1.80__moncnn_1.45__MaxEval_102__ProbPAs_0.95__sb_byTime_sbth_3600000__Algo_nsgaii,202,uml2lqn,3474
NSGA,simplified-cocome__BRF_clone_1.23__moc_1.64__mcnn_1.80__moncnn_1.45__MaxEval_102__ProbPAs_0.95__sb_byTime_sbth_3600000__Algo_nsgaii,202,invoke_solver,341
NSGA,simplified-cocome__BRF_clone_1.23__moc_1.64__mcnn_1.80__moncnn_1.45__MaxEval_102__ProbPAs_0.95__sb_byTime_sbth_3600000__Algo_nsgaii,202,lqn2uml,2146
NSGA,simplified-cocome__BRF_clone_1.23__moc_1.64__mcnn_1.80__moncnn_1.45__MaxEval_102__ProbPAs_0.95__sb_byTime_sbth_3600000__Algo_nsgaii,202,counting_pas,202,9496
simplified-cocome,simplified-cocome__BRF_clone_1.23__moc_1.64__mcnn_1.80__moncnn_1.45__MaxEval_102__ProbPAs_0.95__sb_byTime_sbth_3600000__Algo_nsgaii,202,perfQ,2259
simplified-cocome,simplified-cocome__BRF_clone_1.23__moc_1.64__mcnn_1.80__moncnn_1.45__MaxEval_102__ProbPAs_0.95__sb_byTime_sbth_3600000__Algo_nsgaii,reliability,158
simplified-cocome,simplified-cocome__BRF_clone_1.23__moc_1.64__mcnn_1.80__moncnn_1.45__MaxEval_102__ProbPAs_0.95__sb_byTime_sbth_3600000__Algo_nsgaii,203,uml2lqn,4099
NSGA,simplified-cocome__BRF_clone_1.23__moc_1.64__mcnn_1.80__moncnn_1.45__MaxEval_102__ProbPAs_0.95__sb_byTime_sbth_3600000__Algo_nsgaii,203,invoke_solver,187
NSGA,simplified-cocome__BRF_clone_1.23__moc_1.64__mcnn_1.80__moncnn_1.45__MaxEval_102__ProbPAs_0.95__sb_byTime_sbth_3600000__Algo_nsgaii,203,lqn2uml,2207
NSGA,simplified-cocome__BRF_clone_1.23__moc_1.64__mcnn_1.80__moncnn_1.45__MaxEval_102__ProbPAs_0.95__sb_byTime_sbth_3600000__Algo_nsgaii,203,counting_pas,203,9187
simplified-cocome,simplified-cocome__BRF_clone_1.23__moc_1.64__mcnn_1.80__moncnn_1.45__MaxEval_102__ProbPAs_0.95__sb_byTime_sbth_3600000__Algo_nsgaii,203,perfQ,2827
simplified-cocome,simplified-cocome__BRF_clone_1.23__moc_1.64__mcnn_1.80__moncnn_1.45__MaxEval_102__ProbPAs_0.95__sb_byTime_sbth_3600000__Algo_nsgaii,reliability,230
simplified-cocome,simplified-cocome__BRF_clone_1.23__moc_1.64__mcnn_1.80__moncnn_1.45__MaxEval_102__ProbPAs_0.95__sb_byTime_sbth_3600000__Algo_nsgaii,206,uml2lqn,3166
NSGA,simplified-cocome__BRF_clone_1.23__moc_1.64__mcnn_1.80__moncnn_1.45__MaxEval_102__ProbPAs_0.95__sb_byTime_sbth_3600000__Algo_nsgaii,206,invoke_solver,166
NSGA,simplified-cocome__BRF_clone_1.23__moc_1.64__mcnn_1.80__moncnn_1.45__MaxEval_102__ProbPAs_0.95__sb_byTime_sbth_3600000__Algo_nsgaii,206,lqn2uml,2483
NSGA,simplified-cocome__BRF_clone_1.23__moc_1.64__mcnn_1.80__moncnn_1.45__MaxEval_102__ProbPAs_0.95__sb_byTime_sbth_3600000__Algo_nsgaii,206,counting_pas,206,9345
simplified-cocome,simplified-cocome__BRF_clone_1.23__moc_1.64__mcnn_1.80__moncnn_1.45__MaxEval_102__ProbPAs_0.95__sb_byTime_sbth_3600000__Algo_nsgaii,206,perfQ,2551
simplified-cocome,simplified-cocome__BRF_clone_1.23__moc_1.64__mcnn_1.80__moncnn_1.45__MaxEval_102__ProbPAs_0.95__sb_byTime_sbth_3600000__Algo_nsgaii,reliability,250
simplified-cocome,simplified-cocome__BRF_clone_1.23__moc_1.64__mcnn_1.80__moncnn_1.45__MaxEval_102__ProbPAs_0.95__sb_byTime_sbth_3600000__Algo_nsgaii,207,uml2lqn,3571
NSGA,simplified-cocome__BRF_clone_1.23__moc_1.64__mcnn_1.80__moncnn_1.45__MaxEval_102__ProbPAs_0.95__sb_byTime_sbth_3600000__Algo_nsgaii,207,invoke_solver,219
NSGA,simplified-cocome__BRF_clone_1.23__moc_1.64__mcnn_1.80__moncnn_1.45__MaxEval_102__ProbPAs_0.95__sb_byTime_sbth_3600000__Algo_nsgaii,207,lqn2uml,1843
NSGA,simplified-cocome__BRF_clone_1.23__moc_1.64__mcnn_1.80__moncnn_1.45__MaxEval_102__ProbPAs_0.95__sb_byTime_sbth_3600000__Algo_nsgaii,207,counting_pas,207,8677
simplified-cocome,simplified-cocome__BRF_clone_1.23__moc_1.64__mcnn_1.80__moncnn_1.45__MaxEval_102__ProbPAs_0.95__sb_byTime_sbth_3600000__Algo_nsgaii,207,perfQ,2133
simplified-cocome,simplified-cocome__BRF_clone_1.23__moc_1.64__mcnn_1.80__moncnn_1.45__MaxEval_102__ProbPAs_0.95__sb_byTime_sbth_3600000__Algo_nsgaii,reliability,140
simplified-cocome,simplified-cocome__BRF_clone_1.23__moc_1.64__mcnn_1.80__moncnn_1.45__MaxEval_102__ProbPAs_0.95__sb_byTime_sbth_3600000__Algo_nsgaii,210,uml2lqn,3720
NSGA,simplified-cocome__BRF_clone_1.23__moc_1.64__mcnn_1.80__moncnn_1.45__MaxEval_102__ProbPAs_0.95__sb_byTime_sbth_3600000__Algo_nsgaii,210,invoke_solver,228
NSGA,simplified-cocome__BRF_clone_1.23__moc_1.64__mcnn_1.80__moncnn_1.45__MaxEval_102__ProbPAs_0.95__sb_byTime_sbth_3600000__Algo_nsgaii,210,lqn2uml,2187
NSGA,simplified-cocome__BRF_clone_1.23__moc_1.64__mcnn_1.80__moncnn_1.45__MaxEval_102__ProbPAs_0.95__sb_byTime_sbth_3600000__Algo_nsgaii,210,counting_pas,210,9416
simplified-cocome,simplified-cocome__BRF_clone_1.23__moc_1.64__mcnn_1.80__moncnn_1.45__MaxEval_102__ProbPAs_0.95__sb_byTime_sbth_3600000__Algo_nsgaii,210,perfQ,2371
simplified-cocome,simplified-cocome__BRF_clone_1.23__moc_1.64__mcnn_1.80__moncnn_1.45__MaxEval_102__ProbPAs_0.95__sb_byTime_sbth_3600000__Algo_nsgaii,reliability,192
simplified-cocome,simplified-cocome__BRF_clone_1.23__moc_1.64__mcnn_1.80__moncnn_1.45__MaxEval_102__ProbPAs_0.95__sb_byTime_sbth_3600000__Algo_nsgaii,211,uml2lqn,4112
NSGA,simplified-cocome__BRF_clone_1.23__moc_1.64__mcnn_1.80__moncnn_1.45__MaxEval_102__ProbPAs_0.95__sb_byTime_sbth_3600000__Algo_nsgaii,211,invoke_solver,198
NSGA,simplified-cocome__BRF_clone_1.23__moc_1.64__mcnn_1.80__moncnn_1.45__MaxEval_102__ProbPAs_0.95__sb_byTime_sbth_3600000__Algo_nsgaii,211,lqn2uml,2128
NSGA,simplified-cocome__BRF_clone_1.23__moc_1.64__mcnn_1.80__moncnn_1.45__MaxEval_102__ProbPAs_0.95__sb_byTime_sbth_3600000__Algo_nsgaii,211,counting_pas,211,9202
simplified-cocome,simplified-cocome__BRF_clone_1.23__moc_1.64__mcnn_1.80__moncnn_1.45__MaxEval_102__ProbPAs_0.95__sb_byTime_sbth_3600000__Algo_nsgaii,211,perfQ,2914
simplified-cocome,simplified-cocome__BRF_clone_1.23__moc_1.64__mcnn_1.80__moncnn_1.45__MaxEval_102__ProbPAs_0.95__sb_byTime_sbth_3600000__Algo_nsgaii,reliability,222
simplified-cocome,simplified-cocome__BRF_clone_1.23__moc_1.64__mcnn_1.80__moncnn_1.45__MaxEval_102__ProbPAs_0.95__sb_byTime_sbth_3600000__Algo_nsgaii,214,uml2lqn,4065
NSGA,simplified-cocome__BRF_clone_1.23__moc_1.64__mcnn_1.80__moncnn_1.45__MaxEval_102__ProbPAs_0.95__sb_byTime_sbth_3600000__Algo_nsgaii,214,invoke_solver,246
NSGA,simplified-cocome__BRF_clone_1.23__moc_1.64__mcnn_1.80__moncnn_1.45__MaxEval_102__ProbPAs_0.95__sb_byTime_sbth_3600000__Algo_nsgaii,214,lqn2uml,2567
NSGA,simplified-cocome__BRF_clone_1.23__moc_1.64__mcnn_1.80__moncnn_1.45__MaxEval_102__ProbPAs_0.95__sb_byTime_sbth_3600000__Algo_nsgaii,214,counting_pas,214,9706
simplified-cocome,simplified-cocome__BRF_clone_1.23__moc_1.64__mcnn_1.80__moncnn_1.45__MaxEval_102__ProbPAs_0.95__sb_byTime_sbth_3600000__Algo_nsgaii,214,perfQ,2115
simplified-cocome,simplified-cocome__BRF_clone_1.23__moc_1.64__mcnn_1.80__moncnn_1.45__MaxEval_102__ProbPAs_0.95__sb_byTime_sbth_3600000__Algo_nsgaii,reliability,165
simplified-cocome,simplified-cocome__BRF_clone_1.23__moc_1.64__mcnn_1.80__moncnn_1.45__MaxEval_102__ProbPAs_0.95__sb_byTime_sbth_3600000__Algo_nsgaii,215,uml2lqn,4610
NSGA,simplified-cocome__BRF_clone_1.23__moc_1.64__mcnn_1.80__moncnn_1.45__MaxEval_102__ProbPAs_0.95__sb_byTime_sbth_3600000__Algo_nsgaii,215,invoke_solver,197
NSGA,simplified-cocome__BRF_clone_1.23__moc_1.64__mcnn_1.80__moncnn_1.45__MaxEval_102__ProbPAs_0.95__sb_byTime_sbth_3600000__Algo_nsgaii,215,lqn2uml,2302
NSGA,simplified-cocome__BRF_clone_1.23__moc_1.64__mcnn_1.80__moncnn_1.45__MaxEval_102__ProbPAs_0.95__sb_byTime_sbth_3600000__Algo_nsgaii,215,counting_pas,215,8823
simplified-cocome,simplified-cocome__BRF_clone_1.23__moc_1.64__mcnn_1.80__moncnn_1.45__MaxEval_102__ProbPAs_0.95__sb_byTime_sbth_3600000__Algo_nsgaii,215,perfQ,2615
simplified-cocome,simplified-cocome__BRF_clone_1.23__moc_1.64__mcnn_1.80__moncnn_1.45__MaxEval_102__ProbPAs_0.95__sb_byTime_sbth_3600000__Algo_nsgaii,reliability,248
simplified-cocome,simplified-cocome__BRF_clone_1.23__moc_1.64__mcnn_1.80__moncnn_1.45__MaxEval_102__ProbPAs_0.95__sb_byTime_sbth_3600000__Algo_nsgaii,218,uml2lqn,4297
NSGA,simplified-cocome__BRF_clone_1.23__moc_1.64__mcnn_1.80__moncnn_1.45__MaxEval_102__ProbPAs_0.95__sb_byTime_sbth_3600000__Algo_nsgaii,218,invoke_solver,345
NSGA,simplified-cocome__BRF_clone_1.23__moc_1.64__mcnn_1.80__moncnn_1.45__MaxEval_102__ProbPAs_0.95__sb_byTime_sbth_3600000__Algo_nsgaii,218,lqn2uml,2218
NSGA,simplified-cocome__BRF_clone_1.23__moc_1.64__mcnn_1.80__moncnn_1.45__MaxEval_102__ProbPAs_0.95__sb_byTime_sbth_3600000__Algo_nsgaii,218,counting_pas,218,8776
simplified-cocome,simplified-cocome__BRF_clone_1.23__moc_1.64__mcnn_1.80__moncnn_1.45__MaxEval_102__ProbPAs_0.95__sb_byTime_sbth_3600000__Algo_nsgaii,218,perfQ,1804
simplified-cocome,simplified-cocome__BRF_clone_1.23__moc_1.64__mcnn_1.80__moncnn_1.45__MaxEval_102__ProbPAs_0.95__sb_byTime_sbth_3600000__Algo_nsgaii,reliability,175
simplified-cocome,simplified-cocome__BRF_clone_1.23__moc_1.64__mcnn_1.80__moncnn_1.45__MaxEval_102__ProbPAs_0.95__sb_byTime_sbth_3600000__Algo_nsgaii,219,uml2lqn,2897
NSGA,simplified-cocome__BRF_clone_1.23__moc_1.64__mcnn_1.80__moncnn_1.45__MaxEval_102__ProbPAs_0.95__sb_byTime_sbth_3600000__Algo_nsgaii,219,invoke_solver,158
NSGA,simplified-cocome__BRF_clone_1.23__moc_1.64__mcnn_1.80__moncnn_1.45__MaxEval_102__ProbPAs_0.95__sb_byTime_sbth_3600000__Algo_nsgaii,219,lqn2uml,2048
NSGA,simplified-cocome__BRF_clone_1.23__moc_1.64__mcnn_1.80__moncnn_1.45__MaxEval_102__ProbPAs_0.95__sb_byTime_sbth_3600000__Algo_nsgaii,219,counting_pas,219,8496
simplified-cocome,simplified-cocome__BRF_clone_1.23__moc_1.64__mcnn_1.80__moncnn_1.45__MaxEval_102__ProbPAs_0.95__sb_byTime_sbth_3600000__Algo_nsgaii,219,perfQ,2164
simplified-cocome,simplified-cocome__BRF_clone_1.23__moc_1.64__mcnn_1.80__moncnn_1.45__MaxEval_102__ProbPAs_0.95__sb_byTime_sbth_3600000__Algo_nsgaii,reliability,178
simplified-cocome,simplified-cocome__BRF_clone_1.23__moc_1.64__mcnn_1.80__moncnn_1.45__MaxEval_102__ProbPAs_0.95__sb_byTime_sbth_3600000__Algo_nsgaii,222,uml2lqn,3755
NSGA,simplified-cocome__BRF_clone_1.23__moc_1.64__mcnn_1.80__moncnn_1.45__MaxEval_102__ProbPAs_0.95__sb_byTime_sbth_3600000__Algo_nsgaii,222,invoke_solver,184
NSGA,simplified-cocome__BRF_clone_1.23__moc_1.64__mcnn_1.80__moncnn_1.45__MaxEval_102__ProbPAs_0.95__sb_byTime_sbth_3600000__Algo_nsgaii,222,lqn2uml,1371
NSGA,simplified-cocome__BRF_clone_1.23__moc_1.64__mcnn_1.80__moncnn_1.45__MaxEval_102__ProbPAs_0.95__sb_byTime_sbth_3600000__Algo_nsgaii,222,counting_pas,222,7414
simplified-cocome,simplified-cocome__BRF_clone_1.23__moc_1.64__mcnn_1.80__moncnn_1.45__MaxEval_102__ProbPAs_0.95__sb_byTime_sbth_3600000__Algo_nsgaii,222,perfQ,2549
simplified-cocome,simplified-cocome__BRF_clone_1.23__moc_1.64__mcnn_1.80__moncnn_1.45__MaxEval_102__ProbPAs_0.95__sb_byTime_sbth_3600000__Algo_nsgaii,reliability,223
simplified-cocome,simplified-cocome__BRF_clone_1.23__moc_1.64__mcnn_1.80__moncnn_1.45__MaxEval_102__ProbPAs_0.95__sb_byTime_sbth_3600000__Algo_nsgaii,223,uml2lqn,4507
NSGA,simplified-cocome__BRF_clone_1.23__moc_1.64__mcnn_1.80__moncnn_1.45__MaxEval_102__ProbPAs_0.95__sb_byTime_sbth_3600000__Algo_nsgaii,223,invoke_solver,177
NSGA,simplified-cocome__BRF_clone_1.23__moc_1.64__mcnn_1.80__moncnn_1.45__MaxEval_102__ProbPAs_0.95__sb_byTime_sbth_3600000__Algo_nsgaii,223,lqn2uml,2270
NSGA,simplified-cocome__BRF_clone_1.23__moc_1.64__mcnn_1.80__moncnn_1.45__MaxEval_102__ProbPAs_0.95__sb_byTime_sbth_3600000__Algo_nsgaii,223,counting_pas,223,8175
simplified-cocome,simplified-cocome__BRF_clone_1.23__moc_1.64__mcnn_1.80__moncnn_1.45__MaxEval_102__ProbPAs_0.95__sb_byTime_sbth_3600000__Algo_nsgaii,223,perfQ,3482
simplified-cocome,simplified-cocome__BRF_clone_1.23__moc_1.64__mcnn_1.80__moncnn_1.45__MaxEval_102__ProbPAs_0.95__sb_byTime_sbth_3600000__Algo_nsgaii,reliability,215
simplified-cocome,simplified-cocome__BRF_clone_1.23__moc_1.64__mcnn_1.80__moncnn_1.45__MaxEval_102__ProbPAs_0.95__sb_byTime_sbth_3600000__Algo_nsgaii,224,uml2lqn,4617
NSGA,simplified-cocome__BRF_clone_1.23__moc_1.64__mcnn_1.80__moncnn_1.45__MaxEval_102__ProbPAs_0.95__sb_byTime_sbth_3600000__Algo_nsgaii,224,invoke_solver,262
NSGA,simplified-cocome__BRF_clone_1.23__moc_1.64__mcnn_1.80__moncnn_1.45__MaxEval_102__ProbPAs_0.95__sb_byTime_sbth_3600000__Algo_nsgaii,224,lqn2uml,2221
NSGA,simplified-cocome__BRF_clone_1.23__moc_1.64__mcnn_1.80__moncnn_1.45__MaxEval_102__ProbPAs_0.95__sb_byTime_sbth_3600000__Algo_nsgaii,224,counting_pas,224,9057
simplified-cocome,simplified-cocome__BRF_clone_1.23__moc_1.64__mcnn_1.80__moncnn_1.45__MaxEval_102__ProbPAs_0.95__sb_byTime_sbth_3600000__Algo_nsgaii,224,perfQ,2906
simplified-cocome,simplified-cocome__BRF_clone_1.23__moc_1.64__mcnn_1.80__moncnn_1.45__MaxEval_102__ProbPAs_0.95__sb_byTime_sbth_3600000__Algo_nsgaii,reliability,227
simplified-cocome,simplified-cocome__BRF_clone_1.23__moc_1.64__mcnn_1.80__moncnn_1.45__MaxEval_102__ProbPAs_0.95__sb_byTime_sbth_3600000__Algo_nsgaii,225,uml2lqn,3277
NSGA,simplified-cocome__BRF_clone_1.23__moc_1.64__mcnn_1.80__moncnn_1.45__MaxEval_102__ProbPAs_0.95__sb_byTime_sbth_3600000__Algo_nsgaii,225,invoke_solver,299
NSGA,simplified-cocome__BRF_clone_1.23__moc_1.64__mcnn_1.80__moncnn_1.45__MaxEval_102__ProbPAs_0.95__sb_byTime_sbth_3600000__Algo_nsgaii,225,lqn2uml,2091
NSGA,simplified-cocome__BRF_clone_1.23__moc_1.64__mcnn_1.80__moncnn_1.45__MaxEval_102__ProbPAs_0.95__sb_byTime_sbth_3600000__Algo_nsgaii,225,counting_pas,225,8499
simplified-cocome,simplified-cocome__BRF_clone_1.23__moc_1.64__mcnn_1.80__moncnn_1.45__MaxEval_102__ProbPAs_0.95__sb_byTime_sbth_3600000__Algo_nsgaii,225,perfQ,2432
simplified-cocome,simplified-cocome__BRF_clone_1.23__moc_1.64__mcnn_1.80__moncnn_1.45__MaxEval_102__ProbPAs_0.95__sb_byTime_sbth_3600000__Algo_nsgaii,reliability,182
simplified-cocome,simplified-cocome__BRF_clone_1.23__moc_1.64__mcnn_1.80__moncnn_1.45__MaxEval_102__ProbPAs_0.95__sb_byTime_sbth_3600000__Algo_nsgaii,226,uml2lqn,4290
NSGA,simplified-cocome__BRF_clone_1.23__moc_1.64__mcnn_1.80__moncnn_1.45__MaxEval_102__ProbPAs_0.95__sb_byTime_sbth_3600000__Algo_nsgaii,226,invoke_solver,210
NSGA,simplified-cocome__BRF_clone_1.23__moc_1.64__mcnn_1.80__moncnn_1.45__MaxEval_102__ProbPAs_0.95__sb_byTime_sbth_3600000__Algo_nsgaii,226,lqn2uml,1684
NSGA,simplified-cocome__BRF_clone_1.23__moc_1.64__mcnn_1.80__moncnn_1.45__MaxEval_102__ProbPAs_0.95__sb_byTime_sbth_3600000__Algo_nsgaii,226,counting_pas,226,9090
simplified-cocome,simplified-cocome__BRF_clone_1.23__moc_1.64__mcnn_1.80__moncnn_1.45__MaxEval_102__ProbPAs_0.95__sb_byTime_sbth_3600000__Algo_nsgaii,226,perfQ,2645
simplified-cocome,simplified-cocome__BRF_clone_1.23__moc_1.64__mcnn_1.80__moncnn_1.45__MaxEval_102__ProbPAs_0.95__sb_byTime_sbth_3600000__Algo_nsgaii,reliability,164
simplified-cocome,simplified-cocome__BRF_clone_1.23__moc_1.64__mcnn_1.80__moncnn_1.45__MaxEval_102__ProbPAs_0.95__sb_byTime_sbth_3600000__Algo_nsgaii,227,uml2lqn,4047
NSGA,simplified-cocome__BRF_clone_1.23__moc_1.64__mcnn_1.80__moncnn_1.45__MaxEval_102__ProbPAs_0.95__sb_byTime_sbth_3600000__Algo_nsgaii,227,invoke_solver,213
NSGA,simplified-cocome__BRF_clone_1.23__moc_1.64__mcnn_1.80__moncnn_1.45__MaxEval_102__ProbPAs_0.95__sb_byTime_sbth_3600000__Algo_nsgaii,227,lqn2uml,1798
NSGA,simplified-cocome__BRF_clone_1.23__moc_1.64__mcnn_1.80__moncnn_1.45__MaxEval_102__ProbPAs_0.95__sb_byTime_sbth_3600000__Algo_nsgaii,227,counting_pas,227,8647
simplified-cocome,simplified-cocome__BRF_clone_1.23__moc_1.64__mcnn_1.80__moncnn_1.45__MaxEval_102__ProbPAs_0.95__sb_byTime_sbth_3600000__Algo_nsgaii,227,perfQ,2889
simplified-cocome,simplified-cocome__BRF_clone_1.23__moc_1.64__mcnn_1.80__moncnn_1.45__MaxEval_102__ProbPAs_0.95__sb_byTime_sbth_3600000__Algo_nsgaii,reliability,165
simplified-cocome,simplified-cocome__BRF_clone_1.23__moc_1.64__mcnn_1.80__moncnn_1.45__MaxEval_102__ProbPAs_0.95__sb_byTime_sbth_3600000__Algo_nsgaii,230,uml2lqn,4011
NSGA,simplified-cocome__BRF_clone_1.23__moc_1.64__mcnn_1.80__moncnn_1.45__MaxEval_102__ProbPAs_0.95__sb_byTime_sbth_3600000__Algo_nsgaii,230,invoke_solver,267
NSGA,simplified-cocome__BRF_clone_1.23__moc_1.64__mcnn_1.80__moncnn_1.45__MaxEval_102__ProbPAs_0.95__sb_byTime_sbth_3600000__Algo_nsgaii,230,lqn2uml,2508
NSGA,simplified-cocome__BRF_clone_1.23__moc_1.64__mcnn_1.80__moncnn_1.45__MaxEval_102__ProbPAs_0.95__sb_byTime_sbth_3600000__Algo_nsgaii,230,counting_pas,230,8318
simplified-cocome,simplified-cocome__BRF_clone_1.23__moc_1.64__mcnn_1.80__moncnn_1.45__MaxEval_102__ProbPAs_0.95__sb_byTime_sbth_3600000__Algo_nsgaii,230,perfQ,3055
simplified-cocome,simplified-cocome__BRF_clone_1.23__moc_1.64__mcnn_1.80__moncnn_1.45__MaxEval_102__ProbPAs_0.95__sb_byTime_sbth_3600000__Algo_nsgaii,reliability,218
simplified-cocome,simplified-cocome__BRF_clone_1.23__moc_1.64__mcnn_1.80__moncnn_1.45__MaxEval_102__ProbPAs_0.95__sb_byTime_sbth_3600000__Algo_nsgaii,231,uml2lqn,3846
NSGA,simplified-cocome__BRF_clone_1.23__moc_1.64__mcnn_1.80__moncnn_1.45__MaxEval_102__ProbPAs_0.95__sb_byTime_sbth_3600000__Algo_nsgaii,231,invoke_solver,226
NSGA,simplified-cocome__BRF_clone_1.23__moc_1.64__mcnn_1.80__moncnn_1.45__MaxEval_102__ProbPAs_0.95__sb_byTime_sbth_3600000__Algo_nsgaii,231,lqn2uml,2284
NSGA,simplified-cocome__BRF_clone_1.23__moc_1.64__mcnn_1.80__moncnn_1.45__MaxEval_102__ProbPAs_0.95__sb_byTime_sbth_3600000__Algo_nsgaii,231,counting_pas,231,8917
simplified-cocome,simplified-cocome__BRF_clone_1.23__moc_1.64__mcnn_1.80__moncnn_1.45__MaxEval_102__ProbPAs_0.95__sb_byTime_sbth_3600000__Algo_nsgaii,231,perfQ,2567
simplified-cocome,simplified-cocome__BRF_clone_1.23__moc_1.64__mcnn_1.80__moncnn_1.45__MaxEval_102__ProbPAs_0.95__sb_byTime_sbth_3600000__Algo_nsgaii,reliability,209
simplified-cocome,simplified-cocome__BRF_clone_1.23__moc_1.64__mcnn_1.80__moncnn_1.45__MaxEval_102__ProbPAs_0.95__sb_byTime_sbth_3600000__Algo_nsgaii,234,uml2lqn,3166
NSGA,simplified-cocome__BRF_clone_1.23__moc_1.64__mcnn_1.80__moncnn_1.45__MaxEval_102__ProbPAs_0.95__sb_byTime_sbth_3600000__Algo_nsgaii,234,invoke_solver,236
NSGA,simplified-cocome__BRF_clone_1.23__moc_1.64__mcnn_1.80__moncnn_1.45__MaxEval_102__ProbPAs_0.95__sb_byTime_sbth_3600000__Algo_nsgaii,234,lqn2uml,1998
NSGA,simplified-cocome__BRF_clone_1.23__moc_1.64__mcnn_1.80__moncnn_1.45__MaxEval_102__ProbPAs_0.95__sb_byTime_sbth_3600000__Algo_nsgaii,234,counting_pas,234,8336
simplified-cocome,simplified-cocome__BRF_clone_1.23__moc_1.64__mcnn_1.80__moncnn_1.45__MaxEval_102__ProbPAs_0.95__sb_byTime_sbth_3600000__Algo_nsgaii,234,perfQ,2189
simplified-cocome,simplified-cocome__BRF_clone_1.23__moc_1.64__mcnn_1.80__moncnn_1.45__MaxEval_102__ProbPAs_0.95__sb_byTime_sbth_3600000__Algo_nsgaii,reliability,237
simplified-cocome,simplified-cocome__BRF_clone_1.23__moc_1.64__mcnn_1.80__moncnn_1.45__MaxEval_102__ProbPAs_0.95__sb_byTime_sbth_3600000__Algo_nsgaii,235,uml2lqn,5407
NSGA,simplified-cocome__BRF_clone_1.23__moc_1.64__mcnn_1.80__moncnn_1.45__MaxEval_102__ProbPAs_0.95__sb_byTime_sbth_3600000__Algo_nsgaii,235,invoke_solver,64
NSGA,simplified-cocome__BRF_clone_1.23__moc_1.64__mcnn_1.80__moncnn_1.45__MaxEval_102__ProbPAs_0.95__sb_byTime_sbth_3600000__Algo_nsgaii,235,lqn2uml,3067
NSGA,simplified-cocome__BRF_clone_1.23__moc_1.64__mcnn_1.80__moncnn_1.45__MaxEval_102__ProbPAs_0.95__sb_byTime_sbth_3600000__Algo_nsgaii,235,counting_pas,235,10927
simplified-cocome,simplified-cocome__BRF_clone_1.23__moc_1.64__mcnn_1.80__moncnn_1.45__MaxEval_102__ProbPAs_0.95__sb_byTime_sbth_3600000__Algo_nsgaii,235,perfQ,2544
simplified-cocome,simplified-cocome__BRF_clone_1.23__moc_1.64__mcnn_1.80__moncnn_1.45__MaxEval_102__ProbPAs_0.95__sb_byTime_sbth_3600000__Algo_nsgaii,reliability,168
simplified-cocome,simplified-cocome__BRF_clone_1.23__moc_1.64__mcnn_1.80__moncnn_1.45__MaxEval_102__ProbPAs_0.95__sb_byTime_sbth_3600000__Algo_nsgaii,238,uml2lqn,4432
NSGA,simplified-cocome__BRF_clone_1.23__moc_1.64__mcnn_1.80__moncnn_1.45__MaxEval_102__ProbPAs_0.95__sb_byTime_sbth_3600000__Algo_nsgaii,238,invoke_solver,168
NSGA,simplified-cocome__BRF_clone_1.23__moc_1.64__mcnn_1.80__moncnn_1.45__MaxEval_102__ProbPAs_0.95__sb_byTime_sbth_3600000__Algo_nsgaii,238,lqn2uml,1952
NSGA,simplified-cocome__BRF_clone_1.23__moc_1.64__mcnn_1.80__moncnn_1.45__MaxEval_102__ProbPAs_0.95__sb_byTime_sbth_3600000__Algo_nsgaii,238,counting_pas,238,8281
simplified-cocome,simplified-cocome__BRF_clone_1.23__moc_1.64__mcnn_1.80__moncnn_1.45__MaxEval_102__ProbPAs_0.95__sb_byTime_sbth_3600000__Algo_nsgaii,238,perfQ,2332
simplified-cocome,simplified-cocome__BRF_clone_1.23__moc_1.64__mcnn_1.80__moncnn_1.45__MaxEval_102__ProbPAs_0.95__sb_byTime_sbth_3600000__Algo_nsgaii,reliability,180
simplified-cocome,simplified-cocome__BRF_clone_1.23__moc_1.64__mcnn_1.80__moncnn_1.45__MaxEval_102__ProbPAs_0.95__sb_byTime_sbth_3600000__Algo_nsgaii,239,uml2lqn,4118
NSGA,simplified-cocome__BRF_clone_1.23__moc_1.64__mcnn_1.80__moncnn_1.45__MaxEval_102__ProbPAs_0.95__sb_byTime_sbth_3600000__Algo_nsgaii,239,invoke_solver,177
NSGA,simplified-cocome__BRF_clone_1.23__moc_1.64__mcnn_1.80__moncnn_1.45__MaxEval_102__ProbPAs_0.95__sb_byTime_sbth_3600000__Algo_nsgaii,239,lqn2uml,2893
NSGA,simplified-cocome__BRF_clone_1.23__moc_1.64__mcnn_1.80__moncnn_1.45__MaxEval_102__ProbPAs_0.95__sb_byTime_sbth_3600000__Algo_nsgaii,239,counting_pas,239,8721
simplified-cocome,simplified-cocome__BRF_clone_1.23__moc_1.64__mcnn_1.80__moncnn_1.45__MaxEval_102__ProbPAs_0.95__sb_byTime_sbth_3600000__Algo_nsgaii,239,perfQ,3219
simplified-cocome,simplified-cocome__BRF_clone_1.23__moc_1.64__mcnn_1.80__moncnn_1.45__MaxEval_102__ProbPAs_0.95__sb_byTime_sbth_3600000__Algo_nsgaii,reliability,189
simplified-cocome,simplified-cocome__BRF_clone_1.23__moc_1.64__mcnn_1.80__moncnn_1.45__MaxEval_102__ProbPAs_0.95__sb_byTime_sbth_3600000__Algo_nsgaii,242,uml2lqn,3688
NSGA,simplified-cocome__BRF_clone_1.23__moc_1.64__mcnn_1.80__moncnn_1.45__MaxEval_102__ProbPAs_0.95__sb_byTime_sbth_3600000__Algo_nsgaii,242,invoke_solver,217
NSGA,simplified-cocome__BRF_clone_1.23__moc_1.64__mcnn_1.80__moncnn_1.45__MaxEval_102__ProbPAs_0.95__sb_byTime_sbth_3600000__Algo_nsgaii,242,lqn2uml,2094
NSGA,simplified-cocome__BRF_clone_1.23__moc_1.64__mcnn_1.80__moncnn_1.45__MaxEval_102__ProbPAs_0.95__sb_byTime_sbth_3600000__Algo_nsgaii,242,counting_pas,242,8936
simplified-cocome,simplified-cocome__BRF_clone_1.23__moc_1.64__mcnn_1.80__moncnn_1.45__MaxEval_102__ProbPAs_0.95__sb_byTime_sbth_3600000__Algo_nsgaii,242,perfQ,2904
simplified-cocome,simplified-cocome__BRF_clone_1.23__moc_1.64__mcnn_1.80__moncnn_1.45__MaxEval_102__ProbPAs_0.95__sb_byTime_sbth_3600000__Algo_nsgaii,reliability,175
simplified-cocome,simplified-cocome__BRF_clone_1.23__moc_1.64__mcnn_1.80__moncnn_1.45__MaxEval_102__ProbPAs_0.95__sb_byTime_sbth_3600000__Algo_nsgaii,243,uml2lqn,3817
NSGA,simplified-cocome__BRF_clone_1.23__moc_1.64__mcnn_1.80__moncnn_1.45__MaxEval_102__ProbPAs_0.95__sb_byTime_sbth_3600000__Algo_nsgaii,243,invoke_solver,154
NSGA,simplified-cocome__BRF_clone_1.23__moc_1.64__mcnn_1.80__moncnn_1.45__MaxEval_102__ProbPAs_0.95__sb_byTime_sbth_3600000__Algo_nsgaii,243,lqn2uml,2272
NSGA,simplified-cocome__BRF_clone_1.23__moc_1.64__mcnn_1.80__moncnn_1.45__MaxEval_102__ProbPAs_0.95__sb_byTime_sbth_3600000__Algo_nsgaii,243,counting_pas,243,8917
simplified-cocome,simplified-cocome__BRF_clone_1.23__moc_1.64__mcnn_1.80__moncnn_1.45__MaxEval_102__ProbPAs_0.95__sb_byTime_sbth_3600000__Algo_nsgaii,243,perfQ,2797
simplified-cocome,simplified-cocome__BRF_clone_1.23__moc_1.64__mcnn_1.80__moncnn_1.45__MaxEval_102__ProbPAs_0.95__sb_byTime_sbth_3600000__Algo_nsgaii,reliability,195
simplified-cocome,simplified-cocome__BRF_clone_1.23__moc_1.64__mcnn_1.80__moncnn_1.45__MaxEval_102__ProbPAs_0.95__sb_byTime_sbth_3600000__Algo_nsgaii,248,uml2lqn,4591
NSGA,simplified-cocome__BRF_clone_1.23__moc_1.64__mcnn_1.80__moncnn_1.45__MaxEval_102__ProbPAs_0.95__sb_byTime_sbth_3600000__Algo_nsgaii,248,invoke_solver,333
NSGA,simplified-cocome__BRF_clone_1.23__moc_1.64__mcnn_1.80__moncnn_1.45__MaxEval_102__ProbPAs_0.95__sb_byTime_sbth_3600000__Algo_nsgaii,248,lqn2uml,3003
NSGA,simplified-cocome__BRF_clone_1.23__moc_1.64__mcnn_1.80__moncnn_1.45__MaxEval_102__ProbPAs_0.95__sb_byTime_sbth_3600000__Algo_nsgaii,248,counting_pas,248,9022
simplified-cocome,simplified-cocome__BRF_clone_1.23__moc_1.64__mcnn_1.80__moncnn_1.45__MaxEval_102__ProbPAs_0.95__sb_byTime_sbth_3600000__Algo_nsgaii,248,perfQ,2167
simplified-cocome,simplified-cocome__BRF_clone_1.23__moc_1.64__mcnn_1.80__moncnn_1.45__MaxEval_102__ProbPAs_0.95__sb_byTime_sbth_3600000__Algo_nsgaii,reliability,165
simplified-cocome,simplified-cocome__BRF_clone_1.23__moc_1.64__mcnn_1.80__moncnn_1.45__MaxEval_102__ProbPAs_0.95__sb_byTime_sbth_3600000__Algo_nsgaii,249,uml2lqn,4873
NSGA,simplified-cocome__BRF_clone_1.23__moc_1.64__mcnn_1.80__moncnn_1.45__MaxEval_102__ProbPAs_0.95__sb_byTime_sbth_3600000__Algo_nsgaii,249,invoke_solver,302
NSGA,simplified-cocome__BRF_clone_1.23__moc_1.64__mcnn_1.80__moncnn_1.45__MaxEval_102__ProbPAs_0.95__sb_byTime_sbth_3600000__Algo_nsgaii,249,lqn2uml,2696
NSGA,simplified-cocome__BRF_clone_1.23__moc_1.64__mcnn_1.80__moncnn_1.45__MaxEval_102__ProbPAs_0.95__sb_byTime_sbth_3600000__Algo_nsgaii,249,counting_pas,249,9724
simplified-cocome,simplified-cocome__BRF_clone_1.23__moc_1.64__mcnn_1.80__moncnn_1.45__MaxEval_102__ProbPAs_0.95__sb_byTime_sbth_3600000__Algo_nsgaii,249,perfQ,2499
simplified-cocome,simplified-cocome__BRF_clone_1.23__moc_1.64__mcnn_1.80__moncnn_1.45__MaxEval_102__ProbPAs_0.95__sb_byTime_sbth_3600000__Algo_nsgaii,reliability,242
simplified-cocome,simplified-cocome__BRF_clone_1.23__moc_1.64__mcnn_1.80__moncnn_1.45__MaxEval_102__ProbPAs_0.95__sb_byTime_sbth_3600000__Algo_nsgaii,252,uml2lqn,5398
NSGA,simplified-cocome__BRF_clone_1.23__moc_1.64__mcnn_1.80__moncnn_1.45__MaxEval_102__ProbPAs_0.95__sb_byTime_sbth_3600000__Algo_nsgaii,252,invoke_solver,346
NSGA,simplified-cocome__BRF_clone_1.23__moc_1.64__mcnn_1.80__moncnn_1.45__MaxEval_102__ProbPAs_0.95__sb_byTime_sbth_3600000__Algo_nsgaii,252,lqn2uml,3622
NSGA,simplified-cocome__BRF_clone_1.23__moc_1.64__mcnn_1.80__moncnn_1.45__MaxEval_102__ProbPAs_0.95__sb_byTime_sbth_3600000__Algo_nsgaii,252,counting_pas,252,8939
simplified-cocome,simplified-cocome__BRF_clone_1.23__moc_1.64__mcnn_1.80__moncnn_1.45__MaxEval_102__ProbPAs_0.95__sb_byTime_sbth_3600000__Algo_nsgaii,252,perfQ,3367
simplified-cocome,simplified-cocome__BRF_clone_1.23__moc_1.64__mcnn_1.80__moncnn_1.45__MaxEval_102__ProbPAs_0.95__sb_byTime_sbth_3600000__Algo_nsgaii,reliability,202
simplified-cocome,simplified-cocome__BRF_clone_1.23__moc_1.64__mcnn_1.80__moncnn_1.45__MaxEval_102__ProbPAs_0.95__sb_byTime_sbth_3600000__Algo_nsgaii,253,uml2lqn,4507
NSGA,simplified-cocome__BRF_clone_1.23__moc_1.64__mcnn_1.80__moncnn_1.45__MaxEval_102__ProbPAs_0.95__sb_byTime_sbth_3600000__Algo_nsgaii,253,invoke_solver,96
NSGA,simplified-cocome__BRF_clone_1.23__moc_1.64__mcnn_1.80__moncnn_1.45__MaxEval_102__ProbPAs_0.95__sb_byTime_sbth_3600000__Algo_nsgaii,253,lqn2uml,2752
NSGA,simplified-cocome__BRF_clone_1.23__moc_1.64__mcnn_1.80__moncnn_1.45__MaxEval_102__ProbPAs_0.95__sb_byTime_sbth_3600000__Algo_nsgaii,253,counting_pas,253,9756
simplified-cocome,simplified-cocome__BRF_clone_1.23__moc_1.64__mcnn_1.80__moncnn_1.45__MaxEval_102__ProbPAs_0.95__sb_byTime_sbth_3600000__Algo_nsgaii,253,perfQ,2539
simplified-cocome,simplified-cocome__BRF_clone_1.23__moc_1.64__mcnn_1.80__moncnn_1.45__MaxEval_102__ProbPAs_0.95__sb_byTime_sbth_3600000__Algo_nsgaii,reliability,183
simplified-cocome,simplified-cocome__BRF_clone_1.23__moc_1.64__mcnn_1.80__moncnn_1.45__MaxEval_102__ProbPAs_0.95__sb_byTime_sbth_3600000__Algo_nsgaii,254,uml2lqn,4213
NSGA,simplified-cocome__BRF_clone_1.23__moc_1.64__mcnn_1.80__moncnn_1.45__MaxEval_102__ProbPAs_0.95__sb_byTime_sbth_3600000__Algo_nsgaii,254,invoke_solver,301
NSGA,simplified-cocome__BRF_clone_1.23__moc_1.64__mcnn_1.80__moncnn_1.45__MaxEval_102__ProbPAs_0.95__sb_byTime_sbth_3600000__Algo_nsgaii,254,lqn2uml,2502
NSGA,simplified-cocome__BRF_clone_1.23__moc_1.64__mcnn_1.80__moncnn_1.45__MaxEval_102__ProbPAs_0.95__sb_byTime_sbth_3600000__Algo_nsgaii,254,counting_pas,254,9466
simplified-cocome,simplified-cocome__BRF_clone_1.23__moc_1.64__mcnn_1.80__moncnn_1.45__MaxEval_102__ProbPAs_0.95__sb_byTime_sbth_3600000__Algo_nsgaii,254,perfQ,2503
simplified-cocome,simplified-cocome__BRF_clone_1.23__moc_1.64__mcnn_1.80__moncnn_1.45__MaxEval_102__ProbPAs_0.95__sb_byTime_sbth_3600000__Algo_nsgaii,reliability,199
simplified-cocome,simplified-cocome__BRF_clone_1.23__moc_1.64__mcnn_1.80__moncnn_1.45__MaxEval_102__ProbPAs_0.95__sb_byTime_sbth_3600000__Algo_nsgaii,255,uml2lqn,5019
NSGA,simplified-cocome__BRF_clone_1.23__moc_1.64__mcnn_1.80__moncnn_1.45__MaxEval_102__ProbPAs_0.95__sb_byTime_sbth_3600000__Algo_nsgaii,255,invoke_solver,363
NSGA,simplified-cocome__BRF_clone_1.23__moc_1.64__mcnn_1.80__moncnn_1.45__MaxEval_102__ProbPAs_0.95__sb_byTime_sbth_3600000__Algo_nsgaii,255,lqn2uml,2915
NSGA,simplified-cocome__BRF_clone_1.23__moc_1.64__mcnn_1.80__moncnn_1.45__MaxEval_102__ProbPAs_0.95__sb_byTime_sbth_3600000__Algo_nsgaii,255,counting_pas,255,8949
simplified-cocome,simplified-cocome__BRF_clone_1.23__moc_1.64__mcnn_1.80__moncnn_1.45__MaxEval_102__ProbPAs_0.95__sb_byTime_sbth_3600000__Algo_nsgaii,255,perfQ,1884
simplified-cocome,simplified-cocome__BRF_clone_1.23__moc_1.64__mcnn_1.80__moncnn_1.45__MaxEval_102__ProbPAs_0.95__sb_byTime_sbth_3600000__Algo_nsgaii,reliability,184
simplified-cocome,simplified-cocome__BRF_clone_1.23__moc_1.64__mcnn_1.80__moncnn_1.45__MaxEval_102__ProbPAs_0.95__sb_byTime_sbth_3600000__Algo_nsgaii,258,uml2lqn,4906
NSGA,simplified-cocome__BRF_clone_1.23__moc_1.64__mcnn_1.80__moncnn_1.45__MaxEval_102__ProbPAs_0.95__sb_byTime_sbth_3600000__Algo_nsgaii,258,invoke_solver,284
NSGA,simplified-cocome__BRF_clone_1.23__moc_1.64__mcnn_1.80__moncnn_1.45__MaxEval_102__ProbPAs_0.95__sb_byTime_sbth_3600000__Algo_nsgaii,258,lqn2uml,2849
NSGA,simplified-cocome__BRF_clone_1.23__moc_1.64__mcnn_1.80__moncnn_1.45__MaxEval_102__ProbPAs_0.95__sb_byTime_sbth_3600000__Algo_nsgaii,258,counting_pas,258,8815
simplified-cocome,simplified-cocome__BRF_clone_1.23__moc_1.64__mcnn_1.80__moncnn_1.45__MaxEval_102__ProbPAs_0.95__sb_byTime_sbth_3600000__Algo_nsgaii,258,perfQ,1968
simplified-cocome,simplified-cocome__BRF_clone_1.23__moc_1.64__mcnn_1.80__moncnn_1.45__MaxEval_102__ProbPAs_0.95__sb_byTime_sbth_3600000__Algo_nsgaii,reliability,161
simplified-cocome,simplified-cocome__BRF_clone_1.23__moc_1.64__mcnn_1.80__moncnn_1.45__MaxEval_102__ProbPAs_0.95__sb_byTime_sbth_3600000__Algo_nsgaii,259,uml2lqn,4405
NSGA,simplified-cocome__BRF_clone_1.23__moc_1.64__mcnn_1.80__moncnn_1.45__MaxEval_102__ProbPAs_0.95__sb_byTime_sbth_3600000__Algo_nsgaii,259,invoke_solver,282
NSGA,simplified-cocome__BRF_clone_1.23__moc_1.64__mcnn_1.80__moncnn_1.45__MaxEval_102__ProbPAs_0.95__sb_byTime_sbth_3600000__Algo_nsgaii,259,lqn2uml,2389
NSGA,simplified-cocome__BRF_clone_1.23__moc_1.64__mcnn_1.80__moncnn_1.45__MaxEval_102__ProbPAs_0.95__sb_byTime_sbth_3600000__Algo_nsgaii,259,counting_pas,259,8803
simplified-cocome,simplified-cocome__BRF_clone_1.23__moc_1.64__mcnn_1.80__moncnn_1.45__MaxEval_102__ProbPAs_0.95__sb_byTime_sbth_3600000__Algo_nsgaii,259,perfQ,2467
simplified-cocome,simplified-cocome__BRF_clone_1.23__moc_1.64__mcnn_1.80__moncnn_1.45__MaxEval_102__ProbPAs_0.95__sb_byTime_sbth_3600000__Algo_nsgaii,reliability,167
simplified-cocome,simplified-cocome__BRF_clone_1.23__moc_1.64__mcnn_1.80__moncnn_1.45__MaxEval_102__ProbPAs_0.95__sb_byTime_sbth_3600000__Algo_nsgaii,262,uml2lqn,3203
NSGA,simplified-cocome__BRF_clone_1.23__moc_1.64__mcnn_1.80__moncnn_1.45__MaxEval_102__ProbPAs_0.95__sb_byTime_sbth_3600000__Algo_nsgaii,262,invoke_solver,375
NSGA,simplified-cocome__BRF_clone_1.23__moc_1.64__mcnn_1.80__moncnn_1.45__MaxEval_102__ProbPAs_0.95__sb_byTime_sbth_3600000__Algo_nsgaii,262,lqn2uml,2567
NSGA,simplified-cocome__BRF_clone_1.23__moc_1.64__mcnn_1.80__moncnn_1.45__MaxEval_102__ProbPAs_0.95__sb_byTime_sbth_3600000__Algo_nsgaii,262,counting_pas,262,9267
simplified-cocome,simplified-cocome__BRF_clone_1.23__moc_1.64__mcnn_1.80__moncnn_1.45__MaxEval_102__ProbPAs_0.95__sb_byTime_sbth_3600000__Algo_nsgaii,262,perfQ,1819
simplified-cocome,simplified-cocome__BRF_clone_1.23__moc_1.64__mcnn_1.80__moncnn_1.45__MaxEval_102__ProbPAs_0.95__sb_byTime_sbth_3600000__Algo_nsgaii,reliability,195
simplified-cocome,simplified-cocome__BRF_clone_1.23__moc_1.64__mcnn_1.80__moncnn_1.45__MaxEval_102__ProbPAs_0.95__sb_byTime_sbth_3600000__Algo_nsgaii,263,uml2lqn,3587
NSGA,simplified-cocome__BRF_clone_1.23__moc_1.64__mcnn_1.80__moncnn_1.45__MaxEval_102__ProbPAs_0.95__sb_byTime_sbth_3600000__Algo_nsgaii,263,invoke_solver,283
NSGA,simplified-cocome__BRF_clone_1.23__moc_1.64__mcnn_1.80__moncnn_1.45__MaxEval_102__ProbPAs_0.95__sb_byTime_sbth_3600000__Algo_nsgaii,263,lqn2uml,1590
NSGA,simplified-cocome__BRF_clone_1.23__moc_1.64__mcnn_1.80__moncnn_1.45__MaxEval_102__ProbPAs_0.95__sb_byTime_sbth_3600000__Algo_nsgaii,263,counting_pas,263,9097
simplified-cocome,simplified-cocome__BRF_clone_1.23__moc_1.64__mcnn_1.80__moncnn_1.45__MaxEval_102__ProbPAs_0.95__sb_byTime_sbth_3600000__Algo_nsgaii,263,perfQ,1865
simplified-cocome,simplified-cocome__BRF_clone_1.23__moc_1.64__mcnn_1.80__moncnn_1.45__MaxEval_102__ProbPAs_0.95__sb_byTime_sbth_3600000__Algo_nsgaii,reliability,174
simplified-cocome,simplified-cocome__BRF_clone_1.23__moc_1.64__mcnn_1.80__moncnn_1.45__MaxEval_102__ProbPAs_0.95__sb_byTime_sbth_3600000__Algo_nsgaii,264,uml2lqn,3851
NSGA,simplified-cocome__BRF_clone_1.23__moc_1.64__mcnn_1.80__moncnn_1.45__MaxEval_102__ProbPAs_0.95__sb_byTime_sbth_3600000__Algo_nsgaii,264,invoke_solver,256
NSGA,simplified-cocome__BRF_clone_1.23__moc_1.64__mcnn_1.80__moncnn_1.45__MaxEval_102__ProbPAs_0.95__sb_byTime_sbth_3600000__Algo_nsgaii,264,lqn2uml,1689
NSGA,simplified-cocome__BRF_clone_1.23__moc_1.64__mcnn_1.80__moncnn_1.45__MaxEval_102__ProbPAs_0.95__sb_byTime_sbth_3600000__Algo_nsgaii,264,counting_pas,264,7913
simplified-cocome,simplified-cocome__BRF_clone_1.23__moc_1.64__mcnn_1.80__moncnn_1.45__MaxEval_102__ProbPAs_0.95__sb_byTime_sbth_3600000__Algo_nsgaii,264,perfQ,2009
simplified-cocome,simplified-cocome__BRF_clone_1.23__moc_1.64__mcnn_1.80__moncnn_1.45__MaxEval_102__ProbPAs_0.95__sb_byTime_sbth_3600000__Algo_nsgaii,reliability,177
simplified-cocome,simplified-cocome__BRF_clone_1.23__moc_1.64__mcnn_1.80__moncnn_1.45__MaxEval_102__ProbPAs_0.95__sb_byTime_sbth_3600000__Algo_nsgaii,265,uml2lqn,3587
NSGA,simplified-cocome__BRF_clone_1.23__moc_1.64__mcnn_1.80__moncnn_1.45__MaxEval_102__ProbPAs_0.95__sb_byTime_sbth_3600000__Algo_nsgaii,265,invoke_solver,234
NSGA,simplified-cocome__BRF_clone_1.23__moc_1.64__mcnn_1.80__moncnn_1.45__MaxEval_102__ProbPAs_0.95__sb_byTime_sbth_3600000__Algo_nsgaii,265,lqn2uml,2440
NSGA,simplified-cocome__BRF_clone_1.23__moc_1.64__mcnn_1.80__moncnn_1.45__MaxEval_102__ProbPAs_0.95__sb_byTime_sbth_3600000__Algo_nsgaii,265,counting_pas,265,7173
simplified-cocome,simplified-cocome__BRF_clone_1.23__moc_1.64__mcnn_1.80__moncnn_1.45__MaxEval_102__ProbPAs_0.95__sb_byTime_sbth_3600000__Algo_nsgaii,265,perfQ,1003
simplified-cocome,simplified-cocome__BRF_clone_1.23__moc_1.64__mcnn_1.80__moncnn_1.45__MaxEval_102__ProbPAs_0.95__sb_byTime_sbth_3600000__Algo_nsgaii,reliability,113
simplified-cocome,simplified-cocome__BRF_clone_1.23__moc_1.64__mcnn_1.80__moncnn_1.45__MaxEval_102__ProbPAs_0.95__sb_byTime_sbth_3600000__Algo_nsgaii,266,uml2lqn,4385
NSGA,simplified-cocome__BRF_clone_1.23__moc_1.64__mcnn_1.80__moncnn_1.45__MaxEval_102__ProbPAs_0.95__sb_byTime_sbth_3600000__Algo_nsgaii,266,invoke_solver,276
NSGA,simplified-cocome__BRF_clone_1.23__moc_1.64__mcnn_1.80__moncnn_1.45__MaxEval_102__ProbPAs_0.95__sb_byTime_sbth_3600000__Algo_nsgaii,266,lqn2uml,2255
NSGA,simplified-cocome__BRF_clone_1.23__moc_1.64__mcnn_1.80__moncnn_1.45__MaxEval_102__ProbPAs_0.95__sb_byTime_sbth_3600000__Algo_nsgaii,266,counting_pas,266,9361
simplified-cocome,simplified-cocome__BRF_clone_1.23__moc_1.64__mcnn_1.80__moncnn_1.45__MaxEval_102__ProbPAs_0.95__sb_byTime_sbth_3600000__Algo_nsgaii,266,perfQ,1077
simplified-cocome,simplified-cocome__BRF_clone_1.23__moc_1.64__mcnn_1.80__moncnn_1.45__MaxEval_102__ProbPAs_0.95__sb_byTime_sbth_3600000__Algo_nsgaii,reliability,135
simplified-cocome,simplified-cocome__BRF_clone_1.23__moc_1.64__mcnn_1.80__moncnn_1.45__MaxEval_102__ProbPAs_0.95__sb_byTime_sbth_3600000__Algo_nsgaii,267,uml2lqn,4505
NSGA,simplified-cocome__BRF_clone_1.23__moc_1.64__mcnn_1.80__moncnn_1.45__MaxEval_102__ProbPAs_0.95__sb_byTime_sbth_3600000__Algo_nsgaii,267,invoke_solver,270
NSGA,simplified-cocome__BRF_clone_1.23__moc_1.64__mcnn_1.80__moncnn_1.45__MaxEval_102__ProbPAs_0.95__sb_byTime_sbth_3600000__Algo_nsgaii,267,lqn2uml,2119
NSGA,simplified-cocome__BRF_clone_1.23__moc_1.64__mcnn_1.80__moncnn_1.45__MaxEval_102__ProbPAs_0.95__sb_byTime_sbth_3600000__Algo_nsgaii,267,counting_pas,267,8649
simplified-cocome,simplified-cocome__BRF_clone_1.23__moc_1.64__mcnn_1.80__moncnn_1.45__MaxEval_102__ProbPAs_0.95__sb_byTime_sbth_3600000__Algo_nsgaii,267,perfQ,748
simplified-cocome,simplified-cocome__BRF_clone_1.23__moc_1.64__mcnn_1.80__moncnn_1.45__MaxEval_102__ProbPAs_0.95__sb_byTime_sbth_3600000__Algo_nsgaii,reliability,160
simplified-cocome,simplified-cocome__BRF_clone_1.23__moc_1.64__mcnn_1.80__moncnn_1.45__MaxEval_102__ProbPAs_0.95__sb_byTime_sbth_3600000__Algo_nsgaii,268,uml2lqn,3223
NSGA,simplified-cocome__BRF_clone_1.23__moc_1.64__mcnn_1.80__moncnn_1.45__MaxEval_102__ProbPAs_0.95__sb_byTime_sbth_3600000__Algo_nsgaii,268,invoke_solver,311
NSGA,simplified-cocome__BRF_clone_1.23__moc_1.64__mcnn_1.80__moncnn_1.45__MaxEval_102__ProbPAs_0.95__sb_byTime_sbth_3600000__Algo_nsgaii,268,lqn2uml,1628
NSGA,simplified-cocome__BRF_clone_1.23__moc_1.64__mcnn_1.80__moncnn_1.45__MaxEval_102__ProbPAs_0.95__sb_byTime_sbth_3600000__Algo_nsgaii,268,counting_pas,268,9019
simplified-cocome,simplified-cocome__BRF_clone_1.23__moc_1.64__mcnn_1.80__moncnn_1.45__MaxEval_102__ProbPAs_0.95__sb_byTime_sbth_3600000__Algo_nsgaii,268,perfQ,860
simplified-cocome,simplified-cocome__BRF_clone_1.23__moc_1.64__mcnn_1.80__moncnn_1.45__MaxEval_102__ProbPAs_0.95__sb_byTime_sbth_3600000__Algo_nsgaii,reliability,144
simplified-cocome,simplified-cocome__BRF_clone_1.23__moc_1.64__mcnn_1.80__moncnn_1.45__MaxEval_102__ProbPAs_0.95__sb_byTime_sbth_3600000__Algo_nsgaii,269,uml2lqn,3016
NSGA,simplified-cocome__BRF_clone_1.23__moc_1.64__mcnn_1.80__moncnn_1.45__MaxEval_102__ProbPAs_0.95__sb_byTime_sbth_3600000__Algo_nsgaii,269,invoke_solver,280
NSGA,simplified-cocome__BRF_clone_1.23__moc_1.64__mcnn_1.80__moncnn_1.45__MaxEval_102__ProbPAs_0.95__sb_byTime_sbth_3600000__Algo_nsgaii,269,lqn2uml,1704
NSGA,simplified-cocome__BRF_clone_1.23__moc_1.64__mcnn_1.80__moncnn_1.45__MaxEval_102__ProbPAs_0.95__sb_byTime_sbth_3600000__Algo_nsgaii,269,counting_pas,269,8299
simplified-cocome,simplified-cocome__BRF_clone_1.23__moc_1.64__mcnn_1.80__moncnn_1.45__MaxEval_102__ProbPAs_0.95__sb_byTime_sbth_3600000__Algo_nsgaii,269,perfQ,694
simplified-cocome,simplified-cocome__BRF_clone_1.23__moc_1.64__mcnn_1.80__moncnn_1.45__MaxEval_102__ProbPAs_0.95__sb_byTime_sbth_3600000__Algo_nsgaii,reliability,150
