algorithm,problem,solID,step,exec_time(milliSec)
simplified-cocome,simplified-cocome__BRF_clone_1.23__moc_1.64__mcnn_1.80__moncnn_1.45__MaxEval_102__ProbPAs_0.95__sb_byTime_sbth_3600000__Algo_nsgaii,0,uml2lqn,6186
NSGA,simplified-cocome__BRF_clone_1.23__moc_1.64__mcnn_1.80__moncnn_1.45__MaxEval_102__ProbPAs_0.95__sb_byTime_sbth_3600000__Algo_nsgaii,0,invoke_solver,224
NSGA,simplified-cocome__BRF_clone_1.23__moc_1.64__mcnn_1.80__moncnn_1.45__MaxEval_102__ProbPAs_0.95__sb_byTime_sbth_3600000__Algo_nsgaii,0,lqn2uml,1547
NSGA,simplified-cocome__BRF_clone_1.23__moc_1.64__mcnn_1.80__moncnn_1.45__MaxEval_102__ProbPAs_0.95__sb_byTime_sbth_3600000__Algo_nsgaii,0,counting_pas,0,10961
simplified-cocome,simplified-cocome__BRF_clone_1.23__moc_1.64__mcnn_1.80__moncnn_1.45__MaxEval_102__ProbPAs_0.95__sb_byTime_sbth_3600000__Algo_nsgaii,0,perfQ,739
simplified-cocome,simplified-cocome__BRF_clone_1.23__moc_1.64__mcnn_1.80__moncnn_1.45__MaxEval_102__ProbPAs_0.95__sb_byTime_sbth_3600000__Algo_nsgaii,reliability,497
simplified-cocome,simplified-cocome__BRF_clone_1.23__moc_1.64__mcnn_1.80__moncnn_1.45__MaxEval_102__ProbPAs_0.95__sb_byTime_sbth_3600000__Algo_nsgaii,1,uml2lqn,3421
NSGA,simplified-cocome__BRF_clone_1.23__moc_1.64__mcnn_1.80__moncnn_1.45__MaxEval_102__ProbPAs_0.95__sb_byTime_sbth_3600000__Algo_nsgaii,1,invoke_solver,165
NSGA,simplified-cocome__BRF_clone_1.23__moc_1.64__mcnn_1.80__moncnn_1.45__MaxEval_102__ProbPAs_0.95__sb_byTime_sbth_3600000__Algo_nsgaii,1,lqn2uml,868
NSGA,simplified-cocome__BRF_clone_1.23__moc_1.64__mcnn_1.80__moncnn_1.45__MaxEval_102__ProbPAs_0.95__sb_byTime_sbth_3600000__Algo_nsgaii,1,counting_pas,1,10256
simplified-cocome,simplified-cocome__BRF_clone_1.23__moc_1.64__mcnn_1.80__moncnn_1.45__MaxEval_102__ProbPAs_0.95__sb_byTime_sbth_3600000__Algo_nsgaii,1,perfQ,372
simplified-cocome,simplified-cocome__BRF_clone_1.23__moc_1.64__mcnn_1.80__moncnn_1.45__MaxEval_102__ProbPAs_0.95__sb_byTime_sbth_3600000__Algo_nsgaii,reliability,211
simplified-cocome,simplified-cocome__BRF_clone_1.23__moc_1.64__mcnn_1.80__moncnn_1.45__MaxEval_102__ProbPAs_0.95__sb_byTime_sbth_3600000__Algo_nsgaii,2,uml2lqn,2166
NSGA,simplified-cocome__BRF_clone_1.23__moc_1.64__mcnn_1.80__moncnn_1.45__MaxEval_102__ProbPAs_0.95__sb_byTime_sbth_3600000__Algo_nsgaii,2,invoke_solver,239
NSGA,simplified-cocome__BRF_clone_1.23__moc_1.64__mcnn_1.80__moncnn_1.45__MaxEval_102__ProbPAs_0.95__sb_byTime_sbth_3600000__Algo_nsgaii,2,lqn2uml,615
NSGA,simplified-cocome__BRF_clone_1.23__moc_1.64__mcnn_1.80__moncnn_1.45__MaxEval_102__ProbPAs_0.95__sb_byTime_sbth_3600000__Algo_nsgaii,2,counting_pas,2,7198
simplified-cocome,simplified-cocome__BRF_clone_1.23__moc_1.64__mcnn_1.80__moncnn_1.45__MaxEval_102__ProbPAs_0.95__sb_byTime_sbth_3600000__Algo_nsgaii,2,perfQ,303
simplified-cocome,simplified-cocome__BRF_clone_1.23__moc_1.64__mcnn_1.80__moncnn_1.45__MaxEval_102__ProbPAs_0.95__sb_byTime_sbth_3600000__Algo_nsgaii,reliability,137
simplified-cocome,simplified-cocome__BRF_clone_1.23__moc_1.64__mcnn_1.80__moncnn_1.45__MaxEval_102__ProbPAs_0.95__sb_byTime_sbth_3600000__Algo_nsgaii,3,uml2lqn,1819
NSGA,simplified-cocome__BRF_clone_1.23__moc_1.64__mcnn_1.80__moncnn_1.45__MaxEval_102__ProbPAs_0.95__sb_byTime_sbth_3600000__Algo_nsgaii,3,invoke_solver,79
NSGA,simplified-cocome__BRF_clone_1.23__moc_1.64__mcnn_1.80__moncnn_1.45__MaxEval_102__ProbPAs_0.95__sb_byTime_sbth_3600000__Algo_nsgaii,3,lqn2uml,469
NSGA,simplified-cocome__BRF_clone_1.23__moc_1.64__mcnn_1.80__moncnn_1.45__MaxEval_102__ProbPAs_0.95__sb_byTime_sbth_3600000__Algo_nsgaii,3,counting_pas,3,7028
simplified-cocome,simplified-cocome__BRF_clone_1.23__moc_1.64__mcnn_1.80__moncnn_1.45__MaxEval_102__ProbPAs_0.95__sb_byTime_sbth_3600000__Algo_nsgaii,3,perfQ,279
simplified-cocome,simplified-cocome__BRF_clone_1.23__moc_1.64__mcnn_1.80__moncnn_1.45__MaxEval_102__ProbPAs_0.95__sb_byTime_sbth_3600000__Algo_nsgaii,reliability,119
simplified-cocome,simplified-cocome__BRF_clone_1.23__moc_1.64__mcnn_1.80__moncnn_1.45__MaxEval_102__ProbPAs_0.95__sb_byTime_sbth_3600000__Algo_nsgaii,4,uml2lqn,1796
NSGA,simplified-cocome__BRF_clone_1.23__moc_1.64__mcnn_1.80__moncnn_1.45__MaxEval_102__ProbPAs_0.95__sb_byTime_sbth_3600000__Algo_nsgaii,4,invoke_solver,235
NSGA,simplified-cocome__BRF_clone_1.23__moc_1.64__mcnn_1.80__moncnn_1.45__MaxEval_102__ProbPAs_0.95__sb_byTime_sbth_3600000__Algo_nsgaii,4,lqn2uml,352
NSGA,simplified-cocome__BRF_clone_1.23__moc_1.64__mcnn_1.80__moncnn_1.45__MaxEval_102__ProbPAs_0.95__sb_byTime_sbth_3600000__Algo_nsgaii,4,counting_pas,4,6440
simplified-cocome,simplified-cocome__BRF_clone_1.23__moc_1.64__mcnn_1.80__moncnn_1.45__MaxEval_102__ProbPAs_0.95__sb_byTime_sbth_3600000__Algo_nsgaii,4,perfQ,287
simplified-cocome,simplified-cocome__BRF_clone_1.23__moc_1.64__mcnn_1.80__moncnn_1.45__MaxEval_102__ProbPAs_0.95__sb_byTime_sbth_3600000__Algo_nsgaii,reliability,118
simplified-cocome,simplified-cocome__BRF_clone_1.23__moc_1.64__mcnn_1.80__moncnn_1.45__MaxEval_102__ProbPAs_0.95__sb_byTime_sbth_3600000__Algo_nsgaii,5,uml2lqn,1755
NSGA,simplified-cocome__BRF_clone_1.23__moc_1.64__mcnn_1.80__moncnn_1.45__MaxEval_102__ProbPAs_0.95__sb_byTime_sbth_3600000__Algo_nsgaii,5,invoke_solver,272
NSGA,simplified-cocome__BRF_clone_1.23__moc_1.64__mcnn_1.80__moncnn_1.45__MaxEval_102__ProbPAs_0.95__sb_byTime_sbth_3600000__Algo_nsgaii,5,lqn2uml,345
NSGA,simplified-cocome__BRF_clone_1.23__moc_1.64__mcnn_1.80__moncnn_1.45__MaxEval_102__ProbPAs_0.95__sb_byTime_sbth_3600000__Algo_nsgaii,5,counting_pas,5,7331
simplified-cocome,simplified-cocome__BRF_clone_1.23__moc_1.64__mcnn_1.80__moncnn_1.45__MaxEval_102__ProbPAs_0.95__sb_byTime_sbth_3600000__Algo_nsgaii,5,perfQ,360
simplified-cocome,simplified-cocome__BRF_clone_1.23__moc_1.64__mcnn_1.80__moncnn_1.45__MaxEval_102__ProbPAs_0.95__sb_byTime_sbth_3600000__Algo_nsgaii,reliability,142
simplified-cocome,simplified-cocome__BRF_clone_1.23__moc_1.64__mcnn_1.80__moncnn_1.45__MaxEval_102__ProbPAs_0.95__sb_byTime_sbth_3600000__Algo_nsgaii,6,uml2lqn,1524
NSGA,simplified-cocome__BRF_clone_1.23__moc_1.64__mcnn_1.80__moncnn_1.45__MaxEval_102__ProbPAs_0.95__sb_byTime_sbth_3600000__Algo_nsgaii,6,invoke_solver,230
NSGA,simplified-cocome__BRF_clone_1.23__moc_1.64__mcnn_1.80__moncnn_1.45__MaxEval_102__ProbPAs_0.95__sb_byTime_sbth_3600000__Algo_nsgaii,6,lqn2uml,412
NSGA,simplified-cocome__BRF_clone_1.23__moc_1.64__mcnn_1.80__moncnn_1.45__MaxEval_102__ProbPAs_0.95__sb_byTime_sbth_3600000__Algo_nsgaii,6,counting_pas,6,6693
simplified-cocome,simplified-cocome__BRF_clone_1.23__moc_1.64__mcnn_1.80__moncnn_1.45__MaxEval_102__ProbPAs_0.95__sb_byTime_sbth_3600000__Algo_nsgaii,6,perfQ,304
simplified-cocome,simplified-cocome__BRF_clone_1.23__moc_1.64__mcnn_1.80__moncnn_1.45__MaxEval_102__ProbPAs_0.95__sb_byTime_sbth_3600000__Algo_nsgaii,reliability,145
simplified-cocome,simplified-cocome__BRF_clone_1.23__moc_1.64__mcnn_1.80__moncnn_1.45__MaxEval_102__ProbPAs_0.95__sb_byTime_sbth_3600000__Algo_nsgaii,7,uml2lqn,1529
NSGA,simplified-cocome__BRF_clone_1.23__moc_1.64__mcnn_1.80__moncnn_1.45__MaxEval_102__ProbPAs_0.95__sb_byTime_sbth_3600000__Algo_nsgaii,7,invoke_solver,199
NSGA,simplified-cocome__BRF_clone_1.23__moc_1.64__mcnn_1.80__moncnn_1.45__MaxEval_102__ProbPAs_0.95__sb_byTime_sbth_3600000__Algo_nsgaii,7,lqn2uml,350
NSGA,simplified-cocome__BRF_clone_1.23__moc_1.64__mcnn_1.80__moncnn_1.45__MaxEval_102__ProbPAs_0.95__sb_byTime_sbth_3600000__Algo_nsgaii,7,counting_pas,7,5407
simplified-cocome,simplified-cocome__BRF_clone_1.23__moc_1.64__mcnn_1.80__moncnn_1.45__MaxEval_102__ProbPAs_0.95__sb_byTime_sbth_3600000__Algo_nsgaii,7,perfQ,361
simplified-cocome,simplified-cocome__BRF_clone_1.23__moc_1.64__mcnn_1.80__moncnn_1.45__MaxEval_102__ProbPAs_0.95__sb_byTime_sbth_3600000__Algo_nsgaii,reliability,132
simplified-cocome,simplified-cocome__BRF_clone_1.23__moc_1.64__mcnn_1.80__moncnn_1.45__MaxEval_102__ProbPAs_0.95__sb_byTime_sbth_3600000__Algo_nsgaii,8,uml2lqn,1558
NSGA,simplified-cocome__BRF_clone_1.23__moc_1.64__mcnn_1.80__moncnn_1.45__MaxEval_102__ProbPAs_0.95__sb_byTime_sbth_3600000__Algo_nsgaii,8,invoke_solver,249
NSGA,simplified-cocome__BRF_clone_1.23__moc_1.64__mcnn_1.80__moncnn_1.45__MaxEval_102__ProbPAs_0.95__sb_byTime_sbth_3600000__Algo_nsgaii,8,lqn2uml,375
NSGA,simplified-cocome__BRF_clone_1.23__moc_1.64__mcnn_1.80__moncnn_1.45__MaxEval_102__ProbPAs_0.95__sb_byTime_sbth_3600000__Algo_nsgaii,8,counting_pas,8,6147
simplified-cocome,simplified-cocome__BRF_clone_1.23__moc_1.64__mcnn_1.80__moncnn_1.45__MaxEval_102__ProbPAs_0.95__sb_byTime_sbth_3600000__Algo_nsgaii,8,perfQ,287
simplified-cocome,simplified-cocome__BRF_clone_1.23__moc_1.64__mcnn_1.80__moncnn_1.45__MaxEval_102__ProbPAs_0.95__sb_byTime_sbth_3600000__Algo_nsgaii,reliability,139
simplified-cocome,simplified-cocome__BRF_clone_1.23__moc_1.64__mcnn_1.80__moncnn_1.45__MaxEval_102__ProbPAs_0.95__sb_byTime_sbth_3600000__Algo_nsgaii,9,uml2lqn,1970
NSGA,simplified-cocome__BRF_clone_1.23__moc_1.64__mcnn_1.80__moncnn_1.45__MaxEval_102__ProbPAs_0.95__sb_byTime_sbth_3600000__Algo_nsgaii,9,invoke_solver,261
NSGA,simplified-cocome__BRF_clone_1.23__moc_1.64__mcnn_1.80__moncnn_1.45__MaxEval_102__ProbPAs_0.95__sb_byTime_sbth_3600000__Algo_nsgaii,9,lqn2uml,342
NSGA,simplified-cocome__BRF_clone_1.23__moc_1.64__mcnn_1.80__moncnn_1.45__MaxEval_102__ProbPAs_0.95__sb_byTime_sbth_3600000__Algo_nsgaii,9,counting_pas,9,6573
simplified-cocome,simplified-cocome__BRF_clone_1.23__moc_1.64__mcnn_1.80__moncnn_1.45__MaxEval_102__ProbPAs_0.95__sb_byTime_sbth_3600000__Algo_nsgaii,9,perfQ,270
simplified-cocome,simplified-cocome__BRF_clone_1.23__moc_1.64__mcnn_1.80__moncnn_1.45__MaxEval_102__ProbPAs_0.95__sb_byTime_sbth_3600000__Algo_nsgaii,reliability,117
simplified-cocome,simplified-cocome__BRF_clone_1.23__moc_1.64__mcnn_1.80__moncnn_1.45__MaxEval_102__ProbPAs_0.95__sb_byTime_sbth_3600000__Algo_nsgaii,10,uml2lqn,1482
NSGA,simplified-cocome__BRF_clone_1.23__moc_1.64__mcnn_1.80__moncnn_1.45__MaxEval_102__ProbPAs_0.95__sb_byTime_sbth_3600000__Algo_nsgaii,10,invoke_solver,207
NSGA,simplified-cocome__BRF_clone_1.23__moc_1.64__mcnn_1.80__moncnn_1.45__MaxEval_102__ProbPAs_0.95__sb_byTime_sbth_3600000__Algo_nsgaii,10,lqn2uml,362
NSGA,simplified-cocome__BRF_clone_1.23__moc_1.64__mcnn_1.80__moncnn_1.45__MaxEval_102__ProbPAs_0.95__sb_byTime_sbth_3600000__Algo_nsgaii,10,counting_pas,10,7351
simplified-cocome,simplified-cocome__BRF_clone_1.23__moc_1.64__mcnn_1.80__moncnn_1.45__MaxEval_102__ProbPAs_0.95__sb_byTime_sbth_3600000__Algo_nsgaii,10,perfQ,258
simplified-cocome,simplified-cocome__BRF_clone_1.23__moc_1.64__mcnn_1.80__moncnn_1.45__MaxEval_102__ProbPAs_0.95__sb_byTime_sbth_3600000__Algo_nsgaii,reliability,131
simplified-cocome,simplified-cocome__BRF_clone_1.23__moc_1.64__mcnn_1.80__moncnn_1.45__MaxEval_102__ProbPAs_0.95__sb_byTime_sbth_3600000__Algo_nsgaii,11,uml2lqn,1691
NSGA,simplified-cocome__BRF_clone_1.23__moc_1.64__mcnn_1.80__moncnn_1.45__MaxEval_102__ProbPAs_0.95__sb_byTime_sbth_3600000__Algo_nsgaii,11,invoke_solver,226
NSGA,simplified-cocome__BRF_clone_1.23__moc_1.64__mcnn_1.80__moncnn_1.45__MaxEval_102__ProbPAs_0.95__sb_byTime_sbth_3600000__Algo_nsgaii,11,lqn2uml,437
NSGA,simplified-cocome__BRF_clone_1.23__moc_1.64__mcnn_1.80__moncnn_1.45__MaxEval_102__ProbPAs_0.95__sb_byTime_sbth_3600000__Algo_nsgaii,11,counting_pas,11,6772
simplified-cocome,simplified-cocome__BRF_clone_1.23__moc_1.64__mcnn_1.80__moncnn_1.45__MaxEval_102__ProbPAs_0.95__sb_byTime_sbth_3600000__Algo_nsgaii,11,perfQ,331
simplified-cocome,simplified-cocome__BRF_clone_1.23__moc_1.64__mcnn_1.80__moncnn_1.45__MaxEval_102__ProbPAs_0.95__sb_byTime_sbth_3600000__Algo_nsgaii,reliability,139
simplified-cocome,simplified-cocome__BRF_clone_1.23__moc_1.64__mcnn_1.80__moncnn_1.45__MaxEval_102__ProbPAs_0.95__sb_byTime_sbth_3600000__Algo_nsgaii,12,uml2lqn,1676
NSGA,simplified-cocome__BRF_clone_1.23__moc_1.64__mcnn_1.80__moncnn_1.45__MaxEval_102__ProbPAs_0.95__sb_byTime_sbth_3600000__Algo_nsgaii,12,invoke_solver,60
NSGA,simplified-cocome__BRF_clone_1.23__moc_1.64__mcnn_1.80__moncnn_1.45__MaxEval_102__ProbPAs_0.95__sb_byTime_sbth_3600000__Algo_nsgaii,12,lqn2uml,400
NSGA,simplified-cocome__BRF_clone_1.23__moc_1.64__mcnn_1.80__moncnn_1.45__MaxEval_102__ProbPAs_0.95__sb_byTime_sbth_3600000__Algo_nsgaii,12,counting_pas,12,7861
simplified-cocome,simplified-cocome__BRF_clone_1.23__moc_1.64__mcnn_1.80__moncnn_1.45__MaxEval_102__ProbPAs_0.95__sb_byTime_sbth_3600000__Algo_nsgaii,12,perfQ,282
simplified-cocome,simplified-cocome__BRF_clone_1.23__moc_1.64__mcnn_1.80__moncnn_1.45__MaxEval_102__ProbPAs_0.95__sb_byTime_sbth_3600000__Algo_nsgaii,reliability,98
simplified-cocome,simplified-cocome__BRF_clone_1.23__moc_1.64__mcnn_1.80__moncnn_1.45__MaxEval_102__ProbPAs_0.95__sb_byTime_sbth_3600000__Algo_nsgaii,13,uml2lqn,1647
NSGA,simplified-cocome__BRF_clone_1.23__moc_1.64__mcnn_1.80__moncnn_1.45__MaxEval_102__ProbPAs_0.95__sb_byTime_sbth_3600000__Algo_nsgaii,13,invoke_solver,231
NSGA,simplified-cocome__BRF_clone_1.23__moc_1.64__mcnn_1.80__moncnn_1.45__MaxEval_102__ProbPAs_0.95__sb_byTime_sbth_3600000__Algo_nsgaii,13,lqn2uml,407
NSGA,simplified-cocome__BRF_clone_1.23__moc_1.64__mcnn_1.80__moncnn_1.45__MaxEval_102__ProbPAs_0.95__sb_byTime_sbth_3600000__Algo_nsgaii,13,counting_pas,13,6946
simplified-cocome,simplified-cocome__BRF_clone_1.23__moc_1.64__mcnn_1.80__moncnn_1.45__MaxEval_102__ProbPAs_0.95__sb_byTime_sbth_3600000__Algo_nsgaii,13,perfQ,314
simplified-cocome,simplified-cocome__BRF_clone_1.23__moc_1.64__mcnn_1.80__moncnn_1.45__MaxEval_102__ProbPAs_0.95__sb_byTime_sbth_3600000__Algo_nsgaii,reliability,125
simplified-cocome,simplified-cocome__BRF_clone_1.23__moc_1.64__mcnn_1.80__moncnn_1.45__MaxEval_102__ProbPAs_0.95__sb_byTime_sbth_3600000__Algo_nsgaii,14,uml2lqn,1792
NSGA,simplified-cocome__BRF_clone_1.23__moc_1.64__mcnn_1.80__moncnn_1.45__MaxEval_102__ProbPAs_0.95__sb_byTime_sbth_3600000__Algo_nsgaii,14,invoke_solver,33
NSGA,simplified-cocome__BRF_clone_1.23__moc_1.64__mcnn_1.80__moncnn_1.45__MaxEval_102__ProbPAs_0.95__sb_byTime_sbth_3600000__Algo_nsgaii,14,lqn2uml,386
NSGA,simplified-cocome__BRF_clone_1.23__moc_1.64__mcnn_1.80__moncnn_1.45__MaxEval_102__ProbPAs_0.95__sb_byTime_sbth_3600000__Algo_nsgaii,14,counting_pas,14,6660
simplified-cocome,simplified-cocome__BRF_clone_1.23__moc_1.64__mcnn_1.80__moncnn_1.45__MaxEval_102__ProbPAs_0.95__sb_byTime_sbth_3600000__Algo_nsgaii,14,perfQ,250
simplified-cocome,simplified-cocome__BRF_clone_1.23__moc_1.64__mcnn_1.80__moncnn_1.45__MaxEval_102__ProbPAs_0.95__sb_byTime_sbth_3600000__Algo_nsgaii,reliability,135
simplified-cocome,simplified-cocome__BRF_clone_1.23__moc_1.64__mcnn_1.80__moncnn_1.45__MaxEval_102__ProbPAs_0.95__sb_byTime_sbth_3600000__Algo_nsgaii,15,uml2lqn,1678
NSGA,simplified-cocome__BRF_clone_1.23__moc_1.64__mcnn_1.80__moncnn_1.45__MaxEval_102__ProbPAs_0.95__sb_byTime_sbth_3600000__Algo_nsgaii,15,invoke_solver,38
NSGA,simplified-cocome__BRF_clone_1.23__moc_1.64__mcnn_1.80__moncnn_1.45__MaxEval_102__ProbPAs_0.95__sb_byTime_sbth_3600000__Algo_nsgaii,15,lqn2uml,366
NSGA,simplified-cocome__BRF_clone_1.23__moc_1.64__mcnn_1.80__moncnn_1.45__MaxEval_102__ProbPAs_0.95__sb_byTime_sbth_3600000__Algo_nsgaii,15,counting_pas,15,5891
simplified-cocome,simplified-cocome__BRF_clone_1.23__moc_1.64__mcnn_1.80__moncnn_1.45__MaxEval_102__ProbPAs_0.95__sb_byTime_sbth_3600000__Algo_nsgaii,15,perfQ,343
simplified-cocome,simplified-cocome__BRF_clone_1.23__moc_1.64__mcnn_1.80__moncnn_1.45__MaxEval_102__ProbPAs_0.95__sb_byTime_sbth_3600000__Algo_nsgaii,reliability,112
simplified-cocome,simplified-cocome__BRF_clone_1.23__moc_1.64__mcnn_1.80__moncnn_1.45__MaxEval_102__ProbPAs_0.95__sb_byTime_sbth_3600000__Algo_nsgaii,16,uml2lqn,2281
NSGA,simplified-cocome__BRF_clone_1.23__moc_1.64__mcnn_1.80__moncnn_1.45__MaxEval_102__ProbPAs_0.95__sb_byTime_sbth_3600000__Algo_nsgaii,16,invoke_solver,251
NSGA,simplified-cocome__BRF_clone_1.23__moc_1.64__mcnn_1.80__moncnn_1.45__MaxEval_102__ProbPAs_0.95__sb_byTime_sbth_3600000__Algo_nsgaii,16,lqn2uml,624
NSGA,simplified-cocome__BRF_clone_1.23__moc_1.64__mcnn_1.80__moncnn_1.45__MaxEval_102__ProbPAs_0.95__sb_byTime_sbth_3600000__Algo_nsgaii,16,counting_pas,16,7768
simplified-cocome,simplified-cocome__BRF_clone_1.23__moc_1.64__mcnn_1.80__moncnn_1.45__MaxEval_102__ProbPAs_0.95__sb_byTime_sbth_3600000__Algo_nsgaii,16,perfQ,612
simplified-cocome,simplified-cocome__BRF_clone_1.23__moc_1.64__mcnn_1.80__moncnn_1.45__MaxEval_102__ProbPAs_0.95__sb_byTime_sbth_3600000__Algo_nsgaii,reliability,166
simplified-cocome,simplified-cocome__BRF_clone_1.23__moc_1.64__mcnn_1.80__moncnn_1.45__MaxEval_102__ProbPAs_0.95__sb_byTime_sbth_3600000__Algo_nsgaii,17,uml2lqn,1904
NSGA,simplified-cocome__BRF_clone_1.23__moc_1.64__mcnn_1.80__moncnn_1.45__MaxEval_102__ProbPAs_0.95__sb_byTime_sbth_3600000__Algo_nsgaii,17,invoke_solver,103
NSGA,simplified-cocome__BRF_clone_1.23__moc_1.64__mcnn_1.80__moncnn_1.45__MaxEval_102__ProbPAs_0.95__sb_byTime_sbth_3600000__Algo_nsgaii,17,lqn2uml,696
NSGA,simplified-cocome__BRF_clone_1.23__moc_1.64__mcnn_1.80__moncnn_1.45__MaxEval_102__ProbPAs_0.95__sb_byTime_sbth_3600000__Algo_nsgaii,17,counting_pas,17,8087
simplified-cocome,simplified-cocome__BRF_clone_1.23__moc_1.64__mcnn_1.80__moncnn_1.45__MaxEval_102__ProbPAs_0.95__sb_byTime_sbth_3600000__Algo_nsgaii,17,perfQ,858
simplified-cocome,simplified-cocome__BRF_clone_1.23__moc_1.64__mcnn_1.80__moncnn_1.45__MaxEval_102__ProbPAs_0.95__sb_byTime_sbth_3600000__Algo_nsgaii,reliability,136
simplified-cocome,simplified-cocome__BRF_clone_1.23__moc_1.64__mcnn_1.80__moncnn_1.45__MaxEval_102__ProbPAs_0.95__sb_byTime_sbth_3600000__Algo_nsgaii,20,uml2lqn,1717
NSGA,simplified-cocome__BRF_clone_1.23__moc_1.64__mcnn_1.80__moncnn_1.45__MaxEval_102__ProbPAs_0.95__sb_byTime_sbth_3600000__Algo_nsgaii,20,invoke_solver,227
NSGA,simplified-cocome__BRF_clone_1.23__moc_1.64__mcnn_1.80__moncnn_1.45__MaxEval_102__ProbPAs_0.95__sb_byTime_sbth_3600000__Algo_nsgaii,20,lqn2uml,650
NSGA,simplified-cocome__BRF_clone_1.23__moc_1.64__mcnn_1.80__moncnn_1.45__MaxEval_102__ProbPAs_0.95__sb_byTime_sbth_3600000__Algo_nsgaii,20,counting_pas,20,7236
simplified-cocome,simplified-cocome__BRF_clone_1.23__moc_1.64__mcnn_1.80__moncnn_1.45__MaxEval_102__ProbPAs_0.95__sb_byTime_sbth_3600000__Algo_nsgaii,20,perfQ,544
simplified-cocome,simplified-cocome__BRF_clone_1.23__moc_1.64__mcnn_1.80__moncnn_1.45__MaxEval_102__ProbPAs_0.95__sb_byTime_sbth_3600000__Algo_nsgaii,reliability,202
simplified-cocome,simplified-cocome__BRF_clone_1.23__moc_1.64__mcnn_1.80__moncnn_1.45__MaxEval_102__ProbPAs_0.95__sb_byTime_sbth_3600000__Algo_nsgaii,21,uml2lqn,1890
NSGA,simplified-cocome__BRF_clone_1.23__moc_1.64__mcnn_1.80__moncnn_1.45__MaxEval_102__ProbPAs_0.95__sb_byTime_sbth_3600000__Algo_nsgaii,21,invoke_solver,58
NSGA,simplified-cocome__BRF_clone_1.23__moc_1.64__mcnn_1.80__moncnn_1.45__MaxEval_102__ProbPAs_0.95__sb_byTime_sbth_3600000__Algo_nsgaii,21,lqn2uml,586
NSGA,simplified-cocome__BRF_clone_1.23__moc_1.64__mcnn_1.80__moncnn_1.45__MaxEval_102__ProbPAs_0.95__sb_byTime_sbth_3600000__Algo_nsgaii,21,counting_pas,21,7259
simplified-cocome,simplified-cocome__BRF_clone_1.23__moc_1.64__mcnn_1.80__moncnn_1.45__MaxEval_102__ProbPAs_0.95__sb_byTime_sbth_3600000__Algo_nsgaii,21,perfQ,642
simplified-cocome,simplified-cocome__BRF_clone_1.23__moc_1.64__mcnn_1.80__moncnn_1.45__MaxEval_102__ProbPAs_0.95__sb_byTime_sbth_3600000__Algo_nsgaii,reliability,112
simplified-cocome,simplified-cocome__BRF_clone_1.23__moc_1.64__mcnn_1.80__moncnn_1.45__MaxEval_102__ProbPAs_0.95__sb_byTime_sbth_3600000__Algo_nsgaii,24,uml2lqn,1723
NSGA,simplified-cocome__BRF_clone_1.23__moc_1.64__mcnn_1.80__moncnn_1.45__MaxEval_102__ProbPAs_0.95__sb_byTime_sbth_3600000__Algo_nsgaii,24,invoke_solver,71
NSGA,simplified-cocome__BRF_clone_1.23__moc_1.64__mcnn_1.80__moncnn_1.45__MaxEval_102__ProbPAs_0.95__sb_byTime_sbth_3600000__Algo_nsgaii,24,lqn2uml,512
NSGA,simplified-cocome__BRF_clone_1.23__moc_1.64__mcnn_1.80__moncnn_1.45__MaxEval_102__ProbPAs_0.95__sb_byTime_sbth_3600000__Algo_nsgaii,24,counting_pas,24,8224
simplified-cocome,simplified-cocome__BRF_clone_1.23__moc_1.64__mcnn_1.80__moncnn_1.45__MaxEval_102__ProbPAs_0.95__sb_byTime_sbth_3600000__Algo_nsgaii,24,perfQ,377
simplified-cocome,simplified-cocome__BRF_clone_1.23__moc_1.64__mcnn_1.80__moncnn_1.45__MaxEval_102__ProbPAs_0.95__sb_byTime_sbth_3600000__Algo_nsgaii,reliability,205
simplified-cocome,simplified-cocome__BRF_clone_1.23__moc_1.64__mcnn_1.80__moncnn_1.45__MaxEval_102__ProbPAs_0.95__sb_byTime_sbth_3600000__Algo_nsgaii,25,uml2lqn,2004
NSGA,simplified-cocome__BRF_clone_1.23__moc_1.64__mcnn_1.80__moncnn_1.45__MaxEval_102__ProbPAs_0.95__sb_byTime_sbth_3600000__Algo_nsgaii,25,invoke_solver,252
NSGA,simplified-cocome__BRF_clone_1.23__moc_1.64__mcnn_1.80__moncnn_1.45__MaxEval_102__ProbPAs_0.95__sb_byTime_sbth_3600000__Algo_nsgaii,25,lqn2uml,585
NSGA,simplified-cocome__BRF_clone_1.23__moc_1.64__mcnn_1.80__moncnn_1.45__MaxEval_102__ProbPAs_0.95__sb_byTime_sbth_3600000__Algo_nsgaii,25,counting_pas,25,7492
simplified-cocome,simplified-cocome__BRF_clone_1.23__moc_1.64__mcnn_1.80__moncnn_1.45__MaxEval_102__ProbPAs_0.95__sb_byTime_sbth_3600000__Algo_nsgaii,25,perfQ,604
simplified-cocome,simplified-cocome__BRF_clone_1.23__moc_1.64__mcnn_1.80__moncnn_1.45__MaxEval_102__ProbPAs_0.95__sb_byTime_sbth_3600000__Algo_nsgaii,reliability,126
simplified-cocome,simplified-cocome__BRF_clone_1.23__moc_1.64__mcnn_1.80__moncnn_1.45__MaxEval_102__ProbPAs_0.95__sb_byTime_sbth_3600000__Algo_nsgaii,28,uml2lqn,2081
NSGA,simplified-cocome__BRF_clone_1.23__moc_1.64__mcnn_1.80__moncnn_1.45__MaxEval_102__ProbPAs_0.95__sb_byTime_sbth_3600000__Algo_nsgaii,28,invoke_solver,250
NSGA,simplified-cocome__BRF_clone_1.23__moc_1.64__mcnn_1.80__moncnn_1.45__MaxEval_102__ProbPAs_0.95__sb_byTime_sbth_3600000__Algo_nsgaii,28,lqn2uml,451
NSGA,simplified-cocome__BRF_clone_1.23__moc_1.64__mcnn_1.80__moncnn_1.45__MaxEval_102__ProbPAs_0.95__sb_byTime_sbth_3600000__Algo_nsgaii,28,counting_pas,28,8756
simplified-cocome,simplified-cocome__BRF_clone_1.23__moc_1.64__mcnn_1.80__moncnn_1.45__MaxEval_102__ProbPAs_0.95__sb_byTime_sbth_3600000__Algo_nsgaii,28,perfQ,391
simplified-cocome,simplified-cocome__BRF_clone_1.23__moc_1.64__mcnn_1.80__moncnn_1.45__MaxEval_102__ProbPAs_0.95__sb_byTime_sbth_3600000__Algo_nsgaii,reliability,148
simplified-cocome,simplified-cocome__BRF_clone_1.23__moc_1.64__mcnn_1.80__moncnn_1.45__MaxEval_102__ProbPAs_0.95__sb_byTime_sbth_3600000__Algo_nsgaii,29,uml2lqn,1990
NSGA,simplified-cocome__BRF_clone_1.23__moc_1.64__mcnn_1.80__moncnn_1.45__MaxEval_102__ProbPAs_0.95__sb_byTime_sbth_3600000__Algo_nsgaii,29,invoke_solver,283
NSGA,simplified-cocome__BRF_clone_1.23__moc_1.64__mcnn_1.80__moncnn_1.45__MaxEval_102__ProbPAs_0.95__sb_byTime_sbth_3600000__Algo_nsgaii,29,lqn2uml,662
NSGA,simplified-cocome__BRF_clone_1.23__moc_1.64__mcnn_1.80__moncnn_1.45__MaxEval_102__ProbPAs_0.95__sb_byTime_sbth_3600000__Algo_nsgaii,29,counting_pas,29,7672
simplified-cocome,simplified-cocome__BRF_clone_1.23__moc_1.64__mcnn_1.80__moncnn_1.45__MaxEval_102__ProbPAs_0.95__sb_byTime_sbth_3600000__Algo_nsgaii,29,perfQ,557
simplified-cocome,simplified-cocome__BRF_clone_1.23__moc_1.64__mcnn_1.80__moncnn_1.45__MaxEval_102__ProbPAs_0.95__sb_byTime_sbth_3600000__Algo_nsgaii,reliability,145
simplified-cocome,simplified-cocome__BRF_clone_1.23__moc_1.64__mcnn_1.80__moncnn_1.45__MaxEval_102__ProbPAs_0.95__sb_byTime_sbth_3600000__Algo_nsgaii,32,uml2lqn,2004
NSGA,simplified-cocome__BRF_clone_1.23__moc_1.64__mcnn_1.80__moncnn_1.45__MaxEval_102__ProbPAs_0.95__sb_byTime_sbth_3600000__Algo_nsgaii,32,invoke_solver,41
NSGA,simplified-cocome__BRF_clone_1.23__moc_1.64__mcnn_1.80__moncnn_1.45__MaxEval_102__ProbPAs_0.95__sb_byTime_sbth_3600000__Algo_nsgaii,32,lqn2uml,686
NSGA,simplified-cocome__BRF_clone_1.23__moc_1.64__mcnn_1.80__moncnn_1.45__MaxEval_102__ProbPAs_0.95__sb_byTime_sbth_3600000__Algo_nsgaii,32,counting_pas,32,7367
simplified-cocome,simplified-cocome__BRF_clone_1.23__moc_1.64__mcnn_1.80__moncnn_1.45__MaxEval_102__ProbPAs_0.95__sb_byTime_sbth_3600000__Algo_nsgaii,32,perfQ,601
simplified-cocome,simplified-cocome__BRF_clone_1.23__moc_1.64__mcnn_1.80__moncnn_1.45__MaxEval_102__ProbPAs_0.95__sb_byTime_sbth_3600000__Algo_nsgaii,reliability,139
simplified-cocome,simplified-cocome__BRF_clone_1.23__moc_1.64__mcnn_1.80__moncnn_1.45__MaxEval_102__ProbPAs_0.95__sb_byTime_sbth_3600000__Algo_nsgaii,33,uml2lqn,2384
NSGA,simplified-cocome__BRF_clone_1.23__moc_1.64__mcnn_1.80__moncnn_1.45__MaxEval_102__ProbPAs_0.95__sb_byTime_sbth_3600000__Algo_nsgaii,33,invoke_solver,117
NSGA,simplified-cocome__BRF_clone_1.23__moc_1.64__mcnn_1.80__moncnn_1.45__MaxEval_102__ProbPAs_0.95__sb_byTime_sbth_3600000__Algo_nsgaii,33,lqn2uml,782
NSGA,simplified-cocome__BRF_clone_1.23__moc_1.64__mcnn_1.80__moncnn_1.45__MaxEval_102__ProbPAs_0.95__sb_byTime_sbth_3600000__Algo_nsgaii,33,counting_pas,33,7598
simplified-cocome,simplified-cocome__BRF_clone_1.23__moc_1.64__mcnn_1.80__moncnn_1.45__MaxEval_102__ProbPAs_0.95__sb_byTime_sbth_3600000__Algo_nsgaii,33,perfQ,566
simplified-cocome,simplified-cocome__BRF_clone_1.23__moc_1.64__mcnn_1.80__moncnn_1.45__MaxEval_102__ProbPAs_0.95__sb_byTime_sbth_3600000__Algo_nsgaii,reliability,201
simplified-cocome,simplified-cocome__BRF_clone_1.23__moc_1.64__mcnn_1.80__moncnn_1.45__MaxEval_102__ProbPAs_0.95__sb_byTime_sbth_3600000__Algo_nsgaii,34,uml2lqn,2192
NSGA,simplified-cocome__BRF_clone_1.23__moc_1.64__mcnn_1.80__moncnn_1.45__MaxEval_102__ProbPAs_0.95__sb_byTime_sbth_3600000__Algo_nsgaii,34,invoke_solver,289
NSGA,simplified-cocome__BRF_clone_1.23__moc_1.64__mcnn_1.80__moncnn_1.45__MaxEval_102__ProbPAs_0.95__sb_byTime_sbth_3600000__Algo_nsgaii,34,lqn2uml,686
NSGA,simplified-cocome__BRF_clone_1.23__moc_1.64__mcnn_1.80__moncnn_1.45__MaxEval_102__ProbPAs_0.95__sb_byTime_sbth_3600000__Algo_nsgaii,34,counting_pas,34,7841
simplified-cocome,simplified-cocome__BRF_clone_1.23__moc_1.64__mcnn_1.80__moncnn_1.45__MaxEval_102__ProbPAs_0.95__sb_byTime_sbth_3600000__Algo_nsgaii,34,perfQ,574
simplified-cocome,simplified-cocome__BRF_clone_1.23__moc_1.64__mcnn_1.80__moncnn_1.45__MaxEval_102__ProbPAs_0.95__sb_byTime_sbth_3600000__Algo_nsgaii,reliability,154
simplified-cocome,simplified-cocome__BRF_clone_1.23__moc_1.64__mcnn_1.80__moncnn_1.45__MaxEval_102__ProbPAs_0.95__sb_byTime_sbth_3600000__Algo_nsgaii,35,uml2lqn,2169
NSGA,simplified-cocome__BRF_clone_1.23__moc_1.64__mcnn_1.80__moncnn_1.45__MaxEval_102__ProbPAs_0.95__sb_byTime_sbth_3600000__Algo_nsgaii,35,invoke_solver,47
NSGA,simplified-cocome__BRF_clone_1.23__moc_1.64__mcnn_1.80__moncnn_1.45__MaxEval_102__ProbPAs_0.95__sb_byTime_sbth_3600000__Algo_nsgaii,35,lqn2uml,530
NSGA,simplified-cocome__BRF_clone_1.23__moc_1.64__mcnn_1.80__moncnn_1.45__MaxEval_102__ProbPAs_0.95__sb_byTime_sbth_3600000__Algo_nsgaii,35,counting_pas,35,7825
simplified-cocome,simplified-cocome__BRF_clone_1.23__moc_1.64__mcnn_1.80__moncnn_1.45__MaxEval_102__ProbPAs_0.95__sb_byTime_sbth_3600000__Algo_nsgaii,35,perfQ,596
simplified-cocome,simplified-cocome__BRF_clone_1.23__moc_1.64__mcnn_1.80__moncnn_1.45__MaxEval_102__ProbPAs_0.95__sb_byTime_sbth_3600000__Algo_nsgaii,reliability,162
simplified-cocome,simplified-cocome__BRF_clone_1.23__moc_1.64__mcnn_1.80__moncnn_1.45__MaxEval_102__ProbPAs_0.95__sb_byTime_sbth_3600000__Algo_nsgaii,38,uml2lqn,1809
NSGA,simplified-cocome__BRF_clone_1.23__moc_1.64__mcnn_1.80__moncnn_1.45__MaxEval_102__ProbPAs_0.95__sb_byTime_sbth_3600000__Algo_nsgaii,38,invoke_solver,262
NSGA,simplified-cocome__BRF_clone_1.23__moc_1.64__mcnn_1.80__moncnn_1.45__MaxEval_102__ProbPAs_0.95__sb_byTime_sbth_3600000__Algo_nsgaii,38,lqn2uml,711
NSGA,simplified-cocome__BRF_clone_1.23__moc_1.64__mcnn_1.80__moncnn_1.45__MaxEval_102__ProbPAs_0.95__sb_byTime_sbth_3600000__Algo_nsgaii,38,counting_pas,38,8121
simplified-cocome,simplified-cocome__BRF_clone_1.23__moc_1.64__mcnn_1.80__moncnn_1.45__MaxEval_102__ProbPAs_0.95__sb_byTime_sbth_3600000__Algo_nsgaii,38,perfQ,355
simplified-cocome,simplified-cocome__BRF_clone_1.23__moc_1.64__mcnn_1.80__moncnn_1.45__MaxEval_102__ProbPAs_0.95__sb_byTime_sbth_3600000__Algo_nsgaii,reliability,137
simplified-cocome,simplified-cocome__BRF_clone_1.23__moc_1.64__mcnn_1.80__moncnn_1.45__MaxEval_102__ProbPAs_0.95__sb_byTime_sbth_3600000__Algo_nsgaii,39,uml2lqn,2219
NSGA,simplified-cocome__BRF_clone_1.23__moc_1.64__mcnn_1.80__moncnn_1.45__MaxEval_102__ProbPAs_0.95__sb_byTime_sbth_3600000__Algo_nsgaii,39,invoke_solver,127
NSGA,simplified-cocome__BRF_clone_1.23__moc_1.64__mcnn_1.80__moncnn_1.45__MaxEval_102__ProbPAs_0.95__sb_byTime_sbth_3600000__Algo_nsgaii,39,lqn2uml,464
NSGA,simplified-cocome__BRF_clone_1.23__moc_1.64__mcnn_1.80__moncnn_1.45__MaxEval_102__ProbPAs_0.95__sb_byTime_sbth_3600000__Algo_nsgaii,39,counting_pas,39,8098
simplified-cocome,simplified-cocome__BRF_clone_1.23__moc_1.64__mcnn_1.80__moncnn_1.45__MaxEval_102__ProbPAs_0.95__sb_byTime_sbth_3600000__Algo_nsgaii,39,perfQ,478
simplified-cocome,simplified-cocome__BRF_clone_1.23__moc_1.64__mcnn_1.80__moncnn_1.45__MaxEval_102__ProbPAs_0.95__sb_byTime_sbth_3600000__Algo_nsgaii,reliability,135
simplified-cocome,simplified-cocome__BRF_clone_1.23__moc_1.64__mcnn_1.80__moncnn_1.45__MaxEval_102__ProbPAs_0.95__sb_byTime_sbth_3600000__Algo_nsgaii,42,uml2lqn,1732
NSGA,simplified-cocome__BRF_clone_1.23__moc_1.64__mcnn_1.80__moncnn_1.45__MaxEval_102__ProbPAs_0.95__sb_byTime_sbth_3600000__Algo_nsgaii,42,invoke_solver,228
NSGA,simplified-cocome__BRF_clone_1.23__moc_1.64__mcnn_1.80__moncnn_1.45__MaxEval_102__ProbPAs_0.95__sb_byTime_sbth_3600000__Algo_nsgaii,42,lqn2uml,596
NSGA,simplified-cocome__BRF_clone_1.23__moc_1.64__mcnn_1.80__moncnn_1.45__MaxEval_102__ProbPAs_0.95__sb_byTime_sbth_3600000__Algo_nsgaii,42,counting_pas,42,6730
simplified-cocome,simplified-cocome__BRF_clone_1.23__moc_1.64__mcnn_1.80__moncnn_1.45__MaxEval_102__ProbPAs_0.95__sb_byTime_sbth_3600000__Algo_nsgaii,42,perfQ,333
simplified-cocome,simplified-cocome__BRF_clone_1.23__moc_1.64__mcnn_1.80__moncnn_1.45__MaxEval_102__ProbPAs_0.95__sb_byTime_sbth_3600000__Algo_nsgaii,reliability,103
simplified-cocome,simplified-cocome__BRF_clone_1.23__moc_1.64__mcnn_1.80__moncnn_1.45__MaxEval_102__ProbPAs_0.95__sb_byTime_sbth_3600000__Algo_nsgaii,43,uml2lqn,2150
NSGA,simplified-cocome__BRF_clone_1.23__moc_1.64__mcnn_1.80__moncnn_1.45__MaxEval_102__ProbPAs_0.95__sb_byTime_sbth_3600000__Algo_nsgaii,43,invoke_solver,236
NSGA,simplified-cocome__BRF_clone_1.23__moc_1.64__mcnn_1.80__moncnn_1.45__MaxEval_102__ProbPAs_0.95__sb_byTime_sbth_3600000__Algo_nsgaii,43,lqn2uml,632
NSGA,simplified-cocome__BRF_clone_1.23__moc_1.64__mcnn_1.80__moncnn_1.45__MaxEval_102__ProbPAs_0.95__sb_byTime_sbth_3600000__Algo_nsgaii,43,counting_pas,43,7303
simplified-cocome,simplified-cocome__BRF_clone_1.23__moc_1.64__mcnn_1.80__moncnn_1.45__MaxEval_102__ProbPAs_0.95__sb_byTime_sbth_3600000__Algo_nsgaii,43,perfQ,329
simplified-cocome,simplified-cocome__BRF_clone_1.23__moc_1.64__mcnn_1.80__moncnn_1.45__MaxEval_102__ProbPAs_0.95__sb_byTime_sbth_3600000__Algo_nsgaii,reliability,151
simplified-cocome,simplified-cocome__BRF_clone_1.23__moc_1.64__mcnn_1.80__moncnn_1.45__MaxEval_102__ProbPAs_0.95__sb_byTime_sbth_3600000__Algo_nsgaii,48,uml2lqn,2310
NSGA,simplified-cocome__BRF_clone_1.23__moc_1.64__mcnn_1.80__moncnn_1.45__MaxEval_102__ProbPAs_0.95__sb_byTime_sbth_3600000__Algo_nsgaii,48,invoke_solver,257
NSGA,simplified-cocome__BRF_clone_1.23__moc_1.64__mcnn_1.80__moncnn_1.45__MaxEval_102__ProbPAs_0.95__sb_byTime_sbth_3600000__Algo_nsgaii,48,lqn2uml,840
NSGA,simplified-cocome__BRF_clone_1.23__moc_1.64__mcnn_1.80__moncnn_1.45__MaxEval_102__ProbPAs_0.95__sb_byTime_sbth_3600000__Algo_nsgaii,48,counting_pas,48,7984
simplified-cocome,simplified-cocome__BRF_clone_1.23__moc_1.64__mcnn_1.80__moncnn_1.45__MaxEval_102__ProbPAs_0.95__sb_byTime_sbth_3600000__Algo_nsgaii,48,perfQ,790
simplified-cocome,simplified-cocome__BRF_clone_1.23__moc_1.64__mcnn_1.80__moncnn_1.45__MaxEval_102__ProbPAs_0.95__sb_byTime_sbth_3600000__Algo_nsgaii,reliability,152
simplified-cocome,simplified-cocome__BRF_clone_1.23__moc_1.64__mcnn_1.80__moncnn_1.45__MaxEval_102__ProbPAs_0.95__sb_byTime_sbth_3600000__Algo_nsgaii,49,uml2lqn,2555
NSGA,simplified-cocome__BRF_clone_1.23__moc_1.64__mcnn_1.80__moncnn_1.45__MaxEval_102__ProbPAs_0.95__sb_byTime_sbth_3600000__Algo_nsgaii,49,invoke_solver,303
NSGA,simplified-cocome__BRF_clone_1.23__moc_1.64__mcnn_1.80__moncnn_1.45__MaxEval_102__ProbPAs_0.95__sb_byTime_sbth_3600000__Algo_nsgaii,49,lqn2uml,509
NSGA,simplified-cocome__BRF_clone_1.23__moc_1.64__mcnn_1.80__moncnn_1.45__MaxEval_102__ProbPAs_0.95__sb_byTime_sbth_3600000__Algo_nsgaii,49,counting_pas,49,7648
simplified-cocome,simplified-cocome__BRF_clone_1.23__moc_1.64__mcnn_1.80__moncnn_1.45__MaxEval_102__ProbPAs_0.95__sb_byTime_sbth_3600000__Algo_nsgaii,49,perfQ,967
simplified-cocome,simplified-cocome__BRF_clone_1.23__moc_1.64__mcnn_1.80__moncnn_1.45__MaxEval_102__ProbPAs_0.95__sb_byTime_sbth_3600000__Algo_nsgaii,reliability,171
simplified-cocome,simplified-cocome__BRF_clone_1.23__moc_1.64__mcnn_1.80__moncnn_1.45__MaxEval_102__ProbPAs_0.95__sb_byTime_sbth_3600000__Algo_nsgaii,50,uml2lqn,2510
NSGA,simplified-cocome__BRF_clone_1.23__moc_1.64__mcnn_1.80__moncnn_1.45__MaxEval_102__ProbPAs_0.95__sb_byTime_sbth_3600000__Algo_nsgaii,50,invoke_solver,253
NSGA,simplified-cocome__BRF_clone_1.23__moc_1.64__mcnn_1.80__moncnn_1.45__MaxEval_102__ProbPAs_0.95__sb_byTime_sbth_3600000__Algo_nsgaii,50,lqn2uml,991
NSGA,simplified-cocome__BRF_clone_1.23__moc_1.64__mcnn_1.80__moncnn_1.45__MaxEval_102__ProbPAs_0.95__sb_byTime_sbth_3600000__Algo_nsgaii,50,counting_pas,50,7330
simplified-cocome,simplified-cocome__BRF_clone_1.23__moc_1.64__mcnn_1.80__moncnn_1.45__MaxEval_102__ProbPAs_0.95__sb_byTime_sbth_3600000__Algo_nsgaii,50,perfQ,1015
simplified-cocome,simplified-cocome__BRF_clone_1.23__moc_1.64__mcnn_1.80__moncnn_1.45__MaxEval_102__ProbPAs_0.95__sb_byTime_sbth_3600000__Algo_nsgaii,reliability,178
simplified-cocome,simplified-cocome__BRF_clone_1.23__moc_1.64__mcnn_1.80__moncnn_1.45__MaxEval_102__ProbPAs_0.95__sb_byTime_sbth_3600000__Algo_nsgaii,51,uml2lqn,2652
NSGA,simplified-cocome__BRF_clone_1.23__moc_1.64__mcnn_1.80__moncnn_1.45__MaxEval_102__ProbPAs_0.95__sb_byTime_sbth_3600000__Algo_nsgaii,51,invoke_solver,302
NSGA,simplified-cocome__BRF_clone_1.23__moc_1.64__mcnn_1.80__moncnn_1.45__MaxEval_102__ProbPAs_0.95__sb_byTime_sbth_3600000__Algo_nsgaii,51,lqn2uml,1217
NSGA,simplified-cocome__BRF_clone_1.23__moc_1.64__mcnn_1.80__moncnn_1.45__MaxEval_102__ProbPAs_0.95__sb_byTime_sbth_3600000__Algo_nsgaii,51,counting_pas,51,7400
simplified-cocome,simplified-cocome__BRF_clone_1.23__moc_1.64__mcnn_1.80__moncnn_1.45__MaxEval_102__ProbPAs_0.95__sb_byTime_sbth_3600000__Algo_nsgaii,51,perfQ,579
simplified-cocome,simplified-cocome__BRF_clone_1.23__moc_1.64__mcnn_1.80__moncnn_1.45__MaxEval_102__ProbPAs_0.95__sb_byTime_sbth_3600000__Algo_nsgaii,reliability,143
simplified-cocome,simplified-cocome__BRF_clone_1.23__moc_1.64__mcnn_1.80__moncnn_1.45__MaxEval_102__ProbPAs_0.95__sb_byTime_sbth_3600000__Algo_nsgaii,54,uml2lqn,2729
NSGA,simplified-cocome__BRF_clone_1.23__moc_1.64__mcnn_1.80__moncnn_1.45__MaxEval_102__ProbPAs_0.95__sb_byTime_sbth_3600000__Algo_nsgaii,54,invoke_solver,299
NSGA,simplified-cocome__BRF_clone_1.23__moc_1.64__mcnn_1.80__moncnn_1.45__MaxEval_102__ProbPAs_0.95__sb_byTime_sbth_3600000__Algo_nsgaii,54,lqn2uml,1189
NSGA,simplified-cocome__BRF_clone_1.23__moc_1.64__mcnn_1.80__moncnn_1.45__MaxEval_102__ProbPAs_0.95__sb_byTime_sbth_3600000__Algo_nsgaii,54,counting_pas,54,7702
simplified-cocome,simplified-cocome__BRF_clone_1.23__moc_1.64__mcnn_1.80__moncnn_1.45__MaxEval_102__ProbPAs_0.95__sb_byTime_sbth_3600000__Algo_nsgaii,54,perfQ,1196
simplified-cocome,simplified-cocome__BRF_clone_1.23__moc_1.64__mcnn_1.80__moncnn_1.45__MaxEval_102__ProbPAs_0.95__sb_byTime_sbth_3600000__Algo_nsgaii,reliability,156
simplified-cocome,simplified-cocome__BRF_clone_1.23__moc_1.64__mcnn_1.80__moncnn_1.45__MaxEval_102__ProbPAs_0.95__sb_byTime_sbth_3600000__Algo_nsgaii,55,uml2lqn,2964
NSGA,simplified-cocome__BRF_clone_1.23__moc_1.64__mcnn_1.80__moncnn_1.45__MaxEval_102__ProbPAs_0.95__sb_byTime_sbth_3600000__Algo_nsgaii,55,invoke_solver,326
NSGA,simplified-cocome__BRF_clone_1.23__moc_1.64__mcnn_1.80__moncnn_1.45__MaxEval_102__ProbPAs_0.95__sb_byTime_sbth_3600000__Algo_nsgaii,55,lqn2uml,1088
NSGA,simplified-cocome__BRF_clone_1.23__moc_1.64__mcnn_1.80__moncnn_1.45__MaxEval_102__ProbPAs_0.95__sb_byTime_sbth_3600000__Algo_nsgaii,55,counting_pas,55,8348
simplified-cocome,simplified-cocome__BRF_clone_1.23__moc_1.64__mcnn_1.80__moncnn_1.45__MaxEval_102__ProbPAs_0.95__sb_byTime_sbth_3600000__Algo_nsgaii,55,perfQ,717
simplified-cocome,simplified-cocome__BRF_clone_1.23__moc_1.64__mcnn_1.80__moncnn_1.45__MaxEval_102__ProbPAs_0.95__sb_byTime_sbth_3600000__Algo_nsgaii,reliability,158
simplified-cocome,simplified-cocome__BRF_clone_1.23__moc_1.64__mcnn_1.80__moncnn_1.45__MaxEval_102__ProbPAs_0.95__sb_byTime_sbth_3600000__Algo_nsgaii,58,uml2lqn,2452
NSGA,simplified-cocome__BRF_clone_1.23__moc_1.64__mcnn_1.80__moncnn_1.45__MaxEval_102__ProbPAs_0.95__sb_byTime_sbth_3600000__Algo_nsgaii,58,invoke_solver,155
NSGA,simplified-cocome__BRF_clone_1.23__moc_1.64__mcnn_1.80__moncnn_1.45__MaxEval_102__ProbPAs_0.95__sb_byTime_sbth_3600000__Algo_nsgaii,58,lqn2uml,982
NSGA,simplified-cocome__BRF_clone_1.23__moc_1.64__mcnn_1.80__moncnn_1.45__MaxEval_102__ProbPAs_0.95__sb_byTime_sbth_3600000__Algo_nsgaii,58,counting_pas,58,7949
simplified-cocome,simplified-cocome__BRF_clone_1.23__moc_1.64__mcnn_1.80__moncnn_1.45__MaxEval_102__ProbPAs_0.95__sb_byTime_sbth_3600000__Algo_nsgaii,58,perfQ,1195
simplified-cocome,simplified-cocome__BRF_clone_1.23__moc_1.64__mcnn_1.80__moncnn_1.45__MaxEval_102__ProbPAs_0.95__sb_byTime_sbth_3600000__Algo_nsgaii,reliability,156
simplified-cocome,simplified-cocome__BRF_clone_1.23__moc_1.64__mcnn_1.80__moncnn_1.45__MaxEval_102__ProbPAs_0.95__sb_byTime_sbth_3600000__Algo_nsgaii,59,uml2lqn,2181
NSGA,simplified-cocome__BRF_clone_1.23__moc_1.64__mcnn_1.80__moncnn_1.45__MaxEval_102__ProbPAs_0.95__sb_byTime_sbth_3600000__Algo_nsgaii,59,invoke_solver,298
NSGA,simplified-cocome__BRF_clone_1.23__moc_1.64__mcnn_1.80__moncnn_1.45__MaxEval_102__ProbPAs_0.95__sb_byTime_sbth_3600000__Algo_nsgaii,59,lqn2uml,1136
NSGA,simplified-cocome__BRF_clone_1.23__moc_1.64__mcnn_1.80__moncnn_1.45__MaxEval_102__ProbPAs_0.95__sb_byTime_sbth_3600000__Algo_nsgaii,59,counting_pas,59,7985
simplified-cocome,simplified-cocome__BRF_clone_1.23__moc_1.64__mcnn_1.80__moncnn_1.45__MaxEval_102__ProbPAs_0.95__sb_byTime_sbth_3600000__Algo_nsgaii,59,perfQ,1122
simplified-cocome,simplified-cocome__BRF_clone_1.23__moc_1.64__mcnn_1.80__moncnn_1.45__MaxEval_102__ProbPAs_0.95__sb_byTime_sbth_3600000__Algo_nsgaii,reliability,184
simplified-cocome,simplified-cocome__BRF_clone_1.23__moc_1.64__mcnn_1.80__moncnn_1.45__MaxEval_102__ProbPAs_0.95__sb_byTime_sbth_3600000__Algo_nsgaii,62,uml2lqn,2415
NSGA,simplified-cocome__BRF_clone_1.23__moc_1.64__mcnn_1.80__moncnn_1.45__MaxEval_102__ProbPAs_0.95__sb_byTime_sbth_3600000__Algo_nsgaii,62,invoke_solver,248
NSGA,simplified-cocome__BRF_clone_1.23__moc_1.64__mcnn_1.80__moncnn_1.45__MaxEval_102__ProbPAs_0.95__sb_byTime_sbth_3600000__Algo_nsgaii,62,lqn2uml,1050
NSGA,simplified-cocome__BRF_clone_1.23__moc_1.64__mcnn_1.80__moncnn_1.45__MaxEval_102__ProbPAs_0.95__sb_byTime_sbth_3600000__Algo_nsgaii,62,counting_pas,62,7950
simplified-cocome,simplified-cocome__BRF_clone_1.23__moc_1.64__mcnn_1.80__moncnn_1.45__MaxEval_102__ProbPAs_0.95__sb_byTime_sbth_3600000__Algo_nsgaii,62,perfQ,1404
simplified-cocome,simplified-cocome__BRF_clone_1.23__moc_1.64__mcnn_1.80__moncnn_1.45__MaxEval_102__ProbPAs_0.95__sb_byTime_sbth_3600000__Algo_nsgaii,reliability,243
simplified-cocome,simplified-cocome__BRF_clone_1.23__moc_1.64__mcnn_1.80__moncnn_1.45__MaxEval_102__ProbPAs_0.95__sb_byTime_sbth_3600000__Algo_nsgaii,63,uml2lqn,2463
NSGA,simplified-cocome__BRF_clone_1.23__moc_1.64__mcnn_1.80__moncnn_1.45__MaxEval_102__ProbPAs_0.95__sb_byTime_sbth_3600000__Algo_nsgaii,63,invoke_solver,302
NSGA,simplified-cocome__BRF_clone_1.23__moc_1.64__mcnn_1.80__moncnn_1.45__MaxEval_102__ProbPAs_0.95__sb_byTime_sbth_3600000__Algo_nsgaii,63,lqn2uml,903
NSGA,simplified-cocome__BRF_clone_1.23__moc_1.64__mcnn_1.80__moncnn_1.45__MaxEval_102__ProbPAs_0.95__sb_byTime_sbth_3600000__Algo_nsgaii,63,counting_pas,63,8943
simplified-cocome,simplified-cocome__BRF_clone_1.23__moc_1.64__mcnn_1.80__moncnn_1.45__MaxEval_102__ProbPAs_0.95__sb_byTime_sbth_3600000__Algo_nsgaii,63,perfQ,1097
simplified-cocome,simplified-cocome__BRF_clone_1.23__moc_1.64__mcnn_1.80__moncnn_1.45__MaxEval_102__ProbPAs_0.95__sb_byTime_sbth_3600000__Algo_nsgaii,reliability,206
simplified-cocome,simplified-cocome__BRF_clone_1.23__moc_1.64__mcnn_1.80__moncnn_1.45__MaxEval_102__ProbPAs_0.95__sb_byTime_sbth_3600000__Algo_nsgaii,66,uml2lqn,2432
NSGA,simplified-cocome__BRF_clone_1.23__moc_1.64__mcnn_1.80__moncnn_1.45__MaxEval_102__ProbPAs_0.95__sb_byTime_sbth_3600000__Algo_nsgaii,66,invoke_solver,267
NSGA,simplified-cocome__BRF_clone_1.23__moc_1.64__mcnn_1.80__moncnn_1.45__MaxEval_102__ProbPAs_0.95__sb_byTime_sbth_3600000__Algo_nsgaii,66,lqn2uml,885
NSGA,simplified-cocome__BRF_clone_1.23__moc_1.64__mcnn_1.80__moncnn_1.45__MaxEval_102__ProbPAs_0.95__sb_byTime_sbth_3600000__Algo_nsgaii,66,counting_pas,66,7256
simplified-cocome,simplified-cocome__BRF_clone_1.23__moc_1.64__mcnn_1.80__moncnn_1.45__MaxEval_102__ProbPAs_0.95__sb_byTime_sbth_3600000__Algo_nsgaii,66,perfQ,1212
simplified-cocome,simplified-cocome__BRF_clone_1.23__moc_1.64__mcnn_1.80__moncnn_1.45__MaxEval_102__ProbPAs_0.95__sb_byTime_sbth_3600000__Algo_nsgaii,reliability,225
simplified-cocome,simplified-cocome__BRF_clone_1.23__moc_1.64__mcnn_1.80__moncnn_1.45__MaxEval_102__ProbPAs_0.95__sb_byTime_sbth_3600000__Algo_nsgaii,67,uml2lqn,2056
NSGA,simplified-cocome__BRF_clone_1.23__moc_1.64__mcnn_1.80__moncnn_1.45__MaxEval_102__ProbPAs_0.95__sb_byTime_sbth_3600000__Algo_nsgaii,67,invoke_solver,263
NSGA,simplified-cocome__BRF_clone_1.23__moc_1.64__mcnn_1.80__moncnn_1.45__MaxEval_102__ProbPAs_0.95__sb_byTime_sbth_3600000__Algo_nsgaii,67,lqn2uml,739
NSGA,simplified-cocome__BRF_clone_1.23__moc_1.64__mcnn_1.80__moncnn_1.45__MaxEval_102__ProbPAs_0.95__sb_byTime_sbth_3600000__Algo_nsgaii,67,counting_pas,67,7991
simplified-cocome,simplified-cocome__BRF_clone_1.23__moc_1.64__mcnn_1.80__moncnn_1.45__MaxEval_102__ProbPAs_0.95__sb_byTime_sbth_3600000__Algo_nsgaii,67,perfQ,1036
simplified-cocome,simplified-cocome__BRF_clone_1.23__moc_1.64__mcnn_1.80__moncnn_1.45__MaxEval_102__ProbPAs_0.95__sb_byTime_sbth_3600000__Algo_nsgaii,reliability,150
simplified-cocome,simplified-cocome__BRF_clone_1.23__moc_1.64__mcnn_1.80__moncnn_1.45__MaxEval_102__ProbPAs_0.95__sb_byTime_sbth_3600000__Algo_nsgaii,70,uml2lqn,2157
NSGA,simplified-cocome__BRF_clone_1.23__moc_1.64__mcnn_1.80__moncnn_1.45__MaxEval_102__ProbPAs_0.95__sb_byTime_sbth_3600000__Algo_nsgaii,70,invoke_solver,259
NSGA,simplified-cocome__BRF_clone_1.23__moc_1.64__mcnn_1.80__moncnn_1.45__MaxEval_102__ProbPAs_0.95__sb_byTime_sbth_3600000__Algo_nsgaii,70,lqn2uml,747
NSGA,simplified-cocome__BRF_clone_1.23__moc_1.64__mcnn_1.80__moncnn_1.45__MaxEval_102__ProbPAs_0.95__sb_byTime_sbth_3600000__Algo_nsgaii,70,counting_pas,70,7415
simplified-cocome,simplified-cocome__BRF_clone_1.23__moc_1.64__mcnn_1.80__moncnn_1.45__MaxEval_102__ProbPAs_0.95__sb_byTime_sbth_3600000__Algo_nsgaii,70,perfQ,797
simplified-cocome,simplified-cocome__BRF_clone_1.23__moc_1.64__mcnn_1.80__moncnn_1.45__MaxEval_102__ProbPAs_0.95__sb_byTime_sbth_3600000__Algo_nsgaii,reliability,210
simplified-cocome,simplified-cocome__BRF_clone_1.23__moc_1.64__mcnn_1.80__moncnn_1.45__MaxEval_102__ProbPAs_0.95__sb_byTime_sbth_3600000__Algo_nsgaii,71,uml2lqn,2216
NSGA,simplified-cocome__BRF_clone_1.23__moc_1.64__mcnn_1.80__moncnn_1.45__MaxEval_102__ProbPAs_0.95__sb_byTime_sbth_3600000__Algo_nsgaii,71,invoke_solver,53
NSGA,simplified-cocome__BRF_clone_1.23__moc_1.64__mcnn_1.80__moncnn_1.45__MaxEval_102__ProbPAs_0.95__sb_byTime_sbth_3600000__Algo_nsgaii,71,lqn2uml,903
NSGA,simplified-cocome__BRF_clone_1.23__moc_1.64__mcnn_1.80__moncnn_1.45__MaxEval_102__ProbPAs_0.95__sb_byTime_sbth_3600000__Algo_nsgaii,71,counting_pas,71,6539
simplified-cocome,simplified-cocome__BRF_clone_1.23__moc_1.64__mcnn_1.80__moncnn_1.45__MaxEval_102__ProbPAs_0.95__sb_byTime_sbth_3600000__Algo_nsgaii,71,perfQ,998
simplified-cocome,simplified-cocome__BRF_clone_1.23__moc_1.64__mcnn_1.80__moncnn_1.45__MaxEval_102__ProbPAs_0.95__sb_byTime_sbth_3600000__Algo_nsgaii,reliability,231
simplified-cocome,simplified-cocome__BRF_clone_1.23__moc_1.64__mcnn_1.80__moncnn_1.45__MaxEval_102__ProbPAs_0.95__sb_byTime_sbth_3600000__Algo_nsgaii,72,uml2lqn,2499
NSGA,simplified-cocome__BRF_clone_1.23__moc_1.64__mcnn_1.80__moncnn_1.45__MaxEval_102__ProbPAs_0.95__sb_byTime_sbth_3600000__Algo_nsgaii,72,invoke_solver,321
NSGA,simplified-cocome__BRF_clone_1.23__moc_1.64__mcnn_1.80__moncnn_1.45__MaxEval_102__ProbPAs_0.95__sb_byTime_sbth_3600000__Algo_nsgaii,72,lqn2uml,814
NSGA,simplified-cocome__BRF_clone_1.23__moc_1.64__mcnn_1.80__moncnn_1.45__MaxEval_102__ProbPAs_0.95__sb_byTime_sbth_3600000__Algo_nsgaii,72,counting_pas,72,7675
simplified-cocome,simplified-cocome__BRF_clone_1.23__moc_1.64__mcnn_1.80__moncnn_1.45__MaxEval_102__ProbPAs_0.95__sb_byTime_sbth_3600000__Algo_nsgaii,72,perfQ,1052
simplified-cocome,simplified-cocome__BRF_clone_1.23__moc_1.64__mcnn_1.80__moncnn_1.45__MaxEval_102__ProbPAs_0.95__sb_byTime_sbth_3600000__Algo_nsgaii,reliability,224
simplified-cocome,simplified-cocome__BRF_clone_1.23__moc_1.64__mcnn_1.80__moncnn_1.45__MaxEval_102__ProbPAs_0.95__sb_byTime_sbth_3600000__Algo_nsgaii,73,uml2lqn,2645
NSGA,simplified-cocome__BRF_clone_1.23__moc_1.64__mcnn_1.80__moncnn_1.45__MaxEval_102__ProbPAs_0.95__sb_byTime_sbth_3600000__Algo_nsgaii,73,invoke_solver,245
NSGA,simplified-cocome__BRF_clone_1.23__moc_1.64__mcnn_1.80__moncnn_1.45__MaxEval_102__ProbPAs_0.95__sb_byTime_sbth_3600000__Algo_nsgaii,73,lqn2uml,684
NSGA,simplified-cocome__BRF_clone_1.23__moc_1.64__mcnn_1.80__moncnn_1.45__MaxEval_102__ProbPAs_0.95__sb_byTime_sbth_3600000__Algo_nsgaii,73,counting_pas,73,8004
simplified-cocome,simplified-cocome__BRF_clone_1.23__moc_1.64__mcnn_1.80__moncnn_1.45__MaxEval_102__ProbPAs_0.95__sb_byTime_sbth_3600000__Algo_nsgaii,73,perfQ,1291
simplified-cocome,simplified-cocome__BRF_clone_1.23__moc_1.64__mcnn_1.80__moncnn_1.45__MaxEval_102__ProbPAs_0.95__sb_byTime_sbth_3600000__Algo_nsgaii,reliability,182
simplified-cocome,simplified-cocome__BRF_clone_1.23__moc_1.64__mcnn_1.80__moncnn_1.45__MaxEval_102__ProbPAs_0.95__sb_byTime_sbth_3600000__Algo_nsgaii,76,uml2lqn,2692
NSGA,simplified-cocome__BRF_clone_1.23__moc_1.64__mcnn_1.80__moncnn_1.45__MaxEval_102__ProbPAs_0.95__sb_byTime_sbth_3600000__Algo_nsgaii,76,invoke_solver,291
NSGA,simplified-cocome__BRF_clone_1.23__moc_1.64__mcnn_1.80__moncnn_1.45__MaxEval_102__ProbPAs_0.95__sb_byTime_sbth_3600000__Algo_nsgaii,76,lqn2uml,1260
NSGA,simplified-cocome__BRF_clone_1.23__moc_1.64__mcnn_1.80__moncnn_1.45__MaxEval_102__ProbPAs_0.95__sb_byTime_sbth_3600000__Algo_nsgaii,76,counting_pas,76,7846
simplified-cocome,simplified-cocome__BRF_clone_1.23__moc_1.64__mcnn_1.80__moncnn_1.45__MaxEval_102__ProbPAs_0.95__sb_byTime_sbth_3600000__Algo_nsgaii,76,perfQ,780
simplified-cocome,simplified-cocome__BRF_clone_1.23__moc_1.64__mcnn_1.80__moncnn_1.45__MaxEval_102__ProbPAs_0.95__sb_byTime_sbth_3600000__Algo_nsgaii,reliability,138
simplified-cocome,simplified-cocome__BRF_clone_1.23__moc_1.64__mcnn_1.80__moncnn_1.45__MaxEval_102__ProbPAs_0.95__sb_byTime_sbth_3600000__Algo_nsgaii,77,uml2lqn,2859
NSGA,simplified-cocome__BRF_clone_1.23__moc_1.64__mcnn_1.80__moncnn_1.45__MaxEval_102__ProbPAs_0.95__sb_byTime_sbth_3600000__Algo_nsgaii,77,invoke_solver,268
NSGA,simplified-cocome__BRF_clone_1.23__moc_1.64__mcnn_1.80__moncnn_1.45__MaxEval_102__ProbPAs_0.95__sb_byTime_sbth_3600000__Algo_nsgaii,77,lqn2uml,1203
NSGA,simplified-cocome__BRF_clone_1.23__moc_1.64__mcnn_1.80__moncnn_1.45__MaxEval_102__ProbPAs_0.95__sb_byTime_sbth_3600000__Algo_nsgaii,77,counting_pas,77,8015
simplified-cocome,simplified-cocome__BRF_clone_1.23__moc_1.64__mcnn_1.80__moncnn_1.45__MaxEval_102__ProbPAs_0.95__sb_byTime_sbth_3600000__Algo_nsgaii,77,perfQ,788
simplified-cocome,simplified-cocome__BRF_clone_1.23__moc_1.64__mcnn_1.80__moncnn_1.45__MaxEval_102__ProbPAs_0.95__sb_byTime_sbth_3600000__Algo_nsgaii,reliability,158
simplified-cocome,simplified-cocome__BRF_clone_1.23__moc_1.64__mcnn_1.80__moncnn_1.45__MaxEval_102__ProbPAs_0.95__sb_byTime_sbth_3600000__Algo_nsgaii,80,uml2lqn,2407
NSGA,simplified-cocome__BRF_clone_1.23__moc_1.64__mcnn_1.80__moncnn_1.45__MaxEval_102__ProbPAs_0.95__sb_byTime_sbth_3600000__Algo_nsgaii,80,invoke_solver,359
NSGA,simplified-cocome__BRF_clone_1.23__moc_1.64__mcnn_1.80__moncnn_1.45__MaxEval_102__ProbPAs_0.95__sb_byTime_sbth_3600000__Algo_nsgaii,80,lqn2uml,1052
NSGA,simplified-cocome__BRF_clone_1.23__moc_1.64__mcnn_1.80__moncnn_1.45__MaxEval_102__ProbPAs_0.95__sb_byTime_sbth_3600000__Algo_nsgaii,80,counting_pas,80,8140
simplified-cocome,simplified-cocome__BRF_clone_1.23__moc_1.64__mcnn_1.80__moncnn_1.45__MaxEval_102__ProbPAs_0.95__sb_byTime_sbth_3600000__Algo_nsgaii,80,perfQ,1017
simplified-cocome,simplified-cocome__BRF_clone_1.23__moc_1.64__mcnn_1.80__moncnn_1.45__MaxEval_102__ProbPAs_0.95__sb_byTime_sbth_3600000__Algo_nsgaii,reliability,190
simplified-cocome,simplified-cocome__BRF_clone_1.23__moc_1.64__mcnn_1.80__moncnn_1.45__MaxEval_102__ProbPAs_0.95__sb_byTime_sbth_3600000__Algo_nsgaii,81,uml2lqn,2357
NSGA,simplified-cocome__BRF_clone_1.23__moc_1.64__mcnn_1.80__moncnn_1.45__MaxEval_102__ProbPAs_0.95__sb_byTime_sbth_3600000__Algo_nsgaii,81,invoke_solver,77
NSGA,simplified-cocome__BRF_clone_1.23__moc_1.64__mcnn_1.80__moncnn_1.45__MaxEval_102__ProbPAs_0.95__sb_byTime_sbth_3600000__Algo_nsgaii,81,lqn2uml,1005
NSGA,simplified-cocome__BRF_clone_1.23__moc_1.64__mcnn_1.80__moncnn_1.45__MaxEval_102__ProbPAs_0.95__sb_byTime_sbth_3600000__Algo_nsgaii,81,counting_pas,81,8183
simplified-cocome,simplified-cocome__BRF_clone_1.23__moc_1.64__mcnn_1.80__moncnn_1.45__MaxEval_102__ProbPAs_0.95__sb_byTime_sbth_3600000__Algo_nsgaii,81,perfQ,955
simplified-cocome,simplified-cocome__BRF_clone_1.23__moc_1.64__mcnn_1.80__moncnn_1.45__MaxEval_102__ProbPAs_0.95__sb_byTime_sbth_3600000__Algo_nsgaii,reliability,178
simplified-cocome,simplified-cocome__BRF_clone_1.23__moc_1.64__mcnn_1.80__moncnn_1.45__MaxEval_102__ProbPAs_0.95__sb_byTime_sbth_3600000__Algo_nsgaii,84,uml2lqn,2752
NSGA,simplified-cocome__BRF_clone_1.23__moc_1.64__mcnn_1.80__moncnn_1.45__MaxEval_102__ProbPAs_0.95__sb_byTime_sbth_3600000__Algo_nsgaii,84,invoke_solver,268
NSGA,simplified-cocome__BRF_clone_1.23__moc_1.64__mcnn_1.80__moncnn_1.45__MaxEval_102__ProbPAs_0.95__sb_byTime_sbth_3600000__Algo_nsgaii,84,lqn2uml,1083
NSGA,simplified-cocome__BRF_clone_1.23__moc_1.64__mcnn_1.80__moncnn_1.45__MaxEval_102__ProbPAs_0.95__sb_byTime_sbth_3600000__Algo_nsgaii,84,counting_pas,84,7709
simplified-cocome,simplified-cocome__BRF_clone_1.23__moc_1.64__mcnn_1.80__moncnn_1.45__MaxEval_102__ProbPAs_0.95__sb_byTime_sbth_3600000__Algo_nsgaii,84,perfQ,1002
simplified-cocome,simplified-cocome__BRF_clone_1.23__moc_1.64__mcnn_1.80__moncnn_1.45__MaxEval_102__ProbPAs_0.95__sb_byTime_sbth_3600000__Algo_nsgaii,reliability,154
simplified-cocome,simplified-cocome__BRF_clone_1.23__moc_1.64__mcnn_1.80__moncnn_1.45__MaxEval_102__ProbPAs_0.95__sb_byTime_sbth_3600000__Algo_nsgaii,85,uml2lqn,2599
NSGA,simplified-cocome__BRF_clone_1.23__moc_1.64__mcnn_1.80__moncnn_1.45__MaxEval_102__ProbPAs_0.95__sb_byTime_sbth_3600000__Algo_nsgaii,85,invoke_solver,322
NSGA,simplified-cocome__BRF_clone_1.23__moc_1.64__mcnn_1.80__moncnn_1.45__MaxEval_102__ProbPAs_0.95__sb_byTime_sbth_3600000__Algo_nsgaii,85,lqn2uml,1358
NSGA,simplified-cocome__BRF_clone_1.23__moc_1.64__mcnn_1.80__moncnn_1.45__MaxEval_102__ProbPAs_0.95__sb_byTime_sbth_3600000__Algo_nsgaii,85,counting_pas,85,7899
simplified-cocome,simplified-cocome__BRF_clone_1.23__moc_1.64__mcnn_1.80__moncnn_1.45__MaxEval_102__ProbPAs_0.95__sb_byTime_sbth_3600000__Algo_nsgaii,85,perfQ,1068
simplified-cocome,simplified-cocome__BRF_clone_1.23__moc_1.64__mcnn_1.80__moncnn_1.45__MaxEval_102__ProbPAs_0.95__sb_byTime_sbth_3600000__Algo_nsgaii,reliability,190
simplified-cocome,simplified-cocome__BRF_clone_1.23__moc_1.64__mcnn_1.80__moncnn_1.45__MaxEval_102__ProbPAs_0.95__sb_byTime_sbth_3600000__Algo_nsgaii,88,uml2lqn,2806
NSGA,simplified-cocome__BRF_clone_1.23__moc_1.64__mcnn_1.80__moncnn_1.45__MaxEval_102__ProbPAs_0.95__sb_byTime_sbth_3600000__Algo_nsgaii,88,invoke_solver,315
NSGA,simplified-cocome__BRF_clone_1.23__moc_1.64__mcnn_1.80__moncnn_1.45__MaxEval_102__ProbPAs_0.95__sb_byTime_sbth_3600000__Algo_nsgaii,88,lqn2uml,1524
NSGA,simplified-cocome__BRF_clone_1.23__moc_1.64__mcnn_1.80__moncnn_1.45__MaxEval_102__ProbPAs_0.95__sb_byTime_sbth_3600000__Algo_nsgaii,88,counting_pas,88,8799
simplified-cocome,simplified-cocome__BRF_clone_1.23__moc_1.64__mcnn_1.80__moncnn_1.45__MaxEval_102__ProbPAs_0.95__sb_byTime_sbth_3600000__Algo_nsgaii,88,perfQ,1573
simplified-cocome,simplified-cocome__BRF_clone_1.23__moc_1.64__mcnn_1.80__moncnn_1.45__MaxEval_102__ProbPAs_0.95__sb_byTime_sbth_3600000__Algo_nsgaii,reliability,186
simplified-cocome,simplified-cocome__BRF_clone_1.23__moc_1.64__mcnn_1.80__moncnn_1.45__MaxEval_102__ProbPAs_0.95__sb_byTime_sbth_3600000__Algo_nsgaii,89,uml2lqn,2448
NSGA,simplified-cocome__BRF_clone_1.23__moc_1.64__mcnn_1.80__moncnn_1.45__MaxEval_102__ProbPAs_0.95__sb_byTime_sbth_3600000__Algo_nsgaii,89,invoke_solver,287
NSGA,simplified-cocome__BRF_clone_1.23__moc_1.64__mcnn_1.80__moncnn_1.45__MaxEval_102__ProbPAs_0.95__sb_byTime_sbth_3600000__Algo_nsgaii,89,lqn2uml,1267
NSGA,simplified-cocome__BRF_clone_1.23__moc_1.64__mcnn_1.80__moncnn_1.45__MaxEval_102__ProbPAs_0.95__sb_byTime_sbth_3600000__Algo_nsgaii,89,counting_pas,89,9250
simplified-cocome,simplified-cocome__BRF_clone_1.23__moc_1.64__mcnn_1.80__moncnn_1.45__MaxEval_102__ProbPAs_0.95__sb_byTime_sbth_3600000__Algo_nsgaii,89,perfQ,1373
simplified-cocome,simplified-cocome__BRF_clone_1.23__moc_1.64__mcnn_1.80__moncnn_1.45__MaxEval_102__ProbPAs_0.95__sb_byTime_sbth_3600000__Algo_nsgaii,reliability,208
simplified-cocome,simplified-cocome__BRF_clone_1.23__moc_1.64__mcnn_1.80__moncnn_1.45__MaxEval_102__ProbPAs_0.95__sb_byTime_sbth_3600000__Algo_nsgaii,90,uml2lqn,3316
NSGA,simplified-cocome__BRF_clone_1.23__moc_1.64__mcnn_1.80__moncnn_1.45__MaxEval_102__ProbPAs_0.95__sb_byTime_sbth_3600000__Algo_nsgaii,90,invoke_solver,282
NSGA,simplified-cocome__BRF_clone_1.23__moc_1.64__mcnn_1.80__moncnn_1.45__MaxEval_102__ProbPAs_0.95__sb_byTime_sbth_3600000__Algo_nsgaii,90,lqn2uml,1305
NSGA,simplified-cocome__BRF_clone_1.23__moc_1.64__mcnn_1.80__moncnn_1.45__MaxEval_102__ProbPAs_0.95__sb_byTime_sbth_3600000__Algo_nsgaii,90,counting_pas,90,8469
simplified-cocome,simplified-cocome__BRF_clone_1.23__moc_1.64__mcnn_1.80__moncnn_1.45__MaxEval_102__ProbPAs_0.95__sb_byTime_sbth_3600000__Algo_nsgaii,90,perfQ,1668
simplified-cocome,simplified-cocome__BRF_clone_1.23__moc_1.64__mcnn_1.80__moncnn_1.45__MaxEval_102__ProbPAs_0.95__sb_byTime_sbth_3600000__Algo_nsgaii,reliability,217
simplified-cocome,simplified-cocome__BRF_clone_1.23__moc_1.64__mcnn_1.80__moncnn_1.45__MaxEval_102__ProbPAs_0.95__sb_byTime_sbth_3600000__Algo_nsgaii,91,uml2lqn,2851
NSGA,simplified-cocome__BRF_clone_1.23__moc_1.64__mcnn_1.80__moncnn_1.45__MaxEval_102__ProbPAs_0.95__sb_byTime_sbth_3600000__Algo_nsgaii,91,invoke_solver,324
NSGA,simplified-cocome__BRF_clone_1.23__moc_1.64__mcnn_1.80__moncnn_1.45__MaxEval_102__ProbPAs_0.95__sb_byTime_sbth_3600000__Algo_nsgaii,91,lqn2uml,1331
NSGA,simplified-cocome__BRF_clone_1.23__moc_1.64__mcnn_1.80__moncnn_1.45__MaxEval_102__ProbPAs_0.95__sb_byTime_sbth_3600000__Algo_nsgaii,91,counting_pas,91,7900
simplified-cocome,simplified-cocome__BRF_clone_1.23__moc_1.64__mcnn_1.80__moncnn_1.45__MaxEval_102__ProbPAs_0.95__sb_byTime_sbth_3600000__Algo_nsgaii,91,perfQ,1105
simplified-cocome,simplified-cocome__BRF_clone_1.23__moc_1.64__mcnn_1.80__moncnn_1.45__MaxEval_102__ProbPAs_0.95__sb_byTime_sbth_3600000__Algo_nsgaii,reliability,142
simplified-cocome,simplified-cocome__BRF_clone_1.23__moc_1.64__mcnn_1.80__moncnn_1.45__MaxEval_102__ProbPAs_0.95__sb_byTime_sbth_3600000__Algo_nsgaii,94,uml2lqn,3253
NSGA,simplified-cocome__BRF_clone_1.23__moc_1.64__mcnn_1.80__moncnn_1.45__MaxEval_102__ProbPAs_0.95__sb_byTime_sbth_3600000__Algo_nsgaii,94,invoke_solver,267
NSGA,simplified-cocome__BRF_clone_1.23__moc_1.64__mcnn_1.80__moncnn_1.45__MaxEval_102__ProbPAs_0.95__sb_byTime_sbth_3600000__Algo_nsgaii,94,lqn2uml,1135
NSGA,simplified-cocome__BRF_clone_1.23__moc_1.64__mcnn_1.80__moncnn_1.45__MaxEval_102__ProbPAs_0.95__sb_byTime_sbth_3600000__Algo_nsgaii,94,counting_pas,94,8021
simplified-cocome,simplified-cocome__BRF_clone_1.23__moc_1.64__mcnn_1.80__moncnn_1.45__MaxEval_102__ProbPAs_0.95__sb_byTime_sbth_3600000__Algo_nsgaii,94,perfQ,1394
simplified-cocome,simplified-cocome__BRF_clone_1.23__moc_1.64__mcnn_1.80__moncnn_1.45__MaxEval_102__ProbPAs_0.95__sb_byTime_sbth_3600000__Algo_nsgaii,reliability,143
simplified-cocome,simplified-cocome__BRF_clone_1.23__moc_1.64__mcnn_1.80__moncnn_1.45__MaxEval_102__ProbPAs_0.95__sb_byTime_sbth_3600000__Algo_nsgaii,95,uml2lqn,3620
NSGA,simplified-cocome__BRF_clone_1.23__moc_1.64__mcnn_1.80__moncnn_1.45__MaxEval_102__ProbPAs_0.95__sb_byTime_sbth_3600000__Algo_nsgaii,95,invoke_solver,437
NSGA,simplified-cocome__BRF_clone_1.23__moc_1.64__mcnn_1.80__moncnn_1.45__MaxEval_102__ProbPAs_0.95__sb_byTime_sbth_3600000__Algo_nsgaii,95,lqn2uml,1338
NSGA,simplified-cocome__BRF_clone_1.23__moc_1.64__mcnn_1.80__moncnn_1.45__MaxEval_102__ProbPAs_0.95__sb_byTime_sbth_3600000__Algo_nsgaii,95,counting_pas,95,9407
simplified-cocome,simplified-cocome__BRF_clone_1.23__moc_1.64__mcnn_1.80__moncnn_1.45__MaxEval_102__ProbPAs_0.95__sb_byTime_sbth_3600000__Algo_nsgaii,95,perfQ,1389
simplified-cocome,simplified-cocome__BRF_clone_1.23__moc_1.64__mcnn_1.80__moncnn_1.45__MaxEval_102__ProbPAs_0.95__sb_byTime_sbth_3600000__Algo_nsgaii,reliability,247
simplified-cocome,simplified-cocome__BRF_clone_1.23__moc_1.64__mcnn_1.80__moncnn_1.45__MaxEval_102__ProbPAs_0.95__sb_byTime_sbth_3600000__Algo_nsgaii,98,uml2lqn,2923
NSGA,simplified-cocome__BRF_clone_1.23__moc_1.64__mcnn_1.80__moncnn_1.45__MaxEval_102__ProbPAs_0.95__sb_byTime_sbth_3600000__Algo_nsgaii,98,invoke_solver,178
NSGA,simplified-cocome__BRF_clone_1.23__moc_1.64__mcnn_1.80__moncnn_1.45__MaxEval_102__ProbPAs_0.95__sb_byTime_sbth_3600000__Algo_nsgaii,98,lqn2uml,1570
NSGA,simplified-cocome__BRF_clone_1.23__moc_1.64__mcnn_1.80__moncnn_1.45__MaxEval_102__ProbPAs_0.95__sb_byTime_sbth_3600000__Algo_nsgaii,98,counting_pas,98,7971
simplified-cocome,simplified-cocome__BRF_clone_1.23__moc_1.64__mcnn_1.80__moncnn_1.45__MaxEval_102__ProbPAs_0.95__sb_byTime_sbth_3600000__Algo_nsgaii,98,perfQ,1145
simplified-cocome,simplified-cocome__BRF_clone_1.23__moc_1.64__mcnn_1.80__moncnn_1.45__MaxEval_102__ProbPAs_0.95__sb_byTime_sbth_3600000__Algo_nsgaii,reliability,201
simplified-cocome,simplified-cocome__BRF_clone_1.23__moc_1.64__mcnn_1.80__moncnn_1.45__MaxEval_102__ProbPAs_0.95__sb_byTime_sbth_3600000__Algo_nsgaii,99,uml2lqn,2741
NSGA,simplified-cocome__BRF_clone_1.23__moc_1.64__mcnn_1.80__moncnn_1.45__MaxEval_102__ProbPAs_0.95__sb_byTime_sbth_3600000__Algo_nsgaii,99,invoke_solver,162
NSGA,simplified-cocome__BRF_clone_1.23__moc_1.64__mcnn_1.80__moncnn_1.45__MaxEval_102__ProbPAs_0.95__sb_byTime_sbth_3600000__Algo_nsgaii,99,lqn2uml,1361
NSGA,simplified-cocome__BRF_clone_1.23__moc_1.64__mcnn_1.80__moncnn_1.45__MaxEval_102__ProbPAs_0.95__sb_byTime_sbth_3600000__Algo_nsgaii,99,counting_pas,99,7679
simplified-cocome,simplified-cocome__BRF_clone_1.23__moc_1.64__mcnn_1.80__moncnn_1.45__MaxEval_102__ProbPAs_0.95__sb_byTime_sbth_3600000__Algo_nsgaii,99,perfQ,1243
simplified-cocome,simplified-cocome__BRF_clone_1.23__moc_1.64__mcnn_1.80__moncnn_1.45__MaxEval_102__ProbPAs_0.95__sb_byTime_sbth_3600000__Algo_nsgaii,reliability,169
simplified-cocome,simplified-cocome__BRF_clone_1.23__moc_1.64__mcnn_1.80__moncnn_1.45__MaxEval_102__ProbPAs_0.95__sb_byTime_sbth_3600000__Algo_nsgaii,102,uml2lqn,3003
NSGA,simplified-cocome__BRF_clone_1.23__moc_1.64__mcnn_1.80__moncnn_1.45__MaxEval_102__ProbPAs_0.95__sb_byTime_sbth_3600000__Algo_nsgaii,102,invoke_solver,336
NSGA,simplified-cocome__BRF_clone_1.23__moc_1.64__mcnn_1.80__moncnn_1.45__MaxEval_102__ProbPAs_0.95__sb_byTime_sbth_3600000__Algo_nsgaii,102,lqn2uml,1116
NSGA,simplified-cocome__BRF_clone_1.23__moc_1.64__mcnn_1.80__moncnn_1.45__MaxEval_102__ProbPAs_0.95__sb_byTime_sbth_3600000__Algo_nsgaii,102,counting_pas,102,8518
simplified-cocome,simplified-cocome__BRF_clone_1.23__moc_1.64__mcnn_1.80__moncnn_1.45__MaxEval_102__ProbPAs_0.95__sb_byTime_sbth_3600000__Algo_nsgaii,102,perfQ,1197
simplified-cocome,simplified-cocome__BRF_clone_1.23__moc_1.64__mcnn_1.80__moncnn_1.45__MaxEval_102__ProbPAs_0.95__sb_byTime_sbth_3600000__Algo_nsgaii,reliability,169
simplified-cocome,simplified-cocome__BRF_clone_1.23__moc_1.64__mcnn_1.80__moncnn_1.45__MaxEval_102__ProbPAs_0.95__sb_byTime_sbth_3600000__Algo_nsgaii,103,uml2lqn,2944
NSGA,simplified-cocome__BRF_clone_1.23__moc_1.64__mcnn_1.80__moncnn_1.45__MaxEval_102__ProbPAs_0.95__sb_byTime_sbth_3600000__Algo_nsgaii,103,invoke_solver,235
NSGA,simplified-cocome__BRF_clone_1.23__moc_1.64__mcnn_1.80__moncnn_1.45__MaxEval_102__ProbPAs_0.95__sb_byTime_sbth_3600000__Algo_nsgaii,103,lqn2uml,960
NSGA,simplified-cocome__BRF_clone_1.23__moc_1.64__mcnn_1.80__moncnn_1.45__MaxEval_102__ProbPAs_0.95__sb_byTime_sbth_3600000__Algo_nsgaii,103,counting_pas,103,8579
simplified-cocome,simplified-cocome__BRF_clone_1.23__moc_1.64__mcnn_1.80__moncnn_1.45__MaxEval_102__ProbPAs_0.95__sb_byTime_sbth_3600000__Algo_nsgaii,103,perfQ,720
simplified-cocome,simplified-cocome__BRF_clone_1.23__moc_1.64__mcnn_1.80__moncnn_1.45__MaxEval_102__ProbPAs_0.95__sb_byTime_sbth_3600000__Algo_nsgaii,reliability,147
simplified-cocome,simplified-cocome__BRF_clone_1.23__moc_1.64__mcnn_1.80__moncnn_1.45__MaxEval_102__ProbPAs_0.95__sb_byTime_sbth_3600000__Algo_nsgaii,104,uml2lqn,3027
NSGA,simplified-cocome__BRF_clone_1.23__moc_1.64__mcnn_1.80__moncnn_1.45__MaxEval_102__ProbPAs_0.95__sb_byTime_sbth_3600000__Algo_nsgaii,104,invoke_solver,306
NSGA,simplified-cocome__BRF_clone_1.23__moc_1.64__mcnn_1.80__moncnn_1.45__MaxEval_102__ProbPAs_0.95__sb_byTime_sbth_3600000__Algo_nsgaii,104,lqn2uml,1540
NSGA,simplified-cocome__BRF_clone_1.23__moc_1.64__mcnn_1.80__moncnn_1.45__MaxEval_102__ProbPAs_0.95__sb_byTime_sbth_3600000__Algo_nsgaii,104,counting_pas,104,9310
simplified-cocome,simplified-cocome__BRF_clone_1.23__moc_1.64__mcnn_1.80__moncnn_1.45__MaxEval_102__ProbPAs_0.95__sb_byTime_sbth_3600000__Algo_nsgaii,104,perfQ,1747
simplified-cocome,simplified-cocome__BRF_clone_1.23__moc_1.64__mcnn_1.80__moncnn_1.45__MaxEval_102__ProbPAs_0.95__sb_byTime_sbth_3600000__Algo_nsgaii,reliability,153
simplified-cocome,simplified-cocome__BRF_clone_1.23__moc_1.64__mcnn_1.80__moncnn_1.45__MaxEval_102__ProbPAs_0.95__sb_byTime_sbth_3600000__Algo_nsgaii,105,uml2lqn,3172
NSGA,simplified-cocome__BRF_clone_1.23__moc_1.64__mcnn_1.80__moncnn_1.45__MaxEval_102__ProbPAs_0.95__sb_byTime_sbth_3600000__Algo_nsgaii,105,invoke_solver,262
NSGA,simplified-cocome__BRF_clone_1.23__moc_1.64__mcnn_1.80__moncnn_1.45__MaxEval_102__ProbPAs_0.95__sb_byTime_sbth_3600000__Algo_nsgaii,105,lqn2uml,966
NSGA,simplified-cocome__BRF_clone_1.23__moc_1.64__mcnn_1.80__moncnn_1.45__MaxEval_102__ProbPAs_0.95__sb_byTime_sbth_3600000__Algo_nsgaii,105,counting_pas,105,8280
simplified-cocome,simplified-cocome__BRF_clone_1.23__moc_1.64__mcnn_1.80__moncnn_1.45__MaxEval_102__ProbPAs_0.95__sb_byTime_sbth_3600000__Algo_nsgaii,105,perfQ,1364
simplified-cocome,simplified-cocome__BRF_clone_1.23__moc_1.64__mcnn_1.80__moncnn_1.45__MaxEval_102__ProbPAs_0.95__sb_byTime_sbth_3600000__Algo_nsgaii,reliability,171
simplified-cocome,simplified-cocome__BRF_clone_1.23__moc_1.64__mcnn_1.80__moncnn_1.45__MaxEval_102__ProbPAs_0.95__sb_byTime_sbth_3600000__Algo_nsgaii,108,uml2lqn,3135
NSGA,simplified-cocome__BRF_clone_1.23__moc_1.64__mcnn_1.80__moncnn_1.45__MaxEval_102__ProbPAs_0.95__sb_byTime_sbth_3600000__Algo_nsgaii,108,invoke_solver,345
NSGA,simplified-cocome__BRF_clone_1.23__moc_1.64__mcnn_1.80__moncnn_1.45__MaxEval_102__ProbPAs_0.95__sb_byTime_sbth_3600000__Algo_nsgaii,108,lqn2uml,1318
NSGA,simplified-cocome__BRF_clone_1.23__moc_1.64__mcnn_1.80__moncnn_1.45__MaxEval_102__ProbPAs_0.95__sb_byTime_sbth_3600000__Algo_nsgaii,108,counting_pas,108,8318
simplified-cocome,simplified-cocome__BRF_clone_1.23__moc_1.64__mcnn_1.80__moncnn_1.45__MaxEval_102__ProbPAs_0.95__sb_byTime_sbth_3600000__Algo_nsgaii,108,perfQ,1451
simplified-cocome,simplified-cocome__BRF_clone_1.23__moc_1.64__mcnn_1.80__moncnn_1.45__MaxEval_102__ProbPAs_0.95__sb_byTime_sbth_3600000__Algo_nsgaii,reliability,202
simplified-cocome,simplified-cocome__BRF_clone_1.23__moc_1.64__mcnn_1.80__moncnn_1.45__MaxEval_102__ProbPAs_0.95__sb_byTime_sbth_3600000__Algo_nsgaii,109,uml2lqn,3176
NSGA,simplified-cocome__BRF_clone_1.23__moc_1.64__mcnn_1.80__moncnn_1.45__MaxEval_102__ProbPAs_0.95__sb_byTime_sbth_3600000__Algo_nsgaii,109,invoke_solver,304
NSGA,simplified-cocome__BRF_clone_1.23__moc_1.64__mcnn_1.80__moncnn_1.45__MaxEval_102__ProbPAs_0.95__sb_byTime_sbth_3600000__Algo_nsgaii,109,lqn2uml,1515
NSGA,simplified-cocome__BRF_clone_1.23__moc_1.64__mcnn_1.80__moncnn_1.45__MaxEval_102__ProbPAs_0.95__sb_byTime_sbth_3600000__Algo_nsgaii,109,counting_pas,109,7693
simplified-cocome,simplified-cocome__BRF_clone_1.23__moc_1.64__mcnn_1.80__moncnn_1.45__MaxEval_102__ProbPAs_0.95__sb_byTime_sbth_3600000__Algo_nsgaii,109,perfQ,1680
simplified-cocome,simplified-cocome__BRF_clone_1.23__moc_1.64__mcnn_1.80__moncnn_1.45__MaxEval_102__ProbPAs_0.95__sb_byTime_sbth_3600000__Algo_nsgaii,reliability,177
simplified-cocome,simplified-cocome__BRF_clone_1.23__moc_1.64__mcnn_1.80__moncnn_1.45__MaxEval_102__ProbPAs_0.95__sb_byTime_sbth_3600000__Algo_nsgaii,112,uml2lqn,3316
NSGA,simplified-cocome__BRF_clone_1.23__moc_1.64__mcnn_1.80__moncnn_1.45__MaxEval_102__ProbPAs_0.95__sb_byTime_sbth_3600000__Algo_nsgaii,112,invoke_solver,313
NSGA,simplified-cocome__BRF_clone_1.23__moc_1.64__mcnn_1.80__moncnn_1.45__MaxEval_102__ProbPAs_0.95__sb_byTime_sbth_3600000__Algo_nsgaii,112,lqn2uml,1322
NSGA,simplified-cocome__BRF_clone_1.23__moc_1.64__mcnn_1.80__moncnn_1.45__MaxEval_102__ProbPAs_0.95__sb_byTime_sbth_3600000__Algo_nsgaii,112,counting_pas,112,8352
simplified-cocome,simplified-cocome__BRF_clone_1.23__moc_1.64__mcnn_1.80__moncnn_1.45__MaxEval_102__ProbPAs_0.95__sb_byTime_sbth_3600000__Algo_nsgaii,112,perfQ,2183
simplified-cocome,simplified-cocome__BRF_clone_1.23__moc_1.64__mcnn_1.80__moncnn_1.45__MaxEval_102__ProbPAs_0.95__sb_byTime_sbth_3600000__Algo_nsgaii,reliability,169
simplified-cocome,simplified-cocome__BRF_clone_1.23__moc_1.64__mcnn_1.80__moncnn_1.45__MaxEval_102__ProbPAs_0.95__sb_byTime_sbth_3600000__Algo_nsgaii,113,uml2lqn,3684
NSGA,simplified-cocome__BRF_clone_1.23__moc_1.64__mcnn_1.80__moncnn_1.45__MaxEval_102__ProbPAs_0.95__sb_byTime_sbth_3600000__Algo_nsgaii,113,invoke_solver,324
NSGA,simplified-cocome__BRF_clone_1.23__moc_1.64__mcnn_1.80__moncnn_1.45__MaxEval_102__ProbPAs_0.95__sb_byTime_sbth_3600000__Algo_nsgaii,113,lqn2uml,1299
NSGA,simplified-cocome__BRF_clone_1.23__moc_1.64__mcnn_1.80__moncnn_1.45__MaxEval_102__ProbPAs_0.95__sb_byTime_sbth_3600000__Algo_nsgaii,113,counting_pas,113,8038
simplified-cocome,simplified-cocome__BRF_clone_1.23__moc_1.64__mcnn_1.80__moncnn_1.45__MaxEval_102__ProbPAs_0.95__sb_byTime_sbth_3600000__Algo_nsgaii,113,perfQ,1877
simplified-cocome,simplified-cocome__BRF_clone_1.23__moc_1.64__mcnn_1.80__moncnn_1.45__MaxEval_102__ProbPAs_0.95__sb_byTime_sbth_3600000__Algo_nsgaii,reliability,165
simplified-cocome,simplified-cocome__BRF_clone_1.23__moc_1.64__mcnn_1.80__moncnn_1.45__MaxEval_102__ProbPAs_0.95__sb_byTime_sbth_3600000__Algo_nsgaii,116,uml2lqn,3619
NSGA,simplified-cocome__BRF_clone_1.23__moc_1.64__mcnn_1.80__moncnn_1.45__MaxEval_102__ProbPAs_0.95__sb_byTime_sbth_3600000__Algo_nsgaii,116,invoke_solver,169
NSGA,simplified-cocome__BRF_clone_1.23__moc_1.64__mcnn_1.80__moncnn_1.45__MaxEval_102__ProbPAs_0.95__sb_byTime_sbth_3600000__Algo_nsgaii,116,lqn2uml,1397
NSGA,simplified-cocome__BRF_clone_1.23__moc_1.64__mcnn_1.80__moncnn_1.45__MaxEval_102__ProbPAs_0.95__sb_byTime_sbth_3600000__Algo_nsgaii,116,counting_pas,116,8120
simplified-cocome,simplified-cocome__BRF_clone_1.23__moc_1.64__mcnn_1.80__moncnn_1.45__MaxEval_102__ProbPAs_0.95__sb_byTime_sbth_3600000__Algo_nsgaii,116,perfQ,1564
simplified-cocome,simplified-cocome__BRF_clone_1.23__moc_1.64__mcnn_1.80__moncnn_1.45__MaxEval_102__ProbPAs_0.95__sb_byTime_sbth_3600000__Algo_nsgaii,reliability,172
simplified-cocome,simplified-cocome__BRF_clone_1.23__moc_1.64__mcnn_1.80__moncnn_1.45__MaxEval_102__ProbPAs_0.95__sb_byTime_sbth_3600000__Algo_nsgaii,117,uml2lqn,3508
NSGA,simplified-cocome__BRF_clone_1.23__moc_1.64__mcnn_1.80__moncnn_1.45__MaxEval_102__ProbPAs_0.95__sb_byTime_sbth_3600000__Algo_nsgaii,117,invoke_solver,356
NSGA,simplified-cocome__BRF_clone_1.23__moc_1.64__mcnn_1.80__moncnn_1.45__MaxEval_102__ProbPAs_0.95__sb_byTime_sbth_3600000__Algo_nsgaii,117,lqn2uml,1974
NSGA,simplified-cocome__BRF_clone_1.23__moc_1.64__mcnn_1.80__moncnn_1.45__MaxEval_102__ProbPAs_0.95__sb_byTime_sbth_3600000__Algo_nsgaii,117,counting_pas,117,8326
simplified-cocome,simplified-cocome__BRF_clone_1.23__moc_1.64__mcnn_1.80__moncnn_1.45__MaxEval_102__ProbPAs_0.95__sb_byTime_sbth_3600000__Algo_nsgaii,117,perfQ,1598
simplified-cocome,simplified-cocome__BRF_clone_1.23__moc_1.64__mcnn_1.80__moncnn_1.45__MaxEval_102__ProbPAs_0.95__sb_byTime_sbth_3600000__Algo_nsgaii,reliability,202
simplified-cocome,simplified-cocome__BRF_clone_1.23__moc_1.64__mcnn_1.80__moncnn_1.45__MaxEval_102__ProbPAs_0.95__sb_byTime_sbth_3600000__Algo_nsgaii,120,uml2lqn,3400
NSGA,simplified-cocome__BRF_clone_1.23__moc_1.64__mcnn_1.80__moncnn_1.45__MaxEval_102__ProbPAs_0.95__sb_byTime_sbth_3600000__Algo_nsgaii,120,invoke_solver,253
NSGA,simplified-cocome__BRF_clone_1.23__moc_1.64__mcnn_1.80__moncnn_1.45__MaxEval_102__ProbPAs_0.95__sb_byTime_sbth_3600000__Algo_nsgaii,120,lqn2uml,1625
NSGA,simplified-cocome__BRF_clone_1.23__moc_1.64__mcnn_1.80__moncnn_1.45__MaxEval_102__ProbPAs_0.95__sb_byTime_sbth_3600000__Algo_nsgaii,120,counting_pas,120,9015
simplified-cocome,simplified-cocome__BRF_clone_1.23__moc_1.64__mcnn_1.80__moncnn_1.45__MaxEval_102__ProbPAs_0.95__sb_byTime_sbth_3600000__Algo_nsgaii,120,perfQ,1742
simplified-cocome,simplified-cocome__BRF_clone_1.23__moc_1.64__mcnn_1.80__moncnn_1.45__MaxEval_102__ProbPAs_0.95__sb_byTime_sbth_3600000__Algo_nsgaii,reliability,230
simplified-cocome,simplified-cocome__BRF_clone_1.23__moc_1.64__mcnn_1.80__moncnn_1.45__MaxEval_102__ProbPAs_0.95__sb_byTime_sbth_3600000__Algo_nsgaii,121,uml2lqn,2883
NSGA,simplified-cocome__BRF_clone_1.23__moc_1.64__mcnn_1.80__moncnn_1.45__MaxEval_102__ProbPAs_0.95__sb_byTime_sbth_3600000__Algo_nsgaii,121,invoke_solver,306
NSGA,simplified-cocome__BRF_clone_1.23__moc_1.64__mcnn_1.80__moncnn_1.45__MaxEval_102__ProbPAs_0.95__sb_byTime_sbth_3600000__Algo_nsgaii,121,lqn2uml,2216
NSGA,simplified-cocome__BRF_clone_1.23__moc_1.64__mcnn_1.80__moncnn_1.45__MaxEval_102__ProbPAs_0.95__sb_byTime_sbth_3600000__Algo_nsgaii,121,counting_pas,121,8149
simplified-cocome,simplified-cocome__BRF_clone_1.23__moc_1.64__mcnn_1.80__moncnn_1.45__MaxEval_102__ProbPAs_0.95__sb_byTime_sbth_3600000__Algo_nsgaii,121,perfQ,1661
simplified-cocome,simplified-cocome__BRF_clone_1.23__moc_1.64__mcnn_1.80__moncnn_1.45__MaxEval_102__ProbPAs_0.95__sb_byTime_sbth_3600000__Algo_nsgaii,reliability,197
simplified-cocome,simplified-cocome__BRF_clone_1.23__moc_1.64__mcnn_1.80__moncnn_1.45__MaxEval_102__ProbPAs_0.95__sb_byTime_sbth_3600000__Algo_nsgaii,124,uml2lqn,3353
NSGA,simplified-cocome__BRF_clone_1.23__moc_1.64__mcnn_1.80__moncnn_1.45__MaxEval_102__ProbPAs_0.95__sb_byTime_sbth_3600000__Algo_nsgaii,124,invoke_solver,361
NSGA,simplified-cocome__BRF_clone_1.23__moc_1.64__mcnn_1.80__moncnn_1.45__MaxEval_102__ProbPAs_0.95__sb_byTime_sbth_3600000__Algo_nsgaii,124,lqn2uml,1630
NSGA,simplified-cocome__BRF_clone_1.23__moc_1.64__mcnn_1.80__moncnn_1.45__MaxEval_102__ProbPAs_0.95__sb_byTime_sbth_3600000__Algo_nsgaii,124,counting_pas,124,7852
simplified-cocome,simplified-cocome__BRF_clone_1.23__moc_1.64__mcnn_1.80__moncnn_1.45__MaxEval_102__ProbPAs_0.95__sb_byTime_sbth_3600000__Algo_nsgaii,124,perfQ,1432
simplified-cocome,simplified-cocome__BRF_clone_1.23__moc_1.64__mcnn_1.80__moncnn_1.45__MaxEval_102__ProbPAs_0.95__sb_byTime_sbth_3600000__Algo_nsgaii,reliability,185
simplified-cocome,simplified-cocome__BRF_clone_1.23__moc_1.64__mcnn_1.80__moncnn_1.45__MaxEval_102__ProbPAs_0.95__sb_byTime_sbth_3600000__Algo_nsgaii,125,uml2lqn,3487
NSGA,simplified-cocome__BRF_clone_1.23__moc_1.64__mcnn_1.80__moncnn_1.45__MaxEval_102__ProbPAs_0.95__sb_byTime_sbth_3600000__Algo_nsgaii,125,invoke_solver,138
NSGA,simplified-cocome__BRF_clone_1.23__moc_1.64__mcnn_1.80__moncnn_1.45__MaxEval_102__ProbPAs_0.95__sb_byTime_sbth_3600000__Algo_nsgaii,125,lqn2uml,1252
NSGA,simplified-cocome__BRF_clone_1.23__moc_1.64__mcnn_1.80__moncnn_1.45__MaxEval_102__ProbPAs_0.95__sb_byTime_sbth_3600000__Algo_nsgaii,125,counting_pas,125,7792
simplified-cocome,simplified-cocome__BRF_clone_1.23__moc_1.64__mcnn_1.80__moncnn_1.45__MaxEval_102__ProbPAs_0.95__sb_byTime_sbth_3600000__Algo_nsgaii,125,perfQ,1131
simplified-cocome,simplified-cocome__BRF_clone_1.23__moc_1.64__mcnn_1.80__moncnn_1.45__MaxEval_102__ProbPAs_0.95__sb_byTime_sbth_3600000__Algo_nsgaii,reliability,157
simplified-cocome,simplified-cocome__BRF_clone_1.23__moc_1.64__mcnn_1.80__moncnn_1.45__MaxEval_102__ProbPAs_0.95__sb_byTime_sbth_3600000__Algo_nsgaii,128,uml2lqn,2699
NSGA,simplified-cocome__BRF_clone_1.23__moc_1.64__mcnn_1.80__moncnn_1.45__MaxEval_102__ProbPAs_0.95__sb_byTime_sbth_3600000__Algo_nsgaii,128,invoke_solver,285
NSGA,simplified-cocome__BRF_clone_1.23__moc_1.64__mcnn_1.80__moncnn_1.45__MaxEval_102__ProbPAs_0.95__sb_byTime_sbth_3600000__Algo_nsgaii,128,lqn2uml,1468
NSGA,simplified-cocome__BRF_clone_1.23__moc_1.64__mcnn_1.80__moncnn_1.45__MaxEval_102__ProbPAs_0.95__sb_byTime_sbth_3600000__Algo_nsgaii,128,counting_pas,128,8757
simplified-cocome,simplified-cocome__BRF_clone_1.23__moc_1.64__mcnn_1.80__moncnn_1.45__MaxEval_102__ProbPAs_0.95__sb_byTime_sbth_3600000__Algo_nsgaii,128,perfQ,1622
simplified-cocome,simplified-cocome__BRF_clone_1.23__moc_1.64__mcnn_1.80__moncnn_1.45__MaxEval_102__ProbPAs_0.95__sb_byTime_sbth_3600000__Algo_nsgaii,reliability,187
simplified-cocome,simplified-cocome__BRF_clone_1.23__moc_1.64__mcnn_1.80__moncnn_1.45__MaxEval_102__ProbPAs_0.95__sb_byTime_sbth_3600000__Algo_nsgaii,129,uml2lqn,3356
NSGA,simplified-cocome__BRF_clone_1.23__moc_1.64__mcnn_1.80__moncnn_1.45__MaxEval_102__ProbPAs_0.95__sb_byTime_sbth_3600000__Algo_nsgaii,129,invoke_solver,248
NSGA,simplified-cocome__BRF_clone_1.23__moc_1.64__mcnn_1.80__moncnn_1.45__MaxEval_102__ProbPAs_0.95__sb_byTime_sbth_3600000__Algo_nsgaii,129,lqn2uml,1946
NSGA,simplified-cocome__BRF_clone_1.23__moc_1.64__mcnn_1.80__moncnn_1.45__MaxEval_102__ProbPAs_0.95__sb_byTime_sbth_3600000__Algo_nsgaii,129,counting_pas,129,8823
simplified-cocome,simplified-cocome__BRF_clone_1.23__moc_1.64__mcnn_1.80__moncnn_1.45__MaxEval_102__ProbPAs_0.95__sb_byTime_sbth_3600000__Algo_nsgaii,129,perfQ,1611
simplified-cocome,simplified-cocome__BRF_clone_1.23__moc_1.64__mcnn_1.80__moncnn_1.45__MaxEval_102__ProbPAs_0.95__sb_byTime_sbth_3600000__Algo_nsgaii,reliability,173
simplified-cocome,simplified-cocome__BRF_clone_1.23__moc_1.64__mcnn_1.80__moncnn_1.45__MaxEval_102__ProbPAs_0.95__sb_byTime_sbth_3600000__Algo_nsgaii,132,uml2lqn,2736
NSGA,simplified-cocome__BRF_clone_1.23__moc_1.64__mcnn_1.80__moncnn_1.45__MaxEval_102__ProbPAs_0.95__sb_byTime_sbth_3600000__Algo_nsgaii,132,invoke_solver,368
NSGA,simplified-cocome__BRF_clone_1.23__moc_1.64__mcnn_1.80__moncnn_1.45__MaxEval_102__ProbPAs_0.95__sb_byTime_sbth_3600000__Algo_nsgaii,132,lqn2uml,1695
NSGA,simplified-cocome__BRF_clone_1.23__moc_1.64__mcnn_1.80__moncnn_1.45__MaxEval_102__ProbPAs_0.95__sb_byTime_sbth_3600000__Algo_nsgaii,132,counting_pas,132,8454
simplified-cocome,simplified-cocome__BRF_clone_1.23__moc_1.64__mcnn_1.80__moncnn_1.45__MaxEval_102__ProbPAs_0.95__sb_byTime_sbth_3600000__Algo_nsgaii,132,perfQ,1743
simplified-cocome,simplified-cocome__BRF_clone_1.23__moc_1.64__mcnn_1.80__moncnn_1.45__MaxEval_102__ProbPAs_0.95__sb_byTime_sbth_3600000__Algo_nsgaii,reliability,174
simplified-cocome,simplified-cocome__BRF_clone_1.23__moc_1.64__mcnn_1.80__moncnn_1.45__MaxEval_102__ProbPAs_0.95__sb_byTime_sbth_3600000__Algo_nsgaii,133,uml2lqn,2815
NSGA,simplified-cocome__BRF_clone_1.23__moc_1.64__mcnn_1.80__moncnn_1.45__MaxEval_102__ProbPAs_0.95__sb_byTime_sbth_3600000__Algo_nsgaii,133,invoke_solver,335
NSGA,simplified-cocome__BRF_clone_1.23__moc_1.64__mcnn_1.80__moncnn_1.45__MaxEval_102__ProbPAs_0.95__sb_byTime_sbth_3600000__Algo_nsgaii,133,lqn2uml,1549
NSGA,simplified-cocome__BRF_clone_1.23__moc_1.64__mcnn_1.80__moncnn_1.45__MaxEval_102__ProbPAs_0.95__sb_byTime_sbth_3600000__Algo_nsgaii,133,counting_pas,133,8195
simplified-cocome,simplified-cocome__BRF_clone_1.23__moc_1.64__mcnn_1.80__moncnn_1.45__MaxEval_102__ProbPAs_0.95__sb_byTime_sbth_3600000__Algo_nsgaii,133,perfQ,1786
simplified-cocome,simplified-cocome__BRF_clone_1.23__moc_1.64__mcnn_1.80__moncnn_1.45__MaxEval_102__ProbPAs_0.95__sb_byTime_sbth_3600000__Algo_nsgaii,reliability,156
simplified-cocome,simplified-cocome__BRF_clone_1.23__moc_1.64__mcnn_1.80__moncnn_1.45__MaxEval_102__ProbPAs_0.95__sb_byTime_sbth_3600000__Algo_nsgaii,136,uml2lqn,2880
NSGA,simplified-cocome__BRF_clone_1.23__moc_1.64__mcnn_1.80__moncnn_1.45__MaxEval_102__ProbPAs_0.95__sb_byTime_sbth_3600000__Algo_nsgaii,136,invoke_solver,80
NSGA,simplified-cocome__BRF_clone_1.23__moc_1.64__mcnn_1.80__moncnn_1.45__MaxEval_102__ProbPAs_0.95__sb_byTime_sbth_3600000__Algo_nsgaii,136,lqn2uml,1291
NSGA,simplified-cocome__BRF_clone_1.23__moc_1.64__mcnn_1.80__moncnn_1.45__MaxEval_102__ProbPAs_0.95__sb_byTime_sbth_3600000__Algo_nsgaii,136,counting_pas,136,8413
simplified-cocome,simplified-cocome__BRF_clone_1.23__moc_1.64__mcnn_1.80__moncnn_1.45__MaxEval_102__ProbPAs_0.95__sb_byTime_sbth_3600000__Algo_nsgaii,136,perfQ,1143
simplified-cocome,simplified-cocome__BRF_clone_1.23__moc_1.64__mcnn_1.80__moncnn_1.45__MaxEval_102__ProbPAs_0.95__sb_byTime_sbth_3600000__Algo_nsgaii,reliability,195
simplified-cocome,simplified-cocome__BRF_clone_1.23__moc_1.64__mcnn_1.80__moncnn_1.45__MaxEval_102__ProbPAs_0.95__sb_byTime_sbth_3600000__Algo_nsgaii,137,uml2lqn,2940
NSGA,simplified-cocome__BRF_clone_1.23__moc_1.64__mcnn_1.80__moncnn_1.45__MaxEval_102__ProbPAs_0.95__sb_byTime_sbth_3600000__Algo_nsgaii,137,invoke_solver,295
NSGA,simplified-cocome__BRF_clone_1.23__moc_1.64__mcnn_1.80__moncnn_1.45__MaxEval_102__ProbPAs_0.95__sb_byTime_sbth_3600000__Algo_nsgaii,137,lqn2uml,1444
NSGA,simplified-cocome__BRF_clone_1.23__moc_1.64__mcnn_1.80__moncnn_1.45__MaxEval_102__ProbPAs_0.95__sb_byTime_sbth_3600000__Algo_nsgaii,137,counting_pas,137,8062
simplified-cocome,simplified-cocome__BRF_clone_1.23__moc_1.64__mcnn_1.80__moncnn_1.45__MaxEval_102__ProbPAs_0.95__sb_byTime_sbth_3600000__Algo_nsgaii,137,perfQ,943
simplified-cocome,simplified-cocome__BRF_clone_1.23__moc_1.64__mcnn_1.80__moncnn_1.45__MaxEval_102__ProbPAs_0.95__sb_byTime_sbth_3600000__Algo_nsgaii,reliability,204
simplified-cocome,simplified-cocome__BRF_clone_1.23__moc_1.64__mcnn_1.80__moncnn_1.45__MaxEval_102__ProbPAs_0.95__sb_byTime_sbth_3600000__Algo_nsgaii,140,uml2lqn,2882
NSGA,simplified-cocome__BRF_clone_1.23__moc_1.64__mcnn_1.80__moncnn_1.45__MaxEval_102__ProbPAs_0.95__sb_byTime_sbth_3600000__Algo_nsgaii,140,invoke_solver,163
NSGA,simplified-cocome__BRF_clone_1.23__moc_1.64__mcnn_1.80__moncnn_1.45__MaxEval_102__ProbPAs_0.95__sb_byTime_sbth_3600000__Algo_nsgaii,140,lqn2uml,1398
NSGA,simplified-cocome__BRF_clone_1.23__moc_1.64__mcnn_1.80__moncnn_1.45__MaxEval_102__ProbPAs_0.95__sb_byTime_sbth_3600000__Algo_nsgaii,140,counting_pas,140,8438
simplified-cocome,simplified-cocome__BRF_clone_1.23__moc_1.64__mcnn_1.80__moncnn_1.45__MaxEval_102__ProbPAs_0.95__sb_byTime_sbth_3600000__Algo_nsgaii,140,perfQ,1218
simplified-cocome,simplified-cocome__BRF_clone_1.23__moc_1.64__mcnn_1.80__moncnn_1.45__MaxEval_102__ProbPAs_0.95__sb_byTime_sbth_3600000__Algo_nsgaii,reliability,158
simplified-cocome,simplified-cocome__BRF_clone_1.23__moc_1.64__mcnn_1.80__moncnn_1.45__MaxEval_102__ProbPAs_0.95__sb_byTime_sbth_3600000__Algo_nsgaii,141,uml2lqn,2838
NSGA,simplified-cocome__BRF_clone_1.23__moc_1.64__mcnn_1.80__moncnn_1.45__MaxEval_102__ProbPAs_0.95__sb_byTime_sbth_3600000__Algo_nsgaii,141,invoke_solver,70
NSGA,simplified-cocome__BRF_clone_1.23__moc_1.64__mcnn_1.80__moncnn_1.45__MaxEval_102__ProbPAs_0.95__sb_byTime_sbth_3600000__Algo_nsgaii,141,lqn2uml,1554
NSGA,simplified-cocome__BRF_clone_1.23__moc_1.64__mcnn_1.80__moncnn_1.45__MaxEval_102__ProbPAs_0.95__sb_byTime_sbth_3600000__Algo_nsgaii,141,counting_pas,141,9564
simplified-cocome,simplified-cocome__BRF_clone_1.23__moc_1.64__mcnn_1.80__moncnn_1.45__MaxEval_102__ProbPAs_0.95__sb_byTime_sbth_3600000__Algo_nsgaii,141,perfQ,1265
simplified-cocome,simplified-cocome__BRF_clone_1.23__moc_1.64__mcnn_1.80__moncnn_1.45__MaxEval_102__ProbPAs_0.95__sb_byTime_sbth_3600000__Algo_nsgaii,reliability,167
simplified-cocome,simplified-cocome__BRF_clone_1.23__moc_1.64__mcnn_1.80__moncnn_1.45__MaxEval_102__ProbPAs_0.95__sb_byTime_sbth_3600000__Algo_nsgaii,144,uml2lqn,3179
NSGA,simplified-cocome__BRF_clone_1.23__moc_1.64__mcnn_1.80__moncnn_1.45__MaxEval_102__ProbPAs_0.95__sb_byTime_sbth_3600000__Algo_nsgaii,144,invoke_solver,275
NSGA,simplified-cocome__BRF_clone_1.23__moc_1.64__mcnn_1.80__moncnn_1.45__MaxEval_102__ProbPAs_0.95__sb_byTime_sbth_3600000__Algo_nsgaii,144,lqn2uml,1716
NSGA,simplified-cocome__BRF_clone_1.23__moc_1.64__mcnn_1.80__moncnn_1.45__MaxEval_102__ProbPAs_0.95__sb_byTime_sbth_3600000__Algo_nsgaii,144,counting_pas,144,8771
simplified-cocome,simplified-cocome__BRF_clone_1.23__moc_1.64__mcnn_1.80__moncnn_1.45__MaxEval_102__ProbPAs_0.95__sb_byTime_sbth_3600000__Algo_nsgaii,144,perfQ,1347
simplified-cocome,simplified-cocome__BRF_clone_1.23__moc_1.64__mcnn_1.80__moncnn_1.45__MaxEval_102__ProbPAs_0.95__sb_byTime_sbth_3600000__Algo_nsgaii,reliability,166
simplified-cocome,simplified-cocome__BRF_clone_1.23__moc_1.64__mcnn_1.80__moncnn_1.45__MaxEval_102__ProbPAs_0.95__sb_byTime_sbth_3600000__Algo_nsgaii,145,uml2lqn,3437
NSGA,simplified-cocome__BRF_clone_1.23__moc_1.64__mcnn_1.80__moncnn_1.45__MaxEval_102__ProbPAs_0.95__sb_byTime_sbth_3600000__Algo_nsgaii,145,invoke_solver,409
NSGA,simplified-cocome__BRF_clone_1.23__moc_1.64__mcnn_1.80__moncnn_1.45__MaxEval_102__ProbPAs_0.95__sb_byTime_sbth_3600000__Algo_nsgaii,145,lqn2uml,2596
NSGA,simplified-cocome__BRF_clone_1.23__moc_1.64__mcnn_1.80__moncnn_1.45__MaxEval_102__ProbPAs_0.95__sb_byTime_sbth_3600000__Algo_nsgaii,145,counting_pas,145,9170
simplified-cocome,simplified-cocome__BRF_clone_1.23__moc_1.64__mcnn_1.80__moncnn_1.45__MaxEval_102__ProbPAs_0.95__sb_byTime_sbth_3600000__Algo_nsgaii,145,perfQ,1710
simplified-cocome,simplified-cocome__BRF_clone_1.23__moc_1.64__mcnn_1.80__moncnn_1.45__MaxEval_102__ProbPAs_0.95__sb_byTime_sbth_3600000__Algo_nsgaii,reliability,220
simplified-cocome,simplified-cocome__BRF_clone_1.23__moc_1.64__mcnn_1.80__moncnn_1.45__MaxEval_102__ProbPAs_0.95__sb_byTime_sbth_3600000__Algo_nsgaii,148,uml2lqn,2647
NSGA,simplified-cocome__BRF_clone_1.23__moc_1.64__mcnn_1.80__moncnn_1.45__MaxEval_102__ProbPAs_0.95__sb_byTime_sbth_3600000__Algo_nsgaii,148,invoke_solver,324
NSGA,simplified-cocome__BRF_clone_1.23__moc_1.64__mcnn_1.80__moncnn_1.45__MaxEval_102__ProbPAs_0.95__sb_byTime_sbth_3600000__Algo_nsgaii,148,lqn2uml,1386
NSGA,simplified-cocome__BRF_clone_1.23__moc_1.64__mcnn_1.80__moncnn_1.45__MaxEval_102__ProbPAs_0.95__sb_byTime_sbth_3600000__Algo_nsgaii,148,counting_pas,148,7990
simplified-cocome,simplified-cocome__BRF_clone_1.23__moc_1.64__mcnn_1.80__moncnn_1.45__MaxEval_102__ProbPAs_0.95__sb_byTime_sbth_3600000__Algo_nsgaii,148,perfQ,1799
simplified-cocome,simplified-cocome__BRF_clone_1.23__moc_1.64__mcnn_1.80__moncnn_1.45__MaxEval_102__ProbPAs_0.95__sb_byTime_sbth_3600000__Algo_nsgaii,reliability,209
simplified-cocome,simplified-cocome__BRF_clone_1.23__moc_1.64__mcnn_1.80__moncnn_1.45__MaxEval_102__ProbPAs_0.95__sb_byTime_sbth_3600000__Algo_nsgaii,149,uml2lqn,2952
NSGA,simplified-cocome__BRF_clone_1.23__moc_1.64__mcnn_1.80__moncnn_1.45__MaxEval_102__ProbPAs_0.95__sb_byTime_sbth_3600000__Algo_nsgaii,149,invoke_solver,322
NSGA,simplified-cocome__BRF_clone_1.23__moc_1.64__mcnn_1.80__moncnn_1.45__MaxEval_102__ProbPAs_0.95__sb_byTime_sbth_3600000__Algo_nsgaii,149,lqn2uml,1089
NSGA,simplified-cocome__BRF_clone_1.23__moc_1.64__mcnn_1.80__moncnn_1.45__MaxEval_102__ProbPAs_0.95__sb_byTime_sbth_3600000__Algo_nsgaii,149,counting_pas,149,8204
simplified-cocome,simplified-cocome__BRF_clone_1.23__moc_1.64__mcnn_1.80__moncnn_1.45__MaxEval_102__ProbPAs_0.95__sb_byTime_sbth_3600000__Algo_nsgaii,149,perfQ,1764
simplified-cocome,simplified-cocome__BRF_clone_1.23__moc_1.64__mcnn_1.80__moncnn_1.45__MaxEval_102__ProbPAs_0.95__sb_byTime_sbth_3600000__Algo_nsgaii,reliability,239
simplified-cocome,simplified-cocome__BRF_clone_1.23__moc_1.64__mcnn_1.80__moncnn_1.45__MaxEval_102__ProbPAs_0.95__sb_byTime_sbth_3600000__Algo_nsgaii,152,uml2lqn,3420
NSGA,simplified-cocome__BRF_clone_1.23__moc_1.64__mcnn_1.80__moncnn_1.45__MaxEval_102__ProbPAs_0.95__sb_byTime_sbth_3600000__Algo_nsgaii,152,invoke_solver,261
NSGA,simplified-cocome__BRF_clone_1.23__moc_1.64__mcnn_1.80__moncnn_1.45__MaxEval_102__ProbPAs_0.95__sb_byTime_sbth_3600000__Algo_nsgaii,152,lqn2uml,1623
NSGA,simplified-cocome__BRF_clone_1.23__moc_1.64__mcnn_1.80__moncnn_1.45__MaxEval_102__ProbPAs_0.95__sb_byTime_sbth_3600000__Algo_nsgaii,152,counting_pas,152,9116
simplified-cocome,simplified-cocome__BRF_clone_1.23__moc_1.64__mcnn_1.80__moncnn_1.45__MaxEval_102__ProbPAs_0.95__sb_byTime_sbth_3600000__Algo_nsgaii,152,perfQ,2321
simplified-cocome,simplified-cocome__BRF_clone_1.23__moc_1.64__mcnn_1.80__moncnn_1.45__MaxEval_102__ProbPAs_0.95__sb_byTime_sbth_3600000__Algo_nsgaii,reliability,176
simplified-cocome,simplified-cocome__BRF_clone_1.23__moc_1.64__mcnn_1.80__moncnn_1.45__MaxEval_102__ProbPAs_0.95__sb_byTime_sbth_3600000__Algo_nsgaii,153,uml2lqn,3408
NSGA,simplified-cocome__BRF_clone_1.23__moc_1.64__mcnn_1.80__moncnn_1.45__MaxEval_102__ProbPAs_0.95__sb_byTime_sbth_3600000__Algo_nsgaii,153,invoke_solver,151
NSGA,simplified-cocome__BRF_clone_1.23__moc_1.64__mcnn_1.80__moncnn_1.45__MaxEval_102__ProbPAs_0.95__sb_byTime_sbth_3600000__Algo_nsgaii,153,lqn2uml,1559
NSGA,simplified-cocome__BRF_clone_1.23__moc_1.64__mcnn_1.80__moncnn_1.45__MaxEval_102__ProbPAs_0.95__sb_byTime_sbth_3600000__Algo_nsgaii,153,counting_pas,153,7956
simplified-cocome,simplified-cocome__BRF_clone_1.23__moc_1.64__mcnn_1.80__moncnn_1.45__MaxEval_102__ProbPAs_0.95__sb_byTime_sbth_3600000__Algo_nsgaii,153,perfQ,2007
simplified-cocome,simplified-cocome__BRF_clone_1.23__moc_1.64__mcnn_1.80__moncnn_1.45__MaxEval_102__ProbPAs_0.95__sb_byTime_sbth_3600000__Algo_nsgaii,reliability,206
simplified-cocome,simplified-cocome__BRF_clone_1.23__moc_1.64__mcnn_1.80__moncnn_1.45__MaxEval_102__ProbPAs_0.95__sb_byTime_sbth_3600000__Algo_nsgaii,156,uml2lqn,3406
NSGA,simplified-cocome__BRF_clone_1.23__moc_1.64__mcnn_1.80__moncnn_1.45__MaxEval_102__ProbPAs_0.95__sb_byTime_sbth_3600000__Algo_nsgaii,156,invoke_solver,318
NSGA,simplified-cocome__BRF_clone_1.23__moc_1.64__mcnn_1.80__moncnn_1.45__MaxEval_102__ProbPAs_0.95__sb_byTime_sbth_3600000__Algo_nsgaii,156,lqn2uml,1522
NSGA,simplified-cocome__BRF_clone_1.23__moc_1.64__mcnn_1.80__moncnn_1.45__MaxEval_102__ProbPAs_0.95__sb_byTime_sbth_3600000__Algo_nsgaii,156,counting_pas,156,8378
simplified-cocome,simplified-cocome__BRF_clone_1.23__moc_1.64__mcnn_1.80__moncnn_1.45__MaxEval_102__ProbPAs_0.95__sb_byTime_sbth_3600000__Algo_nsgaii,156,perfQ,2080
simplified-cocome,simplified-cocome__BRF_clone_1.23__moc_1.64__mcnn_1.80__moncnn_1.45__MaxEval_102__ProbPAs_0.95__sb_byTime_sbth_3600000__Algo_nsgaii,reliability,217
simplified-cocome,simplified-cocome__BRF_clone_1.23__moc_1.64__mcnn_1.80__moncnn_1.45__MaxEval_102__ProbPAs_0.95__sb_byTime_sbth_3600000__Algo_nsgaii,157,uml2lqn,2983
NSGA,simplified-cocome__BRF_clone_1.23__moc_1.64__mcnn_1.80__moncnn_1.45__MaxEval_102__ProbPAs_0.95__sb_byTime_sbth_3600000__Algo_nsgaii,157,invoke_solver,62
NSGA,simplified-cocome__BRF_clone_1.23__moc_1.64__mcnn_1.80__moncnn_1.45__MaxEval_102__ProbPAs_0.95__sb_byTime_sbth_3600000__Algo_nsgaii,157,lqn2uml,2202
NSGA,simplified-cocome__BRF_clone_1.23__moc_1.64__mcnn_1.80__moncnn_1.45__MaxEval_102__ProbPAs_0.95__sb_byTime_sbth_3600000__Algo_nsgaii,157,counting_pas,157,8020
simplified-cocome,simplified-cocome__BRF_clone_1.23__moc_1.64__mcnn_1.80__moncnn_1.45__MaxEval_102__ProbPAs_0.95__sb_byTime_sbth_3600000__Algo_nsgaii,157,perfQ,1491
simplified-cocome,simplified-cocome__BRF_clone_1.23__moc_1.64__mcnn_1.80__moncnn_1.45__MaxEval_102__ProbPAs_0.95__sb_byTime_sbth_3600000__Algo_nsgaii,reliability,209
simplified-cocome,simplified-cocome__BRF_clone_1.23__moc_1.64__mcnn_1.80__moncnn_1.45__MaxEval_102__ProbPAs_0.95__sb_byTime_sbth_3600000__Algo_nsgaii,158,uml2lqn,3326
NSGA,simplified-cocome__BRF_clone_1.23__moc_1.64__mcnn_1.80__moncnn_1.45__MaxEval_102__ProbPAs_0.95__sb_byTime_sbth_3600000__Algo_nsgaii,158,invoke_solver,298
NSGA,simplified-cocome__BRF_clone_1.23__moc_1.64__mcnn_1.80__moncnn_1.45__MaxEval_102__ProbPAs_0.95__sb_byTime_sbth_3600000__Algo_nsgaii,158,lqn2uml,1570
NSGA,simplified-cocome__BRF_clone_1.23__moc_1.64__mcnn_1.80__moncnn_1.45__MaxEval_102__ProbPAs_0.95__sb_byTime_sbth_3600000__Algo_nsgaii,158,counting_pas,158,8319
simplified-cocome,simplified-cocome__BRF_clone_1.23__moc_1.64__mcnn_1.80__moncnn_1.45__MaxEval_102__ProbPAs_0.95__sb_byTime_sbth_3600000__Algo_nsgaii,158,perfQ,1035
simplified-cocome,simplified-cocome__BRF_clone_1.23__moc_1.64__mcnn_1.80__moncnn_1.45__MaxEval_102__ProbPAs_0.95__sb_byTime_sbth_3600000__Algo_nsgaii,reliability,203
simplified-cocome,simplified-cocome__BRF_clone_1.23__moc_1.64__mcnn_1.80__moncnn_1.45__MaxEval_102__ProbPAs_0.95__sb_byTime_sbth_3600000__Algo_nsgaii,159,uml2lqn,4016
NSGA,simplified-cocome__BRF_clone_1.23__moc_1.64__mcnn_1.80__moncnn_1.45__MaxEval_102__ProbPAs_0.95__sb_byTime_sbth_3600000__Algo_nsgaii,159,invoke_solver,380
NSGA,simplified-cocome__BRF_clone_1.23__moc_1.64__mcnn_1.80__moncnn_1.45__MaxEval_102__ProbPAs_0.95__sb_byTime_sbth_3600000__Algo_nsgaii,159,lqn2uml,1971
NSGA,simplified-cocome__BRF_clone_1.23__moc_1.64__mcnn_1.80__moncnn_1.45__MaxEval_102__ProbPAs_0.95__sb_byTime_sbth_3600000__Algo_nsgaii,159,counting_pas,159,8871
simplified-cocome,simplified-cocome__BRF_clone_1.23__moc_1.64__mcnn_1.80__moncnn_1.45__MaxEval_102__ProbPAs_0.95__sb_byTime_sbth_3600000__Algo_nsgaii,159,perfQ,1771
simplified-cocome,simplified-cocome__BRF_clone_1.23__moc_1.64__mcnn_1.80__moncnn_1.45__MaxEval_102__ProbPAs_0.95__sb_byTime_sbth_3600000__Algo_nsgaii,reliability,152
simplified-cocome,simplified-cocome__BRF_clone_1.23__moc_1.64__mcnn_1.80__moncnn_1.45__MaxEval_102__ProbPAs_0.95__sb_byTime_sbth_3600000__Algo_nsgaii,162,uml2lqn,3641
NSGA,simplified-cocome__BRF_clone_1.23__moc_1.64__mcnn_1.80__moncnn_1.45__MaxEval_102__ProbPAs_0.95__sb_byTime_sbth_3600000__Algo_nsgaii,162,invoke_solver,333
NSGA,simplified-cocome__BRF_clone_1.23__moc_1.64__mcnn_1.80__moncnn_1.45__MaxEval_102__ProbPAs_0.95__sb_byTime_sbth_3600000__Algo_nsgaii,162,lqn2uml,1547
NSGA,simplified-cocome__BRF_clone_1.23__moc_1.64__mcnn_1.80__moncnn_1.45__MaxEval_102__ProbPAs_0.95__sb_byTime_sbth_3600000__Algo_nsgaii,162,counting_pas,162,8969
simplified-cocome,simplified-cocome__BRF_clone_1.23__moc_1.64__mcnn_1.80__moncnn_1.45__MaxEval_102__ProbPAs_0.95__sb_byTime_sbth_3600000__Algo_nsgaii,162,perfQ,2211
simplified-cocome,simplified-cocome__BRF_clone_1.23__moc_1.64__mcnn_1.80__moncnn_1.45__MaxEval_102__ProbPAs_0.95__sb_byTime_sbth_3600000__Algo_nsgaii,reliability,197
simplified-cocome,simplified-cocome__BRF_clone_1.23__moc_1.64__mcnn_1.80__moncnn_1.45__MaxEval_102__ProbPAs_0.95__sb_byTime_sbth_3600000__Algo_nsgaii,163,uml2lqn,3369
NSGA,simplified-cocome__BRF_clone_1.23__moc_1.64__mcnn_1.80__moncnn_1.45__MaxEval_102__ProbPAs_0.95__sb_byTime_sbth_3600000__Algo_nsgaii,163,invoke_solver,302
NSGA,simplified-cocome__BRF_clone_1.23__moc_1.64__mcnn_1.80__moncnn_1.45__MaxEval_102__ProbPAs_0.95__sb_byTime_sbth_3600000__Algo_nsgaii,163,lqn2uml,1468
NSGA,simplified-cocome__BRF_clone_1.23__moc_1.64__mcnn_1.80__moncnn_1.45__MaxEval_102__ProbPAs_0.95__sb_byTime_sbth_3600000__Algo_nsgaii,163,counting_pas,163,7630
simplified-cocome,simplified-cocome__BRF_clone_1.23__moc_1.64__mcnn_1.80__moncnn_1.45__MaxEval_102__ProbPAs_0.95__sb_byTime_sbth_3600000__Algo_nsgaii,163,perfQ,2123
simplified-cocome,simplified-cocome__BRF_clone_1.23__moc_1.64__mcnn_1.80__moncnn_1.45__MaxEval_102__ProbPAs_0.95__sb_byTime_sbth_3600000__Algo_nsgaii,reliability,272
simplified-cocome,simplified-cocome__BRF_clone_1.23__moc_1.64__mcnn_1.80__moncnn_1.45__MaxEval_102__ProbPAs_0.95__sb_byTime_sbth_3600000__Algo_nsgaii,166,uml2lqn,3606
NSGA,simplified-cocome__BRF_clone_1.23__moc_1.64__mcnn_1.80__moncnn_1.45__MaxEval_102__ProbPAs_0.95__sb_byTime_sbth_3600000__Algo_nsgaii,166,invoke_solver,297
NSGA,simplified-cocome__BRF_clone_1.23__moc_1.64__mcnn_1.80__moncnn_1.45__MaxEval_102__ProbPAs_0.95__sb_byTime_sbth_3600000__Algo_nsgaii,166,lqn2uml,1590
NSGA,simplified-cocome__BRF_clone_1.23__moc_1.64__mcnn_1.80__moncnn_1.45__MaxEval_102__ProbPAs_0.95__sb_byTime_sbth_3600000__Algo_nsgaii,166,counting_pas,166,7854
simplified-cocome,simplified-cocome__BRF_clone_1.23__moc_1.64__mcnn_1.80__moncnn_1.45__MaxEval_102__ProbPAs_0.95__sb_byTime_sbth_3600000__Algo_nsgaii,166,perfQ,1759
simplified-cocome,simplified-cocome__BRF_clone_1.23__moc_1.64__mcnn_1.80__moncnn_1.45__MaxEval_102__ProbPAs_0.95__sb_byTime_sbth_3600000__Algo_nsgaii,reliability,196
simplified-cocome,simplified-cocome__BRF_clone_1.23__moc_1.64__mcnn_1.80__moncnn_1.45__MaxEval_102__ProbPAs_0.95__sb_byTime_sbth_3600000__Algo_nsgaii,167,uml2lqn,3287
NSGA,simplified-cocome__BRF_clone_1.23__moc_1.64__mcnn_1.80__moncnn_1.45__MaxEval_102__ProbPAs_0.95__sb_byTime_sbth_3600000__Algo_nsgaii,167,invoke_solver,316
NSGA,simplified-cocome__BRF_clone_1.23__moc_1.64__mcnn_1.80__moncnn_1.45__MaxEval_102__ProbPAs_0.95__sb_byTime_sbth_3600000__Algo_nsgaii,167,lqn2uml,1611
NSGA,simplified-cocome__BRF_clone_1.23__moc_1.64__mcnn_1.80__moncnn_1.45__MaxEval_102__ProbPAs_0.95__sb_byTime_sbth_3600000__Algo_nsgaii,167,counting_pas,167,8179
simplified-cocome,simplified-cocome__BRF_clone_1.23__moc_1.64__mcnn_1.80__moncnn_1.45__MaxEval_102__ProbPAs_0.95__sb_byTime_sbth_3600000__Algo_nsgaii,167,perfQ,1547
simplified-cocome,simplified-cocome__BRF_clone_1.23__moc_1.64__mcnn_1.80__moncnn_1.45__MaxEval_102__ProbPAs_0.95__sb_byTime_sbth_3600000__Algo_nsgaii,reliability,220
simplified-cocome,simplified-cocome__BRF_clone_1.23__moc_1.64__mcnn_1.80__moncnn_1.45__MaxEval_102__ProbPAs_0.95__sb_byTime_sbth_3600000__Algo_nsgaii,170,uml2lqn,3226
NSGA,simplified-cocome__BRF_clone_1.23__moc_1.64__mcnn_1.80__moncnn_1.45__MaxEval_102__ProbPAs_0.95__sb_byTime_sbth_3600000__Algo_nsgaii,170,invoke_solver,312
NSGA,simplified-cocome__BRF_clone_1.23__moc_1.64__mcnn_1.80__moncnn_1.45__MaxEval_102__ProbPAs_0.95__sb_byTime_sbth_3600000__Algo_nsgaii,170,lqn2uml,1691
NSGA,simplified-cocome__BRF_clone_1.23__moc_1.64__mcnn_1.80__moncnn_1.45__MaxEval_102__ProbPAs_0.95__sb_byTime_sbth_3600000__Algo_nsgaii,170,counting_pas,170,8114
simplified-cocome,simplified-cocome__BRF_clone_1.23__moc_1.64__mcnn_1.80__moncnn_1.45__MaxEval_102__ProbPAs_0.95__sb_byTime_sbth_3600000__Algo_nsgaii,170,perfQ,1257
simplified-cocome,simplified-cocome__BRF_clone_1.23__moc_1.64__mcnn_1.80__moncnn_1.45__MaxEval_102__ProbPAs_0.95__sb_byTime_sbth_3600000__Algo_nsgaii,reliability,191
simplified-cocome,simplified-cocome__BRF_clone_1.23__moc_1.64__mcnn_1.80__moncnn_1.45__MaxEval_102__ProbPAs_0.95__sb_byTime_sbth_3600000__Algo_nsgaii,171,uml2lqn,3144
NSGA,simplified-cocome__BRF_clone_1.23__moc_1.64__mcnn_1.80__moncnn_1.45__MaxEval_102__ProbPAs_0.95__sb_byTime_sbth_3600000__Algo_nsgaii,171,invoke_solver,67
NSGA,simplified-cocome__BRF_clone_1.23__moc_1.64__mcnn_1.80__moncnn_1.45__MaxEval_102__ProbPAs_0.95__sb_byTime_sbth_3600000__Algo_nsgaii,171,lqn2uml,1503
NSGA,simplified-cocome__BRF_clone_1.23__moc_1.64__mcnn_1.80__moncnn_1.45__MaxEval_102__ProbPAs_0.95__sb_byTime_sbth_3600000__Algo_nsgaii,171,counting_pas,171,9415
simplified-cocome,simplified-cocome__BRF_clone_1.23__moc_1.64__mcnn_1.80__moncnn_1.45__MaxEval_102__ProbPAs_0.95__sb_byTime_sbth_3600000__Algo_nsgaii,171,perfQ,1265
simplified-cocome,simplified-cocome__BRF_clone_1.23__moc_1.64__mcnn_1.80__moncnn_1.45__MaxEval_102__ProbPAs_0.95__sb_byTime_sbth_3600000__Algo_nsgaii,reliability,155
simplified-cocome,simplified-cocome__BRF_clone_1.23__moc_1.64__mcnn_1.80__moncnn_1.45__MaxEval_102__ProbPAs_0.95__sb_byTime_sbth_3600000__Algo_nsgaii,174,uml2lqn,3685
NSGA,simplified-cocome__BRF_clone_1.23__moc_1.64__mcnn_1.80__moncnn_1.45__MaxEval_102__ProbPAs_0.95__sb_byTime_sbth_3600000__Algo_nsgaii,174,invoke_solver,251
NSGA,simplified-cocome__BRF_clone_1.23__moc_1.64__mcnn_1.80__moncnn_1.45__MaxEval_102__ProbPAs_0.95__sb_byTime_sbth_3600000__Algo_nsgaii,174,lqn2uml,1562
NSGA,simplified-cocome__BRF_clone_1.23__moc_1.64__mcnn_1.80__moncnn_1.45__MaxEval_102__ProbPAs_0.95__sb_byTime_sbth_3600000__Algo_nsgaii,174,counting_pas,174,8321
simplified-cocome,simplified-cocome__BRF_clone_1.23__moc_1.64__mcnn_1.80__moncnn_1.45__MaxEval_102__ProbPAs_0.95__sb_byTime_sbth_3600000__Algo_nsgaii,174,perfQ,1847
simplified-cocome,simplified-cocome__BRF_clone_1.23__moc_1.64__mcnn_1.80__moncnn_1.45__MaxEval_102__ProbPAs_0.95__sb_byTime_sbth_3600000__Algo_nsgaii,reliability,230
simplified-cocome,simplified-cocome__BRF_clone_1.23__moc_1.64__mcnn_1.80__moncnn_1.45__MaxEval_102__ProbPAs_0.95__sb_byTime_sbth_3600000__Algo_nsgaii,175,uml2lqn,3885
NSGA,simplified-cocome__BRF_clone_1.23__moc_1.64__mcnn_1.80__moncnn_1.45__MaxEval_102__ProbPAs_0.95__sb_byTime_sbth_3600000__Algo_nsgaii,175,invoke_solver,306
NSGA,simplified-cocome__BRF_clone_1.23__moc_1.64__mcnn_1.80__moncnn_1.45__MaxEval_102__ProbPAs_0.95__sb_byTime_sbth_3600000__Algo_nsgaii,175,lqn2uml,1667
NSGA,simplified-cocome__BRF_clone_1.23__moc_1.64__mcnn_1.80__moncnn_1.45__MaxEval_102__ProbPAs_0.95__sb_byTime_sbth_3600000__Algo_nsgaii,175,counting_pas,175,8044
simplified-cocome,simplified-cocome__BRF_clone_1.23__moc_1.64__mcnn_1.80__moncnn_1.45__MaxEval_102__ProbPAs_0.95__sb_byTime_sbth_3600000__Algo_nsgaii,175,perfQ,2435
simplified-cocome,simplified-cocome__BRF_clone_1.23__moc_1.64__mcnn_1.80__moncnn_1.45__MaxEval_102__ProbPAs_0.95__sb_byTime_sbth_3600000__Algo_nsgaii,reliability,216
simplified-cocome,simplified-cocome__BRF_clone_1.23__moc_1.64__mcnn_1.80__moncnn_1.45__MaxEval_102__ProbPAs_0.95__sb_byTime_sbth_3600000__Algo_nsgaii,178,uml2lqn,3574
NSGA,simplified-cocome__BRF_clone_1.23__moc_1.64__mcnn_1.80__moncnn_1.45__MaxEval_102__ProbPAs_0.95__sb_byTime_sbth_3600000__Algo_nsgaii,178,invoke_solver,328
NSGA,simplified-cocome__BRF_clone_1.23__moc_1.64__mcnn_1.80__moncnn_1.45__MaxEval_102__ProbPAs_0.95__sb_byTime_sbth_3600000__Algo_nsgaii,178,lqn2uml,1891
NSGA,simplified-cocome__BRF_clone_1.23__moc_1.64__mcnn_1.80__moncnn_1.45__MaxEval_102__ProbPAs_0.95__sb_byTime_sbth_3600000__Algo_nsgaii,178,counting_pas,178,7854
simplified-cocome,simplified-cocome__BRF_clone_1.23__moc_1.64__mcnn_1.80__moncnn_1.45__MaxEval_102__ProbPAs_0.95__sb_byTime_sbth_3600000__Algo_nsgaii,178,perfQ,2211
simplified-cocome,simplified-cocome__BRF_clone_1.23__moc_1.64__mcnn_1.80__moncnn_1.45__MaxEval_102__ProbPAs_0.95__sb_byTime_sbth_3600000__Algo_nsgaii,reliability,181
simplified-cocome,simplified-cocome__BRF_clone_1.23__moc_1.64__mcnn_1.80__moncnn_1.45__MaxEval_102__ProbPAs_0.95__sb_byTime_sbth_3600000__Algo_nsgaii,179,uml2lqn,3662
NSGA,simplified-cocome__BRF_clone_1.23__moc_1.64__mcnn_1.80__moncnn_1.45__MaxEval_102__ProbPAs_0.95__sb_byTime_sbth_3600000__Algo_nsgaii,179,invoke_solver,354
NSGA,simplified-cocome__BRF_clone_1.23__moc_1.64__mcnn_1.80__moncnn_1.45__MaxEval_102__ProbPAs_0.95__sb_byTime_sbth_3600000__Algo_nsgaii,179,lqn2uml,1841
NSGA,simplified-cocome__BRF_clone_1.23__moc_1.64__mcnn_1.80__moncnn_1.45__MaxEval_102__ProbPAs_0.95__sb_byTime_sbth_3600000__Algo_nsgaii,179,counting_pas,179,8052
simplified-cocome,simplified-cocome__BRF_clone_1.23__moc_1.64__mcnn_1.80__moncnn_1.45__MaxEval_102__ProbPAs_0.95__sb_byTime_sbth_3600000__Algo_nsgaii,179,perfQ,2005
simplified-cocome,simplified-cocome__BRF_clone_1.23__moc_1.64__mcnn_1.80__moncnn_1.45__MaxEval_102__ProbPAs_0.95__sb_byTime_sbth_3600000__Algo_nsgaii,reliability,180
simplified-cocome,simplified-cocome__BRF_clone_1.23__moc_1.64__mcnn_1.80__moncnn_1.45__MaxEval_102__ProbPAs_0.95__sb_byTime_sbth_3600000__Algo_nsgaii,182,uml2lqn,3518
NSGA,simplified-cocome__BRF_clone_1.23__moc_1.64__mcnn_1.80__moncnn_1.45__MaxEval_102__ProbPAs_0.95__sb_byTime_sbth_3600000__Algo_nsgaii,182,invoke_solver,277
NSGA,simplified-cocome__BRF_clone_1.23__moc_1.64__mcnn_1.80__moncnn_1.45__MaxEval_102__ProbPAs_0.95__sb_byTime_sbth_3600000__Algo_nsgaii,182,lqn2uml,2114
NSGA,simplified-cocome__BRF_clone_1.23__moc_1.64__mcnn_1.80__moncnn_1.45__MaxEval_102__ProbPAs_0.95__sb_byTime_sbth_3600000__Algo_nsgaii,182,counting_pas,182,8215
simplified-cocome,simplified-cocome__BRF_clone_1.23__moc_1.64__mcnn_1.80__moncnn_1.45__MaxEval_102__ProbPAs_0.95__sb_byTime_sbth_3600000__Algo_nsgaii,182,perfQ,1982
simplified-cocome,simplified-cocome__BRF_clone_1.23__moc_1.64__mcnn_1.80__moncnn_1.45__MaxEval_102__ProbPAs_0.95__sb_byTime_sbth_3600000__Algo_nsgaii,reliability,226
simplified-cocome,simplified-cocome__BRF_clone_1.23__moc_1.64__mcnn_1.80__moncnn_1.45__MaxEval_102__ProbPAs_0.95__sb_byTime_sbth_3600000__Algo_nsgaii,183,uml2lqn,3505
NSGA,simplified-cocome__BRF_clone_1.23__moc_1.64__mcnn_1.80__moncnn_1.45__MaxEval_102__ProbPAs_0.95__sb_byTime_sbth_3600000__Algo_nsgaii,183,invoke_solver,291
NSGA,simplified-cocome__BRF_clone_1.23__moc_1.64__mcnn_1.80__moncnn_1.45__MaxEval_102__ProbPAs_0.95__sb_byTime_sbth_3600000__Algo_nsgaii,183,lqn2uml,1779
NSGA,simplified-cocome__BRF_clone_1.23__moc_1.64__mcnn_1.80__moncnn_1.45__MaxEval_102__ProbPAs_0.95__sb_byTime_sbth_3600000__Algo_nsgaii,183,counting_pas,183,8258
simplified-cocome,simplified-cocome__BRF_clone_1.23__moc_1.64__mcnn_1.80__moncnn_1.45__MaxEval_102__ProbPAs_0.95__sb_byTime_sbth_3600000__Algo_nsgaii,183,perfQ,1716
simplified-cocome,simplified-cocome__BRF_clone_1.23__moc_1.64__mcnn_1.80__moncnn_1.45__MaxEval_102__ProbPAs_0.95__sb_byTime_sbth_3600000__Algo_nsgaii,reliability,195
simplified-cocome,simplified-cocome__BRF_clone_1.23__moc_1.64__mcnn_1.80__moncnn_1.45__MaxEval_102__ProbPAs_0.95__sb_byTime_sbth_3600000__Algo_nsgaii,186,uml2lqn,3219
NSGA,simplified-cocome__BRF_clone_1.23__moc_1.64__mcnn_1.80__moncnn_1.45__MaxEval_102__ProbPAs_0.95__sb_byTime_sbth_3600000__Algo_nsgaii,186,invoke_solver,337
NSGA,simplified-cocome__BRF_clone_1.23__moc_1.64__mcnn_1.80__moncnn_1.45__MaxEval_102__ProbPAs_0.95__sb_byTime_sbth_3600000__Algo_nsgaii,186,lqn2uml,1756
NSGA,simplified-cocome__BRF_clone_1.23__moc_1.64__mcnn_1.80__moncnn_1.45__MaxEval_102__ProbPAs_0.95__sb_byTime_sbth_3600000__Algo_nsgaii,186,counting_pas,186,7943
simplified-cocome,simplified-cocome__BRF_clone_1.23__moc_1.64__mcnn_1.80__moncnn_1.45__MaxEval_102__ProbPAs_0.95__sb_byTime_sbth_3600000__Algo_nsgaii,186,perfQ,1736
simplified-cocome,simplified-cocome__BRF_clone_1.23__moc_1.64__mcnn_1.80__moncnn_1.45__MaxEval_102__ProbPAs_0.95__sb_byTime_sbth_3600000__Algo_nsgaii,reliability,158
simplified-cocome,simplified-cocome__BRF_clone_1.23__moc_1.64__mcnn_1.80__moncnn_1.45__MaxEval_102__ProbPAs_0.95__sb_byTime_sbth_3600000__Algo_nsgaii,187,uml2lqn,3636
NSGA,simplified-cocome__BRF_clone_1.23__moc_1.64__mcnn_1.80__moncnn_1.45__MaxEval_102__ProbPAs_0.95__sb_byTime_sbth_3600000__Algo_nsgaii,187,invoke_solver,304
NSGA,simplified-cocome__BRF_clone_1.23__moc_1.64__mcnn_1.80__moncnn_1.45__MaxEval_102__ProbPAs_0.95__sb_byTime_sbth_3600000__Algo_nsgaii,187,lqn2uml,2521
NSGA,simplified-cocome__BRF_clone_1.23__moc_1.64__mcnn_1.80__moncnn_1.45__MaxEval_102__ProbPAs_0.95__sb_byTime_sbth_3600000__Algo_nsgaii,187,counting_pas,187,7596
simplified-cocome,simplified-cocome__BRF_clone_1.23__moc_1.64__mcnn_1.80__moncnn_1.45__MaxEval_102__ProbPAs_0.95__sb_byTime_sbth_3600000__Algo_nsgaii,187,perfQ,2215
simplified-cocome,simplified-cocome__BRF_clone_1.23__moc_1.64__mcnn_1.80__moncnn_1.45__MaxEval_102__ProbPAs_0.95__sb_byTime_sbth_3600000__Algo_nsgaii,reliability,242
simplified-cocome,simplified-cocome__BRF_clone_1.23__moc_1.64__mcnn_1.80__moncnn_1.45__MaxEval_102__ProbPAs_0.95__sb_byTime_sbth_3600000__Algo_nsgaii,190,uml2lqn,3621
NSGA,simplified-cocome__BRF_clone_1.23__moc_1.64__mcnn_1.80__moncnn_1.45__MaxEval_102__ProbPAs_0.95__sb_byTime_sbth_3600000__Algo_nsgaii,190,invoke_solver,250
NSGA,simplified-cocome__BRF_clone_1.23__moc_1.64__mcnn_1.80__moncnn_1.45__MaxEval_102__ProbPAs_0.95__sb_byTime_sbth_3600000__Algo_nsgaii,190,lqn2uml,2709
NSGA,simplified-cocome__BRF_clone_1.23__moc_1.64__mcnn_1.80__moncnn_1.45__MaxEval_102__ProbPAs_0.95__sb_byTime_sbth_3600000__Algo_nsgaii,190,counting_pas,190,8431
simplified-cocome,simplified-cocome__BRF_clone_1.23__moc_1.64__mcnn_1.80__moncnn_1.45__MaxEval_102__ProbPAs_0.95__sb_byTime_sbth_3600000__Algo_nsgaii,190,perfQ,1853
simplified-cocome,simplified-cocome__BRF_clone_1.23__moc_1.64__mcnn_1.80__moncnn_1.45__MaxEval_102__ProbPAs_0.95__sb_byTime_sbth_3600000__Algo_nsgaii,reliability,161
simplified-cocome,simplified-cocome__BRF_clone_1.23__moc_1.64__mcnn_1.80__moncnn_1.45__MaxEval_102__ProbPAs_0.95__sb_byTime_sbth_3600000__Algo_nsgaii,191,uml2lqn,3351
NSGA,simplified-cocome__BRF_clone_1.23__moc_1.64__mcnn_1.80__moncnn_1.45__MaxEval_102__ProbPAs_0.95__sb_byTime_sbth_3600000__Algo_nsgaii,191,invoke_solver,271
NSGA,simplified-cocome__BRF_clone_1.23__moc_1.64__mcnn_1.80__moncnn_1.45__MaxEval_102__ProbPAs_0.95__sb_byTime_sbth_3600000__Algo_nsgaii,191,lqn2uml,2441
NSGA,simplified-cocome__BRF_clone_1.23__moc_1.64__mcnn_1.80__moncnn_1.45__MaxEval_102__ProbPAs_0.95__sb_byTime_sbth_3600000__Algo_nsgaii,191,counting_pas,191,8367
simplified-cocome,simplified-cocome__BRF_clone_1.23__moc_1.64__mcnn_1.80__moncnn_1.45__MaxEval_102__ProbPAs_0.95__sb_byTime_sbth_3600000__Algo_nsgaii,191,perfQ,2315
simplified-cocome,simplified-cocome__BRF_clone_1.23__moc_1.64__mcnn_1.80__moncnn_1.45__MaxEval_102__ProbPAs_0.95__sb_byTime_sbth_3600000__Algo_nsgaii,reliability,220
simplified-cocome,simplified-cocome__BRF_clone_1.23__moc_1.64__mcnn_1.80__moncnn_1.45__MaxEval_102__ProbPAs_0.95__sb_byTime_sbth_3600000__Algo_nsgaii,194,uml2lqn,3909
NSGA,simplified-cocome__BRF_clone_1.23__moc_1.64__mcnn_1.80__moncnn_1.45__MaxEval_102__ProbPAs_0.95__sb_byTime_sbth_3600000__Algo_nsgaii,194,invoke_solver,312
NSGA,simplified-cocome__BRF_clone_1.23__moc_1.64__mcnn_1.80__moncnn_1.45__MaxEval_102__ProbPAs_0.95__sb_byTime_sbth_3600000__Algo_nsgaii,194,lqn2uml,2224
NSGA,simplified-cocome__BRF_clone_1.23__moc_1.64__mcnn_1.80__moncnn_1.45__MaxEval_102__ProbPAs_0.95__sb_byTime_sbth_3600000__Algo_nsgaii,194,counting_pas,194,9120
simplified-cocome,simplified-cocome__BRF_clone_1.23__moc_1.64__mcnn_1.80__moncnn_1.45__MaxEval_102__ProbPAs_0.95__sb_byTime_sbth_3600000__Algo_nsgaii,194,perfQ,1990
simplified-cocome,simplified-cocome__BRF_clone_1.23__moc_1.64__mcnn_1.80__moncnn_1.45__MaxEval_102__ProbPAs_0.95__sb_byTime_sbth_3600000__Algo_nsgaii,reliability,209
simplified-cocome,simplified-cocome__BRF_clone_1.23__moc_1.64__mcnn_1.80__moncnn_1.45__MaxEval_102__ProbPAs_0.95__sb_byTime_sbth_3600000__Algo_nsgaii,195,uml2lqn,3770
NSGA,simplified-cocome__BRF_clone_1.23__moc_1.64__mcnn_1.80__moncnn_1.45__MaxEval_102__ProbPAs_0.95__sb_byTime_sbth_3600000__Algo_nsgaii,195,invoke_solver,276
NSGA,simplified-cocome__BRF_clone_1.23__moc_1.64__mcnn_1.80__moncnn_1.45__MaxEval_102__ProbPAs_0.95__sb_byTime_sbth_3600000__Algo_nsgaii,195,lqn2uml,1958
NSGA,simplified-cocome__BRF_clone_1.23__moc_1.64__mcnn_1.80__moncnn_1.45__MaxEval_102__ProbPAs_0.95__sb_byTime_sbth_3600000__Algo_nsgaii,195,counting_pas,195,7794
simplified-cocome,simplified-cocome__BRF_clone_1.23__moc_1.64__mcnn_1.80__moncnn_1.45__MaxEval_102__ProbPAs_0.95__sb_byTime_sbth_3600000__Algo_nsgaii,195,perfQ,2821
simplified-cocome,simplified-cocome__BRF_clone_1.23__moc_1.64__mcnn_1.80__moncnn_1.45__MaxEval_102__ProbPAs_0.95__sb_byTime_sbth_3600000__Algo_nsgaii,reliability,180
simplified-cocome,simplified-cocome__BRF_clone_1.23__moc_1.64__mcnn_1.80__moncnn_1.45__MaxEval_102__ProbPAs_0.95__sb_byTime_sbth_3600000__Algo_nsgaii,198,uml2lqn,3942
NSGA,simplified-cocome__BRF_clone_1.23__moc_1.64__mcnn_1.80__moncnn_1.45__MaxEval_102__ProbPAs_0.95__sb_byTime_sbth_3600000__Algo_nsgaii,198,invoke_solver,266
NSGA,simplified-cocome__BRF_clone_1.23__moc_1.64__mcnn_1.80__moncnn_1.45__MaxEval_102__ProbPAs_0.95__sb_byTime_sbth_3600000__Algo_nsgaii,198,lqn2uml,2168
NSGA,simplified-cocome__BRF_clone_1.23__moc_1.64__mcnn_1.80__moncnn_1.45__MaxEval_102__ProbPAs_0.95__sb_byTime_sbth_3600000__Algo_nsgaii,198,counting_pas,198,8424
simplified-cocome,simplified-cocome__BRF_clone_1.23__moc_1.64__mcnn_1.80__moncnn_1.45__MaxEval_102__ProbPAs_0.95__sb_byTime_sbth_3600000__Algo_nsgaii,198,perfQ,2011
simplified-cocome,simplified-cocome__BRF_clone_1.23__moc_1.64__mcnn_1.80__moncnn_1.45__MaxEval_102__ProbPAs_0.95__sb_byTime_sbth_3600000__Algo_nsgaii,reliability,181
simplified-cocome,simplified-cocome__BRF_clone_1.23__moc_1.64__mcnn_1.80__moncnn_1.45__MaxEval_102__ProbPAs_0.95__sb_byTime_sbth_3600000__Algo_nsgaii,199,uml2lqn,4215
NSGA,simplified-cocome__BRF_clone_1.23__moc_1.64__mcnn_1.80__moncnn_1.45__MaxEval_102__ProbPAs_0.95__sb_byTime_sbth_3600000__Algo_nsgaii,199,invoke_solver,365
NSGA,simplified-cocome__BRF_clone_1.23__moc_1.64__mcnn_1.80__moncnn_1.45__MaxEval_102__ProbPAs_0.95__sb_byTime_sbth_3600000__Algo_nsgaii,199,lqn2uml,1654
NSGA,simplified-cocome__BRF_clone_1.23__moc_1.64__mcnn_1.80__moncnn_1.45__MaxEval_102__ProbPAs_0.95__sb_byTime_sbth_3600000__Algo_nsgaii,199,counting_pas,199,8999
simplified-cocome,simplified-cocome__BRF_clone_1.23__moc_1.64__mcnn_1.80__moncnn_1.45__MaxEval_102__ProbPAs_0.95__sb_byTime_sbth_3600000__Algo_nsgaii,199,perfQ,1477
simplified-cocome,simplified-cocome__BRF_clone_1.23__moc_1.64__mcnn_1.80__moncnn_1.45__MaxEval_102__ProbPAs_0.95__sb_byTime_sbth_3600000__Algo_nsgaii,reliability,203
simplified-cocome,simplified-cocome__BRF_clone_1.23__moc_1.64__mcnn_1.80__moncnn_1.45__MaxEval_102__ProbPAs_0.95__sb_byTime_sbth_3600000__Algo_nsgaii,202,uml2lqn,3976
NSGA,simplified-cocome__BRF_clone_1.23__moc_1.64__mcnn_1.80__moncnn_1.45__MaxEval_102__ProbPAs_0.95__sb_byTime_sbth_3600000__Algo_nsgaii,202,invoke_solver,393
NSGA,simplified-cocome__BRF_clone_1.23__moc_1.64__mcnn_1.80__moncnn_1.45__MaxEval_102__ProbPAs_0.95__sb_byTime_sbth_3600000__Algo_nsgaii,202,lqn2uml,1390
NSGA,simplified-cocome__BRF_clone_1.23__moc_1.64__mcnn_1.80__moncnn_1.45__MaxEval_102__ProbPAs_0.95__sb_byTime_sbth_3600000__Algo_nsgaii,202,counting_pas,202,8542
simplified-cocome,simplified-cocome__BRF_clone_1.23__moc_1.64__mcnn_1.80__moncnn_1.45__MaxEval_102__ProbPAs_0.95__sb_byTime_sbth_3600000__Algo_nsgaii,202,perfQ,1211
simplified-cocome,simplified-cocome__BRF_clone_1.23__moc_1.64__mcnn_1.80__moncnn_1.45__MaxEval_102__ProbPAs_0.95__sb_byTime_sbth_3600000__Algo_nsgaii,reliability,140
simplified-cocome,simplified-cocome__BRF_clone_1.23__moc_1.64__mcnn_1.80__moncnn_1.45__MaxEval_102__ProbPAs_0.95__sb_byTime_sbth_3600000__Algo_nsgaii,203,uml2lqn,4184
NSGA,simplified-cocome__BRF_clone_1.23__moc_1.64__mcnn_1.80__moncnn_1.45__MaxEval_102__ProbPAs_0.95__sb_byTime_sbth_3600000__Algo_nsgaii,203,invoke_solver,63
NSGA,simplified-cocome__BRF_clone_1.23__moc_1.64__mcnn_1.80__moncnn_1.45__MaxEval_102__ProbPAs_0.95__sb_byTime_sbth_3600000__Algo_nsgaii,203,lqn2uml,2424
NSGA,simplified-cocome__BRF_clone_1.23__moc_1.64__mcnn_1.80__moncnn_1.45__MaxEval_102__ProbPAs_0.95__sb_byTime_sbth_3600000__Algo_nsgaii,203,counting_pas,203,9169
simplified-cocome,simplified-cocome__BRF_clone_1.23__moc_1.64__mcnn_1.80__moncnn_1.45__MaxEval_102__ProbPAs_0.95__sb_byTime_sbth_3600000__Algo_nsgaii,203,perfQ,1521
simplified-cocome,simplified-cocome__BRF_clone_1.23__moc_1.64__mcnn_1.80__moncnn_1.45__MaxEval_102__ProbPAs_0.95__sb_byTime_sbth_3600000__Algo_nsgaii,reliability,231
simplified-cocome,simplified-cocome__BRF_clone_1.23__moc_1.64__mcnn_1.80__moncnn_1.45__MaxEval_102__ProbPAs_0.95__sb_byTime_sbth_3600000__Algo_nsgaii,206,uml2lqn,3337
NSGA,simplified-cocome__BRF_clone_1.23__moc_1.64__mcnn_1.80__moncnn_1.45__MaxEval_102__ProbPAs_0.95__sb_byTime_sbth_3600000__Algo_nsgaii,206,invoke_solver,335
NSGA,simplified-cocome__BRF_clone_1.23__moc_1.64__mcnn_1.80__moncnn_1.45__MaxEval_102__ProbPAs_0.95__sb_byTime_sbth_3600000__Algo_nsgaii,206,lqn2uml,2284
NSGA,simplified-cocome__BRF_clone_1.23__moc_1.64__mcnn_1.80__moncnn_1.45__MaxEval_102__ProbPAs_0.95__sb_byTime_sbth_3600000__Algo_nsgaii,206,counting_pas,206,7606
simplified-cocome,simplified-cocome__BRF_clone_1.23__moc_1.64__mcnn_1.80__moncnn_1.45__MaxEval_102__ProbPAs_0.95__sb_byTime_sbth_3600000__Algo_nsgaii,206,perfQ,1935
simplified-cocome,simplified-cocome__BRF_clone_1.23__moc_1.64__mcnn_1.80__moncnn_1.45__MaxEval_102__ProbPAs_0.95__sb_byTime_sbth_3600000__Algo_nsgaii,reliability,198
simplified-cocome,simplified-cocome__BRF_clone_1.23__moc_1.64__mcnn_1.80__moncnn_1.45__MaxEval_102__ProbPAs_0.95__sb_byTime_sbth_3600000__Algo_nsgaii,207,uml2lqn,2972
NSGA,simplified-cocome__BRF_clone_1.23__moc_1.64__mcnn_1.80__moncnn_1.45__MaxEval_102__ProbPAs_0.95__sb_byTime_sbth_3600000__Algo_nsgaii,207,invoke_solver,78
NSGA,simplified-cocome__BRF_clone_1.23__moc_1.64__mcnn_1.80__moncnn_1.45__MaxEval_102__ProbPAs_0.95__sb_byTime_sbth_3600000__Algo_nsgaii,207,lqn2uml,2105
NSGA,simplified-cocome__BRF_clone_1.23__moc_1.64__mcnn_1.80__moncnn_1.45__MaxEval_102__ProbPAs_0.95__sb_byTime_sbth_3600000__Algo_nsgaii,207,counting_pas,207,9161
simplified-cocome,simplified-cocome__BRF_clone_1.23__moc_1.64__mcnn_1.80__moncnn_1.45__MaxEval_102__ProbPAs_0.95__sb_byTime_sbth_3600000__Algo_nsgaii,207,perfQ,2547
simplified-cocome,simplified-cocome__BRF_clone_1.23__moc_1.64__mcnn_1.80__moncnn_1.45__MaxEval_102__ProbPAs_0.95__sb_byTime_sbth_3600000__Algo_nsgaii,reliability,232
simplified-cocome,simplified-cocome__BRF_clone_1.23__moc_1.64__mcnn_1.80__moncnn_1.45__MaxEval_102__ProbPAs_0.95__sb_byTime_sbth_3600000__Algo_nsgaii,210,uml2lqn,2980
NSGA,simplified-cocome__BRF_clone_1.23__moc_1.64__mcnn_1.80__moncnn_1.45__MaxEval_102__ProbPAs_0.95__sb_byTime_sbth_3600000__Algo_nsgaii,210,invoke_solver,56
NSGA,simplified-cocome__BRF_clone_1.23__moc_1.64__mcnn_1.80__moncnn_1.45__MaxEval_102__ProbPAs_0.95__sb_byTime_sbth_3600000__Algo_nsgaii,210,lqn2uml,2299
NSGA,simplified-cocome__BRF_clone_1.23__moc_1.64__mcnn_1.80__moncnn_1.45__MaxEval_102__ProbPAs_0.95__sb_byTime_sbth_3600000__Algo_nsgaii,210,counting_pas,210,10287
simplified-cocome,simplified-cocome__BRF_clone_1.23__moc_1.64__mcnn_1.80__moncnn_1.45__MaxEval_102__ProbPAs_0.95__sb_byTime_sbth_3600000__Algo_nsgaii,210,perfQ,2679
simplified-cocome,simplified-cocome__BRF_clone_1.23__moc_1.64__mcnn_1.80__moncnn_1.45__MaxEval_102__ProbPAs_0.95__sb_byTime_sbth_3600000__Algo_nsgaii,reliability,193
simplified-cocome,simplified-cocome__BRF_clone_1.23__moc_1.64__mcnn_1.80__moncnn_1.45__MaxEval_102__ProbPAs_0.95__sb_byTime_sbth_3600000__Algo_nsgaii,211,uml2lqn,4012
NSGA,simplified-cocome__BRF_clone_1.23__moc_1.64__mcnn_1.80__moncnn_1.45__MaxEval_102__ProbPAs_0.95__sb_byTime_sbth_3600000__Algo_nsgaii,211,invoke_solver,294
NSGA,simplified-cocome__BRF_clone_1.23__moc_1.64__mcnn_1.80__moncnn_1.45__MaxEval_102__ProbPAs_0.95__sb_byTime_sbth_3600000__Algo_nsgaii,211,lqn2uml,1659
NSGA,simplified-cocome__BRF_clone_1.23__moc_1.64__mcnn_1.80__moncnn_1.45__MaxEval_102__ProbPAs_0.95__sb_byTime_sbth_3600000__Algo_nsgaii,211,counting_pas,211,8969
simplified-cocome,simplified-cocome__BRF_clone_1.23__moc_1.64__mcnn_1.80__moncnn_1.45__MaxEval_102__ProbPAs_0.95__sb_byTime_sbth_3600000__Algo_nsgaii,211,perfQ,2191
simplified-cocome,simplified-cocome__BRF_clone_1.23__moc_1.64__mcnn_1.80__moncnn_1.45__MaxEval_102__ProbPAs_0.95__sb_byTime_sbth_3600000__Algo_nsgaii,reliability,237
simplified-cocome,simplified-cocome__BRF_clone_1.23__moc_1.64__mcnn_1.80__moncnn_1.45__MaxEval_102__ProbPAs_0.95__sb_byTime_sbth_3600000__Algo_nsgaii,212,uml2lqn,4494
NSGA,simplified-cocome__BRF_clone_1.23__moc_1.64__mcnn_1.80__moncnn_1.45__MaxEval_102__ProbPAs_0.95__sb_byTime_sbth_3600000__Algo_nsgaii,212,invoke_solver,421
NSGA,simplified-cocome__BRF_clone_1.23__moc_1.64__mcnn_1.80__moncnn_1.45__MaxEval_102__ProbPAs_0.95__sb_byTime_sbth_3600000__Algo_nsgaii,212,lqn2uml,3031
NSGA,simplified-cocome__BRF_clone_1.23__moc_1.64__mcnn_1.80__moncnn_1.45__MaxEval_102__ProbPAs_0.95__sb_byTime_sbth_3600000__Algo_nsgaii,212,counting_pas,212,8659
simplified-cocome,simplified-cocome__BRF_clone_1.23__moc_1.64__mcnn_1.80__moncnn_1.45__MaxEval_102__ProbPAs_0.95__sb_byTime_sbth_3600000__Algo_nsgaii,212,perfQ,1996
simplified-cocome,simplified-cocome__BRF_clone_1.23__moc_1.64__mcnn_1.80__moncnn_1.45__MaxEval_102__ProbPAs_0.95__sb_byTime_sbth_3600000__Algo_nsgaii,reliability,129
simplified-cocome,simplified-cocome__BRF_clone_1.23__moc_1.64__mcnn_1.80__moncnn_1.45__MaxEval_102__ProbPAs_0.95__sb_byTime_sbth_3600000__Algo_nsgaii,213,uml2lqn,3639
NSGA,simplified-cocome__BRF_clone_1.23__moc_1.64__mcnn_1.80__moncnn_1.45__MaxEval_102__ProbPAs_0.95__sb_byTime_sbth_3600000__Algo_nsgaii,213,invoke_solver,272
NSGA,simplified-cocome__BRF_clone_1.23__moc_1.64__mcnn_1.80__moncnn_1.45__MaxEval_102__ProbPAs_0.95__sb_byTime_sbth_3600000__Algo_nsgaii,213,lqn2uml,1504
NSGA,simplified-cocome__BRF_clone_1.23__moc_1.64__mcnn_1.80__moncnn_1.45__MaxEval_102__ProbPAs_0.95__sb_byTime_sbth_3600000__Algo_nsgaii,213,counting_pas,213,7863
simplified-cocome,simplified-cocome__BRF_clone_1.23__moc_1.64__mcnn_1.80__moncnn_1.45__MaxEval_102__ProbPAs_0.95__sb_byTime_sbth_3600000__Algo_nsgaii,213,perfQ,2776
simplified-cocome,simplified-cocome__BRF_clone_1.23__moc_1.64__mcnn_1.80__moncnn_1.45__MaxEval_102__ProbPAs_0.95__sb_byTime_sbth_3600000__Algo_nsgaii,reliability,243
simplified-cocome,simplified-cocome__BRF_clone_1.23__moc_1.64__mcnn_1.80__moncnn_1.45__MaxEval_102__ProbPAs_0.95__sb_byTime_sbth_3600000__Algo_nsgaii,216,uml2lqn,4040
NSGA,simplified-cocome__BRF_clone_1.23__moc_1.64__mcnn_1.80__moncnn_1.45__MaxEval_102__ProbPAs_0.95__sb_byTime_sbth_3600000__Algo_nsgaii,216,invoke_solver,281
NSGA,simplified-cocome__BRF_clone_1.23__moc_1.64__mcnn_1.80__moncnn_1.45__MaxEval_102__ProbPAs_0.95__sb_byTime_sbth_3600000__Algo_nsgaii,216,lqn2uml,2598
NSGA,simplified-cocome__BRF_clone_1.23__moc_1.64__mcnn_1.80__moncnn_1.45__MaxEval_102__ProbPAs_0.95__sb_byTime_sbth_3600000__Algo_nsgaii,216,counting_pas,216,7595
simplified-cocome,simplified-cocome__BRF_clone_1.23__moc_1.64__mcnn_1.80__moncnn_1.45__MaxEval_102__ProbPAs_0.95__sb_byTime_sbth_3600000__Algo_nsgaii,216,perfQ,1892
simplified-cocome,simplified-cocome__BRF_clone_1.23__moc_1.64__mcnn_1.80__moncnn_1.45__MaxEval_102__ProbPAs_0.95__sb_byTime_sbth_3600000__Algo_nsgaii,reliability,185
simplified-cocome,simplified-cocome__BRF_clone_1.23__moc_1.64__mcnn_1.80__moncnn_1.45__MaxEval_102__ProbPAs_0.95__sb_byTime_sbth_3600000__Algo_nsgaii,217,uml2lqn,4490
NSGA,simplified-cocome__BRF_clone_1.23__moc_1.64__mcnn_1.80__moncnn_1.45__MaxEval_102__ProbPAs_0.95__sb_byTime_sbth_3600000__Algo_nsgaii,217,invoke_solver,305
NSGA,simplified-cocome__BRF_clone_1.23__moc_1.64__mcnn_1.80__moncnn_1.45__MaxEval_102__ProbPAs_0.95__sb_byTime_sbth_3600000__Algo_nsgaii,217,lqn2uml,2485
NSGA,simplified-cocome__BRF_clone_1.23__moc_1.64__mcnn_1.80__moncnn_1.45__MaxEval_102__ProbPAs_0.95__sb_byTime_sbth_3600000__Algo_nsgaii,217,counting_pas,217,8977
simplified-cocome,simplified-cocome__BRF_clone_1.23__moc_1.64__mcnn_1.80__moncnn_1.45__MaxEval_102__ProbPAs_0.95__sb_byTime_sbth_3600000__Algo_nsgaii,217,perfQ,2324
simplified-cocome,simplified-cocome__BRF_clone_1.23__moc_1.64__mcnn_1.80__moncnn_1.45__MaxEval_102__ProbPAs_0.95__sb_byTime_sbth_3600000__Algo_nsgaii,reliability,187
simplified-cocome,simplified-cocome__BRF_clone_1.23__moc_1.64__mcnn_1.80__moncnn_1.45__MaxEval_102__ProbPAs_0.95__sb_byTime_sbth_3600000__Algo_nsgaii,220,uml2lqn,4339
NSGA,simplified-cocome__BRF_clone_1.23__moc_1.64__mcnn_1.80__moncnn_1.45__MaxEval_102__ProbPAs_0.95__sb_byTime_sbth_3600000__Algo_nsgaii,220,invoke_solver,112
NSGA,simplified-cocome__BRF_clone_1.23__moc_1.64__mcnn_1.80__moncnn_1.45__MaxEval_102__ProbPAs_0.95__sb_byTime_sbth_3600000__Algo_nsgaii,220,lqn2uml,2048
NSGA,simplified-cocome__BRF_clone_1.23__moc_1.64__mcnn_1.80__moncnn_1.45__MaxEval_102__ProbPAs_0.95__sb_byTime_sbth_3600000__Algo_nsgaii,220,counting_pas,220,8852
simplified-cocome,simplified-cocome__BRF_clone_1.23__moc_1.64__mcnn_1.80__moncnn_1.45__MaxEval_102__ProbPAs_0.95__sb_byTime_sbth_3600000__Algo_nsgaii,220,perfQ,2097
simplified-cocome,simplified-cocome__BRF_clone_1.23__moc_1.64__mcnn_1.80__moncnn_1.45__MaxEval_102__ProbPAs_0.95__sb_byTime_sbth_3600000__Algo_nsgaii,reliability,160
simplified-cocome,simplified-cocome__BRF_clone_1.23__moc_1.64__mcnn_1.80__moncnn_1.45__MaxEval_102__ProbPAs_0.95__sb_byTime_sbth_3600000__Algo_nsgaii,221,uml2lqn,4219
NSGA,simplified-cocome__BRF_clone_1.23__moc_1.64__mcnn_1.80__moncnn_1.45__MaxEval_102__ProbPAs_0.95__sb_byTime_sbth_3600000__Algo_nsgaii,221,invoke_solver,373
NSGA,simplified-cocome__BRF_clone_1.23__moc_1.64__mcnn_1.80__moncnn_1.45__MaxEval_102__ProbPAs_0.95__sb_byTime_sbth_3600000__Algo_nsgaii,221,lqn2uml,2192
NSGA,simplified-cocome__BRF_clone_1.23__moc_1.64__mcnn_1.80__moncnn_1.45__MaxEval_102__ProbPAs_0.95__sb_byTime_sbth_3600000__Algo_nsgaii,221,counting_pas,221,8859
simplified-cocome,simplified-cocome__BRF_clone_1.23__moc_1.64__mcnn_1.80__moncnn_1.45__MaxEval_102__ProbPAs_0.95__sb_byTime_sbth_3600000__Algo_nsgaii,221,perfQ,2415
simplified-cocome,simplified-cocome__BRF_clone_1.23__moc_1.64__mcnn_1.80__moncnn_1.45__MaxEval_102__ProbPAs_0.95__sb_byTime_sbth_3600000__Algo_nsgaii,reliability,158
simplified-cocome,simplified-cocome__BRF_clone_1.23__moc_1.64__mcnn_1.80__moncnn_1.45__MaxEval_102__ProbPAs_0.95__sb_byTime_sbth_3600000__Algo_nsgaii,224,uml2lqn,4927
NSGA,simplified-cocome__BRF_clone_1.23__moc_1.64__mcnn_1.80__moncnn_1.45__MaxEval_102__ProbPAs_0.95__sb_byTime_sbth_3600000__Algo_nsgaii,224,invoke_solver,368
NSGA,simplified-cocome__BRF_clone_1.23__moc_1.64__mcnn_1.80__moncnn_1.45__MaxEval_102__ProbPAs_0.95__sb_byTime_sbth_3600000__Algo_nsgaii,224,lqn2uml,2580
NSGA,simplified-cocome__BRF_clone_1.23__moc_1.64__mcnn_1.80__moncnn_1.45__MaxEval_102__ProbPAs_0.95__sb_byTime_sbth_3600000__Algo_nsgaii,224,counting_pas,224,8271
simplified-cocome,simplified-cocome__BRF_clone_1.23__moc_1.64__mcnn_1.80__moncnn_1.45__MaxEval_102__ProbPAs_0.95__sb_byTime_sbth_3600000__Algo_nsgaii,224,perfQ,2275
simplified-cocome,simplified-cocome__BRF_clone_1.23__moc_1.64__mcnn_1.80__moncnn_1.45__MaxEval_102__ProbPAs_0.95__sb_byTime_sbth_3600000__Algo_nsgaii,reliability,217
simplified-cocome,simplified-cocome__BRF_clone_1.23__moc_1.64__mcnn_1.80__moncnn_1.45__MaxEval_102__ProbPAs_0.95__sb_byTime_sbth_3600000__Algo_nsgaii,225,uml2lqn,4378
NSGA,simplified-cocome__BRF_clone_1.23__moc_1.64__mcnn_1.80__moncnn_1.45__MaxEval_102__ProbPAs_0.95__sb_byTime_sbth_3600000__Algo_nsgaii,225,invoke_solver,271
NSGA,simplified-cocome__BRF_clone_1.23__moc_1.64__mcnn_1.80__moncnn_1.45__MaxEval_102__ProbPAs_0.95__sb_byTime_sbth_3600000__Algo_nsgaii,225,lqn2uml,2210
NSGA,simplified-cocome__BRF_clone_1.23__moc_1.64__mcnn_1.80__moncnn_1.45__MaxEval_102__ProbPAs_0.95__sb_byTime_sbth_3600000__Algo_nsgaii,225,counting_pas,225,8953
simplified-cocome,simplified-cocome__BRF_clone_1.23__moc_1.64__mcnn_1.80__moncnn_1.45__MaxEval_102__ProbPAs_0.95__sb_byTime_sbth_3600000__Algo_nsgaii,225,perfQ,2571
simplified-cocome,simplified-cocome__BRF_clone_1.23__moc_1.64__mcnn_1.80__moncnn_1.45__MaxEval_102__ProbPAs_0.95__sb_byTime_sbth_3600000__Algo_nsgaii,reliability,144
simplified-cocome,simplified-cocome__BRF_clone_1.23__moc_1.64__mcnn_1.80__moncnn_1.45__MaxEval_102__ProbPAs_0.95__sb_byTime_sbth_3600000__Algo_nsgaii,228,uml2lqn,3551
NSGA,simplified-cocome__BRF_clone_1.23__moc_1.64__mcnn_1.80__moncnn_1.45__MaxEval_102__ProbPAs_0.95__sb_byTime_sbth_3600000__Algo_nsgaii,228,invoke_solver,238
NSGA,simplified-cocome__BRF_clone_1.23__moc_1.64__mcnn_1.80__moncnn_1.45__MaxEval_102__ProbPAs_0.95__sb_byTime_sbth_3600000__Algo_nsgaii,228,lqn2uml,1617
NSGA,simplified-cocome__BRF_clone_1.23__moc_1.64__mcnn_1.80__moncnn_1.45__MaxEval_102__ProbPAs_0.95__sb_byTime_sbth_3600000__Algo_nsgaii,228,counting_pas,228,9395
simplified-cocome,simplified-cocome__BRF_clone_1.23__moc_1.64__mcnn_1.80__moncnn_1.45__MaxEval_102__ProbPAs_0.95__sb_byTime_sbth_3600000__Algo_nsgaii,228,perfQ,2670
simplified-cocome,simplified-cocome__BRF_clone_1.23__moc_1.64__mcnn_1.80__moncnn_1.45__MaxEval_102__ProbPAs_0.95__sb_byTime_sbth_3600000__Algo_nsgaii,reliability,208
simplified-cocome,simplified-cocome__BRF_clone_1.23__moc_1.64__mcnn_1.80__moncnn_1.45__MaxEval_102__ProbPAs_0.95__sb_byTime_sbth_3600000__Algo_nsgaii,229,uml2lqn,3520
NSGA,simplified-cocome__BRF_clone_1.23__moc_1.64__mcnn_1.80__moncnn_1.45__MaxEval_102__ProbPAs_0.95__sb_byTime_sbth_3600000__Algo_nsgaii,229,invoke_solver,73
NSGA,simplified-cocome__BRF_clone_1.23__moc_1.64__mcnn_1.80__moncnn_1.45__MaxEval_102__ProbPAs_0.95__sb_byTime_sbth_3600000__Algo_nsgaii,229,lqn2uml,1765
NSGA,simplified-cocome__BRF_clone_1.23__moc_1.64__mcnn_1.80__moncnn_1.45__MaxEval_102__ProbPAs_0.95__sb_byTime_sbth_3600000__Algo_nsgaii,229,counting_pas,229,8765
simplified-cocome,simplified-cocome__BRF_clone_1.23__moc_1.64__mcnn_1.80__moncnn_1.45__MaxEval_102__ProbPAs_0.95__sb_byTime_sbth_3600000__Algo_nsgaii,229,perfQ,2432
simplified-cocome,simplified-cocome__BRF_clone_1.23__moc_1.64__mcnn_1.80__moncnn_1.45__MaxEval_102__ProbPAs_0.95__sb_byTime_sbth_3600000__Algo_nsgaii,reliability,193
simplified-cocome,simplified-cocome__BRF_clone_1.23__moc_1.64__mcnn_1.80__moncnn_1.45__MaxEval_102__ProbPAs_0.95__sb_byTime_sbth_3600000__Algo_nsgaii,232,uml2lqn,3805
NSGA,simplified-cocome__BRF_clone_1.23__moc_1.64__mcnn_1.80__moncnn_1.45__MaxEval_102__ProbPAs_0.95__sb_byTime_sbth_3600000__Algo_nsgaii,232,invoke_solver,263
NSGA,simplified-cocome__BRF_clone_1.23__moc_1.64__mcnn_1.80__moncnn_1.45__MaxEval_102__ProbPAs_0.95__sb_byTime_sbth_3600000__Algo_nsgaii,232,lqn2uml,1902
NSGA,simplified-cocome__BRF_clone_1.23__moc_1.64__mcnn_1.80__moncnn_1.45__MaxEval_102__ProbPAs_0.95__sb_byTime_sbth_3600000__Algo_nsgaii,232,counting_pas,232,9122
simplified-cocome,simplified-cocome__BRF_clone_1.23__moc_1.64__mcnn_1.80__moncnn_1.45__MaxEval_102__ProbPAs_0.95__sb_byTime_sbth_3600000__Algo_nsgaii,232,perfQ,2627
simplified-cocome,simplified-cocome__BRF_clone_1.23__moc_1.64__mcnn_1.80__moncnn_1.45__MaxEval_102__ProbPAs_0.95__sb_byTime_sbth_3600000__Algo_nsgaii,reliability,226
simplified-cocome,simplified-cocome__BRF_clone_1.23__moc_1.64__mcnn_1.80__moncnn_1.45__MaxEval_102__ProbPAs_0.95__sb_byTime_sbth_3600000__Algo_nsgaii,233,uml2lqn,3418
NSGA,simplified-cocome__BRF_clone_1.23__moc_1.64__mcnn_1.80__moncnn_1.45__MaxEval_102__ProbPAs_0.95__sb_byTime_sbth_3600000__Algo_nsgaii,233,invoke_solver,270
NSGA,simplified-cocome__BRF_clone_1.23__moc_1.64__mcnn_1.80__moncnn_1.45__MaxEval_102__ProbPAs_0.95__sb_byTime_sbth_3600000__Algo_nsgaii,233,lqn2uml,1665
NSGA,simplified-cocome__BRF_clone_1.23__moc_1.64__mcnn_1.80__moncnn_1.45__MaxEval_102__ProbPAs_0.95__sb_byTime_sbth_3600000__Algo_nsgaii,233,counting_pas,233,8043
simplified-cocome,simplified-cocome__BRF_clone_1.23__moc_1.64__mcnn_1.80__moncnn_1.45__MaxEval_102__ProbPAs_0.95__sb_byTime_sbth_3600000__Algo_nsgaii,233,perfQ,1581
simplified-cocome,simplified-cocome__BRF_clone_1.23__moc_1.64__mcnn_1.80__moncnn_1.45__MaxEval_102__ProbPAs_0.95__sb_byTime_sbth_3600000__Algo_nsgaii,reliability,180
simplified-cocome,simplified-cocome__BRF_clone_1.23__moc_1.64__mcnn_1.80__moncnn_1.45__MaxEval_102__ProbPAs_0.95__sb_byTime_sbth_3600000__Algo_nsgaii,236,uml2lqn,4123
NSGA,simplified-cocome__BRF_clone_1.23__moc_1.64__mcnn_1.80__moncnn_1.45__MaxEval_102__ProbPAs_0.95__sb_byTime_sbth_3600000__Algo_nsgaii,236,invoke_solver,286
NSGA,simplified-cocome__BRF_clone_1.23__moc_1.64__mcnn_1.80__moncnn_1.45__MaxEval_102__ProbPAs_0.95__sb_byTime_sbth_3600000__Algo_nsgaii,236,lqn2uml,1602
NSGA,simplified-cocome__BRF_clone_1.23__moc_1.64__mcnn_1.80__moncnn_1.45__MaxEval_102__ProbPAs_0.95__sb_byTime_sbth_3600000__Algo_nsgaii,236,counting_pas,236,8080
simplified-cocome,simplified-cocome__BRF_clone_1.23__moc_1.64__mcnn_1.80__moncnn_1.45__MaxEval_102__ProbPAs_0.95__sb_byTime_sbth_3600000__Algo_nsgaii,236,perfQ,1804
simplified-cocome,simplified-cocome__BRF_clone_1.23__moc_1.64__mcnn_1.80__moncnn_1.45__MaxEval_102__ProbPAs_0.95__sb_byTime_sbth_3600000__Algo_nsgaii,reliability,181
simplified-cocome,simplified-cocome__BRF_clone_1.23__moc_1.64__mcnn_1.80__moncnn_1.45__MaxEval_102__ProbPAs_0.95__sb_byTime_sbth_3600000__Algo_nsgaii,237,uml2lqn,3743
NSGA,simplified-cocome__BRF_clone_1.23__moc_1.64__mcnn_1.80__moncnn_1.45__MaxEval_102__ProbPAs_0.95__sb_byTime_sbth_3600000__Algo_nsgaii,237,invoke_solver,400
NSGA,simplified-cocome__BRF_clone_1.23__moc_1.64__mcnn_1.80__moncnn_1.45__MaxEval_102__ProbPAs_0.95__sb_byTime_sbth_3600000__Algo_nsgaii,237,lqn2uml,1996
NSGA,simplified-cocome__BRF_clone_1.23__moc_1.64__mcnn_1.80__moncnn_1.45__MaxEval_102__ProbPAs_0.95__sb_byTime_sbth_3600000__Algo_nsgaii,237,counting_pas,237,9407
simplified-cocome,simplified-cocome__BRF_clone_1.23__moc_1.64__mcnn_1.80__moncnn_1.45__MaxEval_102__ProbPAs_0.95__sb_byTime_sbth_3600000__Algo_nsgaii,237,perfQ,2176
simplified-cocome,simplified-cocome__BRF_clone_1.23__moc_1.64__mcnn_1.80__moncnn_1.45__MaxEval_102__ProbPAs_0.95__sb_byTime_sbth_3600000__Algo_nsgaii,reliability,189
simplified-cocome,simplified-cocome__BRF_clone_1.23__moc_1.64__mcnn_1.80__moncnn_1.45__MaxEval_102__ProbPAs_0.95__sb_byTime_sbth_3600000__Algo_nsgaii,240,uml2lqn,3707
NSGA,simplified-cocome__BRF_clone_1.23__moc_1.64__mcnn_1.80__moncnn_1.45__MaxEval_102__ProbPAs_0.95__sb_byTime_sbth_3600000__Algo_nsgaii,240,invoke_solver,268
NSGA,simplified-cocome__BRF_clone_1.23__moc_1.64__mcnn_1.80__moncnn_1.45__MaxEval_102__ProbPAs_0.95__sb_byTime_sbth_3600000__Algo_nsgaii,240,lqn2uml,3215
NSGA,simplified-cocome__BRF_clone_1.23__moc_1.64__mcnn_1.80__moncnn_1.45__MaxEval_102__ProbPAs_0.95__sb_byTime_sbth_3600000__Algo_nsgaii,240,counting_pas,240,7523
simplified-cocome,simplified-cocome__BRF_clone_1.23__moc_1.64__mcnn_1.80__moncnn_1.45__MaxEval_102__ProbPAs_0.95__sb_byTime_sbth_3600000__Algo_nsgaii,240,perfQ,1534
simplified-cocome,simplified-cocome__BRF_clone_1.23__moc_1.64__mcnn_1.80__moncnn_1.45__MaxEval_102__ProbPAs_0.95__sb_byTime_sbth_3600000__Algo_nsgaii,reliability,199
simplified-cocome,simplified-cocome__BRF_clone_1.23__moc_1.64__mcnn_1.80__moncnn_1.45__MaxEval_102__ProbPAs_0.95__sb_byTime_sbth_3600000__Algo_nsgaii,241,uml2lqn,3444
NSGA,simplified-cocome__BRF_clone_1.23__moc_1.64__mcnn_1.80__moncnn_1.45__MaxEval_102__ProbPAs_0.95__sb_byTime_sbth_3600000__Algo_nsgaii,241,invoke_solver,311
NSGA,simplified-cocome__BRF_clone_1.23__moc_1.64__mcnn_1.80__moncnn_1.45__MaxEval_102__ProbPAs_0.95__sb_byTime_sbth_3600000__Algo_nsgaii,241,lqn2uml,2272
NSGA,simplified-cocome__BRF_clone_1.23__moc_1.64__mcnn_1.80__moncnn_1.45__MaxEval_102__ProbPAs_0.95__sb_byTime_sbth_3600000__Algo_nsgaii,241,counting_pas,241,7649
simplified-cocome,simplified-cocome__BRF_clone_1.23__moc_1.64__mcnn_1.80__moncnn_1.45__MaxEval_102__ProbPAs_0.95__sb_byTime_sbth_3600000__Algo_nsgaii,241,perfQ,1690
simplified-cocome,simplified-cocome__BRF_clone_1.23__moc_1.64__mcnn_1.80__moncnn_1.45__MaxEval_102__ProbPAs_0.95__sb_byTime_sbth_3600000__Algo_nsgaii,reliability,123
simplified-cocome,simplified-cocome__BRF_clone_1.23__moc_1.64__mcnn_1.80__moncnn_1.45__MaxEval_102__ProbPAs_0.95__sb_byTime_sbth_3600000__Algo_nsgaii,244,uml2lqn,3283
NSGA,simplified-cocome__BRF_clone_1.23__moc_1.64__mcnn_1.80__moncnn_1.45__MaxEval_102__ProbPAs_0.95__sb_byTime_sbth_3600000__Algo_nsgaii,244,invoke_solver,272
NSGA,simplified-cocome__BRF_clone_1.23__moc_1.64__mcnn_1.80__moncnn_1.45__MaxEval_102__ProbPAs_0.95__sb_byTime_sbth_3600000__Algo_nsgaii,244,lqn2uml,2867
NSGA,simplified-cocome__BRF_clone_1.23__moc_1.64__mcnn_1.80__moncnn_1.45__MaxEval_102__ProbPAs_0.95__sb_byTime_sbth_3600000__Algo_nsgaii,244,counting_pas,244,8721
simplified-cocome,simplified-cocome__BRF_clone_1.23__moc_1.64__mcnn_1.80__moncnn_1.45__MaxEval_102__ProbPAs_0.95__sb_byTime_sbth_3600000__Algo_nsgaii,244,perfQ,2795
simplified-cocome,simplified-cocome__BRF_clone_1.23__moc_1.64__mcnn_1.80__moncnn_1.45__MaxEval_102__ProbPAs_0.95__sb_byTime_sbth_3600000__Algo_nsgaii,reliability,217
simplified-cocome,simplified-cocome__BRF_clone_1.23__moc_1.64__mcnn_1.80__moncnn_1.45__MaxEval_102__ProbPAs_0.95__sb_byTime_sbth_3600000__Algo_nsgaii,245,uml2lqn,2987
NSGA,simplified-cocome__BRF_clone_1.23__moc_1.64__mcnn_1.80__moncnn_1.45__MaxEval_102__ProbPAs_0.95__sb_byTime_sbth_3600000__Algo_nsgaii,245,invoke_solver,58
NSGA,simplified-cocome__BRF_clone_1.23__moc_1.64__mcnn_1.80__moncnn_1.45__MaxEval_102__ProbPAs_0.95__sb_byTime_sbth_3600000__Algo_nsgaii,245,lqn2uml,1851
NSGA,simplified-cocome__BRF_clone_1.23__moc_1.64__mcnn_1.80__moncnn_1.45__MaxEval_102__ProbPAs_0.95__sb_byTime_sbth_3600000__Algo_nsgaii,245,counting_pas,245,7602
simplified-cocome,simplified-cocome__BRF_clone_1.23__moc_1.64__mcnn_1.80__moncnn_1.45__MaxEval_102__ProbPAs_0.95__sb_byTime_sbth_3600000__Algo_nsgaii,245,perfQ,2370
simplified-cocome,simplified-cocome__BRF_clone_1.23__moc_1.64__mcnn_1.80__moncnn_1.45__MaxEval_102__ProbPAs_0.95__sb_byTime_sbth_3600000__Algo_nsgaii,reliability,171
simplified-cocome,simplified-cocome__BRF_clone_1.23__moc_1.64__mcnn_1.80__moncnn_1.45__MaxEval_102__ProbPAs_0.95__sb_byTime_sbth_3600000__Algo_nsgaii,248,uml2lqn,4218
NSGA,simplified-cocome__BRF_clone_1.23__moc_1.64__mcnn_1.80__moncnn_1.45__MaxEval_102__ProbPAs_0.95__sb_byTime_sbth_3600000__Algo_nsgaii,248,invoke_solver,275
NSGA,simplified-cocome__BRF_clone_1.23__moc_1.64__mcnn_1.80__moncnn_1.45__MaxEval_102__ProbPAs_0.95__sb_byTime_sbth_3600000__Algo_nsgaii,248,lqn2uml,1993
NSGA,simplified-cocome__BRF_clone_1.23__moc_1.64__mcnn_1.80__moncnn_1.45__MaxEval_102__ProbPAs_0.95__sb_byTime_sbth_3600000__Algo_nsgaii,248,counting_pas,248,7391
simplified-cocome,simplified-cocome__BRF_clone_1.23__moc_1.64__mcnn_1.80__moncnn_1.45__MaxEval_102__ProbPAs_0.95__sb_byTime_sbth_3600000__Algo_nsgaii,248,perfQ,3063
simplified-cocome,simplified-cocome__BRF_clone_1.23__moc_1.64__mcnn_1.80__moncnn_1.45__MaxEval_102__ProbPAs_0.95__sb_byTime_sbth_3600000__Algo_nsgaii,reliability,196
simplified-cocome,simplified-cocome__BRF_clone_1.23__moc_1.64__mcnn_1.80__moncnn_1.45__MaxEval_102__ProbPAs_0.95__sb_byTime_sbth_3600000__Algo_nsgaii,249,uml2lqn,4097
NSGA,simplified-cocome__BRF_clone_1.23__moc_1.64__mcnn_1.80__moncnn_1.45__MaxEval_102__ProbPAs_0.95__sb_byTime_sbth_3600000__Algo_nsgaii,249,invoke_solver,304
NSGA,simplified-cocome__BRF_clone_1.23__moc_1.64__mcnn_1.80__moncnn_1.45__MaxEval_102__ProbPAs_0.95__sb_byTime_sbth_3600000__Algo_nsgaii,249,lqn2uml,1926
NSGA,simplified-cocome__BRF_clone_1.23__moc_1.64__mcnn_1.80__moncnn_1.45__MaxEval_102__ProbPAs_0.95__sb_byTime_sbth_3600000__Algo_nsgaii,249,counting_pas,249,8349
simplified-cocome,simplified-cocome__BRF_clone_1.23__moc_1.64__mcnn_1.80__moncnn_1.45__MaxEval_102__ProbPAs_0.95__sb_byTime_sbth_3600000__Algo_nsgaii,249,perfQ,2711
simplified-cocome,simplified-cocome__BRF_clone_1.23__moc_1.64__mcnn_1.80__moncnn_1.45__MaxEval_102__ProbPAs_0.95__sb_byTime_sbth_3600000__Algo_nsgaii,reliability,173
simplified-cocome,simplified-cocome__BRF_clone_1.23__moc_1.64__mcnn_1.80__moncnn_1.45__MaxEval_102__ProbPAs_0.95__sb_byTime_sbth_3600000__Algo_nsgaii,252,uml2lqn,4008
NSGA,simplified-cocome__BRF_clone_1.23__moc_1.64__mcnn_1.80__moncnn_1.45__MaxEval_102__ProbPAs_0.95__sb_byTime_sbth_3600000__Algo_nsgaii,252,invoke_solver,368
NSGA,simplified-cocome__BRF_clone_1.23__moc_1.64__mcnn_1.80__moncnn_1.45__MaxEval_102__ProbPAs_0.95__sb_byTime_sbth_3600000__Algo_nsgaii,252,lqn2uml,1915
NSGA,simplified-cocome__BRF_clone_1.23__moc_1.64__mcnn_1.80__moncnn_1.45__MaxEval_102__ProbPAs_0.95__sb_byTime_sbth_3600000__Algo_nsgaii,252,counting_pas,252,8491
simplified-cocome,simplified-cocome__BRF_clone_1.23__moc_1.64__mcnn_1.80__moncnn_1.45__MaxEval_102__ProbPAs_0.95__sb_byTime_sbth_3600000__Algo_nsgaii,252,perfQ,1931
simplified-cocome,simplified-cocome__BRF_clone_1.23__moc_1.64__mcnn_1.80__moncnn_1.45__MaxEval_102__ProbPAs_0.95__sb_byTime_sbth_3600000__Algo_nsgaii,reliability,187
simplified-cocome,simplified-cocome__BRF_clone_1.23__moc_1.64__mcnn_1.80__moncnn_1.45__MaxEval_102__ProbPAs_0.95__sb_byTime_sbth_3600000__Algo_nsgaii,253,uml2lqn,4393
NSGA,simplified-cocome__BRF_clone_1.23__moc_1.64__mcnn_1.80__moncnn_1.45__MaxEval_102__ProbPAs_0.95__sb_byTime_sbth_3600000__Algo_nsgaii,253,invoke_solver,260
NSGA,simplified-cocome__BRF_clone_1.23__moc_1.64__mcnn_1.80__moncnn_1.45__MaxEval_102__ProbPAs_0.95__sb_byTime_sbth_3600000__Algo_nsgaii,253,lqn2uml,1908
NSGA,simplified-cocome__BRF_clone_1.23__moc_1.64__mcnn_1.80__moncnn_1.45__MaxEval_102__ProbPAs_0.95__sb_byTime_sbth_3600000__Algo_nsgaii,253,counting_pas,253,8621
simplified-cocome,simplified-cocome__BRF_clone_1.23__moc_1.64__mcnn_1.80__moncnn_1.45__MaxEval_102__ProbPAs_0.95__sb_byTime_sbth_3600000__Algo_nsgaii,253,perfQ,2339
simplified-cocome,simplified-cocome__BRF_clone_1.23__moc_1.64__mcnn_1.80__moncnn_1.45__MaxEval_102__ProbPAs_0.95__sb_byTime_sbth_3600000__Algo_nsgaii,reliability,224
simplified-cocome,simplified-cocome__BRF_clone_1.23__moc_1.64__mcnn_1.80__moncnn_1.45__MaxEval_102__ProbPAs_0.95__sb_byTime_sbth_3600000__Algo_nsgaii,256,uml2lqn,3694
NSGA,simplified-cocome__BRF_clone_1.23__moc_1.64__mcnn_1.80__moncnn_1.45__MaxEval_102__ProbPAs_0.95__sb_byTime_sbth_3600000__Algo_nsgaii,256,invoke_solver,116
NSGA,simplified-cocome__BRF_clone_1.23__moc_1.64__mcnn_1.80__moncnn_1.45__MaxEval_102__ProbPAs_0.95__sb_byTime_sbth_3600000__Algo_nsgaii,256,lqn2uml,1879
NSGA,simplified-cocome__BRF_clone_1.23__moc_1.64__mcnn_1.80__moncnn_1.45__MaxEval_102__ProbPAs_0.95__sb_byTime_sbth_3600000__Algo_nsgaii,256,counting_pas,256,8705
simplified-cocome,simplified-cocome__BRF_clone_1.23__moc_1.64__mcnn_1.80__moncnn_1.45__MaxEval_102__ProbPAs_0.95__sb_byTime_sbth_3600000__Algo_nsgaii,256,perfQ,2424
simplified-cocome,simplified-cocome__BRF_clone_1.23__moc_1.64__mcnn_1.80__moncnn_1.45__MaxEval_102__ProbPAs_0.95__sb_byTime_sbth_3600000__Algo_nsgaii,reliability,161
simplified-cocome,simplified-cocome__BRF_clone_1.23__moc_1.64__mcnn_1.80__moncnn_1.45__MaxEval_102__ProbPAs_0.95__sb_byTime_sbth_3600000__Algo_nsgaii,257,uml2lqn,3787
NSGA,simplified-cocome__BRF_clone_1.23__moc_1.64__mcnn_1.80__moncnn_1.45__MaxEval_102__ProbPAs_0.95__sb_byTime_sbth_3600000__Algo_nsgaii,257,invoke_solver,283
NSGA,simplified-cocome__BRF_clone_1.23__moc_1.64__mcnn_1.80__moncnn_1.45__MaxEval_102__ProbPAs_0.95__sb_byTime_sbth_3600000__Algo_nsgaii,257,lqn2uml,1660
NSGA,simplified-cocome__BRF_clone_1.23__moc_1.64__mcnn_1.80__moncnn_1.45__MaxEval_102__ProbPAs_0.95__sb_byTime_sbth_3600000__Algo_nsgaii,257,counting_pas,257,8089
simplified-cocome,simplified-cocome__BRF_clone_1.23__moc_1.64__mcnn_1.80__moncnn_1.45__MaxEval_102__ProbPAs_0.95__sb_byTime_sbth_3600000__Algo_nsgaii,257,perfQ,2119
simplified-cocome,simplified-cocome__BRF_clone_1.23__moc_1.64__mcnn_1.80__moncnn_1.45__MaxEval_102__ProbPAs_0.95__sb_byTime_sbth_3600000__Algo_nsgaii,reliability,162
simplified-cocome,simplified-cocome__BRF_clone_1.23__moc_1.64__mcnn_1.80__moncnn_1.45__MaxEval_102__ProbPAs_0.95__sb_byTime_sbth_3600000__Algo_nsgaii,258,uml2lqn,4106
NSGA,simplified-cocome__BRF_clone_1.23__moc_1.64__mcnn_1.80__moncnn_1.45__MaxEval_102__ProbPAs_0.95__sb_byTime_sbth_3600000__Algo_nsgaii,258,invoke_solver,52
NSGA,simplified-cocome__BRF_clone_1.23__moc_1.64__mcnn_1.80__moncnn_1.45__MaxEval_102__ProbPAs_0.95__sb_byTime_sbth_3600000__Algo_nsgaii,258,lqn2uml,2393
NSGA,simplified-cocome__BRF_clone_1.23__moc_1.64__mcnn_1.80__moncnn_1.45__MaxEval_102__ProbPAs_0.95__sb_byTime_sbth_3600000__Algo_nsgaii,258,counting_pas,258,9066
simplified-cocome,simplified-cocome__BRF_clone_1.23__moc_1.64__mcnn_1.80__moncnn_1.45__MaxEval_102__ProbPAs_0.95__sb_byTime_sbth_3600000__Algo_nsgaii,258,perfQ,2233
simplified-cocome,simplified-cocome__BRF_clone_1.23__moc_1.64__mcnn_1.80__moncnn_1.45__MaxEval_102__ProbPAs_0.95__sb_byTime_sbth_3600000__Algo_nsgaii,reliability,217
simplified-cocome,simplified-cocome__BRF_clone_1.23__moc_1.64__mcnn_1.80__moncnn_1.45__MaxEval_102__ProbPAs_0.95__sb_byTime_sbth_3600000__Algo_nsgaii,259,uml2lqn,4682
NSGA,simplified-cocome__BRF_clone_1.23__moc_1.64__mcnn_1.80__moncnn_1.45__MaxEval_102__ProbPAs_0.95__sb_byTime_sbth_3600000__Algo_nsgaii,259,invoke_solver,109
NSGA,simplified-cocome__BRF_clone_1.23__moc_1.64__mcnn_1.80__moncnn_1.45__MaxEval_102__ProbPAs_0.95__sb_byTime_sbth_3600000__Algo_nsgaii,259,lqn2uml,2569
NSGA,simplified-cocome__BRF_clone_1.23__moc_1.64__mcnn_1.80__moncnn_1.45__MaxEval_102__ProbPAs_0.95__sb_byTime_sbth_3600000__Algo_nsgaii,259,counting_pas,259,8816
simplified-cocome,simplified-cocome__BRF_clone_1.23__moc_1.64__mcnn_1.80__moncnn_1.45__MaxEval_102__ProbPAs_0.95__sb_byTime_sbth_3600000__Algo_nsgaii,259,perfQ,2996
simplified-cocome,simplified-cocome__BRF_clone_1.23__moc_1.64__mcnn_1.80__moncnn_1.45__MaxEval_102__ProbPAs_0.95__sb_byTime_sbth_3600000__Algo_nsgaii,reliability,203
simplified-cocome,simplified-cocome__BRF_clone_1.23__moc_1.64__mcnn_1.80__moncnn_1.45__MaxEval_102__ProbPAs_0.95__sb_byTime_sbth_3600000__Algo_nsgaii,262,uml2lqn,3457
NSGA,simplified-cocome__BRF_clone_1.23__moc_1.64__mcnn_1.80__moncnn_1.45__MaxEval_102__ProbPAs_0.95__sb_byTime_sbth_3600000__Algo_nsgaii,262,invoke_solver,256
NSGA,simplified-cocome__BRF_clone_1.23__moc_1.64__mcnn_1.80__moncnn_1.45__MaxEval_102__ProbPAs_0.95__sb_byTime_sbth_3600000__Algo_nsgaii,262,lqn2uml,2454
NSGA,simplified-cocome__BRF_clone_1.23__moc_1.64__mcnn_1.80__moncnn_1.45__MaxEval_102__ProbPAs_0.95__sb_byTime_sbth_3600000__Algo_nsgaii,262,counting_pas,262,8720
simplified-cocome,simplified-cocome__BRF_clone_1.23__moc_1.64__mcnn_1.80__moncnn_1.45__MaxEval_102__ProbPAs_0.95__sb_byTime_sbth_3600000__Algo_nsgaii,262,perfQ,3028
simplified-cocome,simplified-cocome__BRF_clone_1.23__moc_1.64__mcnn_1.80__moncnn_1.45__MaxEval_102__ProbPAs_0.95__sb_byTime_sbth_3600000__Algo_nsgaii,reliability,202
simplified-cocome,simplified-cocome__BRF_clone_1.23__moc_1.64__mcnn_1.80__moncnn_1.45__MaxEval_102__ProbPAs_0.95__sb_byTime_sbth_3600000__Algo_nsgaii,263,uml2lqn,4183
NSGA,simplified-cocome__BRF_clone_1.23__moc_1.64__mcnn_1.80__moncnn_1.45__MaxEval_102__ProbPAs_0.95__sb_byTime_sbth_3600000__Algo_nsgaii,263,invoke_solver,367
NSGA,simplified-cocome__BRF_clone_1.23__moc_1.64__mcnn_1.80__moncnn_1.45__MaxEval_102__ProbPAs_0.95__sb_byTime_sbth_3600000__Algo_nsgaii,263,lqn2uml,2484
NSGA,simplified-cocome__BRF_clone_1.23__moc_1.64__mcnn_1.80__moncnn_1.45__MaxEval_102__ProbPAs_0.95__sb_byTime_sbth_3600000__Algo_nsgaii,263,counting_pas,263,8726
simplified-cocome,simplified-cocome__BRF_clone_1.23__moc_1.64__mcnn_1.80__moncnn_1.45__MaxEval_102__ProbPAs_0.95__sb_byTime_sbth_3600000__Algo_nsgaii,263,perfQ,3228
simplified-cocome,simplified-cocome__BRF_clone_1.23__moc_1.64__mcnn_1.80__moncnn_1.45__MaxEval_102__ProbPAs_0.95__sb_byTime_sbth_3600000__Algo_nsgaii,reliability,213
simplified-cocome,simplified-cocome__BRF_clone_1.23__moc_1.64__mcnn_1.80__moncnn_1.45__MaxEval_102__ProbPAs_0.95__sb_byTime_sbth_3600000__Algo_nsgaii,266,uml2lqn,4042
NSGA,simplified-cocome__BRF_clone_1.23__moc_1.64__mcnn_1.80__moncnn_1.45__MaxEval_102__ProbPAs_0.95__sb_byTime_sbth_3600000__Algo_nsgaii,266,invoke_solver,264
NSGA,simplified-cocome__BRF_clone_1.23__moc_1.64__mcnn_1.80__moncnn_1.45__MaxEval_102__ProbPAs_0.95__sb_byTime_sbth_3600000__Algo_nsgaii,266,lqn2uml,2639
NSGA,simplified-cocome__BRF_clone_1.23__moc_1.64__mcnn_1.80__moncnn_1.45__MaxEval_102__ProbPAs_0.95__sb_byTime_sbth_3600000__Algo_nsgaii,266,counting_pas,266,8899
simplified-cocome,simplified-cocome__BRF_clone_1.23__moc_1.64__mcnn_1.80__moncnn_1.45__MaxEval_102__ProbPAs_0.95__sb_byTime_sbth_3600000__Algo_nsgaii,266,perfQ,2813
simplified-cocome,simplified-cocome__BRF_clone_1.23__moc_1.64__mcnn_1.80__moncnn_1.45__MaxEval_102__ProbPAs_0.95__sb_byTime_sbth_3600000__Algo_nsgaii,reliability,166
simplified-cocome,simplified-cocome__BRF_clone_1.23__moc_1.64__mcnn_1.80__moncnn_1.45__MaxEval_102__ProbPAs_0.95__sb_byTime_sbth_3600000__Algo_nsgaii,267,uml2lqn,2968
NSGA,simplified-cocome__BRF_clone_1.23__moc_1.64__mcnn_1.80__moncnn_1.45__MaxEval_102__ProbPAs_0.95__sb_byTime_sbth_3600000__Algo_nsgaii,267,invoke_solver,285
NSGA,simplified-cocome__BRF_clone_1.23__moc_1.64__mcnn_1.80__moncnn_1.45__MaxEval_102__ProbPAs_0.95__sb_byTime_sbth_3600000__Algo_nsgaii,267,lqn2uml,2149
NSGA,simplified-cocome__BRF_clone_1.23__moc_1.64__mcnn_1.80__moncnn_1.45__MaxEval_102__ProbPAs_0.95__sb_byTime_sbth_3600000__Algo_nsgaii,267,counting_pas,267,7864
simplified-cocome,simplified-cocome__BRF_clone_1.23__moc_1.64__mcnn_1.80__moncnn_1.45__MaxEval_102__ProbPAs_0.95__sb_byTime_sbth_3600000__Algo_nsgaii,267,perfQ,1838
simplified-cocome,simplified-cocome__BRF_clone_1.23__moc_1.64__mcnn_1.80__moncnn_1.45__MaxEval_102__ProbPAs_0.95__sb_byTime_sbth_3600000__Algo_nsgaii,reliability,211
simplified-cocome,simplified-cocome__BRF_clone_1.23__moc_1.64__mcnn_1.80__moncnn_1.45__MaxEval_102__ProbPAs_0.95__sb_byTime_sbth_3600000__Algo_nsgaii,270,uml2lqn,3889
NSGA,simplified-cocome__BRF_clone_1.23__moc_1.64__mcnn_1.80__moncnn_1.45__MaxEval_102__ProbPAs_0.95__sb_byTime_sbth_3600000__Algo_nsgaii,270,invoke_solver,341
NSGA,simplified-cocome__BRF_clone_1.23__moc_1.64__mcnn_1.80__moncnn_1.45__MaxEval_102__ProbPAs_0.95__sb_byTime_sbth_3600000__Algo_nsgaii,270,lqn2uml,2814
NSGA,simplified-cocome__BRF_clone_1.23__moc_1.64__mcnn_1.80__moncnn_1.45__MaxEval_102__ProbPAs_0.95__sb_byTime_sbth_3600000__Algo_nsgaii,270,counting_pas,270,8967
simplified-cocome,simplified-cocome__BRF_clone_1.23__moc_1.64__mcnn_1.80__moncnn_1.45__MaxEval_102__ProbPAs_0.95__sb_byTime_sbth_3600000__Algo_nsgaii,270,perfQ,2128
simplified-cocome,simplified-cocome__BRF_clone_1.23__moc_1.64__mcnn_1.80__moncnn_1.45__MaxEval_102__ProbPAs_0.95__sb_byTime_sbth_3600000__Algo_nsgaii,reliability,226
simplified-cocome,simplified-cocome__BRF_clone_1.23__moc_1.64__mcnn_1.80__moncnn_1.45__MaxEval_102__ProbPAs_0.95__sb_byTime_sbth_3600000__Algo_nsgaii,271,uml2lqn,4251
NSGA,simplified-cocome__BRF_clone_1.23__moc_1.64__mcnn_1.80__moncnn_1.45__MaxEval_102__ProbPAs_0.95__sb_byTime_sbth_3600000__Algo_nsgaii,271,invoke_solver,271
NSGA,simplified-cocome__BRF_clone_1.23__moc_1.64__mcnn_1.80__moncnn_1.45__MaxEval_102__ProbPAs_0.95__sb_byTime_sbth_3600000__Algo_nsgaii,271,lqn2uml,2215
NSGA,simplified-cocome__BRF_clone_1.23__moc_1.64__mcnn_1.80__moncnn_1.45__MaxEval_102__ProbPAs_0.95__sb_byTime_sbth_3600000__Algo_nsgaii,271,counting_pas,271,9092
simplified-cocome,simplified-cocome__BRF_clone_1.23__moc_1.64__mcnn_1.80__moncnn_1.45__MaxEval_102__ProbPAs_0.95__sb_byTime_sbth_3600000__Algo_nsgaii,271,perfQ,2959
simplified-cocome,simplified-cocome__BRF_clone_1.23__moc_1.64__mcnn_1.80__moncnn_1.45__MaxEval_102__ProbPAs_0.95__sb_byTime_sbth_3600000__Algo_nsgaii,reliability,203
simplified-cocome,simplified-cocome__BRF_clone_1.23__moc_1.64__mcnn_1.80__moncnn_1.45__MaxEval_102__ProbPAs_0.95__sb_byTime_sbth_3600000__Algo_nsgaii,274,uml2lqn,4267
NSGA,simplified-cocome__BRF_clone_1.23__moc_1.64__mcnn_1.80__moncnn_1.45__MaxEval_102__ProbPAs_0.95__sb_byTime_sbth_3600000__Algo_nsgaii,274,invoke_solver,337
NSGA,simplified-cocome__BRF_clone_1.23__moc_1.64__mcnn_1.80__moncnn_1.45__MaxEval_102__ProbPAs_0.95__sb_byTime_sbth_3600000__Algo_nsgaii,274,lqn2uml,2979
NSGA,simplified-cocome__BRF_clone_1.23__moc_1.64__mcnn_1.80__moncnn_1.45__MaxEval_102__ProbPAs_0.95__sb_byTime_sbth_3600000__Algo_nsgaii,274,counting_pas,274,8566
simplified-cocome,simplified-cocome__BRF_clone_1.23__moc_1.64__mcnn_1.80__moncnn_1.45__MaxEval_102__ProbPAs_0.95__sb_byTime_sbth_3600000__Algo_nsgaii,274,perfQ,2762
simplified-cocome,simplified-cocome__BRF_clone_1.23__moc_1.64__mcnn_1.80__moncnn_1.45__MaxEval_102__ProbPAs_0.95__sb_byTime_sbth_3600000__Algo_nsgaii,reliability,213
simplified-cocome,simplified-cocome__BRF_clone_1.23__moc_1.64__mcnn_1.80__moncnn_1.45__MaxEval_102__ProbPAs_0.95__sb_byTime_sbth_3600000__Algo_nsgaii,275,uml2lqn,3790
NSGA,simplified-cocome__BRF_clone_1.23__moc_1.64__mcnn_1.80__moncnn_1.45__MaxEval_102__ProbPAs_0.95__sb_byTime_sbth_3600000__Algo_nsgaii,275,invoke_solver,287
NSGA,simplified-cocome__BRF_clone_1.23__moc_1.64__mcnn_1.80__moncnn_1.45__MaxEval_102__ProbPAs_0.95__sb_byTime_sbth_3600000__Algo_nsgaii,275,lqn2uml,2822
NSGA,simplified-cocome__BRF_clone_1.23__moc_1.64__mcnn_1.80__moncnn_1.45__MaxEval_102__ProbPAs_0.95__sb_byTime_sbth_3600000__Algo_nsgaii,275,counting_pas,275,8493
simplified-cocome,simplified-cocome__BRF_clone_1.23__moc_1.64__mcnn_1.80__moncnn_1.45__MaxEval_102__ProbPAs_0.95__sb_byTime_sbth_3600000__Algo_nsgaii,275,perfQ,3093
simplified-cocome,simplified-cocome__BRF_clone_1.23__moc_1.64__mcnn_1.80__moncnn_1.45__MaxEval_102__ProbPAs_0.95__sb_byTime_sbth_3600000__Algo_nsgaii,reliability,205
simplified-cocome,simplified-cocome__BRF_clone_1.23__moc_1.64__mcnn_1.80__moncnn_1.45__MaxEval_102__ProbPAs_0.95__sb_byTime_sbth_3600000__Algo_nsgaii,276,uml2lqn,4470
NSGA,simplified-cocome__BRF_clone_1.23__moc_1.64__mcnn_1.80__moncnn_1.45__MaxEval_102__ProbPAs_0.95__sb_byTime_sbth_3600000__Algo_nsgaii,276,invoke_solver,305
NSGA,simplified-cocome__BRF_clone_1.23__moc_1.64__mcnn_1.80__moncnn_1.45__MaxEval_102__ProbPAs_0.95__sb_byTime_sbth_3600000__Algo_nsgaii,276,lqn2uml,2705
NSGA,simplified-cocome__BRF_clone_1.23__moc_1.64__mcnn_1.80__moncnn_1.45__MaxEval_102__ProbPAs_0.95__sb_byTime_sbth_3600000__Algo_nsgaii,276,counting_pas,276,8135
simplified-cocome,simplified-cocome__BRF_clone_1.23__moc_1.64__mcnn_1.80__moncnn_1.45__MaxEval_102__ProbPAs_0.95__sb_byTime_sbth_3600000__Algo_nsgaii,276,perfQ,3368
simplified-cocome,simplified-cocome__BRF_clone_1.23__moc_1.64__mcnn_1.80__moncnn_1.45__MaxEval_102__ProbPAs_0.95__sb_byTime_sbth_3600000__Algo_nsgaii,reliability,164
simplified-cocome,simplified-cocome__BRF_clone_1.23__moc_1.64__mcnn_1.80__moncnn_1.45__MaxEval_102__ProbPAs_0.95__sb_byTime_sbth_3600000__Algo_nsgaii,277,uml2lqn,4387
NSGA,simplified-cocome__BRF_clone_1.23__moc_1.64__mcnn_1.80__moncnn_1.45__MaxEval_102__ProbPAs_0.95__sb_byTime_sbth_3600000__Algo_nsgaii,277,invoke_solver,313
NSGA,simplified-cocome__BRF_clone_1.23__moc_1.64__mcnn_1.80__moncnn_1.45__MaxEval_102__ProbPAs_0.95__sb_byTime_sbth_3600000__Algo_nsgaii,277,lqn2uml,2771
NSGA,simplified-cocome__BRF_clone_1.23__moc_1.64__mcnn_1.80__moncnn_1.45__MaxEval_102__ProbPAs_0.95__sb_byTime_sbth_3600000__Algo_nsgaii,277,counting_pas,277,8701
simplified-cocome,simplified-cocome__BRF_clone_1.23__moc_1.64__mcnn_1.80__moncnn_1.45__MaxEval_102__ProbPAs_0.95__sb_byTime_sbth_3600000__Algo_nsgaii,277,perfQ,2550
simplified-cocome,simplified-cocome__BRF_clone_1.23__moc_1.64__mcnn_1.80__moncnn_1.45__MaxEval_102__ProbPAs_0.95__sb_byTime_sbth_3600000__Algo_nsgaii,reliability,167
simplified-cocome,simplified-cocome__BRF_clone_1.23__moc_1.64__mcnn_1.80__moncnn_1.45__MaxEval_102__ProbPAs_0.95__sb_byTime_sbth_3600000__Algo_nsgaii,280,uml2lqn,4182
NSGA,simplified-cocome__BRF_clone_1.23__moc_1.64__mcnn_1.80__moncnn_1.45__MaxEval_102__ProbPAs_0.95__sb_byTime_sbth_3600000__Algo_nsgaii,280,invoke_solver,272
NSGA,simplified-cocome__BRF_clone_1.23__moc_1.64__mcnn_1.80__moncnn_1.45__MaxEval_102__ProbPAs_0.95__sb_byTime_sbth_3600000__Algo_nsgaii,280,lqn2uml,2921
NSGA,simplified-cocome__BRF_clone_1.23__moc_1.64__mcnn_1.80__moncnn_1.45__MaxEval_102__ProbPAs_0.95__sb_byTime_sbth_3600000__Algo_nsgaii,280,counting_pas,280,7953
simplified-cocome,simplified-cocome__BRF_clone_1.23__moc_1.64__mcnn_1.80__moncnn_1.45__MaxEval_102__ProbPAs_0.95__sb_byTime_sbth_3600000__Algo_nsgaii,280,perfQ,1607
simplified-cocome,simplified-cocome__BRF_clone_1.23__moc_1.64__mcnn_1.80__moncnn_1.45__MaxEval_102__ProbPAs_0.95__sb_byTime_sbth_3600000__Algo_nsgaii,reliability,204
simplified-cocome,simplified-cocome__BRF_clone_1.23__moc_1.64__mcnn_1.80__moncnn_1.45__MaxEval_102__ProbPAs_0.95__sb_byTime_sbth_3600000__Algo_nsgaii,281,uml2lqn,3306
NSGA,simplified-cocome__BRF_clone_1.23__moc_1.64__mcnn_1.80__moncnn_1.45__MaxEval_102__ProbPAs_0.95__sb_byTime_sbth_3600000__Algo_nsgaii,281,invoke_solver,251
NSGA,simplified-cocome__BRF_clone_1.23__moc_1.64__mcnn_1.80__moncnn_1.45__MaxEval_102__ProbPAs_0.95__sb_byTime_sbth_3600000__Algo_nsgaii,281,lqn2uml,2419
NSGA,simplified-cocome__BRF_clone_1.23__moc_1.64__mcnn_1.80__moncnn_1.45__MaxEval_102__ProbPAs_0.95__sb_byTime_sbth_3600000__Algo_nsgaii,281,counting_pas,281,8677
simplified-cocome,simplified-cocome__BRF_clone_1.23__moc_1.64__mcnn_1.80__moncnn_1.45__MaxEval_102__ProbPAs_0.95__sb_byTime_sbth_3600000__Algo_nsgaii,281,perfQ,998
simplified-cocome,simplified-cocome__BRF_clone_1.23__moc_1.64__mcnn_1.80__moncnn_1.45__MaxEval_102__ProbPAs_0.95__sb_byTime_sbth_3600000__Algo_nsgaii,reliability,229
simplified-cocome,simplified-cocome__BRF_clone_1.23__moc_1.64__mcnn_1.80__moncnn_1.45__MaxEval_102__ProbPAs_0.95__sb_byTime_sbth_3600000__Algo_nsgaii,284,uml2lqn,3807
NSGA,simplified-cocome__BRF_clone_1.23__moc_1.64__mcnn_1.80__moncnn_1.45__MaxEval_102__ProbPAs_0.95__sb_byTime_sbth_3600000__Algo_nsgaii,284,invoke_solver,280
NSGA,simplified-cocome__BRF_clone_1.23__moc_1.64__mcnn_1.80__moncnn_1.45__MaxEval_102__ProbPAs_0.95__sb_byTime_sbth_3600000__Algo_nsgaii,284,lqn2uml,2334
NSGA,simplified-cocome__BRF_clone_1.23__moc_1.64__mcnn_1.80__moncnn_1.45__MaxEval_102__ProbPAs_0.95__sb_byTime_sbth_3600000__Algo_nsgaii,284,counting_pas,284,8356
simplified-cocome,simplified-cocome__BRF_clone_1.23__moc_1.64__mcnn_1.80__moncnn_1.45__MaxEval_102__ProbPAs_0.95__sb_byTime_sbth_3600000__Algo_nsgaii,284,perfQ,2108
simplified-cocome,simplified-cocome__BRF_clone_1.23__moc_1.64__mcnn_1.80__moncnn_1.45__MaxEval_102__ProbPAs_0.95__sb_byTime_sbth_3600000__Algo_nsgaii,reliability,195
simplified-cocome,simplified-cocome__BRF_clone_1.23__moc_1.64__mcnn_1.80__moncnn_1.45__MaxEval_102__ProbPAs_0.95__sb_byTime_sbth_3600000__Algo_nsgaii,285,uml2lqn,2904
NSGA,simplified-cocome__BRF_clone_1.23__moc_1.64__mcnn_1.80__moncnn_1.45__MaxEval_102__ProbPAs_0.95__sb_byTime_sbth_3600000__Algo_nsgaii,285,invoke_solver,302
NSGA,simplified-cocome__BRF_clone_1.23__moc_1.64__mcnn_1.80__moncnn_1.45__MaxEval_102__ProbPAs_0.95__sb_byTime_sbth_3600000__Algo_nsgaii,285,lqn2uml,1675
NSGA,simplified-cocome__BRF_clone_1.23__moc_1.64__mcnn_1.80__moncnn_1.45__MaxEval_102__ProbPAs_0.95__sb_byTime_sbth_3600000__Algo_nsgaii,285,counting_pas,285,8127
simplified-cocome,simplified-cocome__BRF_clone_1.23__moc_1.64__mcnn_1.80__moncnn_1.45__MaxEval_102__ProbPAs_0.95__sb_byTime_sbth_3600000__Algo_nsgaii,285,perfQ,2176
simplified-cocome,simplified-cocome__BRF_clone_1.23__moc_1.64__mcnn_1.80__moncnn_1.45__MaxEval_102__ProbPAs_0.95__sb_byTime_sbth_3600000__Algo_nsgaii,reliability,193
